# Blender 3.6.2
# www.blender.org
mtllib body_3.mtl
o polySurface83_1008.003
v 17.441008 0.152598 21.962770
v 17.441008 0.109958 22.083658
v 17.698885 0.078218 22.070017
v 17.696665 0.121131 21.949244
v 17.441008 0.178908 21.837234
v 17.690100 0.148248 21.824055
v 17.935205 0.030941 21.910479
v 17.922499 0.060378 21.786287
v 17.939486 -0.012752 22.030916
v 18.145540 -0.158699 21.968182
v 18.139482 -0.113751 21.848286
v 18.121538 -0.080596 21.725691
v 18.296980 -0.301430 21.767612
v 18.274977 -0.263452 21.647093
v 18.304396 -0.348005 21.886808
v 18.403414 -0.569050 21.791796
v 18.395147 -0.520575 21.673414
v 18.370623 -0.476965 21.555313
v 18.429399 -0.755458 21.572453
v 18.403994 -0.705810 21.456951
v 18.437963 -0.805967 21.689960
v 18.403414 -1.042882 21.588123
v 18.395147 -0.990338 21.471493
v 18.370623 -0.934652 21.358582
v 18.296980 -1.209486 21.377295
v 18.274977 -1.148167 21.266806
v 18.304396 -1.263930 21.493107
v 18.145540 -1.453233 21.411739
v 18.139482 -1.397164 21.296621
v 18.121538 -1.331020 21.188208
v 17.935205 -1.541857 21.234428
v 17.922499 -1.471995 21.127611
v 17.939486 -1.599180 21.349005
v 17.698885 -1.690150 21.309902
v 17.696665 -1.632044 21.195662
v 17.690100 -1.559865 21.089838
v 17.441008 -1.663514 21.182135
v 17.441008 -1.590525 21.076664
v 17.441008 -1.721890 21.296261
v 17.441008 0.188292 21.709167
v 17.679247 0.158967 21.696562
v 17.441008 0.180737 21.580774
v 17.664331 0.153249 21.568958
v 17.901525 0.074925 21.660439
v 17.872705 0.074467 21.535095
v 18.091887 -0.059907 21.602486
v 18.051149 -0.051928 21.480762
v 18.238646 -0.234796 21.527306
v 18.188726 -0.215870 21.410294
v 18.330126 -0.439007 21.439528
v 18.274473 -0.407301 21.328012
v 18.362040 -0.657882 21.345448
v 18.304396 -0.612478 21.239819
v 18.330126 -0.876756 21.251368
v 18.274473 -0.817652 21.151627
v 18.238646 -1.080967 21.163589
v 18.188726 -1.009085 21.069342
v 18.091887 -1.255858 21.088413
v 18.051149 -1.173028 20.998869
v 17.901525 -1.390687 21.030457
v 17.872705 -1.299422 20.944542
v 17.679247 -1.474730 20.994335
v 17.664331 -1.378202 20.910673
v 17.441008 -1.504055 20.981728
v 17.441008 -1.405690 20.898863
v 17.441008 0.156228 21.454258
v 17.645586 0.131048 21.443428
v 17.441008 0.115325 21.331755
v 17.623358 0.092882 21.322107
v 17.836462 0.058878 21.412409
v 17.793486 0.028556 21.294456
v 17.999929 -0.056904 21.362642
v 17.939188 -0.074644 21.250099
v 18.125956 -0.207086 21.298090
v 18.051516 -0.208503 21.192558
v 18.204504 -0.382445 21.222710
v 18.121538 -0.364808 21.125372
v 18.231916 -0.570397 21.141922
v 18.145964 -0.532331 21.053364
v 18.204504 -0.758349 21.061132
v 18.121538 -0.699857 20.981356
v 18.125956 -0.933710 20.985756
v 18.051516 -0.856159 20.914169
v 17.999929 -1.083892 20.921200
v 17.939188 -0.990018 20.856628
v 17.836462 -1.199674 20.871433
v 17.793486 -1.093218 20.812271
v 17.645586 -1.271841 20.840414
v 17.623358 -1.157545 20.784622
v 17.441008 -1.297024 20.829588
v 17.441008 -1.179988 20.774975
v 17.441008 0.058593 21.215405
v 17.597986 0.039270 21.207100
v 17.441008 -0.012872 21.107143
v 17.569948 -0.028741 21.100321
v 17.744452 -0.016107 21.183298
v 17.690248 -0.074227 21.080769
v 17.869886 -0.104950 21.145107
v 17.793276 -0.147199 21.049402
v 17.966589 -0.220188 21.095577
v 17.872705 -0.241853 21.008720
v 18.026861 -0.354747 21.037733
v 17.922209 -0.352376 20.961212
v 18.047895 -0.498967 20.975744
v 17.939486 -0.470835 20.910290
v 18.026861 -0.643188 20.913752
v 17.922209 -0.589290 20.859375
v 17.966589 -0.777747 20.855913
v 17.872705 -0.699814 20.811867
v 17.869886 -0.892983 20.806377
v 17.793276 -0.794468 20.771181
v 17.744452 -0.981827 20.768192
v 17.690248 -0.867439 20.739813
v 17.597986 -1.037205 20.744385
v 17.569948 -0.912926 20.720263
v 17.441008 -1.056526 20.736080
v 17.441008 -0.928795 20.713440
v 17.441008 -0.097963 21.008892
v 17.539694 -0.110109 21.003674
v 17.441008 -0.181003 20.930609
v 17.511961 -0.189736 20.926853
v 17.631762 -0.144921 20.988710
v 17.578157 -0.214765 20.916098
v 17.710611 -0.200770 20.964706
v 17.634848 -0.254919 20.898838
v 17.771399 -0.273210 20.933565
v 17.678556 -0.307004 20.876448
v 17.809290 -0.357799 20.897209
v 17.705801 -0.367820 20.850306
v 17.822515 -0.448460 20.858238
v 17.715307 -0.433006 20.822287
v 17.809290 -0.539118 20.819271
v 17.705801 -0.498188 20.794268
v 17.771399 -0.623706 20.782906
v 17.678556 -0.559007 20.768124
v 17.710611 -0.696147 20.751772
v 17.634848 -0.611090 20.745739
v 17.631762 -0.751996 20.727764
v 17.578157 -0.651246 20.728477
v 17.539694 -0.786807 20.712801
v 17.511961 -0.676275 20.717722
v 17.441008 -0.798954 20.707579
v 17.441008 -0.685008 20.713968
v 17.441008 -0.246318 20.882225
v 17.491495 -0.252531 20.879557
v 17.441008 -0.288040 20.855728
v 17.478872 -0.292702 20.853727
v 17.538603 -0.270341 20.871901
v 17.514204 -0.306058 20.847986
v 17.578939 -0.298915 20.859617
v 17.544458 -0.327488 20.838776
v 17.610048 -0.335978 20.843689
v 17.567785 -0.355287 20.826826
v 17.629431 -0.379254 20.825087
v 17.582327 -0.387744 20.812874
v 17.636194 -0.425638 20.805145
v 17.587400 -0.422533 20.797922
v 17.629431 -0.472023 20.785210
v 17.582327 -0.457320 20.782967
v 17.610048 -0.515299 20.766609
v 17.567785 -0.489777 20.769014
v 17.578939 -0.552362 20.750679
v 17.544458 -0.517575 20.757069
v 17.538603 -0.580936 20.738394
v 17.514204 -0.539006 20.747856
v 17.491495 -0.598746 20.730736
v 17.478872 -0.552362 20.742113
v 17.441008 -0.604959 20.728067
v 17.441008 -0.557024 20.740108
v 17.441008 -0.355333 20.610973
v 17.441008 -0.344226 20.615749
v 17.447054 -0.353845 20.611610
v 17.444601 -0.356540 20.610455
v 17.451479 -0.349778 20.613359
v 17.450823 -0.353240 20.611870
v 17.453100 -0.344226 20.615749
v 17.454412 -0.347526 20.614330
v 17.451479 -0.338674 20.618135
v 17.454412 -0.340927 20.617167
v 17.447054 -0.334607 20.619884
v 17.450823 -0.335212 20.619621
v 17.441008 -0.333121 20.620518
v 17.444601 -0.331911 20.621037
v 17.183130 0.078218 22.070017
v 17.185350 0.121131 21.949244
v 17.191919 0.148248 21.824055
v 16.946814 0.030941 21.910479
v 16.959513 0.060378 21.786287
v 16.942530 -0.012752 22.030916
v 16.736479 -0.158699 21.968182
v 16.742533 -0.113751 21.848286
v 16.760485 -0.080596 21.725691
v 16.585039 -0.301430 21.767612
v 16.607038 -0.263452 21.647093
v 16.577620 -0.348005 21.886808
v 16.478605 -0.569050 21.791796
v 16.486872 -0.520575 21.673414
v 16.511396 -0.476965 21.555313
v 16.452620 -0.755458 21.572453
v 16.478025 -0.705810 21.456951
v 16.444052 -0.805967 21.689960
v 16.478605 -1.042882 21.588123
v 16.486872 -0.990338 21.471493
v 16.511396 -0.934652 21.358582
v 16.585039 -1.209486 21.377295
v 16.607038 -1.148167 21.266806
v 16.577620 -1.263930 21.493107
v 16.736479 -1.453233 21.411739
v 16.742533 -1.397164 21.296621
v 16.760485 -1.331020 21.188208
v 16.946814 -1.541857 21.234428
v 16.959513 -1.471995 21.127611
v 16.942530 -1.599180 21.349005
v 17.183130 -1.690150 21.309902
v 17.185350 -1.632044 21.195662
v 17.191919 -1.559865 21.089838
v 17.441008 -1.663514 21.182135
v 17.441008 -1.590525 21.076664
v 17.441008 -1.721890 21.296261
v 17.202768 0.158967 21.696562
v 17.217680 0.153249 21.568958
v 16.980490 0.074925 21.660439
v 17.009317 0.074467 21.535095
v 16.790133 -0.059907 21.602486
v 16.830870 -0.051928 21.480762
v 16.643370 -0.234796 21.527306
v 16.693289 -0.215870 21.410294
v 16.551893 -0.439007 21.439528
v 16.607538 -0.407301 21.328012
v 16.519976 -0.657882 21.345448
v 16.577620 -0.612478 21.239819
v 16.551893 -0.876756 21.251368
v 16.607542 -0.817652 21.151627
v 16.643370 -1.080967 21.163589
v 16.693289 -1.009085 21.069342
v 16.790133 -1.255858 21.088413
v 16.830870 -1.173028 20.998869
v 16.980490 -1.390687 21.030457
v 17.009317 -1.299422 20.944542
v 17.202768 -1.474730 20.994335
v 17.217680 -1.378202 20.910673
v 17.441008 -1.504055 20.981728
v 17.441008 -1.405690 20.898863
v 17.236433 0.131048 21.443428
v 17.258661 0.092882 21.322107
v 17.045557 0.058878 21.412409
v 17.088530 0.028556 21.294456
v 16.882082 -0.056904 21.362642
v 16.942827 -0.074644 21.250099
v 16.756060 -0.207086 21.298090
v 16.830500 -0.208503 21.192558
v 16.677507 -0.382445 21.222710
v 16.760485 -0.364808 21.125372
v 16.650099 -0.570397 21.141922
v 16.736055 -0.532331 21.053364
v 16.677507 -0.758349 21.061132
v 16.760485 -0.699857 20.981356
v 16.756060 -0.933710 20.985756
v 16.830500 -0.856159 20.914169
v 16.882082 -1.083892 20.921200
v 16.942827 -0.990018 20.856628
v 17.045557 -1.199674 20.871433
v 17.088530 -1.093218 20.812271
v 17.236433 -1.271841 20.840414
v 17.258661 -1.157545 20.784622
v 17.441008 -1.297024 20.829588
v 17.441008 -1.179988 20.774975
v 17.284029 0.039270 21.207100
v 17.312071 -0.028741 21.100321
v 17.137568 -0.016107 21.183298
v 17.191771 -0.074227 21.080769
v 17.012136 -0.104950 21.145107
v 17.088743 -0.147199 21.049402
v 16.915430 -0.220188 21.095577
v 17.009310 -0.241853 21.008720
v 16.855154 -0.354747 21.037733
v 16.959806 -0.352376 20.961212
v 16.834120 -0.498967 20.975744
v 16.942530 -0.470835 20.910290
v 16.855154 -0.643188 20.913752
v 16.959806 -0.589290 20.859375
v 16.915430 -0.777747 20.855913
v 17.009317 -0.699814 20.811867
v 17.012136 -0.892983 20.806377
v 17.088743 -0.794468 20.771181
v 17.137568 -0.981827 20.768192
v 17.191771 -0.867439 20.739813
v 17.284029 -1.037205 20.744385
v 17.312071 -0.912926 20.720263
v 17.441008 -1.056526 20.736080
v 17.441008 -0.928795 20.713440
v 17.342325 -0.110109 21.003674
v 17.370058 -0.189736 20.926853
v 17.250254 -0.144921 20.988710
v 17.303862 -0.214765 20.916098
v 17.171412 -0.200770 20.964706
v 17.247168 -0.254919 20.898838
v 17.110617 -0.273210 20.933565
v 17.203463 -0.307004 20.876448
v 17.072725 -0.357799 20.897209
v 17.176218 -0.367820 20.850306
v 17.059507 -0.448460 20.858238
v 17.166712 -0.433006 20.822287
v 17.072725 -0.539118 20.819271
v 17.176218 -0.498188 20.794268
v 17.110617 -0.623706 20.782906
v 17.203463 -0.559007 20.768124
v 17.171412 -0.696147 20.751772
v 17.247168 -0.611090 20.745739
v 17.250254 -0.751996 20.727764
v 17.303862 -0.651246 20.728477
v 17.342325 -0.786807 20.712801
v 17.370058 -0.676275 20.717722
v 17.441008 -0.798954 20.707579
v 17.441008 -0.685008 20.713968
v 17.390520 -0.252531 20.879557
v 17.403143 -0.292702 20.853727
v 17.343412 -0.270341 20.871901
v 17.367811 -0.306058 20.847986
v 17.303072 -0.298915 20.859617
v 17.337561 -0.327488 20.838776
v 17.271971 -0.335978 20.843689
v 17.314230 -0.355287 20.826826
v 17.252584 -0.379254 20.825087
v 17.299688 -0.387744 20.812874
v 17.245821 -0.425638 20.805145
v 17.294622 -0.422533 20.797922
v 17.252584 -0.472023 20.785210
v 17.299688 -0.457320 20.782967
v 17.271971 -0.515299 20.766609
v 17.314230 -0.489777 20.769014
v 17.303072 -0.552362 20.750679
v 17.337561 -0.517575 20.757069
v 17.343412 -0.580936 20.738394
v 17.367811 -0.539006 20.747856
v 17.390520 -0.598746 20.730736
v 17.403143 -0.552362 20.742113
v 17.441008 -0.604959 20.728067
v 17.441008 -0.557024 20.740108
v 17.434965 -0.353845 20.611610
v 17.437422 -0.356540 20.610455
v 17.430536 -0.349778 20.613359
v 17.431196 -0.353240 20.611870
v 17.428915 -0.344226 20.615749
v 17.427603 -0.347526 20.614330
v 17.430536 -0.338674 20.618135
v 17.427603 -0.340927 20.617167
v 17.434965 -0.334607 20.619884
v 17.431196 -0.335212 20.619621
v 17.441008 -0.333121 20.620518
v 17.437422 -0.331911 20.621037
v 17.441008 -0.285356 20.845459
v 17.441008 -0.287147 20.841841
v 17.404352 -0.291658 20.839903
v 17.403555 -0.289967 20.843479
v 17.441008 -0.287147 20.841841
v 17.441008 -0.285356 20.845459
v 17.478460 -0.289967 20.843479
v 17.477671 -0.291658 20.839903
v 17.513411 -0.303179 20.837801
v 17.511869 -0.304591 20.834341
v 17.543333 -0.324378 20.828688
v 17.541166 -0.325339 20.825422
v 17.566408 -0.351871 20.816872
v 17.563745 -0.352249 20.813856
v 17.580790 -0.383977 20.803072
v 17.577822 -0.383675 20.800350
v 17.585806 -0.418388 20.788275
v 17.582731 -0.417354 20.785873
v 17.580790 -0.452797 20.773489
v 17.577822 -0.451033 20.771393
v 17.566408 -0.484903 20.759687
v 17.563745 -0.482456 20.757887
v 17.543333 -0.512398 20.747868
v 17.541166 -0.509366 20.746321
v 17.513411 -0.533595 20.738758
v 17.511869 -0.530114 20.737402
v 17.478460 -0.546807 20.733082
v 17.477671 -0.543048 20.731840
v 17.441008 -0.551418 20.731096
v 17.441008 -0.547559 20.729904
v 17.403555 -0.546807 20.733082
v 17.404352 -0.543048 20.731840
v 17.370146 -0.304591 20.834341
v 17.368612 -0.303179 20.837801
v 17.340853 -0.325339 20.825422
v 17.338682 -0.324378 20.828688
v 17.318270 -0.352249 20.813856
v 17.315607 -0.351871 20.816872
v 17.304193 -0.383675 20.800350
v 17.301222 -0.383977 20.803072
v 17.299284 -0.417354 20.785873
v 17.296206 -0.418388 20.788275
v 17.304193 -0.451033 20.771393
v 17.301222 -0.452797 20.773489
v 17.318270 -0.482456 20.757887
v 17.315607 -0.484903 20.759687
v 17.340853 -0.509366 20.746321
v 17.338682 -0.512398 20.747868
v 17.370146 -0.530114 20.737402
v 17.368612 -0.533595 20.738758
v 17.441008 -0.288040 20.855728
v 17.478872 -0.292702 20.853727
v 17.514204 -0.306058 20.847986
v 17.544458 -0.327488 20.838776
v 17.567785 -0.355287 20.826826
v 17.582327 -0.387744 20.812874
v 17.587400 -0.422533 20.797922
v 17.582327 -0.457320 20.782967
v 17.567785 -0.489777 20.769014
v 17.544458 -0.517575 20.757069
v 17.514204 -0.539006 20.747856
v 17.478872 -0.552362 20.742113
v 17.441008 -0.557024 20.740108
v 17.403143 -0.292702 20.853727
v 17.441008 -0.288040 20.855728
v 17.367811 -0.306058 20.847986
v 17.337561 -0.327488 20.838776
v 17.314230 -0.355287 20.826826
v 17.299688 -0.387744 20.812874
v 17.294622 -0.422533 20.797922
v 17.299688 -0.457320 20.782967
v 17.314230 -0.489777 20.769014
v 17.337561 -0.517575 20.757069
v 17.367811 -0.539006 20.747856
v 17.403143 -0.552362 20.742113
v 17.441008 -0.379649 20.802240
v 17.441008 -0.382191 20.796429
v 17.431574 -0.383353 20.795929
v 17.430376 -0.380957 20.801674
v 17.441008 -0.382191 20.796429
v 17.441008 -0.379649 20.802240
v 17.451643 -0.380957 20.801674
v 17.450441 -0.383353 20.795929
v 17.461557 -0.384709 20.800064
v 17.459246 -0.386680 20.794500
v 17.470057 -0.390724 20.797482
v 17.466780 -0.392020 20.792200
v 17.476603 -0.398531 20.794125
v 17.472597 -0.398946 20.789230
v 17.480688 -0.407642 20.790207
v 17.476213 -0.407032 20.785751
v 17.482107 -0.417410 20.786009
v 17.477480 -0.415700 20.782026
v 17.480688 -0.427177 20.781811
v 17.476213 -0.424367 20.778301
v 17.476603 -0.436292 20.777889
v 17.472597 -0.432454 20.774824
v 17.470057 -0.444098 20.774536
v 17.466780 -0.439380 20.771847
v 17.461557 -0.450114 20.771954
v 17.459246 -0.444717 20.769552
v 17.451635 -0.453865 20.770336
v 17.450441 -0.448047 20.768124
v 17.441008 -0.455173 20.769777
v 17.441008 -0.449208 20.767624
v 17.430380 -0.453865 20.770336
v 17.431574 -0.448047 20.768124
v 17.422770 -0.386680 20.794500
v 17.420458 -0.384709 20.800064
v 17.415232 -0.392020 20.792200
v 17.411963 -0.390724 20.797482
v 17.409426 -0.398946 20.789230
v 17.405413 -0.398531 20.794125
v 17.405802 -0.407032 20.785751
v 17.401327 -0.407642 20.790207
v 17.404539 -0.415700 20.782026
v 17.399904 -0.417410 20.786009
v 17.405802 -0.424367 20.778301
v 17.401327 -0.427177 20.781811
v 17.409426 -0.432454 20.774824
v 17.405413 -0.436292 20.777889
v 17.415232 -0.439380 20.771847
v 17.411963 -0.444098 20.774536
v 17.422770 -0.444717 20.769552
v 17.420458 -0.450114 20.771954
v 17.449240 -0.354899 20.718388
v 17.441008 -0.353886 20.718821
v 17.456926 -0.357804 20.717140
v 17.463499 -0.362463 20.715137
v 17.468576 -0.368508 20.712534
v 17.471735 -0.375566 20.709503
v 17.472837 -0.383130 20.706257
v 17.471735 -0.390693 20.702999
v 17.468576 -0.397753 20.699966
v 17.463499 -0.403795 20.697371
v 17.456926 -0.408455 20.695366
v 17.449240 -0.411360 20.694118
v 17.441008 -0.412375 20.693684
v 17.432772 -0.354899 20.718388
v 17.441008 -0.353886 20.718821
v 17.425097 -0.357804 20.717140
v 17.418512 -0.362463 20.715137
v 17.413443 -0.368508 20.712534
v 17.410280 -0.375566 20.709503
v 17.409174 -0.383130 20.706257
v 17.410280 -0.390693 20.702999
v 17.413443 -0.397753 20.699966
v 17.418512 -0.403795 20.697371
v 17.425097 -0.408455 20.695366
v 17.432772 -0.411360 20.694118
v 17.451643 -0.380957 20.801674
v 17.441008 -0.379649 20.802240
v 17.470057 -0.390724 20.797482
v 17.461557 -0.384709 20.800064
v 17.480688 -0.407642 20.790207
v 17.476603 -0.398531 20.794125
v 17.480688 -0.427177 20.781811
v 17.482107 -0.417410 20.786009
v 17.470057 -0.444098 20.774536
v 17.476603 -0.436292 20.777889
v 17.451635 -0.453865 20.770336
v 17.461557 -0.450114 20.771954
v 17.441008 -0.455173 20.769777
v 17.430376 -0.380957 20.801674
v 17.441008 -0.379649 20.802240
v 17.420458 -0.384709 20.800064
v 17.411963 -0.390724 20.797482
v 17.405413 -0.398531 20.794125
v 17.401327 -0.407642 20.790207
v 17.399904 -0.417410 20.786009
v 17.401327 -0.427177 20.781811
v 17.405413 -0.436292 20.777889
v 17.411963 -0.444098 20.774536
v 17.420458 -0.450114 20.771954
v 17.430380 -0.453865 20.770336
v 17.441008 -0.327277 20.634323
v 17.441008 -0.327686 20.633226
v 17.435282 -0.328347 20.632923
v 17.435080 -0.327994 20.634020
v 17.441008 -0.327686 20.633226
v 17.441008 -0.327277 20.634323
v 17.446939 -0.327994 20.634020
v 17.446737 -0.328347 20.632923
v 17.452463 -0.330096 20.633116
v 17.452059 -0.330406 20.632059
v 17.457205 -0.333441 20.631678
v 17.456652 -0.333607 20.630663
v 17.460852 -0.337800 20.629801
v 17.460146 -0.337837 20.628866
v 17.463133 -0.342877 20.627623
v 17.462381 -0.342720 20.626747
v 17.463919 -0.348324 20.625277
v 17.463110 -0.347990 20.624500
v 17.463133 -0.353771 20.622940
v 17.462381 -0.353242 20.622221
v 17.460852 -0.358846 20.620756
v 17.460146 -0.358140 20.620138
v 17.457205 -0.363207 20.618885
v 17.456652 -0.362354 20.618303
v 17.452463 -0.366549 20.617445
v 17.452059 -0.365571 20.616940
v 17.446939 -0.368655 20.616545
v 17.446737 -0.367616 20.616043
v 17.441008 -0.369369 20.616234
v 17.441008 -0.368294 20.615774
v 17.435080 -0.368655 20.616545
v 17.435282 -0.367616 20.616043
v 17.441008 -0.325754 20.626055
v 17.441008 -0.326176 20.624966
v 17.435652 -0.326381 20.624851
v 17.435446 -0.326018 20.625954
v 17.441008 -0.326176 20.624966
v 17.441008 -0.325754 20.626055
v 17.446569 -0.326018 20.625954
v 17.446367 -0.326381 20.624851
v 17.451529 -0.328345 20.624947
v 17.451124 -0.328667 20.623899
v 17.456205 -0.331128 20.623758
v 17.455641 -0.331304 20.622740
v 17.459230 -0.335419 20.621901
v 17.458521 -0.335466 20.620975
v 17.461767 -0.339981 20.619953
v 17.460997 -0.339827 20.619072
v 17.462049 -0.345087 20.617746
v 17.461233 -0.344757 20.616982
v 17.461767 -0.350202 20.615561
v 17.460997 -0.349668 20.614841
v 17.459230 -0.354752 20.613594
v 17.458521 -0.354047 20.612988
v 17.456205 -0.359053 20.611755
v 17.455641 -0.358192 20.611181
v 17.451529 -0.361827 20.610552
v 17.451124 -0.360848 20.610065
v 17.446569 -0.364164 20.609558
v 17.446367 -0.363115 20.609062
v 17.441008 -0.364417 20.609440
v 17.441008 -0.363337 20.608995
v 17.435446 -0.364164 20.609558
v 17.435652 -0.363115 20.609062
v 17.441008 -0.321941 20.638874
v 17.441008 -0.322282 20.637753
v 17.433546 -0.323203 20.637356
v 17.433352 -0.322883 20.638466
v 17.441008 -0.322282 20.637753
v 17.441008 -0.321941 20.638874
v 17.448668 -0.322883 20.638466
v 17.448469 -0.323203 20.637356
v 17.455812 -0.325583 20.637302
v 17.455435 -0.325835 20.636225
v 17.461927 -0.329918 20.635441
v 17.461393 -0.330057 20.634409
v 17.466650 -0.335541 20.633024
v 17.465990 -0.335536 20.632055
v 17.469591 -0.342103 20.630201
v 17.468855 -0.341933 20.629305
v 17.470617 -0.349139 20.627182
v 17.469858 -0.348788 20.626358
v 17.469591 -0.356177 20.624157
v 17.468855 -0.355642 20.623411
v 17.466650 -0.362739 20.621332
v 17.465990 -0.362039 20.620665
v 17.461927 -0.368362 20.618917
v 17.461393 -0.367518 20.618307
v 17.455812 -0.372697 20.617052
v 17.455435 -0.371741 20.616489
v 17.448668 -0.375398 20.615892
v 17.448469 -0.374373 20.615360
v 17.441008 -0.376339 20.615488
v 17.441008 -0.375292 20.614967
v 17.433352 -0.375398 20.615892
v 17.433546 -0.374373 20.615360
v 17.429956 -0.330406 20.632059
v 17.429552 -0.330096 20.633116
v 17.425367 -0.333607 20.630663
v 17.424807 -0.333441 20.631678
v 17.421869 -0.337837 20.628866
v 17.421171 -0.337800 20.629801
v 17.419638 -0.342720 20.626747
v 17.418879 -0.342877 20.627623
v 17.418905 -0.347990 20.624500
v 17.418100 -0.348324 20.625277
v 17.419638 -0.353242 20.622221
v 17.418879 -0.353771 20.622940
v 17.421869 -0.358140 20.620138
v 17.421171 -0.358846 20.620756
v 17.425367 -0.362354 20.618303
v 17.424807 -0.363207 20.618885
v 17.429956 -0.365571 20.616940
v 17.429552 -0.366549 20.617445
v 17.430895 -0.328667 20.623899
v 17.430490 -0.328345 20.624947
v 17.426371 -0.331304 20.622740
v 17.425814 -0.331128 20.623758
v 17.423494 -0.335466 20.620975
v 17.422789 -0.335419 20.621901
v 17.421019 -0.339827 20.619072
v 17.420252 -0.339981 20.619953
v 17.420786 -0.344757 20.616982
v 17.419970 -0.345087 20.617746
v 17.421019 -0.349668 20.614841
v 17.420252 -0.350202 20.615561
v 17.423494 -0.354047 20.612988
v 17.422789 -0.354752 20.613594
v 17.426371 -0.358192 20.611181
v 17.425814 -0.359053 20.611755
v 17.430895 -0.360848 20.610065
v 17.430490 -0.361827 20.610552
v 17.426580 -0.325835 20.636225
v 17.426207 -0.325583 20.637302
v 17.420618 -0.330057 20.634409
v 17.420092 -0.329918 20.635441
v 17.416025 -0.335536 20.632055
v 17.415365 -0.335541 20.633024
v 17.413160 -0.341933 20.629305
v 17.412428 -0.342103 20.630201
v 17.412161 -0.348788 20.626358
v 17.411406 -0.349139 20.627182
v 17.413160 -0.355642 20.623411
v 17.412428 -0.356177 20.624157
v 17.416025 -0.362039 20.620665
v 17.415365 -0.362739 20.621332
v 17.420618 -0.367518 20.618307
v 17.420092 -0.368362 20.618917
v 17.426580 -0.371741 20.616489
v 17.426207 -0.372697 20.617052
v 17.441008 -0.327686 20.633226
v 17.446737 -0.328347 20.632923
v 17.452059 -0.330406 20.632059
v 17.456652 -0.333607 20.630663
v 17.460146 -0.337837 20.628866
v 17.462381 -0.342720 20.626747
v 17.463110 -0.347990 20.624500
v 17.462381 -0.353242 20.622221
v 17.460146 -0.358140 20.620138
v 17.456652 -0.362354 20.618303
v 17.452059 -0.365571 20.616940
v 17.446737 -0.367616 20.616043
v 17.441008 -0.368294 20.615774
v 17.435282 -0.328347 20.632923
v 17.441008 -0.327686 20.633226
v 17.429956 -0.330406 20.632059
v 17.425367 -0.333607 20.630663
v 17.421869 -0.337837 20.628866
v 17.419638 -0.342720 20.626747
v 17.418905 -0.347990 20.624500
v 17.419638 -0.353242 20.622221
v 17.421869 -0.358140 20.620138
v 17.425367 -0.362354 20.618303
v 17.429956 -0.365571 20.616940
v 17.435282 -0.367616 20.616043
v 17.441008 0.051579 22.197786
v 17.696665 0.020112 22.184259
v 17.441008 -0.021410 22.303255
v 17.690100 -0.052067 22.290077
v 17.935205 -0.070078 22.145493
v 17.922499 -0.139939 22.252310
v 18.139482 -0.214770 22.083300
v 18.121538 -0.280912 22.191711
v 18.296980 -0.402449 22.002626
v 18.274977 -0.463767 22.113111
v 18.395147 -0.621594 21.908428
v 18.370623 -0.677280 22.021339
v 18.429399 -0.856477 21.807468
v 18.403994 -0.906125 21.922970
v 18.395147 -1.091356 21.706503
v 18.370623 -1.134967 21.824604
v 18.296980 -1.310502 21.612303
v 18.274977 -1.348482 21.732828
v 18.139482 -1.498183 21.531637
v 18.121538 -1.531336 21.654230
v 17.935205 -1.642873 21.469439
v 17.922499 -1.672310 21.593634
v 17.696665 -1.733063 21.430676
v 17.690100 -1.760180 21.555862
v 17.441008 -1.764530 21.417149
v 17.441008 -1.790839 21.542686
v 17.441008 -0.107880 22.398191
v 17.679247 -0.137202 22.385588
v 17.441008 -0.206242 22.481058
v 17.664331 -0.233730 22.469242
v 17.901525 -0.221245 22.349459
v 17.872705 -0.312513 22.435379
v 18.091887 -0.356077 22.291506
v 18.051149 -0.438906 22.381046
v 18.238646 -0.530965 22.216330
v 18.188726 -0.602849 22.310577
v 18.330126 -0.735176 22.128553
v 18.274473 -0.794280 22.228292
v 18.362040 -0.954051 22.034472
v 18.304396 -0.999457 22.140102
v 18.330126 -1.172925 21.940388
v 18.274473 -1.204631 22.051908
v 18.238646 -1.377139 21.852610
v 18.188726 -1.396062 21.969622
v 18.091887 -1.552027 21.777435
v 18.051149 -1.560007 21.899153
v 17.901525 -1.686859 21.719481
v 17.872705 -1.686398 21.844826
v 17.679247 -1.770899 21.683355
v 17.664331 -1.765181 21.810959
v 17.441008 -1.800224 21.670748
v 17.441008 -1.792669 21.799147
v 17.441008 -0.314911 22.550329
v 17.645586 -0.340091 22.539507
v 17.441008 -0.431944 22.604942
v 17.623358 -0.454390 22.595295
v 17.836462 -0.412260 22.508488
v 17.793486 -0.518714 22.567648
v 17.999929 -0.528043 22.458719
v 17.939188 -0.621914 22.523287
v 18.125956 -0.678222 22.394161
v 18.051516 -0.755773 22.465748
v 18.204504 -0.853583 22.318789
v 18.121538 -0.912077 22.398565
v 18.231916 -1.041535 22.237997
v 18.145964 -1.079601 22.326557
v 18.204504 -1.229487 22.157206
v 18.121538 -1.247127 22.254545
v 18.125956 -1.404849 22.081829
v 18.051516 -1.403429 22.187361
v 17.999929 -1.555028 22.017275
v 17.939188 -1.537287 22.129822
v 17.836462 -1.670810 21.967506
v 17.793486 -1.640487 22.085464
v 17.645586 -1.742980 21.936487
v 17.623358 -1.704814 22.057814
v 17.441008 -1.768160 21.925663
v 17.441008 -1.727257 22.048166
v 17.441008 -0.555406 22.643839
v 17.597986 -0.574727 22.635530
v 17.441008 -0.683137 22.666477
v 17.569948 -0.699006 22.659653
v 17.744452 -0.630106 22.611727
v 17.690248 -0.744492 22.640108
v 17.869886 -0.718949 22.573542
v 17.793276 -0.817464 22.608740
v 17.966589 -0.834187 22.524008
v 17.872705 -0.912118 22.568054
v 18.026861 -0.968746 22.466169
v 17.922209 -1.022641 22.520544
v 18.047895 -1.112965 22.404175
v 17.939486 -1.141100 22.469627
v 18.026861 -1.257185 22.342182
v 17.922209 -1.259558 22.418709
v 17.966589 -1.391746 22.284344
v 17.872705 -1.370081 22.371201
v 17.869886 -1.506982 22.234810
v 17.793276 -1.464733 22.330519
v 17.744452 -1.595825 22.196625
v 17.690248 -1.537705 22.299152
v 17.597986 -1.651201 22.172819
v 17.569948 -1.583191 22.279596
v 17.441008 -1.670525 22.164516
v 17.441008 -1.599062 22.272778
v 17.441008 -0.812978 22.672340
v 17.539694 -0.825124 22.667120
v 17.441008 -0.926924 22.665953
v 17.511961 -0.935657 22.662201
v 17.631762 -0.859936 22.652153
v 17.578157 -0.960686 22.651440
v 17.710611 -0.915785 22.628147
v 17.634848 -1.000842 22.634180
v 17.771399 -0.988225 22.597010
v 17.678556 -1.052925 22.611794
v 17.809290 -1.072814 22.560650
v 17.705801 -1.113744 22.585653
v 17.822515 -1.163475 22.521683
v 17.715307 -1.178926 22.557631
v 17.809290 -1.254135 22.482712
v 17.705801 -1.244112 22.529615
v 17.771399 -1.338722 22.446352
v 17.678556 -1.304928 22.503475
v 17.710611 -1.411164 22.415215
v 17.634848 -1.357013 22.481087
v 17.631762 -1.467014 22.391211
v 17.578157 -1.397167 22.463823
v 17.539694 -1.501825 22.376242
v 17.511961 -1.422196 22.453068
v 17.441008 -1.513971 22.371025
v 17.441008 -1.430929 22.449310
v 17.441008 -1.006973 22.651854
v 17.491495 -1.013188 22.649181
v 17.441008 -1.054908 22.639809
v 17.478872 -1.059571 22.637804
v 17.538603 -1.030997 22.641527
v 17.514204 -1.072929 22.632061
v 17.578939 -1.059571 22.629240
v 17.544458 -1.094357 22.622852
v 17.610048 -1.096633 22.613312
v 17.567785 -1.122155 22.610901
v 17.629431 -1.139912 22.594709
v 17.582327 -1.154612 22.596952
v 17.636194 -1.186294 22.574774
v 17.587400 -1.189401 22.581997
v 17.629431 -1.232678 22.554834
v 17.582327 -1.224189 22.567047
v 17.610048 -1.275957 22.536234
v 17.567785 -1.256646 22.553095
v 17.578939 -1.313017 22.520304
v 17.544458 -1.284443 22.541143
v 17.538603 -1.341593 22.508022
v 17.514204 -1.305874 22.531935
v 17.491495 -1.359401 22.500364
v 17.478872 -1.319230 22.526194
v 17.441008 -1.365617 22.497696
v 17.441008 -1.323892 22.524189
v 17.447054 -1.277325 22.760036
v 17.441008 -1.267706 22.764170
v 17.441008 -1.278813 22.759399
v 17.444601 -1.280021 22.758879
v 17.451479 -1.273258 22.761786
v 17.450823 -1.276720 22.760300
v 17.453100 -1.267706 22.764170
v 17.454412 -1.271007 22.762754
v 17.451479 -1.262154 22.766562
v 17.454412 -1.264408 22.765591
v 17.447054 -1.258087 22.768309
v 17.450823 -1.258692 22.768047
v 17.441008 -1.256599 22.768948
v 17.444601 -1.255392 22.769463
v 17.185350 0.020112 22.184259
v 17.191919 -0.052067 22.290077
v 16.946814 -0.070078 22.145493
v 16.959513 -0.139939 22.252310
v 16.742533 -0.214770 22.083300
v 16.760485 -0.280912 22.191711
v 16.585039 -0.402449 22.002626
v 16.607038 -0.463767 22.113111
v 16.486872 -0.621594 21.908428
v 16.511396 -0.677280 22.021339
v 16.452620 -0.856477 21.807468
v 16.478025 -0.906125 21.922970
v 16.486872 -1.091356 21.706503
v 16.511396 -1.134967 21.824604
v 16.585039 -1.310502 21.612303
v 16.607038 -1.348482 21.732828
v 16.742533 -1.498183 21.531637
v 16.760485 -1.531336 21.654230
v 16.946814 -1.642873 21.469439
v 16.959513 -1.672310 21.593634
v 17.185350 -1.733063 21.430676
v 17.191919 -1.760180 21.555862
v 17.441008 -1.764530 21.417149
v 17.441008 -1.790839 21.542686
v 17.202768 -0.137202 22.385588
v 17.217680 -0.233730 22.469242
v 16.980490 -0.221245 22.349459
v 17.009317 -0.312513 22.435379
v 16.790133 -0.356077 22.291506
v 16.830870 -0.438906 22.381046
v 16.643370 -0.530965 22.216330
v 16.693289 -0.602849 22.310577
v 16.551893 -0.735176 22.128553
v 16.607538 -0.794280 22.228292
v 16.519976 -0.954051 22.034472
v 16.577620 -0.999457 22.140102
v 16.551893 -1.172925 21.940388
v 16.607542 -1.204631 22.051908
v 16.643370 -1.377139 21.852610
v 16.693289 -1.396062 21.969622
v 16.790133 -1.552027 21.777435
v 16.830870 -1.560007 21.899153
v 16.980490 -1.686859 21.719481
v 17.009317 -1.686398 21.844826
v 17.202768 -1.770899 21.683355
v 17.217680 -1.765181 21.810959
v 17.441008 -1.800224 21.670748
v 17.441008 -1.792669 21.799147
v 17.236433 -0.340091 22.539507
v 17.258661 -0.454390 22.595295
v 17.045557 -0.412260 22.508488
v 17.088530 -0.518714 22.567648
v 16.882082 -0.528043 22.458719
v 16.942827 -0.621914 22.523287
v 16.756060 -0.678222 22.394161
v 16.830500 -0.755773 22.465748
v 16.677507 -0.853583 22.318789
v 16.760485 -0.912077 22.398565
v 16.650099 -1.041535 22.237997
v 16.736055 -1.079601 22.326557
v 16.677507 -1.229487 22.157206
v 16.760485 -1.247127 22.254545
v 16.756060 -1.404849 22.081829
v 16.830500 -1.403429 22.187361
v 16.882082 -1.555028 22.017275
v 16.942827 -1.537287 22.129822
v 17.045557 -1.670810 21.967506
v 17.088530 -1.640487 22.085464
v 17.236433 -1.742980 21.936487
v 17.258661 -1.704814 22.057814
v 17.441008 -1.768160 21.925663
v 17.441008 -1.727257 22.048166
v 17.284029 -0.574727 22.635530
v 17.312071 -0.699006 22.659653
v 17.137568 -0.630106 22.611727
v 17.191771 -0.744492 22.640108
v 17.012136 -0.718949 22.573542
v 17.088743 -0.817464 22.608740
v 16.915430 -0.834187 22.524008
v 17.009310 -0.912118 22.568054
v 16.855154 -0.968746 22.466169
v 16.959806 -1.022641 22.520544
v 16.834120 -1.112965 22.404175
v 16.942530 -1.141100 22.469627
v 16.855154 -1.257185 22.342182
v 16.959806 -1.259558 22.418709
v 16.915430 -1.391746 22.284344
v 17.009317 -1.370081 22.371201
v 17.012136 -1.506982 22.234810
v 17.088743 -1.464733 22.330519
v 17.137568 -1.595825 22.196625
v 17.191771 -1.537705 22.299152
v 17.284029 -1.651201 22.172819
v 17.312071 -1.583191 22.279596
v 17.441008 -1.670525 22.164516
v 17.441008 -1.599062 22.272778
v 17.342325 -0.825124 22.667120
v 17.370058 -0.935657 22.662201
v 17.250254 -0.859936 22.652153
v 17.303862 -0.960686 22.651440
v 17.171412 -0.915785 22.628147
v 17.247168 -1.000842 22.634180
v 17.110617 -0.988225 22.597010
v 17.203463 -1.052925 22.611794
v 17.072725 -1.072814 22.560650
v 17.176218 -1.113744 22.585653
v 17.059507 -1.163475 22.521683
v 17.166712 -1.178926 22.557631
v 17.072725 -1.254135 22.482712
v 17.176218 -1.244112 22.529615
v 17.110617 -1.338722 22.446352
v 17.203463 -1.304928 22.503475
v 17.171412 -1.411164 22.415215
v 17.247168 -1.357013 22.481087
v 17.250254 -1.467014 22.391211
v 17.303862 -1.397167 22.463823
v 17.342325 -1.501825 22.376242
v 17.370058 -1.422196 22.453068
v 17.441008 -1.513971 22.371025
v 17.441008 -1.430929 22.449310
v 17.390520 -1.013188 22.649181
v 17.403143 -1.059571 22.637804
v 17.343412 -1.030997 22.641527
v 17.367811 -1.072929 22.632061
v 17.303072 -1.059571 22.629240
v 17.337561 -1.094357 22.622852
v 17.271971 -1.096633 22.613312
v 17.314230 -1.122155 22.610901
v 17.252584 -1.139912 22.594709
v 17.299688 -1.154612 22.596952
v 17.245821 -1.186294 22.574774
v 17.294622 -1.189401 22.581997
v 17.252584 -1.232678 22.554834
v 17.299688 -1.224189 22.567047
v 17.271971 -1.275957 22.536234
v 17.314230 -1.256646 22.553095
v 17.303072 -1.313017 22.520304
v 17.337561 -1.284443 22.541143
v 17.343412 -1.341593 22.508022
v 17.367811 -1.305874 22.531935
v 17.390520 -1.359401 22.500364
v 17.403143 -1.319230 22.526194
v 17.441008 -1.365617 22.497696
v 17.441008 -1.323892 22.524189
v 17.434965 -1.277325 22.760036
v 17.437422 -1.280021 22.758879
v 17.430536 -1.273258 22.761786
v 17.431196 -1.276720 22.760300
v 17.428915 -1.267706 22.764170
v 17.427603 -1.271007 22.762754
v 17.430536 -1.262154 22.766562
v 17.427603 -1.264408 22.765591
v 17.434965 -1.258087 22.768309
v 17.431196 -1.258692 22.768047
v 17.441008 -1.256599 22.768948
v 17.437422 -1.255392 22.769463
v 17.404352 -1.068887 22.648075
v 17.441008 -1.064374 22.650015
v 17.441008 -1.060514 22.648819
v 17.403555 -1.065125 22.646841
v 17.478460 -1.065125 22.646841
v 17.441008 -1.060514 22.648819
v 17.441008 -1.064374 22.650015
v 17.477671 -1.068887 22.648075
v 17.513411 -1.078337 22.641163
v 17.511869 -1.081818 22.642513
v 17.543333 -1.099536 22.632048
v 17.541166 -1.102566 22.633595
v 17.566408 -1.127029 22.620234
v 17.563745 -1.129476 22.622030
v 17.580790 -1.159135 22.606432
v 17.577822 -1.160901 22.608522
v 17.585806 -1.193546 22.591640
v 17.582731 -1.194581 22.594048
v 17.580790 -1.227955 22.576849
v 17.577822 -1.228260 22.579571
v 17.566408 -1.260061 22.563049
v 17.563745 -1.259683 22.566061
v 17.543333 -1.287556 22.551229
v 17.541166 -1.286595 22.554495
v 17.513411 -1.308753 22.542118
v 17.511869 -1.307343 22.545576
v 17.478460 -1.321965 22.536442
v 17.477671 -1.320274 22.540018
v 17.441008 -1.326576 22.534460
v 17.441008 -1.324785 22.538078
v 17.403555 -1.321965 22.536442
v 17.404352 -1.320274 22.540018
v 17.370146 -1.081818 22.642513
v 17.368612 -1.078337 22.641163
v 17.340853 -1.102566 22.633595
v 17.338682 -1.099536 22.632048
v 17.318270 -1.129476 22.622030
v 17.315607 -1.127029 22.620234
v 17.304193 -1.160901 22.608522
v 17.301222 -1.159135 22.606432
v 17.299284 -1.194581 22.594048
v 17.296206 -1.193546 22.591640
v 17.304193 -1.228260 22.579571
v 17.301222 -1.227955 22.576849
v 17.318270 -1.259683 22.566061
v 17.315607 -1.260061 22.563049
v 17.340853 -1.286595 22.554495
v 17.338682 -1.287556 22.551229
v 17.370146 -1.307343 22.545576
v 17.368612 -1.308753 22.542118
v 17.478872 -1.059571 22.637804
v 17.441008 -1.054908 22.639809
v 17.514204 -1.072929 22.632061
v 17.544458 -1.094357 22.622852
v 17.567785 -1.122155 22.610901
v 17.582327 -1.154612 22.596952
v 17.587400 -1.189401 22.581997
v 17.582327 -1.224189 22.567047
v 17.567785 -1.256646 22.553095
v 17.544458 -1.284443 22.541143
v 17.514204 -1.305874 22.531935
v 17.478872 -1.319230 22.526194
v 17.441008 -1.323892 22.524189
v 17.441008 -1.054908 22.639809
v 17.403143 -1.059571 22.637804
v 17.367811 -1.072929 22.632061
v 17.337561 -1.094357 22.622852
v 17.314230 -1.122155 22.610901
v 17.299688 -1.154612 22.596952
v 17.294622 -1.189401 22.581997
v 17.299688 -1.224189 22.567047
v 17.314230 -1.256646 22.553095
v 17.337561 -1.284443 22.541143
v 17.367811 -1.305874 22.531935
v 17.403143 -1.319230 22.526194
v 17.431574 -1.163887 22.611797
v 17.441008 -1.162726 22.612297
v 17.441008 -1.156759 22.610144
v 17.430376 -1.158069 22.609579
v 17.451643 -1.158069 22.609579
v 17.441008 -1.156759 22.610144
v 17.441008 -1.162726 22.612297
v 17.450441 -1.163887 22.611797
v 17.461557 -1.161818 22.607971
v 17.459246 -1.167215 22.610365
v 17.470057 -1.167837 22.605379
v 17.466780 -1.172554 22.608072
v 17.476603 -1.175640 22.602028
v 17.472597 -1.179480 22.605093
v 17.480688 -1.184754 22.598110
v 17.476213 -1.187565 22.601618
v 17.482107 -1.194522 22.593912
v 17.477480 -1.196232 22.597895
v 17.480688 -1.204290 22.589712
v 17.476213 -1.204900 22.594166
v 17.476603 -1.213403 22.585796
v 17.472597 -1.212986 22.590691
v 17.470057 -1.221208 22.582441
v 17.466780 -1.219912 22.587715
v 17.461557 -1.227225 22.579853
v 17.459246 -1.225252 22.585419
v 17.451635 -1.230975 22.578241
v 17.450441 -1.228579 22.583990
v 17.441008 -1.232282 22.577681
v 17.441008 -1.229741 22.583492
v 17.430380 -1.230975 22.578241
v 17.431574 -1.228579 22.583990
v 17.422770 -1.167215 22.610365
v 17.420458 -1.161818 22.607971
v 17.415232 -1.172554 22.608072
v 17.411963 -1.167837 22.605379
v 17.409426 -1.179480 22.605093
v 17.405413 -1.175640 22.602028
v 17.405802 -1.187565 22.601618
v 17.401327 -1.184754 22.598110
v 17.404539 -1.196232 22.597895
v 17.399904 -1.194522 22.593912
v 17.405802 -1.204900 22.594166
v 17.401327 -1.204290 22.589712
v 17.409426 -1.212986 22.590691
v 17.405413 -1.213403 22.585796
v 17.415232 -1.219912 22.587715
v 17.411963 -1.221208 22.582441
v 17.422770 -1.225252 22.585419
v 17.420458 -1.227225 22.579853
v 17.449240 -1.200572 22.685799
v 17.441008 -1.199560 22.686237
v 17.456926 -1.203477 22.684555
v 17.463499 -1.208137 22.682549
v 17.468576 -1.214182 22.679951
v 17.471735 -1.221239 22.676918
v 17.472837 -1.228804 22.673664
v 17.471735 -1.236369 22.670414
v 17.468576 -1.243426 22.667381
v 17.463499 -1.249469 22.664782
v 17.456926 -1.254130 22.662777
v 17.449240 -1.257033 22.661533
v 17.441008 -1.258048 22.661098
v 17.432772 -1.200572 22.685799
v 17.441008 -1.199560 22.686237
v 17.425097 -1.203477 22.684555
v 17.418512 -1.208137 22.682549
v 17.413443 -1.214182 22.679951
v 17.410280 -1.221239 22.676918
v 17.409174 -1.228804 22.673664
v 17.410280 -1.236369 22.670414
v 17.413443 -1.243426 22.667381
v 17.418512 -1.249469 22.664782
v 17.425097 -1.254130 22.662777
v 17.432772 -1.257033 22.661533
v 17.451643 -1.158069 22.609579
v 17.441008 -1.156759 22.610144
v 17.470057 -1.167837 22.605379
v 17.461557 -1.161818 22.607971
v 17.480688 -1.184754 22.598110
v 17.476603 -1.175640 22.602028
v 17.480688 -1.204290 22.589712
v 17.482107 -1.194522 22.593912
v 17.470057 -1.221208 22.582441
v 17.476603 -1.213403 22.585796
v 17.451635 -1.230975 22.578241
v 17.461557 -1.227225 22.579853
v 17.441008 -1.232282 22.577681
v 17.430376 -1.158069 22.609579
v 17.441008 -1.156759 22.610144
v 17.420458 -1.161818 22.607971
v 17.411963 -1.167837 22.605379
v 17.405413 -1.175640 22.602028
v 17.401327 -1.184754 22.598110
v 17.399904 -1.194522 22.593912
v 17.401327 -1.204290 22.589712
v 17.405413 -1.213403 22.585796
v 17.411963 -1.221208 22.582441
v 17.420458 -1.227225 22.579853
v 17.430380 -1.230975 22.578241
v 17.435282 -1.244316 22.763876
v 17.441008 -1.243641 22.764147
v 17.441008 -1.242563 22.763687
v 17.435080 -1.243277 22.763376
v 17.446939 -1.243277 22.763376
v 17.441008 -1.242563 22.763687
v 17.441008 -1.243641 22.764147
v 17.446737 -1.244316 22.763876
v 17.452463 -1.245383 22.762476
v 17.452059 -1.246361 22.762976
v 17.457205 -1.248725 22.761036
v 17.456652 -1.249578 22.761612
v 17.460852 -1.253086 22.759167
v 17.460146 -1.253792 22.759783
v 17.463133 -1.258160 22.756981
v 17.462381 -1.258690 22.757696
v 17.463919 -1.263610 22.754642
v 17.463110 -1.263944 22.755421
v 17.463133 -1.269055 22.752298
v 17.462381 -1.269212 22.753174
v 17.460852 -1.274132 22.750116
v 17.460146 -1.274095 22.751053
v 17.457205 -1.278491 22.748241
v 17.456652 -1.278325 22.749256
v 17.452463 -1.281836 22.746805
v 17.452059 -1.281528 22.747862
v 17.446939 -1.283938 22.745895
v 17.446737 -1.283587 22.746998
v 17.441008 -1.284656 22.745594
v 17.441008 -1.284248 22.746691
v 17.435080 -1.283938 22.745895
v 17.435282 -1.283587 22.746998
v 17.435652 -1.248820 22.770855
v 17.441008 -1.248595 22.770924
v 17.441008 -1.247515 22.770481
v 17.435446 -1.247769 22.770359
v 17.446569 -1.247769 22.770359
v 17.441008 -1.247515 22.770481
v 17.441008 -1.248595 22.770924
v 17.446367 -1.248820 22.770855
v 17.451529 -1.250106 22.769369
v 17.451124 -1.251084 22.769855
v 17.456205 -1.252879 22.768162
v 17.455641 -1.253740 22.768738
v 17.459230 -1.257182 22.766329
v 17.458521 -1.257885 22.766930
v 17.461767 -1.261732 22.764355
v 17.460997 -1.262264 22.765076
v 17.462049 -1.266847 22.762175
v 17.461233 -1.267174 22.762938
v 17.461767 -1.271954 22.759964
v 17.460997 -1.272107 22.760843
v 17.459230 -1.276513 22.758018
v 17.458521 -1.276466 22.758944
v 17.456205 -1.280804 22.756157
v 17.455641 -1.280631 22.757179
v 17.451529 -1.283587 22.754974
v 17.451124 -1.283267 22.756023
v 17.446569 -1.285914 22.753960
v 17.446367 -1.285551 22.755066
v 17.441008 -1.286178 22.753860
v 17.441008 -1.285756 22.754950
v 17.435446 -1.285914 22.753960
v 17.435652 -1.285551 22.755066
v 17.433546 -1.237559 22.764559
v 17.441008 -1.236642 22.764948
v 17.441008 -1.235593 22.764433
v 17.433352 -1.236535 22.764029
v 17.448668 -1.236535 22.764029
v 17.441008 -1.235593 22.764433
v 17.441008 -1.236642 22.764948
v 17.448469 -1.237559 22.764559
v 17.455812 -1.239238 22.762865
v 17.455435 -1.240191 22.763426
v 17.461927 -1.243570 22.761003
v 17.461393 -1.244414 22.761608
v 17.466650 -1.249193 22.758583
v 17.465990 -1.249893 22.759254
v 17.469591 -1.255758 22.755764
v 17.468855 -1.256289 22.756506
v 17.470617 -1.262793 22.752741
v 17.469858 -1.263144 22.753563
v 17.469591 -1.269829 22.749716
v 17.468855 -1.269999 22.750616
v 17.466650 -1.276393 22.746895
v 17.465990 -1.276396 22.747866
v 17.461927 -1.282014 22.744476
v 17.461393 -1.281875 22.745508
v 17.455812 -1.286349 22.742615
v 17.455435 -1.286097 22.743694
v 17.448668 -1.289049 22.741451
v 17.448469 -1.288730 22.742565
v 17.441008 -1.289993 22.741047
v 17.441008 -1.289649 22.742165
v 17.433352 -1.289049 22.741451
v 17.433546 -1.288730 22.742565
v 17.429956 -1.246361 22.762976
v 17.429552 -1.245383 22.762476
v 17.425367 -1.249578 22.761612
v 17.424807 -1.248725 22.761036
v 17.421869 -1.253792 22.759783
v 17.421171 -1.253086 22.759167
v 17.419638 -1.258690 22.757696
v 17.418879 -1.258160 22.756981
v 17.418905 -1.263944 22.755421
v 17.418100 -1.263610 22.754642
v 17.419638 -1.269212 22.753174
v 17.418879 -1.269055 22.752298
v 17.421869 -1.274095 22.751053
v 17.421171 -1.274132 22.750116
v 17.425367 -1.278325 22.749256
v 17.424807 -1.278491 22.748241
v 17.429956 -1.281528 22.747862
v 17.429552 -1.281836 22.746805
v 17.430895 -1.251084 22.769855
v 17.430490 -1.250106 22.769369
v 17.426371 -1.253740 22.768738
v 17.425814 -1.252879 22.768162
v 17.423494 -1.257885 22.766930
v 17.422789 -1.257182 22.766329
v 17.421019 -1.262264 22.765076
v 17.420252 -1.261732 22.764355
v 17.420786 -1.267174 22.762938
v 17.419970 -1.266847 22.762175
v 17.421019 -1.272107 22.760843
v 17.420252 -1.271954 22.759964
v 17.423494 -1.276466 22.758944
v 17.422789 -1.276513 22.758018
v 17.426371 -1.280631 22.757179
v 17.425814 -1.280804 22.756157
v 17.430895 -1.283267 22.756023
v 17.430490 -1.283587 22.754974
v 17.426580 -1.240191 22.763426
v 17.426207 -1.239238 22.762865
v 17.420618 -1.244414 22.761608
v 17.420092 -1.243570 22.761003
v 17.416025 -1.249893 22.759254
v 17.415365 -1.249193 22.758583
v 17.413160 -1.256289 22.756506
v 17.412428 -1.255758 22.755764
v 17.412161 -1.263144 22.753563
v 17.411406 -1.262793 22.752741
v 17.413160 -1.269999 22.750616
v 17.412428 -1.269829 22.749716
v 17.416025 -1.276396 22.747866
v 17.415365 -1.276393 22.746895
v 17.420618 -1.281875 22.745508
v 17.420092 -1.282014 22.744476
v 17.426580 -1.286097 22.743694
v 17.426207 -1.286349 22.742615
v 17.446737 -1.244316 22.763876
v 17.441008 -1.243641 22.764147
v 17.452059 -1.246361 22.762976
v 17.456652 -1.249578 22.761612
v 17.460146 -1.253792 22.759783
v 17.462381 -1.258690 22.757696
v 17.463110 -1.263944 22.755421
v 17.462381 -1.269212 22.753174
v 17.460146 -1.274095 22.751053
v 17.456652 -1.278325 22.749256
v 17.452059 -1.281528 22.747862
v 17.446737 -1.283587 22.746998
v 17.441008 -1.284248 22.746691
v 17.435282 -1.244316 22.763876
v 17.441008 -1.243641 22.764147
v 17.429956 -1.246361 22.762976
v 17.425367 -1.249578 22.761612
v 17.421869 -1.253792 22.759783
v 17.419638 -1.258690 22.757696
v 17.418905 -1.263944 22.755421
v 17.419638 -1.269212 22.753174
v 17.421869 -1.274095 22.751053
v 17.425367 -1.278325 22.749256
v 17.429956 -1.281528 22.747862
v 17.435282 -1.283587 22.746998
v 17.429033 -1.356401 22.592598
v 17.429274 -1.470761 22.518196
v 17.421991 -1.472625 22.520599
v 17.421919 -1.358087 22.595123
v 17.418978 -1.477123 22.526398
v 17.418978 -1.361955 22.601324
v 17.453341 -1.232746 22.658466
v 17.428679 -1.232746 22.658466
v 17.428629 -1.227870 22.664532
v 17.453363 -1.227870 22.664532
v 17.453363 -1.227870 22.664532
v 17.428629 -1.227870 22.664532
v 17.428679 -1.228218 22.672304
v 17.453341 -1.228218 22.672304
v 17.429991 -1.253233 22.730505
v 17.421812 -1.230983 22.671064
v 17.422201 -1.255968 22.729181
v 17.418978 -1.237427 22.667660
v 17.418978 -1.262427 22.725819
v 17.418978 -0.368425 20.645969
v 17.418978 -0.393423 20.704128
v 17.421991 -0.386387 20.706188
v 17.422201 -0.361536 20.648344
v 17.429274 -0.383479 20.707067
v 17.429995 -0.358699 20.649418
v 17.452742 -0.383479 20.707067
v 17.429247 -0.389210 20.713015
v 17.453051 -0.389046 20.713062
v 17.453051 -0.389046 20.713062
v 17.429247 -0.389210 20.713015
v 17.429274 -0.397440 20.713690
v 17.453341 -0.396870 20.713854
v 17.452742 -1.253518 22.731163
v 17.429995 -1.253572 22.730810
v 17.452723 -1.253845 22.731445
v 17.452368 -1.259214 22.736094
v 17.430044 -1.259129 22.735889
v 17.429991 -1.267072 22.735025
v 17.452024 -1.267072 22.735025
v 17.452742 -0.364246 20.636459
v 17.429995 -0.364937 20.636263
v 17.430025 -0.358846 20.641432
v 17.452742 -0.358553 20.641289
v 17.452742 -0.358424 20.648329
v 17.429995 -0.358706 20.648958
v 17.452742 -0.358414 20.648758
v 17.418978 -0.510271 20.598545
v 17.418978 -0.369904 20.645550
v 17.419161 -0.369760 20.645157
v 17.419153 -0.510166 20.598139
v 17.422075 -0.508451 20.591467
v 17.422197 -0.367386 20.638710
v 17.429987 -0.366425 20.635834
v 17.429571 -0.507739 20.588512
v 17.460020 -1.256138 22.729649
v 17.460203 -1.230983 22.671064
v 17.460203 -1.230983 22.671064
v 17.460020 -1.256138 22.729649
v 17.463037 -1.262427 22.725819
v 17.463037 -1.237427 22.667660
v 17.463037 -0.393423 20.704128
v 17.463037 -0.368425 20.645969
v 17.460020 -0.361317 20.647898
v 17.460020 -0.386387 20.706188
v 17.460020 -0.386387 20.706188
v 17.460020 -0.361317 20.647898
v 17.452742 -0.507392 20.588598
v 17.452742 -0.365737 20.636028
v 17.460020 -0.366905 20.638824
v 17.460020 -0.508210 20.591513
v 17.462870 -0.510154 20.598139
v 17.462870 -0.369730 20.645164
v 17.463037 -0.369904 20.645550
v 17.463037 -0.510271 20.598545
v 17.463037 -0.526906 20.659496
v 17.463037 -0.394813 20.703732
v 17.460203 -0.397321 20.710566
v 17.460096 -0.528721 20.666578
v 17.460096 -0.528721 20.666578
v 17.460203 -0.397321 20.710566
v 17.453333 -0.398253 20.713451
v 17.452990 -0.529418 20.669533
v 17.418978 -1.976350 21.660639
v 17.418978 -1.910405 21.662756
v 17.418978 -1.897242 21.522394
v 17.418978 -1.962415 21.512028
v 17.418978 -1.884274 22.098536
v 17.418978 -1.823472 22.076216
v 17.418978 -1.872986 21.943052
v 17.418978 -1.936723 21.957483
v 17.418978 -1.732292 22.359938
v 17.418978 -1.680061 22.322876
v 17.418978 -1.762856 22.205963
v 17.418978 -1.820038 22.236032
v 17.418978 -1.517143 22.575699
v 17.418978 -1.587617 22.433611
v 17.418978 -1.634286 22.477329
v 17.418978 -1.394757 22.655323
v 17.418978 -0.526906 20.659496
v 17.418978 -0.394813 20.703732
v 17.418978 -0.804606 20.547127
v 17.418978 -0.804218 20.611076
v 17.418978 -0.660860 20.627405
v 17.418978 -0.652619 20.564444
v 17.418978 -1.251486 20.626383
v 17.418978 -1.225842 20.685863
v 17.418978 -1.089986 20.640564
v 17.418978 -1.107509 20.578379
v 17.418978 -1.515340 20.768442
v 17.418978 -1.474937 20.819975
v 17.418978 -1.356537 20.741558
v 17.418978 -1.389924 20.685383
v 17.418978 -1.730831 20.973257
v 17.418978 -1.678463 21.013414
v 17.418978 -1.585672 20.907286
v 17.418978 -1.632586 20.860889
v 17.418978 -1.883313 21.226873
v 17.418978 -1.822514 21.253010
v 17.418978 -1.761681 21.126493
v 17.418978 -1.818918 21.092953
v 17.418978 -1.872455 21.384203
v 17.418978 -1.936176 21.365747
v 17.452742 -1.986776 21.660616
v 17.429274 -1.986776 21.660616
v 17.429274 -1.972710 21.510618
v 17.452742 -1.972710 21.510618
v 17.452742 -1.893856 22.102539
v 17.429274 -1.893856 22.102539
v 17.429274 -1.946783 21.960197
v 17.452742 -1.946783 21.960197
v 17.452742 -1.740523 22.366264
v 17.429274 -1.740523 22.366264
v 17.429274 -1.829046 22.241259
v 17.452742 -1.829046 22.241259
v 17.452742 -1.523502 22.583906
v 17.429274 -1.523502 22.583906
v 17.429209 -1.641666 22.484680
v 17.452806 -1.641666 22.484680
v 17.452452 -1.400294 22.664062
v 17.429571 -1.400294 22.664062
v 17.452742 -0.804352 20.536718
v 17.429209 -0.804352 20.536718
v 17.429274 -0.651046 20.554182
v 17.452742 -0.651046 20.554182
v 17.452742 -1.255172 20.616680
v 17.429274 -1.255172 20.616680
v 17.429274 -1.109919 20.568245
v 17.452742 -1.109919 20.568245
v 17.452742 -1.521434 20.760031
v 17.429274 -1.521434 20.760031
v 17.429274 -1.394873 20.676212
v 17.452742 -1.394873 20.676212
v 17.452742 -1.738935 20.966757
v 17.429274 -1.738935 20.966757
v 17.429274 -1.639775 20.853338
v 17.452742 -1.639775 20.853338
v 17.452742 -1.892859 21.222767
v 17.429274 -1.892859 21.222767
v 17.429274 -1.827856 21.087584
v 17.452742 -1.827856 21.087584
v 17.429274 -1.946222 21.362961
v 17.452742 -1.946222 21.362961
v 17.463037 -1.910405 21.662756
v 17.463037 -1.976350 21.660639
v 17.463037 -1.962415 21.512028
v 17.463037 -1.897242 21.522394
v 17.463037 -1.823472 22.076216
v 17.463037 -1.884274 22.098536
v 17.463037 -1.936723 21.957483
v 17.463037 -1.872986 21.943052
v 17.463037 -1.680061 22.322876
v 17.463037 -1.732292 22.359938
v 17.463037 -1.820038 22.236032
v 17.463037 -1.762856 22.205963
v 17.463037 -1.477123 22.526398
v 17.463037 -1.517143 22.575699
v 17.463037 -1.634286 22.477329
v 17.463037 -1.587617 22.433611
v 17.463037 -1.361955 22.601324
v 17.463037 -1.394757 22.655323
v 17.463037 -0.804218 20.611076
v 17.463037 -0.804606 20.547127
v 17.463037 -0.652619 20.564444
v 17.463037 -0.660860 20.627405
v 17.463037 -1.225842 20.685863
v 17.463037 -1.251486 20.626383
v 17.463037 -1.107509 20.578379
v 17.463037 -1.089986 20.640564
v 17.463037 -1.474937 20.819975
v 17.463037 -1.515340 20.768442
v 17.463037 -1.389924 20.685383
v 17.463037 -1.356537 20.741558
v 17.463037 -1.678463 21.013414
v 17.463037 -1.730831 20.973257
v 17.463037 -1.632586 20.860889
v 17.463037 -1.585672 20.907286
v 17.463037 -1.822514 21.253010
v 17.463037 -1.883313 21.226873
v 17.463037 -1.818918 21.092953
v 17.463037 -1.761681 21.126493
v 17.463037 -1.936176 21.365747
v 17.463037 -1.872455 21.384203
v 17.429274 -1.886950 21.523802
v 17.429274 -1.899979 21.662777
v 17.452742 -1.899979 21.662777
v 17.452742 -1.886950 21.523802
v 17.429274 -1.862929 21.940334
v 17.429274 -1.813890 22.072212
v 17.452742 -1.813890 22.072212
v 17.452742 -1.862929 21.940334
v 17.429274 -1.753847 22.200737
v 17.429274 -1.671830 22.316553
v 17.452742 -1.671830 22.316553
v 17.452742 -1.753847 22.200737
v 17.429327 -1.580237 22.426264
v 17.452742 -1.470761 22.518196
v 17.452692 -1.580237 22.426264
v 17.452990 -1.356401 22.592598
v 17.429274 -0.398821 20.713293
v 17.429274 -0.529704 20.669464
v 17.429274 -0.662433 20.637667
v 17.429274 -0.804472 20.621485
v 17.452692 -0.804472 20.621485
v 17.452742 -0.662433 20.637667
v 17.429274 -1.087576 20.650698
v 17.429274 -1.222154 20.695566
v 17.452742 -1.222154 20.695566
v 17.452742 -1.087576 20.650698
v 17.429274 -1.351588 20.750729
v 17.429274 -1.468844 20.828386
v 17.452742 -1.468844 20.828386
v 17.452742 -1.351588 20.750729
v 17.429274 -1.578486 20.914837
v 17.429274 -1.670359 21.019913
v 17.452742 -1.670359 21.019913
v 17.452742 -1.578486 20.914837
v 17.429274 -1.752743 21.131859
v 17.429274 -1.812968 21.257111
v 17.452742 -1.812968 21.257111
v 17.452742 -1.752743 21.131859
v 17.429274 -1.862409 21.386993
v 17.452742 -1.862409 21.386993
v 17.421991 -1.889963 21.523388
v 17.421991 -1.865351 21.386175
v 17.421991 -1.903034 21.662767
v 17.421991 -1.865873 21.941133
v 17.421991 -1.816698 22.073383
v 17.421991 -1.756485 22.202269
v 17.421991 -1.674240 22.318407
v 17.422010 -1.582398 22.428413
v 17.421999 -0.397716 20.710472
v 17.421999 -0.528919 20.666538
v 17.421991 -0.661972 20.634663
v 17.421991 -0.804396 20.618435
v 17.421991 -1.088283 20.647730
v 17.421991 -1.223235 20.692722
v 17.421991 -1.353036 20.748043
v 17.421991 -1.470629 20.825922
v 17.421991 -1.580591 20.912622
v 17.421991 -1.672732 21.018011
v 17.421991 -1.755360 21.130287
v 17.421991 -1.815764 21.255905
v 17.419149 -1.962832 21.511971
v 17.419149 -1.976774 21.660635
v 17.421991 -1.983721 21.660624
v 17.421991 -1.969695 21.511032
v 17.419149 -1.937130 21.957590
v 17.419149 -1.884662 22.098696
v 17.421991 -1.891051 22.101364
v 17.421991 -1.943836 21.959404
v 17.419149 -1.820401 22.236246
v 17.419149 -1.732627 22.360195
v 17.421991 -1.738113 22.364414
v 17.421991 -1.826407 22.239733
v 17.419153 -1.634584 22.477633
v 17.419149 -1.517399 22.576035
v 17.421991 -1.521641 22.581503
v 17.421972 -1.639504 22.482529
v 17.419153 -1.394976 22.655676
v 17.422075 -1.398613 22.661533
v 17.419149 -0.652556 20.564026
v 17.419153 -0.804596 20.546705
v 17.421980 -0.804426 20.539768
v 17.421991 -0.651507 20.557186
v 17.419149 -1.107609 20.577971
v 17.419149 -1.251635 20.625990
v 17.421991 -1.254094 20.619518
v 17.421991 -1.109214 20.571217
v 17.419149 -1.390124 20.685011
v 17.419149 -1.515586 20.768103
v 17.421991 -1.519648 20.762495
v 17.421991 -1.393425 20.678898
v 17.419149 -1.632876 20.860582
v 17.419149 -1.731160 20.972994
v 17.421991 -1.736561 20.968658
v 17.421991 -1.637670 20.855553
v 17.419149 -1.819281 21.092737
v 17.419149 -1.883698 21.226709
v 17.421991 -1.890063 21.223970
v 17.421991 -1.825239 21.089159
v 17.421991 -1.943280 21.363775
v 17.419149 -1.936584 21.365633
v 17.460020 -1.969695 21.511032
v 17.460020 -1.983721 21.660624
v 17.462870 -1.976774 21.660635
v 17.462870 -1.962832 21.511971
v 17.460020 -1.943836 21.959404
v 17.460020 -1.891051 22.101364
v 17.462870 -1.884662 22.098696
v 17.462870 -1.937130 21.957590
v 17.460020 -1.826407 22.239733
v 17.460020 -1.738113 22.364414
v 17.462870 -1.732627 22.360195
v 17.462870 -1.820401 22.236246
v 17.460043 -1.639504 22.482529
v 17.460020 -1.521641 22.581503
v 17.462870 -1.517399 22.576035
v 17.462870 -1.634584 22.477633
v 17.459940 -1.398613 22.661533
v 17.462862 -1.394976 22.655676
v 17.460020 -0.651507 20.557186
v 17.460020 -0.804426 20.539768
v 17.462870 -0.804596 20.546705
v 17.462870 -0.652556 20.564026
v 17.460020 -1.109214 20.571217
v 17.460020 -1.254094 20.619518
v 17.462870 -1.251635 20.625990
v 17.462870 -1.107609 20.577971
v 17.460020 -1.393425 20.678898
v 17.460020 -1.519648 20.762495
v 17.462870 -1.515586 20.768103
v 17.462870 -1.390124 20.685011
v 17.460020 -1.637670 20.855553
v 17.460020 -1.736561 20.968658
v 17.462870 -1.731160 20.972994
v 17.462870 -1.632876 20.860582
v 17.460020 -1.825239 21.089159
v 17.460020 -1.890063 21.223970
v 17.462870 -1.883698 21.226709
v 17.462870 -1.819281 21.092737
v 17.462870 -1.936584 21.365633
v 17.460020 -1.943280 21.363775
v 17.460020 -1.889963 21.523388
v 17.460020 -1.903034 21.662767
v 17.460020 -1.903034 21.662767
v 17.460020 -1.889963 21.523388
v 17.460020 -1.865873 21.941133
v 17.460020 -1.816698 22.073383
v 17.460020 -1.816698 22.073383
v 17.460020 -1.865873 21.941133
v 17.460020 -1.756485 22.202269
v 17.460020 -1.674240 22.318407
v 17.460020 -1.674240 22.318407
v 17.460020 -1.756485 22.202269
v 17.460009 -1.582398 22.428413
v 17.460020 -1.472625 22.520599
v 17.460020 -1.472625 22.520599
v 17.460009 -1.582398 22.428413
v 17.460096 -1.358087 22.595123
v 17.460096 -1.358087 22.595123
v 17.460020 -0.661972 20.634663
v 17.460009 -0.804396 20.618439
v 17.460009 -0.804396 20.618439
v 17.460020 -0.661972 20.634663
v 17.460020 -1.088283 20.647730
v 17.460020 -1.223235 20.692722
v 17.460020 -1.223235 20.692722
v 17.460020 -1.088283 20.647730
v 17.460020 -1.353036 20.748043
v 17.460020 -1.470629 20.825922
v 17.460020 -1.470629 20.825922
v 17.460020 -1.353036 20.748043
v 17.460020 -1.580591 20.912622
v 17.460020 -1.672732 21.018011
v 17.460020 -1.672732 21.018011
v 17.460020 -1.580591 20.912622
v 17.460020 -1.755360 21.130287
v 17.460020 -1.815764 21.255905
v 17.460020 -1.815764 21.255905
v 17.460020 -1.755360 21.130287
v 17.460020 -1.865351 21.386175
v 17.460020 -1.865351 21.386175
v 17.423056 -1.229672 22.665127
v 17.421812 -1.234239 22.661102
v 17.423323 -0.390015 20.711357
v 17.421999 -0.396333 20.710871
v 17.423651 -1.259715 22.734053
v 17.422201 -1.265589 22.732386
v 17.422281 -1.256182 22.729464
v 17.419161 -1.262608 22.726194
v 17.422281 -0.361482 20.647997
v 17.423635 -0.360609 20.642267
v 17.422201 -0.365901 20.639135
v 17.419161 -0.368279 20.645582
v 17.459932 -1.256348 22.729910
v 17.462851 -1.262608 22.726194
v 17.459932 -1.256348 22.729910
v 17.458525 -1.259783 22.734253
v 17.459818 -1.265589 22.732386
v 17.459948 -0.361261 20.647566
v 17.459948 -0.361261 20.647566
v 17.462870 -0.368252 20.645586
v 17.458681 -0.360309 20.642122
v 17.460020 -0.365417 20.639250
v 17.458952 -1.229675 22.665121
v 17.460203 -1.234239 22.661102
v 17.458952 -1.229675 22.665121
v 17.458952 -1.229675 22.665121
v 17.460203 -1.234239 22.661102
v 17.458818 -0.389854 20.711397
v 17.460203 -0.395938 20.710968
v 17.458818 -0.389854 20.711397
v 17.458818 -0.389854 20.711397
v 17.460203 -0.395938 20.710968
v 17.441008 -1.041487 20.018980
v 17.531141 -1.023559 20.018980
v 17.509535 -0.971403 20.061647
v 17.441008 -0.985032 20.061647
v 17.441008 -0.985032 20.061647
v 17.509535 -0.971403 20.061647
v 17.492746 -0.930868 20.119801
v 17.441008 -0.941158 20.119801
v 17.350882 -1.023559 20.018980
v 17.441008 -1.041487 20.018980
v 17.441008 -0.985032 20.061647
v 17.372484 -0.971403 20.061647
v 17.372484 -0.971403 20.061647
v 17.441008 -0.985032 20.061647
v 17.441008 -0.941158 20.119801
v 17.389273 -0.930868 20.119801
v 17.536608 -0.901563 20.119801
v 17.567625 -0.932586 20.061647
v 17.567625 -0.932586 20.061647
v 17.607546 -0.972503 20.018980
v 17.565912 -0.857704 20.119801
v 17.606440 -0.874492 20.061647
v 17.606440 -0.874492 20.061647
v 17.658598 -0.896096 20.018980
v 17.576200 -0.805967 20.119801
v 17.620077 -0.805967 20.061647
v 17.620077 -0.805967 20.061647
v 17.676523 -0.805967 20.018980
v 17.565912 -0.754231 20.119801
v 17.606440 -0.737440 20.061647
v 17.606440 -0.737440 20.061647
v 17.658598 -0.715838 20.018980
v 17.536600 -0.710372 20.119801
v 17.567625 -0.679349 20.061647
v 17.567625 -0.679349 20.061647
v 17.607546 -0.639429 20.018980
v 17.492746 -0.681064 20.119801
v 17.509535 -0.640532 20.061647
v 17.509535 -0.640532 20.061647
v 17.531141 -0.588376 20.018980
v 17.441008 -0.670774 20.119801
v 17.441008 -0.626900 20.061647
v 17.441008 -0.626900 20.061647
v 17.441008 -0.570448 20.018980
v 17.389273 -0.681064 20.119801
v 17.372484 -0.640532 20.061647
v 17.372484 -0.640532 20.061647
v 17.350882 -0.588376 20.018980
v 17.345411 -0.710372 20.119801
v 17.314390 -0.679349 20.061647
v 17.314390 -0.679349 20.061647
v 17.274469 -0.639429 20.018980
v 17.316111 -0.754231 20.119801
v 17.275576 -0.737440 20.061647
v 17.275576 -0.737440 20.061647
v 17.223417 -0.715838 20.018980
v 17.305811 -0.805967 20.119801
v 17.261942 -0.805967 20.061647
v 17.261942 -0.805967 20.061647
v 17.205496 -0.805967 20.018980
v 17.316111 -0.857704 20.119801
v 17.275576 -0.874492 20.061647
v 17.275576 -0.874492 20.061647
v 17.223417 -0.896096 20.018980
v 17.345411 -0.901563 20.119801
v 17.314390 -0.932586 20.061647
v 17.314390 -0.932586 20.061647
v 17.274469 -0.972503 20.018980
v 17.441008 -1.443105 19.999712
v 17.684828 -1.394605 19.999712
v 17.891535 -1.256492 19.999712
v 18.029646 -1.049788 19.999712
v 18.078146 -0.805967 19.999712
v 18.029646 -0.562144 19.999712
v 17.891535 -0.355442 19.999712
v 17.684828 -0.217326 19.999712
v 17.441008 -0.168827 19.999712
v 17.197191 -0.217326 19.999712
v 16.990480 -0.355442 19.999712
v 16.852369 -0.562144 19.999712
v 16.803869 -0.805967 19.999712
v 16.852369 -1.049788 19.999712
v 16.990480 -1.256492 19.999712
v 17.197184 -1.394605 19.999712
v 17.441008 -1.443105 19.999712
v 17.441008 -1.478062 19.965425
v 17.698210 -1.426901 19.965425
v 17.694288 -1.417444 19.989668
v 17.441008 -1.467824 19.989668
v 17.909014 -1.273971 19.989668
v 17.916254 -1.281211 19.965425
v 18.052481 -1.059248 19.989668
v 18.061945 -1.063166 19.965425
v 18.102865 -0.805967 19.989668
v 18.113104 -0.805967 19.965425
v 18.052481 -0.552684 19.989668
v 18.061945 -0.548766 19.965425
v 17.909014 -0.337963 19.989668
v 17.916254 -0.330723 19.965425
v 17.694288 -0.194491 19.989668
v 17.698210 -0.185031 19.965425
v 17.441008 -0.144108 19.989668
v 17.441008 -0.133870 19.965425
v 17.187727 -0.194491 19.989668
v 17.183805 -0.185031 19.965425
v 16.973005 -0.337963 19.989668
v 16.965765 -0.330723 19.965425
v 16.829531 -0.552684 19.989668
v 16.820074 -0.548766 19.965425
v 16.779150 -0.805967 19.989668
v 16.768908 -0.805967 19.965425
v 16.829531 -1.059248 19.989668
v 16.820070 -1.063166 19.965425
v 16.973005 -1.273971 19.989668
v 16.965765 -1.281211 19.965425
v 17.187727 -1.417444 19.989668
v 17.183805 -1.426901 19.965425
v 17.441008 -1.467824 19.989668
v 17.441008 -1.478062 19.965425
v 17.441008 -0.922250 20.178091
v 17.485510 -0.913397 20.178091
v 17.523237 -0.888190 20.178091
v 17.548437 -0.850465 20.178091
v 17.557287 -0.805967 20.178091
v 17.548437 -0.761466 20.178091
v 17.523237 -0.723742 20.178091
v 17.485510 -0.698535 20.178091
v 17.441008 -0.689685 20.178091
v 17.396509 -0.698535 20.178091
v 17.358782 -0.723742 20.178091
v 17.333578 -0.761466 20.178091
v 17.324724 -0.805967 20.178091
v 17.333578 -0.850465 20.178091
v 17.358782 -0.888190 20.178091
v 17.396513 -0.913397 20.178091
v 17.441008 -0.922250 20.178091
v 17.406328 -0.889702 20.459517
v 17.441008 -0.896601 20.459517
v 17.441008 -0.890349 20.471910
v 17.408716 -0.883925 20.471910
v 17.441008 -0.877207 20.476915
v 17.413748 -0.871784 20.476915
v 17.468271 -0.871784 20.476915
v 17.441008 -0.877207 20.476915
v 17.441008 -0.890349 20.471910
v 17.473299 -0.883925 20.471910
v 17.441008 -0.896601 20.459517
v 17.475695 -0.889702 20.459517
v 17.491381 -0.856340 20.476915
v 17.500677 -0.865635 20.471910
v 17.505095 -0.870055 20.459517
v 17.506826 -0.833228 20.476915
v 17.518969 -0.838258 20.471910
v 17.524740 -0.840651 20.459517
v 17.512251 -0.805967 20.476915
v 17.525393 -0.805967 20.471910
v 17.531641 -0.805967 20.459517
v 17.506826 -0.778703 20.476915
v 17.518969 -0.773673 20.471910
v 17.524740 -0.771283 20.459517
v 17.491385 -0.755592 20.476915
v 17.500673 -0.746300 20.471910
v 17.505095 -0.741880 20.459517
v 17.468271 -0.740148 20.476915
v 17.473299 -0.728006 20.471910
v 17.475695 -0.722232 20.459517
v 17.441008 -0.734727 20.476915
v 17.441008 -0.721583 20.471910
v 17.441008 -0.715333 20.459517
v 17.413748 -0.740148 20.476915
v 17.408716 -0.728006 20.471910
v 17.406328 -0.722232 20.459517
v 17.390635 -0.755592 20.476915
v 17.381338 -0.746300 20.471910
v 17.376917 -0.741880 20.459517
v 17.375193 -0.778703 20.476915
v 17.363050 -0.773673 20.471910
v 17.357275 -0.771283 20.459517
v 17.369764 -0.805967 20.476915
v 17.356623 -0.805967 20.471910
v 17.350374 -0.805967 20.459517
v 17.375193 -0.833228 20.476915
v 17.363050 -0.838258 20.471910
v 17.357275 -0.840651 20.459517
v 17.390635 -0.856340 20.476915
v 17.381338 -0.865635 20.471910
v 17.376917 -0.870055 20.459517
v 17.912546 -1.277503 19.903404
v 17.696203 -1.422059 19.903404
v 17.441008 -0.805967 19.903404
v 18.057100 -1.061161 19.903404
v 18.107862 -0.805967 19.903404
v 18.057100 -0.550774 19.903404
v 17.912546 -0.334429 19.903404
v 17.696203 -0.189873 19.903404
v 17.441008 -0.139112 19.903404
v 17.185816 -0.189873 19.903404
v 16.969473 -0.334429 19.903404
v 16.824915 -0.550771 19.903404
v 16.774153 -0.805967 19.903404
v 16.824915 -1.061161 19.903404
v 16.969469 -1.277503 19.903404
v 17.185816 -1.422059 19.903404
v 17.441008 -1.472822 19.903404
v 17.700499 -1.432439 19.915810
v 17.920492 -1.285449 19.915810
v 18.067484 -1.065461 19.915810
v 18.119101 -0.805967 19.915810
v 18.067484 -0.546473 19.915810
v 17.920492 -0.326483 19.915810
v 17.700506 -0.179493 19.915810
v 17.441008 -0.127876 19.915810
v 17.181509 -0.179493 19.915810
v 16.961523 -0.326483 19.915810
v 16.814535 -0.546473 19.915810
v 16.762918 -0.805967 19.915810
v 16.814535 -1.065459 19.915810
v 16.961523 -1.285449 19.915810
v 17.181509 -1.432439 19.915810
v 17.441008 -1.484056 19.915810
v 17.441008 -1.484056 19.915810
v 17.699438 -1.429873 19.907137
v 17.441008 -1.481277 19.907137
v 17.441008 -1.481277 19.907137
v 17.699438 -1.429873 19.907137
v 17.918524 -1.283482 19.907137
v 17.918524 -1.283482 19.907137
v 18.064917 -1.064398 19.907137
v 18.064917 -1.064398 19.907137
v 18.116320 -0.805967 19.907137
v 18.116320 -0.805967 19.907137
v 18.064917 -0.547537 19.907137
v 18.064917 -0.547537 19.907137
v 17.918524 -0.328450 19.907137
v 17.918524 -0.328450 19.907137
v 17.699438 -0.182062 19.907137
v 17.699438 -0.182062 19.907137
v 17.441008 -0.130657 19.907137
v 17.441008 -0.130657 19.907137
v 17.182581 -0.182062 19.907137
v 17.182581 -0.182062 19.907137
v 16.963491 -0.328450 19.907137
v 16.963491 -0.328450 19.907137
v 16.817102 -0.547537 19.907137
v 16.817102 -0.547537 19.907137
v 16.765699 -0.805967 19.907137
v 16.765699 -0.805967 19.907137
v 16.817099 -1.064395 19.907137
v 16.817099 -1.064395 19.907137
v 16.963491 -1.283482 19.907137
v 16.963491 -1.283482 19.907137
v 17.182581 -1.429873 19.907137
v 17.182581 -1.429873 19.907137
v 17.441008 -1.481277 19.907137
v 17.404799 -0.842179 20.476915
v 17.421412 -0.853281 20.476915
v 17.423326 -0.848656 20.481827
v 17.408335 -0.838639 20.481827
v 17.441008 -0.852173 20.481827
v 17.441008 -0.857179 20.476915
v 17.458689 -0.848656 20.481827
v 17.441008 -0.852173 20.481827
v 17.441008 -0.857179 20.476915
v 17.460611 -0.853281 20.476915
v 17.473680 -0.838639 20.481827
v 17.477221 -0.842179 20.476915
v 17.483698 -0.823649 20.481827
v 17.488325 -0.825564 20.476915
v 17.487211 -0.805967 20.481827
v 17.492216 -0.805967 20.476915
v 17.483698 -0.788283 20.481827
v 17.488325 -0.786368 20.476915
v 17.473680 -0.773293 20.481827
v 17.477221 -0.769753 20.476915
v 17.458689 -0.763279 20.481827
v 17.460611 -0.758653 20.476915
v 17.441008 -0.759761 20.481827
v 17.441008 -0.754756 20.476915
v 17.423326 -0.763279 20.481827
v 17.421412 -0.758653 20.476915
v 17.408335 -0.773293 20.481827
v 17.404799 -0.769753 20.476915
v 17.398321 -0.788283 20.481827
v 17.393694 -0.786368 20.476915
v 17.394804 -0.805967 20.481827
v 17.389795 -0.805967 20.476915
v 17.398321 -0.823649 20.481827
v 17.393694 -0.825564 20.476915
v 17.408335 -0.838639 20.586123
v 17.423326 -0.848656 20.586123
v 17.425241 -0.844030 20.591030
v 17.411875 -0.835099 20.591030
v 17.441008 -0.847165 20.591030
v 17.425241 -0.844030 20.591030
v 17.441008 -0.852173 20.586123
v 17.456778 -0.844030 20.591030
v 17.441008 -0.847165 20.591030
v 17.441008 -0.852173 20.586123
v 17.458689 -0.848656 20.586123
v 17.470140 -0.835099 20.591030
v 17.456778 -0.844030 20.591030
v 17.473680 -0.838639 20.586123
v 17.479071 -0.821733 20.591030
v 17.470140 -0.835099 20.591030
v 17.483698 -0.823649 20.586123
v 17.482206 -0.805967 20.591030
v 17.479071 -0.821733 20.591030
v 17.487211 -0.805967 20.586123
v 17.479071 -0.790201 20.591030
v 17.482206 -0.805967 20.591030
v 17.483698 -0.788283 20.586123
v 17.470140 -0.776835 20.591030
v 17.479071 -0.790201 20.591030
v 17.473680 -0.773293 20.586123
v 17.456778 -0.767904 20.591030
v 17.470140 -0.776835 20.591030
v 17.458689 -0.763279 20.586123
v 17.441008 -0.764767 20.591030
v 17.456778 -0.767904 20.591030
v 17.441008 -0.759761 20.586123
v 17.425241 -0.767904 20.591030
v 17.441008 -0.764767 20.591030
v 17.423326 -0.763279 20.586123
v 17.411875 -0.776835 20.591030
v 17.425241 -0.767904 20.591030
v 17.408335 -0.773293 20.586123
v 17.402945 -0.790201 20.591030
v 17.411875 -0.776835 20.591030
v 17.398321 -0.788283 20.586123
v 17.399805 -0.805967 20.591030
v 17.402945 -0.790201 20.591030
v 17.394804 -0.805967 20.586123
v 17.402945 -0.821733 20.591030
v 17.399805 -0.805967 20.591030
v 17.398321 -0.823649 20.586123
v 17.411875 -0.835099 20.591030
v 17.402945 -0.821733 20.591030
v 17.425241 -0.844030 20.591030
v 17.441008 -0.847165 20.591030
v 17.441008 -0.805967 20.591030
v 17.456778 -0.844030 20.591030
v 17.470140 -0.835099 20.591030
v 17.479071 -0.821733 20.591030
v 17.482206 -0.805967 20.591030
v 17.479071 -0.790201 20.591030
v 17.470140 -0.776835 20.591030
v 17.456778 -0.767904 20.591030
v 17.441008 -0.764767 20.591030
v 17.425241 -0.767904 20.591030
v 17.411875 -0.776835 20.591030
v 17.402945 -0.790201 20.591030
v 17.399805 -0.805967 20.591030
v 17.402945 -0.821733 20.591030
v 17.411875 -0.835099 20.591030
v 17.421816 -1.236081 22.660019
v 17.418978 -1.239279 22.666571
v 17.428682 -1.234583 22.657383
v 17.453333 -1.234583 22.657383
v 17.460203 -1.236081 22.660019
v 17.463037 -1.239279 22.666571
v 17.460203 -1.236081 22.660019
v 17.463037 -1.264393 22.724659
v 17.462858 -1.264576 22.725031
v 17.452028 -1.269053 22.733860
v 17.459818 -1.267567 22.731224
v 17.429987 -1.269053 22.733860
v 17.422197 -1.267567 22.731224
v 17.418978 -1.264393 22.724659
v 17.419161 -1.264576 22.725031
v 17.418978 -1.962754 21.809326
v 17.419149 -1.963171 21.809383
v 17.421991 -1.970034 21.810291
v 17.429274 -1.973051 21.810694
v 17.452742 -1.973051 21.810694
v 17.460020 -1.970034 21.810291
v 17.462870 -1.963171 21.809383
v 17.463037 -1.962754 21.809326
v 17.463037 -1.897562 21.803186
v 17.460020 -1.890280 21.802217
v 17.460020 -1.890280 21.802217
v 17.452742 -1.887265 21.801819
v 17.429274 -1.887265 21.801819
v 17.421991 -1.890280 21.802217
v 17.418978 -1.897562 21.803186
v 17.418978 -0.957227 20.556789
v 17.419149 -0.957271 20.556372
v 17.421991 -0.957986 20.549488
v 17.429274 -0.958300 20.546463
v 17.452742 -0.958300 20.546463
v 17.460020 -0.957986 20.549488
v 17.462870 -0.957271 20.556372
v 17.463037 -0.957227 20.556789
v 17.463037 -0.948177 20.620192
v 17.460020 -0.947418 20.627493
v 17.460020 -0.947418 20.627493
v 17.452742 -0.947103 20.630516
v 17.429274 -0.947103 20.630516
v 17.421991 -0.947418 20.627493
v 17.418978 -0.948177 20.620192
v 17.430044 -1.259129 22.735889
v 17.452368 -1.259214 22.736094
v 17.458525 -1.259783 22.734253
v 17.458681 -0.360309 20.642122
v 17.452742 -0.358553 20.641289
v 17.430025 -0.358846 20.641432
vn -0.0000 0.9626 0.2708
vn -0.0000 0.9187 0.3949
vn 0.2588 0.8874 0.3814
vn 0.2566 0.9318 0.2569
vn -0.0000 0.9899 0.1417
vn 0.2499 0.9596 0.1291
vn 0.4956 0.8408 0.2177
vn 0.4827 0.8711 0.0909
vn 0.5000 0.7956 0.3420
vn 0.7071 0.6496 0.2792
vn 0.7009 0.6961 0.1556
vn 0.6827 0.7301 0.0301
vn 0.8585 0.5075 0.0745
vn 0.8361 0.5464 -0.0487
vn 0.8660 0.4594 0.1975
vn 0.9659 0.2378 0.1022
vn 0.9575 0.2878 -0.0199
vn 0.9326 0.3324 -0.1407
vn 0.9913 0.0520 -0.1208
vn 0.9654 0.1030 -0.2398
vn 1.0000 -0.0000 -0.0000
vn 0.9659 -0.2378 -0.1022
vn 0.9575 -0.1836 -0.2225
vn 0.9325 -0.1266 -0.3381
vn 0.8584 -0.4032 -0.3170
vn 0.8361 -0.3405 -0.4301
vn 0.8660 -0.4594 -0.1975
vn 0.7071 -0.6496 -0.2792
vn 0.7010 -0.5921 -0.3976
vn 0.6827 -0.5243 -0.5090
vn 0.4957 -0.7368 -0.4597
vn 0.4827 -0.6652 -0.5696
vn 0.5000 -0.7956 -0.3420
vn 0.2588 -0.8874 -0.3814
vn 0.2566 -0.8276 -0.4993
vn 0.2499 -0.7539 -0.6076
vn -0.0000 -0.8588 -0.5122
vn -0.0000 -0.7842 -0.6205
vn -0.0000 -0.9187 -0.3949
vn -0.0000 0.9999 0.0110
vn 0.2389 0.9710 -0.0013
vn -0.0000 0.9928 -0.1195
vn 0.2239 0.9658 -0.1310
vn 0.4615 0.8863 -0.0377
vn 0.4325 0.8864 -0.1653
vn 0.6527 0.7515 -0.0956
vn 0.6116 0.7601 -0.2195
vn 0.7994 0.5759 -0.1712
vn 0.7490 0.5955 -0.2904
vn 0.8916 0.3714 -0.2590
vn 0.8355 0.4038 -0.3726
vn 0.9230 0.1519 -0.3534
vn 0.8649 0.1982 -0.4611
vn 0.8916 -0.0676 -0.4477
vn 0.8355 -0.0075 -0.5494
vn 0.7994 -0.2721 -0.5357
vn 0.7491 -0.1992 -0.6319
vn 0.6527 -0.4478 -0.6111
vn 0.6116 -0.3638 -0.7025
vn 0.4615 -0.5824 -0.6692
vn 0.4325 -0.4900 -0.7569
vn 0.2389 -0.6672 -0.7055
vn 0.2239 -0.5695 -0.7909
vn -0.0000 -0.6961 -0.7179
vn -0.0000 -0.5965 -0.8026
vn -0.0000 0.9689 -0.2476
vn 0.2051 0.9441 -0.2581
vn -0.0000 0.9288 -0.3707
vn 0.1830 0.9067 -0.3801
vn 0.3962 0.8713 -0.2895
vn 0.3534 0.8417 -0.4082
vn 0.5603 0.7557 -0.3391
vn 0.4999 0.7386 -0.4524
vn 0.6862 0.6049 -0.4040
vn 0.6121 0.6040 -0.5104
vn 0.7654 0.4293 -0.4794
vn 0.6828 0.4474 -0.5776
vn 0.7923 0.2409 -0.5605
vn 0.7068 0.2793 -0.6499
vn 0.7655 0.0524 -0.6413
vn 0.6829 0.1112 -0.7220
vn 0.6862 -0.1231 -0.7169
vn 0.6121 -0.0453 -0.7895
vn 0.5604 -0.2740 -0.7816
vn 0.4999 -0.1800 -0.8472
vn 0.3962 -0.3895 -0.8315
vn 0.3534 -0.2830 -0.8916
vn 0.2051 -0.4623 -0.8627
vn 0.1830 -0.3481 -0.9194
vn -0.0000 -0.4870 -0.8734
vn -0.0000 -0.3701 -0.9290
vn -0.0000 0.8733 -0.4871
vn 0.1579 0.8543 -0.4952
vn -0.0000 0.8042 -0.5944
vn 0.1305 0.7884 -0.6011
vn 0.3050 0.7983 -0.5194
vn 0.2520 0.7421 -0.6211
vn 0.4314 0.7092 -0.5576
vn 0.3565 0.6685 -0.6527
vn 0.5283 0.5931 -0.6075
vn 0.4365 0.5726 -0.6940
vn 0.5893 0.4580 -0.6656
vn 0.4869 0.4609 -0.7419
vn 0.6100 0.3129 -0.7280
vn 0.5041 0.3411 -0.7935
vn 0.5893 0.1678 -0.7903
vn 0.4870 0.2212 -0.8450
vn 0.5283 0.0327 -0.8485
vn 0.4365 0.1095 -0.8930
vn 0.4314 -0.0835 -0.8983
vn 0.3565 0.0135 -0.9342
vn 0.3050 -0.1725 -0.9366
vn 0.2520 -0.0600 -0.9659
vn 0.1579 -0.2285 -0.9607
vn 0.1305 -0.1063 -0.9857
vn -0.0000 -0.2475 -0.9689
vn -0.0000 -0.1220 -0.9925
vn -0.0000 0.7317 -0.6817
vn 0.1043 0.7191 -0.6870
vn -0.0000 0.6595 -0.7517
vn 0.0800 0.6499 -0.7558
vn 0.2015 0.6821 -0.7030
vn 0.1545 0.6215 -0.7680
vn 0.2850 0.6233 -0.7282
vn 0.2186 0.5764 -0.7874
vn 0.3490 0.5465 -0.7612
vn 0.2676 0.5175 -0.8127
vn 0.3894 0.4572 -0.7996
vn 0.2986 0.4491 -0.8421
vn 0.4030 0.3614 -0.8408
vn 0.3091 0.3756 -0.8737
vn 0.3894 0.2656 -0.8820
vn 0.2986 0.3021 -0.9053
vn 0.3490 0.1763 -0.9204
vn 0.2676 0.2336 -0.9348
vn 0.2850 0.0995 -0.9533
vn 0.2186 0.1748 -0.9600
vn 0.2015 0.0408 -0.9786
vn 0.1545 0.1297 -0.9794
vn 0.1043 0.0037 -0.9945
vn 0.0800 0.1013 -0.9916
vn -0.0000 -0.0089 -1.0000
vn -0.0000 0.0916 -0.9958
vn -0.0000 0.5794 -0.8151
vn 0.0545 0.5729 -0.8178
vn -0.0000 0.6562 -0.7546
vn 0.0791 0.6471 -0.7583
vn 0.1052 0.5535 -0.8262
vn 0.1525 0.6187 -0.7707
vn 0.1489 0.5228 -0.8394
vn 0.2160 0.5745 -0.7895
vn 0.1822 0.4827 -0.8566
vn 0.2640 0.5162 -0.8148
vn 0.2033 0.4361 -0.8766
vn 0.2950 0.4487 -0.8436
vn 0.2105 0.3861 -0.8981
vn 0.3049 0.3761 -0.8750
vn 0.2034 0.3360 -0.9196
vn 0.2951 0.3034 -0.9060
vn 0.1823 0.2894 -0.9397
vn 0.2641 0.2360 -0.9352
vn 0.1489 0.2493 -0.9569
vn 0.2160 0.1776 -0.9601
vn 0.1052 0.2186 -0.9701
vn 0.1524 0.1335 -0.9793
vn 0.0545 0.1992 -0.9784
vn 0.0791 0.1050 -0.9913
vn -0.0000 0.1927 -0.9813
vn -0.0000 0.0960 -0.9954
vn -0.0000 0.3398 -0.9405
vn -0.0000 0.3950 -0.9187
vn 0.0297 0.3470 -0.9374
vn 0.0277 0.2976 -0.9543
vn 0.0513 0.3670 -0.9288
vn 0.0757 0.3231 -0.9433
vn 0.0593 0.3942 -0.9171
vn 0.1034 0.3672 -0.9244
vn 0.0513 0.4214 -0.9054
vn 0.1034 0.4181 -0.9025
vn 0.0296 0.4414 -0.8968
vn 0.0757 0.4622 -0.8835
vn -0.0000 0.4487 -0.8937
vn 0.0277 0.4876 -0.8726
vn -0.2588 0.8874 0.3814
vn -0.2566 0.9318 0.2569
vn -0.2499 0.9597 0.1288
vn -0.4956 0.8408 0.2177
vn -0.4827 0.8710 0.0909
vn -0.5000 0.7956 0.3420
vn -0.7071 0.6496 0.2792
vn -0.7009 0.6961 0.1556
vn -0.6827 0.7301 0.0300
vn -0.8584 0.5075 0.0745
vn -0.8361 0.5464 -0.0488
vn -0.8660 0.4594 0.1974
vn -0.9659 0.2378 0.1022
vn -0.9575 0.2878 -0.0199
vn -0.9325 0.3324 -0.1408
vn -0.9912 0.0521 -0.1213
vn -0.9654 0.1029 -0.2395
vn -1.0000 -0.0000 -0.0000
vn -0.9659 -0.2378 -0.1022
vn -0.9575 -0.1836 -0.2225
vn -0.9326 -0.1267 -0.3380
vn -0.8584 -0.4032 -0.3170
vn -0.8361 -0.3406 -0.4301
vn -0.8660 -0.4594 -0.1975
vn -0.7071 -0.6496 -0.2792
vn -0.7009 -0.5918 -0.3980
vn -0.6827 -0.5243 -0.5089
vn -0.4957 -0.7368 -0.4599
vn -0.4827 -0.6652 -0.5696
vn -0.5000 -0.7956 -0.3420
vn -0.2588 -0.8874 -0.3814
vn -0.2566 -0.8276 -0.4993
vn -0.2499 -0.7539 -0.6076
vn -0.2389 0.9710 -0.0013
vn -0.2239 0.9658 -0.1309
vn -0.4615 0.8863 -0.0378
vn -0.4325 0.8864 -0.1652
vn -0.6527 0.7515 -0.0956
vn -0.6116 0.7601 -0.2195
vn -0.7994 0.5759 -0.1712
vn -0.7490 0.5955 -0.2903
vn -0.8917 0.3713 -0.2589
vn -0.8356 0.4038 -0.3725
vn -0.9230 0.1519 -0.3535
vn -0.8650 0.1981 -0.4610
vn -0.8917 -0.0676 -0.4476
vn -0.8355 -0.0075 -0.5494
vn -0.7994 -0.2721 -0.5357
vn -0.7491 -0.1991 -0.6318
vn -0.6527 -0.4478 -0.6111
vn -0.6116 -0.3638 -0.7026
vn -0.4615 -0.5824 -0.6692
vn -0.4325 -0.4900 -0.7569
vn -0.2389 -0.6672 -0.7055
vn -0.2239 -0.5695 -0.7909
vn -0.2051 0.9441 -0.2581
vn -0.1830 0.9067 -0.3801
vn -0.3962 0.8713 -0.2895
vn -0.3534 0.8417 -0.4082
vn -0.5604 0.7557 -0.3390
vn -0.4999 0.7386 -0.4523
vn -0.6862 0.6049 -0.4041
vn -0.6122 0.6040 -0.5103
vn -0.7654 0.4293 -0.4794
vn -0.6829 0.4474 -0.5775
vn -0.7923 0.2409 -0.5605
vn -0.7068 0.2794 -0.6499
vn -0.7655 0.0524 -0.6413
vn -0.6829 0.1112 -0.7220
vn -0.6862 -0.1230 -0.7170
vn -0.6121 -0.0453 -0.7895
vn -0.5604 -0.2740 -0.7816
vn -0.4999 -0.1799 -0.8472
vn -0.3962 -0.3894 -0.8315
vn -0.3534 -0.2830 -0.8916
vn -0.2051 -0.4624 -0.8626
vn -0.1830 -0.3481 -0.9194
vn -0.1579 0.8543 -0.4952
vn -0.1305 0.7884 -0.6011
vn -0.3050 0.7983 -0.5194
vn -0.2520 0.7421 -0.6211
vn -0.4314 0.7092 -0.5576
vn -0.3565 0.6685 -0.6527
vn -0.5283 0.5931 -0.6075
vn -0.4365 0.5726 -0.6939
vn -0.5893 0.4580 -0.6656
vn -0.4869 0.4609 -0.7419
vn -0.6101 0.3129 -0.7280
vn -0.5040 0.3411 -0.7935
vn -0.5893 0.1678 -0.7903
vn -0.4869 0.2212 -0.8450
vn -0.5283 0.0327 -0.8484
vn -0.4365 0.1095 -0.8930
vn -0.4314 -0.0835 -0.8983
vn -0.3565 0.0135 -0.9342
vn -0.3050 -0.1724 -0.9366
vn -0.2520 -0.0599 -0.9659
vn -0.1579 -0.2285 -0.9607
vn -0.1305 -0.1063 -0.9857
vn -0.1043 0.7191 -0.6870
vn -0.0800 0.6499 -0.7558
vn -0.2015 0.6821 -0.7030
vn -0.1546 0.6215 -0.7680
vn -0.2851 0.6233 -0.7282
vn -0.2186 0.5764 -0.7874
vn -0.3490 0.5465 -0.7612
vn -0.2676 0.5175 -0.8127
vn -0.3894 0.4572 -0.7996
vn -0.2986 0.4491 -0.8421
vn -0.4030 0.3614 -0.8408
vn -0.3091 0.3756 -0.8737
vn -0.3894 0.2656 -0.8820
vn -0.2986 0.3021 -0.9053
vn -0.3490 0.1763 -0.9204
vn -0.2676 0.2336 -0.9348
vn -0.2850 0.0995 -0.9533
vn -0.2186 0.1748 -0.9600
vn -0.2015 0.0408 -0.9786
vn -0.1545 0.1297 -0.9794
vn -0.1043 0.0037 -0.9945
vn -0.0800 0.1013 -0.9916
vn -0.0000 -0.0088 -1.0000
vn -0.0545 0.5729 -0.8178
vn -0.0791 0.6471 -0.7583
vn -0.1052 0.5535 -0.8262
vn -0.1524 0.6187 -0.7707
vn -0.1488 0.5228 -0.8394
vn -0.2160 0.5745 -0.7895
vn -0.1822 0.4827 -0.8566
vn -0.2640 0.5162 -0.8148
vn -0.2033 0.4361 -0.8766
vn -0.2950 0.4487 -0.8436
vn -0.2105 0.3861 -0.8981
vn -0.3049 0.3761 -0.8750
vn -0.2033 0.3360 -0.9197
vn -0.2951 0.3034 -0.9060
vn -0.1823 0.2894 -0.9397
vn -0.2640 0.2361 -0.9352
vn -0.1489 0.2493 -0.9569
vn -0.2160 0.1776 -0.9601
vn -0.1052 0.2186 -0.9701
vn -0.1524 0.1335 -0.9793
vn -0.0545 0.1993 -0.9784
vn -0.0791 0.1050 -0.9913
vn -0.0294 0.3469 -0.9374
vn -0.0277 0.2976 -0.9543
vn -0.0515 0.3672 -0.9287
vn -0.0757 0.3231 -0.9433
vn -0.0593 0.3943 -0.9171
vn -0.1034 0.3672 -0.9244
vn -0.0514 0.4214 -0.9054
vn -0.1034 0.4181 -0.9025
vn -0.0300 0.4412 -0.8969
vn -0.0757 0.4622 -0.8835
vn -0.0277 0.4877 -0.8726
vn -0.0000 0.9970 0.0777
vn -0.0000 0.4345 -0.9007
vn -0.0112 0.4330 -0.9013
vn -0.2450 0.9674 0.0648
vn 0.2450 0.9674 0.0648
vn 0.0113 0.4330 -0.9013
vn 0.4733 0.8805 0.0276
vn 0.0218 0.4291 -0.9030
vn 0.6693 0.7423 -0.0320
vn 0.0306 0.4227 -0.9058
vn 0.8198 0.5621 -0.1092
vn 0.0377 0.4145 -0.9093
vn 0.9143 0.3525 -0.1996
vn 0.0418 0.4048 -0.9135
vn 0.9466 0.1273 -0.2961
vn 0.0435 0.3945 -0.9179
vn 0.9143 -0.0977 -0.3931
vn 0.0418 0.3842 -0.9223
vn 0.8198 -0.3076 -0.4831
vn 0.0377 0.3746 -0.9264
vn 0.6693 -0.4876 -0.5606
vn 0.0306 0.3664 -0.9300
vn 0.4733 -0.6259 -0.6199
vn 0.0218 0.3599 -0.9327
vn 0.2450 -0.7126 -0.6574
vn 0.0112 0.3561 -0.9344
vn -0.0000 -0.7424 -0.6700
vn -0.0000 0.3545 -0.9351
vn -0.2450 -0.7126 -0.6574
vn -0.0112 0.3561 -0.9344
vn -0.0218 0.4292 -0.9030
vn -0.4733 0.8805 0.0276
vn -0.0306 0.4226 -0.9058
vn -0.6693 0.7423 -0.0320
vn -0.0377 0.4145 -0.9093
vn -0.8198 0.5621 -0.1092
vn -0.0418 0.4048 -0.9134
vn -0.9143 0.3524 -0.1995
vn -0.0435 0.3946 -0.9178
vn -0.9466 0.1273 -0.2961
vn -0.0419 0.3842 -0.9223
vn -0.9143 -0.0977 -0.3930
vn -0.0376 0.3745 -0.9264
vn -0.8198 -0.3076 -0.4831
vn -0.0307 0.3664 -0.9300
vn -0.6693 -0.4875 -0.5606
vn -0.0217 0.3599 -0.9327
vn -0.4733 -0.6259 -0.6199
vn 0.0790 0.6471 -0.7583
vn 0.1524 0.6187 -0.7707
vn 0.2640 0.5161 -0.8148
vn 0.2951 0.4487 -0.8436
vn 0.2640 0.2360 -0.9352
vn 0.2160 0.1775 -0.9601
vn 0.0790 0.1050 -0.9913
vn -0.0790 0.6471 -0.7583
vn -0.1525 0.6187 -0.7707
vn -0.2951 0.4487 -0.8436
vn -0.2641 0.2360 -0.9352
vn -0.1525 0.1335 -0.9792
vn -0.0000 0.4078 -0.9131
vn -0.0000 0.9583 0.2856
vn -0.2571 0.9272 0.2724
vn -0.0037 0.4075 -0.9132
vn 0.0036 0.4075 -0.9132
vn 0.2571 0.9272 0.2724
vn 0.0070 0.4061 -0.9138
vn 0.4966 0.8361 0.2331
vn 0.0100 0.4041 -0.9147
vn 0.7023 0.6910 0.1709
vn 0.0122 0.4013 -0.9159
vn 0.8602 0.5021 0.0895
vn 0.0137 0.3982 -0.9172
vn 0.9594 0.2820 -0.0049
vn 0.0141 0.3949 -0.9186
vn 0.9932 0.0458 -0.1066
vn 0.0137 0.3915 -0.9201
vn 0.9594 -0.1904 -0.2080
vn 0.0122 0.3884 -0.9214
vn 0.8602 -0.4104 -0.3027
vn 0.0100 0.3856 -0.9226
vn 0.7024 -0.5995 -0.3838
vn 0.0070 0.3837 -0.9234
vn 0.4967 -0.7444 -0.4463
vn 0.0037 0.3823 -0.9240
vn 0.2571 -0.8357 -0.4853
vn -0.0000 0.3819 -0.9242
vn -0.0000 -0.8667 -0.4989
vn -0.0037 0.3823 -0.9240
vn -0.2571 -0.8357 -0.4853
vn -0.4966 0.8361 0.2331
vn -0.0070 0.4061 -0.9138
vn -0.7023 0.6910 0.1709
vn -0.0100 0.4041 -0.9147
vn -0.8602 0.5021 0.0895
vn -0.0122 0.4013 -0.9159
vn -0.9594 0.2819 -0.0049
vn -0.0137 0.3982 -0.9172
vn -0.9932 0.0458 -0.1066
vn -0.0141 0.3949 -0.9186
vn -0.9594 -0.1905 -0.2080
vn -0.0137 0.3915 -0.9201
vn -0.8602 -0.4104 -0.3027
vn -0.0122 0.3884 -0.9214
vn -0.7024 -0.5995 -0.3838
vn -0.0100 0.3856 -0.9226
vn -0.4966 -0.7444 -0.4463
vn -0.0071 0.3837 -0.9234
vn 0.2584 0.9029 0.3434
vn -0.0000 0.9343 0.3564
vn 0.4996 0.8112 0.3040
vn 0.7065 0.6655 0.2408
vn 0.8653 0.4752 0.1596
vn 0.9652 0.2537 0.0644
vn 0.9991 0.0164 -0.0382
vn 0.9651 -0.2215 -0.1400
vn 0.8653 -0.4427 -0.2353
vn 0.7064 -0.6330 -0.3168
vn 0.4996 -0.7785 -0.3799
vn 0.2585 -0.8705 -0.4189
vn -0.0000 -0.9017 -0.4323
vn -0.2586 0.9029 0.3434
vn -0.4994 0.8113 0.3040
vn -0.7064 0.6654 0.2413
vn -0.8653 0.4751 0.1595
vn -0.9650 0.2540 0.0645
vn -0.9992 0.0163 -0.0377
vn -0.9651 -0.2215 -0.1399
vn -0.8653 -0.4428 -0.2350
vn -0.7064 -0.6329 -0.3168
vn -0.4995 -0.7788 -0.3795
vn -0.2588 -0.8704 -0.4188
vn 0.0037 0.4074 -0.9132
vn 0.0122 0.4014 -0.9158
vn 0.0100 0.3857 -0.9226
vn -0.0100 0.3857 -0.9226
vn -0.0070 0.3837 -0.9234
vn -0.0000 0.6275 -0.7786
vn -0.0000 0.9799 0.1995
vn -0.2533 0.9495 0.1851
vn -0.0696 0.6191 -0.7822
vn -0.0001 0.9799 0.1995
vn 0.0697 0.6192 -0.7822
vn 0.2533 0.9495 0.1851
vn 0.1346 0.5944 -0.7928
vn 0.4895 0.8594 0.1477
vn 0.1903 0.5551 -0.8097
vn 0.6921 0.7168 0.0850
vn 0.2330 0.5039 -0.8317
vn 0.8478 0.5302 0.0062
vn 0.2600 0.4443 -0.8573
vn 0.9454 0.3137 -0.0882
vn 0.2691 0.3803 -0.8848
vn 0.9790 0.0805 -0.1871
vn 0.2600 0.3163 -0.9123
vn 0.9454 -0.1519 -0.2883
vn 0.2330 0.2567 -0.9380
vn 0.8479 -0.3693 -0.3805
vn 0.1903 0.2055 -0.9600
vn 0.6921 -0.5549 -0.4616
vn 0.1345 0.1663 -0.9769
vn 0.4896 -0.6985 -0.5219
vn 0.0696 0.1415 -0.9875
vn 0.2533 -0.7877 -0.5616
vn -0.0000 0.1332 -0.9911
vn -0.0000 -0.8190 -0.5738
vn -0.0696 0.1415 -0.9875
vn -0.2533 -0.7877 -0.5616
vn -0.0000 0.9775 0.2107
vn -0.0000 0.6374 -0.7705
vn -0.0738 0.6316 -0.7718
vn -0.2542 0.9460 0.2010
vn -0.0000 0.6373 -0.7706
vn -0.0000 0.9775 0.2108
vn 0.2542 0.9460 0.2010
vn 0.0738 0.6316 -0.7718
vn 0.4907 0.8567 0.1588
vn 0.1406 0.6027 -0.7855
vn 0.6943 0.7126 0.1006
vn 0.2017 0.5638 -0.8009
vn 0.8499 0.5267 0.0170
vn 0.2436 0.5082 -0.8261
vn 0.9485 0.3081 -0.0732
vn 0.2755 0.4463 -0.8514
vn 0.9813 0.0760 -0.1767
vn 0.2813 0.3790 -0.8816
vn 0.9485 -0.1589 -0.2740
vn 0.2756 0.3107 -0.9097
vn 0.8498 -0.3748 -0.3705
vn 0.2436 0.2497 -0.9372
vn 0.6944 -0.5633 -0.4478
vn 0.2017 0.1931 -0.9602
vn 0.4907 -0.7048 -0.5124
vn 0.1406 0.1552 -0.9778
vn 0.2542 -0.7968 -0.5482
vn 0.0739 0.1253 -0.9894
vn -0.0000 -0.8256 -0.5642
vn -0.0000 0.1205 -0.9927
vn -0.2541 -0.7968 -0.5482
vn -0.0739 0.1253 -0.9894
vn -0.0000 0.9314 0.3640
vn -0.0000 0.6679 -0.7442
vn -0.0827 0.6576 -0.7488
vn -0.2587 0.9001 0.3505
vn -0.0000 0.6679 -0.7443
vn 0.2587 0.9001 0.3506
vn 0.0827 0.6576 -0.7488
vn 0.4998 0.8084 0.3111
vn 0.1599 0.6285 -0.7612
vn 0.7067 0.6625 0.2484
vn 0.2258 0.5817 -0.7814
vn 0.8655 0.4723 0.1666
vn 0.2769 0.5211 -0.8074
vn 0.9654 0.2509 0.0714
vn 0.3085 0.4501 -0.8380
vn 0.9994 0.0132 -0.0307
vn 0.3197 0.3742 -0.8705
vn 0.9654 -0.2245 -0.1329
vn 0.3085 0.2983 -0.9032
vn 0.8655 -0.4459 -0.2280
vn 0.2769 0.2273 -0.9336
vn 0.7067 -0.6361 -0.3098
vn 0.2258 0.1667 -0.9598
vn 0.4997 -0.7820 -0.3725
vn 0.1598 0.1198 -0.9798
vn 0.2587 -0.8737 -0.4119
vn 0.0827 0.0908 -0.9924
vn -0.0000 -0.9050 -0.4254
vn -0.0000 0.0804 -0.9968
vn -0.2587 -0.8737 -0.4119
vn -0.0827 0.0908 -0.9924
vn -0.4895 0.8594 0.1477
vn -0.1345 0.5944 -0.7928
vn -0.6921 0.7168 0.0851
vn -0.1903 0.5552 -0.8097
vn -0.8478 0.5302 0.0062
vn -0.2330 0.5039 -0.8317
vn -0.9454 0.3137 -0.0882
vn -0.2600 0.4444 -0.8573
vn -0.9790 0.0804 -0.1871
vn -0.2691 0.3804 -0.8848
vn -0.9454 -0.1518 -0.2883
vn -0.2600 0.3163 -0.9123
vn -0.8479 -0.3693 -0.3805
vn -0.2330 0.2567 -0.9380
vn -0.6921 -0.5550 -0.4615
vn -0.1903 0.2055 -0.9600
vn -0.4895 -0.6985 -0.5220
vn -0.1345 0.1663 -0.9769
vn -0.1406 0.6028 -0.7854
vn -0.4907 0.8567 0.1588
vn -0.2018 0.5638 -0.8009
vn -0.6944 0.7125 0.1006
vn -0.2436 0.5082 -0.8261
vn -0.8498 0.5268 0.0170
vn -0.2755 0.4463 -0.8514
vn -0.9485 0.3082 -0.0733
vn -0.2813 0.3790 -0.8816
vn -0.9813 0.0760 -0.1768
vn -0.2756 0.3107 -0.9097
vn -0.9485 -0.1589 -0.2740
vn -0.2436 0.2497 -0.9372
vn -0.8498 -0.3748 -0.3705
vn -0.2017 0.1932 -0.9602
vn -0.6944 -0.5633 -0.4478
vn -0.1406 0.1552 -0.9778
vn -0.4907 -0.7048 -0.5124
vn -0.1598 0.6285 -0.7612
vn -0.4997 0.8084 0.3111
vn -0.2258 0.5817 -0.7815
vn -0.7067 0.6625 0.2484
vn -0.2769 0.5210 -0.8074
vn -0.8656 0.4723 0.1666
vn -0.3085 0.4501 -0.8380
vn -0.9654 0.2508 0.0715
vn -0.3197 0.3742 -0.8705
vn -0.9994 0.0132 -0.0307
vn -0.3085 0.2983 -0.9032
vn -0.9654 -0.2245 -0.1328
vn -0.2768 0.2273 -0.9337
vn -0.8655 -0.4459 -0.2280
vn -0.2258 0.1667 -0.9598
vn -0.7067 -0.6361 -0.3098
vn -0.1599 0.1198 -0.9798
vn -0.4997 -0.7820 -0.3725
vn 0.6921 0.7168 0.0851
vn 0.8479 0.5302 0.0061
vn 0.9790 0.0804 -0.1871
vn 0.9454 -0.1518 -0.2883
vn 0.6921 -0.5549 -0.4615
vn 0.4895 -0.6985 -0.5220
vn -0.8479 0.5302 0.0062
vn -0.8479 -0.3693 -0.3804
vn -0.0000 0.8586 0.5127
vn 0.2566 0.8276 0.4993
vn -0.0000 0.7841 0.6207
vn 0.2499 0.7539 0.6076
vn 0.4957 0.7368 0.4599
vn 0.4827 0.6652 0.5697
vn 0.7009 0.5919 0.3980
vn 0.6827 0.5244 0.5088
vn 0.8585 0.4034 0.3167
vn 0.8361 0.3406 0.4301
vn 0.9575 0.1838 0.2221
vn 0.9326 0.1267 0.3379
vn 0.9912 -0.0521 0.1213
vn 0.9655 -0.1029 0.2392
vn 0.9575 -0.2878 0.0199
vn 0.9326 -0.3324 0.1407
vn 0.8584 -0.5075 -0.0745
vn 0.8361 -0.5464 0.0488
vn 0.7010 -0.6958 -0.1564
vn 0.6826 -0.7301 -0.0301
vn 0.4957 -0.8407 -0.2182
vn 0.4827 -0.8711 -0.0906
vn 0.2565 -0.9318 -0.2569
vn 0.2499 -0.9597 -0.1287
vn -0.0000 -0.9627 -0.2707
vn -0.0000 -0.9899 -0.1420
vn -0.0000 0.6960 0.7181
vn 0.2389 0.6673 0.7054
vn -0.0000 0.5965 0.8026
vn 0.2239 0.5695 0.7909
vn 0.4615 0.5824 0.6692
vn 0.4325 0.4900 0.7569
vn 0.6527 0.4477 0.6112
vn 0.6116 0.3638 0.7025
vn 0.7994 0.2721 0.5357
vn 0.7490 0.1991 0.6319
vn 0.8916 0.0676 0.4478
vn 0.8355 0.0075 0.5494
vn 0.9230 -0.1519 0.3535
vn 0.8650 -0.1982 0.4610
vn 0.8916 -0.3714 0.2591
vn 0.8356 -0.4038 0.3725
vn 0.7994 -0.5759 0.1712
vn 0.7491 -0.5955 0.2903
vn 0.6527 -0.7515 0.0957
vn 0.6116 -0.7601 0.2194
vn 0.4615 -0.8863 0.0377
vn 0.4325 -0.8864 0.1653
vn 0.2389 -0.9710 0.0015
vn 0.2239 -0.9658 0.1310
vn -0.0000 -0.9999 -0.0111
vn -0.0000 -0.9928 0.1195
vn -0.0000 0.4870 0.8734
vn 0.2051 0.4624 0.8626
vn -0.0000 0.3700 0.9290
vn 0.1830 0.3481 0.9194
vn 0.3962 0.3894 0.8315
vn 0.3534 0.2830 0.8916
vn 0.5603 0.2738 0.7817
vn 0.4998 0.1799 0.8472
vn 0.6862 0.1231 0.7169
vn 0.6121 0.0453 0.7895
vn 0.7654 -0.0524 0.6414
vn 0.6828 -0.1112 0.7221
vn 0.7923 -0.2409 0.5605
vn 0.7068 -0.2794 0.6499
vn 0.7655 -0.4293 0.4793
vn 0.6829 -0.4474 0.5775
vn 0.6862 -0.6049 0.4041
vn 0.6121 -0.6040 0.5104
vn 0.5603 -0.7557 0.3391
vn 0.4999 -0.7386 0.4524
vn 0.3962 -0.8713 0.2895
vn 0.3534 -0.8417 0.4082
vn 0.2051 -0.9441 0.2582
vn 0.1830 -0.9067 0.3801
vn -0.0000 -0.9689 0.2476
vn -0.0000 -0.9287 0.3707
vn -0.0000 0.2475 0.9689
vn 0.1579 0.2285 0.9607
vn -0.0000 0.1220 0.9925
vn 0.1305 0.1064 0.9857
vn 0.3050 0.1724 0.9366
vn 0.2520 0.0600 0.9659
vn 0.4314 0.0834 0.8983
vn 0.3564 -0.0136 0.9342
vn 0.5283 -0.0327 0.8484
vn 0.4365 -0.1095 0.8930
vn 0.5893 -0.1678 0.7903
vn 0.4869 -0.2212 0.8450
vn 0.6100 -0.3129 0.7280
vn 0.5041 -0.3411 0.7935
vn 0.5893 -0.4580 0.6656
vn 0.4869 -0.4609 0.7419
vn 0.5283 -0.5931 0.6075
vn 0.4365 -0.5726 0.6939
vn 0.4314 -0.7092 0.5576
vn 0.3564 -0.6685 0.6527
vn 0.3050 -0.7983 0.5194
vn 0.2520 -0.7421 0.6211
vn 0.1579 -0.8543 0.4952
vn 0.1305 -0.7884 0.6011
vn -0.0000 -0.8734 0.4871
vn -0.0000 -0.8042 0.5944
vn -0.0000 0.0089 1.0000
vn 0.1043 -0.0037 0.9945
vn -0.0000 -0.0916 0.9958
vn 0.0800 -0.1013 0.9916
vn 0.2015 -0.0408 0.9786
vn 0.1545 -0.1297 0.9794
vn 0.2850 -0.0995 0.9533
vn 0.2185 -0.1748 0.9600
vn 0.3490 -0.1763 0.9204
vn 0.2676 -0.2336 0.9348
vn 0.3894 -0.2655 0.8820
vn 0.2986 -0.3021 0.9053
vn 0.4030 -0.3614 0.8408
vn 0.3091 -0.3756 0.8737
vn 0.3894 -0.4573 0.7996
vn 0.2986 -0.4490 0.8421
vn 0.3490 -0.5465 0.7612
vn 0.2677 -0.5175 0.8127
vn 0.2850 -0.6232 0.7282
vn 0.2186 -0.5764 0.7874
vn 0.2015 -0.6821 0.7030
vn 0.1545 -0.6215 0.7680
vn 0.1043 -0.7191 0.6870
vn 0.0800 -0.6499 0.7558
vn -0.0000 -0.7317 0.6817
vn -0.0000 -0.6595 0.7517
vn -0.0000 -0.1927 0.9813
vn 0.0545 -0.1993 0.9784
vn -0.0000 -0.0960 0.9954
vn 0.0791 -0.1049 0.9913
vn 0.1052 -0.2186 0.9701
vn 0.1524 -0.1336 0.9792
vn 0.1488 -0.2494 0.9569
vn 0.2160 -0.1776 0.9601
vn 0.1822 -0.2894 0.9397
vn 0.2641 -0.2360 0.9352
vn 0.2033 -0.3360 0.9197
vn 0.2951 -0.3034 0.9060
vn 0.2104 -0.3861 0.8981
vn 0.3049 -0.3761 0.8750
vn 0.2033 -0.4361 0.8766
vn 0.2951 -0.4487 0.8436
vn 0.1822 -0.4827 0.8566
vn 0.2640 -0.5162 0.8148
vn 0.1488 -0.5228 0.8394
vn 0.2160 -0.5745 0.7895
vn 0.1052 -0.5535 0.8262
vn 0.1525 -0.6187 0.7707
vn 0.0545 -0.5729 0.8178
vn 0.0790 -0.6471 0.7583
vn -0.0000 -0.5794 0.8150
vn -0.0000 -0.6562 0.7546
vn 0.0295 -0.4415 0.8968
vn -0.0000 -0.3950 0.9187
vn -0.0000 -0.4486 0.8937
vn 0.0277 -0.4877 0.8726
vn 0.0514 -0.4214 0.9054
vn 0.0757 -0.4622 0.8836
vn 0.0593 -0.3944 0.9170
vn 0.1034 -0.4181 0.9025
vn 0.0514 -0.3671 0.9288
vn 0.1034 -0.3672 0.9244
vn 0.0294 -0.3469 0.9374
vn 0.0757 -0.3231 0.9433
vn -0.0000 -0.3398 0.9405
vn 0.0277 -0.2976 0.9543
vn -0.2566 0.8277 0.4990
vn -0.2499 0.7539 0.6076
vn -0.4957 0.7367 0.4600
vn -0.4827 0.6653 0.5696
vn -0.7009 0.5918 0.3980
vn -0.6827 0.5244 0.5089
vn -0.8584 0.4032 0.3170
vn -0.8360 0.3404 0.4303
vn -0.9575 0.1838 0.2221
vn -0.9326 0.1267 0.3380
vn -0.9912 -0.0521 0.1213
vn -0.9654 -0.1029 0.2394
vn -0.9575 -0.2878 0.0199
vn -0.9326 -0.3324 0.1407
vn -0.8584 -0.5075 -0.0744
vn -0.8361 -0.5464 0.0488
vn -0.7010 -0.6959 -0.1562
vn -0.6827 -0.7300 -0.0304
vn -0.4957 -0.8407 -0.2181
vn -0.4827 -0.8711 -0.0907
vn -0.2565 -0.9318 -0.2569
vn -0.2499 -0.9597 -0.1289
vn -0.2389 0.6672 0.7055
vn -0.2239 0.5695 0.7909
vn -0.4615 0.5824 0.6692
vn -0.4325 0.4899 0.7569
vn -0.6527 0.4476 0.6113
vn -0.6117 0.3638 0.7025
vn -0.7994 0.2721 0.5357
vn -0.7490 0.1991 0.6319
vn -0.8917 0.0676 0.4476
vn -0.8355 0.0075 0.5494
vn -0.9230 -0.1519 0.3535
vn -0.8649 -0.1982 0.4612
vn -0.8917 -0.3714 0.2589
vn -0.8356 -0.4038 0.3725
vn -0.7994 -0.5759 0.1712
vn -0.7490 -0.5955 0.2903
vn -0.6527 -0.7516 0.0956
vn -0.6116 -0.7601 0.2195
vn -0.4615 -0.8863 0.0378
vn -0.4325 -0.8864 0.1653
vn -0.2389 -0.9710 0.0015
vn -0.2239 -0.9658 0.1310
vn -0.2051 0.4624 0.8626
vn -0.1830 0.3480 0.9195
vn -0.3962 0.3895 0.8315
vn -0.3534 0.2830 0.8916
vn -0.5603 0.2739 0.7817
vn -0.4999 0.1800 0.8472
vn -0.6862 0.1230 0.7170
vn -0.6122 0.0454 0.7894
vn -0.7655 -0.0524 0.6413
vn -0.6829 -0.1112 0.7220
vn -0.7923 -0.2409 0.5605
vn -0.7068 -0.2793 0.6499
vn -0.7654 -0.4293 0.4794
vn -0.6829 -0.4474 0.5775
vn -0.6862 -0.6049 0.4041
vn -0.6121 -0.6040 0.5104
vn -0.5603 -0.7557 0.3392
vn -0.4999 -0.7386 0.4523
vn -0.3962 -0.8713 0.2895
vn -0.3534 -0.8417 0.4081
vn -0.2051 -0.9441 0.2582
vn -0.1830 -0.9067 0.3801
vn -0.1579 0.2285 0.9607
vn -0.1305 0.1063 0.9857
vn -0.3050 0.1724 0.9366
vn -0.2520 0.0600 0.9659
vn -0.4314 0.0834 0.8983
vn -0.3565 -0.0136 0.9342
vn -0.5283 -0.0327 0.8484
vn -0.4365 -0.1095 0.8930
vn -0.5893 -0.1678 0.7903
vn -0.4869 -0.2212 0.8450
vn -0.6100 -0.3129 0.7280
vn -0.5041 -0.3411 0.7935
vn -0.5893 -0.4580 0.6655
vn -0.4870 -0.4609 0.7419
vn -0.5283 -0.5931 0.6075
vn -0.4365 -0.5726 0.6940
vn -0.4314 -0.7092 0.5576
vn -0.3565 -0.6686 0.6526
vn -0.3050 -0.7983 0.5194
vn -0.2520 -0.7421 0.6211
vn -0.1579 -0.8543 0.4952
vn -0.1305 -0.7884 0.6011
vn -0.1043 -0.0037 0.9945
vn -0.0800 -0.1013 0.9916
vn -0.2015 -0.0408 0.9786
vn -0.1545 -0.1297 0.9794
vn -0.2850 -0.0995 0.9533
vn -0.2186 -0.1748 0.9600
vn -0.3490 -0.1763 0.9204
vn -0.2677 -0.2336 0.9348
vn -0.3893 -0.2656 0.8820
vn -0.2986 -0.3021 0.9053
vn -0.4030 -0.3614 0.8408
vn -0.3091 -0.3756 0.8737
vn -0.3893 -0.4572 0.7996
vn -0.2986 -0.4491 0.8421
vn -0.3490 -0.5465 0.7612
vn -0.2677 -0.5175 0.8127
vn -0.2850 -0.6233 0.7282
vn -0.2186 -0.5764 0.7874
vn -0.2015 -0.6821 0.7030
vn -0.1545 -0.6215 0.7680
vn -0.1043 -0.7191 0.6870
vn -0.0800 -0.6499 0.7558
vn -0.0545 -0.1993 0.9784
vn -0.0791 -0.1049 0.9913
vn -0.1052 -0.2186 0.9701
vn -0.1524 -0.1335 0.9793
vn -0.1488 -0.2493 0.9569
vn -0.2160 -0.1776 0.9601
vn -0.1822 -0.2894 0.9397
vn -0.2641 -0.2360 0.9352
vn -0.2033 -0.3360 0.9197
vn -0.2951 -0.3034 0.9060
vn -0.2104 -0.3861 0.8982
vn -0.3049 -0.3761 0.8750
vn -0.2033 -0.4361 0.8766
vn -0.2951 -0.4487 0.8436
vn -0.1822 -0.4827 0.8566
vn -0.2641 -0.5162 0.8148
vn -0.1488 -0.5228 0.8394
vn -0.2160 -0.5745 0.7895
vn -0.1052 -0.5535 0.8262
vn -0.1524 -0.6187 0.7707
vn -0.0545 -0.5728 0.8179
vn -0.0791 -0.6471 0.7583
vn -0.0296 -0.4414 0.8968
vn -0.0277 -0.4877 0.8726
vn -0.0513 -0.4214 0.9054
vn -0.0757 -0.4622 0.8835
vn -0.0593 -0.3942 0.9171
vn -0.1034 -0.4181 0.9025
vn -0.0513 -0.3670 0.9288
vn -0.1034 -0.3672 0.9244
vn -0.0296 -0.3470 0.9374
vn -0.0757 -0.3231 0.9433
vn -0.0277 -0.2976 0.9543
vn -0.0112 -0.3561 0.9344
vn -0.0000 -0.3545 0.9351
vn -0.0000 0.7424 0.6700
vn -0.2450 0.7126 0.6574
vn 0.2450 0.7127 0.6573
vn -0.0000 -0.3546 0.9350
vn 0.0112 -0.3561 0.9344
vn 0.4733 0.6259 0.6199
vn 0.0217 -0.3599 0.9327
vn 0.6693 0.4876 0.5606
vn 0.0306 -0.3664 0.9299
vn 0.8198 0.3076 0.4831
vn 0.0378 -0.3747 0.9264
vn 0.9143 0.0977 0.3931
vn 0.0419 -0.3844 0.9222
vn 0.9466 -0.1273 0.2961
vn 0.0435 -0.3945 0.9179
vn 0.9143 -0.3525 0.1995
vn 0.0418 -0.4049 0.9134
vn 0.8198 -0.5621 0.1092
vn 0.0378 -0.4143 0.9093
vn 0.6693 -0.7423 0.0320
vn 0.0307 -0.4227 0.9057
vn 0.4733 -0.8805 -0.0276
vn 0.0218 -0.4292 0.9029
vn 0.2450 -0.9674 -0.0648
vn 0.0112 -0.4330 0.9013
vn -0.0000 -0.9970 -0.0777
vn -0.0000 -0.4345 0.9007
vn -0.2450 -0.9674 -0.0647
vn -0.0114 -0.4330 0.9013
vn -0.0217 -0.3599 0.9327
vn -0.4733 0.6259 0.6198
vn -0.0306 -0.3664 0.9300
vn -0.6693 0.4876 0.5606
vn -0.0377 -0.3745 0.9265
vn -0.8198 0.3076 0.4831
vn -0.0419 -0.3842 0.9223
vn -0.9143 0.0977 0.3930
vn -0.0435 -0.3945 0.9179
vn -0.9466 -0.1273 0.2962
vn -0.0418 -0.4048 0.9134
vn -0.9143 -0.3525 0.1995
vn -0.0377 -0.4145 0.9093
vn -0.8198 -0.5622 0.1092
vn -0.0306 -0.4227 0.9057
vn -0.6693 -0.7423 0.0320
vn -0.0218 -0.4291 0.9030
vn -0.4733 -0.8804 -0.0277
vn 0.0790 -0.1049 0.9913
vn 0.0001 -0.0960 0.9954
vn 0.1524 -0.1335 0.9793
vn 0.2159 -0.1776 0.9601
vn 0.2640 -0.2361 0.9352
vn 0.2951 -0.3033 0.9060
vn 0.2951 -0.4486 0.8436
vn 0.2159 -0.5745 0.7895
vn 0.0791 -0.6471 0.7583
vn -0.0001 -0.0960 0.9954
vn -0.0790 -0.1050 0.9913
vn -0.2640 -0.2361 0.9352
vn -0.2640 -0.5162 0.8148
vn -0.1525 -0.6187 0.7707
vn -0.2571 0.8356 0.4854
vn -0.0000 0.8667 0.4989
vn -0.0000 -0.3819 0.9242
vn -0.0036 -0.3823 0.9240
vn 0.0037 -0.3823 0.9241
vn -0.0001 -0.3819 0.9242
vn 0.2573 0.8356 0.4853
vn 0.0070 -0.3837 0.9234
vn 0.4965 0.7445 0.4463
vn 0.0101 -0.3857 0.9226
vn 0.7024 0.5994 0.3838
vn 0.0122 -0.3884 0.9214
vn 0.8601 0.4106 0.3028
vn 0.0137 -0.3915 0.9201
vn 0.9595 0.1902 0.2079
vn 0.0141 -0.3949 0.9186
vn 0.9932 -0.0458 0.1067
vn 0.0137 -0.3983 0.9172
vn 0.9594 -0.2820 0.0048
vn 0.0122 -0.4013 0.9159
vn 0.8601 -0.5021 -0.0895
vn 0.0100 -0.4041 0.9147
vn 0.7024 -0.6910 -0.1709
vn 0.0071 -0.4061 0.9138
vn 0.4965 -0.8361 -0.2331
vn 0.0036 -0.4074 0.9132
vn 0.2568 -0.9273 -0.2725
vn -0.0000 -0.4078 0.9131
vn -0.0000 -0.9584 -0.2856
vn -0.0037 -0.4075 0.9132
vn -0.2568 -0.9273 -0.2724
vn -0.4966 0.7444 0.4463
vn -0.0071 -0.3837 0.9234
vn -0.7024 0.5995 0.3838
vn -0.0101 -0.3856 0.9226
vn -0.8602 0.4104 0.3028
vn -0.0122 -0.3883 0.9214
vn -0.9594 0.1904 0.2080
vn -0.0137 -0.3915 0.9201
vn -0.9932 -0.0458 0.1067
vn -0.0141 -0.3949 0.9186
vn -0.9594 -0.2819 0.0049
vn -0.0137 -0.3983 0.9172
vn -0.8602 -0.5021 -0.0895
vn -0.0122 -0.4014 0.9158
vn -0.7023 -0.6910 -0.1709
vn -0.0101 -0.4041 0.9147
vn -0.4966 -0.8361 -0.2331
vn -0.0071 -0.4061 0.9138
vn 0.2585 0.8705 0.4189
vn -0.0000 0.9015 0.4327
vn 0.4997 0.7787 0.3794
vn 0.7066 0.6328 0.3167
vn 0.8653 0.4428 0.2350
vn 0.9652 0.2213 0.1397
vn 0.9991 -0.0164 0.0382
vn 0.9651 -0.2537 -0.0644
vn 0.8653 -0.4754 -0.1591
vn 0.7065 -0.6653 -0.2413
vn 0.4996 -0.8114 -0.3034
vn 0.2583 -0.9029 -0.3435
vn -0.0000 -0.9342 -0.3569
vn -0.2587 0.8705 0.4188
vn -0.4996 0.7786 0.3797
vn -0.7066 0.6328 0.3167
vn -0.8654 0.4426 0.2350
vn -0.9651 0.2212 0.1403
vn -0.9991 -0.0164 0.0382
vn -0.9651 -0.2540 -0.0645
vn -0.8653 -0.4752 -0.1596
vn -0.7065 -0.6653 -0.2413
vn -0.4998 -0.8111 -0.3040
vn -0.2586 -0.9029 -0.3434
vn 0.0037 -0.3823 0.9240
vn -0.0000 -0.3820 0.9242
vn 0.0100 -0.3857 0.9226
vn 0.0071 -0.3836 0.9235
vn 0.0137 -0.3982 0.9172
vn 0.0037 -0.4075 0.9132
vn -0.0037 -0.3823 0.9240
vn -0.0071 -0.3836 0.9235
vn -0.0100 -0.3857 0.9226
vn -0.0122 -0.3884 0.9214
vn -0.0137 -0.3982 0.9172
vn -0.0122 -0.4013 0.9159
vn -0.0100 -0.4041 0.9147
vn -0.2533 0.7877 0.5616
vn -0.0000 0.8190 0.5738
vn -0.0000 -0.1332 0.9911
vn -0.0705 -0.1417 0.9874
vn 0.0697 -0.1415 0.9875
vn 0.2533 0.7877 0.5616
vn 0.1345 -0.1663 0.9769
vn 0.4895 0.6985 0.5220
vn 0.1903 -0.2055 0.9600
vn 0.6921 0.5549 0.4616
vn 0.2330 -0.2568 0.9380
vn 0.8478 0.3693 0.3805
vn 0.2600 -0.3163 0.9123
vn 0.9454 0.1518 0.2883
vn 0.2691 -0.3803 0.8848
vn 0.9790 -0.0804 0.1871
vn 0.2599 -0.4443 0.8573
vn 0.9454 -0.3137 0.0882
vn 0.2330 -0.5039 0.8317
vn 0.8479 -0.5302 -0.0062
vn 0.1903 -0.5552 0.8097
vn 0.6921 -0.7168 -0.0851
vn 0.1345 -0.5944 0.7928
vn 0.4895 -0.8594 -0.1477
vn 0.0696 -0.6192 0.7822
vn 0.2533 -0.9495 -0.1851
vn -0.0000 -0.6275 0.7786
vn -0.0000 -0.9799 -0.1995
vn -0.0697 -0.6192 0.7822
vn -0.2533 -0.9495 -0.1851
vn -0.0738 -0.1254 0.9894
vn -0.0000 -0.1206 0.9927
vn -0.0000 0.8256 0.5643
vn -0.2541 0.7968 0.5482
vn 0.2542 0.7968 0.5482
vn 0.0738 -0.1253 0.9894
vn 0.4906 0.7048 0.5124
vn 0.1407 -0.1552 0.9778
vn 0.6944 0.5633 0.4478
vn 0.2017 -0.1932 0.9602
vn 0.8499 0.3748 0.3705
vn 0.2436 -0.2497 0.9372
vn 0.9485 0.1589 0.2740
vn 0.2755 -0.3107 0.9097
vn 0.9813 -0.0759 0.1768
vn 0.2813 -0.3790 0.8816
vn 0.9485 -0.3081 0.0732
vn 0.2756 -0.4463 0.8514
vn 0.8498 -0.5268 -0.0170
vn 0.2436 -0.5082 0.8261
vn 0.6944 -0.7126 -0.1006
vn 0.2017 -0.5639 0.8008
vn 0.4906 -0.8568 -0.1589
vn 0.1406 -0.6028 0.7854
vn 0.2542 -0.9460 -0.2010
vn 0.0739 -0.6317 0.7717
vn -0.0000 -0.9775 -0.2108
vn -0.0000 -0.6374 0.7705
vn -0.2542 -0.9460 -0.2010
vn -0.0738 -0.6317 0.7717
vn -0.0827 -0.0908 0.9924
vn -0.0000 -0.0805 0.9968
vn -0.0000 0.9050 0.4254
vn -0.2587 0.8737 0.4119
vn 0.2587 0.8737 0.4120
vn 0.0827 -0.0908 0.9924
vn 0.4997 0.7820 0.3725
vn 0.1599 -0.1198 0.9798
vn 0.7067 0.6361 0.3098
vn 0.2258 -0.1668 0.9598
vn 0.8655 0.4459 0.2281
vn 0.2768 -0.2273 0.9337
vn 0.9654 0.2244 0.1329
vn 0.3085 -0.2984 0.9032
vn 0.9994 -0.0132 0.0307
vn 0.3197 -0.3742 0.8705
vn 0.9654 -0.2509 -0.0714
vn 0.3084 -0.4502 0.8380
vn 0.8655 -0.4723 -0.1667
vn 0.2768 -0.5212 0.8073
vn 0.7067 -0.6625 -0.2484
vn 0.2258 -0.5817 0.7814
vn 0.4997 -0.8084 -0.3111
vn 0.1599 -0.6285 0.7612
vn 0.2587 -0.9001 -0.3505
vn 0.0826 -0.6577 0.7488
vn -0.0000 -0.9314 -0.3640
vn -0.0001 -0.6679 0.7442
vn -0.2586 -0.9001 -0.3506
vn -0.0827 -0.6576 0.7488
vn -0.4895 0.6985 0.5220
vn -0.1336 -0.1658 0.9771
vn -0.6921 0.5549 0.4616
vn -0.1909 -0.2060 0.9598
vn -0.8479 0.3693 0.3804
vn -0.2326 -0.2561 0.9382
vn -0.9454 0.1518 0.2883
vn -0.2603 -0.3173 0.9119
vn -0.9790 -0.0804 0.1871
vn -0.2690 -0.3796 0.8852
vn -0.9454 -0.3136 0.0882
vn -0.2595 -0.4457 0.8568
vn -0.8478 -0.5302 -0.0062
vn -0.2335 -0.5032 0.8321
vn -0.6921 -0.7168 -0.0851
vn -0.1893 -0.5561 0.8093
vn -0.4895 -0.8594 -0.1477
vn -0.1358 -0.5938 0.7931
vn -0.1406 -0.1552 0.9778
vn -0.4907 0.7048 0.5124
vn -0.2018 -0.1931 0.9602
vn -0.6944 0.5633 0.4478
vn -0.2436 -0.2497 0.9372
vn -0.8499 0.3748 0.3705
vn -0.2756 -0.3107 0.9097
vn -0.9485 0.1589 0.2740
vn -0.2813 -0.3790 0.8816
vn -0.9813 -0.0760 0.1768
vn -0.2756 -0.4463 0.8514
vn -0.9485 -0.3081 0.0733
vn -0.2436 -0.5082 0.8261
vn -0.8499 -0.5267 -0.0170
vn -0.2018 -0.5638 0.8009
vn -0.6943 -0.7126 -0.1006
vn -0.1406 -0.6028 0.7854
vn -0.4907 -0.8567 -0.1589
vn -0.1598 -0.1199 0.9798
vn -0.4998 0.7819 0.3725
vn -0.2258 -0.1667 0.9598
vn -0.7067 0.6361 0.3098
vn -0.2768 -0.2273 0.9337
vn -0.8655 0.4459 0.2281
vn -0.3085 -0.2983 0.9032
vn -0.9654 0.2244 0.1328
vn -0.3197 -0.3742 0.8705
vn -0.9994 -0.0131 0.0307
vn -0.3085 -0.4502 0.8379
vn -0.9654 -0.2508 -0.0714
vn -0.2768 -0.5210 0.8074
vn -0.8655 -0.4724 -0.1667
vn -0.2258 -0.5817 0.7814
vn -0.7067 -0.6625 -0.2484
vn -0.1599 -0.6286 0.7611
vn -0.4997 -0.8084 -0.3111
vn 0.6921 0.5549 0.4615
vn 0.8479 0.3693 0.3804
vn 0.9790 -0.0804 0.1872
vn 0.9454 -0.3136 0.0882
vn -0.6921 0.5549 0.4615
vn -0.9454 -0.3137 0.0882
vn -0.8479 -0.5302 -0.0061
vn -0.0978 0.5048 -0.8577
vn -0.0993 0.5932 -0.7989
vn -0.7192 0.4145 -0.5576
vn -0.7236 0.3506 -0.5945
vn -0.9993 0.0230 -0.0309
vn -0.9993 0.0195 -0.0331
vn 0.0705 0.7208 -0.6896
vn -0.0704 0.7207 -0.6896
vn -0.0685 0.9482 -0.3101
vn 0.0683 0.9482 -0.3102
vn 0.0683 0.9482 -0.3101
vn -0.0686 0.9482 -0.3101
vn -0.0956 0.9279 0.3603
vn 0.0956 0.9282 0.3596
vn -0.0927 0.9132 0.3967
vn -0.7128 0.6523 0.2578
vn -0.6963 0.6568 0.2896
vn -0.9553 0.2809 0.0922
vn -0.9500 0.2851 0.1275
vn -0.9400 0.3149 0.1316
vn -0.9446 0.2882 0.1571
vn -0.7071 0.6392 0.3023
vn -0.6872 0.6693 0.2825
vn -0.0974 0.8994 0.4262
vn -0.0948 0.9159 0.3901
vn 0.0967 0.8992 0.4268
vn -0.0721 0.4340 0.8980
vn 0.0635 0.4375 0.8970
vn 0.0635 0.4376 0.8969
vn -0.0721 0.0233 0.9971
vn 0.0650 0.0291 0.9975
vn 0.0962 0.9132 0.3960
vn -0.0759 0.6718 0.7368
vn 0.0617 0.6668 0.7427
vn 0.0664 0.2810 0.9574
vn -0.0783 0.2868 0.9548
vn -0.0782 -0.2190 0.9726
vn 0.0699 -0.2241 0.9721
vn 0.0628 0.5836 -0.8096
vn -0.0826 0.5802 -0.8103
vn -0.0845 0.8943 -0.4394
vn 0.0602 0.8959 -0.4401
vn 0.0556 0.9984 -0.0072
vn -0.0792 0.9968 -0.0099
vn 0.0983 0.9153 0.3905
vn -1.0000 0.0008 -0.0029
vn -1.0000 0.0010 -0.0030
vn -0.9174 0.1266 -0.3774
vn -0.9201 0.1088 -0.3763
vn -0.6827 0.2026 -0.7020
vn -0.6786 0.2335 -0.6964
vn -0.0977 0.3158 -0.9438
vn -0.0981 0.2741 -0.9567
vn 0.6997 0.6547 0.2861
vn 0.7230 0.6435 0.2513
vn 0.9524 0.2787 0.1232
vn 0.9578 0.2737 0.0880
vn 0.9477 0.2809 0.1513
vn 0.9430 0.3065 0.1297
vn 0.6902 0.6657 0.2838
vn 0.7171 0.6301 0.2978
vn 0.0977 0.2745 -0.9566
vn 0.0986 0.3155 -0.9438
vn 0.6885 0.2300 -0.6878
vn 0.6944 0.1983 -0.6918
vn 0.9245 0.1048 -0.3664
vn 0.9246 0.1208 -0.3613
vn 1.0000 0.0010 -0.0029
vn 1.0000 0.0008 -0.0029
vn 0.9993 -0.0106 0.0370
vn 0.9993 -0.0119 0.0356
vn 0.7247 -0.2190 0.6534
vn 0.7237 -0.1902 0.6634
vn 0.0996 -0.3157 0.9436
vn 0.0992 -0.2750 0.9563
vn -1.0000 -0.0030 -0.0000
vn -0.9994 0.0360 -0.0000
vn -0.9993 0.0378 0.0051
vn -1.0000 -0.0028 -0.0004
vn -1.0000 -0.0026 0.0011
vn -0.9992 0.0358 -0.0150
vn -0.9993 0.0351 -0.0095
vn -1.0000 -0.0029 0.0008
vn -1.0000 -0.0023 0.0018
vn -0.9992 0.0311 -0.0240
vn -0.9993 0.0319 -0.0185
vn -1.0000 -0.0026 0.0015
vn -1.0000 -0.0018 0.0024
vn -0.9993 0.0264 -0.0264
vn -1.0000 -0.0022 0.0022
vn -1.0000 0.0013 0.0043
vn -0.9992 -0.0109 0.0380
vn -0.9993 -0.0120 0.0360
vn -1.0000 0.0001 -0.0031
vn -0.9993 -0.0009 0.0372
vn -0.9993 -0.0066 0.0381
vn -1.0000 0.0005 -0.0030
vn -1.0000 -0.0010 -0.0027
vn -0.9992 0.0138 0.0363
vn -0.9993 0.0085 0.0359
vn -1.0000 -0.0007 -0.0029
vn -1.0000 -0.0017 -0.0023
vn -0.9993 0.0225 0.0311
vn -0.9993 0.0173 0.0320
vn -1.0000 -0.0014 -0.0027
vn -1.0000 -0.0022 -0.0018
vn -0.9993 0.0297 0.0238
vn -0.9994 0.0248 0.0261
vn -1.0000 -0.0021 -0.0022
vn -1.0000 -0.0025 -0.0013
vn -0.9993 0.0349 0.0150
vn -0.9994 0.0307 0.0184
vn -1.0000 -0.0025 -0.0015
vn -0.9994 0.0345 0.0096
vn -1.0000 -0.0028 -0.0008
vn 0.0970 -0.9953 -0.0012
vn -0.0970 -0.9953 -0.0011
vn -0.0976 -0.9861 -0.1343
vn 0.0976 -0.9861 -0.1343
vn 0.0976 -0.9180 0.3844
vn -0.0976 -0.9179 0.3845
vn -0.0970 -0.9605 0.2607
vn 0.0970 -0.9605 0.2607
vn 0.0975 -0.7887 0.6070
vn -0.0975 -0.7886 0.6071
vn -0.0970 -0.8604 0.5003
vn 0.0970 -0.8604 0.5003
vn 0.0975 -0.5939 0.7986
vn -0.0975 -0.5939 0.7986
vn -0.0969 -0.7048 0.7028
vn 0.0968 -0.7048 0.7028
vn 0.0986 -0.5055 0.8572
vn -0.0987 -0.5056 0.8571
vn 0.0969 0.0250 -0.9950
vn -0.0970 0.0250 -0.9950
vn -0.0973 0.1712 -0.9804
vn 0.0974 0.1710 -0.9804
vn 0.0976 -0.3528 -0.9306
vn -0.0976 -0.3526 -0.9307
vn -0.0970 -0.2291 -0.9686
vn 0.0970 -0.2291 -0.9686
vn 0.0976 -0.5834 -0.8063
vn -0.0976 -0.5832 -0.8064
vn -0.0970 -0.4718 -0.8763
vn 0.0970 -0.4718 -0.8763
vn 0.0976 -0.7761 -0.6230
vn -0.0976 -0.7760 -0.6231
vn -0.0970 -0.6857 -0.7214
vn 0.0970 -0.6857 -0.7214
vn 0.0976 -0.9143 -0.3930
vn -0.0976 -0.9143 -0.3930
vn -0.0970 -0.8530 -0.5128
vn 0.0970 -0.8530 -0.5128
vn -0.0970 -0.9591 -0.2661
vn 0.0970 -0.9591 -0.2661
vn 0.9993 0.0361 -0.0000
vn 1.0000 -0.0030 -0.0000
vn 1.0000 -0.0028 -0.0004
vn 0.9993 0.0377 0.0051
vn 0.9992 0.0358 -0.0150
vn 1.0000 -0.0026 0.0011
vn 1.0000 -0.0030 0.0008
vn 0.9993 0.0351 -0.0095
vn 0.9992 0.0311 -0.0240
vn 1.0000 -0.0023 0.0018
vn 1.0000 -0.0026 0.0016
vn 0.9993 0.0318 -0.0185
vn 0.9993 0.0230 -0.0309
vn 1.0000 -0.0018 0.0024
vn 1.0000 -0.0022 0.0022
vn 0.9993 0.0264 -0.0263
vn 0.9993 0.0178 -0.0341
vn 1.0000 -0.0015 0.0026
vn 0.9993 -0.0009 0.0373
vn 1.0000 0.0001 -0.0031
vn 1.0000 0.0005 -0.0029
vn 0.9993 -0.0066 0.0379
vn 0.9992 0.0138 0.0363
vn 1.0000 -0.0010 -0.0027
vn 1.0000 -0.0007 -0.0030
vn 0.9993 0.0085 0.0358
vn 0.9993 0.0225 0.0311
vn 1.0000 -0.0017 -0.0023
vn 1.0000 -0.0014 -0.0027
vn 0.9993 0.0173 0.0321
vn 0.9993 0.0297 0.0238
vn 1.0000 -0.0022 -0.0017
vn 1.0000 -0.0021 -0.0021
vn 0.9993 0.0249 0.0261
vn 0.9993 0.0349 0.0150
vn 1.0000 -0.0026 -0.0011
vn 1.0000 -0.0026 -0.0015
vn 0.9994 0.0307 0.0185
vn 1.0000 -0.0028 -0.0008
vn 0.9994 0.0345 0.0095
vn -0.0994 0.9859 0.1343
vn -0.1006 0.9949 0.0011
vn 0.1006 0.9949 0.0011
vn 0.0993 0.9859 0.1344
vn -0.1005 0.9602 -0.2606
vn -0.0993 0.9178 -0.3843
vn 0.0993 0.9178 -0.3845
vn 0.1005 0.9602 -0.2605
vn -0.1004 0.8601 -0.5001
vn -0.0993 0.7886 -0.6068
vn 0.0993 0.7885 -0.6070
vn 0.1005 0.8602 -0.5000
vn -0.1004 0.7045 -0.7025
vn 0.0993 0.5932 -0.7989
vn 0.1004 0.7046 -0.7025
vn 0.0979 0.5048 -0.8577
vn -0.0956 -0.3157 0.9440
vn -0.0976 -0.2744 0.9566
vn -0.0994 -0.1714 0.9802
vn -0.1005 -0.0250 0.9946
vn 0.1004 -0.0250 0.9946
vn 0.0995 -0.1714 0.9802
vn -0.1005 0.2290 0.9682
vn -0.0993 0.3527 0.9304
vn 0.0993 0.3526 0.9305
vn 0.1005 0.2290 0.9682
vn -0.1005 0.4717 0.8760
vn -0.0993 0.5833 0.8062
vn 0.0993 0.5831 0.8063
vn 0.1005 0.4717 0.8760
vn -0.1006 0.6854 0.7212
vn -0.0993 0.7759 0.6229
vn 0.0993 0.7759 0.6230
vn 0.1006 0.6854 0.7212
vn -0.1007 0.8527 0.5127
vn -0.0994 0.9142 0.3930
vn 0.0994 0.9142 0.3930
vn 0.1006 0.8527 0.5126
vn -0.1006 0.9587 0.2659
vn 0.1006 0.9587 0.2659
vn -0.7161 0.6917 0.0942
vn -0.7232 0.6655 0.1846
vn -0.7230 0.6908 0.0008
vn -0.7228 0.6669 -0.1810
vn -0.7157 0.6442 -0.2698
vn -0.7226 0.5976 -0.3475
vn -0.7150 0.5540 -0.4264
vn -0.7212 0.4905 -0.4891
vn -0.7178 -0.2208 0.6604
vn -0.7149 -0.1927 0.6721
vn -0.7178 -0.1198 0.6859
vn -0.7222 -0.0174 0.6914
vn -0.7224 0.1591 0.6729
vn -0.7157 0.2475 0.6531
vn -0.7228 0.3276 0.6085
vn -0.7158 0.4092 0.5658
vn -0.7231 0.4758 0.5007
vn -0.7161 0.5443 0.4370
vn -0.7232 0.5919 0.3558
vn -0.7161 0.6413 0.2756
vn -0.9251 -0.3762 -0.0512
vn -0.9256 -0.3785 -0.0005
vn -0.6906 -0.7232 -0.0008
vn -0.6958 -0.7117 -0.0970
vn -0.9255 -0.3654 0.0991
vn -0.9251 -0.3503 0.1468
vn -0.6958 -0.6624 0.2775
vn -0.6906 -0.6980 0.1894
vn -0.9255 -0.3274 0.1904
vn -0.9252 -0.3007 0.2314
vn -0.6964 -0.5688 0.4377
vn -0.6907 -0.6252 0.3635
vn -0.9258 -0.2677 0.2669
vn -0.9242 -0.2273 0.3069
vn -0.6913 -0.4305 0.5804
vn -0.6919 -0.5112 0.5099
vn -0.9202 -0.1981 0.3378
vn -0.6827 -0.3699 0.6301
vn -0.9242 0.0663 -0.3761
vn -0.9258 0.0095 -0.3779
vn -0.6919 0.0181 -0.7218
vn -0.6913 0.1250 -0.7117
vn -0.9255 -0.0868 -0.3687
vn -0.9250 -0.1346 -0.3553
vn -0.6958 -0.2545 -0.6716
vn -0.6907 -0.1664 -0.7037
vn -0.9255 -0.1795 -0.3335
vn -0.9250 -0.2225 -0.3080
vn -0.6958 -0.4209 -0.5820
vn -0.6906 -0.3428 -0.6368
vn -0.9256 -0.2608 -0.2742
vn -0.9251 -0.2961 -0.2378
vn -0.6958 -0.5601 -0.4497
vn -0.6906 -0.4983 -0.5243
vn -0.9254 -0.3247 -0.1955
vn -0.9251 -0.3488 -0.1500
vn -0.6958 -0.6599 -0.2836
vn -0.6905 -0.6199 -0.3727
vn -0.6905 -0.6970 -0.1934
vn -0.9256 -0.3647 -0.1012
vn 0.6958 -0.7117 -0.0970
vn 0.6906 -0.7233 -0.0008
vn 0.9254 -0.3790 -0.0002
vn 0.9251 -0.3763 -0.0512
vn 0.6906 -0.6980 0.1894
vn 0.6958 -0.6625 0.2774
vn 0.9250 -0.3504 0.1468
vn 0.9255 -0.3654 0.0993
vn 0.6907 -0.6252 0.3635
vn 0.6964 -0.5688 0.4377
vn 0.9252 -0.3007 0.2314
vn 0.9255 -0.3276 0.1903
vn 0.6919 -0.5113 0.5098
vn 0.6913 -0.4305 0.5804
vn 0.9242 -0.2273 0.3069
vn 0.9258 -0.2676 0.2669
vn 0.6827 -0.3699 0.6301
vn 0.9201 -0.1981 0.3379
vn 0.6931 0.1241 -0.7101
vn 0.6908 0.0182 -0.7228
vn 0.9254 0.0095 -0.3788
vn 0.9250 0.0657 -0.3743
vn 0.6907 -0.1664 -0.7037
vn 0.6958 -0.2545 -0.6716
vn 0.9250 -0.1346 -0.3553
vn 0.9255 -0.0873 -0.3686
vn 0.6906 -0.3429 -0.6368
vn 0.6958 -0.4210 -0.5819
vn 0.9251 -0.2226 -0.3077
vn 0.9255 -0.1795 -0.3335
vn 0.6906 -0.4983 -0.5242
vn 0.6958 -0.5600 -0.4496
vn 0.9251 -0.2961 -0.2378
vn 0.9255 -0.2608 -0.2745
vn 0.6905 -0.6199 -0.3727
vn 0.6958 -0.6599 -0.2836
vn 0.9251 -0.3490 -0.1498
vn 0.9256 -0.3244 -0.1951
vn 0.9256 -0.3647 -0.1013
vn 0.6905 -0.6970 -0.1933
vn 0.7161 0.6916 0.0942
vn 0.7232 0.6907 0.0008
vn 0.7231 0.6907 0.0008
vn 0.7229 0.6669 -0.1809
vn 0.7157 0.6442 -0.2698
vn 0.7228 0.6669 -0.1810
vn 0.7225 0.5977 -0.3475
vn 0.7151 0.5539 -0.4264
vn 0.7150 0.5540 -0.4264
vn 0.7213 0.4904 -0.4890
vn 0.7192 0.4145 -0.5576
vn 0.7213 0.4905 -0.4890
vn 0.7236 0.3506 -0.5945
vn 0.7192 -0.1195 0.6844
vn 0.7213 -0.0174 0.6924
vn 0.7192 -0.1194 0.6844
vn 0.7225 0.1591 0.6728
vn 0.7157 0.2475 0.6531
vn 0.7157 0.2474 0.6531
vn 0.7229 0.3276 0.6084
vn 0.7159 0.4092 0.5657
vn 0.7159 0.4091 0.5657
vn 0.7228 0.3276 0.6085
vn 0.7231 0.4759 0.5006
vn 0.7161 0.5443 0.4370
vn 0.7231 0.4758 0.5006
vn 0.7233 0.5918 0.3558
vn 0.7162 0.6412 0.2756
vn 0.7161 0.6412 0.2756
vn 0.7233 0.6654 0.1846
vn -0.6019 0.7590 -0.2483
vn -0.6983 0.5436 -0.4658
vn -0.5698 0.3506 0.7433
vn -0.6571 0.0632 0.7512
vn -0.5477 0.2515 0.7980
vn -0.6572 -0.1079 0.7460
vn -0.6486 0.4485 0.6149
vn -0.9033 0.0453 0.4265
vn -0.6489 0.7543 -0.0995
vn -0.5497 0.7498 -0.3684
vn -0.6539 0.4894 -0.5770
vn -0.8981 0.3640 -0.2468
vn 0.6850 0.3934 0.6131
vn 0.9080 0.0128 0.4187
vn 0.6851 0.3934 0.6131
vn 0.5647 0.2000 0.8007
vn 0.6618 -0.1401 0.7365
vn 0.6944 0.7134 -0.0943
vn 0.9153 0.3283 -0.2333
vn 0.5840 0.7285 -0.3581
vn 0.6940 0.4628 -0.5515
vn 0.6011 0.7595 -0.2485
vn 0.6980 0.5441 -0.4656
vn 0.5836 0.3778 0.7188
vn 0.6859 0.0851 0.7227
vn 0.5836 0.3777 0.7189
vn 0.5836 0.3777 0.7188
vn -0.0000 -0.0836 0.9965
vn 0.0320 -0.0773 0.9965
vn 0.2628 -0.6344 0.7269
vn -0.0000 -0.6867 0.7269
vn -0.0000 -0.6867 0.7270
vn 0.2628 -0.6344 0.7270
vn 0.3318 -0.8010 0.4983
vn -0.0000 -0.8670 0.4983
vn -0.0320 -0.0773 0.9965
vn -0.2628 -0.6344 0.7270
vn -0.2628 -0.6344 0.7269
vn -0.3318 -0.8010 0.4983
vn 0.6131 -0.6131 0.4983
vn 0.4856 -0.4856 0.7270
vn 0.4856 -0.4856 0.7269
vn 0.0591 -0.0591 0.9965
vn 0.8010 -0.3318 0.4983
vn 0.6344 -0.2628 0.7270
vn 0.0772 -0.0320 0.9965
vn 0.8670 -0.0000 0.4983
vn 0.6867 -0.0000 0.7270
vn 0.6867 -0.0000 0.7269
vn 0.0836 -0.0000 0.9965
vn 0.8010 0.3318 0.4983
vn 0.6344 0.2628 0.7270
vn 0.6344 0.2628 0.7269
vn 0.0772 0.0320 0.9965
vn 0.6131 0.6131 0.4983
vn 0.4856 0.4856 0.7269
vn 0.0591 0.0591 0.9965
vn 0.3318 0.8010 0.4983
vn 0.2628 0.6344 0.7270
vn 0.0320 0.0773 0.9965
vn -0.0000 0.8670 0.4983
vn -0.0000 0.6867 0.7269
vn -0.0000 0.6867 0.7270
vn -0.0000 0.0836 0.9965
vn -0.3318 0.8010 0.4983
vn -0.2628 0.6344 0.7269
vn -0.0320 0.0773 0.9965
vn -0.6131 0.6131 0.4983
vn -0.4856 0.4856 0.7269
vn -0.4855 0.4855 0.7270
vn -0.0591 0.0591 0.9965
vn -0.8010 0.3318 0.4983
vn -0.6344 0.2628 0.7269
vn -0.0773 0.0320 0.9965
vn -0.8670 -0.0000 0.4983
vn -0.6867 -0.0000 0.7270
vn -0.0836 -0.0000 0.9965
vn -0.8010 -0.3318 0.4983
vn -0.6344 -0.2628 0.7270
vn -0.0773 -0.0320 0.9965
vn -0.6131 -0.6131 0.4983
vn -0.4856 -0.4856 0.7269
vn -0.0591 -0.0591 0.9965
vn -0.0000 -0.0851 0.9964
vn 0.0326 -0.0787 0.9964
vn 0.0602 -0.0602 0.9964
vn 0.0786 -0.0326 0.9964
vn 0.0851 -0.0000 0.9964
vn 0.0786 0.0326 0.9964
vn 0.0602 0.0602 0.9964
vn 0.0326 0.0787 0.9964
vn -0.0000 0.0852 0.9964
vn -0.0326 0.0787 0.9964
vn -0.0602 0.0602 0.9964
vn -0.0787 0.0326 0.9964
vn -0.0852 -0.0000 0.9964
vn -0.0787 -0.0326 0.9964
vn -0.0602 -0.0602 0.9964
vn -0.0326 -0.0787 0.9964
vn -0.0000 -0.9777 0.2100
vn 0.3741 -0.9033 0.2100
vn 0.2788 -0.6731 0.6850
vn -0.0000 -0.7286 0.6849
vn 0.5152 -0.5152 0.6850
vn 0.6913 -0.6913 0.2100
vn 0.6732 -0.2788 0.6849
vn 0.9033 -0.3741 0.2100
vn 0.7286 -0.0000 0.6849
vn 0.9777 -0.0000 0.2100
vn 0.6732 0.2788 0.6849
vn 0.9033 0.3742 0.2100
vn 0.5152 0.5152 0.6849
vn 0.6913 0.6913 0.2100
vn 0.2788 0.6732 0.6849
vn 0.3741 0.9033 0.2100
vn -0.0000 0.7286 0.6849
vn -0.0000 0.9777 0.2100
vn -0.2788 0.6732 0.6849
vn -0.3742 0.9033 0.2100
vn -0.5152 0.5152 0.6849
vn -0.6913 0.6913 0.2100
vn -0.6732 0.2788 0.6849
vn -0.9033 0.3742 0.2099
vn -0.7286 -0.0000 0.6849
vn -0.9777 -0.0000 0.2100
vn -0.6731 -0.2788 0.6849
vn -0.9033 -0.3742 0.2100
vn -0.5152 -0.5152 0.6850
vn -0.6914 -0.6913 0.2100
vn -0.2788 -0.6731 0.6850
vn -0.3742 -0.9033 0.2100
vn -0.0000 -0.9904 0.1386
vn 0.3790 -0.9150 0.1386
vn 0.7003 -0.7003 0.1385
vn 0.9150 -0.3790 0.1386
vn 0.9903 -0.0000 0.1386
vn 0.9150 0.3790 0.1386
vn 0.7003 0.7003 0.1386
vn 0.3790 0.9150 0.1385
vn -0.0000 0.9904 0.1385
vn -0.3790 0.9150 0.1385
vn -0.7003 0.7003 0.1386
vn -0.9150 0.3790 0.1386
vn -0.9904 -0.0000 0.1385
vn -0.9150 -0.3790 0.1386
vn -0.7003 -0.7003 0.1386
vn -0.3790 -0.9150 0.1385
vn -0.0000 -0.9903 0.1386
vn -0.3806 -0.9188 0.1044
vn -0.0000 -0.9945 0.1045
vn -0.0000 -0.7091 0.7052
vn -0.2713 -0.6551 0.7052
vn -0.0000 -0.1926 0.9813
vn -0.0737 -0.1779 0.9813
vn 0.0737 -0.1780 0.9813
vn -0.0000 -0.7090 0.7052
vn 0.2713 -0.6551 0.7052
vn -0.0000 -0.9945 0.1044
vn 0.3806 -0.9188 0.1045
vn 0.1362 -0.1362 0.9813
vn 0.5014 -0.5014 0.7051
vn 0.7033 -0.7032 0.1045
vn 0.1779 -0.0737 0.9813
vn 0.6551 -0.2713 0.7052
vn 0.9188 -0.3807 0.1044
vn 0.1926 -0.0000 0.9813
vn 0.7090 -0.0000 0.7052
vn 0.9945 -0.0000 0.1044
vn 0.1780 0.0737 0.9813
vn 0.6550 0.2713 0.7052
vn 0.9188 0.3806 0.1045
vn 0.1362 0.1362 0.9813
vn 0.5014 0.5014 0.7052
vn 0.7032 0.7033 0.1044
vn 0.0737 0.1780 0.9813
vn 0.2714 0.6551 0.7051
vn 0.3806 0.9188 0.1044
vn -0.0000 0.1926 0.9813
vn -0.0000 0.7091 0.7051
vn -0.0001 0.9945 0.1045
vn -0.0737 0.1780 0.9813
vn -0.2713 0.6551 0.7052
vn -0.3806 0.9188 0.1045
vn -0.1362 0.1362 0.9813
vn -0.5014 0.5013 0.7052
vn -0.7033 0.7032 0.1045
vn -0.1780 0.0737 0.9813
vn -0.6551 0.2713 0.7052
vn -0.9188 0.3806 0.1045
vn -0.1926 -0.0000 0.9813
vn -0.7090 -0.0000 0.7052
vn -0.9945 -0.0001 0.1045
vn -0.1780 -0.0737 0.9813
vn -0.6551 -0.2713 0.7052
vn -0.9188 -0.3806 0.1045
vn -0.1362 -0.1362 0.9813
vn -0.5014 -0.5014 0.7051
vn -0.7033 -0.7032 0.1044
vn 0.0098 -0.0098 -0.9999
vn 0.0053 -0.0129 -0.9999
vn -0.0000 -0.0000 -1.0000
vn 0.0129 -0.0053 -0.9999
vn 0.0139 -0.0000 -0.9999
vn 0.0128 0.0053 -0.9999
vn 0.0098 0.0098 -0.9999
vn 0.0053 0.0128 -0.9999
vn -0.0000 0.0139 -0.9999
vn -0.0053 0.0128 -0.9999
vn -0.0098 0.0098 -0.9999
vn -0.0128 0.0053 -0.9999
vn -0.0139 -0.0000 -0.9999
vn -0.0128 -0.0053 -0.9999
vn -0.0098 -0.0098 -0.9999
vn -0.0053 -0.0128 -0.9999
vn -0.0000 -0.0139 -0.9999
vn 0.3821 -0.9224 0.0563
vn 0.7060 -0.7060 0.0562
vn 0.9224 -0.3821 0.0562
vn 0.9984 -0.0000 0.0562
vn 0.9224 0.3821 0.0562
vn 0.7060 0.7060 0.0562
vn 0.3821 0.9224 0.0563
vn -0.0000 0.9984 0.0562
vn -0.3821 0.9224 0.0563
vn -0.7060 0.7060 0.0562
vn -0.9224 0.3821 0.0562
vn -0.9984 -0.0000 0.0563
vn -0.9224 -0.3821 0.0563
vn -0.7060 -0.7060 0.0562
vn -0.3821 -0.9224 0.0562
vn -0.0000 -0.9984 0.0562
vn 0.2930 -0.7075 -0.6432
vn -0.0000 -0.7657 -0.6432
vn 0.2930 -0.7075 -0.6431
vn 0.5415 -0.5414 -0.6431
vn 0.5415 -0.5414 -0.6432
vn 0.7074 -0.2930 -0.6432
vn 0.7657 -0.0000 -0.6432
vn 0.7074 0.2930 -0.6432
vn 0.7075 0.2930 -0.6431
vn 0.5415 0.5415 -0.6431
vn 0.5415 0.5414 -0.6432
vn 0.2930 0.7074 -0.6432
vn -0.0000 0.7657 -0.6431
vn -0.0000 0.7658 -0.6431
vn -0.2930 0.7075 -0.6432
vn -0.5415 0.5414 -0.6432
vn -0.5415 0.5415 -0.6431
vn -0.7074 0.2931 -0.6432
vn -0.7657 -0.0000 -0.6432
vn -0.7075 -0.2930 -0.6431
vn -0.7075 -0.2931 -0.6431
vn -0.5415 -0.5414 -0.6431
vn -0.5415 -0.5415 -0.6431
vn -0.2930 -0.7074 -0.6432
vn -0.0000 -0.7658 -0.6431
vn -0.0953 -0.0953 0.9909
vn -0.0516 -0.1245 0.9909
vn -0.3821 -0.9226 0.0522
vn -0.7061 -0.7062 0.0522
vn -0.0000 -0.9986 0.0522
vn -0.0000 -0.1348 0.9909
vn 0.3821 -0.9226 0.0522
vn 0.0514 -0.1246 0.9909
vn 0.7061 -0.7062 0.0522
vn 0.0953 -0.0953 0.9909
vn 0.9226 -0.3821 0.0522
vn 0.1245 -0.0516 0.9909
vn 0.9986 -0.0000 0.0522
vn 0.1348 -0.0000 0.9909
vn 0.9226 0.3822 0.0522
vn 0.1246 0.0516 0.9909
vn 0.7061 0.7062 0.0522
vn 0.0953 0.0954 0.9909
vn 0.3822 0.9226 0.0522
vn 0.0515 0.1246 0.9909
vn -0.0000 0.9986 0.0522
vn -0.0000 0.1348 0.9909
vn -0.3821 0.9226 0.0522
vn -0.0515 0.1245 0.9909
vn -0.7061 0.7062 0.0522
vn -0.0954 0.0953 0.9909
vn -0.9226 0.3822 0.0522
vn -0.1245 0.0516 0.9909
vn -0.9986 -0.0000 0.0522
vn -0.1348 -0.0000 0.9909
vn -0.9226 -0.3822 0.0522
vn -0.1245 -0.0516 0.9909
vn -0.7067 -0.7064 0.0397
vn -0.3823 -0.9232 0.0397
vn -0.0887 -0.2141 0.9728
vn -0.1639 -0.1639 0.9728
vn -0.0000 -0.2318 0.9728
vn -0.0000 -0.9992 0.0397
vn 0.0887 -0.2141 0.9728
vn 0.3823 -0.9232 0.0397
vn 0.1639 -0.1639 0.9728
vn 0.7066 -0.7065 0.0397
vn 0.2141 -0.0887 0.9728
vn 0.9231 -0.3825 0.0397
vn 0.2317 -0.0000 0.9728
vn 0.9992 0.0001 0.0397
vn 0.2141 0.0887 0.9728
vn 0.2318 -0.0000 0.9728
vn 0.9231 0.3826 0.0398
vn 0.1638 0.1639 0.9728
vn 0.7066 0.7065 0.0397
vn 0.0886 0.2141 0.9728
vn 0.1639 0.1639 0.9728
vn 0.3823 0.9232 0.0397
vn -0.0000 0.2318 0.9728
vn 0.0887 0.2141 0.9728
vn -0.0000 0.9992 0.0397
vn -0.0887 0.2141 0.9728
vn -0.0000 0.2317 0.9728
vn -0.3823 0.9232 0.0397
vn -0.1639 0.1639 0.9728
vn -0.7065 0.7066 0.0397
vn -0.2141 0.0887 0.9728
vn -0.1639 0.1638 0.9728
vn -0.9232 0.3824 0.0397
vn -0.2318 -0.0000 0.9728
vn -0.9992 -0.0001 0.0397
vn -0.2141 -0.0887 0.9728
vn -0.2317 -0.0000 0.9728
vn -0.9231 -0.3824 0.0397
vn -0.0000 -0.0000 1.0000
vn -0.7246 0.3236 -0.6085
vn -0.9993 0.0176 -0.0331
vn -0.0960 0.4679 -0.8786
vn 0.0960 0.4679 -0.8786
vn 0.7246 0.3236 -0.6085
vn 0.9993 0.0176 -0.0331
vn 1.0000 -0.0015 0.0028
vn 0.9174 -0.1868 0.3514
vn 0.1002 -0.4676 0.8782
vn 0.6787 -0.3448 0.6485
vn -0.1001 -0.4676 0.8783
vn -0.6787 -0.3448 0.6484
vn -1.0000 -0.0015 0.0028
vn -0.9174 -0.1868 0.3514
vn -1.0000 -0.0028 0.0004
vn -0.9251 -0.3764 0.0504
vn -0.6958 -0.7119 0.0949
vn -0.0976 -0.9865 0.1317
vn 0.0976 -0.9865 0.1317
vn 0.6958 -0.7119 0.0950
vn 0.9251 -0.3764 0.0501
vn 1.0000 -0.0028 0.0004
vn 0.9993 0.0381 -0.0051
vn 0.7159 0.6921 -0.0924
vn 0.7159 0.6920 -0.0924
vn 0.0993 0.9863 -0.1317
vn -0.0993 0.9863 -0.1317
vn -0.7159 0.6921 -0.0924
vn -0.9993 0.0381 -0.0051
vn -1.0000 -0.0003 -0.0029
vn -0.9253 -0.0390 -0.3771
vn -0.6964 -0.0738 -0.7139
vn -0.0975 -0.1022 -0.9900
vn 0.0976 -0.1021 -0.9900
vn 0.6958 -0.0737 -0.7144
vn 0.9250 -0.0390 -0.3780
vn 1.0000 -0.0003 -0.0029
vn 0.9992 0.0040 0.0391
vn 0.7150 0.0718 0.6954
vn 0.0992 0.1022 0.9898
vn -0.0993 0.1022 0.9898
vn -0.7155 0.0717 0.6949
vn -0.9992 0.0040 0.0391
vn 0.0663 0.2810 0.9574
vn 0.5647 0.2001 0.8007
vn 0.0603 0.8959 -0.4402
vt 0.466929 0.297400
vt 0.466929 0.321398
vt 0.424750 0.321398
vt 0.424893 0.297325
vt 0.466929 0.273402
vt 0.425573 0.273329
vt 0.383308 0.297143
vt 0.384606 0.272951
vt 0.383008 0.321398
vt 0.342079 0.321398
vt 0.342625 0.296743
vt 0.344416 0.272180
vt 0.302653 0.296166
vt 0.304917 0.271068
vt 0.301863 0.321398
vt 0.262225 0.321398
vt 0.263204 0.295448
vt 0.266024 0.269669
vt 0.224470 0.294636
vt 0.227864 0.268052
vt 0.223310 0.321398
vt 0.185250 0.321398
vt 0.186647 0.293777
vt 0.190565 0.266290
vt 0.149440 0.292774
vt 0.153903 0.264246
vt 0.147801 0.321398
vt 0.110729 0.321398
vt 0.112551 0.291531
vt 0.117656 0.261787
vt 0.076247 0.290154
vt 0.081985 0.259080
vt 0.074182 0.321398
vt 0.037909 0.321398
vt 0.040795 0.288750
vt 0.047050 0.256291
vt 0.003933 0.287515
vt 0.010177 0.253265
vt 0.001362 0.321398
vt 0.466929 0.249840
vt 0.426516 0.249487
vt 0.466929 0.226279
vt 0.427689 0.225745
vt 0.386476 0.248888
vt 0.388824 0.224933
vt 0.347186 0.247798
vt 0.350713 0.223550
vt 0.308584 0.246238
vt 0.313294 0.221591
vt 0.270611 0.244232
vt 0.276506 0.219050
vt 0.233314 0.241826
vt 0.240344 0.215946
vt 0.196743 0.239071
vt 0.204798 0.212302
vt 0.160852 0.235911
vt 0.169966 0.208162
vt 0.125595 0.232290
vt 0.135942 0.203575
vt 0.091034 0.228344
vt 0.102726 0.198617
vt 0.057232 0.224209
vt 0.070311 0.193364
vt 0.023443 0.219428
vt 0.037443 0.186693
vt 0.466929 0.202696
vt 0.429065 0.202052
vt 0.466929 0.179113
vt 0.430654 0.178186
vt 0.391561 0.201064
vt 0.394734 0.177090
vt 0.354778 0.199389
vt 0.359527 0.175184
vt 0.318687 0.197041
vt 0.325006 0.172534
vt 0.283256 0.194037
vt 0.291147 0.169205
vt 0.248476 0.190403
vt 0.257969 0.165236
vt 0.214343 0.186163
vt 0.225493 0.160666
vt 0.180921 0.181396
vt 0.193705 0.155554
vt 0.148275 0.176179
vt 0.162595 0.149958
vt 0.116391 0.170567
vt 0.132177 0.143950
vt 0.085254 0.164616
vt 0.102470 0.137603
vt 0.052837 0.158127
vt 0.071537 0.130296
vt 0.466929 0.154593
vt 0.432468 0.153928
vt 0.466929 0.130073
vt 0.434531 0.129343
vt 0.398396 0.152816
vt 0.402557 0.128245
vt 0.365101 0.150809
vt 0.371432 0.126286
vt 0.332491 0.148021
vt 0.340987 0.123565
vt 0.300471 0.144566
vt 0.311052 0.120181
vt 0.269082 0.140486
vt 0.281673 0.116191
vt 0.238363 0.135823
vt 0.252894 0.111649
vt 0.208306 0.130582
vt 0.224743 0.106520
vt 0.178904 0.124769
vt 0.197248 0.100768
vt 0.150232 0.118518
vt 0.170513 0.094559
vt 0.122370 0.111964
vt 0.144641 0.088059
vt 0.092476 0.104084
vt 0.118286 0.080222
vt 0.466929 0.105304
vt 0.436869 0.104499
vt 0.466929 0.080536
vt 0.439436 0.079298
vt 0.407233 0.103382
vt 0.412337 0.078298
vt 0.378448 0.101640
vt 0.386025 0.076963
vt 0.350335 0.099231
vt 0.360320 0.075127
vt 0.322713 0.096111
vt 0.335040 0.072621
vt 0.295605 0.092386
vt 0.310160 0.069583
vt 0.269028 0.088162
vt 0.286597 0.065359
vt 0.243034 0.083413
vt 0.262318 0.060737
vt 0.217672 0.078113
vt 0.239856 0.056189
vt 0.192974 0.072359
vt 0.216924 0.050779
vt 0.168972 0.066248
vt 0.193595 0.045150
vt 0.144390 0.059727
vt 0.174179 0.038815
vt 0.466929 0.054148
vt 0.442193 0.053643
vt 0.466929 0.027760
vt 0.445043 0.027760
vt 0.417786 0.053066
vt 0.423157 0.027760
vt 0.394040 0.052347
vt 0.402273 0.027760
vt 0.370726 0.051359
vt 0.381390 0.027760
vt 0.347619 0.049979
vt 0.360324 0.027760
vt 0.324625 0.048293
vt 0.339258 0.027760
vt 0.301652 0.046389
vt 0.317342 0.027760
vt 0.278580 0.044271
vt 0.295426 0.027760
vt 0.255287 0.041945
vt 0.271439 0.027760
vt 0.231586 0.039399
vt 0.247452 0.027760
vt 0.207288 0.036621
vt 0.220243 0.027760
vt 0.185063 0.032691
vt 0.193035 0.027760
vt 0.426533 0.841306
vt 0.429749 0.841306
vt 0.426884 0.842753
vt 0.426182 0.842155
vt 0.427863 0.843883
vt 0.426960 0.843666
vt 0.429260 0.844446
vt 0.428347 0.844660
vt 0.430784 0.844318
vt 0.430048 0.844920
vt 0.432119 0.843513
vt 0.431711 0.844389
vt 0.432956 0.842173
vt 0.433004 0.843164
vt 0.509109 0.321398
vt 0.508965 0.297325
vt 0.508286 0.273329
vt 0.550551 0.297143
vt 0.549254 0.272951
vt 0.550851 0.321398
vt 0.591781 0.321398
vt 0.591234 0.296744
vt 0.589443 0.272180
vt 0.631206 0.296166
vt 0.628942 0.271068
vt 0.631997 0.321398
vt 0.671635 0.321398
vt 0.670656 0.295448
vt 0.667835 0.269669
vt 0.709390 0.294636
vt 0.705995 0.268052
vt 0.710550 0.321398
vt 0.748610 0.321398
vt 0.747212 0.293777
vt 0.743294 0.266290
vt 0.784419 0.292774
vt 0.779956 0.264246
vt 0.786058 0.321398
vt 0.823130 0.321398
vt 0.821308 0.291531
vt 0.816203 0.261787
vt 0.857612 0.290154
vt 0.851874 0.259080
vt 0.859677 0.321398
vt 0.895950 0.321398
vt 0.893064 0.288750
vt 0.886809 0.256291
vt 0.929926 0.287515
vt 0.923683 0.253265
vt 0.932497 0.321398
vt 0.507344 0.249487
vt 0.506170 0.225745
vt 0.547383 0.248888
vt 0.545034 0.224933
vt 0.586674 0.247798
vt 0.583146 0.223550
vt 0.625275 0.246238
vt 0.620565 0.221591
vt 0.663248 0.244232
vt 0.657353 0.219050
vt 0.700545 0.241826
vt 0.693515 0.215946
vt 0.737116 0.239071
vt 0.729061 0.212302
vt 0.773006 0.235911
vt 0.763894 0.208163
vt 0.808264 0.232290
vt 0.797916 0.203575
vt 0.842825 0.228344
vt 0.831134 0.198617
vt 0.876627 0.224209
vt 0.863548 0.193365
vt 0.910417 0.219428
vt 0.896416 0.186693
vt 0.504795 0.202052
vt 0.503205 0.178186
vt 0.542298 0.201064
vt 0.539126 0.177090
vt 0.579081 0.199389
vt 0.574333 0.175184
vt 0.615172 0.197041
vt 0.608853 0.172535
vt 0.650604 0.194037
vt 0.642713 0.169205
vt 0.685383 0.190403
vt 0.675890 0.165236
vt 0.719516 0.186163
vt 0.708366 0.160666
vt 0.752938 0.181396
vt 0.740154 0.155555
vt 0.785585 0.176179
vt 0.771265 0.149958
vt 0.817469 0.170567
vt 0.801682 0.143950
vt 0.848605 0.164616
vt 0.831389 0.137603
vt 0.881021 0.158127
vt 0.862322 0.130296
vt 0.501391 0.153928
vt 0.499328 0.129343
vt 0.535464 0.152816
vt 0.531302 0.128245
vt 0.568758 0.150809
vt 0.562427 0.126286
vt 0.601368 0.148021
vt 0.592873 0.123565
vt 0.633388 0.144566
vt 0.622807 0.120181
vt 0.664778 0.140486
vt 0.652186 0.116191
vt 0.695497 0.135823
vt 0.680965 0.111649
vt 0.725553 0.130582
vt 0.709117 0.106520
vt 0.754955 0.124769
vt 0.736611 0.100768
vt 0.783627 0.118518
vt 0.763346 0.094559
vt 0.811489 0.111964
vt 0.789218 0.088059
vt 0.841383 0.104084
vt 0.815573 0.080222
vt 0.496991 0.104499
vt 0.494423 0.079298
vt 0.526627 0.103382
vt 0.521523 0.078298
vt 0.555411 0.101641
vt 0.547834 0.076963
vt 0.583525 0.099231
vt 0.573540 0.075127
vt 0.611146 0.096111
vt 0.598819 0.072621
vt 0.638255 0.092386
vt 0.623699 0.069583
vt 0.664831 0.088162
vt 0.647262 0.065359
vt 0.690826 0.083413
vt 0.671542 0.060736
vt 0.716188 0.078113
vt 0.694003 0.056189
vt 0.740885 0.072359
vt 0.716935 0.050779
vt 0.764887 0.066248
vt 0.740264 0.045150
vt 0.789469 0.059727
vt 0.759680 0.038815
vt 0.491667 0.053643
vt 0.488816 0.027760
vt 0.516073 0.053066
vt 0.510702 0.027760
vt 0.539820 0.052347
vt 0.531586 0.027760
vt 0.563133 0.051359
vt 0.552470 0.027760
vt 0.586240 0.049979
vt 0.573536 0.027760
vt 0.609234 0.048293
vt 0.594601 0.027760
vt 0.632207 0.046389
vt 0.616517 0.027760
vt 0.655279 0.044271
vt 0.638434 0.027760
vt 0.678572 0.041945
vt 0.662420 0.027760
vt 0.702273 0.039399
vt 0.686407 0.027760
vt 0.726571 0.036622
vt 0.713615 0.027760
vt 0.748796 0.032691
vt 0.740824 0.027760
vt 0.426884 0.839859
vt 0.426182 0.840458
vt 0.427863 0.838730
vt 0.426960 0.838947
vt 0.429260 0.838166
vt 0.428347 0.837953
vt 0.430784 0.838295
vt 0.430048 0.837693
vt 0.432119 0.839099
vt 0.431711 0.838224
vt 0.432956 0.840440
vt 0.433004 0.839449
vt 0.507379 0.954473
vt 0.506464 0.953357
vt 0.512253 0.947215
vt 0.513413 0.948069
vt 0.502932 0.955828
vt 0.503666 0.957070
vt 0.495583 0.960546
vt 0.495178 0.959164
vt 0.486888 0.961962
vt 0.486843 0.960524
vt 0.478122 0.961104
vt 0.478442 0.959701
vt 0.469843 0.958092
vt 0.470508 0.956816
vt 0.462621 0.953046
vt 0.463588 0.951979
vt 0.456884 0.946358
vt 0.458089 0.945572
vt 0.453067 0.938416
vt 0.454434 0.937960
vt 0.451351 0.929772
vt 0.452787 0.929678
vt 0.451922 0.920977
vt 0.453337 0.921251
vt 0.454670 0.912603
vt 0.455967 0.913225
vt 0.459483 0.905220
vt 0.460581 0.906152
vt 0.465986 0.899271
vt 0.466811 0.900450
vt 0.473803 0.895199
vt 0.474302 0.896551
vt 0.516387 0.939851
vt 0.517722 0.940385
vt 0.518492 0.931676
vt 0.519920 0.931856
vt 0.518500 0.923234
vt 0.519926 0.923046
vt 0.516326 0.915076
vt 0.517660 0.914533
vt 0.512191 0.907715
vt 0.513342 0.906852
vt 0.506292 0.901672
vt 0.507188 0.900545
vt 0.499075 0.897288
vt 0.499655 0.895971
vt 0.490970 0.894917
vt 0.491197 0.893495
vt 0.482529 0.894639
vt 0.482388 0.893207
vt 0.505454 0.960155
vt 0.496568 0.963970
vt 0.486991 0.965518
vt 0.477326 0.964579
vt 0.468199 0.961246
vt 0.460226 0.955688
vt 0.453905 0.948302
vt 0.449684 0.939543
vt 0.447802 0.930004
vt 0.448422 0.920300
vt 0.451462 0.911064
vt 0.456765 0.902912
vt 0.463946 0.896356
vt 0.516293 0.950168
vt 0.509664 0.957209
vt 0.521029 0.941700
vt 0.523457 0.932299
vt 0.523453 0.922582
vt 0.520962 0.913187
vt 0.516189 0.904719
vt 0.509407 0.897753
vt 0.501090 0.892716
vt 0.491760 0.889974
vt 0.482041 0.889666
vt 0.472567 0.891855
vt 0.372653 0.948400
vt 0.372942 0.947357
vt 0.375596 0.948322
vt 0.375339 0.949394
vt 0.434513 0.947352
vt 0.434803 0.948394
vt 0.432117 0.949389
vt 0.431859 0.948316
vt 0.429483 0.950169
vt 0.429254 0.949077
vt 0.426844 0.950729
vt 0.426642 0.949626
vt 0.424253 0.951260
vt 0.424076 0.950148
vt 0.421658 0.951611
vt 0.421506 0.950496
vt 0.419093 0.952000
vt 0.418963 0.950880
vt 0.416521 0.952219
vt 0.416415 0.951098
vt 0.413965 0.952500
vt 0.413880 0.951375
vt 0.411402 0.952611
vt 0.411339 0.951488
vt 0.408847 0.952794
vt 0.408804 0.951667
vt 0.406286 0.952807
vt 0.406265 0.951683
vt 0.403728 0.952894
vt 0.403728 0.951766
vt 0.401170 0.952808
vt 0.401191 0.951683
vt 0.378202 0.949081
vt 0.377972 0.950174
vt 0.380814 0.949630
vt 0.380612 0.950733
vt 0.383380 0.950152
vt 0.383204 0.951263
vt 0.385950 0.950500
vt 0.385798 0.951614
vt 0.388493 0.950882
vt 0.388363 0.952003
vt 0.391041 0.951101
vt 0.390935 0.952221
vt 0.393576 0.951377
vt 0.393491 0.952502
vt 0.396117 0.951490
vt 0.396054 0.952613
vt 0.398652 0.951668
vt 0.398610 0.952795
vt 0.426958 0.927931
vt 0.429018 0.927533
vt 0.424888 0.928317
vt 0.422808 0.928681
vt 0.420717 0.929017
vt 0.418616 0.929319
vt 0.416506 0.929585
vt 0.414389 0.929812
vt 0.412264 0.929999
vt 0.410134 0.930146
vt 0.408000 0.930252
vt 0.405864 0.930315
vt 0.403726 0.930338
vt 0.380494 0.927936
vt 0.378433 0.927538
vt 0.382564 0.928321
vt 0.384644 0.928685
vt 0.386735 0.929020
vt 0.388835 0.929322
vt 0.390945 0.929587
vt 0.393064 0.929814
vt 0.395188 0.930001
vt 0.397318 0.930147
vt 0.399452 0.930252
vt 0.401588 0.930316
vt 0.489245 0.939384
vt 0.492108 0.938106
vt 0.483003 0.939587
vt 0.486142 0.939894
vt 0.477445 0.936687
vt 0.480037 0.938498
vt 0.474018 0.931431
vt 0.475391 0.934281
vt 0.473608 0.925170
vt 0.473407 0.928327
vt 0.476322 0.919513
vt 0.474599 0.922166
vt 0.478660 0.917382
vt 0.495704 0.934865
vt 0.493522 0.937117
vt 0.497245 0.932124
vt 0.498033 0.929070
vt 0.498025 0.925910
vt 0.497212 0.922854
vt 0.495656 0.920101
vt 0.493449 0.917834
vt 0.490742 0.916197
vt 0.487707 0.915304
vt 0.484545 0.915206
vt 0.481463 0.915916
vt 0.383641 0.904533
vt 0.383703 0.904439
vt 0.385111 0.905056
vt 0.385069 0.905154
vt 0.423744 0.904436
vt 0.423805 0.904529
vt 0.422379 0.905151
vt 0.422337 0.905053
vt 0.420805 0.905583
vt 0.420773 0.905481
vt 0.419187 0.905991
vt 0.419161 0.905889
vt 0.417512 0.906266
vt 0.417491 0.906161
vt 0.415831 0.906570
vt 0.415814 0.906467
vt 0.414119 0.906752
vt 0.414104 0.906645
vt 0.412406 0.906979
vt 0.412394 0.906875
vt 0.410674 0.907087
vt 0.410665 0.906979
vt 0.408944 0.907246
vt 0.408938 0.907141
vt 0.407204 0.907288
vt 0.407199 0.907180
vt 0.405465 0.907385
vt 0.405463 0.907280
vt 0.403724 0.907365
vt 0.403724 0.907257
vt 0.401982 0.907385
vt 0.401984 0.907280
vt 0.434862 0.839571
vt 0.434554 0.839751
vt 0.434006 0.838690
vt 0.434258 0.838476
vt 0.434554 0.842862
vt 0.434862 0.843042
vt 0.434258 0.844137
vt 0.434006 0.843923
vt 0.433363 0.844972
vt 0.433153 0.844712
vt 0.432423 0.845748
vt 0.432276 0.845461
vt 0.431283 0.846144
vt 0.431198 0.845824
vt 0.430111 0.846448
vt 0.430099 0.846127
vt 0.428916 0.846308
vt 0.428977 0.845983
vt 0.427734 0.846062
vt 0.427863 0.845767
vt 0.426729 0.845402
vt 0.426927 0.845137
vt 0.425786 0.844650
vt 0.426033 0.844443
vt 0.425189 0.843606
vt 0.425485 0.843457
vt 0.424692 0.842509
vt 0.425005 0.842435
vt 0.424635 0.841306
vt 0.424966 0.841306
vt 0.424692 0.840104
vt 0.425005 0.840178
vt 0.383018 0.905605
vt 0.383123 0.905317
vt 0.384725 0.905959
vt 0.384646 0.906248
vt 0.424324 0.905313
vt 0.424428 0.905601
vt 0.422801 0.906244
vt 0.422722 0.905956
vt 0.421139 0.906737
vt 0.421073 0.906443
vt 0.419447 0.907119
vt 0.419393 0.906828
vt 0.417738 0.907450
vt 0.417690 0.907153
vt 0.416011 0.907712
vt 0.415971 0.907419
vt 0.414274 0.907948
vt 0.414240 0.907649
vt 0.412527 0.908128
vt 0.412499 0.907834
vt 0.410774 0.908289
vt 0.410752 0.907989
vt 0.409016 0.908399
vt 0.409000 0.908104
vt 0.407254 0.908494
vt 0.407243 0.908193
vt 0.405490 0.908540
vt 0.405485 0.908244
vt 0.403724 0.908574
vt 0.403724 0.908273
vt 0.401958 0.908540
vt 0.401963 0.908244
vt 0.386674 0.905484
vt 0.386643 0.905586
vt 0.388286 0.905892
vt 0.388261 0.905994
vt 0.389957 0.906163
vt 0.389935 0.906269
vt 0.391633 0.906469
vt 0.391616 0.906573
vt 0.393344 0.906647
vt 0.393329 0.906754
vt 0.395053 0.906876
vt 0.395041 0.906980
vt 0.396782 0.906981
vt 0.396773 0.907088
vt 0.398510 0.907142
vt 0.398503 0.907247
vt 0.400248 0.907181
vt 0.400244 0.907289
vt 0.433153 0.837901
vt 0.433363 0.837641
vt 0.432276 0.837152
vt 0.432423 0.836865
vt 0.431198 0.836788
vt 0.431283 0.836469
vt 0.430099 0.836486
vt 0.430111 0.836165
vt 0.428977 0.836630
vt 0.428916 0.836305
vt 0.427863 0.836845
vt 0.427734 0.836551
vt 0.426927 0.837476
vt 0.426729 0.837211
vt 0.426033 0.838169
vt 0.425786 0.837963
vt 0.425485 0.839156
vt 0.425189 0.839007
vt 0.386375 0.906447
vt 0.386308 0.906741
vt 0.388055 0.906831
vt 0.388001 0.907122
vt 0.389757 0.907155
vt 0.389710 0.907452
vt 0.391477 0.907421
vt 0.391437 0.907714
vt 0.393208 0.907651
vt 0.393173 0.907950
vt 0.394949 0.907835
vt 0.394921 0.908130
vt 0.396696 0.907991
vt 0.396673 0.908291
vt 0.398448 0.908105
vt 0.398432 0.908400
vt 0.400205 0.908194
vt 0.400193 0.908495
vt 0.436593 0.844267
vt 0.435705 0.845468
vt 0.434592 0.846562
vt 0.433288 0.847477
vt 0.431787 0.848073
vt 0.430185 0.848375
vt 0.428551 0.848264
vt 0.426964 0.847829
vt 0.425540 0.846996
vt 0.424311 0.845891
vt 0.423413 0.844500
vt 0.422816 0.842955
vt 0.422646 0.841306
vt 0.435705 0.837145
vt 0.436593 0.838346
vt 0.434592 0.836051
vt 0.433288 0.835135
vt 0.431787 0.834539
vt 0.430185 0.834237
vt 0.428551 0.834348
vt 0.426964 0.834783
vt 0.425540 0.835616
vt 0.424311 0.836722
vt 0.423413 0.838113
vt 0.422816 0.839658
vt 0.466929 0.345396
vt 0.424893 0.345470
vt 0.466929 0.369394
vt 0.425573 0.369466
vt 0.383308 0.345653
vt 0.384606 0.369844
vt 0.342625 0.346052
vt 0.344416 0.370616
vt 0.302653 0.346630
vt 0.304917 0.371727
vt 0.263204 0.347348
vt 0.266024 0.373127
vt 0.224470 0.348160
vt 0.227864 0.374743
vt 0.186647 0.349019
vt 0.190565 0.376506
vt 0.149440 0.350022
vt 0.153903 0.378549
vt 0.112551 0.351265
vt 0.117656 0.381008
vt 0.076247 0.352641
vt 0.081985 0.383716
vt 0.040795 0.354046
vt 0.047050 0.386505
vt 0.003933 0.355280
vt 0.010177 0.389530
vt 0.466929 0.392955
vt 0.426516 0.393308
vt 0.466929 0.416517
vt 0.427689 0.417050
vt 0.386476 0.393907
vt 0.388824 0.417863
vt 0.347186 0.394998
vt 0.350713 0.419245
vt 0.308584 0.396557
vt 0.313294 0.421204
vt 0.270611 0.398564
vt 0.276506 0.423746
vt 0.233314 0.400969
vt 0.240344 0.426849
vt 0.196743 0.403724
vt 0.204798 0.430494
vt 0.160852 0.406885
vt 0.169966 0.434633
vt 0.125595 0.410505
vt 0.135942 0.439220
vt 0.091034 0.414451
vt 0.102726 0.444178
vt 0.057232 0.418586
vt 0.070311 0.449431
vt 0.023443 0.423367
vt 0.037443 0.456103
vt 0.466929 0.440100
vt 0.429065 0.440743
vt 0.466929 0.463683
vt 0.430654 0.464609
vt 0.391561 0.441731
vt 0.394734 0.465706
vt 0.354778 0.443407
vt 0.359527 0.467611
vt 0.318687 0.445755
vt 0.325006 0.470261
vt 0.283256 0.448758
vt 0.291147 0.473590
vt 0.248476 0.452393
vt 0.257969 0.477560
vt 0.214343 0.456632
vt 0.225493 0.482129
vt 0.180921 0.461400
vt 0.193705 0.487241
vt 0.148275 0.466616
vt 0.162595 0.492837
vt 0.116391 0.472228
vt 0.132177 0.498846
vt 0.085254 0.478180
vt 0.102470 0.505193
vt 0.052837 0.484668
vt 0.071537 0.512500
vt 0.466929 0.488203
vt 0.432468 0.488867
vt 0.466929 0.512722
vt 0.434531 0.513452
vt 0.398396 0.489980
vt 0.402557 0.514550
vt 0.365101 0.491987
vt 0.371432 0.516509
vt 0.332491 0.494774
vt 0.340987 0.519231
vt 0.300471 0.498229
vt 0.311052 0.522614
vt 0.269082 0.502309
vt 0.281673 0.526605
vt 0.238363 0.506973
vt 0.252894 0.531146
vt 0.208306 0.512214
vt 0.224743 0.536275
vt 0.178904 0.518027
vt 0.197248 0.542028
vt 0.150232 0.524278
vt 0.170513 0.548237
vt 0.122370 0.530831
vt 0.144641 0.554736
vt 0.092476 0.538712
vt 0.118286 0.562574
vt 0.466929 0.537491
vt 0.436869 0.538296
vt 0.466929 0.562260
vt 0.439436 0.563497
vt 0.407233 0.539413
vt 0.412337 0.564497
vt 0.378448 0.541155
vt 0.386025 0.565832
vt 0.350335 0.543564
vt 0.360320 0.567669
vt 0.322713 0.546685
vt 0.335040 0.570174
vt 0.295605 0.550410
vt 0.310160 0.573213
vt 0.269028 0.554634
vt 0.286597 0.577437
vt 0.243034 0.559382
vt 0.262318 0.582059
vt 0.217672 0.564683
vt 0.239856 0.586607
vt 0.192974 0.570437
vt 0.216924 0.592016
vt 0.168972 0.576547
vt 0.193595 0.597646
vt 0.144390 0.583069
vt 0.174179 0.603980
vt 0.466929 0.588648
vt 0.442193 0.589153
vt 0.466929 0.615036
vt 0.445043 0.615036
vt 0.417786 0.589729
vt 0.423157 0.615036
vt 0.394040 0.590449
vt 0.402273 0.615036
vt 0.370726 0.591436
vt 0.381390 0.615036
vt 0.347619 0.592817
vt 0.360324 0.615036
vt 0.324625 0.594503
vt 0.339258 0.615036
vt 0.301652 0.596407
vt 0.317342 0.615036
vt 0.278580 0.598524
vt 0.295426 0.615036
vt 0.255287 0.600850
vt 0.271439 0.615036
vt 0.231586 0.603396
vt 0.247452 0.615036
vt 0.207288 0.606174
vt 0.220243 0.615036
vt 0.185063 0.610105
vt 0.193035 0.615036
vt 0.526608 0.849708
vt 0.523743 0.848261
vt 0.526959 0.848261
vt 0.527310 0.849110
vt 0.525629 0.850838
vt 0.526532 0.850621
vt 0.524232 0.851401
vt 0.525145 0.851615
vt 0.522708 0.851273
vt 0.523444 0.851875
vt 0.521372 0.850468
vt 0.521780 0.851344
vt 0.520536 0.849128
vt 0.520487 0.850119
vt 0.508965 0.345470
vt 0.508286 0.369466
vt 0.550551 0.345653
vt 0.549254 0.369844
vt 0.591234 0.346052
vt 0.589443 0.370616
vt 0.631206 0.346630
vt 0.628942 0.371727
vt 0.670656 0.347348
vt 0.667835 0.373127
vt 0.709390 0.348160
vt 0.705995 0.374743
vt 0.747212 0.349019
vt 0.743294 0.376506
vt 0.784419 0.350022
vt 0.779956 0.378549
vt 0.821308 0.351265
vt 0.816203 0.381008
vt 0.857612 0.352641
vt 0.851874 0.383716
vt 0.893064 0.354046
vt 0.886809 0.386505
vt 0.929926 0.355280
vt 0.923683 0.389530
vt 0.507344 0.393308
vt 0.506170 0.417050
vt 0.547383 0.393907
vt 0.545034 0.417863
vt 0.586674 0.394998
vt 0.583146 0.419245
vt 0.625275 0.396557
vt 0.620565 0.421204
vt 0.663248 0.398564
vt 0.657353 0.423746
vt 0.700545 0.400969
vt 0.693515 0.426849
vt 0.737116 0.403724
vt 0.729061 0.430494
vt 0.773006 0.406885
vt 0.763894 0.434633
vt 0.808264 0.410505
vt 0.797916 0.439220
vt 0.842825 0.414451
vt 0.831134 0.444178
vt 0.876627 0.418586
vt 0.863548 0.449431
vt 0.910417 0.423367
vt 0.896416 0.456103
vt 0.504795 0.440743
vt 0.503205 0.464609
vt 0.542298 0.441731
vt 0.539126 0.465706
vt 0.579081 0.443407
vt 0.574333 0.467611
vt 0.615172 0.445755
vt 0.608853 0.470261
vt 0.650604 0.448758
vt 0.642713 0.473590
vt 0.685383 0.452393
vt 0.675890 0.477560
vt 0.719516 0.456632
vt 0.708366 0.482129
vt 0.752938 0.461400
vt 0.740154 0.487241
vt 0.785585 0.466616
vt 0.771265 0.492837
vt 0.817469 0.472228
vt 0.801682 0.498846
vt 0.848605 0.478180
vt 0.831389 0.505193
vt 0.881021 0.484668
vt 0.862322 0.512500
vt 0.501391 0.488867
vt 0.499328 0.513452
vt 0.535464 0.489980
vt 0.531302 0.514550
vt 0.568758 0.491987
vt 0.562427 0.516509
vt 0.601368 0.494774
vt 0.592873 0.519231
vt 0.633388 0.498229
vt 0.622807 0.522614
vt 0.664778 0.502309
vt 0.652186 0.526605
vt 0.695497 0.506973
vt 0.680965 0.531146
vt 0.725553 0.512214
vt 0.709117 0.536275
vt 0.754955 0.518027
vt 0.736611 0.542028
vt 0.783627 0.524278
vt 0.763346 0.548237
vt 0.811489 0.530831
vt 0.789218 0.554736
vt 0.841383 0.538712
vt 0.815573 0.562574
vt 0.496991 0.538296
vt 0.494423 0.563497
vt 0.526627 0.539413
vt 0.521523 0.564497
vt 0.555411 0.541155
vt 0.547834 0.565832
vt 0.583525 0.543564
vt 0.573540 0.567669
vt 0.611146 0.546685
vt 0.598819 0.570174
vt 0.638255 0.550410
vt 0.623699 0.573213
vt 0.664831 0.554634
vt 0.647262 0.577437
vt 0.690826 0.559382
vt 0.671542 0.582059
vt 0.716188 0.564683
vt 0.694003 0.586607
vt 0.740885 0.570437
vt 0.716935 0.592016
vt 0.764887 0.576548
vt 0.740264 0.597646
vt 0.789469 0.583069
vt 0.759680 0.603981
vt 0.491667 0.589153
vt 0.488816 0.615036
vt 0.516073 0.589729
vt 0.510702 0.615036
vt 0.539820 0.590449
vt 0.531586 0.615036
vt 0.563133 0.591436
vt 0.552470 0.615036
vt 0.586240 0.592817
vt 0.573536 0.615036
vt 0.609234 0.594503
vt 0.594601 0.615036
vt 0.632207 0.596407
vt 0.616517 0.615036
vt 0.655279 0.598524
vt 0.638434 0.615036
vt 0.678572 0.600850
vt 0.662420 0.615036
vt 0.702273 0.603397
vt 0.686407 0.615036
vt 0.726571 0.606174
vt 0.713615 0.615036
vt 0.748796 0.610105
vt 0.740824 0.615036
vt 0.526608 0.846814
vt 0.527310 0.847413
vt 0.525629 0.845685
vt 0.526532 0.845901
vt 0.524232 0.845121
vt 0.525145 0.844908
vt 0.522708 0.845250
vt 0.523444 0.844647
vt 0.521372 0.846054
vt 0.521780 0.845179
vt 0.520536 0.847395
vt 0.520487 0.846404
vt 0.497088 0.872055
vt 0.502877 0.878196
vt 0.501962 0.879312
vt 0.495928 0.872909
vt 0.513758 0.885386
vt 0.505674 0.881910
vt 0.506409 0.880668
vt 0.514162 0.884004
vt 0.522453 0.886802
vt 0.522497 0.885364
vt 0.531219 0.885944
vt 0.530898 0.884541
vt 0.539497 0.882932
vt 0.538833 0.881656
vt 0.546720 0.877886
vt 0.545753 0.876819
vt 0.552456 0.871198
vt 0.551251 0.870412
vt 0.556274 0.863256
vt 0.554907 0.862800
vt 0.557990 0.854612
vt 0.556554 0.854517
vt 0.557418 0.845817
vt 0.556004 0.846090
vt 0.554671 0.837442
vt 0.553374 0.838065
vt 0.549858 0.830060
vt 0.548760 0.830992
vt 0.543355 0.824110
vt 0.542530 0.825289
vt 0.535538 0.820039
vt 0.535038 0.821391
vt 0.492954 0.864691
vt 0.491618 0.865225
vt 0.490849 0.856516
vt 0.489421 0.856696
vt 0.490841 0.848074
vt 0.489415 0.847886
vt 0.493014 0.839916
vt 0.491680 0.839373
vt 0.497150 0.832554
vt 0.495999 0.831692
vt 0.503049 0.826512
vt 0.502153 0.825384
vt 0.510266 0.822128
vt 0.509686 0.820811
vt 0.518372 0.819757
vt 0.518144 0.818335
vt 0.526812 0.819478
vt 0.526952 0.818046
vt 0.512773 0.888809
vt 0.503886 0.884995
vt 0.522350 0.890358
vt 0.532015 0.889419
vt 0.541142 0.886086
vt 0.549115 0.880527
vt 0.555436 0.873142
vt 0.559656 0.864383
vt 0.561540 0.854844
vt 0.560919 0.845140
vt 0.557878 0.835904
vt 0.552576 0.827752
vt 0.545394 0.821196
vt 0.499677 0.882049
vt 0.493049 0.875007
vt 0.488312 0.866540
vt 0.485884 0.857139
vt 0.485887 0.847422
vt 0.488378 0.838027
vt 0.493152 0.829559
vt 0.499934 0.822593
vt 0.508251 0.817555
vt 0.517580 0.814814
vt 0.527299 0.814506
vt 0.536774 0.816695
vt 0.628533 0.904429
vt 0.631187 0.903464
vt 0.631476 0.904507
vt 0.628791 0.905501
vt 0.572013 0.905496
vt 0.569327 0.904502
vt 0.569616 0.903459
vt 0.572270 0.904423
vt 0.574646 0.906276
vt 0.574876 0.905184
vt 0.577286 0.906836
vt 0.577488 0.905733
vt 0.579877 0.907367
vt 0.580054 0.906255
vt 0.582471 0.907718
vt 0.582623 0.906603
vt 0.585037 0.908107
vt 0.585166 0.906987
vt 0.587608 0.908326
vt 0.587715 0.907206
vt 0.590164 0.908607
vt 0.590249 0.907482
vt 0.592727 0.908718
vt 0.592791 0.907595
vt 0.595283 0.908902
vt 0.595326 0.907775
vt 0.597843 0.908915
vt 0.597864 0.907790
vt 0.600401 0.909001
vt 0.600401 0.907873
vt 0.602960 0.908915
vt 0.602939 0.907791
vt 0.625928 0.905189
vt 0.626158 0.906281
vt 0.623316 0.905738
vt 0.623518 0.906840
vt 0.620750 0.906259
vt 0.620926 0.907371
vt 0.618180 0.906607
vt 0.618332 0.907721
vt 0.615637 0.906990
vt 0.615767 0.908110
vt 0.613089 0.907208
vt 0.613195 0.908328
vt 0.610554 0.907484
vt 0.610639 0.908609
vt 0.608013 0.907597
vt 0.608076 0.908720
vt 0.605478 0.907776
vt 0.605520 0.908903
vt 0.577172 0.884039
vt 0.575111 0.883640
vt 0.579242 0.884425
vt 0.581322 0.884788
vt 0.583413 0.885124
vt 0.585513 0.885426
vt 0.587624 0.885692
vt 0.589741 0.885919
vt 0.591865 0.886106
vt 0.593995 0.886253
vt 0.596129 0.886359
vt 0.598266 0.886423
vt 0.600404 0.886445
vt 0.623636 0.884043
vt 0.625697 0.883645
vt 0.621566 0.884429
vt 0.619486 0.884792
vt 0.617395 0.885127
vt 0.615294 0.885429
vt 0.613184 0.885694
vt 0.611066 0.885921
vt 0.608941 0.886108
vt 0.606812 0.886254
vt 0.604678 0.886360
vt 0.602542 0.886423
vt 0.520095 0.864224
vt 0.517233 0.862946
vt 0.526338 0.864427
vt 0.523199 0.864734
vt 0.531896 0.861527
vt 0.529304 0.863337
vt 0.535323 0.856271
vt 0.533950 0.859121
vt 0.535733 0.850010
vt 0.535933 0.853167
vt 0.533019 0.844353
vt 0.534742 0.847006
vt 0.530681 0.842222
vt 0.513637 0.859705
vt 0.515819 0.861956
vt 0.512096 0.856964
vt 0.511308 0.853909
vt 0.511315 0.850750
vt 0.512128 0.847694
vt 0.513685 0.844941
vt 0.515892 0.842674
vt 0.518599 0.841037
vt 0.521634 0.840144
vt 0.524796 0.840046
vt 0.527878 0.840756
vt 0.619019 0.861164
vt 0.620426 0.860546
vt 0.620488 0.860640
vt 0.619061 0.861262
vt 0.581751 0.861258
vt 0.580324 0.860636
vt 0.580386 0.860543
vt 0.581793 0.861160
vt 0.583324 0.861690
vt 0.583357 0.861588
vt 0.584943 0.862098
vt 0.584968 0.861996
vt 0.586618 0.862374
vt 0.586639 0.862268
vt 0.588298 0.862678
vt 0.588315 0.862574
vt 0.590011 0.862859
vt 0.590025 0.862753
vt 0.591724 0.863086
vt 0.591735 0.862982
vt 0.593455 0.863194
vt 0.593464 0.863086
vt 0.595185 0.863353
vt 0.595192 0.863249
vt 0.596925 0.863395
vt 0.596930 0.863288
vt 0.598664 0.863492
vt 0.598666 0.863387
vt 0.600406 0.863472
vt 0.600406 0.863364
vt 0.602147 0.863492
vt 0.602145 0.863388
vt 0.519486 0.845645
vt 0.518938 0.846706
vt 0.518630 0.846526
vt 0.519234 0.845431
vt 0.519234 0.851091
vt 0.518630 0.849997
vt 0.518938 0.849817
vt 0.519486 0.850877
vt 0.520128 0.851927
vt 0.520339 0.851667
vt 0.521070 0.852703
vt 0.521216 0.852416
vt 0.522209 0.853099
vt 0.522294 0.852779
vt 0.523381 0.853403
vt 0.523394 0.853081
vt 0.524576 0.853263
vt 0.524515 0.852938
vt 0.525757 0.853017
vt 0.525629 0.852722
vt 0.526763 0.852356
vt 0.526565 0.852091
vt 0.527705 0.851605
vt 0.527459 0.851398
vt 0.528302 0.850560
vt 0.528007 0.850412
vt 0.528800 0.849464
vt 0.528487 0.849389
vt 0.528856 0.848261
vt 0.528525 0.848261
vt 0.528800 0.847059
vt 0.528487 0.847133
vt 0.619405 0.862067
vt 0.621006 0.861425
vt 0.621111 0.861712
vt 0.619484 0.862355
vt 0.581328 0.862351
vt 0.579701 0.861708
vt 0.579805 0.861421
vt 0.581407 0.862063
vt 0.582991 0.862845
vt 0.583057 0.862550
vt 0.584683 0.863227
vt 0.584737 0.862935
vt 0.586392 0.863557
vt 0.586439 0.863260
vt 0.588119 0.863819
vt 0.588159 0.863526
vt 0.589855 0.864056
vt 0.589890 0.863756
vt 0.591602 0.864235
vt 0.591630 0.863941
vt 0.593355 0.864397
vt 0.593378 0.864096
vt 0.595114 0.864506
vt 0.595130 0.864211
vt 0.596875 0.864601
vt 0.596887 0.864300
vt 0.598639 0.864647
vt 0.598645 0.864351
vt 0.600406 0.864681
vt 0.600406 0.864380
vt 0.602172 0.864647
vt 0.602166 0.864352
vt 0.617455 0.861591
vt 0.617487 0.861693
vt 0.615844 0.861999
vt 0.615869 0.862101
vt 0.614173 0.862271
vt 0.614194 0.862376
vt 0.612496 0.862576
vt 0.612514 0.862680
vt 0.610786 0.862755
vt 0.610801 0.862861
vt 0.609076 0.862983
vt 0.609088 0.863088
vt 0.607347 0.863088
vt 0.607356 0.863195
vt 0.605619 0.863250
vt 0.605626 0.863354
vt 0.603881 0.863288
vt 0.603886 0.863396
vt 0.520339 0.844855
vt 0.520128 0.844595
vt 0.521216 0.844107
vt 0.521070 0.843819
vt 0.522294 0.843743
vt 0.522209 0.843423
vt 0.523394 0.843441
vt 0.523381 0.843120
vt 0.524515 0.843585
vt 0.524576 0.843260
vt 0.525629 0.843800
vt 0.525757 0.843505
vt 0.526565 0.844431
vt 0.526763 0.844166
vt 0.527459 0.845124
vt 0.527705 0.844917
vt 0.528007 0.846111
vt 0.528302 0.845962
vt 0.617755 0.862554
vt 0.617821 0.862848
vt 0.616075 0.862938
vt 0.616129 0.863229
vt 0.614372 0.863263
vt 0.614420 0.863560
vt 0.612653 0.863529
vt 0.612693 0.863822
vt 0.610922 0.863758
vt 0.610956 0.864057
vt 0.609181 0.863943
vt 0.609209 0.864237
vt 0.607433 0.864098
vt 0.607456 0.864398
vt 0.605681 0.864212
vt 0.605698 0.864507
vt 0.603925 0.864301
vt 0.603936 0.864602
vt 0.517787 0.852423
vt 0.516899 0.851222
vt 0.518900 0.853517
vt 0.520205 0.854432
vt 0.521706 0.855028
vt 0.523307 0.855330
vt 0.524941 0.855219
vt 0.526528 0.854784
vt 0.527952 0.853951
vt 0.529181 0.852845
vt 0.530078 0.851455
vt 0.530675 0.849909
vt 0.530845 0.848261
vt 0.517787 0.844100
vt 0.516899 0.845301
vt 0.518900 0.843006
vt 0.520204 0.842090
vt 0.521706 0.841494
vt 0.523307 0.841192
vt 0.524941 0.841303
vt 0.526528 0.841738
vt 0.527952 0.842571
vt 0.529181 0.843677
vt 0.530078 0.845067
vt 0.530675 0.846613
vt 0.939167 0.676730
vt 0.939925 0.649984
vt 0.941939 0.650003
vt 0.941164 0.676778
vt 0.943901 0.650064
vt 0.943176 0.676883
vt 0.933640 0.703366
vt 0.938409 0.703476
vt 0.938853 0.705367
vt 0.933083 0.705234
vt 0.938225 0.715790
vt 0.939842 0.707397
vt 0.941969 0.708414
vt 0.940632 0.715350
vt 0.955386 0.710692
vt 0.942193 0.706054
vt 0.955648 0.708052
vt 0.942452 0.703702
vt 0.955646 0.705619
vt 0.955952 0.030758
vt 0.942699 0.032519
vt 0.942403 0.030116
vt 0.955858 0.028315
vt 0.942102 0.027600
vt 0.955453 0.025662
vt 0.940888 0.020975
vt 0.940087 0.028652
vt 0.938582 0.020445
vt 0.933357 0.030922
vt 0.939007 0.030819
vt 0.938523 0.032826
vt 0.933846 0.032796
vt 0.955402 0.717080
vt 0.955519 0.710668
vt 0.955525 0.717134
vt 0.964756 0.708030
vt 0.959360 0.707964
vt 0.959891 0.705911
vt 0.964176 0.705963
vt 0.964621 0.030473
vt 0.960189 0.030542
vt 0.959683 0.028477
vt 0.965152 0.028556
vt 0.955676 0.019213
vt 0.955602 0.025690
vt 0.955538 0.019271
vt 0.955831 0.058522
vt 0.955950 0.031047
vt 0.956069 0.031037
vt 0.955946 0.058515
vt 0.957841 0.058413
vt 0.958017 0.030876
vt 0.960186 0.030832
vt 0.959871 0.058391
vt 0.955921 0.720075
vt 0.939444 0.717996
vt 0.981184 0.705839
vt 0.967607 0.707857
vt 0.968288 0.705736
vt 0.980481 0.703923
vt 0.980744 0.032902
vt 0.968602 0.030911
vt 0.967933 0.028788
vt 0.981424 0.031000
vt 0.939855 0.018167
vt 0.956352 0.016290
vt 0.964239 0.058356
vt 0.964616 0.030763
vt 0.966606 0.030892
vt 0.966178 0.058421
vt 0.968036 0.058598
vt 0.968484 0.031182
vt 0.968598 0.031200
vt 0.968148 0.058609
vt 0.980188 0.059673
vt 0.980738 0.033181
vt 0.982745 0.032726
vt 0.982169 0.059477
vt 0.932540 0.059303
vt 0.931953 0.032457
vt 0.933852 0.033075
vt 0.934498 0.059602
vt 0.955932 0.452742
vt 0.943269 0.452797
vt 0.943177 0.424597
vt 0.955923 0.424567
vt 0.955959 0.537283
vt 0.943599 0.537381
vt 0.943480 0.509189
vt 0.955951 0.509100
vt 0.955975 0.593676
vt 0.943841 0.593744
vt 0.943720 0.565562
vt 0.955967 0.565480
vt 0.955875 0.650174
vt 0.943871 0.621904
vt 0.955925 0.621925
vt 0.955760 0.677897
vt 0.943215 0.059402
vt 0.942705 0.032799
vt 0.955725 0.114532
vt 0.943667 0.114454
vt 0.943731 0.086285
vt 0.955710 0.086286
vt 0.955769 0.199171
vt 0.943407 0.198994
vt 0.943505 0.170808
vt 0.955755 0.170974
vt 0.955814 0.255538
vt 0.943233 0.255379
vt 0.943320 0.227186
vt 0.955792 0.227355
vt 0.955860 0.311888
vt 0.943113 0.311779
vt 0.943173 0.283579
vt 0.955837 0.283713
vt 0.955893 0.368228
vt 0.943086 0.368188
vt 0.943100 0.339983
vt 0.955876 0.340058
vt 0.943132 0.396392
vt 0.955908 0.396397
vt 0.964243 0.452771
vt 0.959854 0.452789
vt 0.959854 0.424601
vt 0.964253 0.424584
vt 0.964202 0.537334
vt 0.959846 0.537351
vt 0.959849 0.509164
vt 0.964218 0.509146
vt 0.964165 0.593719
vt 0.959835 0.593736
vt 0.959841 0.565544
vt 0.964184 0.565526
vt 0.964024 0.650217
vt 0.959717 0.650231
vt 0.959776 0.621984
vt 0.964095 0.621968
vt 0.964100 0.678090
vt 0.959805 0.678071
vt 0.963895 0.114474
vt 0.959578 0.114480
vt 0.959552 0.086240
vt 0.963858 0.086239
vt 0.964012 0.199088
vt 0.959655 0.199102
vt 0.959629 0.170911
vt 0.963972 0.170899
vt 0.964107 0.255462
vt 0.959726 0.255477
vt 0.959691 0.227289
vt 0.964059 0.227275
vt 0.964190 0.311836
vt 0.959791 0.311852
vt 0.959759 0.283664
vt 0.964148 0.283649
vt 0.964240 0.368210
vt 0.959836 0.368226
vt 0.959814 0.340039
vt 0.964214 0.340023
vt 0.959845 0.396414
vt 0.964246 0.396397
vt 0.980827 0.452872
vt 0.968165 0.452724
vt 0.968184 0.424550
vt 0.980928 0.424673
vt 0.980452 0.537451
vt 0.968089 0.537264
vt 0.968117 0.509081
vt 0.980589 0.509261
vt 0.980167 0.593817
vt 0.968027 0.593658
vt 0.968058 0.565461
vt 0.980309 0.565634
vt 0.979812 0.650142
vt 0.967863 0.650162
vt 0.967945 0.621910
vt 0.979990 0.621979
vt 0.980146 0.677033
vt 0.968076 0.677949
vt 0.979782 0.114590
vt 0.967744 0.114542
vt 0.967694 0.086307
vt 0.979631 0.086444
vt 0.980259 0.199087
vt 0.967898 0.199161
vt 0.967846 0.170969
vt 0.980096 0.170911
vt 0.980599 0.255466
vt 0.968019 0.255525
vt 0.967959 0.227343
vt 0.980429 0.227277
vt 0.980865 0.311862
vt 0.968121 0.311873
vt 0.968070 0.283700
vt 0.980731 0.283664
vt 0.980987 0.368268
vt 0.968182 0.368212
vt 0.968151 0.340043
vt 0.980926 0.340065
vt 0.968183 0.396381
vt 0.980957 0.396471
vt 0.939073 0.424569
vt 0.939174 0.452757
vt 0.934419 0.452782
vt 0.934303 0.424594
vt 0.939410 0.509133
vt 0.939544 0.537321
vt 0.934842 0.537346
vt 0.934688 0.509159
vt 0.939683 0.565505
vt 0.939822 0.593689
vt 0.935165 0.593708
vt 0.935003 0.565527
vt 0.939874 0.621836
vt 0.935335 0.649942
vt 0.935250 0.621825
vt 0.934487 0.676654
vt 0.938530 0.033105
vt 0.939137 0.059589
vt 0.939751 0.086353
vt 0.939667 0.114518
vt 0.935036 0.114557
vt 0.935151 0.086407
vt 0.939467 0.170872
vt 0.939351 0.199061
vt 0.934649 0.199084
vt 0.934785 0.170895
vt 0.939250 0.227250
vt 0.939148 0.255439
vt 0.934406 0.255462
vt 0.934527 0.227273
vt 0.939079 0.283627
vt 0.939010 0.311816
vt 0.934240 0.311839
vt 0.934323 0.283651
vt 0.938994 0.340004
vt 0.938979 0.368192
vt 0.934198 0.368217
vt 0.934219 0.340028
vt 0.939026 0.396381
vt 0.934251 0.396405
vt 0.941165 0.424558
vt 0.941120 0.396370
vt 0.941260 0.452746
vt 0.941481 0.509122
vt 0.941607 0.537310
vt 0.941736 0.565495
vt 0.941865 0.593680
vt 0.941902 0.621841
vt 0.940616 0.032998
vt 0.941189 0.059524
vt 0.941769 0.086329
vt 0.941698 0.114501
vt 0.941521 0.170862
vt 0.941414 0.199051
vt 0.941321 0.227240
vt 0.941228 0.255429
vt 0.941165 0.283617
vt 0.941102 0.311805
vt 0.941089 0.339994
vt 0.941075 0.368182
vt 0.956038 0.424570
vt 0.956046 0.452745
vt 0.957928 0.452796
vt 0.957925 0.424609
vt 0.956064 0.509104
vt 0.956073 0.537288
vt 0.957935 0.537359
vt 0.957933 0.509171
vt 0.956080 0.565484
vt 0.956087 0.593680
vt 0.957936 0.593744
vt 0.957935 0.565552
vt 0.956037 0.621929
vt 0.955986 0.650178
vt 0.957828 0.650238
vt 0.957882 0.621991
vt 0.955875 0.677905
vt 0.957772 0.678039
vt 0.955821 0.086283
vt 0.955837 0.114529
vt 0.957684 0.114482
vt 0.957664 0.086240
vt 0.955868 0.170971
vt 0.955882 0.199168
vt 0.957744 0.199108
vt 0.957724 0.170916
vt 0.955905 0.227351
vt 0.955929 0.255535
vt 0.957804 0.255484
vt 0.957774 0.227296
vt 0.955952 0.283711
vt 0.955975 0.311886
vt 0.957862 0.311859
vt 0.957833 0.283671
vt 0.955991 0.340057
vt 0.956008 0.368228
vt 0.957904 0.368234
vt 0.957883 0.340046
vt 0.957914 0.396421
vt 0.956023 0.396399
vt 0.966181 0.424577
vt 0.966168 0.452764
vt 0.968050 0.452726
vt 0.968069 0.424552
vt 0.966135 0.509138
vt 0.966114 0.537326
vt 0.967976 0.537268
vt 0.968004 0.509085
vt 0.966089 0.565519
vt 0.966065 0.593711
vt 0.967915 0.593661
vt 0.967945 0.565464
vt 0.965989 0.621961
vt 0.965913 0.650210
vt 0.967751 0.650165
vt 0.967833 0.621913
vt 0.966099 0.678069
vt 0.967962 0.677956
vt 0.965747 0.086239
vt 0.965790 0.114472
vt 0.967632 0.114538
vt 0.967583 0.086303
vt 0.965878 0.170893
vt 0.965922 0.199082
vt 0.967785 0.199157
vt 0.967733 0.170965
vt 0.965976 0.227268
vt 0.966029 0.255455
vt 0.967904 0.255522
vt 0.967845 0.227339
vt 0.966074 0.283642
vt 0.966118 0.311829
vt 0.968006 0.311871
vt 0.967955 0.283696
vt 0.966145 0.340016
vt 0.966171 0.368203
vt 0.968066 0.368211
vt 0.968036 0.340041
vt 0.968068 0.396381
vt 0.966176 0.396390
vt 0.982940 0.424649
vt 0.982835 0.452836
vt 0.932333 0.452793
vt 0.932211 0.424605
vt 0.982588 0.509208
vt 0.982445 0.537395
vt 0.932779 0.537358
vt 0.932617 0.509170
vt 0.982295 0.565581
vt 0.982144 0.593768
vt 0.933121 0.593716
vt 0.932950 0.565537
vt 0.981957 0.621931
vt 0.981770 0.650095
vt 0.933322 0.649923
vt 0.933221 0.621820
vt 0.982130 0.677259
vt 0.932531 0.676956
vt 0.981587 0.086510
vt 0.981748 0.114657
vt 0.933005 0.114574
vt 0.933133 0.086431
vt 0.982081 0.170982
vt 0.982252 0.199162
vt 0.932586 0.199094
vt 0.932731 0.170906
vt 0.982428 0.227347
vt 0.982604 0.255532
vt 0.932327 0.255472
vt 0.932456 0.227283
vt 0.982740 0.283718
vt 0.982876 0.311904
vt 0.932148 0.311850
vt 0.932237 0.283661
vt 0.982936 0.340091
vt 0.982997 0.368277
vt 0.932102 0.368227
vt 0.932125 0.340039
vt 0.932156 0.396416
vt 0.982968 0.396463
vt 0.940227 0.705399
vt 0.940389 0.703553
vt 0.940480 0.030792
vt 0.940610 0.032719
vt 0.957747 0.707944
vt 0.957716 0.705840
vt 0.955768 0.708046
vt 0.955764 0.705632
vt 0.955985 0.028323
vt 0.958077 0.028453
vt 0.958019 0.030586
vt 0.956070 0.030748
vt 0.967533 0.707868
vt 0.968173 0.705747
vt 0.956010 0.720086
vt 0.966316 0.708049
vt 0.966285 0.705928
vt 0.956441 0.016280
vt 0.967860 0.028776
vt 0.968488 0.030894
vt 0.966655 0.028578
vt 0.966610 0.030602
vt 0.931706 0.705202
vt 0.931741 0.703989
vt 0.937839 0.717793
vt 0.982507 0.705642
vt 0.982491 0.704423
vt 0.982778 0.031222
vt 0.982751 0.032444
vt 0.938199 0.018356
vt 0.931919 0.030948
vt 0.931946 0.032174
vt 0.145134 0.841948
vt 0.130519 0.829828
vt 0.142027 0.820762
vt 0.153062 0.829946
vt 0.382028 0.714636
vt 0.392034 0.706266
vt 0.400813 0.717409
vt 0.392422 0.723644
vt 0.227101 0.829282
vt 0.212472 0.841369
vt 0.204914 0.829596
vt 0.215728 0.820388
vt 0.545701 0.698945
vt 0.556669 0.706533
vt 0.546803 0.716722
vt 0.538127 0.711326
vt 0.409891 0.712404
vt 0.402633 0.700048
vt 0.134776 0.808387
vt 0.120819 0.813508
vt 0.419348 0.708348
vt 0.413413 0.695270
vt 0.132006 0.794199
vt 0.117123 0.794892
vt 0.429025 0.705087
vt 0.424240 0.691551
vt 0.134024 0.779740
vt 0.119712 0.775967
vt 0.438839 0.702528
vt 0.435076 0.688685
vt 0.140624 0.766537
vt 0.128320 0.758702
vt 0.448740 0.700612
vt 0.445916 0.686557
vt 0.151121 0.755962
vt 0.142117 0.744876
vt 0.458702 0.699301
vt 0.456768 0.685099
vt 0.164442 0.749110
vt 0.159689 0.735907
vt 0.468707 0.698573
vt 0.467643 0.684277
vt 0.179235 0.746686
vt 0.179229 0.732713
vt 0.478741 0.698422
vt 0.478557 0.684078
vt 0.194001 0.748938
vt 0.198741 0.735622
vt 0.488795 0.698853
vt 0.489525 0.684508
vt 0.207242 0.755637
vt 0.216235 0.744337
vt 0.498853 0.699886
vt 0.500568 0.685597
vt 0.217613 0.766094
vt 0.229908 0.757971
vt 0.508891 0.701562
vt 0.511708 0.687408
vt 0.224056 0.779231
vt 0.238355 0.775132
vt 0.518863 0.703948
vt 0.522961 0.690056
vt 0.225904 0.793684
vt 0.240764 0.794060
vt 0.528675 0.707148
vt 0.534322 0.693758
vt 0.222996 0.807927
vt 0.236906 0.812792
vt 0.106406 0.914505
vt 0.070122 0.881738
vt 0.047310 0.841690
vt 0.038409 0.797148
vt 0.044048 0.752354
vt 0.063599 0.711803
vt 0.094991 0.679576
vt 0.134969 0.658918
vt 0.179435 0.651907
vt 0.223849 0.659248
vt 0.263677 0.680197
vt 0.294831 0.712636
vt 0.314072 0.753286
vt 0.319341 0.798028
vt 0.310014 0.842339
vt 0.286745 0.881940
vt 0.250056 0.914052
vt 0.099670 0.922856
vt 0.062349 0.887800
vt 0.066191 0.884795
vt 0.103279 0.918894
vt 0.042757 0.843435
vt 0.038250 0.845142
vt 0.033553 0.797298
vt 0.028755 0.797429
vt 0.039391 0.750856
vt 0.034797 0.749361
vt 0.059622 0.708805
vt 0.055702 0.705829
vt 0.092098 0.675388
vt 0.089250 0.671236
vt 0.133452 0.653967
vt 0.131963 0.649064
vt 0.179447 0.646699
vt 0.179467 0.641545
vt 0.225390 0.654313
vt 0.226917 0.649434
vt 0.266590 0.676039
vt 0.269469 0.671931
vt 0.298822 0.709680
vt 0.302762 0.706763
vt 0.318733 0.751836
vt 0.323334 0.750410
vt 0.324192 0.798231
vt 0.328981 0.798438
vt 0.314550 0.844144
vt 0.319034 0.845930
vt 0.290630 0.885069
vt 0.294412 0.888151
vt 0.253087 0.918503
vt 0.256555 0.922511
vt 0.399817 0.731609
vt 0.407607 0.727180
vt 0.415768 0.723132
vt 0.424256 0.719628
vt 0.432998 0.716714
vt 0.441927 0.714387
vt 0.450989 0.712631
vt 0.460139 0.711429
vt 0.469345 0.710770
vt 0.478574 0.710648
vt 0.487797 0.711068
vt 0.496977 0.712042
vt 0.506072 0.713590
vt 0.515026 0.715735
vt 0.523771 0.718492
vt 0.532240 0.721837
vt 0.540428 0.725624
vt 0.511741 0.773883
vt 0.517830 0.776694
vt 0.515555 0.778966
vt 0.509974 0.776134
vt 0.512846 0.780913
vt 0.508018 0.778353
vt 0.435516 0.779905
vt 0.430968 0.782604
vt 0.428178 0.781039
vt 0.433471 0.777905
vt 0.425736 0.779089
vt 0.431612 0.775833
vt 0.440431 0.777942
vt 0.438850 0.775626
vt 0.437390 0.773295
vt 0.445472 0.776365
vt 0.444243 0.773834
vt 0.443097 0.771303
vt 0.450593 0.775084
vt 0.449648 0.772408
vt 0.448765 0.769740
vt 0.455777 0.774071
vt 0.455073 0.771297
vt 0.454419 0.768537
vt 0.461009 0.773315
vt 0.460522 0.770477
vt 0.460075 0.767656
vt 0.466277 0.772813
vt 0.465992 0.769935
vt 0.465741 0.767077
vt 0.471565 0.772566
vt 0.471477 0.769667
vt 0.471417 0.766791
vt 0.476860 0.772574
vt 0.476971 0.769672
vt 0.477102 0.766796
vt 0.482148 0.772839
vt 0.482465 0.769954
vt 0.482796 0.767096
vt 0.487415 0.773364
vt 0.487955 0.770520
vt 0.488499 0.767703
vt 0.492647 0.774154
vt 0.493440 0.771382
vt 0.494220 0.768637
vt 0.497834 0.775219
vt 0.498927 0.772564
vt 0.499979 0.769935
vt 0.502964 0.776585
vt 0.504431 0.774111
vt 0.505807 0.771653
vt 0.928149 0.707749
vt 0.928149 0.758147
vt 0.801467 0.732948
vt 0.908863 0.661188
vt 0.873227 0.625551
vt 0.826665 0.606265
vt 0.776268 0.606265
vt 0.729706 0.625551
vt 0.694070 0.661188
vt 0.674784 0.707749
vt 0.674784 0.758147
vt 0.694070 0.804708
vt 0.729706 0.840344
vt 0.776268 0.859631
vt 0.826665 0.859631
vt 0.873227 0.840344
vt 0.908863 0.804708
vt 0.054862 0.893463
vt 0.029403 0.848379
vt 0.019353 0.797697
vt 0.025796 0.746560
vt 0.048021 0.700232
vt 0.083667 0.663413
vt 0.129042 0.639815
vt 0.179502 0.631811
vt 0.229903 0.640207
vt 0.275106 0.664151
vt 0.310477 0.701224
vt 0.332345 0.747676
vt 0.338365 0.798778
vt 0.327832 0.849254
vt 0.301824 0.893960
vt 0.263250 0.929662
vt 0.092850 0.929750
vt 0.930569 0.758628
vt 0.910914 0.806078
vt 0.091146 0.931473
vt 0.052990 0.894878
vt 0.027191 0.849188
vt 0.930569 0.707268
vt 0.017003 0.797764
vt 0.910914 0.659818
vt 0.023546 0.745861
vt 0.874597 0.623500
vt 0.046101 0.698833
vt 0.827147 0.603846
vt 0.082272 0.661458
vt 0.775786 0.603846
vt 0.128312 0.637503
vt 0.728336 0.623500
vt 0.179511 0.629378
vt 0.692019 0.659817
vt 0.230650 0.637901
vt 0.672364 0.707268
vt 0.276515 0.662206
vt 0.672364 0.758628
vt 0.312406 0.699839
vt 0.692019 0.806078
vt 0.334597 0.746993
vt 0.728336 0.842395
vt 0.340710 0.798863
vt 0.775786 0.862050
vt 0.330032 0.850085
vt 0.827147 0.862050
vt 0.303676 0.895411
vt 0.874597 0.842395
vt 0.264924 0.931449
vt 0.500675 0.780213
vt 0.504883 0.781531
vt 0.503828 0.783249
vt 0.499849 0.782065
vt 0.507323 0.784554
vt 0.508644 0.783109
vt 0.439796 0.784174
vt 0.436195 0.785470
vt 0.434945 0.784214
vt 0.438739 0.782613
vt 0.443811 0.782939
vt 0.442950 0.781212
vt 0.448125 0.781815
vt 0.447434 0.779979
vt 0.452651 0.780838
vt 0.452109 0.778925
vt 0.457324 0.780033
vt 0.456917 0.778066
vt 0.462098 0.779421
vt 0.461817 0.777416
vt 0.466936 0.779013
vt 0.466776 0.776983
vt 0.471806 0.778818
vt 0.471766 0.776774
vt 0.476678 0.778839
vt 0.476759 0.776791
vt 0.481525 0.779076
vt 0.481730 0.777036
vt 0.486313 0.779527
vt 0.486650 0.777507
vt 0.491002 0.780184
vt 0.491480 0.778198
vt 0.495539 0.781036
vt 0.496177 0.779102
vt 0.494454 0.802145
vt 0.498045 0.802868
vt 0.497579 0.803753
vt 0.494394 0.803128
vt 0.501116 0.804446
vt 0.497964 0.803829
vt 0.501577 0.803588
vt 0.445208 0.803865
vt 0.442102 0.804422
vt 0.441657 0.803602
vt 0.445144 0.802947
vt 0.448755 0.803223
vt 0.445589 0.803796
vt 0.448716 0.802277
vt 0.452379 0.802607
vt 0.449144 0.803155
vt 0.452375 0.801640
vt 0.456077 0.802054
vt 0.452776 0.802544
vt 0.456114 0.801071
vt 0.459838 0.801589
vt 0.456481 0.801999
vt 0.459920 0.800596
vt 0.463650 0.801232
vt 0.460249 0.801545
vt 0.463778 0.800233
vt 0.467497 0.800999
vt 0.464066 0.801201
vt 0.467671 0.799998
vt 0.471362 0.800898
vt 0.467915 0.800981
vt 0.471582 0.799900
vt 0.475227 0.800934
vt 0.471781 0.800895
vt 0.475493 0.799943
vt 0.479076 0.801110
vt 0.475646 0.800947
vt 0.479386 0.800129
vt 0.482892 0.801422
vt 0.479492 0.801138
vt 0.483243 0.800454
vt 0.486659 0.801861
vt 0.483303 0.801463
vt 0.487049 0.800909
vt 0.490365 0.802413
vt 0.487063 0.801915
vt 0.490789 0.801480
vt 0.494003 0.803055
vt 0.490762 0.802478
vt 0.606077 0.811785
vt 0.602045 0.812286
vt 0.602801 0.801899
vt 0.598127 0.811207
vt 0.594922 0.808710
vt 0.592915 0.805176
vt 0.592414 0.801143
vt 0.593494 0.797226
vt 0.595991 0.794020
vt 0.599524 0.792014
vt 0.603557 0.791512
vt 0.607474 0.792592
vt 0.610681 0.795089
vt 0.612687 0.798623
vt 0.613188 0.802656
vt 0.612108 0.806573
vt 0.609611 0.809779
vt 0.940401 0.703140
vt 0.942463 0.703288
vt 0.938420 0.703063
vt 0.933653 0.702954
vt 0.931753 0.703571
vt 0.980476 0.703508
vt 0.982485 0.704003
vt 0.968285 0.705307
vt 0.968170 0.705317
vt 0.964175 0.705533
vt 0.966282 0.705497
vt 0.959890 0.705481
vt 0.957717 0.705411
vt 0.955647 0.705191
vt 0.955766 0.705204
vt 0.955941 0.480917
vt 0.956056 0.480921
vt 0.957932 0.480984
vt 0.959853 0.480976
vt 0.964234 0.480958
vt 0.966156 0.480951
vt 0.968031 0.480901
vt 0.968145 0.480898
vt 0.980726 0.481070
vt 0.982731 0.481022
vt 0.932455 0.480982
vt 0.934534 0.480971
vt 0.939276 0.480945
vt 0.941356 0.480934
vt 0.943360 0.480997
vt 0.955741 0.142777
vt 0.955854 0.142774
vt 0.957704 0.142724
vt 0.959603 0.142719
vt 0.963933 0.142709
vt 0.965833 0.142705
vt 0.967682 0.142773
vt 0.967794 0.142777
vt 0.979933 0.142735
vt 0.981909 0.142803
vt 0.932877 0.142717
vt 0.934921 0.142707
vt 0.939583 0.142683
vt 0.941628 0.142672
vt 0.943604 0.142623
vt 0.957697 0.710266
vt 0.957534 0.718028
vt 0.957487 0.720272
vt 0.957915 0.016112
vt 0.957943 0.018275
vt 0.958047 0.026143
s 1
usemtl 1007
f 1/1/1 2/2/2 3/3/3
f 3/3/3 4/4/4 1/1/1
f 5/5/5 1/1/1 4/4/4
f 4/4/4 6/6/6 5/5/5
f 6/6/6 4/4/4 7/7/7
f 7/7/7 8/8/8 6/6/6
f 4/4/4 3/3/3 9/9/9
f 9/9/9 7/7/7 4/4/4
f 7/7/7 9/9/9 10/10/10
f 10/10/10 11/11/11 7/7/7
f 8/8/8 7/7/7 11/11/11
f 11/11/11 12/12/12 8/8/8
f 12/12/12 11/11/11 13/13/13
f 13/13/13 14/14/14 12/12/12
f 11/11/11 10/10/10 15/15/15
f 15/15/15 13/13/13 11/11/11
f 13/13/13 15/15/15 16/16/16
f 16/16/16 17/17/17 13/13/13
f 14/14/14 13/13/13 17/17/17
f 17/17/17 18/18/18 14/14/14
f 18/18/18 17/17/17 19/19/19
f 19/19/19 20/20/20 18/18/18
f 17/17/17 16/16/16 21/21/21
f 21/21/21 19/19/19 17/17/17
f 19/19/19 21/21/21 22/22/22
f 22/22/22 23/23/23 19/19/19
f 20/20/20 19/19/19 23/23/23
f 23/23/23 24/24/24 20/20/20
f 24/24/24 23/23/23 25/25/25
f 25/25/25 26/26/26 24/24/24
f 23/23/23 22/22/22 27/27/27
f 27/27/27 25/25/25 23/23/23
f 25/25/25 27/27/27 28/28/28
f 28/28/28 29/29/29 25/25/25
f 26/26/26 25/25/25 29/29/29
f 29/29/29 30/30/30 26/26/26
f 30/30/30 29/29/29 31/31/31
f 31/31/31 32/32/32 30/30/30
f 29/29/29 28/28/28 33/33/33
f 33/33/33 31/31/31 29/29/29
f 31/31/31 33/33/33 34/34/34
f 34/34/34 35/35/35 31/31/31
f 32/32/32 31/31/31 35/35/35
f 35/35/35 36/36/36 32/32/32
f 36/36/36 35/35/35 37/37/37
f 37/37/37 38/38/38 36/36/36
f 35/35/35 34/34/34 39/39/39
f 39/39/39 37/37/37 35/35/35
f 40/40/40 5/5/5 6/6/6
f 6/6/6 41/41/41 40/40/40
f 42/42/42 40/40/40 41/41/41
f 41/41/41 43/43/43 42/42/42
f 43/43/43 41/41/41 44/44/44
f 44/44/44 45/45/45 43/43/43
f 41/41/41 6/6/6 8/8/8
f 8/8/8 44/44/44 41/41/41
f 44/44/44 8/8/8 12/12/12
f 12/12/12 46/46/46 44/44/44
f 45/45/45 44/44/44 46/46/46
f 46/46/46 47/47/47 45/45/45
f 47/47/47 46/46/46 48/48/48
f 48/48/48 49/49/49 47/47/47
f 46/46/46 12/12/12 14/14/14
f 14/14/14 48/48/48 46/46/46
f 48/48/48 14/14/14 18/18/18
f 18/18/18 50/50/50 48/48/48
f 49/49/49 48/48/48 50/50/50
f 50/50/50 51/51/51 49/49/49
f 51/51/51 50/50/50 52/52/52
f 52/52/52 53/53/53 51/51/51
f 50/50/50 18/18/18 20/20/20
f 20/20/20 52/52/52 50/50/50
f 52/52/52 20/20/20 24/24/24
f 24/24/24 54/54/54 52/52/52
f 53/53/53 52/52/52 54/54/54
f 54/54/54 55/55/55 53/53/53
f 55/55/55 54/54/54 56/56/56
f 56/56/56 57/57/57 55/55/55
f 54/54/54 24/24/24 26/26/26
f 26/26/26 56/56/56 54/54/54
f 56/56/56 26/26/26 30/30/30
f 30/30/30 58/58/58 56/56/56
f 57/57/57 56/56/56 58/58/58
f 58/58/58 59/59/59 57/57/57
f 59/59/59 58/58/58 60/60/60
f 60/60/60 61/61/61 59/59/59
f 58/58/58 30/30/30 32/32/32
f 32/32/32 60/60/60 58/58/58
f 60/60/60 32/32/32 36/36/36
f 36/36/36 62/62/62 60/60/60
f 61/61/61 60/60/60 62/62/62
f 62/62/62 63/63/63 61/61/61
f 63/63/63 62/62/62 64/64/64
f 64/64/64 65/65/65 63/63/63
f 62/62/62 36/36/36 38/38/38
f 38/38/38 64/64/64 62/62/62
f 66/66/66 42/42/42 43/43/43
f 43/43/43 67/67/67 66/66/66
f 68/68/68 66/66/66 67/67/67
f 67/67/67 69/69/69 68/68/68
f 69/69/69 67/67/67 70/70/70
f 70/70/70 71/71/71 69/69/69
f 67/67/67 43/43/43 45/45/45
f 45/45/45 70/70/70 67/67/67
f 70/70/70 45/45/45 47/47/47
f 47/47/47 72/72/72 70/70/70
f 71/71/71 70/70/70 72/72/72
f 72/72/72 73/73/73 71/71/71
f 73/73/73 72/72/72 74/74/74
f 74/74/74 75/75/75 73/73/73
f 72/72/72 47/47/47 49/49/49
f 49/49/49 74/74/74 72/72/72
f 74/74/74 49/49/49 51/51/51
f 51/51/51 76/76/76 74/74/74
f 75/75/75 74/74/74 76/76/76
f 76/76/76 77/77/77 75/75/75
f 77/77/77 76/76/76 78/78/78
f 78/78/78 79/79/79 77/77/77
f 76/76/76 51/51/51 53/53/53
f 53/53/53 78/78/78 76/76/76
f 78/78/78 53/53/53 55/55/55
f 55/55/55 80/80/80 78/78/78
f 79/79/79 78/78/78 80/80/80
f 80/80/80 81/81/81 79/79/79
f 81/81/81 80/80/80 82/82/82
f 82/82/82 83/83/83 81/81/81
f 80/80/80 55/55/55 57/57/57
f 57/57/57 82/82/82 80/80/80
f 82/82/82 57/57/57 59/59/59
f 59/59/59 84/84/84 82/82/82
f 83/83/83 82/82/82 84/84/84
f 84/84/84 85/85/85 83/83/83
f 85/85/85 84/84/84 86/86/86
f 86/86/86 87/87/87 85/85/85
f 84/84/84 59/59/59 61/61/61
f 61/61/61 86/86/86 84/84/84
f 86/86/86 61/61/61 63/63/63
f 63/63/63 88/88/88 86/86/86
f 87/87/87 86/86/86 88/88/88
f 88/88/88 89/89/89 87/87/87
f 89/89/89 88/88/88 90/90/90
f 90/90/90 91/91/91 89/89/89
f 88/88/88 63/63/63 65/65/65
f 65/65/65 90/90/90 88/88/88
f 92/92/92 68/68/68 69/69/69
f 69/69/69 93/93/93 92/92/92
f 94/94/94 92/92/92 93/93/93
f 93/93/93 95/95/95 94/94/94
f 95/95/95 93/93/93 96/96/96
f 96/96/96 97/97/97 95/95/95
f 93/93/93 69/69/69 71/71/71
f 71/71/71 96/96/96 93/93/93
f 96/96/96 71/71/71 73/73/73
f 73/73/73 98/98/98 96/96/96
f 97/97/97 96/96/96 98/98/98
f 98/98/98 99/99/99 97/97/97
f 99/99/99 98/98/98 100/100/100
f 100/100/100 101/101/101 99/99/99
f 98/98/98 73/73/73 75/75/75
f 75/75/75 100/100/100 98/98/98
f 100/100/100 75/75/75 77/77/77
f 77/77/77 102/102/102 100/100/100
f 101/101/101 100/100/100 102/102/102
f 102/102/102 103/103/103 101/101/101
f 103/103/103 102/102/102 104/104/104
f 104/104/104 105/105/105 103/103/103
f 102/102/102 77/77/77 79/79/79
f 79/79/79 104/104/104 102/102/102
f 104/104/104 79/79/79 81/81/81
f 81/81/81 106/106/106 104/104/104
f 105/105/105 104/104/104 106/106/106
f 106/106/106 107/107/107 105/105/105
f 107/107/107 106/106/106 108/108/108
f 108/108/108 109/109/109 107/107/107
f 106/106/106 81/81/81 83/83/83
f 83/83/83 108/108/108 106/106/106
f 108/108/108 83/83/83 85/85/85
f 85/85/85 110/110/110 108/108/108
f 109/109/109 108/108/108 110/110/110
f 110/110/110 111/111/111 109/109/109
f 111/111/111 110/110/110 112/112/112
f 112/112/112 113/113/113 111/111/111
f 110/110/110 85/85/85 87/87/87
f 87/87/87 112/112/112 110/110/110
f 112/112/112 87/87/87 89/89/89
f 89/89/89 114/114/114 112/112/112
f 113/113/113 112/112/112 114/114/114
f 114/114/114 115/115/115 113/113/113
f 115/115/115 114/114/114 116/116/116
f 116/116/116 117/117/117 115/115/115
f 114/114/114 89/89/89 91/91/91
f 91/91/91 116/116/116 114/114/114
f 118/118/118 94/94/94 95/95/95
f 95/95/95 119/119/119 118/118/118
f 120/120/120 118/118/118 119/119/119
f 119/119/119 121/121/121 120/120/120
f 121/121/121 119/119/119 122/122/122
f 122/122/122 123/123/123 121/121/121
f 119/119/119 95/95/95 97/97/97
f 97/97/97 122/122/122 119/119/119
f 122/122/122 97/97/97 99/99/99
f 99/99/99 124/124/124 122/122/122
f 123/123/123 122/122/122 124/124/124
f 124/124/124 125/125/125 123/123/123
f 125/125/125 124/124/124 126/126/126
f 126/126/126 127/127/127 125/125/125
f 124/124/124 99/99/99 101/101/101
f 101/101/101 126/126/126 124/124/124
f 126/126/126 101/101/101 103/103/103
f 103/103/103 128/128/128 126/126/126
f 127/127/127 126/126/126 128/128/128
f 128/128/128 129/129/129 127/127/127
f 129/129/129 128/128/128 130/130/130
f 130/130/130 131/131/131 129/129/129
f 128/128/128 103/103/103 105/105/105
f 105/105/105 130/130/130 128/128/128
f 130/130/130 105/105/105 107/107/107
f 107/107/107 132/132/132 130/130/130
f 131/131/131 130/130/130 132/132/132
f 132/132/132 133/133/133 131/131/131
f 133/133/133 132/132/132 134/134/134
f 134/134/134 135/135/135 133/133/133
f 132/132/132 107/107/107 109/109/109
f 109/109/109 134/134/134 132/132/132
f 134/134/134 109/109/109 111/111/111
f 111/111/111 136/136/136 134/134/134
f 135/135/135 134/134/134 136/136/136
f 136/136/136 137/137/137 135/135/135
f 137/137/137 136/136/136 138/138/138
f 138/138/138 139/139/139 137/137/137
f 136/136/136 111/111/111 113/113/113
f 113/113/113 138/138/138 136/136/136
f 138/138/138 113/113/113 115/115/115
f 115/115/115 140/140/140 138/138/138
f 139/139/139 138/138/138 140/140/140
f 140/140/140 141/141/141 139/139/139
f 141/141/141 140/140/140 142/142/142
f 142/142/142 143/143/143 141/141/141
f 140/140/140 115/115/115 117/117/117
f 117/117/117 142/142/142 140/140/140
f 144/144/144 120/120/120 121/121/121
f 121/121/121 145/145/145 144/144/144
f 146/146/146 144/144/144 145/145/145
f 145/145/145 147/147/147 146/146/146
f 147/147/147 145/145/145 148/148/148
f 148/148/148 149/149/149 147/147/147
f 145/145/145 121/121/121 123/123/123
f 123/123/123 148/148/148 145/145/145
f 148/148/148 123/123/123 125/125/125
f 125/125/125 150/150/150 148/148/148
f 149/149/149 148/148/148 150/150/150
f 150/150/150 151/151/151 149/149/149
f 151/151/151 150/150/150 152/152/152
f 152/152/152 153/153/153 151/151/151
f 150/150/150 125/125/125 127/127/127
f 127/127/127 152/152/152 150/150/150
f 152/152/152 127/127/127 129/129/129
f 129/129/129 154/154/154 152/152/152
f 153/153/153 152/152/152 154/154/154
f 154/154/154 155/155/155 153/153/153
f 155/155/155 154/154/154 156/156/156
f 156/156/156 157/157/157 155/155/155
f 154/154/154 129/129/129 131/131/131
f 131/131/131 156/156/156 154/154/154
f 156/156/156 131/131/131 133/133/133
f 133/133/133 158/158/158 156/156/156
f 157/157/157 156/156/156 158/158/158
f 158/158/158 159/159/159 157/157/157
f 159/159/159 158/158/158 160/160/160
f 160/160/160 161/161/161 159/159/159
f 158/158/158 133/133/133 135/135/135
f 135/135/135 160/160/160 158/158/158
f 160/160/160 135/135/135 137/137/137
f 137/137/137 162/162/162 160/160/160
f 161/161/161 160/160/160 162/162/162
f 162/162/162 163/163/163 161/161/161
f 163/163/163 162/162/162 164/164/164
f 164/164/164 165/165/165 163/163/163
f 162/162/162 137/137/137 139/139/139
f 139/139/139 164/164/164 162/162/162
f 164/164/164 139/139/139 141/141/141
f 141/141/141 166/166/166 164/164/164
f 165/165/165 164/164/164 166/166/166
f 166/166/166 167/167/167 165/165/165
f 167/167/167 166/166/166 168/168/168
f 168/168/168 169/169/169 167/167/167
f 166/166/166 141/141/141 143/143/143
f 143/143/143 168/168/168 166/166/166
f 170/170/170 171/171/171 172/172/172
f 172/172/172 173/173/173 170/170/170
f 172/172/172 171/171/171 174/174/174
f 174/174/174 175/175/175 172/172/172
f 174/174/174 171/171/171 176/176/176
f 176/176/176 177/177/177 174/174/174
f 176/176/176 171/171/171 178/178/178
f 178/178/178 179/179/179 176/176/176
f 178/178/178 171/171/171 180/180/180
f 180/180/180 181/181/181 178/178/178
f 180/180/180 171/171/171 182/182/182
f 182/182/182 183/183/183 180/180/180
f 184/184/184 2/2/2 1/1/1
f 1/1/1 185/185/185 184/184/184
f 185/185/185 1/1/1 5/5/5
f 5/5/5 186/186/186 185/185/185
f 187/187/187 185/185/185 186/186/186
f 186/186/186 188/188/188 187/187/187
f 189/189/189 184/184/184 185/185/185
f 185/185/185 187/187/187 189/189/189
f 190/190/190 189/189/189 187/187/187
f 187/187/187 191/191/191 190/190/190
f 191/191/191 187/187/187 188/188/188
f 188/188/188 192/192/192 191/191/191
f 193/193/193 191/191/191 192/192/192
f 192/192/192 194/194/194 193/193/193
f 195/195/195 190/190/190 191/191/191
f 191/191/191 193/193/193 195/195/195
f 196/196/196 195/195/195 193/193/193
f 193/193/193 197/197/197 196/196/196
f 197/197/197 193/193/193 194/194/194
f 194/194/194 198/198/198 197/197/197
f 199/199/199 197/197/197 198/198/198
f 198/198/198 200/200/200 199/199/199
f 201/201/201 196/196/196 197/197/197
f 197/197/197 199/199/199 201/201/201
f 202/202/202 201/201/201 199/199/199
f 199/199/199 203/203/203 202/202/202
f 203/203/203 199/199/199 200/200/200
f 200/200/200 204/204/204 203/203/203
f 205/205/205 203/203/203 204/204/204
f 204/204/204 206/206/206 205/205/205
f 207/207/207 202/202/202 203/203/203
f 203/203/203 205/205/205 207/207/207
f 208/208/208 207/207/207 205/205/205
f 205/205/205 209/209/209 208/208/208
f 209/209/209 205/205/205 206/206/206
f 206/206/206 210/210/210 209/209/209
f 211/211/211 209/209/209 210/210/210
f 210/210/210 212/212/212 211/211/211
f 213/213/213 208/208/208 209/209/209
f 209/209/209 211/211/211 213/213/213
f 214/214/214 213/213/213 211/211/211
f 211/211/211 215/215/215 214/214/214
f 215/215/215 211/211/211 212/212/212
f 212/212/212 216/216/216 215/215/215
f 217/217/37 215/215/215 216/216/216
f 216/216/216 218/218/38 217/217/37
f 219/219/39 214/214/214 215/215/215
f 215/215/215 217/217/37 219/219/39
f 186/186/186 5/5/5 40/40/40
f 40/40/40 220/220/217 186/186/186
f 220/220/217 40/40/40 42/42/42
f 42/42/42 221/221/218 220/220/217
f 222/222/219 220/220/217 221/221/218
f 221/221/218 223/223/220 222/222/219
f 188/188/188 186/186/186 220/220/217
f 220/220/217 222/222/219 188/188/188
f 192/192/192 188/188/188 222/222/219
f 222/222/219 224/224/221 192/192/192
f 224/224/221 222/222/219 223/223/220
f 223/223/220 225/225/222 224/224/221
f 226/226/223 224/224/221 225/225/222
f 225/225/222 227/227/224 226/226/223
f 194/194/194 192/192/192 224/224/221
f 224/224/221 226/226/223 194/194/194
f 198/198/198 194/194/194 226/226/223
f 226/226/223 228/228/225 198/198/198
f 228/228/225 226/226/223 227/227/224
f 227/227/224 229/229/226 228/228/225
f 230/230/227 228/228/225 229/229/226
f 229/229/226 231/231/228 230/230/227
f 200/200/200 198/198/198 228/228/225
f 228/228/225 230/230/227 200/200/200
f 204/204/204 200/200/200 230/230/227
f 230/230/227 232/232/229 204/204/204
f 232/232/229 230/230/227 231/231/228
f 231/231/228 233/233/230 232/232/229
f 234/234/231 232/232/229 233/233/230
f 233/233/230 235/235/232 234/234/231
f 206/206/206 204/204/204 232/232/229
f 232/232/229 234/234/231 206/206/206
f 210/210/210 206/206/206 234/234/231
f 234/234/231 236/236/233 210/210/210
f 236/236/233 234/234/231 235/235/232
f 235/235/232 237/237/234 236/236/233
f 238/238/235 236/236/233 237/237/234
f 237/237/234 239/239/236 238/238/235
f 212/212/212 210/210/210 236/236/233
f 236/236/233 238/238/235 212/212/212
f 216/216/216 212/212/212 238/238/235
f 238/238/235 240/240/237 216/216/216
f 240/240/237 238/238/235 239/239/236
f 239/239/236 241/241/238 240/240/237
f 242/242/64 240/240/237 241/241/238
f 241/241/238 243/243/65 242/242/64
f 218/218/38 216/216/216 240/240/237
f 240/240/237 242/242/64 218/218/38
f 221/221/218 42/42/42 66/66/66
f 66/66/66 244/244/239 221/221/218
f 244/244/239 66/66/66 68/68/68
f 68/68/68 245/245/240 244/244/239
f 246/246/241 244/244/239 245/245/240
f 245/245/240 247/247/242 246/246/241
f 223/223/220 221/221/218 244/244/239
f 244/244/239 246/246/241 223/223/220
f 225/225/222 223/223/220 246/246/241
f 246/246/241 248/248/243 225/225/222
f 248/248/243 246/246/241 247/247/242
f 247/247/242 249/249/244 248/248/243
f 250/250/245 248/248/243 249/249/244
f 249/249/244 251/251/246 250/250/245
f 227/227/224 225/225/222 248/248/243
f 248/248/243 250/250/245 227/227/224
f 229/229/226 227/227/224 250/250/245
f 250/250/245 252/252/247 229/229/226
f 252/252/247 250/250/245 251/251/246
f 251/251/246 253/253/248 252/252/247
f 254/254/249 252/252/247 253/253/248
f 253/253/248 255/255/250 254/254/249
f 231/231/228 229/229/226 252/252/247
f 252/252/247 254/254/249 231/231/228
f 233/233/230 231/231/228 254/254/249
f 254/254/249 256/256/251 233/233/230
f 256/256/251 254/254/249 255/255/250
f 255/255/250 257/257/252 256/256/251
f 258/258/253 256/256/251 257/257/252
f 257/257/252 259/259/254 258/258/253
f 235/235/232 233/233/230 256/256/251
f 256/256/251 258/258/253 235/235/232
f 237/237/234 235/235/232 258/258/253
f 258/258/253 260/260/255 237/237/234
f 260/260/255 258/258/253 259/259/254
f 259/259/254 261/261/256 260/260/255
f 262/262/257 260/260/255 261/261/256
f 261/261/256 263/263/258 262/262/257
f 239/239/236 237/237/234 260/260/255
f 260/260/255 262/262/257 239/239/236
f 241/241/238 239/239/236 262/262/257
f 262/262/257 264/264/259 241/241/238
f 264/264/259 262/262/257 263/263/258
f 263/263/258 265/265/260 264/264/259
f 266/266/90 264/264/259 265/265/260
f 265/265/260 267/267/91 266/266/90
f 243/243/65 241/241/238 264/264/259
f 264/264/259 266/266/90 243/243/65
f 245/245/240 68/68/68 92/92/92
f 92/92/92 268/268/261 245/245/240
f 268/268/261 92/92/92 94/94/94
f 94/94/94 269/269/262 268/268/261
f 270/270/263 268/268/261 269/269/262
f 269/269/262 271/271/264 270/270/263
f 247/247/242 245/245/240 268/268/261
f 268/268/261 270/270/263 247/247/242
f 249/249/244 247/247/242 270/270/263
f 270/270/263 272/272/265 249/249/244
f 272/272/265 270/270/263 271/271/264
f 271/271/264 273/273/266 272/272/265
f 274/274/267 272/272/265 273/273/266
f 273/273/266 275/275/268 274/274/267
f 251/251/246 249/249/244 272/272/265
f 272/272/265 274/274/267 251/251/246
f 253/253/248 251/251/246 274/274/267
f 274/274/267 276/276/269 253/253/248
f 276/276/269 274/274/267 275/275/268
f 275/275/268 277/277/270 276/276/269
f 278/278/271 276/276/269 277/277/270
f 277/277/270 279/279/272 278/278/271
f 255/255/250 253/253/248 276/276/269
f 276/276/269 278/278/271 255/255/250
f 257/257/252 255/255/250 278/278/271
f 278/278/271 280/280/273 257/257/252
f 280/280/273 278/278/271 279/279/272
f 279/279/272 281/281/274 280/280/273
f 282/282/275 280/280/273 281/281/274
f 281/281/274 283/283/276 282/282/275
f 259/259/254 257/257/252 280/280/273
f 280/280/273 282/282/275 259/259/254
f 261/261/256 259/259/254 282/282/275
f 282/282/275 284/284/277 261/261/256
f 284/284/277 282/282/275 283/283/276
f 283/283/276 285/285/278 284/284/277
f 286/286/279 284/284/277 285/285/278
f 285/285/278 287/287/280 286/286/279
f 263/263/258 261/261/256 284/284/277
f 284/284/277 286/286/279 263/263/258
f 265/265/260 263/263/258 286/286/279
f 286/286/279 288/288/281 265/265/260
f 288/288/281 286/286/279 287/287/280
f 287/287/280 289/289/282 288/288/281
f 290/290/116 288/288/281 289/289/282
f 289/289/282 291/291/117 290/290/116
f 267/267/91 265/265/260 288/288/281
f 288/288/281 290/290/116 267/267/91
f 269/269/262 94/94/94 118/118/118
f 118/118/118 292/292/283 269/269/262
f 292/292/283 118/118/118 120/120/120
f 120/120/120 293/293/284 292/292/283
f 294/294/285 292/292/283 293/293/284
f 293/293/284 295/295/286 294/294/285
f 271/271/264 269/269/262 292/292/283
f 292/292/283 294/294/285 271/271/264
f 273/273/266 271/271/264 294/294/285
f 294/294/285 296/296/287 273/273/266
f 296/296/287 294/294/285 295/295/286
f 295/295/286 297/297/288 296/296/287
f 298/298/289 296/296/287 297/297/288
f 297/297/288 299/299/290 298/298/289
f 275/275/268 273/273/266 296/296/287
f 296/296/287 298/298/289 275/275/268
f 277/277/270 275/275/268 298/298/289
f 298/298/289 300/300/291 277/277/270
f 300/300/291 298/298/289 299/299/290
f 299/299/290 301/301/292 300/300/291
f 302/302/293 300/300/291 301/301/292
f 301/301/292 303/303/294 302/302/293
f 279/279/272 277/277/270 300/300/291
f 300/300/291 302/302/293 279/279/272
f 281/281/274 279/279/272 302/302/293
f 302/302/293 304/304/295 281/281/274
f 304/304/295 302/302/293 303/303/294
f 303/303/294 305/305/296 304/304/295
f 306/306/297 304/304/295 305/305/296
f 305/305/296 307/307/298 306/306/297
f 283/283/276 281/281/274 304/304/295
f 304/304/295 306/306/297 283/283/276
f 285/285/278 283/283/276 306/306/297
f 306/306/297 308/308/299 285/285/278
f 308/308/299 306/306/297 307/307/298
f 307/307/298 309/309/300 308/308/299
f 310/310/301 308/308/299 309/309/300
f 309/309/300 311/311/302 310/310/301
f 287/287/280 285/285/278 308/308/299
f 308/308/299 310/310/301 287/287/280
f 289/289/282 287/287/280 310/310/301
f 310/310/301 312/312/303 289/289/282
f 312/312/303 310/310/301 311/311/302
f 311/311/302 313/313/304 312/312/303
f 314/314/305 312/312/303 313/313/304
f 313/313/304 315/315/143 314/314/305
f 291/291/117 289/289/282 312/312/303
f 312/312/303 314/314/305 291/291/117
f 293/293/284 120/120/120 144/144/144
f 144/144/144 316/316/306 293/293/284
f 316/316/306 144/144/144 146/146/146
f 146/146/146 317/317/307 316/316/306
f 318/318/308 316/316/306 317/317/307
f 317/317/307 319/319/309 318/318/308
f 295/295/286 293/293/284 316/316/306
f 316/316/306 318/318/308 295/295/286
f 297/297/288 295/295/286 318/318/308
f 318/318/308 320/320/310 297/297/288
f 320/320/310 318/318/308 319/319/309
f 319/319/309 321/321/311 320/320/310
f 322/322/312 320/320/310 321/321/311
f 321/321/311 323/323/313 322/322/312
f 299/299/290 297/297/288 320/320/310
f 320/320/310 322/322/312 299/299/290
f 301/301/292 299/299/290 322/322/312
f 322/322/312 324/324/314 301/301/292
f 324/324/314 322/322/312 323/323/313
f 323/323/313 325/325/315 324/324/314
f 326/326/316 324/324/314 325/325/315
f 325/325/315 327/327/317 326/326/316
f 303/303/294 301/301/292 324/324/314
f 324/324/314 326/326/316 303/303/294
f 305/305/296 303/303/294 326/326/316
f 326/326/316 328/328/318 305/305/296
f 328/328/318 326/326/316 327/327/317
f 327/327/317 329/329/319 328/328/318
f 330/330/320 328/328/318 329/329/319
f 329/329/319 331/331/321 330/330/320
f 307/307/298 305/305/296 328/328/318
f 328/328/318 330/330/320 307/307/298
f 309/309/300 307/307/298 330/330/320
f 330/330/320 332/332/322 309/309/300
f 332/332/322 330/330/320 331/331/321
f 331/331/321 333/333/323 332/332/322
f 334/334/324 332/332/322 333/333/323
f 333/333/323 335/335/325 334/334/324
f 311/311/302 309/309/300 332/332/322
f 332/332/322 334/334/324 311/311/302
f 313/313/304 311/311/302 334/334/324
f 334/334/324 336/336/326 313/313/304
f 336/336/326 334/334/324 335/335/325
f 335/335/325 337/337/327 336/336/326
f 338/338/168 336/336/326 337/337/327
f 337/337/327 339/339/169 338/338/168
f 315/315/143 313/313/304 336/336/326
f 336/336/326 338/338/168 315/315/143
f 340/340/328 171/171/171 170/170/170
f 170/170/170 341/341/329 340/340/328
f 342/342/330 171/171/171 340/340/328
f 340/340/328 343/343/331 342/342/330
f 344/344/332 171/171/171 342/342/330
f 342/342/330 345/345/333 344/344/332
f 346/346/334 171/171/171 344/344/332
f 344/344/332 347/347/335 346/346/334
f 348/348/336 171/171/171 346/346/334
f 346/346/334 349/349/337 348/348/336
f 350/350/182 171/171/171 348/348/336
f 348/348/336 351/351/338 350/350/182
f 352/352/339 353/353/340 354/354/341
f 354/354/341 355/355/342 352/352/339
f 356/356/340 357/357/339 358/358/343
f 358/358/343 359/359/344 356/356/340
f 359/359/344 358/358/343 360/360/345
f 360/360/345 361/361/346 359/359/344
f 361/361/346 360/360/345 362/362/347
f 362/362/347 363/363/348 361/361/346
f 363/363/348 362/362/347 364/364/349
f 364/364/349 365/365/350 363/363/348
f 365/365/350 364/364/349 366/366/351
f 366/366/351 367/367/352 365/365/350
f 367/367/352 366/366/351 368/368/353
f 368/368/353 369/369/354 367/367/352
f 369/369/354 368/368/353 370/370/355
f 370/370/355 371/371/356 369/369/354
f 371/371/356 370/370/355 372/372/357
f 372/372/357 373/373/358 371/371/356
f 373/373/358 372/372/357 374/374/359
f 374/374/359 375/375/360 373/373/358
f 375/375/360 374/374/359 376/376/361
f 376/376/361 377/377/362 375/375/360
f 377/377/362 376/376/361 378/378/363
f 378/378/363 379/379/364 377/377/362
f 379/379/364 378/378/363 380/380/365
f 380/380/365 381/381/366 379/379/364
f 381/381/366 380/380/365 382/382/367
f 382/382/367 383/383/368 381/381/366
f 355/355/342 354/354/341 384/384/369
f 384/384/369 385/385/370 355/355/342
f 385/385/370 384/384/369 386/386/371
f 386/386/371 387/387/372 385/385/370
f 387/387/372 386/386/371 388/388/373
f 388/388/373 389/389/374 387/387/372
f 389/389/374 388/388/373 390/390/375
f 390/390/375 391/391/376 389/389/374
f 391/391/376 390/390/375 392/392/377
f 392/392/377 393/393/378 391/391/376
f 393/393/378 392/392/377 394/394/379
f 394/394/379 395/395/380 393/393/378
f 395/395/380 394/394/379 396/396/381
f 396/396/381 397/397/382 395/395/380
f 397/397/382 396/396/381 398/398/383
f 398/398/383 399/399/384 397/397/382
f 399/399/384 398/398/383 400/400/385
f 400/400/385 401/401/386 399/399/384
f 401/401/386 400/400/385 383/383/368
f 383/383/368 382/382/367 401/401/386
f 357/357/339 402/402/146 403/403/387
f 403/403/387 358/358/343 357/357/339
f 358/358/343 403/403/387 404/404/388
f 404/404/388 360/360/345 358/358/343
f 360/360/345 404/404/388 405/405/151
f 405/405/151 362/362/347 360/360/345
f 362/362/347 405/405/151 406/406/389
f 406/406/389 364/364/349 362/362/347
f 364/364/349 406/406/389 407/407/390
f 407/407/390 366/366/351 364/364/349
f 366/366/351 407/407/390 408/408/157
f 408/408/157 368/368/353 366/366/351
f 368/368/353 408/408/157 409/409/159
f 409/409/159 370/370/355 368/368/353
f 370/370/355 409/409/159 410/410/391
f 410/410/391 372/372/357 370/370/355
f 372/372/357 410/410/391 411/411/392
f 411/411/392 374/374/359 372/372/357
f 374/374/359 411/411/392 412/412/165
f 412/412/165 376/376/361 374/374/359
f 376/376/361 412/412/165 413/413/393
f 413/413/393 378/378/363 376/376/361
f 378/378/363 413/413/393 414/414/169
f 414/414/169 380/380/365 378/378/363
f 415/415/394 416/416/146 352/352/339
f 352/352/339 355/355/342 415/415/394
f 417/417/395 415/415/394 355/355/342
f 355/355/342 385/385/370 417/417/395
f 418/418/311 417/417/395 385/385/370
f 385/385/370 387/387/372 418/418/311
f 419/419/313 418/418/311 387/387/372
f 387/387/372 389/389/374 419/419/313
f 420/420/396 419/419/313 389/389/374
f 389/389/374 391/391/376 420/420/396
f 421/421/317 420/420/396 391/391/376
f 391/391/376 393/393/378 421/421/317
f 422/422/319 421/421/317 393/393/378
f 393/393/378 395/395/380 422/422/319
f 423/423/397 422/422/319 395/395/380
f 395/395/380 397/397/382 423/423/397
f 424/424/323 423/423/397 397/397/382
f 397/397/382 399/399/384 424/424/323
f 425/425/398 424/424/323 399/399/384
f 399/399/384 401/401/386 425/425/398
f 426/426/327 425/425/398 401/401/386
f 401/401/386 382/382/367 426/426/327
f 414/414/169 426/426/327 382/382/367
f 382/382/367 380/380/365 414/414/169
f 427/427/399 428/428/400 429/429/401
f 429/429/401 430/430/402 427/427/399
f 431/431/400 432/432/399 433/433/403
f 433/433/403 434/434/404 431/431/400
f 434/434/404 433/433/403 435/435/405
f 435/435/405 436/436/406 434/434/404
f 436/436/406 435/435/405 437/437/407
f 437/437/407 438/438/408 436/436/406
f 438/438/408 437/437/407 439/439/409
f 439/439/409 440/440/410 438/438/408
f 440/440/410 439/439/409 441/441/411
f 441/441/411 442/442/412 440/440/410
f 442/442/412 441/441/411 443/443/413
f 443/443/413 444/444/414 442/442/412
f 444/444/414 443/443/413 445/445/415
f 445/445/415 446/446/416 444/444/414
f 446/446/416 445/445/415 447/447/417
f 447/447/417 448/448/418 446/446/416
f 448/448/418 447/447/417 449/449/419
f 449/449/419 450/450/420 448/448/418
f 450/450/420 449/449/419 451/451/421
f 451/451/421 452/452/422 450/450/420
f 452/452/422 451/451/421 453/453/423
f 453/453/423 454/454/424 452/452/422
f 454/454/424 453/453/423 455/455/425
f 455/455/425 456/456/426 454/454/424
f 456/456/426 455/455/425 457/457/427
f 457/457/427 458/458/428 456/456/426
f 430/430/402 429/429/401 459/459/429
f 459/459/429 460/460/430 430/430/402
f 460/460/430 459/459/429 461/461/431
f 461/461/431 462/462/432 460/460/430
f 462/462/432 461/461/431 463/463/433
f 463/463/433 464/464/434 462/462/432
f 464/464/434 463/463/433 465/465/435
f 465/465/435 466/466/436 464/464/434
f 466/466/436 465/465/435 467/467/437
f 467/467/437 468/468/438 466/466/436
f 468/468/438 467/467/437 469/469/439
f 469/469/439 470/470/440 468/468/438
f 470/470/440 469/469/439 471/471/441
f 471/471/441 472/472/442 470/470/440
f 472/472/442 471/471/441 473/473/443
f 473/473/443 474/474/444 472/472/442
f 474/474/444 473/473/443 475/475/445
f 475/475/445 476/476/446 474/474/444
f 476/476/446 475/475/445 458/458/428
f 458/458/428 457/457/427 476/476/446
f 431/431/400 434/434/404 477/477/447
f 477/477/447 478/478/448 431/431/400
f 434/434/404 436/436/406 479/479/449
f 479/479/449 477/477/447 434/434/404
f 436/436/406 438/438/408 480/480/450
f 480/480/450 479/479/449 436/436/406
f 438/438/408 440/440/410 481/481/451
f 481/481/451 480/480/450 438/438/408
f 440/440/410 442/442/412 482/482/452
f 482/482/452 481/481/451 440/440/410
f 442/442/412 444/444/414 483/483/453
f 483/483/453 482/482/452 442/442/412
f 444/444/414 446/446/416 484/484/454
f 484/484/454 483/483/453 444/444/414
f 446/446/416 448/448/418 485/485/455
f 485/485/455 484/484/454 446/446/416
f 448/448/418 450/450/420 486/486/456
f 486/486/456 485/485/455 448/448/418
f 450/450/420 452/452/422 487/487/457
f 487/487/457 486/486/456 450/450/420
f 452/452/422 454/454/424 488/488/458
f 488/488/458 487/487/457 452/452/422
f 454/454/424 456/456/426 489/489/459
f 489/489/459 488/488/458 454/454/424
f 490/490/460 429/429/401 428/428/400
f 428/428/400 491/491/448 490/490/460
f 492/492/461 459/459/429 429/429/401
f 429/429/401 490/490/460 492/492/461
f 493/493/462 461/461/431 459/459/429
f 459/459/429 492/492/461 493/493/462
f 494/494/463 463/463/433 461/461/431
f 461/461/431 493/493/462 494/494/463
f 495/495/464 465/465/435 463/463/433
f 463/463/433 494/494/463 495/495/464
f 496/496/465 467/467/437 465/465/435
f 465/465/435 495/495/464 496/496/465
f 497/497/466 469/469/439 467/467/437
f 467/467/437 496/496/465 497/497/466
f 498/498/467 471/471/441 469/469/439
f 469/469/439 497/497/466 498/498/467
f 499/499/468 473/473/443 471/471/441
f 471/471/441 498/498/467 499/499/468
f 500/500/469 475/475/445 473/473/443
f 473/473/443 499/499/468 500/500/469
f 501/501/470 458/458/428 475/475/445
f 475/475/445 500/500/469 501/501/470
f 489/489/459 456/456/426 458/458/428
f 458/458/428 501/501/470 489/489/459
f 356/356/340 359/359/344 502/502/471
f 502/502/471 503/503/399 356/356/340
f 361/361/346 363/363/348 504/504/407
f 504/504/407 505/505/405 361/361/346
f 365/365/350 367/367/352 506/506/411
f 506/506/411 507/507/472 365/365/350
f 369/369/354 371/371/356 508/508/415
f 508/508/415 509/509/413 369/369/354
f 373/373/358 375/375/360 510/510/473
f 510/510/473 511/511/417 373/373/358
f 377/377/362 379/379/364 512/512/423
f 512/512/423 513/513/421 377/377/362
f 359/359/344 361/361/346 505/505/405
f 505/505/405 502/502/471 359/359/344
f 363/363/348 365/365/350 507/507/472
f 507/507/472 504/504/407 363/363/348
f 367/367/352 369/369/354 509/509/413
f 509/509/413 506/506/411 367/367/352
f 371/371/356 373/373/358 511/511/417
f 511/511/417 508/508/415 371/371/356
f 375/375/360 377/377/362 513/513/421
f 513/513/421 510/510/473 375/375/360
f 379/379/364 381/381/366 514/514/425
f 514/514/425 512/512/423 379/379/364
f 515/515/402 354/354/341 353/353/340
f 353/353/340 516/516/399 515/515/402
f 517/517/430 384/384/369 354/354/341
f 354/354/341 515/515/402 517/517/430
f 518/518/432 386/386/371 384/384/369
f 384/384/369 517/517/430 518/518/432
f 519/519/434 388/388/373 386/386/371
f 386/386/371 518/518/432 519/519/434
f 520/520/436 390/390/375 388/388/373
f 388/388/373 519/519/434 520/520/436
f 521/521/438 392/392/377 390/390/375
f 390/390/375 520/520/436 521/521/438
f 522/522/440 394/394/379 392/392/377
f 392/392/377 521/521/438 522/522/440
f 523/523/442 396/396/381 394/394/379
f 394/394/379 522/522/440 523/523/442
f 524/524/474 398/398/383 396/396/381
f 396/396/381 523/523/442 524/524/474
f 525/525/475 400/400/385 398/398/383
f 398/398/383 524/524/474 525/525/475
f 526/526/427 383/383/368 400/400/385
f 400/400/385 525/525/475 526/526/427
f 514/514/425 381/381/366 383/383/368
f 383/383/368 526/526/427 514/514/425
f 527/527/476 528/528/477 529/529/478
f 529/529/478 530/530/479 527/527/476
f 531/531/480 532/532/476 533/533/481
f 533/533/481 534/534/482 531/531/480
f 534/534/482 533/533/481 535/535/483
f 535/535/483 536/536/484 534/534/482
f 536/536/484 535/535/483 537/537/485
f 537/537/485 538/538/486 536/536/484
f 538/538/486 537/537/485 539/539/487
f 539/539/487 540/540/488 538/538/486
f 540/540/488 539/539/487 541/541/489
f 541/541/489 542/542/490 540/540/488
f 542/542/490 541/541/489 543/543/491
f 543/543/491 544/544/492 542/542/490
f 544/544/492 543/543/491 545/545/493
f 545/545/493 546/546/494 544/544/492
f 546/546/494 545/545/493 547/547/495
f 547/547/495 548/548/496 546/546/494
f 548/548/496 547/547/495 549/549/497
f 549/549/497 550/550/498 548/548/496
f 550/550/498 549/549/497 551/551/499
f 551/551/499 552/552/500 550/550/498
f 552/552/500 551/551/499 553/553/501
f 553/553/501 554/554/502 552/552/500
f 554/554/502 553/553/501 555/555/503
f 555/555/503 556/556/504 554/554/502
f 556/556/504 555/555/503 557/557/505
f 557/557/505 558/558/506 556/556/504
f 559/559/507 560/560/508 561/561/509
f 561/561/509 562/562/510 559/559/507
f 563/563/511 564/564/512 565/565/513
f 565/565/513 566/566/514 563/563/511
f 566/566/514 565/565/513 567/567/515
f 567/567/515 568/568/516 566/566/514
f 568/568/516 567/567/515 569/569/517
f 569/569/517 570/570/518 568/568/516
f 570/570/518 569/569/517 571/571/519
f 571/571/519 572/572/520 570/570/518
f 572/572/520 571/571/519 573/573/521
f 573/573/521 574/574/522 572/572/520
f 574/574/522 573/573/521 575/575/523
f 575/575/523 576/576/524 574/574/522
f 576/576/524 575/575/523 577/577/525
f 577/577/525 578/578/526 576/576/524
f 578/578/526 577/577/525 579/579/527
f 579/579/527 580/580/528 578/578/526
f 580/580/528 579/579/527 581/581/529
f 581/581/529 582/582/530 580/580/528
f 582/582/530 581/581/529 583/583/531
f 583/583/531 584/584/532 582/582/530
f 584/584/532 583/583/531 585/585/533
f 585/585/533 586/586/534 584/584/532
f 586/586/534 585/585/533 587/587/535
f 587/587/535 588/588/536 586/586/534
f 588/588/536 587/587/535 589/589/537
f 589/589/537 590/590/538 588/588/536
f 591/591/539 592/592/540 593/593/541
f 593/593/541 594/594/542 591/591/539
f 595/595/543 596/596/539 597/597/544
f 597/597/544 598/598/545 595/595/543
f 598/598/545 597/597/544 599/599/546
f 599/599/546 600/600/547 598/598/545
f 600/600/547 599/599/546 601/601/548
f 601/601/548 602/602/549 600/600/547
f 602/602/549 601/601/548 603/603/550
f 603/603/550 604/604/551 602/602/549
f 604/604/551 603/603/550 605/605/552
f 605/605/552 606/606/553 604/604/551
f 606/606/553 605/605/552 607/607/554
f 607/607/554 608/608/555 606/606/553
f 608/608/555 607/607/554 609/609/556
f 609/609/556 610/610/557 608/608/555
f 610/610/557 609/609/556 611/611/558
f 611/611/558 612/612/559 610/610/557
f 612/612/559 611/611/558 613/613/560
f 613/613/560 614/614/561 612/612/559
f 614/614/561 613/613/560 615/615/562
f 615/615/562 616/616/563 614/614/561
f 616/616/563 615/615/562 617/617/564
f 617/617/564 618/618/565 616/616/563
f 618/618/565 617/617/564 619/619/566
f 619/619/566 620/620/567 618/618/565
f 620/620/567 619/619/566 621/621/568
f 621/621/568 622/622/569 620/620/567
f 530/530/479 529/529/478 623/623/570
f 623/623/570 624/624/571 530/530/479
f 624/624/571 623/623/570 625/625/572
f 625/625/572 626/626/573 624/624/571
f 626/626/573 625/625/572 627/627/574
f 627/627/574 628/628/575 626/626/573
f 628/628/575 627/627/574 629/629/576
f 629/629/576 630/630/577 628/628/575
f 630/630/577 629/629/576 631/631/578
f 631/631/578 632/632/579 630/630/577
f 632/632/579 631/631/578 633/633/580
f 633/633/580 634/634/581 632/632/579
f 634/634/581 633/633/580 635/635/582
f 635/635/582 636/636/583 634/634/581
f 636/636/583 635/635/582 637/637/584
f 637/637/584 638/638/585 636/636/583
f 638/638/585 637/637/584 639/639/586
f 639/639/586 640/640/587 638/638/585
f 640/640/587 639/639/586 558/558/506
f 558/558/506 557/557/505 640/640/587
f 562/562/510 561/561/509 641/641/588
f 641/641/588 642/642/589 562/562/510
f 642/642/589 641/641/588 643/643/590
f 643/643/590 644/644/591 642/642/589
f 644/644/591 643/643/590 645/645/592
f 645/645/592 646/646/593 644/644/591
f 646/646/593 645/645/592 647/647/594
f 647/647/594 648/648/595 646/646/593
f 648/648/595 647/647/594 649/649/596
f 649/649/596 650/650/597 648/648/595
f 650/650/597 649/649/596 651/651/598
f 651/651/598 652/652/599 650/650/597
f 652/652/599 651/651/598 653/653/600
f 653/653/600 654/654/601 652/652/599
f 654/654/601 653/653/600 655/655/602
f 655/655/602 656/656/603 654/654/601
f 656/656/603 655/655/602 657/657/604
f 657/657/604 658/658/605 656/656/603
f 658/658/605 657/657/604 590/590/538
f 590/590/538 589/589/537 658/658/605
f 594/594/542 593/593/541 659/659/606
f 659/659/606 660/660/607 594/594/542
f 660/660/607 659/659/606 661/661/608
f 661/661/608 662/662/609 660/660/607
f 662/662/609 661/661/608 663/663/610
f 663/663/610 664/664/611 662/662/609
f 664/664/611 663/663/610 665/665/612
f 665/665/612 666/666/613 664/664/611
f 666/666/613 665/665/612 667/667/614
f 667/667/614 668/668/615 666/666/613
f 668/668/615 667/667/614 669/669/616
f 669/669/616 670/670/617 668/668/615
f 670/670/617 669/669/616 671/671/618
f 671/671/618 672/672/619 670/670/617
f 672/672/619 671/671/618 673/673/620
f 673/673/620 674/674/621 672/672/619
f 674/674/621 673/673/620 675/675/622
f 675/675/622 676/676/623 674/674/621
f 676/676/623 675/675/622 622/622/569
f 622/622/569 621/621/568 676/676/623
f 478/478/448 477/477/447 597/597/544
f 597/597/544 596/596/539 478/478/448
f 477/477/447 479/479/449 599/599/546
f 599/599/546 597/597/544 477/477/447
f 479/479/449 480/480/450 601/601/548
f 601/601/548 599/599/546 479/479/449
f 480/480/450 481/481/451 603/603/550
f 603/603/550 601/601/548 480/480/450
f 481/481/451 482/482/452 605/605/552
f 605/605/552 603/603/550 481/481/451
f 482/482/452 483/483/453 607/607/554
f 607/607/554 605/605/552 482/482/452
f 483/483/453 484/484/454 609/609/556
f 609/609/556 607/607/554 483/483/453
f 484/484/454 485/485/455 611/611/558
f 611/611/558 609/609/556 484/484/454
f 485/485/455 486/486/456 613/613/560
f 613/613/560 611/611/558 485/485/455
f 486/486/456 487/487/457 615/615/562
f 615/615/562 613/613/560 486/486/456
f 487/487/457 488/488/458 617/617/564
f 617/617/564 615/615/562 487/487/457
f 488/488/458 489/489/459 619/619/566
f 619/619/566 617/617/564 488/488/458
f 532/532/476 595/595/543 598/598/545
f 598/598/545 533/533/481 532/532/476
f 533/533/481 598/598/545 600/600/547
f 600/600/547 535/535/483 533/533/481
f 535/535/483 600/600/547 602/602/549
f 602/602/549 537/537/485 535/535/483
f 537/537/485 602/602/549 604/604/551
f 604/604/551 539/539/487 537/537/485
f 539/539/487 604/604/551 606/606/553
f 606/606/553 541/541/489 539/539/487
f 541/541/489 606/606/553 608/608/555
f 608/608/555 543/543/491 541/541/489
f 543/543/491 608/608/555 610/610/557
f 610/610/557 545/545/493 543/543/491
f 545/545/493 610/610/557 612/612/559
f 612/612/559 547/547/495 545/545/493
f 547/547/495 612/612/559 614/614/561
f 614/614/561 549/549/497 547/547/495
f 549/549/497 614/614/561 616/616/563
f 616/616/563 551/551/499 549/549/497
f 551/551/499 616/616/563 618/618/565
f 618/618/565 553/553/501 551/551/499
f 553/553/501 618/618/565 620/620/567
f 620/620/567 555/555/503 553/553/501
f 677/677/477 678/678/482 565/565/513
f 565/565/513 564/564/512 677/677/477
f 565/565/513 678/678/482 679/679/484
f 679/679/484 567/567/515 565/565/513
f 679/679/484 680/680/624 569/569/517
f 569/569/517 567/567/515 679/679/484
f 569/569/517 680/680/624 681/681/625
f 681/681/625 571/571/519 569/569/517
f 681/681/625 682/682/490 573/573/521
f 573/573/521 571/571/519 681/681/625
f 573/573/521 682/682/490 683/683/626
f 683/683/626 575/575/523 573/573/521
f 683/683/626 684/684/627 577/577/525
f 577/577/525 575/575/523 683/683/626
f 577/577/525 684/684/627 685/685/496
f 685/685/496 579/579/527 577/577/525
f 685/685/496 686/686/628 581/581/529
f 581/581/529 579/579/527 685/685/496
f 581/581/529 686/686/628 687/687/629
f 687/687/629 583/583/531 581/581/529
f 687/687/629 688/688/502 585/585/533
f 585/585/533 583/583/531 687/687/629
f 585/585/533 688/688/502 689/689/504
f 689/689/504 587/587/535 585/585/533
f 586/586/534 588/588/536 170/170/170
f 170/170/170 173/173/173 586/586/534
f 172/172/172 584/584/532 586/586/534
f 586/586/534 173/173/173 172/172/172
f 582/582/530 584/584/532 172/172/172
f 172/172/172 175/175/175 582/582/530
f 174/174/174 580/580/528 582/582/530
f 582/582/530 175/175/175 174/174/174
f 578/578/526 580/580/528 174/174/174
f 174/174/174 177/177/177 578/578/526
f 176/176/176 576/576/524 578/578/526
f 578/578/526 177/177/177 176/176/176
f 574/574/522 576/576/524 176/176/176
f 176/176/176 179/179/179 574/574/522
f 178/178/178 572/572/520 574/574/522
f 574/574/522 179/179/179 178/178/178
f 570/570/518 572/572/520 178/178/178
f 178/178/178 181/181/181 570/570/518
f 180/180/180 568/568/516 570/570/518
f 570/570/518 181/181/181 180/180/180
f 566/566/514 568/568/516 180/180/180
f 180/180/180 183/183/183 566/566/514
f 182/182/182 563/563/511 566/566/514
f 566/566/514 183/183/183 182/182/182
f 594/594/542 490/490/460 491/491/448
f 491/491/448 591/591/539 594/594/542
f 593/593/541 592/592/540 527/527/476
f 527/527/476 530/530/479 593/593/541
f 659/659/606 593/593/541 530/530/479
f 530/530/479 624/624/571 659/659/606
f 660/660/607 492/492/461 490/490/460
f 490/490/460 594/594/542 660/660/607
f 662/662/609 493/493/462 492/492/461
f 492/492/461 660/660/607 662/662/609
f 661/661/608 659/659/606 624/624/571
f 624/624/571 626/626/573 661/661/608
f 663/663/610 661/661/608 626/626/573
f 626/626/573 628/628/575 663/663/610
f 664/664/611 494/494/463 493/493/462
f 493/493/462 662/662/609 664/664/611
f 666/666/613 495/495/464 494/494/463
f 494/494/463 664/664/611 666/666/613
f 665/665/612 663/663/610 628/628/575
f 628/628/575 630/630/577 665/665/612
f 667/667/614 665/665/612 630/630/577
f 630/630/577 632/632/579 667/667/614
f 668/668/615 496/496/465 495/495/464
f 495/495/464 666/666/613 668/668/615
f 670/670/617 497/497/466 496/496/465
f 496/496/465 668/668/615 670/670/617
f 669/669/616 667/667/614 632/632/579
f 632/632/579 634/634/581 669/669/616
f 671/671/618 669/669/616 634/634/581
f 634/634/581 636/636/583 671/671/618
f 672/672/619 498/498/467 497/497/466
f 497/497/466 670/670/617 672/672/619
f 674/674/621 499/499/468 498/498/467
f 498/498/467 672/672/619 674/674/621
f 673/673/620 671/671/618 636/636/583
f 636/636/583 638/638/585 673/673/620
f 675/675/622 673/673/620 638/638/585
f 638/638/585 640/640/587 675/675/622
f 676/676/623 500/500/469 499/499/468
f 499/499/468 674/674/621 676/676/623
f 621/621/568 501/501/470 500/500/469
f 500/500/469 676/676/623 621/621/568
f 622/622/569 675/675/622 640/640/587
f 640/640/587 557/557/505 622/622/569
f 620/620/567 622/622/569 557/557/505
f 557/557/505 555/555/503 620/620/567
f 619/619/566 489/489/459 501/501/470
f 501/501/470 621/621/568 619/619/566
f 559/559/507 562/562/510 690/690/478
f 690/690/478 691/691/477 559/559/507
f 690/690/478 562/562/510 642/642/589
f 642/642/589 692/692/570 690/690/478
f 642/642/589 644/644/591 693/693/572
f 693/693/572 692/692/570 642/642/589
f 693/693/572 644/644/591 646/646/593
f 646/646/593 694/694/630 693/693/572
f 646/646/593 648/648/595 695/695/576
f 695/695/576 694/694/630 646/646/593
f 695/695/576 648/648/595 650/650/597
f 650/650/597 696/696/578 695/695/576
f 650/650/597 652/652/599 697/697/580
f 697/697/580 696/696/578 650/650/597
f 697/697/580 652/652/599 654/654/601
f 654/654/601 698/698/631 697/697/580
f 654/654/601 656/656/603 699/699/584
f 699/699/584 698/698/631 654/654/601
f 699/699/584 656/656/603 658/658/605
f 658/658/605 700/700/586 699/699/584
f 658/658/605 589/589/537 701/701/506
f 701/701/506 700/700/586 658/658/605
f 701/701/506 589/589/537 587/587/535
f 587/587/535 689/689/504 701/701/506
f 170/170/170 588/588/536 590/590/538
f 590/590/538 341/341/329 170/170/170
f 590/590/538 657/657/604 340/340/328
f 340/340/328 341/341/329 590/590/538
f 340/340/328 657/657/604 655/655/602
f 655/655/602 343/343/331 340/340/328
f 655/655/602 653/653/600 342/342/330
f 342/342/330 343/343/331 655/655/602
f 342/342/330 653/653/600 651/651/598
f 651/651/598 345/345/333 342/342/330
f 651/651/598 649/649/596 344/344/332
f 344/344/332 345/345/333 651/651/598
f 344/344/332 649/649/596 647/647/594
f 647/647/594 347/347/335 344/344/332
f 647/647/594 645/645/592 346/346/334
f 346/346/334 347/347/335 647/647/594
f 346/346/334 645/645/592 643/643/590
f 643/643/590 349/349/337 346/346/334
f 643/643/590 641/641/588 348/348/336
f 348/348/336 349/349/337 643/643/590
f 348/348/336 641/641/588 561/561/509
f 561/561/509 351/351/338 348/348/336
f 561/561/509 560/560/508 350/350/182
f 350/350/182 351/351/338 561/561/509
f 3/3/3 2/2/2 702/702/632
f 702/702/632 703/703/633 3/3/3
f 703/703/633 702/702/632 704/704/634
f 704/704/634 705/705/635 703/703/633
f 706/706/636 703/703/633 705/705/635
f 705/705/635 707/707/637 706/706/636
f 9/9/9 3/3/3 703/703/633
f 703/703/633 706/706/636 9/9/9
f 10/10/10 9/9/9 706/706/636
f 706/706/636 708/708/638 10/10/10
f 708/708/638 706/706/636 707/707/637
f 707/707/637 709/709/639 708/708/638
f 710/710/640 708/708/638 709/709/639
f 709/709/639 711/711/641 710/710/640
f 15/15/15 10/10/10 708/708/638
f 708/708/638 710/710/640 15/15/15
f 16/16/16 15/15/15 710/710/640
f 710/710/640 712/712/642 16/16/16
f 712/712/642 710/710/640 711/711/641
f 711/711/641 713/713/643 712/712/642
f 714/714/644 712/712/642 713/713/643
f 713/713/643 715/715/645 714/714/644
f 21/21/21 16/16/16 712/712/642
f 712/712/642 714/714/644 21/21/21
f 22/22/22 21/21/21 714/714/644
f 714/714/644 716/716/646 22/22/22
f 716/716/646 714/714/644 715/715/645
f 715/715/645 717/717/647 716/716/646
f 718/718/648 716/716/646 717/717/647
f 717/717/647 719/719/649 718/718/648
f 27/27/27 22/22/22 716/716/646
f 716/716/646 718/718/648 27/27/27
f 28/28/28 27/27/27 718/718/648
f 718/718/648 720/720/650 28/28/28
f 720/720/650 718/718/648 719/719/649
f 719/719/649 721/721/651 720/720/650
f 722/722/652 720/720/650 721/721/651
f 721/721/651 723/723/653 722/722/652
f 33/33/33 28/28/28 720/720/650
f 720/720/650 722/722/652 33/33/33
f 34/34/34 33/33/33 722/722/652
f 722/722/652 724/724/654 34/34/34
f 724/724/654 722/722/652 723/723/653
f 723/723/653 725/725/655 724/724/654
f 726/726/656 724/724/654 725/725/655
f 725/725/655 727/727/657 726/726/656
f 39/39/39 34/34/34 724/724/654
f 724/724/654 726/726/656 39/39/39
f 705/705/635 704/704/634 728/728/658
f 728/728/658 729/729/659 705/705/635
f 729/729/659 728/728/658 730/730/660
f 730/730/660 731/731/661 729/729/659
f 732/732/662 729/729/659 731/731/661
f 731/731/661 733/733/663 732/732/662
f 707/707/637 705/705/635 729/729/659
f 729/729/659 732/732/662 707/707/637
f 709/709/639 707/707/637 732/732/662
f 732/732/662 734/734/664 709/709/639
f 734/734/664 732/732/662 733/733/663
f 733/733/663 735/735/665 734/734/664
f 736/736/666 734/734/664 735/735/665
f 735/735/665 737/737/667 736/736/666
f 711/711/641 709/709/639 734/734/664
f 734/734/664 736/736/666 711/711/641
f 713/713/643 711/711/641 736/736/666
f 736/736/666 738/738/668 713/713/643
f 738/738/668 736/736/666 737/737/667
f 737/737/667 739/739/669 738/738/668
f 740/740/670 738/738/668 739/739/669
f 739/739/669 741/741/671 740/740/670
f 715/715/645 713/713/643 738/738/668
f 738/738/668 740/740/670 715/715/645
f 717/717/647 715/715/645 740/740/670
f 740/740/670 742/742/672 717/717/647
f 742/742/672 740/740/670 741/741/671
f 741/741/671 743/743/673 742/742/672
f 744/744/674 742/742/672 743/743/673
f 743/743/673 745/745/675 744/744/674
f 719/719/649 717/717/647 742/742/672
f 742/742/672 744/744/674 719/719/649
f 721/721/651 719/719/649 744/744/674
f 744/744/674 746/746/676 721/721/651
f 746/746/676 744/744/674 745/745/675
f 745/745/675 747/747/677 746/746/676
f 748/748/678 746/746/676 747/747/677
f 747/747/677 749/749/679 748/748/678
f 723/723/653 721/721/651 746/746/676
f 746/746/676 748/748/678 723/723/653
f 725/725/655 723/723/653 748/748/678
f 748/748/678 750/750/680 725/725/655
f 750/750/680 748/748/678 749/749/679
f 749/749/679 751/751/681 750/750/680
f 752/752/682 750/750/680 751/751/681
f 751/751/681 753/753/683 752/752/682
f 727/727/657 725/725/655 750/750/680
f 750/750/680 752/752/682 727/727/657
f 731/731/661 730/730/660 754/754/684
f 754/754/684 755/755/685 731/731/661
f 755/755/685 754/754/684 756/756/686
f 756/756/686 757/757/687 755/755/685
f 758/758/688 755/755/685 757/757/687
f 757/757/687 759/759/689 758/758/688
f 733/733/663 731/731/661 755/755/685
f 755/755/685 758/758/688 733/733/663
f 735/735/665 733/733/663 758/758/688
f 758/758/688 760/760/690 735/735/665
f 760/760/690 758/758/688 759/759/689
f 759/759/689 761/761/691 760/760/690
f 762/762/692 760/760/690 761/761/691
f 761/761/691 763/763/693 762/762/692
f 737/737/667 735/735/665 760/760/690
f 760/760/690 762/762/692 737/737/667
f 739/739/669 737/737/667 762/762/692
f 762/762/692 764/764/694 739/739/669
f 764/764/694 762/762/692 763/763/693
f 763/763/693 765/765/695 764/764/694
f 766/766/696 764/764/694 765/765/695
f 765/765/695 767/767/697 766/766/696
f 741/741/671 739/739/669 764/764/694
f 764/764/694 766/766/696 741/741/671
f 743/743/673 741/741/671 766/766/696
f 766/766/696 768/768/698 743/743/673
f 768/768/698 766/766/696 767/767/697
f 767/767/697 769/769/699 768/768/698
f 770/770/700 768/768/698 769/769/699
f 769/769/699 771/771/701 770/770/700
f 745/745/675 743/743/673 768/768/698
f 768/768/698 770/770/700 745/745/675
f 747/747/677 745/745/675 770/770/700
f 770/770/700 772/772/702 747/747/677
f 772/772/702 770/770/700 771/771/701
f 771/771/701 773/773/703 772/772/702
f 774/774/704 772/772/702 773/773/703
f 773/773/703 775/775/705 774/774/704
f 749/749/679 747/747/677 772/772/702
f 772/772/702 774/774/704 749/749/679
f 751/751/681 749/749/679 774/774/704
f 774/774/704 776/776/706 751/751/681
f 776/776/706 774/774/704 775/775/705
f 775/775/705 777/777/707 776/776/706
f 778/778/708 776/776/706 777/777/707
f 777/777/707 779/779/709 778/778/708
f 753/753/683 751/751/681 776/776/706
f 776/776/706 778/778/708 753/753/683
f 757/757/687 756/756/686 780/780/710
f 780/780/710 781/781/711 757/757/687
f 781/781/711 780/780/710 782/782/712
f 782/782/712 783/783/713 781/781/711
f 784/784/714 781/781/711 783/783/713
f 783/783/713 785/785/715 784/784/714
f 759/759/689 757/757/687 781/781/711
f 781/781/711 784/784/714 759/759/689
f 761/761/691 759/759/689 784/784/714
f 784/784/714 786/786/716 761/761/691
f 786/786/716 784/784/714 785/785/715
f 785/785/715 787/787/717 786/786/716
f 788/788/718 786/786/716 787/787/717
f 787/787/717 789/789/719 788/788/718
f 763/763/693 761/761/691 786/786/716
f 786/786/716 788/788/718 763/763/693
f 765/765/695 763/763/693 788/788/718
f 788/788/718 790/790/720 765/765/695
f 790/790/720 788/788/718 789/789/719
f 789/789/719 791/791/721 790/790/720
f 792/792/722 790/790/720 791/791/721
f 791/791/721 793/793/723 792/792/722
f 767/767/697 765/765/695 790/790/720
f 790/790/720 792/792/722 767/767/697
f 769/769/699 767/767/697 792/792/722
f 792/792/722 794/794/724 769/769/699
f 794/794/724 792/792/722 793/793/723
f 793/793/723 795/795/725 794/794/724
f 796/796/726 794/794/724 795/795/725
f 795/795/725 797/797/727 796/796/726
f 771/771/701 769/769/699 794/794/724
f 794/794/724 796/796/726 771/771/701
f 773/773/703 771/771/701 796/796/726
f 796/796/726 798/798/728 773/773/703
f 798/798/728 796/796/726 797/797/727
f 797/797/727 799/799/729 798/798/728
f 800/800/730 798/798/728 799/799/729
f 799/799/729 801/801/731 800/800/730
f 775/775/705 773/773/703 798/798/728
f 798/798/728 800/800/730 775/775/705
f 777/777/707 775/775/705 800/800/730
f 800/800/730 802/802/732 777/777/707
f 802/802/732 800/800/730 801/801/731
f 801/801/731 803/803/733 802/802/732
f 804/804/734 802/802/732 803/803/733
f 803/803/733 805/805/735 804/804/734
f 779/779/709 777/777/707 802/802/732
f 802/802/732 804/804/734 779/779/709
f 783/783/713 782/782/712 806/806/736
f 806/806/736 807/807/737 783/783/713
f 807/807/737 806/806/736 808/808/738
f 808/808/738 809/809/739 807/807/737
f 810/810/740 807/807/737 809/809/739
f 809/809/739 811/811/741 810/810/740
f 785/785/715 783/783/713 807/807/737
f 807/807/737 810/810/740 785/785/715
f 787/787/717 785/785/715 810/810/740
f 810/810/740 812/812/742 787/787/717
f 812/812/742 810/810/740 811/811/741
f 811/811/741 813/813/743 812/812/742
f 814/814/744 812/812/742 813/813/743
f 813/813/743 815/815/745 814/814/744
f 789/789/719 787/787/717 812/812/742
f 812/812/742 814/814/744 789/789/719
f 791/791/721 789/789/719 814/814/744
f 814/814/744 816/816/746 791/791/721
f 816/816/746 814/814/744 815/815/745
f 815/815/745 817/817/747 816/816/746
f 818/818/748 816/816/746 817/817/747
f 817/817/747 819/819/749 818/818/748
f 793/793/723 791/791/721 816/816/746
f 816/816/746 818/818/748 793/793/723
f 795/795/725 793/793/723 818/818/748
f 818/818/748 820/820/750 795/795/725
f 820/820/750 818/818/748 819/819/749
f 819/819/749 821/821/751 820/820/750
f 822/822/752 820/820/750 821/821/751
f 821/821/751 823/823/753 822/822/752
f 797/797/727 795/795/725 820/820/750
f 820/820/750 822/822/752 797/797/727
f 799/799/729 797/797/727 822/822/752
f 822/822/752 824/824/754 799/799/729
f 824/824/754 822/822/752 823/823/753
f 823/823/753 825/825/755 824/824/754
f 826/826/756 824/824/754 825/825/755
f 825/825/755 827/827/757 826/826/756
f 801/801/731 799/799/729 824/824/754
f 824/824/754 826/826/756 801/801/731
f 803/803/733 801/801/731 826/826/756
f 826/826/756 828/828/758 803/803/733
f 828/828/758 826/826/756 827/827/757
f 827/827/757 829/829/759 828/828/758
f 830/830/760 828/828/758 829/829/759
f 829/829/759 831/831/761 830/830/760
f 805/805/735 803/803/733 828/828/758
f 828/828/758 830/830/760 805/805/735
f 809/809/739 808/808/738 832/832/762
f 832/832/762 833/833/763 809/809/739
f 833/833/763 832/832/762 834/834/764
f 834/834/764 835/835/765 833/833/763
f 836/836/766 833/833/763 835/835/765
f 835/835/765 837/837/767 836/836/766
f 811/811/741 809/809/739 833/833/763
f 833/833/763 836/836/766 811/811/741
f 813/813/743 811/811/741 836/836/766
f 836/836/766 838/838/768 813/813/743
f 838/838/768 836/836/766 837/837/767
f 837/837/767 839/839/769 838/838/768
f 840/840/770 838/838/768 839/839/769
f 839/839/769 841/841/771 840/840/770
f 815/815/745 813/813/743 838/838/768
f 838/838/768 840/840/770 815/815/745
f 817/817/747 815/815/745 840/840/770
f 840/840/770 842/842/772 817/817/747
f 842/842/772 840/840/770 841/841/771
f 841/841/771 843/843/773 842/842/772
f 844/844/774 842/842/772 843/843/773
f 843/843/773 845/845/775 844/844/774
f 819/819/749 817/817/747 842/842/772
f 842/842/772 844/844/774 819/819/749
f 821/821/751 819/819/749 844/844/774
f 844/844/774 846/846/776 821/821/751
f 846/846/776 844/844/774 845/845/775
f 845/845/775 847/847/777 846/846/776
f 848/848/778 846/846/776 847/847/777
f 847/847/777 849/849/779 848/848/778
f 823/823/753 821/821/751 846/846/776
f 846/846/776 848/848/778 823/823/753
f 825/825/755 823/823/753 848/848/778
f 848/848/778 850/850/780 825/825/755
f 850/850/780 848/848/778 849/849/779
f 849/849/779 851/851/781 850/850/780
f 852/852/782 850/850/780 851/851/781
f 851/851/781 853/853/783 852/852/782
f 827/827/757 825/825/755 850/850/780
f 850/850/780 852/852/782 827/827/757
f 829/829/759 827/827/757 852/852/782
f 852/852/782 854/854/784 829/829/759
f 854/854/784 852/852/782 853/853/783
f 853/853/783 855/855/785 854/854/784
f 856/856/786 854/854/784 855/855/785
f 855/855/785 857/857/787 856/856/786
f 831/831/761 829/829/759 854/854/784
f 854/854/784 856/856/786 831/831/761
f 858/858/788 859/859/789 860/860/790
f 860/860/790 861/861/791 858/858/788
f 862/862/792 859/859/789 858/858/788
f 858/858/788 863/863/793 862/862/792
f 864/864/794 859/859/789 862/862/792
f 862/862/792 865/865/795 864/864/794
f 866/866/796 859/859/789 864/864/794
f 864/864/794 867/867/797 866/866/796
f 868/868/798 859/859/789 866/866/796
f 866/866/796 869/869/799 868/868/798
f 870/870/800 859/859/789 868/868/798
f 868/868/798 871/871/801 870/870/800
f 702/702/632 2/2/2 184/184/184
f 184/184/184 872/872/802 702/702/632
f 704/704/634 702/702/632 872/872/802
f 872/872/802 873/873/803 704/704/634
f 873/873/803 872/872/802 874/874/804
f 874/874/804 875/875/805 873/873/803
f 872/872/802 184/184/184 189/189/189
f 189/189/189 874/874/804 872/872/802
f 874/874/804 189/189/189 190/190/190
f 190/190/190 876/876/806 874/874/804
f 875/875/805 874/874/804 876/876/806
f 876/876/806 877/877/807 875/875/805
f 877/877/807 876/876/806 878/878/808
f 878/878/808 879/879/809 877/877/807
f 876/876/806 190/190/190 195/195/195
f 195/195/195 878/878/808 876/876/806
f 878/878/808 195/195/195 196/196/196
f 196/196/196 880/880/810 878/878/808
f 879/879/809 878/878/808 880/880/810
f 880/880/810 881/881/811 879/879/809
f 881/881/811 880/880/810 882/882/812
f 882/882/812 883/883/813 881/881/811
f 880/880/810 196/196/196 201/201/201
f 201/201/201 882/882/812 880/880/810
f 882/882/812 201/201/201 202/202/202
f 202/202/202 884/884/814 882/882/812
f 883/883/813 882/882/812 884/884/814
f 884/884/814 885/885/815 883/883/813
f 885/885/815 884/884/814 886/886/816
f 886/886/816 887/887/817 885/885/815
f 884/884/814 202/202/202 207/207/207
f 207/207/207 886/886/816 884/884/814
f 886/886/816 207/207/207 208/208/208
f 208/208/208 888/888/818 886/886/816
f 887/887/817 886/886/816 888/888/818
f 888/888/818 889/889/819 887/887/817
f 889/889/819 888/888/818 890/890/820
f 890/890/820 891/891/821 889/889/819
f 888/888/818 208/208/208 213/213/213
f 213/213/213 890/890/820 888/888/818
f 890/890/820 213/213/213 214/214/214
f 214/214/214 892/892/822 890/890/820
f 891/891/821 890/890/820 892/892/822
f 892/892/822 893/893/823 891/891/821
f 893/893/823 892/892/822 894/894/656
f 894/894/656 895/895/657 893/893/823
f 892/892/822 214/214/214 219/219/39
f 219/219/39 894/894/656 892/892/822
f 728/728/658 704/704/634 873/873/803
f 873/873/803 896/896/824 728/728/658
f 730/730/660 728/728/658 896/896/824
f 896/896/824 897/897/825 730/730/660
f 897/897/825 896/896/824 898/898/826
f 898/898/826 899/899/827 897/897/825
f 896/896/824 873/873/803 875/875/805
f 875/875/805 898/898/826 896/896/824
f 898/898/826 875/875/805 877/877/807
f 877/877/807 900/900/828 898/898/826
f 899/899/827 898/898/826 900/900/828
f 900/900/828 901/901/829 899/899/827
f 901/901/829 900/900/828 902/902/830
f 902/902/830 903/903/831 901/901/829
f 900/900/828 877/877/807 879/879/809
f 879/879/809 902/902/830 900/900/828
f 902/902/830 879/879/809 881/881/811
f 881/881/811 904/904/832 902/902/830
f 903/903/831 902/902/830 904/904/832
f 904/904/832 905/905/833 903/903/831
f 905/905/833 904/904/832 906/906/834
f 906/906/834 907/907/835 905/905/833
f 904/904/832 881/881/811 883/883/813
f 883/883/813 906/906/834 904/904/832
f 906/906/834 883/883/813 885/885/815
f 885/885/815 908/908/836 906/906/834
f 907/907/835 906/906/834 908/908/836
f 908/908/836 909/909/837 907/907/835
f 909/909/837 908/908/836 910/910/838
f 910/910/838 911/911/839 909/909/837
f 908/908/836 885/885/815 887/887/817
f 887/887/817 910/910/838 908/908/836
f 910/910/838 887/887/817 889/889/819
f 889/889/819 912/912/840 910/910/838
f 911/911/839 910/910/838 912/912/840
f 912/912/840 913/913/841 911/911/839
f 913/913/841 912/912/840 914/914/842
f 914/914/842 915/915/843 913/913/841
f 912/912/840 889/889/819 891/891/821
f 891/891/821 914/914/842 912/912/840
f 914/914/842 891/891/821 893/893/823
f 893/893/823 916/916/844 914/914/842
f 915/915/843 914/914/842 916/916/844
f 916/916/844 917/917/845 915/915/843
f 917/917/845 916/916/844 918/918/682
f 918/918/682 919/919/683 917/917/845
f 916/916/844 893/893/823 895/895/657
f 895/895/657 918/918/682 916/916/844
f 754/754/684 730/730/660 897/897/825
f 897/897/825 920/920/846 754/754/684
f 756/756/686 754/754/684 920/920/846
f 920/920/846 921/921/847 756/756/686
f 921/921/847 920/920/846 922/922/848
f 922/922/848 923/923/849 921/921/847
f 920/920/846 897/897/825 899/899/827
f 899/899/827 922/922/848 920/920/846
f 922/922/848 899/899/827 901/901/829
f 901/901/829 924/924/850 922/922/848
f 923/923/849 922/922/848 924/924/850
f 924/924/850 925/925/851 923/923/849
f 925/925/851 924/924/850 926/926/852
f 926/926/852 927/927/853 925/925/851
f 924/924/850 901/901/829 903/903/831
f 903/903/831 926/926/852 924/924/850
f 926/926/852 903/903/831 905/905/833
f 905/905/833 928/928/854 926/926/852
f 927/927/853 926/926/852 928/928/854
f 928/928/854 929/929/855 927/927/853
f 929/929/855 928/928/854 930/930/856
f 930/930/856 931/931/857 929/929/855
f 928/928/854 905/905/833 907/907/835
f 907/907/835 930/930/856 928/928/854
f 930/930/856 907/907/835 909/909/837
f 909/909/837 932/932/858 930/930/856
f 931/931/857 930/930/856 932/932/858
f 932/932/858 933/933/859 931/931/857
f 933/933/859 932/932/858 934/934/860
f 934/934/860 935/935/861 933/933/859
f 932/932/858 909/909/837 911/911/839
f 911/911/839 934/934/860 932/932/858
f 934/934/860 911/911/839 913/913/841
f 913/913/841 936/936/862 934/934/860
f 935/935/861 934/934/860 936/936/862
f 936/936/862 937/937/863 935/935/861
f 937/937/863 936/936/862 938/938/864
f 938/938/864 939/939/865 937/937/863
f 936/936/862 913/913/841 915/915/843
f 915/915/843 938/938/864 936/936/862
f 938/938/864 915/915/843 917/917/845
f 917/917/845 940/940/866 938/938/864
f 939/939/865 938/938/864 940/940/866
f 940/940/866 941/941/867 939/939/865
f 941/941/867 940/940/866 942/942/708
f 942/942/708 943/943/709 941/941/867
f 940/940/866 917/917/845 919/919/683
f 919/919/683 942/942/708 940/940/866
f 780/780/710 756/756/686 921/921/847
f 921/921/847 944/944/868 780/780/710
f 782/782/712 780/780/710 944/944/868
f 944/944/868 945/945/869 782/782/712
f 945/945/869 944/944/868 946/946/870
f 946/946/870 947/947/871 945/945/869
f 944/944/868 921/921/847 923/923/849
f 923/923/849 946/946/870 944/944/868
f 946/946/870 923/923/849 925/925/851
f 925/925/851 948/948/872 946/946/870
f 947/947/871 946/946/870 948/948/872
f 948/948/872 949/949/873 947/947/871
f 949/949/873 948/948/872 950/950/874
f 950/950/874 951/951/875 949/949/873
f 948/948/872 925/925/851 927/927/853
f 927/927/853 950/950/874 948/948/872
f 950/950/874 927/927/853 929/929/855
f 929/929/855 952/952/876 950/950/874
f 951/951/875 950/950/874 952/952/876
f 952/952/876 953/953/877 951/951/875
f 953/953/877 952/952/876 954/954/878
f 954/954/878 955/955/879 953/953/877
f 952/952/876 929/929/855 931/931/857
f 931/931/857 954/954/878 952/952/876
f 954/954/878 931/931/857 933/933/859
f 933/933/859 956/956/880 954/954/878
f 955/955/879 954/954/878 956/956/880
f 956/956/880 957/957/881 955/955/879
f 957/957/881 956/956/880 958/958/882
f 958/958/882 959/959/883 957/957/881
f 956/956/880 933/933/859 935/935/861
f 935/935/861 958/958/882 956/956/880
f 958/958/882 935/935/861 937/937/863
f 937/937/863 960/960/884 958/958/882
f 959/959/883 958/958/882 960/960/884
f 960/960/884 961/961/885 959/959/883
f 961/961/885 960/960/884 962/962/886
f 962/962/886 963/963/887 961/961/885
f 960/960/884 937/937/863 939/939/865
f 939/939/865 962/962/886 960/960/884
f 962/962/886 939/939/865 941/941/867
f 941/941/867 964/964/888 962/962/886
f 963/963/887 962/962/886 964/964/888
f 964/964/888 965/965/889 963/963/887
f 965/965/889 964/964/888 966/966/734
f 966/966/734 967/967/735 965/965/889
f 964/964/888 941/941/867 943/943/709
f 943/943/709 966/966/734 964/964/888
f 806/806/736 782/782/712 945/945/869
f 945/945/869 968/968/890 806/806/736
f 808/808/738 806/806/736 968/968/890
f 968/968/890 969/969/891 808/808/738
f 969/969/891 968/968/890 970/970/892
f 970/970/892 971/971/893 969/969/891
f 968/968/890 945/945/869 947/947/871
f 947/947/871 970/970/892 968/968/890
f 970/970/892 947/947/871 949/949/873
f 949/949/873 972/972/894 970/970/892
f 971/971/893 970/970/892 972/972/894
f 972/972/894 973/973/895 971/971/893
f 973/973/895 972/972/894 974/974/896
f 974/974/896 975/975/897 973/973/895
f 972/972/894 949/949/873 951/951/875
f 951/951/875 974/974/896 972/972/894
f 974/974/896 951/951/875 953/953/877
f 953/953/877 976/976/898 974/974/896
f 975/975/897 974/974/896 976/976/898
f 976/976/898 977/977/899 975/975/897
f 977/977/899 976/976/898 978/978/900
f 978/978/900 979/979/901 977/977/899
f 976/976/898 953/953/877 955/955/879
f 955/955/879 978/978/900 976/976/898
f 978/978/900 955/955/879 957/957/881
f 957/957/881 980/980/902 978/978/900
f 979/979/901 978/978/900 980/980/902
f 980/980/902 981/981/903 979/979/901
f 981/981/903 980/980/902 982/982/904
f 982/982/904 983/983/905 981/981/903
f 980/980/902 957/957/881 959/959/883
f 959/959/883 982/982/904 980/980/902
f 982/982/904 959/959/883 961/961/885
f 961/961/885 984/984/906 982/982/904
f 983/983/905 982/982/904 984/984/906
f 984/984/906 985/985/907 983/983/905
f 985/985/907 984/984/906 986/986/908
f 986/986/908 987/987/909 985/985/907
f 984/984/906 961/961/885 963/963/887
f 963/963/887 986/986/908 984/984/906
f 986/986/908 963/963/887 965/965/889
f 965/965/889 988/988/910 986/986/908
f 987/987/909 986/986/908 988/988/910
f 988/988/910 989/989/911 987/987/909
f 989/989/911 988/988/910 990/990/760
f 990/990/760 991/991/761 989/989/911
f 988/988/910 965/965/889 967/967/735
f 967/967/735 990/990/760 988/988/910
f 832/832/762 808/808/738 969/969/891
f 969/969/891 992/992/912 832/832/762
f 834/834/764 832/832/762 992/992/912
f 992/992/912 993/993/913 834/834/764
f 993/993/913 992/992/912 994/994/914
f 994/994/914 995/995/915 993/993/913
f 992/992/912 969/969/891 971/971/893
f 971/971/893 994/994/914 992/992/912
f 994/994/914 971/971/893 973/973/895
f 973/973/895 996/996/916 994/994/914
f 995/995/915 994/994/914 996/996/916
f 996/996/916 997/997/917 995/995/915
f 997/997/917 996/996/916 998/998/918
f 998/998/918 999/999/919 997/997/917
f 996/996/916 973/973/895 975/975/897
f 975/975/897 998/998/918 996/996/916
f 998/998/918 975/975/897 977/977/899
f 977/977/899 1000/1000/920 998/998/918
f 999/999/919 998/998/918 1000/1000/920
f 1000/1000/920 1001/1001/921 999/999/919
f 1001/1001/921 1000/1000/920 1002/1002/922
f 1002/1002/922 1003/1003/923 1001/1001/921
f 1000/1000/920 977/977/899 979/979/901
f 979/979/901 1002/1002/922 1000/1000/920
f 1002/1002/922 979/979/901 981/981/903
f 981/981/903 1004/1004/924 1002/1002/922
f 1003/1003/923 1002/1002/922 1004/1004/924
f 1004/1004/924 1005/1005/925 1003/1003/923
f 1005/1005/925 1004/1004/924 1006/1006/926
f 1006/1006/926 1007/1007/927 1005/1005/925
f 1004/1004/924 981/981/903 983/983/905
f 983/983/905 1006/1006/926 1004/1004/924
f 1006/1006/926 983/983/905 985/985/907
f 985/985/907 1008/1008/928 1006/1006/926
f 1007/1007/927 1006/1006/926 1008/1008/928
f 1008/1008/928 1009/1009/929 1007/1007/927
f 1009/1009/929 1008/1008/928 1010/1010/930
f 1010/1010/930 1011/1011/931 1009/1009/929
f 1008/1008/928 985/985/907 987/987/909
f 987/987/909 1010/1010/930 1008/1008/928
f 1010/1010/930 987/987/909 989/989/911
f 989/989/911 1012/1012/932 1010/1010/930
f 1011/1011/931 1010/1010/930 1012/1012/932
f 1012/1012/932 1013/1013/933 1011/1011/931
f 1013/1013/933 1012/1012/932 1014/1014/786
f 1014/1014/786 1015/1015/787 1013/1013/933
f 1012/1012/932 989/989/911 991/991/761
f 991/991/761 1014/1014/786 1012/1012/932
f 860/860/790 859/859/789 1016/1016/934
f 1016/1016/934 1017/1017/935 860/860/790
f 1016/1016/934 859/859/789 1018/1018/936
f 1018/1018/936 1019/1019/937 1016/1016/934
f 1018/1018/936 859/859/789 1020/1020/938
f 1020/1020/938 1021/1021/939 1018/1018/936
f 1020/1020/938 859/859/789 1022/1022/940
f 1022/1022/940 1023/1023/941 1020/1020/938
f 1022/1022/940 859/859/789 1024/1024/942
f 1024/1024/942 1025/1025/943 1022/1022/940
f 1024/1024/942 859/859/789 1026/1026/800
f 1026/1026/800 1027/1027/944 1024/1024/942
f 1028/1028/945 1029/1029/946 1030/1030/947
f 1030/1030/947 1031/1031/948 1028/1028/945
f 1032/1032/949 1033/1033/947 1034/1034/950
f 1034/1034/950 1035/1035/951 1032/1032/949
f 1036/1036/952 1032/1032/949 1035/1035/951
f 1035/1035/951 1037/1037/953 1036/1036/952
f 1038/1038/954 1036/1036/952 1037/1037/953
f 1037/1037/953 1039/1039/955 1038/1038/954
f 1040/1040/956 1038/1038/954 1039/1039/955
f 1039/1039/955 1041/1041/957 1040/1040/956
f 1042/1042/958 1040/1040/956 1041/1041/957
f 1041/1041/957 1043/1043/959 1042/1042/958
f 1044/1044/960 1042/1042/958 1043/1043/959
f 1043/1043/959 1045/1045/961 1044/1044/960
f 1046/1046/962 1044/1044/960 1045/1045/961
f 1045/1045/961 1047/1047/963 1046/1046/962
f 1048/1048/964 1046/1046/962 1047/1047/963
f 1047/1047/963 1049/1049/965 1048/1048/964
f 1050/1050/966 1048/1048/964 1049/1049/965
f 1049/1049/965 1051/1051/967 1050/1050/966
f 1052/1052/968 1050/1050/966 1051/1051/967
f 1051/1051/967 1053/1053/969 1052/1052/968
f 1054/1054/970 1052/1052/968 1053/1053/969
f 1053/1053/969 1055/1055/971 1054/1054/970
f 1056/1056/972 1054/1054/970 1055/1055/971
f 1055/1055/971 1057/1057/973 1056/1056/972
f 1058/1058/974 1056/1056/972 1057/1057/973
f 1057/1057/973 1059/1059/975 1058/1058/974
f 1060/1060/976 1028/1028/945 1031/1031/948
f 1031/1031/948 1061/1061/977 1060/1060/976
f 1062/1062/978 1060/1060/976 1061/1061/977
f 1061/1061/977 1063/1063/979 1062/1062/978
f 1064/1064/980 1062/1062/978 1063/1063/979
f 1063/1063/979 1065/1065/981 1064/1064/980
f 1066/1066/982 1064/1064/980 1065/1065/981
f 1065/1065/981 1067/1067/983 1066/1066/982
f 1068/1068/984 1066/1066/982 1067/1067/983
f 1067/1067/983 1069/1069/985 1068/1068/984
f 1070/1070/986 1068/1068/984 1069/1069/985
f 1069/1069/985 1071/1071/987 1070/1070/986
f 1072/1072/988 1070/1070/986 1071/1071/987
f 1071/1071/987 1073/1073/989 1072/1072/988
f 1074/1074/990 1072/1072/988 1073/1073/989
f 1073/1073/989 1075/1075/991 1074/1074/990
f 1076/1076/992 1074/1074/990 1075/1075/991
f 1075/1075/991 1077/1077/993 1076/1076/992
f 1059/1059/975 1076/1076/992 1077/1077/993
f 1077/1077/993 1058/1058/974 1059/1059/975
f 1078/1078/994 1079/1079/995 1033/1033/947
f 1033/1033/947 1032/1032/949 1078/1078/994
f 1080/1080/996 1078/1078/994 1032/1032/949
f 1032/1032/949 1036/1036/952 1080/1080/996
f 1081/1081/997 1080/1080/996 1036/1036/952
f 1036/1036/952 1038/1038/954 1081/1081/997
f 1082/1082/998 1081/1081/997 1038/1038/954
f 1038/1038/954 1040/1040/956 1082/1082/998
f 1083/1083/999 1082/1082/998 1040/1040/956
f 1040/1040/956 1042/1042/958 1083/1083/999
f 1084/1084/775 1083/1083/999 1042/1042/958
f 1042/1042/958 1044/1044/960 1084/1084/775
f 1085/1085/1000 1084/1084/775 1044/1044/960
f 1044/1044/960 1046/1046/962 1085/1085/1000
f 1086/1086/779 1085/1085/1000 1046/1046/962
f 1046/1046/962 1048/1048/964 1086/1086/779
f 1087/1087/1001 1086/1086/779 1048/1048/964
f 1048/1048/964 1050/1050/966 1087/1087/1001
f 1088/1088/783 1087/1087/1001 1050/1050/966
f 1050/1050/966 1052/1052/968 1088/1088/783
f 1089/1089/1002 1088/1088/783 1052/1052/968
f 1052/1052/968 1054/1054/970 1089/1089/1002
f 1090/1090/787 1089/1089/1002 1054/1054/970
f 1054/1054/970 1056/1056/972 1090/1090/787
f 1030/1030/947 1091/1091/1003 1092/1092/1004
f 1092/1092/1004 1031/1031/948 1030/1030/947
f 1031/1031/948 1092/1092/1004 1093/1093/915
f 1093/1093/915 1061/1061/977 1031/1031/948
f 1061/1061/977 1093/1093/915 1094/1094/917
f 1094/1094/917 1063/1063/979 1061/1061/977
f 1063/1063/979 1094/1094/917 1095/1095/1005
f 1095/1095/1005 1065/1065/981 1063/1063/979
f 1065/1065/981 1095/1095/1005 1096/1096/921
f 1096/1096/921 1067/1067/983 1065/1065/981
f 1067/1067/983 1096/1096/921 1097/1097/923
f 1097/1097/923 1069/1069/985 1067/1067/983
f 1069/1069/985 1097/1097/923 1098/1098/925
f 1098/1098/925 1071/1071/987 1069/1069/985
f 1071/1071/987 1098/1098/925 1099/1099/1006
f 1099/1099/1006 1073/1073/989 1071/1071/987
f 1073/1073/989 1099/1099/1006 1100/1100/929
f 1100/1100/929 1075/1075/991 1073/1073/989
f 1075/1075/991 1100/1100/929 1101/1101/1007
f 1101/1101/1007 1077/1077/993 1075/1075/991
f 1077/1077/993 1101/1101/1007 1102/1102/933
f 1102/1102/933 1058/1058/974 1077/1077/993
f 1058/1058/974 1102/1102/933 1090/1090/787
f 1090/1090/787 1056/1056/972 1058/1058/974
f 1103/1103/1008 1104/1104/1009 1105/1105/1010
f 1105/1105/1010 1106/1106/1011 1103/1103/1008
f 1107/1107/1012 1108/1108/1013 1109/1109/1009
f 1109/1109/1009 1110/1110/1014 1107/1107/1012
f 1111/1111/1015 1107/1107/1012 1110/1110/1014
f 1110/1110/1014 1112/1112/1016 1111/1111/1015
f 1113/1113/1017 1111/1111/1015 1112/1112/1016
f 1112/1112/1016 1114/1114/1018 1113/1113/1017
f 1115/1115/1019 1113/1113/1017 1114/1114/1018
f 1114/1114/1018 1116/1116/1020 1115/1115/1019
f 1117/1117/1021 1115/1115/1019 1116/1116/1020
f 1116/1116/1020 1118/1118/1022 1117/1117/1021
f 1119/1119/1023 1117/1117/1021 1118/1118/1022
f 1118/1118/1022 1120/1120/1024 1119/1119/1023
f 1121/1121/1025 1119/1119/1023 1120/1120/1024
f 1120/1120/1024 1122/1122/1026 1121/1121/1025
f 1123/1123/1027 1121/1121/1025 1122/1122/1026
f 1122/1122/1026 1124/1124/1028 1123/1123/1027
f 1125/1125/1029 1123/1123/1027 1124/1124/1028
f 1124/1124/1028 1126/1126/1030 1125/1125/1029
f 1127/1127/1031 1125/1125/1029 1126/1126/1030
f 1126/1126/1030 1128/1128/1032 1127/1127/1031
f 1129/1129/1033 1127/1127/1031 1128/1128/1032
f 1128/1128/1032 1130/1130/1034 1129/1129/1033
f 1131/1131/1035 1129/1129/1033 1130/1130/1034
f 1130/1130/1034 1132/1132/1036 1131/1131/1035
f 1133/1133/1037 1131/1131/1035 1132/1132/1036
f 1132/1132/1036 1134/1134/1038 1133/1133/1037
f 1135/1135/1039 1103/1103/1008 1106/1106/1011
f 1106/1106/1011 1136/1136/1040 1135/1135/1039
f 1137/1137/1041 1135/1135/1039 1136/1136/1040
f 1136/1136/1040 1138/1138/1042 1137/1137/1041
f 1139/1139/1043 1137/1137/1041 1138/1138/1042
f 1138/1138/1042 1140/1140/1044 1139/1139/1043
f 1141/1141/1045 1139/1139/1043 1140/1140/1044
f 1140/1140/1044 1142/1142/1046 1141/1141/1045
f 1143/1143/1047 1141/1141/1045 1142/1142/1046
f 1142/1142/1046 1144/1144/1048 1143/1143/1047
f 1145/1145/1049 1143/1143/1047 1144/1144/1048
f 1144/1144/1048 1146/1146/1050 1145/1145/1049
f 1147/1147/1051 1145/1145/1049 1146/1146/1050
f 1146/1146/1050 1148/1148/1052 1147/1147/1051
f 1149/1149/1053 1147/1147/1051 1148/1148/1052
f 1148/1148/1052 1150/1150/1054 1149/1149/1053
f 1151/1151/1055 1149/1149/1053 1150/1150/1054
f 1150/1150/1054 1152/1152/1056 1151/1151/1055
f 1134/1134/1038 1151/1151/1055 1152/1152/1056
f 1152/1152/1056 1133/1133/1037 1134/1134/1038
f 1153/1153/1057 1110/1110/1014 1109/1109/1009
f 1109/1109/1009 1154/1154/1058 1153/1153/1057
f 1155/1155/1059 1112/1112/1016 1110/1110/1014
f 1110/1110/1014 1153/1153/1057 1155/1155/1059
f 1156/1156/1060 1114/1114/1018 1112/1112/1016
f 1112/1112/1016 1155/1155/1059 1156/1156/1060
f 1157/1157/1061 1116/1116/1020 1114/1114/1018
f 1114/1114/1018 1156/1156/1060 1157/1157/1061
f 1158/1158/1062 1118/1118/1022 1116/1116/1020
f 1116/1116/1020 1157/1157/1061 1158/1158/1062
f 1159/1159/1063 1120/1120/1024 1118/1118/1022
f 1118/1118/1022 1158/1158/1062 1159/1159/1063
f 1160/1160/1064 1122/1122/1026 1120/1120/1024
f 1120/1120/1024 1159/1159/1063 1160/1160/1064
f 1161/1161/1065 1124/1124/1028 1122/1122/1026
f 1122/1122/1026 1160/1160/1064 1161/1161/1065
f 1162/1162/1066 1126/1126/1030 1124/1124/1028
f 1124/1124/1028 1161/1161/1065 1162/1162/1066
f 1163/1163/1067 1128/1128/1032 1126/1126/1030
f 1126/1126/1030 1162/1162/1066 1163/1163/1067
f 1164/1164/1068 1130/1130/1034 1128/1128/1032
f 1128/1128/1032 1163/1163/1067 1164/1164/1068
f 1165/1165/1069 1132/1132/1036 1130/1130/1034
f 1130/1130/1034 1164/1164/1068 1165/1165/1069
f 1104/1104/1009 1103/1103/1008 1166/1166/1070
f 1166/1166/1070 1167/1167/1058 1104/1104/1009
f 1103/1103/1008 1135/1135/1039 1168/1168/1071
f 1168/1168/1071 1166/1166/1070 1103/1103/1008
f 1135/1135/1039 1137/1137/1041 1169/1169/1072
f 1169/1169/1072 1168/1168/1071 1135/1135/1039
f 1137/1137/1041 1139/1139/1043 1170/1170/1073
f 1170/1170/1073 1169/1169/1072 1137/1137/1041
f 1139/1139/1043 1141/1141/1045 1171/1171/1074
f 1171/1171/1074 1170/1170/1073 1139/1139/1043
f 1141/1141/1045 1143/1143/1047 1172/1172/1075
f 1172/1172/1075 1171/1171/1074 1141/1141/1045
f 1143/1143/1047 1145/1145/1049 1173/1173/1076
f 1173/1173/1076 1172/1172/1075 1143/1143/1047
f 1145/1145/1049 1147/1147/1051 1174/1174/1077
f 1174/1174/1077 1173/1173/1076 1145/1145/1049
f 1147/1147/1051 1149/1149/1053 1175/1175/1078
f 1175/1175/1078 1174/1174/1077 1147/1147/1051
f 1149/1149/1053 1151/1151/1055 1176/1176/1079
f 1176/1176/1079 1175/1175/1078 1149/1149/1053
f 1151/1151/1055 1134/1134/1038 1177/1177/1080
f 1177/1177/1080 1176/1176/1079 1151/1151/1055
f 1134/1134/1038 1132/1132/1036 1165/1165/1069
f 1165/1165/1069 1177/1177/1080 1134/1134/1038
f 1178/1178/1081 1035/1035/951 1034/1034/950
f 1034/1034/950 1179/1179/1082 1178/1178/1081
f 1180/1180/1083 1039/1039/955 1037/1037/953
f 1037/1037/953 1181/1181/1084 1180/1180/1083
f 1182/1182/1021 1043/1043/959 1041/1041/957
f 1041/1041/957 1183/1183/1019 1182/1182/1021
f 1184/1184/1085 1047/1047/963 1045/1045/961
f 1045/1045/961 1185/1185/1023 1184/1184/1085
f 1186/1186/1029 1051/1051/967 1049/1049/965
f 1049/1049/965 1187/1187/1027 1186/1186/1029
f 1188/1188/1086 1055/1055/971 1053/1053/969
f 1053/1053/969 1189/1189/1031 1188/1188/1086
f 1181/1181/1084 1037/1037/953 1035/1035/951
f 1035/1035/951 1178/1178/1081 1181/1181/1084
f 1183/1183/1019 1041/1041/957 1039/1039/955
f 1039/1039/955 1180/1180/1083 1183/1183/1019
f 1185/1185/1023 1045/1045/961 1043/1043/959
f 1043/1043/959 1182/1182/1021 1185/1185/1023
f 1187/1187/1027 1049/1049/965 1047/1047/963
f 1047/1047/963 1184/1184/1085 1187/1187/1027
f 1189/1189/1031 1053/1053/969 1051/1051/967
f 1051/1051/967 1186/1186/1029 1189/1189/1031
f 1190/1190/1035 1057/1057/973 1055/1055/971
f 1055/1055/971 1188/1188/1086 1190/1190/1035
f 1029/1029/946 1028/1028/945 1191/1191/1087
f 1191/1191/1087 1192/1192/1010 1029/1029/946
f 1028/1028/945 1060/1060/976 1193/1193/1088
f 1193/1193/1088 1191/1191/1087 1028/1028/945
f 1060/1060/976 1062/1062/978 1194/1194/1089
f 1194/1194/1089 1193/1193/1088 1060/1060/976
f 1062/1062/978 1064/1064/980 1195/1195/1090
f 1195/1195/1090 1194/1194/1089 1062/1062/978
f 1064/1064/980 1066/1066/982 1196/1196/1046
f 1196/1196/1046 1195/1195/1090 1064/1064/980
f 1066/1066/982 1068/1068/984 1197/1197/1048
f 1197/1197/1048 1196/1196/1046 1066/1066/982
f 1068/1068/984 1070/1070/986 1198/1198/1091
f 1198/1198/1091 1197/1197/1048 1068/1068/984
f 1070/1070/986 1072/1072/988 1199/1199/1092
f 1199/1199/1092 1198/1198/1091 1070/1070/986
f 1072/1072/988 1074/1074/990 1200/1200/1093
f 1200/1200/1093 1199/1199/1092 1072/1072/988
f 1074/1074/990 1076/1076/992 1201/1201/1056
f 1201/1201/1056 1200/1200/1093 1074/1074/990
f 1076/1076/992 1059/1059/975 1202/1202/1037
f 1202/1202/1037 1201/1201/1056 1076/1076/992
f 1059/1059/975 1057/1057/973 1190/1190/1035
f 1190/1190/1035 1202/1202/1037 1059/1059/975
f 1203/1203/1094 1204/1204/1095 1205/1205/1096
f 1205/1205/1096 1206/1206/1097 1203/1203/1094
f 1207/1207/1098 1208/1208/1096 1209/1209/1095
f 1209/1209/1095 1210/1210/1099 1207/1207/1098
f 1211/1211/1100 1207/1207/1098 1210/1210/1099
f 1210/1210/1099 1212/1212/1101 1211/1211/1100
f 1213/1213/1102 1211/1211/1100 1212/1212/1101
f 1212/1212/1101 1214/1214/1103 1213/1213/1102
f 1215/1215/1104 1213/1213/1102 1214/1214/1103
f 1214/1214/1103 1216/1216/1105 1215/1215/1104
f 1217/1217/1106 1215/1215/1104 1216/1216/1105
f 1216/1216/1105 1218/1218/1107 1217/1217/1106
f 1219/1219/1108 1217/1217/1106 1218/1218/1107
f 1218/1218/1107 1220/1220/1109 1219/1219/1108
f 1221/1221/1110 1219/1219/1108 1220/1220/1109
f 1220/1220/1109 1222/1222/1111 1221/1221/1110
f 1223/1223/1112 1221/1221/1110 1222/1222/1111
f 1222/1222/1111 1224/1224/1113 1223/1223/1112
f 1225/1225/1114 1223/1223/1112 1224/1224/1113
f 1224/1224/1113 1226/1226/1115 1225/1225/1114
f 1227/1227/1116 1225/1225/1114 1226/1226/1115
f 1226/1226/1115 1228/1228/1117 1227/1227/1116
f 1229/1229/1118 1227/1227/1116 1228/1228/1117
f 1228/1228/1117 1230/1230/1119 1229/1229/1118
f 1231/1231/1120 1229/1229/1118 1230/1230/1119
f 1230/1230/1119 1232/1232/1121 1231/1231/1120
f 1233/1233/1122 1231/1231/1120 1232/1232/1121
f 1232/1232/1121 1234/1234/1123 1233/1233/1122
f 1235/1235/1124 1236/1236/1125 1237/1237/1126
f 1237/1237/1126 1238/1238/1127 1235/1235/1124
f 1239/1239/1128 1240/1240/1126 1241/1241/1125
f 1241/1241/1125 1242/1242/1129 1239/1239/1128
f 1243/1243/1130 1239/1239/1128 1242/1242/1129
f 1242/1242/1129 1244/1244/1131 1243/1243/1130
f 1245/1245/1132 1243/1243/1130 1244/1244/1131
f 1244/1244/1131 1246/1246/1133 1245/1245/1132
f 1247/1247/1134 1245/1245/1132 1246/1246/1133
f 1246/1246/1133 1248/1248/1135 1247/1247/1134
f 1249/1249/1136 1247/1247/1134 1248/1248/1135
f 1248/1248/1135 1250/1250/1137 1249/1249/1136
f 1251/1251/1138 1249/1249/1136 1250/1250/1137
f 1250/1250/1137 1252/1252/1139 1251/1251/1138
f 1253/1253/1140 1251/1251/1138 1252/1252/1139
f 1252/1252/1139 1254/1254/1141 1253/1253/1140
f 1255/1255/1142 1253/1253/1140 1254/1254/1141
f 1254/1254/1141 1256/1256/1143 1255/1255/1142
f 1257/1257/1144 1255/1255/1142 1256/1256/1143
f 1256/1256/1143 1258/1258/1145 1257/1257/1144
f 1259/1259/1146 1257/1257/1144 1258/1258/1145
f 1258/1258/1145 1260/1260/1147 1259/1259/1146
f 1261/1261/1148 1259/1259/1146 1260/1260/1147
f 1260/1260/1147 1262/1262/1149 1261/1261/1148
f 1263/1263/1150 1261/1261/1148 1262/1262/1149
f 1262/1262/1149 1264/1264/1151 1263/1263/1150
f 1265/1265/1152 1263/1263/1150 1264/1264/1151
f 1264/1264/1151 1266/1266/1153 1265/1265/1152
f 1267/1267/1154 1268/1268/1155 1269/1269/1156
f 1269/1269/1156 1270/1270/1157 1267/1267/1154
f 1271/1271/1158 1272/1272/1156 1273/1273/1155
f 1273/1273/1155 1274/1274/1159 1271/1271/1158
f 1275/1275/1160 1271/1271/1158 1274/1274/1159
f 1274/1274/1159 1276/1276/1161 1275/1275/1160
f 1277/1277/1162 1275/1275/1160 1276/1276/1161
f 1276/1276/1161 1278/1278/1163 1277/1277/1162
f 1279/1279/1164 1277/1277/1162 1278/1278/1163
f 1278/1278/1163 1280/1280/1165 1279/1279/1164
f 1281/1281/1166 1279/1279/1164 1280/1280/1165
f 1280/1280/1165 1282/1282/1167 1281/1281/1166
f 1283/1283/1168 1281/1281/1166 1282/1282/1167
f 1282/1282/1167 1284/1284/1169 1283/1283/1168
f 1285/1285/1170 1283/1283/1168 1284/1284/1169
f 1284/1284/1169 1286/1286/1171 1285/1285/1170
f 1287/1287/1172 1285/1285/1170 1286/1286/1171
f 1286/1286/1171 1288/1288/1173 1287/1287/1172
f 1289/1289/1174 1287/1287/1172 1288/1288/1173
f 1288/1288/1173 1290/1290/1175 1289/1289/1174
f 1291/1291/1176 1289/1289/1174 1290/1290/1175
f 1290/1290/1175 1292/1292/1177 1291/1291/1176
f 1293/1293/1178 1291/1291/1176 1292/1292/1177
f 1292/1292/1177 1294/1294/1179 1293/1293/1178
f 1295/1295/1180 1293/1293/1178 1294/1294/1179
f 1294/1294/1179 1296/1296/1181 1295/1295/1180
f 1297/1297/1182 1295/1295/1180 1296/1296/1181
f 1296/1296/1181 1298/1298/1183 1297/1297/1182
f 1299/1299/1184 1203/1203/1094 1206/1206/1097
f 1206/1206/1097 1300/1300/1185 1299/1299/1184
f 1301/1301/1186 1299/1299/1184 1300/1300/1185
f 1300/1300/1185 1302/1302/1187 1301/1301/1186
f 1303/1303/1188 1301/1301/1186 1302/1302/1187
f 1302/1302/1187 1304/1304/1189 1303/1303/1188
f 1305/1305/1190 1303/1303/1188 1304/1304/1189
f 1304/1304/1189 1306/1306/1191 1305/1305/1190
f 1307/1307/1192 1305/1305/1190 1306/1306/1191
f 1306/1306/1191 1308/1308/1193 1307/1307/1192
f 1309/1309/1194 1307/1307/1192 1308/1308/1193
f 1308/1308/1193 1310/1310/1195 1309/1309/1194
f 1311/1311/1196 1309/1309/1194 1310/1310/1195
f 1310/1310/1195 1312/1312/1197 1311/1311/1196
f 1313/1313/1198 1311/1311/1196 1312/1312/1197
f 1312/1312/1197 1314/1314/1199 1313/1313/1198
f 1315/1315/1200 1313/1313/1198 1314/1314/1199
f 1314/1314/1199 1316/1316/1201 1315/1315/1200
f 1234/1234/1123 1315/1315/1200 1316/1316/1201
f 1316/1316/1201 1233/1233/1122 1234/1234/1123
f 1317/1317/1202 1235/1235/1124 1238/1238/1127
f 1238/1238/1127 1318/1318/1203 1317/1317/1202
f 1319/1319/1204 1317/1317/1202 1318/1318/1203
f 1318/1318/1203 1320/1320/1205 1319/1319/1204
f 1321/1321/1206 1319/1319/1204 1320/1320/1205
f 1320/1320/1205 1322/1322/1207 1321/1321/1206
f 1323/1323/1208 1321/1321/1206 1322/1322/1207
f 1322/1322/1207 1324/1324/1209 1323/1323/1208
f 1325/1325/1210 1323/1323/1208 1324/1324/1209
f 1324/1324/1209 1326/1326/1211 1325/1325/1210
f 1327/1327/1212 1325/1325/1210 1326/1326/1211
f 1326/1326/1211 1328/1328/1213 1327/1327/1212
f 1329/1329/1214 1327/1327/1212 1328/1328/1213
f 1328/1328/1213 1330/1330/1215 1329/1329/1214
f 1331/1331/1216 1329/1329/1214 1330/1330/1215
f 1330/1330/1215 1332/1332/1217 1331/1331/1216
f 1333/1333/1218 1331/1331/1216 1332/1332/1217
f 1332/1332/1217 1334/1334/1219 1333/1333/1218
f 1266/1266/1153 1333/1333/1218 1334/1334/1219
f 1334/1334/1219 1265/1265/1152 1266/1266/1153
f 1335/1335/1220 1267/1267/1154 1270/1270/1157
f 1270/1270/1157 1336/1336/1221 1335/1335/1220
f 1337/1337/1222 1335/1335/1220 1336/1336/1221
f 1336/1336/1221 1338/1338/1223 1337/1337/1222
f 1339/1339/1224 1337/1337/1222 1338/1338/1223
f 1338/1338/1223 1340/1340/1225 1339/1339/1224
f 1341/1341/1226 1339/1339/1224 1340/1340/1225
f 1340/1340/1225 1342/1342/1227 1341/1341/1226
f 1343/1343/1228 1341/1341/1226 1342/1342/1227
f 1342/1342/1227 1344/1344/1229 1343/1343/1228
f 1345/1345/1230 1343/1343/1228 1344/1344/1229
f 1344/1344/1229 1346/1346/1231 1345/1345/1230
f 1347/1347/1232 1345/1345/1230 1346/1346/1231
f 1346/1346/1231 1348/1348/1233 1347/1347/1232
f 1349/1349/1234 1347/1347/1232 1348/1348/1233
f 1348/1348/1233 1350/1350/1235 1349/1349/1234
f 1351/1351/1236 1349/1349/1234 1350/1350/1235
f 1350/1350/1235 1352/1352/1237 1351/1351/1236
f 1298/1298/1183 1351/1351/1236 1352/1352/1237
f 1352/1352/1237 1297/1297/1182 1298/1298/1183
f 1271/1271/1158 1153/1153/1057 1154/1154/1058
f 1154/1154/1058 1272/1272/1156 1271/1271/1158
f 1275/1275/1160 1155/1155/1059 1153/1153/1057
f 1153/1153/1057 1271/1271/1158 1275/1275/1160
f 1277/1277/1162 1156/1156/1060 1155/1155/1059
f 1155/1155/1059 1275/1275/1160 1277/1277/1162
f 1279/1279/1164 1157/1157/1061 1156/1156/1060
f 1156/1156/1060 1277/1277/1162 1279/1279/1164
f 1281/1281/1166 1158/1158/1062 1157/1157/1061
f 1157/1157/1061 1279/1279/1164 1281/1281/1166
f 1283/1283/1168 1159/1159/1063 1158/1158/1062
f 1158/1158/1062 1281/1281/1166 1283/1283/1168
f 1285/1285/1170 1160/1160/1064 1159/1159/1063
f 1159/1159/1063 1283/1283/1168 1285/1285/1170
f 1287/1287/1172 1161/1161/1065 1160/1160/1064
f 1160/1160/1064 1285/1285/1170 1287/1287/1172
f 1289/1289/1174 1162/1162/1066 1161/1161/1065
f 1161/1161/1065 1287/1287/1172 1289/1289/1174
f 1291/1291/1176 1163/1163/1067 1162/1162/1066
f 1162/1162/1066 1289/1289/1174 1291/1291/1176
f 1293/1293/1178 1164/1164/1068 1163/1163/1067
f 1163/1163/1067 1291/1291/1176 1293/1293/1178
f 1295/1295/1180 1165/1165/1069 1164/1164/1068
f 1164/1164/1068 1293/1293/1178 1295/1295/1180
f 1274/1274/1159 1273/1273/1155 1208/1208/1096
f 1208/1208/1096 1207/1207/1098 1274/1274/1159
f 1276/1276/1161 1274/1274/1159 1207/1207/1098
f 1207/1207/1098 1211/1211/1100 1276/1276/1161
f 1278/1278/1163 1276/1276/1161 1211/1211/1100
f 1211/1211/1100 1213/1213/1102 1278/1278/1163
f 1280/1280/1165 1278/1278/1163 1213/1213/1102
f 1213/1213/1102 1215/1215/1104 1280/1280/1165
f 1282/1282/1167 1280/1280/1165 1215/1215/1104
f 1215/1215/1104 1217/1217/1106 1282/1282/1167
f 1284/1284/1169 1282/1282/1167 1217/1217/1106
f 1217/1217/1106 1219/1219/1108 1284/1284/1169
f 1286/1286/1171 1284/1284/1169 1219/1219/1108
f 1219/1219/1108 1221/1221/1110 1286/1286/1171
f 1288/1288/1173 1286/1286/1171 1221/1221/1110
f 1221/1221/1110 1223/1223/1112 1288/1288/1173
f 1290/1290/1175 1288/1288/1173 1223/1223/1112
f 1223/1223/1112 1225/1225/1114 1290/1290/1175
f 1292/1292/1177 1290/1290/1175 1225/1225/1114
f 1225/1225/1114 1227/1227/1116 1292/1292/1177
f 1294/1294/1179 1292/1292/1177 1227/1227/1116
f 1227/1227/1116 1229/1229/1118 1294/1294/1179
f 1296/1296/1181 1294/1294/1179 1229/1229/1118
f 1229/1229/1118 1231/1231/1120 1296/1296/1181
f 1239/1239/1128 1353/1353/1099 1354/1354/1095
f 1354/1354/1095 1240/1240/1126 1239/1239/1128
f 1355/1355/1101 1353/1353/1099 1239/1239/1128
f 1239/1239/1128 1243/1243/1130 1355/1355/1101
f 1245/1245/1132 1356/1356/1238 1355/1355/1101
f 1355/1355/1101 1243/1243/1130 1245/1245/1132
f 1357/1357/1239 1356/1356/1238 1245/1245/1132
f 1245/1245/1132 1247/1247/1134 1357/1357/1239
f 1249/1249/1136 1358/1358/1107 1357/1357/1239
f 1357/1357/1239 1247/1247/1134 1249/1249/1136
f 1359/1359/1240 1358/1358/1107 1249/1249/1136
f 1249/1249/1136 1251/1251/1138 1359/1359/1240
f 1253/1253/1140 1360/1360/1241 1359/1359/1240
f 1359/1359/1240 1251/1251/1138 1253/1253/1140
f 1361/1361/1113 1360/1360/1241 1253/1253/1140
f 1253/1253/1140 1255/1255/1142 1361/1361/1113
f 1257/1257/1144 1362/1362/1115 1361/1361/1113
f 1361/1361/1113 1255/1255/1142 1257/1257/1144
f 1363/1363/1117 1362/1362/1115 1257/1257/1144
f 1257/1257/1144 1259/1259/1146 1363/1363/1117
f 1261/1261/1148 1364/1364/1119 1363/1363/1117
f 1363/1363/1117 1259/1259/1146 1261/1261/1148
f 1365/1365/1121 1364/1364/1119 1261/1261/1148
f 1261/1261/1148 1263/1263/1150 1365/1365/1121
f 860/860/790 1264/1264/1151 1262/1262/1149
f 1262/1262/1149 861/861/791 860/860/790
f 1262/1262/1149 1260/1260/1147 858/858/788
f 858/858/788 861/861/791 1262/1262/1149
f 858/858/788 1260/1260/1147 1258/1258/1145
f 1258/1258/1145 863/863/793 858/858/788
f 1258/1258/1145 1256/1256/1143 862/862/792
f 862/862/792 863/863/793 1258/1258/1145
f 862/862/792 1256/1256/1143 1254/1254/1141
f 1254/1254/1141 865/865/795 862/862/792
f 1254/1254/1141 1252/1252/1139 864/864/794
f 864/864/794 865/865/795 1254/1254/1141
f 864/864/794 1252/1252/1139 1250/1250/1137
f 1250/1250/1137 867/867/797 864/864/794
f 1250/1250/1137 1248/1248/1135 866/866/796
f 866/866/796 867/867/797 1250/1250/1137
f 866/866/796 1248/1248/1135 1246/1246/1133
f 1246/1246/1133 869/869/799 866/866/796
f 1246/1246/1133 1244/1244/1131 868/868/798
f 868/868/798 869/869/799 1246/1246/1133
f 868/868/798 1244/1244/1131 1242/1242/1129
f 1242/1242/1129 871/871/801 868/868/798
f 1242/1242/1129 1241/1241/1125 870/870/800
f 870/870/800 871/871/801 1242/1242/1129
f 1167/1167/1058 1166/1166/1070 1270/1270/1157
f 1270/1270/1157 1269/1269/1156 1167/1167/1058
f 1205/1205/1096 1268/1268/1155 1267/1267/1154
f 1267/1267/1154 1206/1206/1097 1205/1205/1096
f 1206/1206/1097 1267/1267/1154 1335/1335/1220
f 1335/1335/1220 1300/1300/1185 1206/1206/1097
f 1166/1166/1070 1168/1168/1071 1336/1336/1221
f 1336/1336/1221 1270/1270/1157 1166/1166/1070
f 1168/1168/1071 1169/1169/1072 1338/1338/1223
f 1338/1338/1223 1336/1336/1221 1168/1168/1071
f 1300/1300/1185 1335/1335/1220 1337/1337/1222
f 1337/1337/1222 1302/1302/1187 1300/1300/1185
f 1302/1302/1187 1337/1337/1222 1339/1339/1224
f 1339/1339/1224 1304/1304/1189 1302/1302/1187
f 1169/1169/1072 1170/1170/1073 1340/1340/1225
f 1340/1340/1225 1338/1338/1223 1169/1169/1072
f 1170/1170/1073 1171/1171/1074 1342/1342/1227
f 1342/1342/1227 1340/1340/1225 1170/1170/1073
f 1304/1304/1189 1339/1339/1224 1341/1341/1226
f 1341/1341/1226 1306/1306/1191 1304/1304/1189
f 1306/1306/1191 1341/1341/1226 1343/1343/1228
f 1343/1343/1228 1308/1308/1193 1306/1306/1191
f 1171/1171/1074 1172/1172/1075 1344/1344/1229
f 1344/1344/1229 1342/1342/1227 1171/1171/1074
f 1172/1172/1075 1173/1173/1076 1346/1346/1231
f 1346/1346/1231 1344/1344/1229 1172/1172/1075
f 1308/1308/1193 1343/1343/1228 1345/1345/1230
f 1345/1345/1230 1310/1310/1195 1308/1308/1193
f 1310/1310/1195 1345/1345/1230 1347/1347/1232
f 1347/1347/1232 1312/1312/1197 1310/1310/1195
f 1173/1173/1076 1174/1174/1077 1348/1348/1233
f 1348/1348/1233 1346/1346/1231 1173/1173/1076
f 1174/1174/1077 1175/1175/1078 1350/1350/1235
f 1350/1350/1235 1348/1348/1233 1174/1174/1077
f 1312/1312/1197 1347/1347/1232 1349/1349/1234
f 1349/1349/1234 1314/1314/1199 1312/1312/1197
f 1314/1314/1199 1349/1349/1234 1351/1351/1236
f 1351/1351/1236 1316/1316/1201 1314/1314/1199
f 1175/1175/1078 1176/1176/1079 1352/1352/1237
f 1352/1352/1237 1350/1350/1235 1175/1175/1078
f 1176/1176/1079 1177/1177/1080 1297/1297/1182
f 1297/1297/1182 1352/1352/1237 1176/1176/1079
f 1316/1316/1201 1351/1351/1236 1298/1298/1183
f 1298/1298/1183 1233/1233/1122 1316/1316/1201
f 1233/1233/1122 1298/1298/1183 1296/1296/1181
f 1296/1296/1181 1231/1231/1120 1233/1233/1122
f 1177/1177/1080 1165/1165/1069 1295/1295/1180
f 1295/1295/1180 1297/1297/1182 1177/1177/1080
f 1366/1366/1094 1238/1238/1127 1237/1237/1126
f 1237/1237/1126 1367/1367/1095 1366/1366/1094
f 1318/1318/1203 1238/1238/1127 1366/1366/1094
f 1366/1366/1094 1368/1368/1184 1318/1318/1203
f 1369/1369/1242 1320/1320/1205 1318/1318/1203
f 1318/1318/1203 1368/1368/1184 1369/1369/1242
f 1322/1322/1207 1320/1320/1205 1369/1369/1242
f 1369/1369/1242 1370/1370/1188 1322/1322/1207
f 1371/1371/1190 1324/1324/1209 1322/1322/1207
f 1322/1322/1207 1370/1370/1188 1371/1371/1190
f 1326/1326/1211 1324/1324/1209 1371/1371/1190
f 1371/1371/1190 1372/1372/1192 1326/1326/1211
f 1373/1373/1243 1328/1328/1213 1326/1326/1211
f 1326/1326/1211 1372/1372/1192 1373/1373/1243
f 1330/1330/1215 1328/1328/1213 1373/1373/1243
f 1373/1373/1243 1374/1374/1244 1330/1330/1215
f 1375/1375/1198 1332/1332/1217 1330/1330/1215
f 1330/1330/1215 1374/1374/1244 1375/1375/1198
f 1334/1334/1219 1332/1332/1217 1375/1375/1198
f 1375/1375/1198 1376/1376/1200 1334/1334/1219
f 1377/1377/1123 1265/1265/1152 1334/1334/1219
f 1334/1334/1219 1376/1376/1200 1377/1377/1123
f 1263/1263/1150 1265/1265/1152 1377/1377/1123
f 1377/1377/1123 1365/1365/1121 1263/1263/1150
f 1266/1266/1153 1264/1264/1151 860/860/790
f 860/860/790 1017/1017/935 1266/1266/1153
f 1016/1016/934 1333/1333/1218 1266/1266/1153
f 1266/1266/1153 1017/1017/935 1016/1016/934
f 1331/1331/1216 1333/1333/1218 1016/1016/934
f 1016/1016/934 1019/1019/937 1331/1331/1216
f 1018/1018/936 1329/1329/1214 1331/1331/1216
f 1331/1331/1216 1019/1019/937 1018/1018/936
f 1327/1327/1212 1329/1329/1214 1018/1018/936
f 1018/1018/936 1021/1021/939 1327/1327/1212
f 1020/1020/938 1325/1325/1210 1327/1327/1212
f 1327/1327/1212 1021/1021/939 1020/1020/938
f 1323/1323/1208 1325/1325/1210 1020/1020/938
f 1020/1020/938 1023/1023/941 1323/1323/1208
f 1022/1022/940 1321/1321/1206 1323/1323/1208
f 1323/1323/1208 1023/1023/941 1022/1022/940
f 1319/1319/1204 1321/1321/1206 1022/1022/940
f 1022/1022/940 1025/1025/943 1319/1319/1204
f 1024/1024/942 1317/1317/1202 1319/1319/1204
f 1319/1319/1204 1025/1025/943 1024/1024/942
f 1235/1235/1124 1317/1317/1202 1024/1024/942
f 1024/1024/942 1027/1027/944 1235/1235/1124
f 1026/1026/800 1236/1236/1125 1235/1235/1124
f 1235/1235/1124 1027/1027/944 1026/1026/800
f 1378/1378/1245 1379/1379/1246 1380/1380/1247
f 1380/1380/1247 1381/1381/1248 1378/1378/1245
f 1381/1381/1248 1380/1380/1247 1382/1382/1249
f 1382/1382/1249 1383/1383/1250 1381/1381/1248
f 1384/1384/1251 1385/1385/1252 1386/1386/1253
f 1386/1386/1253 1387/1387/1254 1384/1384/1251
f 1388/1388/1255 1389/1389/1256 1390/1390/1257
f 1390/1390/1257 1391/1391/1258 1388/1388/1255
f 1392/1392/1259 1390/1390/1257 1393/1393/1260
f 1393/1393/1260 1394/1394/1261 1392/1392/1259
f 1394/1394/1261 1393/1393/1260 1395/1395/1262
f 1395/1395/1262 1396/1396/1263 1394/1394/1261
f 1397/1397/1264 1398/1398/1265 1399/1399/1266
f 1399/1399/1266 1400/1400/1267 1397/1397/1264
f 1400/1400/1267 1399/1399/1266 1401/1401/1268
f 1401/1401/1268 1402/1402/1269 1400/1400/1267
f 1403/1403/1270 1401/1401/1268 1404/1404/1271
f 1404/1404/1271 1405/1405/1272 1403/1403/1270
f 1406/1406/1273 1407/1407/1271 1408/1408/1274
f 1408/1408/1274 1409/1409/1275 1406/1406/1273
f 1410/1410/1276 1392/1392/1259 1411/1411/1277
f 1411/1411/1277 1412/1412/1278 1410/1410/1276
f 1413/1413/1279 1414/1414/1280 1415/1415/1281
f 1415/1415/1281 1416/1416/1282 1413/1413/1279
f 1417/1417/1283 1418/1418/1284 1419/1419/1285
f 1419/1419/1285 1420/1420/1286 1417/1417/1283
f 1421/1421/1287 1422/1422/1288 1402/1402/1269
f 1402/1402/1269 1423/1423/1289 1421/1421/1287
f 1424/1424/1290 1425/1425/1291 1426/1426/1292
f 1426/1426/1292 1427/1427/1293 1424/1424/1290
f 1428/1428/1294 1429/1429/1295 1430/1430/1296
f 1430/1430/1296 1431/1431/1297 1428/1428/1294
f 1391/1391/1258 1410/1410/1276 1432/1432/1298
f 1432/1432/1298 1433/1433/1299 1391/1391/1258
f 1434/1434/1299 1435/1435/1298 1436/1436/1300
f 1436/1436/1300 1437/1437/1301 1434/1434/1299
f 1438/1438/1302 1439/1439/1303 1440/1440/1304
f 1440/1440/1304 1441/1441/1305 1438/1438/1302
f 1442/1442/1305 1443/1443/1304 1423/1423/1289
f 1423/1423/1289 1403/1403/1270 1442/1442/1305
f 1444/1444/1306 1445/1445/1307 1446/1446/1308
f 1446/1446/1308 1447/1447/1309 1444/1444/1306
f 1448/1448/1310 1449/1449/1311 1450/1450/1312
f 1450/1450/1312 1451/1451/1313 1448/1448/1310
f 1452/1452/1314 1453/1453/1315 1454/1454/1316
f 1454/1454/1316 1455/1455/1317 1452/1452/1314
f 1456/1456/1317 1457/1457/1316 1458/1458/1318
f 1458/1458/1318 1459/1459/1319 1456/1456/1317
f 1460/1460/1320 1461/1461/1321 1462/1462/1322
f 1462/1462/1322 1463/1463/1323 1460/1460/1320
f 1464/1464/1324 1465/1465/1325 1466/1466/1326
f 1466/1466/1326 1467/1467/1327 1464/1464/1324
f 1468/1468/1328 1469/1469/1329 1470/1470/1330
f 1470/1470/1330 1471/1471/1331 1468/1468/1328
f 1472/1472/1332 1382/1382/1249 1473/1473/1333
f 1473/1473/1333 1474/1474/1334 1472/1472/1332
f 1472/1472/1332 1475/1475/1335 1383/1383/1250
f 1383/1383/1250 1382/1382/1249 1472/1472/1332
f 1425/1425/1291 1424/1424/1290 1476/1476/1336
f 1476/1476/1336 1477/1477/1337 1425/1425/1291
f 1478/1478/1338 1479/1479/1339 1480/1480/1340
f 1480/1480/1340 1481/1481/1341 1478/1478/1338
f 1482/1482/1342 1483/1483/1343 1484/1484/1344
f 1484/1484/1344 1485/1485/1345 1482/1482/1342
f 1486/1486/1346 1487/1487/1347 1488/1488/1348
f 1488/1488/1348 1489/1489/1349 1486/1486/1346
f 1490/1490/1350 1491/1491/1351 1492/1492/1352
f 1492/1492/1352 1493/1493/1353 1490/1490/1350
f 1494/1494/1354 1495/1495/1355 1496/1496/1356
f 1496/1496/1356 1497/1497/1357 1494/1494/1354
f 1463/1463/1323 1462/1462/1322 1498/1498/1358
f 1498/1498/1358 1499/1499/1359 1463/1463/1323
f 1500/1500/1360 1501/1501/1361 1502/1502/1362
f 1502/1502/1362 1503/1503/1363 1500/1500/1360
f 1504/1504/1364 1505/1505/1365 1506/1506/1366
f 1506/1506/1366 1507/1507/1367 1504/1504/1364
f 1508/1508/1368 1509/1509/1369 1510/1510/1370
f 1510/1510/1370 1511/1511/1371 1508/1508/1368
f 1512/1512/1372 1513/1513/1373 1514/1514/1374
f 1514/1514/1374 1515/1515/1375 1512/1512/1372
f 1516/1516/1376 1517/1517/1377 1513/1513/1373
f 1513/1513/1373 1512/1512/1372 1516/1516/1376
f 1444/1444/1306 1431/1431/1297 1430/1430/1296
f 1430/1430/1296 1445/1445/1307 1444/1444/1306
f 1518/1518/1378 1519/1519/1379 1520/1520/1380
f 1520/1520/1380 1521/1521/1381 1518/1518/1378
f 1522/1522/1382 1523/1523/1383 1524/1524/1384
f 1524/1524/1384 1525/1525/1385 1522/1522/1382
f 1526/1526/1386 1527/1527/1387 1528/1528/1388
f 1528/1528/1388 1529/1529/1389 1526/1526/1386
f 1530/1530/1390 1531/1531/1391 1532/1532/1392
f 1532/1532/1392 1533/1533/1393 1530/1530/1390
f 1534/1534/1394 1535/1535/1395 1536/1536/1396
f 1536/1536/1396 1537/1537/1397 1534/1534/1394
f 1503/1503/1363 1502/1502/1362 1538/1538/1398
f 1538/1538/1398 1539/1539/1399 1503/1503/1363
f 1540/1540/1400 1541/1541/1401 1542/1542/1402
f 1542/1542/1402 1543/1543/1403 1540/1540/1400
f 1544/1544/1404 1545/1545/1405 1546/1546/1406
f 1546/1546/1406 1547/1547/1407 1544/1544/1404
f 1548/1548/1408 1549/1549/1409 1550/1550/1410
f 1550/1550/1410 1551/1551/1411 1548/1548/1408
f 1552/1552/1412 1553/1553/1413 1554/1554/1414
f 1554/1554/1414 1555/1555/1415 1552/1552/1412
f 1556/1556/1416 1557/1557/1417 1553/1553/1413
f 1553/1553/1413 1552/1552/1412 1556/1556/1416
f 1452/1452/1314 1451/1451/1313 1450/1450/1312
f 1450/1450/1312 1453/1453/1315 1452/1452/1314
f 1558/1558/1418 1559/1559/1419 1560/1560/1420
f 1560/1560/1420 1561/1561/1421 1558/1558/1418
f 1562/1562/1422 1563/1563/1423 1564/1564/1424
f 1564/1564/1424 1565/1565/1425 1562/1562/1422
f 1566/1566/1426 1567/1567/1427 1568/1568/1428
f 1568/1568/1428 1569/1569/1429 1566/1566/1426
f 1570/1570/1430 1571/1571/1431 1572/1572/1432
f 1572/1572/1432 1573/1573/1433 1570/1570/1430
f 1574/1574/1434 1575/1575/1435 1576/1576/1436
f 1576/1576/1436 1577/1577/1437 1574/1574/1434
f 1543/1543/1403 1542/1542/1402 1578/1578/1438
f 1578/1578/1438 1579/1579/1439 1543/1543/1403
f 1580/1580/1440 1581/1581/1441 1582/1582/1442
f 1582/1582/1442 1583/1583/1443 1580/1580/1440
f 1584/1584/1444 1585/1585/1445 1586/1586/1446
f 1586/1586/1446 1587/1587/1447 1584/1584/1444
f 1588/1588/1448 1589/1589/1449 1590/1590/1450
f 1590/1590/1450 1591/1591/1451 1588/1588/1448
f 1592/1592/1452 1379/1379/1246 1593/1593/1453
f 1593/1593/1453 1594/1594/1454 1592/1592/1452
f 1379/1379/1246 1378/1378/1245 1595/1595/1455
f 1595/1595/1455 1593/1593/1453 1379/1379/1246
f 1596/1596/1456 1597/1597/1457 1459/1459/1319
f 1459/1459/1319 1458/1458/1318 1596/1596/1456
f 1598/1598/1458 1599/1599/1459 1600/1600/1460
f 1600/1600/1460 1601/1601/1461 1598/1598/1458
f 1602/1602/1462 1603/1603/1463 1604/1604/1464
f 1604/1604/1464 1605/1605/1465 1602/1602/1462
f 1606/1606/1466 1607/1607/1467 1608/1608/1468
f 1608/1608/1468 1609/1609/1469 1606/1606/1466
f 1610/1610/1470 1611/1611/1471 1612/1612/1472
f 1612/1612/1472 1613/1613/1473 1610/1610/1470
f 1614/1614/1474 1615/1615/1475 1616/1616/1476
f 1616/1616/1476 1617/1617/1477 1614/1614/1474
f 1618/1618/1478 1580/1580/1440 1583/1583/1443
f 1583/1583/1443 1619/1619/1479 1618/1618/1478
f 1390/1390/1257 1392/1392/1259 1410/1410/1276
f 1410/1410/1276 1391/1391/1258 1390/1390/1257
f 1402/1402/1269 1401/1401/1268 1403/1403/1270
f 1403/1403/1270 1423/1423/1289 1402/1402/1269
f 1498/1498/1358 1462/1462/1322 1620/1620/1480
f 1620/1620/1480 1621/1621/1481 1498/1498/1358
f 1621/1621/1481 1620/1620/1480 1580/1580/1440
f 1580/1580/1440 1618/1618/1478 1621/1621/1481
f 1581/1581/1441 1580/1580/1440 1620/1620/1480
f 1620/1620/1480 1622/1622/1482 1581/1581/1441
f 1622/1622/1482 1620/1620/1480 1462/1462/1322
f 1462/1462/1322 1461/1461/1321 1622/1622/1482
f 1585/1585/1445 1584/1584/1444 1623/1623/1483
f 1623/1623/1483 1624/1624/1484 1585/1585/1445
f 1624/1624/1484 1623/1623/1483 1466/1466/1326
f 1466/1466/1326 1465/1465/1325 1624/1624/1484
f 1589/1589/1449 1588/1588/1448 1625/1625/1485
f 1625/1625/1485 1626/1626/1486 1589/1589/1449
f 1626/1626/1486 1625/1625/1485 1470/1470/1330
f 1470/1470/1330 1469/1469/1329 1626/1626/1486
f 1379/1379/1246 1592/1592/1452 1627/1627/1487
f 1627/1627/1487 1380/1380/1247 1379/1379/1246
f 1380/1380/1247 1627/1627/1487 1473/1473/1333
f 1473/1473/1333 1382/1382/1249 1380/1380/1247
f 1597/1597/1457 1596/1596/1456 1628/1628/1488
f 1628/1628/1488 1629/1629/1489 1597/1597/1457
f 1629/1629/1489 1628/1628/1488 1477/1477/1337
f 1477/1477/1337 1476/1476/1336 1629/1629/1489
f 1599/1599/1459 1598/1598/1458 1630/1630/1490
f 1630/1630/1490 1631/1631/1491 1599/1599/1459
f 1631/1631/1491 1630/1630/1490 1480/1480/1340
f 1480/1480/1340 1479/1479/1339 1631/1631/1491
f 1603/1603/1463 1602/1602/1462 1632/1632/1492
f 1632/1632/1492 1633/1633/1493 1603/1603/1463
f 1633/1633/1493 1632/1632/1492 1484/1484/1344
f 1484/1484/1344 1483/1483/1343 1633/1633/1493
f 1607/1607/1467 1606/1606/1466 1634/1634/1494
f 1634/1634/1494 1635/1635/1495 1607/1607/1467
f 1635/1635/1495 1634/1634/1494 1488/1488/1348
f 1488/1488/1348 1487/1487/1347 1635/1635/1495
f 1611/1611/1471 1610/1610/1470 1636/1636/1496
f 1636/1636/1496 1637/1637/1497 1611/1611/1471
f 1637/1637/1497 1636/1636/1496 1492/1492/1352
f 1492/1492/1352 1491/1491/1351 1637/1637/1497
f 1615/1615/1475 1614/1614/1474 1638/1638/1498
f 1638/1638/1498 1639/1639/1499 1615/1615/1475
f 1639/1639/1499 1638/1638/1498 1496/1496/1356
f 1496/1496/1356 1495/1495/1355 1639/1639/1499
f 1460/1460/1320 1463/1463/1323 1640/1640/1500
f 1640/1640/1500 1641/1641/1501 1460/1460/1320
f 1642/1642/1502 1643/1643/1503 1502/1502/1362
f 1502/1502/1362 1501/1501/1361 1642/1642/1502
f 1464/1464/1324 1467/1467/1327 1644/1644/1504
f 1644/1644/1504 1645/1645/1505 1464/1464/1324
f 1646/1646/1506 1647/1647/1507 1506/1506/1366
f 1506/1506/1366 1505/1505/1365 1646/1646/1506
f 1468/1468/1328 1471/1471/1331 1648/1648/1508
f 1648/1648/1508 1649/1649/1509 1468/1468/1328
f 1650/1650/1510 1651/1651/1511 1510/1510/1370
f 1510/1510/1370 1509/1509/1369 1650/1650/1510
f 1472/1472/1332 1474/1474/1334 1652/1652/1512
f 1652/1652/1512 1653/1653/1513 1472/1472/1332
f 1654/1654/1514 1655/1655/1515 1514/1514/1374
f 1514/1514/1374 1513/1513/1373 1654/1654/1514
f 1475/1475/1335 1472/1472/1332 1653/1653/1513
f 1653/1653/1513 1656/1656/1516 1475/1475/1335
f 1657/1657/1517 1654/1654/1514 1513/1513/1373
f 1513/1513/1373 1517/1517/1377 1657/1657/1517
f 1478/1478/1338 1481/1481/1341 1658/1658/1518
f 1658/1658/1518 1659/1659/1519 1478/1478/1338
f 1660/1660/1520 1661/1661/1521 1520/1520/1380
f 1520/1520/1380 1519/1519/1379 1660/1660/1520
f 1482/1482/1342 1485/1485/1345 1662/1662/1522
f 1662/1662/1522 1663/1663/1523 1482/1482/1342
f 1664/1664/1524 1665/1665/1525 1524/1524/1384
f 1524/1524/1384 1523/1523/1383 1664/1664/1524
f 1486/1486/1346 1489/1489/1349 1666/1666/1526
f 1666/1666/1526 1667/1667/1527 1486/1486/1346
f 1668/1668/1528 1669/1669/1529 1528/1528/1388
f 1528/1528/1388 1527/1527/1387 1668/1668/1528
f 1490/1490/1350 1493/1493/1353 1670/1670/1530
f 1670/1670/1530 1671/1671/1531 1490/1490/1350
f 1672/1672/1532 1673/1673/1533 1532/1532/1392
f 1532/1532/1392 1531/1531/1391 1672/1672/1532
f 1494/1494/1354 1497/1497/1357 1674/1674/1534
f 1674/1674/1534 1675/1675/1535 1494/1494/1354
f 1676/1676/1536 1677/1677/1537 1536/1536/1396
f 1536/1536/1396 1535/1535/1395 1676/1676/1536
f 1538/1538/1398 1502/1502/1362 1643/1643/1503
f 1643/1643/1503 1678/1678/1538 1538/1538/1398
f 1679/1679/1539 1640/1640/1500 1463/1463/1323
f 1463/1463/1323 1499/1499/1359 1679/1679/1539
f 1500/1500/1360 1503/1503/1363 1680/1680/1540
f 1680/1680/1540 1681/1681/1541 1500/1500/1360
f 1682/1682/1542 1683/1683/1543 1542/1542/1402
f 1542/1542/1402 1541/1541/1401 1682/1682/1542
f 1504/1504/1364 1507/1507/1367 1684/1684/1544
f 1684/1684/1544 1685/1685/1545 1504/1504/1364
f 1686/1686/1546 1687/1687/1547 1546/1546/1406
f 1546/1546/1406 1545/1545/1405 1686/1686/1546
f 1508/1508/1368 1511/1511/1371 1688/1688/1548
f 1688/1688/1548 1689/1689/1549 1508/1508/1368
f 1690/1690/1550 1691/1691/1551 1550/1550/1410
f 1550/1550/1410 1549/1549/1409 1690/1690/1550
f 1512/1512/1372 1515/1515/1375 1692/1692/1552
f 1692/1692/1552 1693/1693/1553 1512/1512/1372
f 1694/1694/1554 1695/1695/1555 1554/1554/1414
f 1554/1554/1414 1553/1553/1413 1694/1694/1554
f 1516/1516/1376 1512/1512/1372 1693/1693/1553
f 1693/1693/1553 1696/1696/1556 1516/1516/1376
f 1697/1697/1557 1694/1694/1554 1553/1553/1413
f 1553/1553/1413 1557/1557/1417 1697/1697/1557
f 1518/1518/1378 1521/1521/1381 1698/1698/1558
f 1698/1698/1558 1699/1699/1559 1518/1518/1378
f 1700/1700/1560 1701/1701/1561 1560/1560/1420
f 1560/1560/1420 1559/1559/1419 1700/1700/1560
f 1522/1522/1382 1525/1525/1385 1702/1702/1562
f 1702/1702/1562 1703/1703/1563 1522/1522/1382
f 1704/1704/1564 1705/1705/1565 1564/1564/1424
f 1564/1564/1424 1563/1563/1423 1704/1704/1564
f 1526/1526/1386 1529/1529/1389 1706/1706/1566
f 1706/1706/1566 1707/1707/1567 1526/1526/1386
f 1708/1708/1568 1709/1709/1569 1568/1568/1428
f 1568/1568/1428 1567/1567/1427 1708/1708/1568
f 1530/1530/1390 1533/1533/1393 1710/1710/1570
f 1710/1710/1570 1711/1711/1571 1530/1530/1390
f 1712/1712/1572 1713/1713/1573 1572/1572/1432
f 1572/1572/1432 1571/1571/1431 1712/1712/1572
f 1534/1534/1394 1537/1537/1397 1714/1714/1574
f 1714/1714/1574 1715/1715/1575 1534/1534/1394
f 1716/1716/1576 1717/1717/1577 1576/1576/1436
f 1576/1576/1436 1575/1575/1435 1716/1716/1576
f 1578/1578/1438 1542/1542/1402 1683/1683/1543
f 1683/1683/1543 1718/1718/1578 1578/1578/1438
f 1719/1719/1579 1680/1680/1540 1503/1503/1363
f 1503/1503/1363 1539/1539/1399 1719/1719/1579
f 1540/1540/1400 1543/1543/1403 1720/1720/1580
f 1720/1720/1580 1721/1721/1581 1540/1540/1400
f 1722/1722/1582 1723/1723/1580 1583/1583/1443
f 1583/1583/1443 1582/1582/1442 1722/1722/1582
f 1544/1544/1404 1547/1547/1407 1724/1724/1583
f 1724/1724/1583 1725/1725/1584 1544/1544/1404
f 1726/1726/1584 1727/1727/1585 1587/1587/1447
f 1587/1587/1447 1586/1586/1446 1726/1726/1584
f 1548/1548/1408 1551/1551/1411 1728/1728/1586
f 1728/1728/1586 1729/1729/1587 1548/1548/1408
f 1730/1730/1588 1731/1731/1586 1591/1591/1451
f 1591/1591/1451 1590/1590/1450 1730/1730/1588
f 1552/1552/1412 1555/1555/1415 1732/1732/1589
f 1732/1732/1589 1733/1733/1590 1552/1552/1412
f 1734/1734/1590 1735/1735/1591 1594/1594/1454
f 1594/1594/1454 1593/1593/1453 1734/1734/1590
f 1556/1556/1416 1552/1552/1412 1733/1733/1590
f 1733/1733/1590 1736/1736/1592 1556/1556/1416
f 1737/1737/1592 1734/1734/1590 1593/1593/1453
f 1593/1593/1453 1595/1595/1455 1737/1737/1592
f 1558/1558/1418 1561/1561/1421 1738/1738/1593
f 1738/1738/1593 1739/1739/1594 1558/1558/1418
f 1740/1740/1594 1741/1741/1595 1601/1601/1461
f 1601/1601/1461 1600/1600/1460 1740/1740/1594
f 1562/1562/1422 1565/1565/1425 1742/1742/1596
f 1742/1742/1596 1743/1743/1597 1562/1562/1422
f 1744/1744/1598 1745/1745/1596 1605/1605/1465
f 1605/1605/1465 1604/1604/1464 1744/1744/1598
f 1566/1566/1426 1569/1569/1429 1746/1746/1599
f 1746/1746/1599 1747/1747/1600 1566/1566/1426
f 1748/1748/1601 1749/1749/1602 1609/1609/1469
f 1609/1609/1469 1608/1608/1468 1748/1748/1601
f 1570/1570/1430 1573/1573/1433 1750/1750/1603
f 1750/1750/1603 1751/1751/1604 1570/1570/1430
f 1752/1752/1604 1753/1753/1605 1613/1613/1473
f 1613/1613/1473 1612/1612/1472 1752/1752/1604
f 1574/1574/1434 1577/1577/1437 1754/1754/1606
f 1754/1754/1606 1755/1755/1607 1574/1574/1434
f 1756/1756/1608 1757/1757/1606 1617/1617/1477
f 1617/1617/1477 1616/1616/1476 1756/1756/1608
f 1619/1619/1479 1583/1583/1443 1723/1723/1580
f 1723/1723/1580 1758/1758/1609 1619/1619/1479
f 1759/1759/1609 1720/1720/1580 1543/1543/1403
f 1543/1543/1403 1579/1579/1439 1759/1759/1609
f 1760/1760/1610 1393/1393/1260 1390/1390/1257
f 1390/1390/1257 1389/1389/1256 1760/1760/1610
f 1760/1760/1610 1386/1386/1253 1385/1385/1252
f 1385/1385/1252 1761/1761/1611 1760/1760/1610
f 1760/1760/1610 1761/1761/1611 1395/1395/1262
f 1395/1395/1262 1393/1393/1260 1760/1760/1610
f 1762/1762/1612 1404/1404/1271 1401/1401/1268
f 1401/1401/1268 1399/1399/1266 1762/1762/1612
f 1762/1762/1612 1399/1399/1266 1398/1398/1265
f 1398/1398/1265 1763/1763/1613 1762/1762/1612
f 1762/1762/1612 1763/1763/1613 1408/1408/1274
f 1408/1408/1274 1407/1407/1271 1762/1762/1612
f 1764/1764/1614 1765/1765/1615 1415/1415/1281
f 1415/1415/1281 1414/1414/1280 1764/1764/1614
f 1766/1766/1616 1411/1411/1277 1392/1392/1259
f 1392/1392/1259 1394/1394/1261 1766/1766/1616
f 1766/1766/1616 1394/1394/1261 1396/1396/1263
f 1396/1396/1263 1767/1767/1617 1766/1766/1616
f 1768/1768/1618 1400/1400/1267 1402/1402/1269
f 1402/1402/1269 1422/1422/1288 1768/1768/1618
f 1769/1769/1619 1419/1419/1285 1418/1418/1284
f 1418/1418/1284 1770/1770/1620 1769/1769/1619
f 1768/1768/1618 1771/1771/1621 1397/1397/1264
f 1397/1397/1264 1400/1400/1267 1768/1768/1618
f 1772/1772/1622 1773/1773/1623 1436/1436/1300
f 1436/1436/1300 1435/1435/1298 1772/1772/1622
f 1774/1774/1624 1432/1432/1298 1410/1410/1276
f 1410/1410/1276 1412/1412/1278 1774/1774/1624
f 1775/1775/1625 1413/1413/1279 1416/1416/1282
f 1416/1416/1282 1776/1776/1626 1775/1775/1625
f 1777/1777/1627 1421/1421/1287 1423/1423/1289
f 1423/1423/1289 1443/1443/1304 1777/1777/1627
f 1778/1778/1627 1440/1440/1304 1439/1439/1303
f 1439/1439/1303 1779/1779/1628 1778/1778/1627
f 1780/1780/1629 1781/1781/1630 1417/1417/1283
f 1417/1417/1283 1420/1420/1286 1780/1780/1629
f 1782/1782/1631 1783/1783/1632 1384/1384/1251
f 1384/1384/1251 1387/1387/1254 1782/1782/1631
f 1784/1784/1631 1388/1388/1255 1391/1391/1258
f 1391/1391/1258 1433/1433/1299 1784/1784/1631
f 1785/1785/1631 1434/1434/1299 1437/1437/1301
f 1437/1437/1301 1786/1786/1632 1785/1785/1631
f 1787/1787/1633 1788/1788/1634 1438/1438/1302
f 1438/1438/1302 1441/1441/1305 1787/1787/1633
f 1789/1789/1635 1442/1442/1305 1403/1403/1270
f 1403/1403/1270 1405/1405/1272 1789/1789/1635
f 1790/1790/1636 1406/1406/1273 1409/1409/1275
f 1409/1409/1275 1791/1791/1634 1790/1790/1636
f 1792/1792/1637 1793/1793/1638 1794/1794/1639
f 1794/1794/1639 1795/1795/1640 1792/1792/1637
f 1796/1796/1641 1797/1797/1642 1798/1798/1643
f 1798/1798/1643 1799/1799/1644 1796/1796/1641
f 1800/1800/1645 1801/1801/1637 1802/1802/1641
f 1802/1802/1641 1803/1803/1646 1800/1800/1645
f 1804/1804/1647 1805/1805/1641 1806/1806/1644
f 1806/1806/1644 1807/1807/1648 1804/1804/1647
f 1808/1808/1649 1798/1798/1643 1797/1797/1642
f 1797/1797/1642 1809/1809/1650 1808/1808/1649
f 1810/1810/1651 1794/1794/1639 1793/1793/1638
f 1793/1793/1638 1811/1811/1652 1810/1810/1651
f 1812/1812/1653 1808/1808/1649 1809/1809/1650
f 1809/1809/1650 1813/1813/1654 1812/1812/1653
f 1814/1814/1654 1810/1810/1651 1811/1811/1652
f 1811/1811/1652 1815/1815/1655 1814/1814/1654
f 1816/1816/1656 1812/1812/1653 1813/1813/1654
f 1813/1813/1654 1817/1817/1657 1816/1816/1656
f 1818/1818/1658 1814/1814/1654 1815/1815/1655
f 1815/1815/1655 1819/1819/1659 1818/1818/1658
f 1820/1820/1660 1816/1816/1656 1817/1817/1657
f 1817/1817/1657 1821/1821/1661 1820/1820/1660
f 1822/1822/1662 1818/1818/1658 1819/1819/1659
f 1819/1819/1659 1823/1823/1663 1822/1822/1662
f 1824/1824/1664 1820/1820/1660 1821/1821/1661
f 1821/1821/1661 1825/1825/1665 1824/1824/1664
f 1826/1826/1665 1822/1822/1662 1823/1823/1663
f 1823/1823/1663 1827/1827/1666 1826/1826/1665
f 1828/1828/1667 1824/1824/1664 1825/1825/1665
f 1825/1825/1665 1829/1829/1668 1828/1828/1667
f 1830/1830/1668 1826/1826/1665 1827/1827/1666
f 1827/1827/1666 1831/1831/1669 1830/1830/1668
f 1832/1832/1670 1828/1828/1667 1829/1829/1668
f 1829/1829/1668 1833/1833/1671 1832/1832/1670
f 1834/1834/1672 1830/1830/1668 1831/1831/1669
f 1831/1831/1669 1835/1835/1673 1834/1834/1672
f 1836/1836/1674 1832/1832/1670 1833/1833/1671
f 1833/1833/1671 1837/1837/1675 1836/1836/1674
f 1838/1838/1675 1834/1834/1672 1835/1835/1673
f 1835/1835/1673 1839/1839/1676 1838/1838/1675
f 1840/1840/1677 1836/1836/1674 1837/1837/1675
f 1837/1837/1675 1841/1841/1678 1840/1840/1677
f 1842/1842/1679 1838/1838/1675 1839/1839/1676
f 1839/1839/1676 1843/1843/1680 1842/1842/1679
f 1844/1844/1681 1840/1840/1677 1841/1841/1678
f 1841/1841/1678 1845/1845/1682 1844/1844/1681
f 1846/1846/1682 1842/1842/1679 1843/1843/1680
f 1843/1843/1680 1847/1847/1683 1846/1846/1682
f 1848/1848/1684 1844/1844/1681 1845/1845/1682
f 1845/1845/1682 1849/1849/1685 1848/1848/1684
f 1850/1850/1685 1846/1846/1682 1847/1847/1683
f 1847/1847/1683 1851/1851/1686 1850/1850/1685
f 1852/1852/1687 1848/1848/1684 1849/1849/1685
f 1849/1849/1685 1853/1853/1688 1852/1852/1687
f 1854/1854/1688 1850/1850/1685 1851/1851/1686
f 1851/1851/1686 1855/1855/1689 1854/1854/1688
f 1856/1856/1690 1852/1852/1687 1853/1853/1688
f 1853/1853/1688 1857/1857/1691 1856/1856/1690
f 1858/1858/1691 1854/1854/1688 1855/1855/1689
f 1855/1855/1689 1859/1859/1692 1858/1858/1691
f 1807/1807/1648 1856/1856/1690 1857/1857/1691
f 1857/1857/1691 1804/1804/1647 1807/1807/1648
f 1803/1803/1646 1858/1858/1691 1859/1859/1692
f 1859/1859/1692 1800/1800/1645 1803/1803/1646
f 1792/1792/1637 1860/1860/1693 1861/1861/1694
f 1861/1861/1694 1793/1793/1638 1792/1792/1637
f 1793/1793/1638 1861/1861/1694 1862/1862/1695
f 1862/1862/1695 1811/1811/1652 1793/1793/1638
f 1811/1811/1652 1862/1862/1695 1863/1863/1696
f 1863/1863/1696 1815/1815/1655 1811/1811/1652
f 1815/1815/1655 1863/1863/1696 1864/1864/1697
f 1864/1864/1697 1819/1819/1659 1815/1815/1655
f 1819/1819/1659 1864/1864/1697 1865/1865/1698
f 1865/1865/1698 1823/1823/1663 1819/1819/1659
f 1823/1823/1663 1865/1865/1698 1866/1866/1699
f 1866/1866/1699 1827/1827/1666 1823/1823/1663
f 1827/1827/1666 1866/1866/1699 1867/1867/1700
f 1867/1867/1700 1831/1831/1669 1827/1827/1666
f 1831/1831/1669 1867/1867/1700 1868/1868/1701
f 1868/1868/1701 1835/1835/1673 1831/1831/1669
f 1835/1835/1673 1868/1868/1701 1869/1869/1702
f 1869/1869/1702 1839/1839/1676 1835/1835/1673
f 1839/1839/1676 1869/1869/1702 1870/1870/1703
f 1870/1870/1703 1843/1843/1680 1839/1839/1676
f 1843/1843/1680 1870/1870/1703 1871/1871/1704
f 1871/1871/1704 1847/1847/1683 1843/1843/1680
f 1847/1847/1683 1871/1871/1704 1872/1872/1705
f 1872/1872/1705 1851/1851/1686 1847/1847/1683
f 1851/1851/1686 1872/1872/1705 1873/1873/1706
f 1873/1873/1706 1855/1855/1689 1851/1851/1686
f 1855/1855/1689 1873/1873/1706 1874/1874/1707
f 1874/1874/1707 1859/1859/1692 1855/1855/1689
f 1859/1859/1692 1874/1874/1707 1875/1875/1708
f 1875/1875/1708 1800/1800/1645 1859/1859/1692
f 1800/1800/1645 1875/1875/1708 1876/1876/1693
f 1876/1876/1693 1801/1801/1637 1800/1800/1645
f 1877/1877/1709 1878/1878/1710 1879/1879/1711
f 1879/1879/1711 1880/1880/1712 1877/1877/1709
f 1880/1880/1712 1879/1879/1711 1861/1861/1694
f 1861/1861/1694 1860/1860/1693 1880/1880/1712
f 1862/1862/1695 1861/1861/1694 1879/1879/1711
f 1879/1879/1711 1881/1881/1713 1862/1862/1695
f 1881/1881/1713 1879/1879/1711 1878/1878/1710
f 1878/1878/1710 1882/1882/1714 1881/1881/1713
f 1863/1863/1696 1862/1862/1695 1881/1881/1713
f 1881/1881/1713 1883/1883/1715 1863/1863/1696
f 1883/1883/1715 1881/1881/1713 1882/1882/1714
f 1882/1882/1714 1884/1884/1716 1883/1883/1715
f 1864/1864/1697 1863/1863/1696 1883/1883/1715
f 1883/1883/1715 1885/1885/1717 1864/1864/1697
f 1885/1885/1717 1883/1883/1715 1884/1884/1716
f 1884/1884/1716 1886/1886/1718 1885/1885/1717
f 1865/1865/1698 1864/1864/1697 1885/1885/1717
f 1885/1885/1717 1887/1887/1719 1865/1865/1698
f 1887/1887/1719 1885/1885/1717 1886/1886/1718
f 1886/1886/1718 1888/1888/1720 1887/1887/1719
f 1866/1866/1699 1865/1865/1698 1887/1887/1719
f 1887/1887/1719 1889/1889/1721 1866/1866/1699
f 1889/1889/1721 1887/1887/1719 1888/1888/1720
f 1888/1888/1720 1890/1890/1722 1889/1889/1721
f 1867/1867/1700 1866/1866/1699 1889/1889/1721
f 1889/1889/1721 1891/1891/1723 1867/1867/1700
f 1891/1891/1723 1889/1889/1721 1890/1890/1722
f 1890/1890/1722 1892/1892/1724 1891/1891/1723
f 1868/1868/1701 1867/1867/1700 1891/1891/1723
f 1891/1891/1723 1893/1893/1725 1868/1868/1701
f 1893/1893/1725 1891/1891/1723 1892/1892/1724
f 1892/1892/1724 1894/1894/1726 1893/1893/1725
f 1869/1869/1702 1868/1868/1701 1893/1893/1725
f 1893/1893/1725 1895/1895/1727 1869/1869/1702
f 1895/1895/1727 1893/1893/1725 1894/1894/1726
f 1894/1894/1726 1896/1896/1728 1895/1895/1727
f 1870/1870/1703 1869/1869/1702 1895/1895/1727
f 1895/1895/1727 1897/1897/1729 1870/1870/1703
f 1897/1897/1729 1895/1895/1727 1896/1896/1728
f 1896/1896/1728 1898/1898/1730 1897/1897/1729
f 1871/1871/1704 1870/1870/1703 1897/1897/1729
f 1897/1897/1729 1899/1899/1731 1871/1871/1704
f 1899/1899/1731 1897/1897/1729 1898/1898/1730
f 1898/1898/1730 1900/1900/1732 1899/1899/1731
f 1872/1872/1705 1871/1871/1704 1899/1899/1731
f 1899/1899/1731 1901/1901/1733 1872/1872/1705
f 1901/1901/1733 1899/1899/1731 1900/1900/1732
f 1900/1900/1732 1902/1902/1734 1901/1901/1733
f 1873/1873/1706 1872/1872/1705 1901/1901/1733
f 1901/1901/1733 1903/1903/1735 1873/1873/1706
f 1903/1903/1735 1901/1901/1733 1902/1902/1734
f 1902/1902/1734 1904/1904/1736 1903/1903/1735
f 1874/1874/1707 1873/1873/1706 1903/1903/1735
f 1903/1903/1735 1905/1905/1737 1874/1874/1707
f 1905/1905/1737 1903/1903/1735 1904/1904/1736
f 1904/1904/1736 1906/1906/1738 1905/1905/1737
f 1875/1875/1708 1874/1874/1707 1905/1905/1737
f 1905/1905/1737 1907/1907/1739 1875/1875/1708
f 1907/1907/1739 1905/1905/1737 1906/1906/1738
f 1906/1906/1738 1908/1908/1740 1907/1907/1739
f 1876/1876/1693 1875/1875/1708 1907/1907/1739
f 1907/1907/1739 1909/1909/1712 1876/1876/1693
f 1909/1909/1712 1907/1907/1739 1908/1908/1740
f 1908/1908/1740 1910/1910/1709 1909/1909/1712
f 1911/1911/1741 1799/1799/1644 1798/1798/1643
f 1798/1798/1643 1912/1912/1742 1911/1911/1741
f 1912/1912/1742 1798/1798/1643 1808/1808/1649
f 1808/1808/1649 1913/1913/1743 1912/1912/1742
f 1913/1913/1743 1808/1808/1649 1812/1812/1653
f 1812/1812/1653 1914/1914/1744 1913/1913/1743
f 1914/1914/1744 1812/1812/1653 1816/1816/1656
f 1816/1816/1656 1915/1915/1745 1914/1914/1744
f 1915/1915/1745 1816/1816/1656 1820/1820/1660
f 1820/1820/1660 1916/1916/1746 1915/1915/1745
f 1916/1916/1746 1820/1820/1660 1824/1824/1664
f 1824/1824/1664 1917/1917/1747 1916/1916/1746
f 1917/1917/1747 1824/1824/1664 1828/1828/1667
f 1828/1828/1667 1918/1918/1748 1917/1917/1747
f 1918/1918/1748 1828/1828/1667 1832/1832/1670
f 1832/1832/1670 1919/1919/1749 1918/1918/1748
f 1919/1919/1749 1832/1832/1670 1836/1836/1674
f 1836/1836/1674 1920/1920/1750 1919/1919/1749
f 1920/1920/1750 1836/1836/1674 1840/1840/1677
f 1840/1840/1677 1921/1921/1751 1920/1920/1750
f 1921/1921/1751 1840/1840/1677 1844/1844/1681
f 1844/1844/1681 1922/1922/1752 1921/1921/1751
f 1922/1922/1752 1844/1844/1681 1848/1848/1684
f 1848/1848/1684 1923/1923/1753 1922/1922/1752
f 1923/1923/1753 1848/1848/1684 1852/1852/1687
f 1852/1852/1687 1924/1924/1754 1923/1923/1753
f 1924/1924/1754 1852/1852/1687 1856/1856/1690
f 1856/1856/1690 1925/1925/1755 1924/1924/1754
f 1925/1925/1755 1856/1856/1690 1807/1807/1648
f 1807/1807/1648 1926/1926/1756 1925/1925/1755
f 1926/1926/1756 1807/1807/1648 1806/1806/1644
f 1806/1806/1644 1927/1927/1757 1926/1926/1756
f 1928/1928/1758 1929/1929/1759 1930/1930/1760
f 1930/1930/1760 1931/1931/1761 1928/1928/1758
f 1931/1931/1761 1930/1930/1760 1932/1932/1762
f 1932/1932/1762 1933/1933/1763 1931/1931/1761
f 1934/1934/1764 1935/1935/1762 1936/1936/1765
f 1936/1936/1765 1937/1937/1766 1934/1934/1764
f 1937/1937/1766 1936/1936/1765 1938/1938/1767
f 1938/1938/1767 1939/1939/1768 1937/1937/1766
f 1940/1940/1769 1934/1934/1764 1937/1937/1766
f 1937/1937/1766 1941/1941/1770 1940/1940/1769
f 1941/1941/1770 1937/1937/1766 1939/1939/1768
f 1939/1939/1768 1942/1942/1771 1941/1941/1770
f 1943/1943/1772 1940/1940/1769 1941/1941/1770
f 1941/1941/1770 1944/1944/1773 1943/1943/1772
f 1944/1944/1773 1941/1941/1770 1942/1942/1771
f 1942/1942/1771 1945/1945/1774 1944/1944/1773
f 1946/1946/1775 1943/1943/1772 1944/1944/1773
f 1944/1944/1773 1947/1947/1776 1946/1946/1775
f 1947/1947/1776 1944/1944/1773 1945/1945/1774
f 1945/1945/1774 1948/1948/1777 1947/1947/1776
f 1949/1949/1778 1946/1946/1775 1947/1947/1776
f 1947/1947/1776 1950/1950/1779 1949/1949/1778
f 1950/1950/1779 1947/1947/1776 1948/1948/1777
f 1948/1948/1777 1951/1951/1780 1950/1950/1779
f 1952/1952/1781 1949/1949/1778 1950/1950/1779
f 1950/1950/1779 1953/1953/1782 1952/1952/1781
f 1953/1953/1782 1950/1950/1779 1951/1951/1780
f 1951/1951/1780 1954/1954/1783 1953/1953/1782
f 1955/1955/1784 1952/1952/1781 1953/1953/1782
f 1953/1953/1782 1956/1956/1785 1955/1955/1784
f 1956/1956/1785 1953/1953/1782 1954/1954/1783
f 1954/1954/1783 1957/1957/1786 1956/1956/1785
f 1958/1958/1787 1955/1955/1784 1956/1956/1785
f 1956/1956/1785 1959/1959/1788 1958/1958/1787
f 1959/1959/1788 1956/1956/1785 1957/1957/1786
f 1957/1957/1786 1960/1960/1789 1959/1959/1788
f 1961/1961/1790 1958/1958/1787 1959/1959/1788
f 1959/1959/1788 1962/1962/1791 1961/1961/1790
f 1962/1962/1791 1959/1959/1788 1960/1960/1789
f 1960/1960/1789 1963/1963/1792 1962/1962/1791
f 1964/1964/1793 1961/1961/1790 1962/1962/1791
f 1962/1962/1791 1965/1965/1794 1964/1964/1793
f 1965/1965/1794 1962/1962/1791 1963/1963/1792
f 1963/1963/1792 1966/1966/1795 1965/1965/1794
f 1967/1967/1796 1964/1964/1793 1965/1965/1794
f 1965/1965/1794 1968/1968/1797 1967/1967/1796
f 1968/1968/1797 1965/1965/1794 1966/1966/1795
f 1966/1966/1795 1969/1969/1798 1968/1968/1797
f 1970/1970/1799 1967/1967/1796 1968/1968/1797
f 1968/1968/1797 1971/1971/1800 1970/1970/1799
f 1971/1971/1800 1968/1968/1797 1969/1969/1798
f 1969/1969/1798 1972/1972/1801 1971/1971/1800
f 1973/1973/1802 1970/1970/1799 1971/1971/1800
f 1971/1971/1800 1974/1974/1803 1973/1973/1802
f 1974/1974/1803 1971/1971/1800 1972/1972/1801
f 1972/1972/1801 1975/1975/1804 1974/1974/1803
f 1976/1976/1805 1973/1973/1802 1974/1974/1803
f 1974/1974/1803 1977/1977/1806 1976/1976/1805
f 1977/1977/1806 1974/1974/1803 1975/1975/1804
f 1975/1975/1804 1978/1978/1807 1977/1977/1806
f 1933/1933/1763 1976/1976/1805 1977/1977/1806
f 1977/1977/1806 1931/1931/1761 1933/1933/1763
f 1931/1931/1761 1977/1977/1806 1978/1978/1807
f 1978/1978/1807 1928/1928/1758 1931/1931/1761
f 1969/1969/1798 1922/1922/1752 1923/1923/1753
f 1923/1923/1753 1972/1972/1801 1969/1969/1798
f 1966/1966/1795 1921/1921/1751 1922/1922/1752
f 1922/1922/1752 1969/1969/1798 1966/1966/1795
f 1963/1963/1792 1920/1920/1750 1921/1921/1751
f 1921/1921/1751 1966/1966/1795 1963/1963/1792
f 1960/1960/1789 1919/1919/1749 1920/1920/1750
f 1920/1920/1750 1963/1963/1792 1960/1960/1789
f 1957/1957/1786 1918/1918/1748 1919/1919/1749
f 1919/1919/1749 1960/1960/1789 1957/1957/1786
f 1954/1954/1783 1917/1917/1747 1918/1918/1748
f 1918/1918/1748 1957/1957/1786 1954/1954/1783
f 1951/1951/1780 1916/1916/1746 1917/1917/1747
f 1917/1917/1747 1954/1954/1783 1951/1951/1780
f 1948/1948/1777 1915/1915/1745 1916/1916/1746
f 1916/1916/1746 1951/1951/1780 1948/1948/1777
f 1945/1945/1774 1914/1914/1744 1915/1915/1745
f 1915/1915/1745 1948/1948/1777 1945/1945/1774
f 1942/1942/1771 1913/1913/1743 1914/1914/1744
f 1914/1914/1744 1945/1945/1774 1942/1942/1771
f 1939/1939/1768 1912/1912/1742 1913/1913/1743
f 1913/1913/1743 1942/1942/1771 1939/1939/1768
f 1938/1938/1767 1911/1911/1741 1912/1912/1742
f 1912/1912/1742 1939/1939/1768 1938/1938/1767
f 1928/1928/1758 1926/1926/1756 1927/1927/1757
f 1927/1927/1757 1929/1929/1759 1928/1928/1758
f 1978/1978/1807 1925/1925/1755 1926/1926/1756
f 1926/1926/1756 1928/1928/1758 1978/1978/1807
f 1975/1975/1804 1924/1924/1754 1925/1925/1755
f 1925/1925/1755 1978/1978/1807 1975/1975/1804
f 1972/1972/1801 1923/1923/1753 1924/1924/1754
f 1924/1924/1754 1975/1975/1804 1972/1972/1801
f 1979/1979/1808 1980/1980/1809 1981/1981/1810
f 1982/1982/1811 1979/1979/1808 1981/1981/1810
f 1983/1983/1812 1982/1982/1811 1981/1981/1810
f 1984/1984/1813 1983/1983/1812 1981/1981/1810
f 1985/1985/1814 1984/1984/1813 1981/1981/1810
f 1986/1986/1815 1985/1985/1814 1981/1981/1810
f 1987/1987/1816 1986/1986/1815 1981/1981/1810
f 1988/1988/1817 1987/1987/1816 1981/1981/1810
f 1989/1989/1818 1988/1988/1817 1981/1981/1810
f 1990/1990/1819 1989/1989/1818 1981/1981/1810
f 1991/1991/1820 1990/1990/1819 1981/1981/1810
f 1992/1992/1821 1991/1991/1820 1981/1981/1810
f 1993/1993/1822 1992/1992/1821 1981/1981/1810
f 1994/1994/1823 1993/1993/1822 1981/1981/1810
f 1995/1995/1824 1994/1994/1823 1981/1981/1810
f 1980/1980/1809 1995/1995/1824 1981/1981/1810
f 1878/1878/1710 1996/1996/1825 1997/1997/1826
f 1997/1997/1826 1882/1882/1714 1878/1878/1710
f 1882/1882/1714 1997/1997/1826 1998/1998/1827
f 1998/1998/1827 1884/1884/1716 1882/1882/1714
f 1884/1884/1716 1998/1998/1827 1999/1999/1828
f 1999/1999/1828 1886/1886/1718 1884/1884/1716
f 1886/1886/1718 1999/1999/1828 2000/2000/1829
f 2000/2000/1829 1888/1888/1720 1886/1886/1718
f 1888/1888/1720 2000/2000/1829 2001/2001/1830
f 2001/2001/1830 1890/1890/1722 1888/1888/1720
f 1890/1890/1722 2001/2001/1830 2002/2002/1831
f 2002/2002/1831 1892/1892/1724 1890/1890/1722
f 1892/1892/1724 2002/2002/1831 2003/2003/1832
f 2003/2003/1832 1894/1894/1726 1892/1892/1724
f 1894/1894/1726 2003/2003/1832 2004/2004/1833
f 2004/2004/1833 1896/1896/1728 1894/1894/1726
f 1896/1896/1728 2004/2004/1833 2005/2005/1834
f 2005/2005/1834 1898/1898/1730 1896/1896/1728
f 1898/1898/1730 2005/2005/1834 2006/2006/1835
f 2006/2006/1835 1900/1900/1732 1898/1898/1730
f 1900/1900/1732 2006/2006/1835 2007/2007/1836
f 2007/2007/1836 1902/1902/1734 1900/1900/1732
f 1902/1902/1734 2007/2007/1836 2008/2008/1837
f 2008/2008/1837 1904/1904/1736 1902/1902/1734
f 1904/1904/1736 2008/2008/1837 2009/2009/1838
f 2009/2009/1838 1906/1906/1738 1904/1904/1736
f 1906/1906/1738 2009/2009/1838 2010/2010/1839
f 2010/2010/1839 1908/1908/1740 1906/1906/1738
f 1908/1908/1740 2010/2010/1839 2011/2011/1840
f 2011/2011/1840 1910/1910/1709 1908/1908/1740
f 1877/1877/1709 2012/2012/1840 1996/1996/1825
f 1996/1996/1825 1878/1878/1710 1877/1877/1709
f 1995/1995/1824 1980/1980/1809 2013/2013/1841
f 2013/2013/1841 2014/2014/1842 1995/1995/1824
f 2015/2015/1842 2016/2016/1843 1996/1996/1825
f 1996/1996/1825 2012/2012/1840 2015/2015/1842
f 1997/1997/1826 1996/1996/1825 2016/2016/1843
f 2016/2016/1843 2017/2017/1844 1997/1997/1826
f 2018/2018/1845 2013/2013/1841 1980/1980/1809
f 1980/1980/1809 1979/1979/1808 2018/2018/1845
f 1998/1998/1827 1997/1997/1826 2017/2017/1844
f 2017/2017/1844 2019/2019/1846 1998/1998/1827
f 2020/2020/1846 2018/2018/1845 1979/1979/1808
f 1979/1979/1808 1982/1982/1811 2020/2020/1846
f 1999/1999/1828 1998/1998/1827 2019/2019/1846
f 2019/2019/1846 2021/2021/1847 1999/1999/1828
f 2022/2022/1847 2020/2020/1846 1982/1982/1811
f 1982/1982/1811 1983/1983/1812 2022/2022/1847
f 2000/2000/1829 1999/1999/1828 2021/2021/1847
f 2021/2021/1847 2023/2023/1848 2000/2000/1829
f 2024/2024/1849 2022/2022/1847 1983/1983/1812
f 1983/1983/1812 1984/1984/1813 2024/2024/1849
f 2001/2001/1830 2000/2000/1829 2023/2023/1848
f 2023/2023/1848 2025/2025/1850 2001/2001/1830
f 2026/2026/1851 2024/2024/1849 1984/1984/1813
f 1984/1984/1813 1985/1985/1814 2026/2026/1851
f 2002/2002/1831 2001/2001/1830 2025/2025/1850
f 2025/2025/1850 2027/2027/1852 2002/2002/1831
f 2028/2028/1852 2026/2026/1851 1985/1985/1814
f 1985/1985/1814 1986/1986/1815 2028/2028/1852
f 2003/2003/1832 2002/2002/1831 2027/2027/1852
f 2027/2027/1852 2029/2029/1853 2003/2003/1832
f 2030/2030/1854 2028/2028/1852 1986/1986/1815
f 1986/1986/1815 1987/1987/1816 2030/2030/1854
f 2004/2004/1833 2003/2003/1832 2029/2029/1853
f 2029/2029/1853 2031/2031/1855 2004/2004/1833
f 2032/2032/1855 2030/2030/1854 1987/1987/1816
f 1987/1987/1816 1988/1988/1817 2032/2032/1855
f 2005/2005/1834 2004/2004/1833 2031/2031/1855
f 2031/2031/1855 2033/2033/1856 2005/2005/1834
f 2034/2034/1857 2032/2032/1855 1988/1988/1817
f 1988/1988/1817 1989/1989/1818 2034/2034/1857
f 2006/2006/1835 2005/2005/1834 2033/2033/1856
f 2033/2033/1856 2035/2035/1858 2006/2006/1835
f 2036/2036/1858 2034/2034/1857 1989/1989/1818
f 1989/1989/1818 1990/1990/1819 2036/2036/1858
f 2007/2007/1836 2006/2006/1835 2035/2035/1858
f 2035/2035/1858 2037/2037/1859 2007/2007/1836
f 2038/2038/1859 2036/2036/1858 1990/1990/1819
f 1990/1990/1819 1991/1991/1820 2038/2038/1859
f 2008/2008/1837 2007/2007/1836 2037/2037/1859
f 2037/2037/1859 2039/2039/1860 2008/2008/1837
f 2040/2040/1861 2038/2038/1859 1991/1991/1820
f 1991/1991/1820 1992/1992/1821 2040/2040/1861
f 2009/2009/1838 2008/2008/1837 2039/2039/1860
f 2039/2039/1860 2041/2041/1862 2009/2009/1838
f 2042/2042/1863 2040/2040/1861 1992/1992/1821
f 1992/1992/1821 1993/1993/1822 2042/2042/1863
f 2010/2010/1839 2009/2009/1838 2041/2041/1862
f 2041/2041/1862 2043/2043/1864 2010/2010/1839
f 2044/2044/1864 2042/2042/1863 1993/1993/1822
f 1993/1993/1822 1994/1994/1823 2044/2044/1864
f 2011/2011/1840 2010/2010/1839 2043/2043/1864
f 2043/2043/1864 2045/2045/1865 2011/2011/1840
f 2014/2014/1842 2044/2044/1864 1994/1994/1823
f 1994/1994/1823 1995/1995/1824 2014/2014/1842
f 2046/2046/1866 2047/2047/1867 2048/2048/1868
f 2048/2048/1868 2049/2049/1869 2046/2046/1866
f 2050/2050/1870 2048/2048/1868 2047/2047/1867
f 2047/2047/1867 2051/2051/1871 2050/2050/1870
f 2052/2052/1872 2053/2053/1870 2054/2054/1871
f 2054/2054/1871 2055/2055/1873 2052/2052/1872
f 2056/2056/1874 2052/2052/1872 2055/2055/1873
f 2055/2055/1873 2057/2057/1875 2056/2056/1874
f 2058/2058/1876 2056/2056/1874 2057/2057/1875
f 2057/2057/1875 2059/2059/1877 2058/2058/1876
f 2060/2060/1878 2058/2058/1876 2059/2059/1877
f 2059/2059/1877 2061/2061/1879 2060/2060/1878
f 2062/2062/1880 2060/2060/1878 2061/2061/1879
f 2061/2061/1879 2063/2063/1881 2062/2062/1880
f 2064/2064/1882 2062/2062/1880 2063/2063/1881
f 2063/2063/1881 2065/2065/1883 2064/2064/1882
f 2066/2066/1884 2064/2064/1882 2065/2065/1883
f 2065/2065/1883 2067/2067/1885 2066/2066/1884
f 2068/2068/1886 2066/2066/1884 2067/2067/1885
f 2067/2067/1885 2069/2069/1887 2068/2068/1886
f 2070/2070/1888 2068/2068/1886 2069/2069/1887
f 2069/2069/1887 2071/2071/1889 2070/2070/1888
f 2072/2072/1890 2070/2070/1888 2071/2071/1889
f 2071/2071/1889 2073/2073/1891 2072/2072/1890
f 2074/2074/1892 2072/2072/1890 2073/2073/1891
f 2073/2073/1891 2075/2075/1893 2074/2074/1892
f 2076/2076/1894 2074/2074/1892 2075/2075/1893
f 2075/2075/1893 2077/2077/1895 2076/2076/1894
f 2078/2078/1896 2076/2076/1894 2077/2077/1895
f 2077/2077/1895 2079/2079/1897 2078/2078/1896
f 2049/2049/1869 2078/2078/1896 2079/2079/1897
f 2079/2079/1897 2046/2046/1866 2049/2049/1869
f 2080/2080/1898 2081/2081/1899 2082/2082/1900
f 2082/2082/1900 2083/2083/1901 2080/2080/1898
f 2084/2084/1902 2085/2085/1900 2081/2081/1899
f 2081/2081/1899 2086/2086/1903 2084/2084/1902
f 2087/2087/1904 2088/2088/1902 2089/2089/1903
f 2089/2089/1903 2090/2090/1905 2087/2087/1904
f 2091/2091/1906 2092/2092/1904 2090/2090/1905
f 2090/2090/1905 2093/2093/1907 2091/2091/1906
f 2094/2094/1908 2095/2095/1906 2093/2093/1907
f 2093/2093/1907 2096/2096/1909 2094/2094/1908
f 2097/2097/1910 2098/2098/1908 2096/2096/1909
f 2096/2096/1909 2099/2099/1911 2097/2097/1910
f 2100/2100/1912 2101/2101/1913 2099/2099/1911
f 2099/2099/1911 2102/2102/1914 2100/2100/1912
f 2103/2103/1915 2104/2104/1912 2102/2102/1914
f 2102/2102/1914 2105/2105/1916 2103/2103/1915
f 2106/2106/1917 2107/2107/1918 2105/2105/1916
f 2105/2105/1916 2108/2108/1919 2106/2106/1917
f 2109/2109/1920 2110/2110/1921 2108/2108/1919
f 2108/2108/1919 2111/2111/1922 2109/2109/1920
f 2112/2112/1923 2113/2113/1924 2111/2111/1922
f 2111/2111/1922 2114/2114/1925 2112/2112/1923
f 2115/2115/1926 2116/2116/1923 2114/2114/1925
f 2114/2114/1925 2117/2117/1927 2115/2115/1926
f 2118/2118/1928 2119/2119/1929 2117/2117/1927
f 2117/2117/1927 2120/2120/1930 2118/2118/1928
f 2121/2121/1931 2122/2122/1928 2120/2120/1930
f 2120/2120/1930 2123/2123/1932 2121/2121/1931
f 2124/2124/1933 2125/2125/1934 2123/2123/1932
f 2123/2123/1932 2126/2126/1935 2124/2124/1933
f 2127/2127/1901 2128/2128/1933 2126/2126/1935
f 2126/2126/1935 2080/2080/1898 2127/2127/1901
f 1933/1933/1763 1932/1932/1762 2051/2051/1871
f 2051/2051/1871 2047/2047/1867 1933/1933/1763
f 1935/1935/1762 1934/1934/1764 2055/2055/1873
f 2055/2055/1873 2054/2054/1871 1935/1935/1762
f 1934/1934/1764 1940/1940/1769 2057/2057/1875
f 2057/2057/1875 2055/2055/1873 1934/1934/1764
f 1940/1940/1769 1943/1943/1772 2059/2059/1877
f 2059/2059/1877 2057/2057/1875 1940/1940/1769
f 1943/1943/1772 1946/1946/1775 2061/2061/1879
f 2061/2061/1879 2059/2059/1877 1943/1943/1772
f 1946/1946/1775 1949/1949/1778 2063/2063/1881
f 2063/2063/1881 2061/2061/1879 1946/1946/1775
f 1949/1949/1778 1952/1952/1781 2065/2065/1883
f 2065/2065/1883 2063/2063/1881 1949/1949/1778
f 1952/1952/1781 1955/1955/1784 2067/2067/1885
f 2067/2067/1885 2065/2065/1883 1952/1952/1781
f 1955/1955/1784 1958/1958/1787 2069/2069/1887
f 2069/2069/1887 2067/2067/1885 1955/1955/1784
f 1958/1958/1787 1961/1961/1790 2071/2071/1889
f 2071/2071/1889 2069/2069/1887 1958/1958/1787
f 1961/1961/1790 1964/1964/1793 2073/2073/1891
f 2073/2073/1891 2071/2071/1889 1961/1961/1790
f 1964/1964/1793 1967/1967/1796 2075/2075/1893
f 2075/2075/1893 2073/2073/1891 1964/1964/1793
f 1967/1967/1796 1970/1970/1799 2077/2077/1895
f 2077/2077/1895 2075/2075/1893 1967/1967/1796
f 1970/1970/1799 1973/1973/1802 2079/2079/1897
f 2079/2079/1897 2077/2077/1895 1970/1970/1799
f 1973/1973/1802 1976/1976/1805 2046/2046/1866
f 2046/2046/1866 2079/2079/1897 1973/1973/1802
f 1976/1976/1805 1933/1933/1763 2047/2047/1867
f 2047/2047/1867 2046/2046/1866 1976/1976/1805
f 2081/2081/1899 2048/2048/1868 2050/2050/1870
f 2050/2050/1870 2086/2086/1903 2081/2081/1899
f 2089/2089/1903 2053/2053/1870 2052/2052/1872
f 2052/2052/1872 2090/2090/1905 2089/2089/1903
f 2090/2090/1905 2052/2052/1872 2056/2056/1874
f 2056/2056/1874 2093/2093/1907 2090/2090/1905
f 2093/2093/1907 2056/2056/1874 2058/2058/1876
f 2058/2058/1876 2096/2096/1909 2093/2093/1907
f 2096/2096/1909 2058/2058/1876 2060/2060/1878
f 2060/2060/1878 2099/2099/1911 2096/2096/1909
f 2099/2099/1911 2060/2060/1878 2062/2062/1880
f 2062/2062/1880 2102/2102/1914 2099/2099/1911
f 2102/2102/1914 2062/2062/1880 2064/2064/1882
f 2064/2064/1882 2105/2105/1916 2102/2102/1914
f 2105/2105/1916 2064/2064/1882 2066/2066/1884
f 2066/2066/1884 2108/2108/1919 2105/2105/1916
f 2108/2108/1919 2066/2066/1884 2068/2068/1886
f 2068/2068/1886 2111/2111/1922 2108/2108/1919
f 2111/2111/1922 2068/2068/1886 2070/2070/1888
f 2070/2070/1888 2114/2114/1925 2111/2111/1922
f 2114/2114/1925 2070/2070/1888 2072/2072/1890
f 2072/2072/1890 2117/2117/1927 2114/2114/1925
f 2117/2117/1927 2072/2072/1890 2074/2074/1892
f 2074/2074/1892 2120/2120/1930 2117/2117/1927
f 2120/2120/1930 2074/2074/1892 2076/2076/1894
f 2076/2076/1894 2123/2123/1932 2120/2120/1930
f 2123/2123/1932 2076/2076/1894 2078/2078/1896
f 2078/2078/1896 2126/2126/1935 2123/2123/1932
f 2126/2126/1935 2078/2078/1896 2049/2049/1869
f 2049/2049/1869 2080/2080/1898 2126/2126/1935
f 2080/2080/1898 2049/2049/1869 2048/2048/1868
f 2048/2048/1868 2081/2081/1899 2080/2080/1898
f 2129/2129/1900 2130/2130/1902 2131/2131/1936
f 2130/2130/1902 2132/2132/1904 2131/2131/1936
f 2132/2132/1904 2133/2133/1906 2131/2131/1936
f 2133/2133/1906 2134/2134/1908 2131/2131/1936
f 2134/2134/1908 2135/2135/1913 2131/2131/1936
f 2135/2135/1913 2136/2136/1912 2131/2131/1936
f 2136/2136/1912 2137/2137/1918 2131/2131/1936
f 2137/2137/1918 2138/2138/1921 2131/2131/1936
f 2138/2138/1921 2139/2139/1920 2131/2131/1936
f 2139/2139/1920 2140/2140/1923 2131/2131/1936
f 2140/2140/1923 2141/2141/1926 2131/2131/1936
f 2141/2141/1926 2142/2142/1928 2131/2131/1936
f 2142/2142/1928 2143/2143/1931 2131/2131/1936
f 2143/2143/1931 2144/2144/1933 2131/2131/1936
f 2144/2144/1933 2145/2145/1901 2131/2131/1936
f 2145/2145/1901 2129/2129/1900 2131/2131/1936
f 2146/2146/1937 1381/1381/1248 1383/1383/1250
f 1383/1383/1250 2147/2147/1938 2146/2146/1937
f 2148/2148/1939 1378/1378/1245 1381/1381/1248
f 1381/1381/1248 2146/2146/1937 2148/2148/1939
f 1378/1378/1245 2148/2148/1939 2149/2149/1940
f 2149/2149/1940 1595/1595/1455 1378/1378/1245
f 2150/2150/1941 1737/1737/1592 1595/1595/1455
f 1595/1595/1455 2149/2149/1940 2150/2150/1941
f 2151/2151/1942 1556/1556/1416 1736/1736/1592
f 1736/1736/1592 2152/2152/1941 2151/2151/1942
f 2151/2151/1942 2153/2153/1943 1557/1557/1417
f 1557/1557/1417 1556/1556/1416 2151/2151/1942
f 2154/2154/1944 1697/1697/1557 1557/1557/1417
f 1557/1557/1417 2153/2153/1943 2154/2154/1944
f 2155/2155/1945 1516/1516/1376 1696/1696/1556
f 1696/1696/1556 2156/2156/1946 2155/2155/1945
f 2155/2155/1945 2157/2157/1947 1517/1517/1377
f 1517/1517/1377 1516/1516/1376 2155/2155/1945
f 2158/2158/1948 1657/1657/1517 1517/1517/1377
f 1517/1517/1377 2157/2157/1947 2158/2158/1948
f 2159/2159/1949 1475/1475/1335 1656/1656/1516
f 1656/1656/1516 2160/2160/1950 2159/2159/1949
f 1475/1475/1335 2159/2159/1949 2147/2147/1938
f 2147/2147/1938 1383/1383/1250 1475/1475/1335
f 1474/1474/1334 1468/1468/1328 1649/1649/1509
f 1649/1649/1509 1652/1652/1512 1474/1474/1334
f 1655/1655/1515 1650/1650/1510 1509/1509/1369
f 1509/1509/1369 1514/1514/1374 1655/1655/1515
f 1508/1508/1368 1515/1515/1375 1514/1514/1374
f 1514/1514/1374 1509/1509/1369 1508/1508/1368
f 1515/1515/1375 1508/1508/1368 1689/1689/1549
f 1689/1689/1549 1692/1692/1552 1515/1515/1375
f 1695/1695/1555 1690/1690/1550 1549/1549/1409
f 1549/1549/1409 1554/1554/1414 1695/1695/1555
f 1548/1548/1408 1555/1555/1415 1554/1554/1414
f 1554/1554/1414 1549/1549/1409 1548/1548/1408
f 1555/1555/1415 1548/1548/1408 1729/1729/1587
f 1729/1729/1587 1732/1732/1589 1555/1555/1415
f 1735/1735/1591 1730/1730/1588 1590/1590/1450
f 1590/1590/1450 1594/1594/1454 1735/1735/1591
f 1589/1589/1449 1592/1592/1452 1594/1594/1454
f 1594/1594/1454 1590/1590/1450 1589/1589/1449
f 1592/1592/1452 1589/1589/1449 1626/1626/1486
f 1626/1626/1486 1627/1627/1487 1592/1592/1452
f 1627/1627/1487 1626/1626/1486 1469/1469/1329
f 1469/1469/1329 1473/1473/1333 1627/1627/1487
f 1468/1468/1328 1474/1474/1334 1473/1473/1333
f 1473/1473/1333 1469/1469/1329 1468/1468/1328
f 1511/1511/1371 1504/1504/1364 1685/1685/1545
f 1685/1685/1545 1688/1688/1548 1511/1511/1371
f 1691/1691/1551 1686/1686/1546 1545/1545/1405
f 1545/1545/1405 1550/1550/1410 1691/1691/1551
f 1544/1544/1404 1551/1551/1411 1550/1550/1410
f 1550/1550/1410 1545/1545/1405 1544/1544/1404
f 1551/1551/1411 1544/1544/1404 1725/1725/1584
f 1725/1725/1584 1728/1728/1586 1551/1551/1411
f 1731/1731/1586 1726/1726/1584 1586/1586/1446
f 1586/1586/1446 1591/1591/1451 1731/1731/1586
f 1585/1585/1445 1588/1588/1448 1591/1591/1451
f 1591/1591/1451 1586/1586/1446 1585/1585/1445
f 1588/1588/1448 1585/1585/1445 1624/1624/1484
f 1624/1624/1484 1625/1625/1485 1588/1588/1448
f 1625/1625/1485 1624/1624/1484 1465/1465/1325
f 1465/1465/1325 1470/1470/1330 1625/1625/1485
f 1464/1464/1324 1471/1471/1331 1470/1470/1330
f 1470/1470/1330 1465/1465/1325 1464/1464/1324
f 1471/1471/1331 1464/1464/1324 1645/1645/1505
f 1645/1645/1505 1648/1648/1508 1471/1471/1331
f 1651/1651/1511 1646/1646/1506 1505/1505/1365
f 1505/1505/1365 1510/1510/1370 1651/1651/1511
f 1504/1504/1364 1511/1511/1371 1510/1510/1370
f 1510/1510/1370 1505/1505/1365 1504/1504/1364
f 1467/1467/1327 2161/2161/1951 2162/2162/1952
f 2162/2162/1952 1644/1644/1504 1467/1467/1327
f 1647/1647/1507 2163/2163/1953 2164/2164/1954
f 2164/2164/1954 1506/1506/1366 1647/1647/1507
f 2165/2165/1955 1507/1507/1367 1506/1506/1366
f 1506/1506/1366 2164/2164/1954 2165/2165/1955
f 1507/1507/1367 2165/2165/1955 2166/2166/1956
f 2166/2166/1956 1684/1684/1544 1507/1507/1367
f 1687/1687/1547 2167/2167/1957 2168/2168/1958
f 2168/2168/1958 1546/1546/1406 1687/1687/1547
f 2169/2169/1959 1547/1547/1407 1546/1546/1406
f 1546/1546/1406 2168/2168/1958 2169/2169/1959
f 1547/1547/1407 2169/2169/1959 2170/2170/1960
f 2170/2170/1960 1724/1724/1583 1547/1547/1407
f 1727/1727/1585 2171/2171/1961 2172/2172/1962
f 2172/2172/1962 1587/1587/1447 1727/1727/1585
f 2173/2173/1963 1584/1584/1444 1587/1587/1447
f 1587/1587/1447 2172/2172/1962 2173/2173/1963
f 1584/1584/1444 2173/2173/1963 2174/2174/1964
f 2174/2174/1964 1623/1623/1483 1584/1584/1444
f 1623/1623/1483 2174/2174/1964 2175/2175/1965
f 2175/2175/1965 1466/1466/1326 1623/1623/1483
f 2161/2161/1951 1467/1467/1327 1466/1466/1326
f 1466/1466/1326 2175/2175/1965 2161/2161/1951
f 2161/2161/1951 1460/1460/1320 1641/1641/1501
f 1641/1641/1501 2162/2162/1952 2161/2161/1951
f 2161/2161/1951 2175/2175/1965 1461/1461/1321
f 1461/1461/1321 1460/1460/1320 2161/2161/1951
f 2174/2174/1964 1622/1622/1482 1461/1461/1321
f 1461/1461/1321 2175/2175/1965 2174/2174/1964
f 2173/2173/1963 1581/1581/1441 1622/1622/1482
f 1622/1622/1482 2174/2174/1964 2173/2173/1963
f 1581/1581/1441 2173/2173/1963 2172/2172/1962
f 2172/2172/1962 1582/1582/1442 1581/1581/1441
f 2171/2171/1961 1722/1722/1582 1582/1582/1442
f 1582/1582/1442 2172/2172/1962 2171/2171/1961
f 2169/2169/1959 1540/1540/1400 1721/1721/1581
f 1721/1721/1581 2170/2170/1960 2169/2169/1959
f 2169/2169/1959 2168/2168/1958 1541/1541/1401
f 1541/1541/1401 1540/1540/1400 2169/2169/1959
f 2167/2167/1957 1682/1682/1542 1541/1541/1401
f 1541/1541/1401 2168/2168/1958 2167/2167/1957
f 2165/2165/1955 1500/1500/1360 1681/1681/1541
f 1681/1681/1541 2166/2166/1956 2165/2165/1955
f 2165/2165/1955 2164/2164/1954 1501/1501/1361
f 1501/1501/1361 1500/1500/1360 2165/2165/1955
f 2163/2163/1953 1642/1642/1502 1501/1501/1361
f 1501/1501/1361 2164/2164/1954 2163/2163/1953
f 1675/1675/1535 1679/1679/1539 1499/1499/1359
f 1499/1499/1359 1494/1494/1354 1675/1675/1535
f 1535/1535/1395 1538/1538/1398 1678/1678/1538
f 1678/1678/1538 1676/1676/1536 1535/1535/1395
f 1534/1534/1394 1539/1539/1399 1538/1538/1398
f 1538/1538/1398 1535/1535/1395 1534/1534/1394
f 1715/1715/1575 1719/1719/1579 1539/1539/1399
f 1539/1539/1399 1534/1534/1394 1715/1715/1575
f 1575/1575/1435 1578/1578/1438 1718/1718/1578
f 1718/1718/1578 1716/1716/1576 1575/1575/1435
f 1574/1574/1434 1579/1579/1439 1578/1578/1438
f 1578/1578/1438 1575/1575/1435 1574/1574/1434
f 1755/1755/1607 1759/1759/1609 1579/1579/1439
f 1579/1579/1439 1574/1574/1434 1755/1755/1607
f 1616/1616/1476 1619/1619/1479 1758/1758/1609
f 1758/1758/1609 1756/1756/1608 1616/1616/1476
f 1615/1615/1475 1618/1618/1478 1619/1619/1479
f 1619/1619/1479 1616/1616/1476 1615/1615/1475
f 1639/1639/1499 1621/1621/1481 1618/1618/1478
f 1618/1618/1478 1615/1615/1475 1639/1639/1499
f 1495/1495/1355 1498/1498/1358 1621/1621/1481
f 1621/1621/1481 1639/1639/1499 1495/1495/1355
f 1494/1494/1354 1499/1499/1359 1498/1498/1358
f 1498/1498/1358 1495/1495/1355 1494/1494/1354
f 1497/1497/1357 1490/1490/1350 1671/1671/1531
f 1671/1671/1531 1674/1674/1534 1497/1497/1357
f 1677/1677/1537 1672/1672/1532 1531/1531/1391
f 1531/1531/1391 1536/1536/1396 1677/1677/1537
f 1530/1530/1390 1537/1537/1397 1536/1536/1396
f 1536/1536/1396 1531/1531/1391 1530/1530/1390
f 1537/1537/1397 1530/1530/1390 1711/1711/1571
f 1711/1711/1571 1714/1714/1574 1537/1537/1397
f 1717/1717/1577 1712/1712/1572 1571/1571/1431
f 1571/1571/1431 1576/1576/1436 1717/1717/1577
f 1570/1570/1430 1577/1577/1437 1576/1576/1436
f 1576/1576/1436 1571/1571/1431 1570/1570/1430
f 1577/1577/1437 1570/1570/1430 1751/1751/1604
f 1751/1751/1604 1754/1754/1606 1577/1577/1437
f 1757/1757/1606 1752/1752/1604 1612/1612/1472
f 1612/1612/1472 1617/1617/1477 1757/1757/1606
f 1611/1611/1471 1614/1614/1474 1617/1617/1477
f 1617/1617/1477 1612/1612/1472 1611/1611/1471
f 1614/1614/1474 1611/1611/1471 1637/1637/1497
f 1637/1637/1497 1638/1638/1498 1614/1614/1474
f 1638/1638/1498 1637/1637/1497 1491/1491/1351
f 1491/1491/1351 1496/1496/1356 1638/1638/1498
f 1490/1490/1350 1497/1497/1357 1496/1496/1356
f 1496/1496/1356 1491/1491/1351 1490/1490/1350
f 1493/1493/1353 1486/1486/1346 1667/1667/1527
f 1667/1667/1527 1670/1670/1530 1493/1493/1353
f 1673/1673/1533 1668/1668/1528 1527/1527/1387
f 1527/1527/1387 1532/1532/1392 1673/1673/1533
f 1526/1526/1386 1533/1533/1393 1532/1532/1392
f 1532/1532/1392 1527/1527/1387 1526/1526/1386
f 1533/1533/1393 1526/1526/1386 1707/1707/1567
f 1707/1707/1567 1710/1710/1570 1533/1533/1393
f 1713/1713/1573 1708/1708/1568 1567/1567/1427
f 1567/1567/1427 1572/1572/1432 1713/1713/1573
f 1566/1566/1426 1573/1573/1433 1572/1572/1432
f 1572/1572/1432 1567/1567/1427 1566/1566/1426
f 1573/1573/1433 1566/1566/1426 1747/1747/1600
f 1747/1747/1600 1750/1750/1603 1573/1573/1433
f 1753/1753/1605 1748/1748/1601 1608/1608/1468
f 1608/1608/1468 1613/1613/1473 1753/1753/1605
f 1607/1607/1467 1610/1610/1470 1613/1613/1473
f 1613/1613/1473 1608/1608/1468 1607/1607/1467
f 1610/1610/1470 1607/1607/1467 1635/1635/1495
f 1635/1635/1495 1636/1636/1496 1610/1610/1470
f 1636/1636/1496 1635/1635/1495 1487/1487/1347
f 1487/1487/1347 1492/1492/1352 1636/1636/1496
f 1486/1486/1346 1493/1493/1353 1492/1492/1352
f 1492/1492/1352 1487/1487/1347 1486/1486/1346
f 1489/1489/1349 1482/1482/1342 1663/1663/1523
f 1663/1663/1523 1666/1666/1526 1489/1489/1349
f 1669/1669/1529 1664/1664/1524 1523/1523/1383
f 1523/1523/1383 1528/1528/1388 1669/1669/1529
f 1522/1522/1382 1529/1529/1389 1528/1528/1388
f 1528/1528/1388 1523/1523/1383 1522/1522/1382
f 1529/1529/1389 1522/1522/1382 1703/1703/1563
f 1703/1703/1563 1706/1706/1566 1529/1529/1389
f 1709/1709/1569 1704/1704/1564 1563/1563/1423
f 1563/1563/1423 1568/1568/1428 1709/1709/1569
f 1562/1562/1422 1569/1569/1429 1568/1568/1428
f 1568/1568/1428 1563/1563/1423 1562/1562/1422
f 1569/1569/1429 1562/1562/1422 1743/1743/1597
f 1743/1743/1597 1746/1746/1599 1569/1569/1429
f 1749/1749/1602 1744/1744/1598 1604/1604/1464
f 1604/1604/1464 1609/1609/1469 1749/1749/1602
f 1603/1603/1463 1606/1606/1466 1609/1609/1469
f 1609/1609/1469 1604/1604/1464 1603/1603/1463
f 1606/1606/1466 1603/1603/1463 1633/1633/1493
f 1633/1633/1493 1634/1634/1494 1606/1606/1466
f 1634/1634/1494 1633/1633/1493 1483/1483/1343
f 1483/1483/1343 1488/1488/1348 1634/1634/1494
f 1482/1482/1342 1489/1489/1349 1488/1488/1348
f 1488/1488/1348 1483/1483/1343 1482/1482/1342
f 1485/1485/1345 2176/2176/1966 2177/2177/1967
f 2177/2177/1967 1662/1662/1522 1485/1485/1345
f 1665/1665/1525 2178/2178/1968 2179/2179/1969
f 2179/2179/1969 1524/1524/1384 1665/1665/1525
f 2180/2180/1970 1525/1525/1385 1524/1524/1384
f 1524/1524/1384 2179/2179/1969 2180/2180/1970
f 1525/1525/1385 2180/2180/1970 2181/2181/1971
f 2181/2181/1971 1702/1702/1562 1525/1525/1385
f 1705/1705/1565 2182/2182/1972 2183/2183/1973
f 2183/2183/1973 1564/1564/1424 1705/1705/1565
f 2184/2184/1974 1565/1565/1425 1564/1564/1424
f 1564/1564/1424 2183/2183/1973 2184/2184/1974
f 1565/1565/1425 2184/2184/1974 2185/2185/1975
f 2185/2185/1975 1742/1742/1596 1565/1565/1425
f 1745/1745/1596 2186/2186/1975 2187/2187/1976
f 2187/2187/1976 1605/1605/1465 1745/1745/1596
f 2188/2188/1977 1602/1602/1462 1605/1605/1465
f 1605/1605/1465 2187/2187/1976 2188/2188/1977
f 1602/1602/1462 2188/2188/1977 2189/2189/1978
f 2189/2189/1978 1632/1632/1492 1602/1602/1462
f 1632/1632/1492 2189/2189/1978 2190/2190/1979
f 2190/2190/1979 1484/1484/1344 1632/1632/1492
f 2176/2176/1966 1485/1485/1345 1484/1484/1344
f 1484/1484/1344 2190/2190/1979 2176/2176/1966
f 2188/2188/1977 1599/1599/1459 1631/1631/1491
f 1631/1631/1491 2189/2189/1978 2188/2188/1977
f 1599/1599/1459 2188/2188/1977 2187/2187/1976
f 2187/2187/1976 1600/1600/1460 1599/1599/1459
f 2186/2186/1975 1740/1740/1594 1600/1600/1460
f 1600/1600/1460 2187/2187/1976 2186/2186/1975
f 2184/2184/1974 1558/1558/1418 1739/1739/1594
f 1739/1739/1594 2185/2185/1975 2184/2184/1974
f 2184/2184/1974 2183/2183/1973 1559/1559/1419
f 1559/1559/1419 1558/1558/1418 2184/2184/1974
f 2182/2182/1972 1700/1700/1560 1559/1559/1419
f 1559/1559/1419 2183/2183/1973 2182/2182/1972
f 2180/2180/1970 1518/1518/1378 1699/1699/1559
f 1699/1699/1559 2181/2181/1971 2180/2180/1970
f 2180/2180/1970 2179/2179/1969 1519/1519/1379
f 1519/1519/1379 1518/1518/1378 2180/2180/1970
f 2178/2178/1968 1660/1660/1520 1519/1519/1379
f 1519/1519/1379 2179/2179/1969 2178/2178/1968
f 2176/2176/1966 1478/1478/1338 1659/1659/1519
f 1659/1659/1519 2177/2177/1967 2176/2176/1966
f 2176/2176/1966 2190/2190/1979 1479/1479/1339
f 1479/1479/1339 1478/1478/1338 2176/2176/1966
f 2189/2189/1978 1631/1631/1491 1479/1479/1339
f 1479/1479/1339 2190/2190/1979 2189/2189/1978
f 1630/1630/1490 1629/1629/1489 1476/1476/1336
f 1476/1476/1336 1480/1480/1340 1630/1630/1490
f 1598/1598/1458 1597/1597/1457 1629/1629/1489
f 1629/1629/1489 1630/1630/1490 1598/1598/1458
f 1597/1597/1457 1598/1598/1458 1601/1601/1461
f 1601/1601/1461 1459/1459/1319 1597/1597/1457
f 1741/1741/1595 1456/1456/1317 1459/1459/1319
f 1459/1459/1319 1601/1601/1461 1741/1741/1595
f 1561/1561/1421 1452/1452/1314 1455/1455/1317
f 1455/1455/1317 1738/1738/1593 1561/1561/1421
f 1561/1561/1421 1560/1560/1420 1451/1451/1313
f 1451/1451/1313 1452/1452/1314 1561/1561/1421
f 1701/1701/1561 1448/1448/1310 1451/1451/1313
f 1451/1451/1313 1560/1560/1420 1701/1701/1561
f 1521/1521/1381 1444/1444/1306 1447/1447/1309
f 1447/1447/1309 1698/1698/1558 1521/1521/1381
f 1521/1521/1381 1520/1520/1380 1431/1431/1297
f 1431/1431/1297 1444/1444/1306 1521/1521/1381
f 1661/1661/1521 1428/1428/1294 1431/1431/1297
f 1431/1431/1297 1520/1520/1380 1661/1661/1521
f 1481/1481/1341 1424/1424/1290 1427/1427/1293
f 1427/1427/1293 1658/1658/1518 1481/1481/1341
f 1481/1481/1341 1480/1480/1340 1476/1476/1336
f 1476/1476/1336 1424/1424/1290 1481/1481/1341
f 1761/1761/1611 2146/2146/1937 2147/2147/1938
f 2147/2147/1938 1395/1395/1262 1761/1761/1611
f 1385/1385/1252 2148/2148/1939 2146/2146/1937
f 2146/2146/1937 1761/1761/1611 1385/1385/1252
f 2148/2148/1939 1385/1385/1252 1384/1384/1251
f 1384/1384/1251 2149/2149/1940 2148/2148/1939
f 1783/1783/1632 2150/2150/1941 2149/2149/1940
f 2149/2149/1940 1384/1384/1251 1783/1783/1632
f 1437/1437/1301 2151/2151/1942 2152/2152/1941
f 2152/2152/1941 1786/1786/1632 1437/1437/1301
f 1437/1437/1301 1436/1436/1300 2153/2153/1943
f 2153/2153/1943 2151/2151/1942 1437/1437/1301
f 1773/1773/1623 2154/2154/1944 2153/2153/1943
f 2153/2153/1943 1436/1436/1300 1773/1773/1623
f 1416/1416/1282 2155/2155/1945 2156/2156/1946
f 2156/2156/1946 1776/1776/1626 1416/1416/1282
f 1416/1416/1282 1415/1415/1281 2157/2157/1947
f 2157/2157/1947 2155/2155/1945 1416/1416/1282
f 1765/1765/1615 2158/2158/1948 2157/2157/1947
f 2157/2157/1947 1415/1415/1281 1765/1765/1615
f 1396/1396/1263 2159/2159/1949 2160/2160/1950
f 2160/2160/1950 1767/1767/1617 1396/1396/1263
f 1396/1396/1263 1395/1395/1262 2147/2147/1938
f 2147/2147/1938 2159/2159/1949 1396/1396/1263
f 1425/1425/1291 1397/1397/1264 1771/1771/1621
f 1771/1771/1621 1426/1426/1292 1425/1425/1291
f 1429/1429/1295 1770/1770/1620 1418/1418/1284
f 1418/1418/1284 1430/1430/1296 1429/1429/1295
f 1417/1417/1283 1445/1445/1307 1430/1430/1296
f 1430/1430/1296 1418/1418/1284 1417/1417/1283
f 1445/1445/1307 1417/1417/1283 1781/1781/1630
f 1781/1781/1630 1446/1446/1308 1445/1445/1307
f 1449/1449/1311 1779/1779/1628 1439/1439/1303
f 1439/1439/1303 1450/1450/1312 1449/1449/1311
f 1438/1438/1302 1453/1453/1315 1450/1450/1312
f 1450/1450/1312 1439/1439/1303 1438/1438/1302
f 1453/1453/1315 1438/1438/1302 1788/1788/1634
f 1788/1788/1634 1454/1454/1316 1453/1453/1315
f 1457/1457/1316 1791/1791/1634 1409/1409/1275
f 1409/1409/1275 1458/1458/1318 1457/1457/1316
f 1408/1408/1274 1596/1596/1456 1458/1458/1318
f 1458/1458/1318 1409/1409/1275 1408/1408/1274
f 1596/1596/1456 1408/1408/1274 1763/1763/1613
f 1763/1763/1613 1628/1628/1488 1596/1596/1456
f 1628/1628/1488 1763/1763/1613 1398/1398/1265
f 1398/1398/1265 1477/1477/1337 1628/1628/1488
f 1397/1397/1264 1425/1425/1291 1477/1477/1337
f 1477/1477/1337 1398/1398/1265 1397/1397/1264
f 1427/1427/1293 1426/1426/1292 1429/1429/1295
f 1429/1429/1295 1428/1428/1294 1427/1427/1293
f 1661/1661/1521 1658/1658/1518 1427/1427/1293
f 1427/1427/1293 1428/1428/1294 1661/1661/1521
f 1660/1660/1520 1659/1659/1519 1658/1658/1518
f 1658/1658/1518 1661/1661/1521 1660/1660/1520
f 2178/2178/1968 2177/2177/1967 1659/1659/1519
f 1659/1659/1519 1660/1660/1520 2178/2178/1968
f 1665/1665/1525 1662/1662/1522 2177/2177/1967
f 2177/2177/1967 2178/2178/1968 1665/1665/1525
f 1664/1664/1524 1663/1663/1523 1662/1662/1522
f 1662/1662/1522 1665/1665/1525 1664/1664/1524
f 1669/1669/1529 1666/1666/1526 1663/1663/1523
f 1663/1663/1523 1664/1664/1524 1669/1669/1529
f 1668/1668/1528 1667/1667/1527 1666/1666/1526
f 1666/1666/1526 1669/1669/1529 1668/1668/1528
f 1673/1673/1533 1670/1670/1530 1667/1667/1527
f 1667/1667/1527 1668/1668/1528 1673/1673/1533
f 1672/1672/1532 1671/1671/1531 1670/1670/1530
f 1670/1670/1530 1673/1673/1533 1672/1672/1532
f 1677/1677/1537 1674/1674/1534 1671/1671/1531
f 1671/1671/1531 1672/1672/1532 1677/1677/1537
f 1676/1676/1536 1675/1675/1535 1674/1674/1534
f 1674/1674/1534 1677/1677/1537 1676/1676/1536
f 1676/1676/1536 1678/1678/1538 1679/1679/1539
f 1679/1679/1539 1675/1675/1535 1676/1676/1536
f 1678/1678/1538 1643/1643/1503 1640/1640/1500
f 1640/1640/1500 1679/1679/1539 1678/1678/1538
f 1642/1642/1502 1641/1641/1501 1640/1640/1500
f 1640/1640/1500 1643/1643/1503 1642/1642/1502
f 2163/2163/1953 2162/2162/1952 1641/1641/1501
f 1641/1641/1501 1642/1642/1502 2163/2163/1953
f 1647/1647/1507 1644/1644/1504 2162/2162/1952
f 2162/2162/1952 2163/2163/1953 1647/1647/1507
f 1646/1646/1506 1645/1645/1505 1644/1644/1504
f 1644/1644/1504 1647/1647/1507 1646/1646/1506
f 1651/1651/1511 1648/1648/1508 1645/1645/1505
f 1645/1645/1505 1646/1646/1506 1651/1651/1511
f 1650/1650/1510 1649/1649/1509 1648/1648/1508
f 1648/1648/1508 1651/1651/1511 1650/1650/1510
f 1655/1655/1515 1652/1652/1512 1649/1649/1509
f 1649/1649/1509 1650/1650/1510 1655/1655/1515
f 1654/1654/1514 1653/1653/1513 1652/1652/1512
f 1652/1652/1512 1655/1655/1515 1654/1654/1514
f 1657/1657/1517 1656/1656/1516 1653/1653/1513
f 1653/1653/1513 1654/1654/1514 1657/1657/1517
f 2158/2158/1948 2160/2160/1950 1656/1656/1516
f 1656/1656/1516 1657/1657/1517 2158/2158/1948
f 1765/1765/1615 1767/1767/1617 2160/2160/1950
f 2160/2160/1950 2158/2158/1948 1765/1765/1615
f 1764/1764/1614 1766/1766/1616 1767/1767/1617
f 1767/1767/1617 1765/1765/1615 1764/1764/1614
f 1764/1764/1614 2191/2191/1280 1411/1411/1277
f 1411/1411/1277 1766/1766/1616 1764/1764/1614
f 2192/2192/1980 1412/1412/1278 1411/1411/1277
f 1411/1411/1277 2191/2191/1280 2192/2192/1980
f 2193/2193/1981 1774/1774/1624 1412/1412/1278
f 1412/1412/1278 2192/2192/1980 2193/2193/1981
f 1775/1775/1625 1776/1776/1626 1773/1773/1623
f 1773/1773/1623 1772/1772/1622 1775/1775/1625
f 1776/1776/1626 2156/2156/1946 2154/2154/1944
f 2154/2154/1944 1773/1773/1623 1776/1776/1626
f 2156/2156/1946 1696/1696/1556 1697/1697/1557
f 1697/1697/1557 2154/2154/1944 2156/2156/1946
f 1696/1696/1556 1693/1693/1553 1694/1694/1554
f 1694/1694/1554 1697/1697/1557 1696/1696/1556
f 1693/1693/1553 1692/1692/1552 1695/1695/1555
f 1695/1695/1555 1694/1694/1554 1693/1693/1553
f 1692/1692/1552 1689/1689/1549 1690/1690/1550
f 1690/1690/1550 1695/1695/1555 1692/1692/1552
f 1689/1689/1549 1688/1688/1548 1691/1691/1551
f 1691/1691/1551 1690/1690/1550 1689/1689/1549
f 1688/1688/1548 1685/1685/1545 1686/1686/1546
f 1686/1686/1546 1691/1691/1551 1688/1688/1548
f 1685/1685/1545 1684/1684/1544 1687/1687/1547
f 1687/1687/1547 1686/1686/1546 1685/1685/1545
f 1684/1684/1544 2166/2166/1956 2167/2167/1957
f 2167/2167/1957 1687/1687/1547 1684/1684/1544
f 2166/2166/1956 1681/1681/1541 1682/1682/1542
f 1682/1682/1542 2167/2167/1957 2166/2166/1956
f 1681/1681/1541 1680/1680/1540 1683/1683/1543
f 1683/1683/1543 1682/1682/1542 1681/1681/1541
f 1719/1719/1579 1718/1718/1578 1683/1683/1543
f 1683/1683/1543 1680/1680/1540 1719/1719/1579
f 1715/1715/1575 1716/1716/1576 1718/1718/1578
f 1718/1718/1578 1719/1719/1579 1715/1715/1575
f 1715/1715/1575 1714/1714/1574 1717/1717/1577
f 1717/1717/1577 1716/1716/1576 1715/1715/1575
f 1714/1714/1574 1711/1711/1571 1712/1712/1572
f 1712/1712/1572 1717/1717/1577 1714/1714/1574
f 1711/1711/1571 1710/1710/1570 1713/1713/1573
f 1713/1713/1573 1712/1712/1572 1711/1711/1571
f 1710/1710/1570 1707/1707/1567 1708/1708/1568
f 1708/1708/1568 1713/1713/1573 1710/1710/1570
f 1707/1707/1567 1706/1706/1566 1709/1709/1569
f 1709/1709/1569 1708/1708/1568 1707/1707/1567
f 1706/1706/1566 1703/1703/1563 1704/1704/1564
f 1704/1704/1564 1709/1709/1569 1706/1706/1566
f 1703/1703/1563 1702/1702/1562 1705/1705/1565
f 1705/1705/1565 1704/1704/1564 1703/1703/1563
f 1702/1702/1562 2181/2181/1971 2182/2182/1972
f 2182/2182/1972 1705/1705/1565 1702/1702/1562
f 2181/2181/1971 1699/1699/1559 1700/1700/1560
f 1700/1700/1560 2182/2182/1972 2181/2181/1971
f 1699/1699/1559 1698/1698/1558 1701/1701/1561
f 1701/1701/1561 1700/1700/1560 1699/1699/1559
f 1698/1698/1558 1447/1447/1309 1448/1448/1310
f 1448/1448/1310 1701/1701/1561 1698/1698/1558
f 1447/1447/1309 1446/1446/1308 1449/1449/1311
f 1449/1449/1311 1448/1448/1310 1447/1447/1309
f 1446/1446/1308 1781/1781/1630 1779/1779/1628
f 1779/1779/1628 1449/1449/1311 1446/1446/1308
f 1780/1780/1629 1778/1778/1627 1779/1779/1628
f 1779/1779/1628 1781/1781/1630 1780/1780/1629
f 2194/2194/1629 2195/2195/1982 1421/1421/1287
f 1421/1421/1287 1777/1777/1627 2194/2194/1629
f 2195/2195/1982 2196/2196/1285 1422/1422/1288
f 1422/1422/1288 1421/1421/1287 2195/2195/1982
f 1769/1769/1619 1768/1768/1618 1422/1422/1288
f 1422/1422/1288 2196/2196/1285 1769/1769/1619
f 1769/1769/1619 1770/1770/1620 1771/1771/1621
f 1771/1771/1621 1768/1768/1618 1769/1769/1619
f 1429/1429/1295 1426/1426/1292 1771/1771/1621
f 1771/1771/1621 1770/1770/1620 1429/1429/1295
