# Blender 3.6.2
# www.blender.org
mtllib body_4.mtl
o polySurface83_1008.004
v 15.633023 14.204239 8.932662
v 15.633023 5.296596 8.932662
v 15.615823 5.296596 8.939788
v 15.615823 14.204239 8.939788
v 15.608697 5.296596 8.956981
v 15.608697 14.204239 8.956981
v 15.734532 5.272276 8.956981
v 15.633023 5.272276 8.956981
v 15.633023 5.279397 8.939788
v 15.734532 5.279397 8.939788
v 15.734532 5.279397 8.939788
v 15.633023 5.279397 8.939788
v 15.734532 5.296596 8.932662
v 15.608697 5.296596 12.633836
v 15.615823 5.279397 8.956981
v 15.615823 5.279397 12.633836
v 15.615823 5.279397 12.633836
v 15.615823 5.279397 8.956981
v 15.633023 5.272276 12.633836
v 15.758851 14.204239 8.956981
v 15.758851 5.296596 8.956981
v 15.751725 5.296596 8.939788
v 15.751725 14.204239 8.939788
v 15.734532 5.296596 8.932662
v 15.734532 14.204239 8.932662
v 15.734532 5.272276 12.633836
v 15.751725 5.279397 8.956981
v 15.751725 5.279397 12.633836
v 15.751725 5.279397 12.633836
v 15.751725 5.279397 8.956981
v 15.758851 5.296596 12.633836
v 15.734532 14.204239 12.658154
v 15.734532 5.296596 12.658154
v 15.751725 5.296596 12.651029
v 15.751725 14.204239 12.651029
v 15.758851 14.204239 12.633836
v 15.734532 5.279397 12.651029
v 15.633023 5.279397 12.651029
v 15.633023 5.279397 12.651029
v 15.734532 5.279397 12.651029
v 15.734532 5.296596 12.658154
v 15.633023 5.296596 12.658154
v 15.608697 14.204239 12.633836
v 15.615823 5.296596 12.651029
v 15.615823 14.204239 12.651029
v 15.633023 14.204239 12.658154
v 15.633023 14.228559 12.633836
v 15.633023 14.228559 8.956981
v 15.615823 14.221437 8.956981
v 15.615823 14.221437 12.633836
v 15.615823 14.221437 12.633836
v 15.615823 14.221437 8.956981
v 15.734532 14.204239 8.932662
v 15.633023 14.221437 8.939788
v 15.734532 14.221437 8.939788
v 15.734532 14.221437 8.939788
v 15.633023 14.221437 8.939788
v 15.734532 14.228559 8.956981
v 15.734532 14.228559 12.633836
v 15.633023 14.221437 12.651029
v 15.734532 14.221437 12.651029
v 15.734532 14.221437 12.651029
v 15.633023 14.221437 12.651029
v 15.734532 14.204239 12.658154
v 15.751725 14.221437 8.956981
v 15.751725 14.221437 12.633836
v 15.751725 14.221437 12.633836
v 15.751725 14.221437 8.956981
v 15.618981 5.282557 8.942946
v 15.618981 5.282557 8.942946
v 15.748567 5.282557 8.942946
v 15.734532 5.279397 8.939788
v 15.748567 5.282557 8.942946
v 15.748567 5.282557 12.647870
v 15.734532 5.279397 12.651029
v 15.748567 5.282557 12.647870
v 15.618981 5.282557 12.647870
v 15.618981 5.282557 12.647870
v 15.618981 14.218282 8.942946
v 15.618981 14.218282 8.942946
v 15.618981 14.218282 12.647870
v 15.618981 14.218282 12.647870
v 15.748567 14.218282 8.942946
v 15.734532 14.221437 8.939788
v 15.748567 14.218282 8.942946
v 15.748567 14.218282 12.647870
v 15.734532 14.221437 12.651029
v 15.748567 14.218282 12.647870
v 15.767012 5.105435 23.278246
v 15.758852 5.125137 23.278246
v 15.758851 5.125137 17.235628
v 15.767011 5.105435 17.235628
v 15.786718 5.097270 23.278246
v 15.786717 5.097270 17.235628
v 15.767012 5.125137 23.297949
v 15.786718 5.125137 23.306110
v 15.786718 5.342618 23.306110
v 15.767012 5.342618 23.297949
v 15.767012 5.125137 23.297949
v 15.767012 5.342618 23.297949
v 15.758852 5.342618 23.278246
v 15.786718 5.105435 23.297949
v 19.056353 5.097270 23.278246
v 19.056353 5.105435 23.297949
v 15.786718 5.105435 23.297949
v 19.056353 5.105435 23.297949
v 19.056353 5.125137 23.306110
v 15.786718 5.362321 23.297949
v 19.056353 5.342618 23.306110
v 19.056353 5.362321 23.297949
v 15.786718 5.370482 23.278246
v 15.786718 5.362321 23.297949
v 19.056353 5.362321 23.297949
v 19.056353 5.370482 23.278246
v 19.056351 5.105435 1.490118
v 19.056351 5.097270 1.509817
v 14.076984 5.097270 1.509817
v 14.076984 5.105435 1.490118
v 19.056351 5.125137 1.481958
v 14.076984 5.125137 1.481958
v 19.076054 5.105435 1.509817
v 19.084213 5.125137 1.509817
v 19.084213 5.125137 4.822635
v 19.076054 5.105435 4.822635
v 19.076054 5.105435 1.509817
v 19.076054 5.105435 4.822635
v 19.056351 5.097270 4.822635
v 19.076054 5.125137 1.490118
v 19.056351 5.342618 1.481958
v 19.076054 5.342618 1.490118
v 19.076054 5.125137 1.490118
v 19.076054 5.342618 1.490118
v 19.084213 5.342618 1.509817
v 19.056351 5.362321 1.490118
v 19.056351 5.342618 1.481958
v 14.076984 5.342618 1.481958
v 14.076984 5.362321 1.490118
v 19.056351 5.370482 1.509817
v 14.076984 5.370482 1.509817
v 19.076054 5.362321 1.509817
v 19.056351 5.370482 4.822635
v 19.076054 5.362321 4.822635
v 19.076054 5.362321 1.509817
v 19.076054 5.362321 4.822635
v 19.084213 5.342618 4.822635
v 19.076056 5.105435 23.278246
v 19.056353 5.097270 17.235628
v 19.076056 5.105435 17.235628
v 19.084215 5.125137 23.278246
v 19.076056 5.105435 23.278246
v 19.076056 5.105435 17.235628
v 19.084215 5.125137 17.235628
v 19.076056 5.125137 23.297949
v 19.084215 5.125137 23.278246
v 19.084215 5.342618 23.278246
v 19.076056 5.342618 23.297949
v 19.076056 5.125137 23.297949
v 19.076056 5.342618 23.297949
v 19.076056 5.362321 23.278246
v 19.084215 5.342618 17.235628
v 19.076056 5.362321 17.235628
v 19.056353 5.370482 23.278246
v 19.056353 5.370482 17.235628
v 19.056351 5.362321 4.842336
v 14.076984 5.370482 4.822632
v 14.076984 5.362321 4.842336
v 19.056351 5.342618 4.850498
v 14.076984 5.342618 4.850498
v 19.076054 5.342618 4.842336
v 19.056351 5.125137 4.850498
v 19.076054 5.125137 4.842336
v 19.076054 5.342618 4.842336
v 19.076054 5.125137 4.842336
v 19.056351 5.105435 4.842336
v 19.056351 5.125137 4.850498
v 14.076984 5.125137 4.850498
v 14.076984 5.105435 4.842336
v 14.076984 5.097270 4.822632
v 14.057281 5.125137 4.842336
v 14.076984 5.125137 4.850498
v 14.057281 5.342618 4.842336
v 14.049122 5.125137 4.822632
v 14.057281 5.125137 4.842336
v 14.057281 5.342618 4.842336
v 14.049122 5.342618 4.822632
v 14.057281 5.105435 4.822632
v 14.049122 5.125137 1.509817
v 14.057281 5.105435 1.509817
v 14.057281 5.105435 4.822632
v 14.057281 5.105435 1.509817
v 14.057281 5.125137 1.490118
v 14.049122 5.342618 1.509817
v 14.057281 5.342618 1.490118
v 14.057281 5.125137 1.490118
v 14.057281 5.342618 1.490118
v 14.076984 5.342618 1.481958
v 14.057281 5.362321 4.822632
v 14.057281 5.362321 1.509817
v 14.057281 5.362321 4.822632
v 14.057281 5.362321 1.509817
v 19.056351 5.362321 5.102813
v 19.056351 5.342618 5.094653
v 15.786716 5.342618 5.094653
v 15.786716 5.362321 5.102813
v 19.056351 5.370482 5.122517
v 19.056351 5.362321 5.102813
v 15.786716 5.362321 5.102813
v 15.786716 5.370482 5.122517
v 19.076054 5.342618 5.102813
v 19.084213 5.342618 5.122517
v 19.084213 5.125137 5.122517
v 19.076054 5.125137 5.102813
v 19.076054 5.342618 5.102813
v 19.076054 5.125137 5.102813
v 19.056351 5.125137 5.094653
v 15.767010 5.362321 5.122517
v 15.758850 5.342618 5.122517
v 15.758851 5.342618 11.165140
v 15.767011 5.362321 11.165140
v 15.786717 5.370482 11.165140
v 15.767010 5.342618 5.102813
v 15.786716 5.125137 5.094653
v 15.767010 5.125137 5.102813
v 15.767010 5.342618 5.102813
v 15.767010 5.125137 5.102813
v 15.758850 5.125137 5.122517
v 15.786716 5.105435 5.102813
v 19.056351 5.105435 5.102813
v 15.786716 5.097270 5.122517
v 15.786716 5.105435 5.102813
v 19.056351 5.105435 5.102813
v 19.056351 5.097270 5.122517
v 19.056351 5.370482 11.165139
v 15.758851 5.125137 11.165140
v 19.056351 5.097270 11.165139
v 15.786717 5.097270 11.165140
v 19.084213 5.342618 11.165139
v 19.084213 5.125137 11.165139
v 15.758851 5.342618 17.235628
v 19.084215 5.125137 17.235628
v 19.056353 5.370482 17.235628
v 15.786717 5.370482 17.235628
v 15.767012 5.362321 23.278246
v 15.767011 5.362321 17.235628
v 15.767011 5.105435 11.165140
v 19.076054 5.105435 11.165139
v 19.076054 5.105435 11.165139
v 19.084213 5.125137 11.165139
v 19.076054 5.362321 11.165139
v 19.056351 5.370482 11.165139
v 15.767010 5.105435 5.122517
v 19.076054 5.105435 5.122517
v 19.084213 5.125137 5.122517
v 19.076054 5.105435 5.122517
v 19.076054 5.362321 5.122517
v 19.056351 5.370482 5.122517
v 15.770632 5.109053 23.294331
v 15.770632 5.109053 23.294331
v 15.770632 5.358699 23.294331
v 15.770632 5.358699 23.294331
v 19.072430 5.109053 1.493739
v 19.072430 5.109053 1.493739
v 19.072430 5.358699 1.493739
v 19.076054 5.342618 1.490118
v 19.072430 5.358699 1.493739
v 19.076056 5.125137 23.297949
v 19.072432 5.109053 23.294331
v 19.072432 5.109053 23.294331
v 19.072432 5.109053 23.294331
v 19.056353 5.362321 23.297949
v 19.072432 5.358699 23.294331
v 19.072432 5.358699 23.294331
v 19.072430 5.358699 4.838716
v 19.072430 5.358699 4.838716
v 19.072430 5.109053 4.838716
v 19.076054 5.125137 4.842336
v 19.072430 5.109053 4.838716
v 14.060905 5.109053 4.838716
v 14.057281 5.125137 4.842336
v 14.060905 5.109053 4.838716
v 14.060905 5.109053 1.493739
v 14.060905 5.109053 1.493739
v 14.060905 5.358699 4.838716
v 14.060905 5.358699 4.838716
v 14.060905 5.358699 1.493739
v 14.060905 5.358699 1.493739
v 14.057281 5.342618 1.490118
v 19.072430 5.358699 5.106436
v 19.056351 5.362321 5.102813
v 19.072430 5.358699 5.106436
v 15.770630 5.358699 5.106436
v 15.770630 5.358699 5.106436
v 15.770630 5.109053 5.106436
v 15.770630 5.109053 5.106436
v 19.072430 5.109053 5.106436
v 19.072430 5.109053 5.106436
v 19.076054 5.125137 5.102813
v 19.072430 5.109053 5.106436
v 19.056120 18.396210 24.401995
v 15.786947 18.396210 24.401995
v 15.786947 18.387980 24.421858
v 19.056120 18.387980 24.421858
v 19.056120 18.387980 24.421858
v 15.786947 18.387980 24.421858
v 15.786947 18.368113 24.430084
v 19.056120 18.368113 24.430084
v 15.758852 18.368113 23.334206
v 15.758852 18.368113 24.401995
v 15.767080 18.387980 24.401995
v 15.767080 18.387980 23.334206
v 15.767080 18.387980 23.334206
v 15.767080 18.387980 24.401995
v 15.786947 18.396210 23.334206
v 19.056120 18.396210 23.334206
v 19.075991 18.387980 24.401995
v 19.075991 18.387980 23.334206
v 19.075991 18.387980 23.334206
v 19.075991 18.387980 24.401995
v 19.084219 18.368113 24.401995
v 19.084219 18.368113 23.334206
v 19.084219 12.513611 24.401995
v 19.075991 18.368113 24.421858
v 19.075991 12.513611 24.421858
v 19.075991 12.513611 24.421858
v 19.075991 18.368113 24.421858
v 19.056120 12.513611 24.430084
v 19.056120 18.387980 23.314335
v 15.786947 18.387980 23.314335
v 19.056120 18.368113 23.306110
v 15.786947 18.368113 23.306110
v 19.056120 12.513611 23.306110
v 19.056120 18.368113 23.306110
v 19.075991 18.368113 23.314335
v 19.075991 12.513611 23.314335
v 19.075991 12.513611 23.314335
v 19.075991 18.368113 23.314335
v 19.084219 12.513611 23.334206
v 15.758852 12.513611 23.334206
v 15.767080 18.368113 23.314335
v 15.767080 12.513611 23.314335
v 15.767080 12.513611 23.314335
v 15.767080 18.368113 23.314335
v 15.786947 18.368113 23.306110
v 15.786947 12.513611 23.306110
v 15.786947 -11.044030 23.306110
v 15.786947 -16.912142 23.306110
v 15.767080 -16.912142 23.314335
v 15.767080 -11.044030 23.314335
v 15.767080 -11.044030 23.314335
v 15.767080 -16.912142 23.314335
v 15.758852 -16.912142 23.334206
v 15.758852 -11.044030 23.334206
v 19.056120 -16.940237 23.334206
v 15.786947 -16.940237 23.334206
v 15.786947 -16.932007 23.314335
v 19.056120 -16.932007 23.314335
v 19.056120 -16.912142 23.306110
v 15.758852 -16.912142 24.401995
v 15.767080 -16.932007 23.334206
v 15.767080 -16.932007 24.401995
v 15.767080 -16.932007 24.401995
v 15.767080 -16.932007 23.334206
v 15.786947 -16.940237 24.401995
v 19.056120 -16.912142 24.430084
v 15.786947 -16.912142 24.430084
v 15.786947 -16.932007 24.421858
v 19.056120 -16.932007 24.421858
v 15.786947 -16.940237 24.401995
v 19.056120 -16.940237 24.401995
v 19.056120 -11.044030 24.430084
v 19.075991 -16.912142 24.421858
v 19.075991 -11.044030 24.421858
v 19.075991 -11.044030 24.421858
v 19.075991 -16.912142 24.421858
v 19.084219 -16.912142 24.401995
v 19.084219 -11.044030 24.401995
v 19.084219 -16.912142 23.334206
v 19.075991 -16.932007 24.401995
v 19.075991 -16.932007 23.334206
v 19.075991 -16.932007 23.334206
v 19.075991 -16.932007 24.401995
v 19.056120 -16.940237 24.401995
v 19.084219 -11.044030 23.334206
v 19.075991 -16.912142 23.314335
v 19.075991 -11.044030 23.314335
v 19.075991 -11.044030 23.314335
v 19.075991 -16.912142 23.314335
v 19.056120 -11.044030 23.306110
v 15.786947 -5.147816 24.430084
v 15.786947 0.748381 24.430084
v 15.767080 0.748381 24.421858
v 15.767080 -5.147816 24.421858
v 15.767080 -5.147816 24.421858
v 15.767080 0.748381 24.421858
v 15.758852 0.748381 24.401995
v 15.758852 -5.147816 24.401995
v 15.758852 0.748381 23.334206
v 15.758852 -5.147816 23.334206
v 19.056120 -5.147816 24.430084
v 19.056120 0.748381 24.430084
v 19.084219 0.748381 24.401995
v 19.084219 -5.147816 24.401995
v 19.084219 -5.147816 23.334206
v 19.084219 0.748381 23.334206
v 19.056120 0.748381 23.306110
v 19.056120 -5.147816 23.306110
v 15.786947 -5.147816 23.306110
v 15.786947 0.748381 23.306110
v 15.758852 6.630991 24.401995
v 15.758852 6.630991 23.334206
v 19.056120 6.630991 23.306110
v 15.786947 6.630991 23.306110
v 19.084219 6.630991 24.401995
v 19.084219 6.630991 23.334206
v 15.786947 6.630991 24.430084
v 19.056120 6.630991 24.430084
v 15.786947 -11.044030 24.430084
v 15.758852 -11.044030 24.401995
v 15.758852 12.513611 24.401995
v 15.786947 12.513611 24.430084
v 15.767080 18.368113 24.421858
v 15.767080 12.513611 24.421858
v 15.767080 12.513611 24.421858
v 15.767080 18.368113 24.421858
v 19.075991 6.630991 24.421858
v 19.075991 6.630991 24.421858
v 19.075991 6.630991 23.314335
v 19.075991 6.630991 23.314335
v 15.767080 6.630991 23.314335
v 15.767080 6.630991 23.314335
v 15.767080 6.630991 24.421858
v 15.767080 6.630991 24.421858
v 15.767080 -11.044030 24.421858
v 15.767080 -11.044030 24.421858
v 15.767080 0.748381 23.314335
v 15.767080 -5.147816 23.314335
v 15.767080 -5.147816 23.314335
v 15.767080 0.748381 23.314335
v 19.075991 0.748381 23.314335
v 19.075991 -5.147816 23.314335
v 19.075991 -5.147816 23.314335
v 19.075991 0.748381 23.314335
v 19.075991 0.748381 24.421858
v 19.075991 -5.147816 24.421858
v 19.075991 -5.147816 24.421858
v 19.075991 0.748381 24.421858
v 15.767080 -16.912142 24.421858
v 15.767080 -16.912142 24.421858
v 15.770731 18.384333 24.418207
v 15.770731 18.384333 24.418207
v 15.770731 18.384333 24.418207
v 19.072336 18.384333 24.418207
v 19.072336 18.384333 24.418207
v 19.072336 18.384333 24.418207
v 19.072336 18.384333 23.317986
v 19.075991 18.368113 23.314335
v 19.072336 18.384333 23.317986
v 15.770731 18.384333 23.317986
v 15.767080 18.368113 23.314335
v 15.770731 18.384333 23.317986
v 15.770731 -16.928362 23.317986
v 15.770731 -16.928362 23.317986
v 15.770731 -16.928362 24.418207
v 15.770731 -16.928362 24.418207
v 15.767080 -16.932007 24.401995
v 19.072336 -16.928362 24.418207
v 19.072336 -16.928362 24.418207
v 19.075991 -16.932007 24.401995
v 19.072336 -16.928362 23.317986
v 19.072336 -16.928362 23.317986
v 15.608697 -12.748269 16.202240
v 15.608697 -3.840624 16.202240
v 15.615823 -3.840624 16.185041
v 15.615823 -12.748269 16.185041
v 15.633023 -3.840624 16.177916
v 15.633023 -12.748269 16.177916
v 15.633024 -3.816301 19.879086
v 15.633023 -3.816301 16.202240
v 15.615823 -3.823427 16.202240
v 15.615824 -3.823427 19.879086
v 15.615824 -3.823427 19.879086
v 15.615823 -3.823427 16.202240
v 15.608698 -3.840624 19.879086
v 15.734532 -3.840624 16.177916
v 15.633023 -3.840624 16.177916
v 15.633023 -3.823427 16.185041
v 15.734532 -3.823427 16.185041
v 15.734532 -3.823427 16.185041
v 15.633023 -3.823427 16.185041
v 15.734532 -3.816301 16.202240
v 15.734532 -12.748269 16.177916
v 15.751725 -3.840624 16.185041
v 15.751725 -12.748269 16.185041
v 15.758851 -3.840624 16.202240
v 15.758851 -12.748269 16.202240
v 15.758852 -3.840624 19.879086
v 15.751725 -3.823427 16.202240
v 15.751726 -3.823427 19.879086
v 15.751726 -3.823427 19.879086
v 15.751725 -3.823427 16.202240
v 15.734533 -3.816301 19.879086
v 15.758852 -12.748269 19.879086
v 15.751726 -3.840624 19.896288
v 15.751726 -12.748269 19.896288
v 15.751726 -12.748269 19.896288
v 15.751726 -3.840624 19.896288
v 15.734533 -3.840624 19.903408
v 15.734533 -12.748269 19.903408
v 15.633024 -3.840624 19.903408
v 15.734533 -3.823427 19.896288
v 15.633024 -3.823427 19.896288
v 15.633024 -3.823427 19.896288
v 15.734533 -3.823427 19.896288
v 15.633024 -12.748269 19.903408
v 15.615824 -3.840624 19.896288
v 15.615824 -12.748269 19.896288
v 15.615824 -12.748269 19.896288
v 15.615824 -3.840624 19.896288
v 15.608698 -12.748269 19.879086
v 15.734532 -12.772588 16.202240
v 15.633023 -12.772588 16.202240
v 15.633023 -12.765471 16.185041
v 15.734532 -12.765471 16.185041
v 15.734532 -12.765471 16.185041
v 15.633023 -12.765471 16.185041
v 15.633023 -12.748269 16.177916
v 15.615823 -12.765471 16.202240
v 15.615824 -12.765471 19.879086
v 15.615824 -12.765471 19.879086
v 15.615823 -12.765471 16.202240
v 15.633024 -12.772588 19.879086
v 15.633024 -12.765471 19.896288
v 15.734533 -12.765471 19.896288
v 15.734533 -12.765471 19.896288
v 15.633024 -12.765471 19.896288
v 15.734533 -12.772588 19.879086
v 15.751725 -12.765471 16.202240
v 15.751726 -12.765471 19.879086
v 15.751726 -12.765471 19.879086
v 15.751725 -12.765471 16.202240
v 15.618981 -3.826586 16.188200
v 15.633023 -3.823427 16.185041
v 15.618981 -3.826586 16.188200
v 15.748567 -3.826586 16.188200
v 15.748567 -3.826586 16.188200
v 15.748568 -3.826586 19.893124
v 15.748568 -3.826586 19.893124
v 15.748568 -3.826586 19.893124
v 15.618982 -3.826586 19.893124
v 15.618982 -3.826586 19.893124
v 15.618982 -3.826586 19.893124
v 15.618981 -12.762299 16.188200
v 15.633023 -12.765471 16.185041
v 15.618981 -12.762299 16.188200
v 15.618982 -12.762299 19.893124
v 15.618982 -12.762299 19.893124
v 15.618982 -12.762299 19.893124
v 15.748567 -12.762299 16.188200
v 15.748567 -12.762299 16.188200
v 15.748568 -12.762299 19.893124
v 15.748568 -12.762299 19.893124
v 15.748568 -12.762299 19.893124
v 15.758851 -12.696920 17.569075
v 15.758852 -12.696920 23.278246
v 15.767012 -12.677219 23.278246
v 15.767011 -12.677219 17.569075
v 15.786718 -12.669062 23.278246
v 15.786717 -12.669062 17.569075
v 15.786718 -12.914398 23.306110
v 15.786718 -12.696920 23.306110
v 15.767012 -12.696920 23.297949
v 15.767012 -12.914398 23.297949
v 15.767012 -12.914398 23.297949
v 15.767012 -12.696920 23.297949
v 15.758852 -12.914398 23.278246
v 19.056353 -12.669062 23.278246
v 15.786718 -12.677219 23.297949
v 19.056353 -12.677219 23.297949
v 19.056353 -12.677219 23.297949
v 15.786718 -12.677219 23.297949
v 19.056353 -12.696920 23.306110
v 19.056353 -12.914398 23.306110
v 15.786718 -12.934110 23.297949
v 19.056353 -12.934110 23.297949
v 19.056353 -12.934110 23.297949
v 15.786718 -12.934110 23.297949
v 15.786718 -12.942269 23.278246
v 19.056353 -12.942269 23.278246
v 19.084215 -12.914398 23.278246
v 19.084215 -12.696920 23.278246
v 19.076056 -12.696920 23.297949
v 19.076056 -12.914398 23.297949
v 19.076056 -12.914398 23.297949
v 19.076056 -12.696920 23.297949
v 19.084213 -12.696920 6.095008
v 19.084213 -12.696920 0.385839
v 19.076054 -12.677219 0.385839
v 19.076054 -12.677219 6.095008
v 19.076054 -12.677219 6.095008
v 19.076054 -12.677219 0.385839
v 19.056351 -12.669062 0.385839
v 19.056351 -12.669062 6.095008
v 19.056351 -12.914398 0.357980
v 19.056351 -12.696920 0.357980
v 19.076054 -12.696920 0.366138
v 19.076054 -12.914398 0.366138
v 19.076054 -12.914398 0.366138
v 19.076054 -12.696920 0.366138
v 19.084213 -12.914398 0.385839
v 15.786716 -12.669062 0.385839
v 19.056351 -12.677219 0.366138
v 15.786716 -12.677219 0.366138
v 15.786716 -12.677219 0.366138
v 19.056351 -12.677219 0.366138
v 15.786716 -12.696920 0.357980
v 19.056351 -12.942269 6.095008
v 19.056351 -12.942269 0.385839
v 19.076054 -12.934110 0.385839
v 19.076054 -12.934110 6.095008
v 19.084213 -12.914398 0.385839
v 19.084213 -12.914398 6.095008
v 15.786716 -12.914398 0.357980
v 19.056351 -12.934110 0.366138
v 15.786716 -12.934110 0.366138
v 15.786716 -12.934110 0.366138
v 19.056351 -12.934110 0.366138
v 15.786716 -12.942269 0.385839
v 15.758850 -12.914398 0.385839
v 15.758850 -12.696920 0.385839
v 15.767010 -12.696920 0.366138
v 15.767010 -12.914398 0.366138
v 15.767010 -12.914398 0.366138
v 15.767010 -12.696920 0.366138
v 15.758850 -12.914398 6.095009
v 15.767010 -12.934110 0.385839
v 15.767010 -12.934110 6.095009
v 15.786716 -12.942269 6.095009
v 15.758850 14.152892 6.095012
v 15.758850 14.152892 0.385839
v 15.767010 14.133189 0.385839
v 15.767010 14.133189 6.095012
v 15.786716 14.125029 0.385839
v 15.786716 14.125029 6.095012
v 15.786716 14.370378 0.357980
v 15.786716 14.152892 0.357980
v 15.767010 14.152892 0.366138
v 15.767010 14.370378 0.366138
v 15.767010 14.370378 0.366138
v 15.767010 14.152892 0.366138
v 15.758850 14.370378 0.385839
v 19.056351 14.125029 0.385839
v 15.786716 14.133189 0.366138
v 19.056351 14.133189 0.366138
v 19.056351 14.133189 0.366138
v 15.786716 14.133189 0.366138
v 19.056351 14.152892 0.357980
v 15.786716 14.398241 6.095012
v 15.786716 14.398241 0.385839
v 15.767010 14.390079 0.385839
v 15.767010 14.390079 6.095012
v 15.758850 14.370369 6.095012
v 19.056351 14.370378 0.357980
v 15.786716 14.390079 0.366138
v 19.056351 14.390079 0.366138
v 19.056351 14.390079 0.366138
v 15.786716 14.390079 0.366138
v 19.056351 14.398241 0.385839
v 19.084215 14.152892 17.569075
v 19.084215 14.152892 23.278246
v 19.076056 14.133189 23.278246
v 19.076056 14.133189 17.569075
v 19.076056 14.133189 17.569075
v 19.076056 14.133189 23.278246
v 19.056353 14.125029 23.278246
v 19.056353 14.125029 17.569075
v 19.056353 14.370378 23.306110
v 19.056353 14.152892 23.306110
v 19.076056 14.152892 23.297949
v 19.076056 14.370378 23.297949
v 19.076056 14.370378 23.297949
v 19.076056 14.152892 23.297949
v 19.084215 14.370378 23.278246
v 15.786718 14.125029 23.278246
v 19.056353 14.133189 23.297949
v 15.786718 14.133189 23.297949
v 15.786718 14.133189 23.297949
v 19.056353 14.133189 23.297949
v 15.786718 14.152892 23.306110
v 15.786718 14.370378 23.306110
v 19.056353 14.390079 23.297949
v 15.786718 14.390079 23.297949
v 15.786718 14.390079 23.297949
v 19.056353 14.390079 23.297949
v 19.056353 14.398241 23.278246
v 15.786718 14.398241 23.278246
v 15.758852 14.370378 23.278246
v 15.758852 14.152892 23.278246
v 15.767012 14.152892 23.297949
v 15.767012 14.370378 23.297949
v 15.767012 14.370378 23.297949
v 15.767012 14.152892 23.297949
v 19.084213 14.370378 0.385839
v 19.084213 14.152892 0.385839
v 19.076054 14.152892 0.366138
v 19.076054 14.370378 0.366138
v 19.076054 14.370378 0.366138
v 19.076054 14.152892 0.366138
v 19.084213 14.370369 6.095012
v 19.084213 14.370378 0.385839
v 19.076054 14.390079 0.385839
v 19.076054 14.390079 6.095012
v 19.056351 14.398241 6.095012
v 15.758851 -12.914398 17.569075
v 19.084215 -12.914398 17.569075
v 19.084215 -12.696920 17.569075
v 15.786717 -12.942269 17.569075
v 19.056353 -12.942269 17.569075
v 19.056353 -12.669062 17.569075
v 15.786717 14.398241 17.569075
v 19.056353 14.398241 17.569075
v 15.786717 14.125029 17.569075
v 19.084215 14.370378 17.569075
v 15.758851 14.152892 17.569075
v 15.758851 14.370378 17.569075
v 15.758850 -12.696920 6.095009
v 19.084213 -12.914398 6.095008
v 15.786716 -12.669062 6.095009
v 15.758851 -12.696920 11.832035
v 15.758851 -12.914398 11.832035
v 15.786717 -12.942269 11.832035
v 19.056351 -12.942269 11.832034
v 19.084213 -12.696920 11.832034
v 19.084213 -12.914398 11.832034
v 19.056351 -12.669062 11.832034
v 15.786717 -12.669062 11.832035
v 19.084213 14.370369 11.832047
v 19.084213 14.152892 11.832047
v 15.786717 14.398241 11.832047
v 19.056351 14.398241 11.832047
v 15.758851 14.152892 11.832047
v 15.758851 14.370369 11.832047
v 15.786717 14.125029 11.832047
v 19.056351 14.125029 11.832047
v 19.084213 14.370369 6.095012
v 19.084213 14.152892 6.095012
v 19.056351 14.125029 6.095012
v 15.767010 -12.677219 0.385839
v 15.767010 -12.677219 6.095009
v 15.767011 -12.934110 11.832035
v 19.076056 -12.677219 23.278246
v 19.076056 -12.677219 17.569075
v 19.076056 -12.677219 17.569075
v 19.076056 -12.677219 23.278246
v 19.084215 -12.914398 17.569075
v 19.084215 -12.914398 23.278246
v 19.076056 -12.934110 23.278246
v 19.076056 -12.934110 17.569075
v 19.076054 14.133189 11.832047
v 19.056353 14.125029 17.569075
v 19.056351 14.125029 11.832047
v 19.076056 14.390079 23.278246
v 19.076056 14.390079 17.569075
v 19.084215 14.370378 23.278246
v 19.084215 14.370378 17.569075
v 15.767012 14.390079 23.278246
v 15.767011 14.390079 17.569075
v 15.767012 14.133189 23.278246
v 15.767011 14.133189 17.569075
v 15.767011 -12.677219 11.832035
v 15.767011 -12.934110 17.569075
v 19.076054 -12.934110 11.832034
v 19.084213 -12.914398 11.832034
v 19.076054 -12.677219 11.832034
v 19.076054 -12.677219 11.832034
v 15.767012 -12.934110 23.278246
v 19.076054 14.133189 6.095012
v 19.056351 14.125029 6.095012
v 19.076054 14.390079 11.832047
v 19.084213 14.370369 11.832047
v 15.767011 14.390079 11.832047
v 15.767011 14.133189 11.832047
v 19.056351 14.125029 0.385839
v 19.076054 14.133189 0.385839
v 15.770632 -12.680840 23.294331
v 15.770632 -12.680840 23.294331
v 15.770632 -12.930478 23.294331
v 15.770632 -12.930478 23.294331
v 19.072432 -12.680840 23.294331
v 19.072432 -12.680840 23.294331
v 19.072432 -12.680840 23.294331
v 19.072432 -12.930478 23.294331
v 19.076056 -12.914398 23.297949
v 19.072432 -12.930478 23.294331
v 19.072430 -12.680840 0.369758
v 19.072430 -12.680840 0.369758
v 19.072430 -12.680840 0.369758
v 19.072430 -12.930478 0.369758
v 19.076054 -12.914398 0.366138
v 19.072430 -12.930478 0.369758
v 15.770630 -12.680840 0.369758
v 15.770630 -12.680840 0.369758
v 15.770630 -12.930478 0.369758
v 15.770630 -12.930478 0.369758
v 15.770630 14.136807 0.369758
v 15.770630 14.136807 0.369758
v 15.770630 14.386462 0.369758
v 15.770630 14.386462 0.369758
v 19.072432 14.136807 23.294331
v 19.072432 14.136807 23.294331
v 19.072432 14.136807 23.294331
v 19.072432 14.386462 23.294331
v 19.076056 14.370378 23.297949
v 19.072432 14.386462 23.294331
v 15.770632 14.136807 23.294331
v 15.770632 14.136807 23.294331
v 15.770632 14.386462 23.294331
v 15.770632 14.386462 23.294331
v 19.072430 14.136807 0.369758
v 19.072430 14.136807 0.369758
v 19.076054 14.133189 0.385839
v 19.072430 14.136807 0.369758
v 19.072430 14.386462 0.369758
v 19.076054 14.370378 0.366138
v 19.072430 14.386462 0.369758
v 19.056873 14.097689 12.414001
v 15.786195 14.097689 12.414001
v 15.786195 14.117020 12.422010
v 19.056873 14.117020 12.422009
v 19.056873 14.117020 12.422009
v 15.786195 14.117020 12.422010
v 15.786195 14.125029 12.441345
v 19.056873 14.125029 12.441344
v 15.786195 14.125029 12.630816
v 15.766858 14.117020 12.441345
v 15.766858 14.117020 12.630816
v 15.766858 14.117020 12.630816
v 15.766858 14.117020 12.441345
v 15.758851 14.097689 12.441345
v 15.758851 14.097689 12.630816
v 15.758851 5.397826 12.441345
v 15.758851 9.747755 12.441345
v 15.766858 9.747755 12.422010
v 15.766858 5.397826 12.422010
v 15.786195 9.747755 12.414001
v 15.786195 5.397826 12.414001
v 19.056873 14.125029 12.630815
v 15.786195 14.117020 12.650145
v 19.056875 14.117020 12.650144
v 19.056875 14.117020 12.650144
v 15.786195 14.117020 12.650145
v 15.786195 14.097689 12.658154
v 19.056875 14.097689 12.658154
v 15.786195 9.747755 12.658154
v 15.766858 14.097689 12.650145
v 15.766858 9.747755 12.650145
v 15.758851 9.747755 12.630816
v 19.076210 14.117020 12.630815
v 19.076210 14.117020 12.441344
v 19.076210 14.117020 12.441344
v 19.076210 14.117020 12.630815
v 19.084217 14.097689 12.630815
v 19.084217 14.097689 12.441344
v 19.084217 9.747755 12.630815
v 19.076212 14.097689 12.650144
v 19.076212 9.747755 12.650144
v 19.076212 9.747755 12.650144
v 19.076212 14.097689 12.650144
v 19.056875 9.747755 12.658154
v 19.056873 9.747755 12.414001
v 19.056873 14.097689 12.414001
v 19.076210 14.097689 12.422009
v 19.076210 9.747755 12.422009
v 19.084217 9.747755 12.441344
v 19.056873 5.370482 12.441344
v 15.786195 5.370482 12.441345
v 15.786195 5.378491 12.422010
v 19.056873 5.378491 12.422009
v 19.056873 5.378491 12.422009
v 15.786195 5.378491 12.422010
v 19.056873 5.397826 12.414001
v 15.758851 5.397826 12.630816
v 15.766858 5.378491 12.441345
v 15.766858 5.378491 12.630816
v 15.766858 5.378491 12.630816
v 15.766858 5.378491 12.441345
v 15.786195 5.370482 12.630816
v 19.056873 5.370482 12.630815
v 19.076210 5.378491 12.441344
v 19.076210 5.378491 12.630815
v 19.076210 5.378491 12.630815
v 19.076210 5.378491 12.441344
v 19.084217 5.397826 12.441344
v 19.084217 5.397826 12.630815
v 19.056875 5.378491 12.650144
v 15.786195 5.378491 12.650145
v 15.786195 5.378491 12.650145
v 19.056875 5.378491 12.650144
v 19.056875 5.397826 12.658154
v 15.786195 5.397826 12.658154
v 19.056873 9.747755 12.414001
v 15.766858 14.097689 12.422010
v 15.766858 5.397826 12.650145
v 19.076212 5.397826 12.650144
v 19.076212 5.397826 12.650144
v 19.056873 5.397826 12.414001
v 19.076210 5.397826 12.422009
v 15.770410 14.113470 12.425563
v 15.770410 14.113470 12.425563
v 15.770410 14.113470 12.646593
v 15.770410 14.113470 12.646593
v 19.072657 14.113470 12.646592
v 19.072657 14.113470 12.646592
v 19.072657 14.113470 12.646592
v 19.072655 14.113470 12.425562
v 19.056873 14.117020 12.422009
v 19.072655 14.113470 12.425562
v 15.770410 5.382044 12.425563
v 15.770410 5.382044 12.425563
v 19.072655 5.382044 12.425562
v 19.056873 5.378491 12.422009
v 19.072655 5.382044 12.425562
v 19.072657 5.382044 12.646592
v 19.056875 5.397826 12.658154
v 19.056875 5.378491 12.650144
v 19.072657 5.382044 12.646592
v 15.770410 5.382044 12.646593
v 15.770410 5.382044 12.646593
v 14.076439 -12.661048 1.489960
v 14.076439 -12.641738 1.481958
v 19.056896 -12.641738 1.481958
v 19.056896 -12.661048 1.489960
v 14.076439 -12.669062 1.509278
v 19.056896 -12.669062 1.509278
v 14.057125 -12.661048 1.509278
v 14.076439 -12.669062 1.509278
v 14.076439 -12.669062 4.823179
v 14.057125 -12.661048 4.823179
v 14.049118 -12.641738 1.509278
v 14.057125 -12.661048 1.509278
v 14.057125 -12.661048 4.823179
v 14.049118 -12.641738 4.823179
v 14.076439 -12.423156 4.850498
v 14.057125 -12.423156 4.842494
v 14.057125 -12.641738 4.842494
v 14.076439 -12.641738 4.850498
v 14.076439 -12.403851 4.842494
v 19.056896 -12.423156 4.850498
v 19.056896 -12.403851 4.842494
v 14.076439 -12.395848 4.823179
v 19.056896 -12.395848 4.823179
v 14.076439 -12.661048 4.842494
v 19.056896 -12.669062 4.823179
v 19.056896 -12.661048 4.842494
v 19.056896 -12.641738 4.850498
v 19.076210 -12.423156 4.842494
v 19.076210 -12.641738 4.842494
v 19.084213 -12.423156 4.823179
v 19.076210 -12.423156 4.842494
v 19.076210 -12.641738 4.842494
v 19.084213 -12.641738 4.823179
v 19.076210 -12.403851 4.823179
v 19.084213 -12.423156 1.509278
v 19.076210 -12.403851 1.509278
v 19.076210 -12.661048 4.823179
v 19.056896 -12.669062 1.509278
v 19.076210 -12.661048 1.509278
v 19.076210 -12.661048 4.823179
v 19.076210 -12.661048 1.509278
v 19.084213 -12.641738 1.509278
v 19.076210 -12.423156 1.489960
v 19.076210 -12.641738 1.489960
v 14.057125 -12.661048 1.509278
v 14.060669 -12.657508 1.493509
v 14.057125 -12.641738 1.489960
v 14.057125 -12.641738 1.489960
v 14.060669 -12.657508 1.493509
v 14.060669 -12.407398 4.838945
v 14.060669 -12.657508 4.838945
v 14.057125 -12.641738 4.842494
v 14.060669 -12.657508 4.838945
v 19.072659 -12.407398 4.838944
v 19.072659 -12.407398 4.838944
v 19.076210 -12.403851 4.823179
v 19.072659 -12.657508 4.838944
v 19.072659 -12.657508 4.838944
v 19.072659 -12.407398 1.493509
v 19.072659 -12.657508 1.493509
v 19.076210 -12.641738 1.489960
v 19.072659 -12.657508 1.493509
v 19.076210 -12.661048 1.509278
v 14.060669 -12.407398 1.493509
v 14.058254 -12.403560 1.509049
v 14.076439 -12.395848 1.511249
v 14.074566 -12.404268 1.490380
v 14.059227 -12.403479 4.824759
v 14.076439 -12.395848 4.823179
v 14.057125 -12.423156 1.489960
v 14.074837 -12.425170 1.482620
v 14.076439 -12.641738 1.481958
v 14.057125 -12.641738 1.489960
v 14.049782 -12.425170 1.507678
v 14.057125 -12.423156 1.489960
v 14.057125 -12.423156 4.842494
v 14.049782 -12.425170 4.824779
v 19.056896 -12.395848 4.823179
v 19.076210 -12.403851 4.823179
v 19.076210 -12.403851 1.509278
v 19.058498 -12.396508 1.511288
v 19.058498 -12.425170 1.482620
v 19.076210 -12.423156 1.489960
v 19.076210 -12.641738 1.489960
v 19.056896 -12.641738 1.481958
v 14.058254 -12.403560 1.509049
v 14.060669 -12.407398 1.493509
v 14.060669 -12.407398 4.838945
v 14.059227 -12.403479 4.824759
v 14.059227 -12.403479 4.824759
v 19.058765 -12.404268 1.490380
v 19.072659 -12.407398 1.493509
v 19.059628 18.396210 0.382568
v 15.783436 18.396210 0.382568
v 15.783436 18.403408 0.365179
v 19.059628 18.403408 0.365179
v 19.059628 18.403408 0.365179
v 15.783436 18.403408 0.365179
v 15.783436 18.420790 0.357980
v 19.059628 18.420790 0.357980
v 15.783436 18.644840 0.357980
v 15.766052 18.420790 0.365179
v 15.766052 18.644840 0.365179
v 15.766052 18.644840 0.365179
v 15.766052 18.420790 0.365179
v 15.758850 18.420790 0.382568
v 15.758850 18.644840 0.382568
v 19.059628 18.644840 0.357980
v 15.783436 18.662218 0.365179
v 19.059628 18.662218 0.365179
v 19.059628 18.662218 0.365179
v 15.783436 18.662218 0.365179
v 15.783436 18.669420 0.382568
v 19.059628 18.669420 0.382568
v 15.783437 18.669420 6.376005
v 15.766052 18.662218 0.382568
v 15.766053 18.662218 6.376005
v 15.766053 18.662218 6.376005
v 15.766052 18.662218 0.382568
v 15.758851 18.644840 6.376005
v 15.783437 18.396210 18.412056
v 15.783438 18.396210 24.405506
v 15.766054 18.403408 24.405506
v 15.766053 18.403408 18.412056
v 15.758852 18.420790 24.405506
v 15.758851 18.420790 18.412056
v 19.059629 18.420790 24.430084
v 15.783438 18.420790 24.430084
v 15.783438 18.403408 24.422884
v 19.059629 18.403408 24.422884
v 19.059629 18.403408 24.422884
v 15.783438 18.403408 24.422884
v 19.059629 18.396210 24.405506
v 15.758852 18.644840 24.405506
v 15.766054 18.420790 24.422884
v 15.766054 18.644840 24.422884
v 15.766054 18.644840 24.422884
v 15.766054 18.420790 24.422884
v 15.783438 18.644840 24.430084
v 19.059629 18.669420 24.405506
v 15.783438 18.669420 24.405506
v 15.783438 18.662218 24.422884
v 19.059629 18.662218 24.422884
v 19.059629 18.662218 24.422884
v 15.783438 18.662218 24.422884
v 19.059629 18.644840 24.430084
v 19.077017 18.420790 24.422884
v 19.077017 18.644840 24.422884
v 19.077017 18.644840 24.422884
v 19.077017 18.420790 24.422884
v 19.084215 18.420790 24.405506
v 19.084215 18.644840 24.405506
v 19.059628 18.396210 6.376005
v 19.077015 18.403408 0.382568
v 19.077015 18.403408 6.376005
v 19.084213 18.420790 0.382568
v 19.084213 18.420790 6.376005
v 19.084213 18.644840 0.382568
v 19.084213 18.420790 0.382568
v 19.077015 18.420790 0.365179
v 19.077015 18.644840 0.365179
v 19.077015 18.644840 0.365179
v 19.077015 18.420790 0.365179
v 19.084213 18.644840 6.376005
v 19.077015 18.662218 0.382568
v 19.077015 18.662218 6.376005
v 19.059628 18.669420 6.376005
v 19.059628 -16.964819 0.357980
v 15.783436 -16.964819 0.357980
v 15.783436 -16.947430 0.365179
v 19.059628 -16.947430 0.365179
v 15.783436 -16.940237 0.382568
v 19.059628 -16.940237 0.382568
v 15.758850 -17.188858 0.382568
v 15.758850 -16.964819 0.382568
v 15.766052 -16.964819 0.365179
v 15.766052 -17.188858 0.365179
v 15.766052 -17.188858 0.365179
v 15.766052 -16.964819 0.365179
v 15.783436 -16.964819 0.357980
v 15.783436 -17.188858 0.357980
v 19.059628 -17.213451 0.382568
v 15.783436 -17.213451 0.382568
v 15.783436 -17.206240 0.365179
v 19.059628 -17.206240 0.365179
v 19.059628 -17.188858 0.357980
v 15.758851 -17.188858 6.376005
v 15.766052 -17.206240 0.382568
v 15.766053 -17.206240 6.376005
v 15.766053 -17.206240 6.376005
v 15.766052 -17.206240 0.382568
v 15.783437 -17.213451 6.376005
v 15.758851 -16.964819 18.412056
v 15.758852 -16.964819 24.405506
v 15.766054 -16.947430 24.405506
v 15.766053 -16.947430 18.412056
v 15.766053 -16.947430 18.412056
v 15.766054 -16.947430 24.405506
v 15.783438 -16.940237 24.405506
v 15.783437 -16.940237 18.412056
v 15.783438 -17.188858 24.430084
v 15.783438 -16.964819 24.430084
v 15.766054 -16.964819 24.422884
v 15.766054 -17.188858 24.422884
v 15.766054 -17.188858 24.422884
v 15.766054 -16.964819 24.422884
v 15.758852 -17.188858 24.405506
v 19.059629 -16.940237 24.405506
v 15.783438 -16.947430 24.422884
v 19.059629 -16.947430 24.422884
v 19.059629 -16.964819 24.430084
v 19.059629 -17.188858 24.430084
v 15.783438 -17.206240 24.422884
v 19.059629 -17.206240 24.422884
v 19.059629 -17.206240 24.422884
v 15.783438 -17.206240 24.422884
v 15.783438 -17.213451 24.405506
v 19.059629 -17.213451 24.405506
v 19.084215 -17.188858 24.405506
v 19.084215 -16.964819 24.405506
v 19.077017 -16.964819 24.422884
v 19.077017 -17.188858 24.422884
v 19.077017 -17.188858 24.422884
v 19.077017 -16.964819 24.422884
v 19.084213 -16.964819 6.376005
v 19.084213 -16.964819 0.382568
v 19.077015 -16.947430 0.382568
v 19.077015 -16.947430 6.376005
v 19.077015 -16.947430 6.376005
v 19.077015 -16.947430 0.382568
v 19.059628 -16.940237 6.376005
v 19.059628 -16.964819 0.357980
v 19.077015 -16.964819 0.365179
v 19.077015 -17.188858 0.365179
v 19.077015 -17.188858 0.365179
v 19.077015 -16.964819 0.365179
v 19.084213 -17.188858 0.382568
v 19.059628 -17.213451 6.376005
v 19.077015 -17.206240 0.382568
v 19.077015 -17.206240 6.376005
v 19.077015 -17.206240 6.376005
v 19.077015 -17.206240 0.382568
v 19.084213 -17.188858 6.376005
v 15.758851 18.644840 18.412056
v 19.084215 18.420790 18.412056
v 19.084215 18.644840 18.412056
v 19.059629 18.669420 18.412056
v 15.783437 18.669420 18.412056
v 19.059629 18.396210 18.412056
v 15.758851 -17.188858 18.412056
v 19.084215 -16.964819 18.412056
v 19.084215 -17.188858 18.412056
v 15.783437 -17.213438 18.412056
v 19.059629 -17.213451 18.412056
v 19.059629 -16.940237 18.412056
v 15.783437 18.396210 6.376005
v 19.084213 18.420790 6.376005
v 15.758851 18.420790 6.376005
v 15.783437 18.396210 12.394024
v 19.059628 18.396210 12.394023
v 19.084213 18.644840 12.394023
v 19.084213 18.420790 12.394023
v 19.059628 18.669420 12.394023
v 15.783437 18.669420 12.394024
v 15.758851 18.644840 12.394024
v 15.758851 18.420790 12.394024
v 15.758851 -16.964819 6.376005
v 15.783437 -16.940237 6.376005
v 15.758851 -16.964819 12.394024
v 15.758851 -17.188858 12.394024
v 15.783437 -17.213438 12.394024
v 19.059628 -17.213451 12.394023
v 19.084213 -16.964819 12.394023
v 19.084213 -17.188858 12.394023
v 19.059628 -16.940237 12.394023
v 15.783437 -16.940237 12.394024
v 15.766052 18.403408 0.382568
v 15.766053 18.403408 6.376005
v 15.766053 18.662218 12.394024
v 15.766053 18.662218 12.394024
v 19.084215 18.420790 18.412056
v 19.084215 18.420790 24.405506
v 19.077017 18.403408 24.405506
v 19.077017 18.403408 18.412056
v 19.077017 18.662218 24.405506
v 19.077017 18.662218 18.412056
v 15.766052 -16.947430 0.382568
v 15.766053 -16.947430 6.376005
v 15.766053 -16.947430 6.376005
v 15.766052 -16.947430 0.382568
v 15.766053 -17.206240 12.394024
v 15.766053 -17.206240 12.394024
v 19.077017 -16.947430 24.405506
v 19.077017 -16.947430 18.412056
v 19.077017 -16.947430 18.412056
v 19.077017 -16.947430 24.405506
v 19.077017 -17.206240 24.405506
v 19.077017 -17.206240 18.412056
v 19.077017 -17.206240 18.412056
v 19.077017 -17.206240 24.405506
v 15.766053 18.403408 12.394024
v 19.077015 18.403408 12.394023
v 19.084213 18.420790 12.394023
v 19.077015 18.662218 12.394023
v 15.766053 18.662218 18.412056
v 15.766053 18.662218 18.412056
v 15.766054 18.662218 24.405506
v 15.766054 18.662218 24.405506
v 15.766053 -16.947430 12.394024
v 15.766053 -16.947430 12.394024
v 15.766053 -17.206240 18.412056
v 15.766053 -17.206240 18.412056
v 19.077015 -17.206240 12.394023
v 19.077015 -17.206240 12.394023
v 19.077015 -16.947430 12.394023
v 19.077015 -16.947430 12.394023
v 15.766054 -17.206240 24.405506
v 15.766054 -17.206240 24.405506
v 15.769245 18.406609 0.368380
v 15.769245 18.406609 0.368380
v 15.769245 18.659018 0.368380
v 15.769245 18.659018 0.368380
v 15.766052 18.644840 0.365179
v 15.758850 18.644840 0.382568
v 15.769247 18.406609 24.419683
v 15.769247 18.406609 24.419683
v 15.769247 18.659018 24.419683
v 15.769247 18.659018 24.419683
v 15.769247 18.659018 24.419683
v 19.073820 18.406609 24.419683
v 19.077017 18.420790 24.422884
v 19.073820 18.406609 24.419683
v 19.073820 18.659018 24.419683
v 19.073820 18.659018 24.419683
v 19.073818 18.406609 0.368380
v 19.077015 18.420790 0.365179
v 19.073818 18.406609 0.368380
v 19.073818 18.659018 0.368380
v 19.073818 18.659018 0.368380
v 15.769245 -16.950630 0.368380
v 15.766052 -16.964819 0.365179
v 15.769245 -16.950630 0.368380
v 15.769245 -17.203051 0.368380
v 15.769245 -17.203051 0.368380
v 15.769247 -16.950630 24.419683
v 15.769247 -16.950630 24.419683
v 15.769247 -17.203051 24.419683
v 15.769247 -17.203051 24.419683
v 15.769247 -17.203051 24.419683
v 19.073820 -16.950630 24.419683
v 19.073820 -16.950630 24.419683
v 19.073820 -17.203051 24.419683
v 19.073820 -17.203051 24.419683
v 19.073820 -17.203051 24.419683
v 19.073818 -16.950630 0.368380
v 19.073818 -16.950630 0.368380
v 19.077015 -16.964819 0.365179
v 19.073818 -17.203051 0.368380
v 19.073818 -17.203051 0.368380
v 15.608698 -16.915911 19.879086
v 15.608697 -16.915911 16.177916
v 15.615823 -16.933109 16.177916
v 15.615824 -16.933109 19.879086
v 15.633023 -16.940237 16.177916
v 15.633024 -16.940237 19.879086
v 15.608698 -12.863058 19.879086
v 15.615824 -16.915911 19.896288
v 15.615824 -12.863058 19.896288
v 15.615824 -12.863058 19.896288
v 15.615824 -16.915911 19.896288
v 15.633024 -16.915911 19.903408
v 15.633024 -12.863058 19.903408
v 15.734533 -16.915911 19.903408
v 15.633024 -16.933109 19.896288
v 15.734533 -16.933109 19.896288
v 15.734533 -16.933109 19.896288
v 15.633024 -16.933109 19.896288
v 15.734533 -16.940237 19.879086
v 15.734533 -12.863058 19.903408
v 15.751726 -16.915911 19.896288
v 15.751726 -12.863058 19.896288
v 15.751726 -12.863058 19.896288
v 15.751726 -16.915911 19.896288
v 15.758852 -16.915911 19.879086
v 15.758852 -12.863058 19.879086
v 15.758851 -16.915911 16.177916
v 15.751726 -16.933109 19.879086
v 15.751725 -16.933109 16.177916
v 15.751725 -16.933109 16.177916
v 15.751726 -16.933109 19.879086
v 15.734532 -16.940237 16.177916
v 15.633024 -12.838739 19.879086
v 15.633023 -12.838739 16.177916
v 15.615823 -12.845857 16.177916
v 15.615824 -12.845857 19.879086
v 15.608697 -12.863058 16.177916
v 15.734533 -12.838739 19.879086
v 15.633024 -12.838739 19.879086
v 15.633024 -12.845857 19.896288
v 15.734533 -12.845857 19.896288
v 15.734533 -12.845857 19.896288
v 15.633024 -12.845857 19.896288
v 15.758852 -12.863058 19.879086
v 15.758851 -12.863058 16.177916
v 15.751725 -12.845857 16.177916
v 15.751726 -12.845857 19.879086
v 15.734532 -12.838739 16.177916
v 15.758850 -16.915911 5.118978
v 15.758851 -16.915911 10.636286
v 15.751725 -16.933109 10.636286
v 15.751724 -16.933109 5.118978
v 15.751724 -16.933109 5.118978
v 15.751725 -16.933109 10.636286
v 15.734532 -16.940237 10.636286
v 15.734531 -16.940237 5.118978
v 15.633022 -16.915911 5.094655
v 15.734531 -16.915911 5.094655
v 15.734531 -16.933109 5.101779
v 15.633022 -16.933109 5.101779
v 15.633022 -16.933109 5.101779
v 15.734531 -16.933109 5.101779
v 15.633022 -16.940237 5.118978
v 15.758850 -12.863058 5.118978
v 15.751724 -16.915911 5.101779
v 15.751724 -12.863058 5.101779
v 15.751724 -12.863058 5.101779
v 15.751724 -16.915911 5.101779
v 15.734531 -12.863058 5.094655
v 15.633022 -12.838739 5.118978
v 15.734531 -12.838739 5.118978
v 15.734531 -12.845857 5.101779
v 15.633022 -12.845857 5.101779
v 15.633022 -12.845857 5.101779
v 15.734531 -12.845857 5.101779
v 15.633022 -12.863058 5.094655
v 15.608696 -16.915911 5.118978
v 15.608696 -12.863058 5.118978
v 15.615822 -12.863058 5.101779
v 15.615822 -16.915911 5.101779
v 15.615822 -16.915911 5.101779
v 15.615822 -12.863058 5.101779
v 15.758851 -12.863058 16.177916
v 15.758851 -12.863058 10.636286
v 15.633023 -12.838739 10.636286
v 15.734532 -12.838739 10.636286
v 15.608697 -16.915911 10.636286
v 15.608697 -12.863058 10.636286
v 15.633023 -16.940237 10.636286
v 15.633023 -12.838739 16.177916
v 15.615823 -16.933109 10.636286
v 15.615823 -12.845857 10.636286
v 15.633023 -12.838739 10.636286
v 15.751725 -12.845857 10.636286
v 15.758851 -12.863058 10.636286
v 15.751724 -12.845857 5.118978
v 15.758850 -12.863058 5.118978
v 15.615822 -12.845857 5.118978
v 15.633022 -12.838739 5.118978
v 15.615822 -16.933109 5.118978
v 15.618982 -16.929949 19.893124
v 15.618982 -16.929949 19.893124
v 15.748568 -16.929949 19.893124
v 15.748568 -16.929949 19.893124
v 15.748568 -16.929949 19.893124
v 15.618982 -12.849020 19.893124
v 15.618982 -12.849020 19.893124
v 15.633024 -12.845857 19.896288
v 15.748568 -12.849020 19.893124
v 15.748568 -12.849020 19.893124
v 15.751726 -12.863058 19.896288
v 15.748566 -16.929949 5.104938
v 15.748566 -16.929949 5.104938
v 15.748566 -16.929949 5.104938
v 15.748566 -12.849020 5.104938
v 15.751724 -12.863058 5.101779
v 15.748566 -12.849020 5.104938
v 15.618980 -12.849020 5.104938
v 15.633022 -12.845857 5.101779
v 15.618980 -12.849020 5.104938
v 15.618980 -16.929949 5.104938
v 15.618980 -16.929949 5.104938
v 14.057125 -3.911834 1.509278
v 14.076439 -3.919836 1.509278
v 14.076439 -3.919836 4.823179
v 14.057125 -3.911834 4.823179
v 14.049122 -3.892512 1.509278
v 14.057125 -3.911834 1.509278
v 14.057125 -3.911834 4.823179
v 14.049122 -3.892512 4.823179
v 14.076439 -3.911834 1.489960
v 14.076439 -3.892512 1.481958
v 19.056896 -3.892512 1.481958
v 19.056896 -3.911834 1.489960
v 19.056896 -3.919836 1.509278
v 14.057125 -3.892512 1.489960
v 14.049122 -3.673943 1.509278
v 14.057125 -3.673943 1.489960
v 14.057125 -3.892512 1.489960
v 14.057125 -3.673943 1.489960
v 14.076439 -3.673943 1.481958
v 14.057125 -3.654625 1.509278
v 14.049122 -3.673943 4.823179
v 14.057125 -3.654625 4.823179
v 14.076439 -3.646623 1.509278
v 14.057125 -3.654625 1.509278
v 14.057125 -3.654625 4.823179
v 14.076439 -3.646623 4.823179
v 14.076439 -3.654625 1.489960
v 19.056896 -3.646623 1.509278
v 19.056896 -3.654625 1.489960
v 14.076439 -3.673943 1.481958
v 19.056896 -3.673943 1.481958
v 15.766852 -3.911834 23.278799
v 15.758852 -3.892512 23.278799
v 15.758851 -3.892512 16.449389
v 15.766851 -3.911834 16.449389
v 15.786169 -3.919836 23.278799
v 15.786168 -3.919836 16.449389
v 15.766852 -3.892512 23.298109
v 15.786169 -3.892512 23.306110
v 15.786169 -3.673943 23.306110
v 15.766852 -3.673943 23.298109
v 15.766852 -3.892512 23.298109
v 15.766852 -3.673943 23.298109
v 15.758852 -3.673943 23.278799
v 15.786169 -3.911834 23.298109
v 19.056898 -3.919836 23.278799
v 19.056898 -3.911834 23.298109
v 15.786169 -3.911834 23.298109
v 19.056898 -3.911834 23.298109
v 19.056898 -3.892512 23.306110
v 15.766852 -3.654625 23.278799
v 15.786169 -3.646623 23.278799
v 15.786168 -3.646623 16.449389
v 15.766851 -3.654625 16.449389
v 15.766852 -3.654625 23.278799
v 15.766851 -3.654625 16.449389
v 15.758851 -3.673943 16.449389
v 15.786169 -3.654625 23.298109
v 19.056898 -3.673943 23.306110
v 19.056898 -3.654625 23.298109
v 15.786169 -3.654625 23.298109
v 19.056898 -3.654625 23.298109
v 19.056898 -3.646623 23.278799
v 19.076220 -3.911834 23.278799
v 19.056898 -3.919836 23.278799
v 19.056898 -3.919836 16.449389
v 19.076220 -3.911834 16.449389
v 19.084219 -3.892512 23.278799
v 19.084219 -3.892512 16.449389
v 19.076220 -3.892512 23.298109
v 19.084219 -3.673943 23.278799
v 19.076220 -3.673943 23.298109
v 19.076220 -3.892512 23.298109
v 19.076220 -3.673943 23.298109
v 19.076220 -3.654625 23.278799
v 19.084219 -3.673943 23.278799
v 19.084219 -3.673943 16.449389
v 19.076220 -3.654625 16.449389
v 19.056898 -3.646623 16.449389
v 19.076210 -3.911834 1.509278
v 19.084213 -3.892512 1.509278
v 19.084213 -3.892512 4.823179
v 19.076210 -3.911834 4.823179
v 19.076210 -3.911834 1.509278
v 19.076210 -3.911834 4.823179
v 19.056896 -3.919836 4.823179
v 19.076210 -3.892512 1.489960
v 19.056896 -3.673943 1.481958
v 19.076210 -3.673943 1.489960
v 19.076210 -3.892512 1.489960
v 19.076210 -3.673943 1.489960
v 19.084213 -3.673943 1.509278
v 19.076210 -3.654625 1.509278
v 19.056896 -3.646623 4.823179
v 19.076210 -3.654625 4.823179
v 19.076210 -3.654625 1.509278
v 19.076210 -3.654625 4.823179
v 19.084213 -3.673943 4.823179
v 15.786168 -3.911834 16.430071
v 15.786168 -3.892512 16.422070
v 19.056898 -3.892512 16.422070
v 19.056898 -3.911834 16.430071
v 15.786168 -3.911834 16.430071
v 19.056898 -3.911834 16.430071
v 19.056898 -3.919836 16.449389
v 15.766851 -3.892512 16.430071
v 15.766851 -3.673943 16.430071
v 15.766851 -3.892512 16.430071
v 15.766851 -3.673943 16.430071
v 15.786168 -3.673943 16.422070
v 19.076220 -3.892512 16.430071
v 19.056898 -3.673943 16.422070
v 19.076220 -3.673943 16.430071
v 19.076220 -3.892512 16.430071
v 19.076220 -3.673943 16.430071
v 19.084219 -3.673943 16.449389
v 14.057125 -3.892512 4.842494
v 14.076439 -3.892512 4.850498
v 14.076439 -3.673943 4.850498
v 14.057125 -3.673943 4.842494
v 14.057125 -3.892512 4.842494
v 14.057125 -3.673943 4.842494
v 14.076439 -3.911834 4.842494
v 19.056896 -3.911834 4.842494
v 14.076439 -3.892512 4.850498
v 19.056896 -3.892512 4.850498
v 19.076210 -3.892512 4.842494
v 19.076210 -3.673943 4.842494
v 19.056896 -3.892512 4.850498
v 19.076210 -3.892512 4.842494
v 19.076210 -3.673943 4.842494
v 19.056896 -3.673943 4.850498
v 14.076439 -3.654625 4.842494
v 19.056896 -3.654625 4.842494
v 15.786168 -3.654625 16.430071
v 19.056898 -3.654625 16.430071
v 15.786168 -3.654625 16.430071
v 19.056898 -3.654625 16.430071
v 14.060669 -3.908282 1.493509
v 14.060669 -3.908282 1.493509
v 14.060669 -3.658177 1.493509
v 14.060669 -3.658177 1.493509
v 14.057125 -3.673943 1.489960
v 15.770403 -3.908282 23.294559
v 15.770403 -3.908282 23.294559
v 15.770403 -3.658177 23.294559
v 15.770403 -3.658177 23.294559
v 15.770403 -3.658177 23.294559
v 19.072668 -3.908282 23.294559
v 19.056898 -3.911834 23.298109
v 19.072668 -3.908282 23.294559
v 19.072668 -3.658177 23.294559
v 19.076220 -3.673943 23.298109
v 19.072668 -3.658177 23.294559
v 19.072659 -3.908282 1.493509
v 19.072659 -3.908282 1.493509
v 19.072659 -3.658177 1.493509
v 19.072659 -3.658177 1.493509
v 19.076210 -3.673943 1.489960
v 15.770402 -3.908282 16.433619
v 15.770402 -3.908282 16.433619
v 19.056898 -3.911834 16.430071
v 19.072668 -3.908282 16.433619
v 19.072668 -3.908282 16.433619
v 14.060669 -3.908282 4.838945
v 14.060669 -3.908282 4.838945
v 14.057125 -3.892512 4.842494
v 19.072659 -3.908282 4.838944
v 19.072659 -3.908282 4.838944
v 19.076210 -3.892512 4.842494
v 14.060669 -3.658177 4.838945
v 14.060669 -3.658177 4.838945
v 15.770402 -3.658177 16.433619
v 15.770402 -3.658177 16.433619
v 15.770402 -3.658177 16.433619
v 19.072659 -3.658177 4.838944
v 19.072659 -3.658177 4.838944
v 19.076220 -3.673943 16.430071
v 19.072668 -3.658177 16.433619
v 19.072668 -3.658177 16.433619
v 19.056875 14.097689 16.177916
v 15.786195 14.097689 16.177916
v 15.786195 14.117020 16.185926
v 19.056875 14.117020 16.185926
v 19.056875 14.117020 16.185926
v 15.786195 14.117020 16.185926
v 15.786195 14.125029 16.205259
v 19.056875 14.125029 16.205259
v 15.786195 14.125029 16.394724
v 15.766858 14.117020 16.205259
v 15.766858 14.117020 16.394724
v 15.766858 14.117020 16.394724
v 15.766858 14.117020 16.205259
v 15.758851 14.097689 16.205259
v 15.758851 14.097689 16.394724
v 15.758851 5.397826 16.205259
v 15.758851 9.747755 16.205259
v 15.766858 9.747755 16.185926
v 15.766858 5.397826 16.185926
v 15.786195 9.747755 16.177916
v 15.786195 5.397826 16.177916
v 19.056875 14.125029 16.394724
v 15.786195 14.117020 16.414061
v 19.056875 14.117020 16.414061
v 19.056875 14.117020 16.414061
v 15.786195 14.117020 16.414061
v 15.786195 14.097689 16.422070
v 19.056875 14.097689 16.422070
v 15.786195 9.747755 16.422070
v 15.766858 14.097689 16.414061
v 15.766858 9.747755 16.414061
v 15.758851 9.747755 16.394724
v 19.076212 14.117020 16.394724
v 19.076212 14.117020 16.205259
v 19.076212 14.117020 16.205259
v 19.076212 14.117020 16.394724
v 19.084219 14.097689 16.394724
v 19.084219 14.097689 16.205259
v 19.084219 9.747755 16.394724
v 19.076212 14.097689 16.414061
v 19.076212 9.747755 16.414061
v 19.076212 9.747755 16.414061
v 19.076212 14.097689 16.414061
v 19.056875 9.747755 16.422070
v 19.056875 9.747755 16.177916
v 19.056875 14.097689 16.177916
v 19.076212 14.097689 16.185926
v 19.076212 9.747755 16.185926
v 19.084219 9.747755 16.205259
v 19.056875 -12.669062 16.205259
v 15.786195 -12.669062 16.205259
v 15.786195 -12.661048 16.185926
v 19.056875 -12.661048 16.185926
v 15.786195 -12.641710 16.177916
v 19.056875 -12.641710 16.177916
v 15.758851 -12.641710 16.394724
v 15.758851 -12.641710 16.205259
v 15.766858 -12.661048 16.205259
v 15.766858 -12.661048 16.394724
v 15.766858 -12.661048 16.394724
v 15.766858 -12.661048 16.205259
v 15.786195 -12.669062 16.394724
v 15.758851 -8.293949 16.394724
v 15.766858 -12.641710 16.414061
v 15.766858 -8.293949 16.414061
v 15.766858 -8.293949 16.414061
v 15.766858 -12.641710 16.414061
v 15.786195 -12.641710 16.422070
v 15.786195 -8.293949 16.422070
v 19.056875 -12.641710 16.422070
v 15.786195 -12.661048 16.414061
v 19.056875 -12.661048 16.414061
v 19.056875 -12.661048 16.414061
v 15.786195 -12.661048 16.414061
v 19.056875 -12.669062 16.394724
v 19.084219 -12.641710 16.205259
v 19.084219 -12.641710 16.394724
v 19.076212 -12.661048 16.394724
v 19.076212 -12.661048 16.205259
v 19.076212 -12.661048 16.205259
v 19.076212 -12.661048 16.394724
v 15.786195 5.069930 16.177916
v 15.786195 0.692339 16.177916
v 15.766858 0.692339 16.185926
v 15.766858 5.069930 16.185926
v 15.766858 5.069930 16.185926
v 15.766858 0.692339 16.185926
v 15.758851 0.692339 16.205259
v 15.758851 5.069930 16.205259
v 15.786195 5.097270 16.394724
v 15.786195 5.097270 16.205259
v 15.766858 5.089264 16.205259
v 15.766858 5.089264 16.394724
v 15.766858 5.089264 16.394724
v 15.766858 5.089264 16.205259
v 15.758851 5.069930 16.394724
v 19.056875 5.069930 16.177916
v 15.786195 5.089264 16.185926
v 19.056875 5.089264 16.185926
v 19.056875 5.097270 16.205259
v 19.084219 5.069930 16.205259
v 19.084219 0.692339 16.205259
v 19.076212 0.692339 16.185926
v 19.076212 5.069930 16.185926
v 19.076212 5.069930 16.185926
v 19.076212 0.692339 16.185926
v 19.056875 0.692339 16.177916
v 19.084219 5.069930 16.394724
v 19.076212 5.089264 16.205259
v 19.076212 5.089264 16.394724
v 19.076212 5.089264 16.394724
v 19.076212 5.089264 16.205259
v 19.056875 5.097270 16.394724
v 19.056875 5.069930 16.422070
v 19.056875 0.692339 16.422070
v 19.076212 0.692339 16.414061
v 19.076212 5.069930 16.414061
v 19.076212 5.069930 16.414061
v 19.076212 0.692339 16.414061
v 19.084219 0.692339 16.394724
v 15.786195 5.069930 16.422070
v 19.056875 5.089264 16.414061
v 15.786195 5.089264 16.414061
v 19.056875 5.097270 16.394724
v 15.786195 5.097270 16.394724
v 15.758851 0.692339 16.394724
v 15.766858 0.692339 16.414061
v 15.766858 5.069930 16.414061
v 15.766858 5.069930 16.414061
v 15.766858 0.692339 16.414061
v 15.786195 0.692339 16.422070
v 19.056875 5.370482 16.205259
v 15.786195 5.370482 16.205259
v 15.786195 5.378491 16.185926
v 19.056875 5.378491 16.185926
v 19.056875 5.378491 16.185926
v 15.786195 5.378491 16.185926
v 19.056875 5.397826 16.177916
v 15.758851 5.397826 16.394724
v 15.766858 5.378491 16.205259
v 15.766858 5.378491 16.394724
v 15.766858 5.378491 16.394724
v 15.766858 5.378491 16.205259
v 15.786195 5.370482 16.394724
v 19.056875 5.370482 16.394724
v 19.076212 5.378491 16.205259
v 19.076212 5.378491 16.394724
v 19.076212 5.378491 16.394724
v 19.076212 5.378491 16.205259
v 19.084219 5.397826 16.205259
v 19.084219 5.397826 16.394724
v 19.056875 5.378491 16.414061
v 15.786195 5.378491 16.414061
v 15.786195 5.378491 16.414061
v 19.056875 5.378491 16.414061
v 19.056875 5.397826 16.422070
v 15.786195 5.397826 16.422070
v 19.056875 9.747755 16.177916
v 19.056875 -8.293949 16.422070
v 19.084219 -8.293949 16.205259
v 19.084219 -8.293949 16.394724
v 15.786195 -12.641710 16.177916
v 15.786195 -8.293949 16.177916
v 19.056875 -8.293949 16.177916
v 19.056875 -12.641710 16.177916
v 15.758851 -8.293949 16.205259
v 15.758851 -3.758658 16.394724
v 15.758851 -3.758658 16.205259
v 15.786195 -3.758658 16.177916
v 19.056875 -3.758658 16.177916
v 19.084219 -3.758658 16.205259
v 19.084219 -3.758658 16.394724
v 19.056875 -3.758658 16.422070
v 15.786195 -3.758658 16.422070
v 15.766858 14.097689 16.185926
v 15.766858 5.397826 16.414061
v 19.076212 5.397826 16.414061
v 19.076212 5.397826 16.414061
v 19.056875 5.397826 16.177916
v 19.076212 5.397826 16.185926
v 15.766858 -3.758658 16.185926
v 15.766858 -3.758658 16.185926
v 19.076212 -3.758658 16.185926
v 19.076212 -3.758658 16.185926
v 19.076212 -3.758658 16.414061
v 19.076212 -3.758658 16.414061
v 15.766858 -3.758658 16.414061
v 15.766858 -3.758658 16.414061
v 19.076212 -12.641710 16.414061
v 19.076212 -8.293949 16.414061
v 19.076212 -8.293949 16.414061
v 19.076212 -12.641710 16.414061
v 19.076212 -12.641710 16.185926
v 19.076212 -8.293949 16.185926
v 19.076212 -8.293949 16.185926
v 19.076212 -12.641710 16.185926
v 15.766858 -12.641710 16.185926
v 15.766858 -8.293949 16.185926
v 15.766858 -8.293949 16.185926
v 15.766858 -12.641710 16.185926
v 15.770410 14.113470 16.189478
v 15.770410 14.113470 16.189478
v 15.770410 14.113470 16.410507
v 15.770410 14.113470 16.410507
v 19.072657 14.113470 16.410507
v 19.072657 14.113470 16.410507
v 19.072657 14.113470 16.410507
v 19.072657 14.113470 16.189478
v 19.056875 14.117020 16.185926
v 19.072657 14.113470 16.189478
v 15.770410 -12.657487 16.189478
v 15.770410 -12.657487 16.189478
v 15.766858 -12.641710 16.185926
v 15.770410 -12.657487 16.410507
v 15.770410 -12.657487 16.410507
v 15.770410 -12.657487 16.410507
v 19.072657 -12.657487 16.410507
v 19.072657 -12.657487 16.410507
v 19.072657 -12.657487 16.410507
v 19.072657 -12.657487 16.189478
v 19.076212 -12.641710 16.185926
v 19.072657 -12.657487 16.189478
v 15.770410 5.085711 16.189478
v 15.770410 5.085711 16.189478
v 19.072657 5.085711 16.189478
v 19.072657 5.085711 16.189478
v 19.072657 5.085711 16.410507
v 19.076212 5.089264 16.394724
v 19.072657 5.085711 16.410507
v 15.770410 5.085711 16.410507
v 15.766858 5.089264 16.394724
v 15.770410 5.085711 16.410507
v 15.770410 5.382044 16.189478
v 15.770410 5.382044 16.189478
v 19.072657 5.382044 16.189478
v 19.056875 5.378491 16.185926
v 19.072657 5.382044 16.189478
v 19.072657 5.382044 16.410507
v 19.056875 5.397826 16.422070
v 19.056875 5.378491 16.414061
v 19.072657 5.382044 16.410507
v 15.770410 5.382044 16.410507
v 15.770410 5.382044 16.410507
v 15.783264 -16.940237 5.314394
v 19.059803 -16.940237 5.314394
v 19.059803 -16.933081 5.331655
v 15.783264 -16.933081 5.331655
v 19.059803 -16.915817 5.338808
v 15.783264 -16.915817 5.338808
v 19.084217 -16.915817 5.119065
v 19.084217 -16.915817 5.314394
v 19.077068 -16.933081 5.314394
v 19.077068 -16.933081 5.119065
v 19.077068 -16.933081 5.119065
v 19.077068 -16.933081 5.314394
v 19.059803 -16.940237 5.119065
v 19.059803 -12.966679 5.338808
v 19.059803 -16.915817 5.338808
v 19.077068 -16.915817 5.331655
v 19.077068 -12.966679 5.331655
v 19.077068 -12.966679 5.331655
v 19.077068 -16.915817 5.331655
v 19.084217 -12.966679 5.314394
v 19.084217 -12.966679 5.119065
v 19.077068 -16.915817 5.101802
v 19.077068 -12.966679 5.101802
v 19.077068 -12.966679 5.101802
v 19.077068 -16.915817 5.101802
v 19.059803 -16.915817 5.094653
v 19.059803 -12.966679 5.094653
v 15.783264 -16.915817 5.094653
v 19.059803 -16.915817 5.094653
v 19.059803 -16.933081 5.101802
v 15.783264 -16.933081 5.101803
v 15.783264 -16.940237 5.119065
v 15.783264 -12.966679 5.094653
v 15.783264 -16.915817 5.094653
v 15.765999 -16.915817 5.101803
v 15.765999 -12.966679 5.101803
v 15.765999 -12.966679 5.101803
v 15.765999 -16.915817 5.101803
v 15.758850 -16.915817 5.119065
v 15.758850 -12.966679 5.119065
v 15.758850 -16.915817 5.314394
v 15.765999 -16.933081 5.119065
v 15.765999 -16.933081 5.314394
v 15.765999 -16.933081 5.314394
v 15.765999 -16.933081 5.119065
v 19.059803 -12.942269 5.119065
v 19.059803 -12.942269 5.314394
v 19.077068 -12.949419 5.314394
v 19.077068 -12.949419 5.119065
v 19.077068 -12.949419 5.119065
v 19.077068 -12.949419 5.314394
v 15.783264 -12.966679 5.338808
v 19.059803 -12.949419 5.331655
v 15.783264 -12.949419 5.331655
v 15.783264 -12.942269 5.314394
v 15.783264 -12.942269 5.119065
v 19.059803 -12.949419 5.101802
v 15.783264 -12.949419 5.101803
v 15.758850 -12.966679 5.314394
v 15.765999 -16.915817 5.331655
v 15.765999 -12.966679 5.331655
v 15.765999 -12.966679 5.331655
v 15.765999 -16.915817 5.331655
v 15.783264 -16.915817 5.338808
v 15.765999 -12.949419 5.314394
v 15.765999 -12.949419 5.119065
v 15.765999 -12.949419 5.119065
v 15.765999 -12.949419 5.314394
v 19.073895 -16.929913 5.328484
v 19.077068 -16.915817 5.331655
v 19.073895 -16.929913 5.328484
v 19.073895 -16.929913 5.104975
v 19.077068 -16.915817 5.101802
v 19.073895 -16.929913 5.104975
v 15.769169 -16.929913 5.104975
v 15.769169 -16.929913 5.104975
v 15.765999 -16.915817 5.101803
v 19.073895 -12.952592 5.328484
v 19.073895 -12.952592 5.328484
v 19.073895 -12.952592 5.104975
v 19.073895 -12.952592 5.104975
v 15.769169 -16.929913 5.328484
v 15.769169 -16.929913 5.328484
v 15.765999 -16.915817 5.331655
v 15.769169 -12.952592 5.328484
v 15.769169 -12.952592 5.328484
v 15.769169 -12.952592 5.104975
v 15.769169 -12.952592 5.104975
v 13.719761 -12.722099 5.067082
v 13.678009 -12.722730 4.884385
v 13.687363 -12.744422 4.883287
v 13.728668 -12.744238 5.065687
v 13.728668 -12.744238 5.065687
v 13.687363 -12.744422 4.883287
v 13.709991 -12.753381 4.882168
v 13.750256 -12.753381 5.064303
v 13.705326 -8.259595 4.850498
v 13.704731 -12.722987 4.850498
v 13.683262 -12.722890 4.860934
v 13.683468 -8.259595 4.861022
v 13.678009 -12.722730 4.884385
v 13.678074 -8.259595 4.884675
v 15.758850 -12.753381 4.881404
v 13.705933 -12.744488 4.859839
v 15.758850 -12.744319 4.859549
v 15.758850 -12.744319 4.859549
v 13.705933 -12.744488 4.859839
v 15.758850 -12.722467 4.850498
v 19.084217 -12.722467 4.881403
v 19.084217 -12.722467 5.063745
v 19.075165 -12.744319 5.063745
v 19.075165 -12.744319 4.881403
v 19.075165 -12.744319 4.881403
v 19.075165 -12.744319 5.063745
v 19.053310 -12.753381 5.063745
v 19.053310 -12.753381 4.881403
v 15.758850 -12.753381 5.063745
v 15.758850 -12.744319 5.085600
v 13.753670 -12.744238 5.085666
v 13.753670 -12.744238 5.085666
v 15.758850 -12.744319 5.085600
v 15.758850 -12.722467 5.094653
v 13.754341 -12.722099 5.094653
v 19.084217 0.727986 4.881403
v 19.084217 -3.765804 4.881403
v 19.075165 -3.765804 4.859549
v 19.075165 0.727986 4.859549
v 19.053310 -3.765804 4.850498
v 19.053310 0.727986 4.850498
v 19.053310 0.727986 5.094653
v 19.053310 -3.765804 5.094653
v 19.075165 -3.765804 5.085599
v 19.075165 0.727986 5.085599
v 19.084217 -3.765804 5.063745
v 19.084217 0.727986 5.063745
v 13.719837 0.727986 5.067404
v 13.719837 -3.765804 5.067404
v 13.732155 -3.765804 5.087006
v 13.732155 0.727986 5.087006
v 13.754013 -3.765804 5.094653
v 13.754013 0.727986 5.094653
v 13.750256 14.209348 5.064303
v 13.709991 14.209348 4.882168
v 13.687363 14.200389 4.883287
v 13.728668 14.200208 5.065687
v 13.728668 14.200208 5.065687
v 13.687363 14.200389 4.883287
v 13.678009 14.178700 4.884385
v 13.719761 14.178079 5.067082
v 15.758850 14.178439 5.094653
v 19.053310 14.178439 5.094653
v 19.053310 14.200298 5.085599
v 15.758850 14.200298 5.085600
v 15.758850 14.200298 5.085600
v 19.053310 14.200298 5.085599
v 19.053310 14.209348 5.063745
v 15.758850 14.209348 5.063745
v 19.084217 9.715566 5.063745
v 19.084217 14.178439 5.063745
v 19.075165 14.178439 5.085599
v 19.075165 9.715566 5.085599
v 19.053310 9.715566 5.094653
v 19.053310 14.209348 4.881403
v 19.075165 14.200298 5.063745
v 19.075165 14.200298 4.881403
v 19.075165 14.200298 4.881403
v 19.075165 14.200298 5.063745
v 19.084217 14.178439 5.063745
v 19.084217 14.178439 4.881403
v 19.053310 14.178439 4.850498
v 15.758850 14.178439 4.850498
v 15.758850 14.200298 4.859549
v 19.053310 14.200298 4.859549
v 19.053310 14.200298 4.859549
v 15.758850 14.200298 4.859549
v 15.758850 14.209348 4.881404
v 19.053310 9.715566 4.850498
v 19.075165 14.178439 4.859549
v 19.075165 9.715566 4.859549
v 19.084217 9.715566 4.881403
v 13.754013 9.715566 5.094653
v 13.754341 14.178079 5.094653
v 13.732227 14.178059 5.086915
v 13.732155 9.715566 5.087006
v 13.719761 14.178079 5.067082
v 13.719837 9.715566 5.067404
v 13.705326 0.727986 4.850498
v 15.758850 0.727986 4.850498
v 15.758850 -3.765804 4.850498
v 13.705326 -3.765804 4.850498
v 15.758850 0.727986 4.850498
v 15.758850 -3.765804 4.850498
v 19.084217 0.727986 4.881403
v 19.084217 -3.765804 4.881403
v 15.758850 0.727986 5.094653
v 15.758850 -3.765804 5.094653
v 13.719837 0.727986 5.067404
v 13.678074 0.727986 4.884675
v 13.678074 -3.765804 4.884675
v 13.719837 -3.765804 5.067404
v 15.758850 -8.259595 4.850498
v 15.758850 -8.259595 4.850498
v 19.053310 -8.259595 4.850498
v 19.053310 -12.722467 4.850498
v 15.758850 -12.722467 4.850498
v 19.084217 -8.259595 4.881403
v 19.084217 -8.259595 5.063745
v 19.053310 -8.259595 5.094653
v 15.758850 -8.259595 5.094653
v 19.053310 -12.722467 5.094653
v 13.754013 -8.259595 5.094653
v 13.719837 -8.259595 5.067404
v 13.719761 -12.722099 5.067082
v 15.758850 5.221776 4.850498
v 13.705326 5.221776 4.850498
v 19.053310 5.221776 4.850498
v 15.758850 5.221776 4.850498
v 19.084217 5.221776 5.063745
v 19.084217 5.221776 4.881403
v 15.758850 5.221776 5.094653
v 19.053310 5.221776 5.094653
v 13.754013 5.221776 5.094653
v 13.678074 5.221776 4.884675
v 13.719837 5.221776 5.067404
v 15.758850 14.178439 4.850498
v 15.758850 9.715566 4.850498
v 13.705326 9.715566 4.850498
v 13.705029 14.178700 4.850498
v 15.758850 9.715566 4.850498
v 19.084217 9.715566 4.881403
v 19.084217 14.178439 4.881403
v 15.758850 9.715566 5.094653
v 13.678074 9.715566 4.884675
v 13.719837 9.715566 5.067404
v 13.683468 -3.765804 4.861022
v 19.075165 -12.722467 5.085599
v 19.075165 -8.259595 5.085599
v 19.053310 -12.744319 4.859549
v 19.053310 -12.744319 4.859549
v 15.758850 -12.744319 4.859549
v 19.053310 -12.744319 5.085599
v 19.053310 -12.744319 5.085599
v 19.084217 -8.259595 4.881403
v 19.084217 -12.722467 4.881403
v 19.075165 -12.722467 4.859549
v 19.075165 -8.259595 4.859549
v 13.719837 -8.259595 5.067404
v 13.732227 -12.722080 5.086915
v 13.732155 -8.259595 5.087006
v 13.683468 0.727986 4.861022
v 13.683468 5.221776 4.861022
v 13.683357 14.178730 4.860934
v 13.683468 9.715566 4.861022
v 19.075165 5.221776 5.085599
v 13.706085 14.200389 4.859848
v 15.758850 14.200298 4.859549
v 13.706085 14.200389 4.859848
v 13.753670 14.200208 5.085666
v 13.753670 14.200208 5.085666
v 19.075165 5.221776 4.859549
v 19.084217 5.221776 4.881403
v 13.732155 5.221776 5.087006
v 13.719837 5.221776 5.067404
v 13.688080 -12.740500 4.864730
v 13.688080 -12.740500 4.864730
v 13.687363 -12.744422 4.883287
v 19.071148 -12.740309 5.081582
v 19.071148 -12.740309 5.081582
v 19.071148 -12.740309 4.863565
v 19.075165 -12.744319 4.881403
v 19.071148 -12.740309 4.863565
v 13.735687 -12.740170 5.082563
v 13.735687 -12.740170 5.082563
v 13.688148 14.196418 4.864735
v 13.688148 14.196418 4.864735
v 19.071148 14.196280 5.081582
v 19.071148 14.196280 5.081582
v 19.075165 14.200298 5.063745
v 19.071148 14.196280 4.863565
v 19.071148 14.196280 4.863565
v 13.735687 14.196140 5.082563
v 13.728668 14.200208 5.065687
v 13.735687 14.196140 5.082563
v 19.056875 18.368870 19.659250
v 15.786196 18.368870 19.659250
v 15.786196 18.388199 19.667261
v 19.056875 18.388199 19.667261
v 19.056875 18.388199 19.667261
v 15.786196 18.388199 19.667261
v 15.786196 18.396210 19.686598
v 19.056875 18.396210 19.686598
v 15.758852 14.425580 19.686598
v 15.758852 18.368870 19.686598
v 15.766859 18.368870 19.667261
v 15.766859 14.425580 19.667261
v 15.786196 14.425580 19.659250
v 15.786196 18.396210 19.876060
v 15.766859 18.388199 19.686598
v 15.766859 18.388199 19.876060
v 15.766859 18.388199 19.876060
v 15.766859 18.388199 19.686598
v 15.758852 18.368870 19.876060
v 15.758852 14.425580 19.876060
v 15.766859 14.406250 19.686598
v 15.766859 14.406250 19.876060
v 15.766859 14.406250 19.876060
v 15.766859 14.406250 19.686598
v 15.786196 14.398241 19.686598
v 15.786196 14.398241 19.876060
v 19.056875 14.398241 19.686598
v 15.786196 14.406250 19.667261
v 19.056875 14.406250 19.667261
v 19.056875 14.406250 19.667261
v 15.786196 14.406250 19.667261
v 19.056875 14.425580 19.659250
v 19.056875 18.396210 19.876060
v 15.786196 18.388199 19.895395
v 19.056875 18.388199 19.895395
v 19.056875 18.388199 19.895395
v 15.786196 18.388199 19.895395
v 15.786196 18.368870 19.903404
v 19.056875 18.368870 19.903404
v 15.786196 14.425580 19.903404
v 15.786196 18.368870 19.903404
v 15.766859 18.368870 19.895395
v 15.766859 14.425580 19.895395
v 19.056875 14.425580 19.903404
v 15.786196 14.425580 19.903404
v 15.786196 14.406250 19.895395
v 19.056875 14.406250 19.895395
v 19.056875 14.406250 19.895395
v 15.786196 14.406250 19.895395
v 19.056875 14.398241 19.876060
v 19.076212 18.388199 19.876060
v 19.076212 18.388199 19.686598
v 19.076212 18.388199 19.686598
v 19.076212 18.388199 19.876060
v 19.084219 18.368870 19.876060
v 19.084219 18.368870 19.686598
v 19.084219 14.425580 19.876060
v 19.076212 18.368870 19.895395
v 19.076212 14.425580 19.895395
v 19.084219 14.425580 19.686598
v 19.076212 14.406250 19.876060
v 19.076212 14.406250 19.686598
v 19.076212 14.406250 19.686598
v 19.076212 14.406250 19.876060
v 19.056875 14.425580 19.659250
v 19.056875 18.368870 19.659250
v 19.076212 18.368870 19.667261
v 19.076212 14.425580 19.667261
v 15.786196 -12.969609 19.659250
v 15.786196 -16.912889 19.659250
v 15.766859 -16.912889 19.667261
v 15.766859 -12.969609 19.667261
v 15.758852 -16.912889 19.686598
v 15.758852 -12.969609 19.686598
v 19.056875 -16.940237 19.686598
v 15.786196 -16.940237 19.686598
v 15.786196 -16.932220 19.667261
v 19.056875 -16.932220 19.667261
v 19.056875 -16.932220 19.667261
v 15.786196 -16.932220 19.667261
v 19.056875 -16.912889 19.659250
v 15.758852 -16.912889 19.876060
v 15.766859 -16.932220 19.686598
v 15.766859 -16.932220 19.876060
v 15.766859 -16.932220 19.876060
v 15.766859 -16.932220 19.686598
v 15.786196 -16.940237 19.876060
v 15.758852 -12.969609 19.876060
v 15.766859 -16.912889 19.895395
v 15.766859 -12.969609 19.895395
v 15.786196 -16.912889 19.903404
v 15.786196 -12.969609 19.903404
v 19.056875 -16.912889 19.903404
v 15.786196 -16.912889 19.903404
v 15.786196 -16.932220 19.895395
v 19.056875 -16.932220 19.895395
v 19.056875 -16.932220 19.895395
v 15.786196 -16.932220 19.895395
v 19.056875 -16.940237 19.876060
v 19.056875 -12.969609 19.903404
v 19.076212 -16.912889 19.895395
v 19.076212 -12.969609 19.895395
v 19.084219 -16.912889 19.876060
v 19.084219 -12.969609 19.876060
v 19.084219 -16.912889 19.686598
v 19.076212 -16.932220 19.876060
v 19.076212 -16.932220 19.686598
v 19.076212 -16.932220 19.686598
v 19.076212 -16.932220 19.876060
v 19.084219 -12.969609 19.686598
v 19.076212 -16.912889 19.667261
v 19.076212 -12.969609 19.667261
v 19.056875 -16.912889 19.659250
v 19.056875 -12.969609 19.659250
v 15.758852 -3.619280 19.686598
v 15.758852 0.692339 19.686598
v 15.766859 0.692339 19.667261
v 15.766859 -3.619280 19.667261
v 15.786196 0.692339 19.659250
v 15.786196 -3.619280 19.659250
v 15.758852 -3.619280 19.876060
v 15.766859 -3.638614 19.686598
v 15.766859 -3.638614 19.876060
v 15.766859 -3.638614 19.876060
v 15.766859 -3.638614 19.686598
v 15.786196 -3.646623 19.686598
v 15.786196 -3.646623 19.876060
v 19.056879 -3.646623 19.686598
v 15.786196 -3.638614 19.667261
v 19.056879 -3.638614 19.667261
v 19.056879 -3.638614 19.667261
v 15.786196 -3.638614 19.667261
v 19.056879 -3.619280 19.659250
v 19.056879 -3.619280 19.659250
v 19.056875 0.692339 19.659250
v 19.076212 0.692339 19.667261
v 19.076212 -3.619280 19.667261
v 19.084219 0.692339 19.686598
v 19.084219 -3.619280 19.686598
v 19.056879 -3.646623 19.876060
v 19.076212 -3.638614 19.686598
v 19.076212 -3.638614 19.876060
v 19.076212 -3.638614 19.876060
v 19.076212 -3.638614 19.686598
v 19.084219 -3.619280 19.876060
v 19.084219 0.692339 19.876060
v 19.076212 0.692339 19.895395
v 19.076212 -3.619280 19.895395
v 19.076212 -3.619280 19.895395
v 19.076212 0.692339 19.895395
v 19.056875 0.692339 19.903404
v 19.056879 -3.619280 19.903404
v 19.056879 -3.638614 19.895395
v 15.786196 -3.638614 19.895395
v 15.786196 -3.638614 19.895395
v 19.056879 -3.638614 19.895395
v 15.786196 -3.619280 19.903404
v 15.786196 0.692339 19.903404
v 15.766859 0.692339 19.895395
v 15.766859 -3.619280 19.895395
v 15.758852 0.692339 19.876060
v 15.786196 5.097270 19.876060
v 15.786196 5.097270 19.686598
v 15.766859 5.089264 19.686598
v 15.766859 5.089264 19.876060
v 15.766859 5.089264 19.876060
v 15.766859 5.089264 19.686598
v 15.758852 5.069930 19.686598
v 15.758852 5.069930 19.876060
v 19.056875 5.069930 19.659250
v 15.786196 5.069930 19.659250
v 15.786196 5.089264 19.667261
v 19.056875 5.089264 19.667261
v 19.056875 5.089264 19.667261
v 15.786196 5.089264 19.667261
v 19.056875 5.097270 19.686598
v 19.084219 5.069930 19.876060
v 19.084219 5.069930 19.686598
v 19.076212 5.089264 19.686598
v 19.076212 5.089264 19.876060
v 19.076212 5.089264 19.876060
v 19.076212 5.089264 19.686598
v 19.056875 5.097270 19.876060
v 15.786196 5.069930 19.903404
v 19.056875 5.069930 19.903404
v 19.056875 5.089264 19.895395
v 15.786196 5.089264 19.895395
v 15.786196 5.089264 19.895395
v 19.056875 5.089264 19.895395
v 19.056875 5.370482 19.686598
v 15.786196 5.370482 19.686598
v 15.786196 5.378491 19.667261
v 19.056875 5.378491 19.667261
v 15.786196 5.397826 19.659250
v 19.056875 5.397826 19.659250
v 15.758852 5.397826 19.876060
v 15.758852 5.397826 19.686598
v 15.766859 5.378491 19.686598
v 15.766859 5.378491 19.876060
v 15.766859 5.378491 19.876060
v 15.766859 5.378491 19.686598
v 15.786196 5.370482 19.876060
v 19.084219 9.747755 19.686598
v 19.084219 5.397826 19.686598
v 19.076212 5.397826 19.667261
v 19.076212 9.747755 19.667261
v 19.076212 9.747755 19.667261
v 19.076212 5.397826 19.667261
v 19.056875 5.397826 19.659250
v 19.056875 9.747755 19.659250
v 19.056875 5.370482 19.876060
v 19.076212 5.378491 19.686598
v 19.076212 5.378491 19.876060
v 19.076212 5.378491 19.876060
v 19.076212 5.378491 19.686598
v 19.084219 5.397826 19.876060
v 19.056875 9.747755 19.903404
v 19.056875 5.397826 19.903404
v 19.076212 5.397826 19.895395
v 19.076212 9.747755 19.895395
v 19.076212 9.747755 19.895395
v 19.076212 5.397826 19.895395
v 19.084219 9.747755 19.876060
v 19.056875 5.378491 19.895395
v 15.786196 5.378491 19.895395
v 15.786196 5.378491 19.895395
v 19.056875 5.378491 19.895395
v 15.786196 5.397826 19.903404
v 15.758852 9.747755 19.876060
v 15.766859 5.397826 19.895395
v 15.766859 9.747755 19.895395
v 15.766859 9.747755 19.895395
v 15.766859 5.397826 19.895395
v 15.786196 9.747755 19.903404
v 19.056879 14.097689 19.659250
v 15.786196 14.097689 19.659250
v 15.786196 14.117020 19.667261
v 19.056879 14.117020 19.667261
v 15.786196 14.125029 19.686598
v 19.056879 14.125029 19.686598
v 15.758852 9.747755 19.686598
v 15.758852 14.097689 19.686598
v 15.766859 14.097689 19.667261
v 15.766859 9.747755 19.667261
v 15.766859 9.747755 19.667261
v 15.766859 14.097689 19.667261
v 15.786196 9.747755 19.659250
v 15.786196 14.125029 19.876060
v 15.766859 14.117020 19.686598
v 15.766859 14.117020 19.876060
v 15.766859 14.117020 19.876060
v 15.766859 14.117020 19.686598
v 15.758852 14.097689 19.876060
v 19.056879 14.125029 19.876060
v 15.786196 14.125029 19.876060
v 15.786196 14.117020 19.895395
v 19.056879 14.117020 19.895395
v 15.786196 14.097689 19.903404
v 19.056879 14.097689 19.903404
v 19.056879 14.125029 19.876060
v 19.076212 14.117020 19.876060
v 19.076212 14.117020 19.686598
v 19.076212 14.117020 19.686598
v 19.076212 14.117020 19.876060
v 19.084219 14.097689 19.876060
v 19.084219 14.097689 19.686598
v 19.056879 -3.947179 19.659250
v 15.786196 -3.947179 19.659250
v 15.786196 -3.927841 19.667261
v 19.056879 -3.927841 19.667261
v 19.056879 -3.927841 19.667261
v 15.786196 -3.927841 19.667261
v 15.786196 -3.919836 19.686598
v 19.056879 -3.919836 19.686598
v 15.786196 -3.919836 19.876060
v 15.766859 -3.927841 19.686598
v 15.766859 -3.927841 19.876060
v 15.766859 -3.927841 19.876060
v 15.766859 -3.927841 19.686598
v 15.758852 -3.947179 19.686598
v 15.758852 -3.947179 19.876060
v 15.758852 -12.641710 19.686598
v 15.758852 -8.294444 19.686598
v 15.766859 -8.294444 19.667261
v 15.766859 -12.641710 19.667261
v 15.786196 -8.294444 19.659250
v 15.786196 -12.641710 19.659250
v 19.056879 -3.919836 19.876060
v 15.786196 -3.927841 19.895395
v 19.056879 -3.927841 19.895395
v 19.056879 -3.927841 19.895395
v 15.786196 -3.927841 19.895395
v 15.786196 -3.947179 19.903404
v 19.056879 -3.947179 19.903404
v 15.786196 -8.294444 19.903404
v 15.766859 -3.947179 19.895395
v 15.766859 -8.294444 19.895395
v 15.766859 -8.294444 19.895395
v 15.766859 -3.947179 19.895395
v 15.758852 -8.294444 19.876060
v 19.076212 -3.927841 19.876060
v 19.076212 -3.927841 19.686598
v 19.076212 -3.927841 19.686598
v 19.076212 -3.927841 19.876060
v 19.084219 -3.947179 19.876060
v 19.084219 -3.947179 19.686598
v 19.084219 -8.294444 19.876060
v 19.076212 -3.947179 19.895395
v 19.076212 -8.294444 19.895395
v 19.056875 -8.294444 19.903404
v 19.056875 -8.294444 19.659250
v 19.076212 -3.947179 19.667261
v 19.076212 -8.294444 19.667261
v 19.084219 -8.294444 19.686598
v 19.056875 -12.969609 19.659250
v 15.786196 -12.950271 19.667261
v 19.056875 -12.950271 19.667261
v 19.056875 -12.950271 19.667261
v 15.786196 -12.950271 19.667261
v 15.786196 -12.942269 19.686598
v 19.056875 -12.942269 19.686598
v 15.786196 -12.942269 19.876060
v 15.766859 -12.950271 19.686598
v 15.766859 -12.950271 19.876060
v 15.766859 -12.950271 19.876060
v 15.766859 -12.950271 19.686598
v 19.056875 -12.942269 19.876060
v 15.786196 -12.950271 19.895395
v 19.056875 -12.950271 19.895395
v 19.056875 -12.950271 19.895395
v 15.786196 -12.950271 19.895395
v 15.786196 -12.969609 19.903404
v 19.076212 -12.950271 19.876060
v 19.076212 -12.950271 19.686598
v 19.076212 -12.950271 19.686598
v 19.076212 -12.950271 19.876060
v 19.056875 -12.669062 19.686598
v 15.786196 -12.669062 19.686598
v 15.786196 -12.661048 19.667261
v 19.056875 -12.661048 19.667261
v 19.056875 -12.661048 19.667261
v 15.786196 -12.661048 19.667261
v 15.786196 -12.641710 19.659250
v 19.056875 -12.641710 19.659250
v 15.758852 -12.641710 19.876060
v 15.766859 -12.661048 19.686598
v 15.766859 -12.661048 19.876060
v 15.766859 -12.661048 19.876060
v 15.766859 -12.661048 19.686598
v 15.786196 -12.669062 19.876060
v 19.056875 -12.669062 19.876060
v 19.076212 -12.661048 19.686598
v 19.076212 -12.661048 19.876060
v 19.076212 -12.661048 19.876060
v 19.076212 -12.661048 19.686598
v 19.084219 -12.641710 19.686598
v 19.084219 -12.641710 19.876060
v 19.056875 -12.661048 19.895395
v 15.786196 -12.661048 19.895395
v 15.786196 -12.661048 19.895395
v 19.056875 -12.661048 19.895395
v 19.056875 -12.641710 19.903404
v 15.786196 -12.641710 19.903404
v 19.056875 0.692339 19.659250
v 15.786196 -8.294444 19.659250
v 15.786196 5.397826 19.659250
v 15.766859 5.069930 19.667261
v 19.076212 5.069930 19.667261
v 19.056875 5.069930 19.659250
v 19.076212 5.069930 19.895395
v 19.076212 5.069930 19.895395
v 15.766859 5.069930 19.895395
v 15.766859 5.397826 19.667261
v 15.766859 5.397826 19.667261
v 15.766859 14.097689 19.895395
v 15.766859 14.097689 19.895395
v 19.076212 14.097689 19.895395
v 19.076212 14.097689 19.895395
v 19.076212 14.097689 19.667261
v 19.076212 14.097689 19.667261
v 15.766859 -3.947179 19.667261
v 15.786196 -3.947179 19.659250
v 15.766859 -12.641710 19.895395
v 15.766859 -12.641710 19.895395
v 19.076212 -12.641710 19.895395
v 19.076212 -12.641710 19.667261
v 15.770411 18.384647 19.670813
v 15.770411 18.384647 19.670813
v 15.770411 14.409800 19.670813
v 15.770411 14.409800 19.670813
v 15.770411 18.384647 19.891844
v 15.786196 18.388199 19.895395
v 15.770411 18.384647 19.891844
v 15.770411 14.409800 19.891844
v 15.770411 14.409800 19.891844
v 15.786196 14.406250 19.895395
v 19.072657 18.384647 19.891844
v 19.072657 18.384647 19.891844
v 19.072657 14.409800 19.891844
v 19.072657 14.409800 19.891844
v 19.072657 18.384647 19.670813
v 19.056875 18.388199 19.667261
v 19.072657 18.384647 19.670813
v 19.072657 14.409800 19.670813
v 19.072657 14.409800 19.670813
v 19.056875 14.406250 19.667261
v 15.770411 -16.928667 19.670813
v 15.770411 -16.928667 19.670813
v 15.770411 -16.928667 19.891844
v 15.786196 -16.932220 19.895395
v 15.770411 -16.928667 19.891844
v 19.072657 -16.928667 19.891844
v 19.072657 -16.928667 19.891844
v 19.072657 -16.928667 19.670813
v 19.056875 -16.932220 19.667261
v 19.072657 -16.928667 19.670813
v 15.770411 -3.635061 19.670813
v 15.770411 -3.635061 19.670813
v 19.072657 -3.635061 19.670813
v 19.072657 -3.635061 19.670813
v 19.056879 -3.638614 19.667261
v 19.072657 -3.635061 19.891844
v 19.072657 -3.635061 19.891844
v 19.072657 -3.635061 19.891844
v 15.770411 -3.635061 19.891844
v 15.770411 -3.635061 19.891844
v 15.770411 5.085711 19.670813
v 15.770411 5.085711 19.670813
v 19.072657 5.085711 19.670813
v 19.072657 5.085711 19.670813
v 19.056875 5.089264 19.667261
v 19.072657 5.085711 19.891844
v 19.072657 5.085711 19.891844
v 19.056875 5.089264 19.895395
v 19.056875 5.069930 19.903404
v 15.770411 5.085711 19.891844
v 15.770411 5.085711 19.891844
v 15.770411 5.382044 19.670813
v 15.770411 5.382044 19.670813
v 15.766859 5.397826 19.667261
v 19.072657 5.382044 19.670813
v 19.076212 5.397826 19.667261
v 19.072657 5.382044 19.670813
v 19.072657 5.382044 19.891844
v 19.072657 5.382044 19.891844
v 19.072657 5.382044 19.891844
v 15.770411 5.382044 19.891844
v 15.770411 5.382044 19.891844
v 15.770411 5.382044 19.891844
v 15.770411 14.113470 19.670813
v 15.770411 14.113470 19.670813
v 15.770411 14.113470 19.891844
v 15.766859 14.117020 19.876060
v 15.770411 14.113470 19.891844
v 19.072657 14.113470 19.891844
v 19.072657 14.113470 19.891844
v 19.076212 14.117020 19.876060
v 19.072657 14.113470 19.670813
v 19.072657 14.113470 19.670813
v 15.770411 -3.931397 19.670813
v 15.770411 -3.931397 19.670813
v 15.786196 -3.927841 19.667261
v 15.770411 -3.931397 19.891844
v 15.786196 -3.947179 19.903404
v 15.786196 -3.927841 19.895395
v 15.770411 -3.931397 19.891844
v 19.072657 -3.931397 19.891844
v 19.072657 -3.931397 19.891844
v 19.072657 -3.931397 19.670813
v 19.072657 -3.931397 19.670813
v 15.770411 -12.953828 19.670813
v 15.770411 -12.953828 19.670813
v 15.770411 -12.953828 19.891844
v 15.786196 -12.950271 19.895395
v 15.770411 -12.953828 19.891844
v 19.072657 -12.953828 19.891844
v 19.072657 -12.953828 19.891844
v 19.072657 -12.953828 19.670813
v 19.056875 -12.950271 19.667261
v 19.072657 -12.953828 19.670813
v 15.770411 -12.657487 19.670813
v 15.786196 -12.661048 19.667261
v 15.770411 -12.657487 19.670813
v 19.072657 -12.657487 19.670813
v 19.072657 -12.657487 19.670813
v 19.072657 -12.657487 19.891844
v 19.072657 -12.657487 19.891844
v 15.770411 -12.657487 19.891844
v 15.770411 -12.657487 19.891844
v 15.770411 -12.657487 19.891844
v 19.309692 18.647669 0.357980
v 19.105972 18.647669 0.357980
v 19.105972 18.663050 0.364350
v 19.309692 18.663050 0.364350
v 19.105972 18.669420 0.379728
v 19.309692 18.669420 0.379728
v 19.084213 5.112654 0.379728
v 19.084213 18.647669 0.379728
v 19.090584 18.647669 0.364350
v 19.090584 5.112654 0.364350
v 19.105972 5.112654 0.357980
v 19.105972 18.669420 5.079272
v 19.090584 18.663050 0.379728
v 19.090584 18.663050 5.079272
v 19.084213 18.647669 5.079272
v 19.084213 5.113821 5.078105
v 19.084213 5.097270 0.379728
v 19.084213 5.097785 5.075400
v 19.084213 5.081889 0.379728
v 19.084213 5.081746 5.072700
v 19.309692 5.081889 0.357980
v 19.105972 5.081889 0.357980
v 19.105972 5.097270 0.357980
v 19.309692 5.097270 0.357980
v 19.309692 5.112654 0.357980
v 19.084213 -12.528189 0.379728
v 19.090584 5.081889 0.364350
v 19.090584 -12.528180 0.364350
v 19.105972 -12.528189 0.357980
v 19.084215 18.647669 16.437450
v 19.084215 18.647669 24.408339
v 19.090586 18.663050 24.408339
v 19.090586 18.663050 16.437450
v 19.105974 18.669420 24.408339
v 19.105974 18.669420 16.437450
v 19.105974 5.112654 24.430084
v 19.105974 18.647669 24.430084
v 19.090586 18.647669 24.423719
v 19.090586 5.112654 24.423719
v 19.084215 5.112654 24.408339
v 19.309694 18.669420 24.408339
v 19.105974 18.663050 24.423719
v 19.309694 18.663050 24.423719
v 19.309694 18.647669 24.430084
v 19.084215 5.082401 16.443098
v 19.084215 5.081889 24.408339
v 19.084215 5.097270 24.408339
v 19.084215 5.098109 16.440859
v 19.084215 5.113821 16.438612
v 19.105974 -12.528189 24.430084
v 19.105974 5.081889 24.430084
v 19.090586 5.081889 24.423719
v 19.090586 -12.528189 24.423719
v 19.084215 -12.528189 24.408339
v 19.309694 5.112654 24.430084
v 19.105974 5.097270 24.430084
v 19.309694 5.097270 24.430084
v 19.309694 5.081889 24.430084
v 19.309694 18.669420 16.437450
v 19.325079 18.663050 24.408339
v 19.325079 18.663050 16.437450
v 19.325079 18.663050 16.437450
v 19.325079 18.663050 24.408339
v 19.331450 18.647669 24.408339
v 19.331450 18.647669 16.437450
v 19.331450 5.112654 24.408339
v 19.325079 18.647669 24.423719
v 19.325079 5.112654 24.423719
v 19.325079 5.112654 24.423719
v 19.325079 18.647669 24.423719
v 19.331450 5.113821 16.438612
v 19.331450 5.097270 24.408339
v 19.331450 5.097785 16.441320
v 19.331450 5.081889 24.408339
v 19.331450 5.081746 16.444023
v 19.331450 -12.528189 24.408339
v 19.325079 5.081889 24.423719
v 19.325079 -12.528189 24.423719
v 19.325079 -12.528189 24.423719
v 19.325079 5.081889 24.423719
v 19.309694 -12.528189 24.430084
v 19.331448 18.647669 5.079272
v 19.331448 18.647669 0.379728
v 19.325077 18.663050 0.379728
v 19.325077 18.663050 5.079272
v 19.325077 18.663050 5.079272
v 19.325077 18.663050 0.379728
v 19.309692 18.669420 5.079272
v 19.325077 18.647669 0.364350
v 19.325077 5.112654 0.364350
v 19.325077 5.112654 0.364350
v 19.325077 18.647669 0.364350
v 19.331448 5.112654 0.379728
v 19.331448 5.082401 5.073623
v 19.331448 5.081889 0.379728
v 19.331448 5.097270 0.379728
v 19.331448 5.098109 5.075863
v 19.331448 5.113821 5.078105
v 19.309692 -12.528189 0.357980
v 19.325077 5.081889 0.364350
v 19.325077 -12.528189 0.364350
v 19.325077 -12.528189 0.364350
v 19.325077 5.081889 0.364350
v 19.331448 -12.528189 0.379728
v 19.105972 18.669420 5.094653
v 19.309692 18.669420 5.094653
v 19.105972 18.669420 5.110036
v 19.309692 18.669420 5.110036
v 19.084213 5.118302 5.109527
v 19.084213 18.647669 5.110036
v 19.084213 18.647669 5.094653
v 19.084213 5.116060 5.093817
v 19.105974 18.669420 16.406685
v 19.090584 18.663050 5.110036
v 19.090586 18.663050 16.406685
v 19.084215 18.647669 16.406685
v 19.105972 -12.558949 0.357980
v 19.105972 -17.191689 0.357980
v 19.090584 -17.191689 0.364350
v 19.090584 -12.558949 0.364350
v 19.084213 -17.191689 0.379728
v 19.084213 -12.558949 0.379728
v 19.309692 -17.213451 0.379728
v 19.105972 -17.213451 0.379728
v 19.105972 -17.207069 0.364350
v 19.309692 -17.207069 0.364350
v 19.309692 -17.191689 0.357980
v 19.084213 -17.191689 5.079272
v 19.090584 -17.207069 0.379728
v 19.090584 -17.207069 5.079272
v 19.105972 -17.213451 5.079272
v 19.309692 -17.213451 5.110036
v 19.105972 -17.213451 5.110036
v 19.105972 -17.213451 5.094653
v 19.309692 -17.213451 5.094653
v 19.309692 -17.213451 5.079272
v 19.084215 -17.191689 16.406685
v 19.084213 -17.191689 5.110036
v 19.090584 -17.207069 5.110036
v 19.090586 -17.207069 16.406685
v 19.105974 -17.213451 16.406685
v 19.084213 -12.685609 5.078105
v 19.084213 -17.191689 5.094653
v 19.084213 -12.688310 5.094142
v 19.084213 -12.691019 5.110179
v 19.105974 -17.213451 16.437450
v 19.105974 -17.213451 24.408339
v 19.090586 -17.207069 24.408339
v 19.090586 -17.207069 16.437450
v 19.084215 -17.191689 24.408339
v 19.084215 -17.191689 16.437450
v 19.309694 -17.191689 24.430084
v 19.105974 -17.191689 24.430084
v 19.105974 -17.207069 24.423719
v 19.309694 -17.207069 24.423719
v 19.309694 -17.213451 24.408339
v 19.084215 -12.558949 24.408339
v 19.090586 -17.191689 24.423719
v 19.090586 -12.558949 24.423719
v 19.105974 -12.558949 24.430084
v 19.309694 -12.558949 24.430084
v 19.325079 -17.191689 24.423719
v 19.325079 -12.558949 24.423719
v 19.325079 -12.558949 24.423719
v 19.325079 -17.191689 24.423719
v 19.331450 -17.191689 24.408339
v 19.331450 -12.558949 24.408339
v 19.331450 -17.191689 16.437450
v 19.325079 -17.207069 24.408339
v 19.325079 -17.207069 16.437450
v 19.325079 -17.207069 16.437450
v 19.325079 -17.207069 24.408339
v 19.309694 -17.213451 16.437450
v 19.309694 18.669420 16.422070
v 19.105974 18.669420 16.422070
v 19.309694 18.669420 16.406685
v 19.331450 5.118302 16.407196
v 19.331450 18.647669 16.406685
v 19.331450 18.647669 16.422070
v 19.331450 5.116060 16.422909
v 19.325079 18.663050 16.406685
v 19.325077 18.663050 5.110036
v 19.325077 18.663050 5.110036
v 19.325079 18.663050 16.406685
v 19.331448 18.647669 5.110036
v 19.331450 -12.685609 16.438612
v 19.331450 -17.191689 16.422070
v 19.331450 -12.688310 16.422583
v 19.331450 -17.191689 16.406685
v 19.331450 -12.691010 16.406542
v 19.309694 -17.213451 16.406685
v 19.309694 -17.213451 16.422070
v 19.105974 -17.213451 16.422070
v 19.331448 -17.191689 5.110036
v 19.325079 -17.207069 16.406685
v 19.325077 -17.207069 5.110036
v 19.325077 -17.207069 5.110036
v 19.325079 -17.207069 16.406685
v 19.325077 -17.207069 0.379728
v 19.325077 -17.207069 5.079272
v 19.325077 -17.207069 5.079272
v 19.325077 -17.207069 0.379728
v 19.331448 -17.191689 0.379728
v 19.331448 -17.191689 5.079272
v 19.331448 -12.558949 0.379728
v 19.325077 -17.191689 0.364350
v 19.325077 -12.558949 0.364350
v 19.325077 -12.558949 0.364350
v 19.325077 -17.191689 0.364350
v 19.309692 -12.558949 0.357980
v 19.105972 -12.543570 0.357980
v 19.309692 -12.543570 0.357980
v 19.084213 -12.654188 5.073623
v 19.084213 -12.543570 0.379728
v 19.084213 -12.669901 5.075863
v 19.331448 -12.685609 5.078105
v 19.331448 -12.543570 0.379728
v 19.331448 -12.669569 5.075400
v 19.331448 -12.653538 5.072700
v 19.331450 -12.654188 16.443098
v 19.331450 -12.543570 24.408339
v 19.331450 -12.669901 16.440859
v 19.309694 -12.543570 24.430084
v 19.105974 -12.543570 24.430084
v 19.084215 -12.685609 16.438612
v 19.084215 -12.543570 24.408339
v 19.084215 -12.669569 16.441320
v 19.084215 -12.653529 16.444023
v 19.105164 5.076327 5.094653
v 19.310497 5.076327 5.094653
v 19.310497 5.091135 5.100791
v 19.310497 5.091135 5.100791
v 19.105164 5.091135 5.100791
v 19.105164 5.076327 5.094653
v 19.105164 5.091135 5.100791
v 19.310497 5.097270 5.115602
v 19.310497 5.097270 5.115602
v 19.105164 5.097270 5.115602
v 19.325466 5.079360 5.088650
v 19.325432 -12.650800 5.088342
v 19.325432 -12.650800 5.088342
v 19.325466 5.079360 5.088650
v 19.310497 5.076327 5.094653
v 19.310497 -12.648119 5.094653
v 19.331448 5.119227 5.110179
v 19.331448 5.116522 5.094142
v 19.331448 18.647669 5.094653
v 19.310499 5.097270 16.401119
v 19.325432 5.103589 5.112915
v 19.325468 5.103278 16.404154
v 19.325468 5.103278 16.404154
v 19.325432 5.103589 5.112915
v 19.310499 5.076327 16.422070
v 19.105165 5.076327 16.422070
v 19.105165 5.091135 16.415930
v 19.310499 5.091135 16.415930
v 19.105165 5.097270 16.401119
v 19.090200 5.079360 16.428074
v 19.090227 -12.650800 16.428385
v 19.105165 -12.648111 16.422070
v 19.084215 5.119227 16.406542
v 19.084215 5.116522 16.422583
v 19.084215 18.647669 16.422070
v 19.090227 5.103589 16.403807
v 19.090199 5.103278 5.112566
v 19.105164 -12.648111 5.094653
v 19.105164 -12.662919 5.100791
v 19.310497 -12.662931 5.100791
v 19.105164 -12.669062 5.115602
v 19.310497 -12.669062 5.115602
v 19.090199 -12.651147 5.088650
v 19.090225 5.079008 5.088342
v 19.105165 -12.669062 16.401119
v 19.090225 -12.675368 5.112915
v 19.090200 -12.675061 16.404154
v 19.084215 -12.690090 16.407196
v 19.105165 -12.648111 16.422070
v 19.310499 -12.648111 16.422070
v 19.310499 -12.662919 16.415930
v 19.310499 -12.662919 16.415930
v 19.105165 -12.662919 16.415930
v 19.105165 -12.662919 16.415930
v 19.310499 -12.669062 16.401119
v 19.310499 -12.669062 16.401119
v 19.325468 -12.651147 16.428074
v 19.325434 5.079008 16.428385
v 19.325434 5.079008 16.428385
v 19.325468 -12.651147 16.428074
v 19.310499 -12.648111 16.422070
v 19.325434 -12.675368 16.403807
v 19.325466 -12.675070 5.112566
v 19.325466 -12.675070 5.112566
v 19.325434 -12.675368 16.403807
v 19.331448 -12.690090 5.109527
v 19.084215 -12.687848 16.422909
v 19.084215 -17.191689 16.422070
v 19.331448 -17.191689 5.094653
v 19.331448 -12.687848 5.093817
v 19.093414 18.660217 0.367179
v 19.090584 5.097270 0.364350
v 19.093416 18.660217 24.420887
v 19.090586 5.097270 24.423719
v 19.322248 18.660217 24.420887
v 19.322248 18.660217 24.420887
v 19.325079 5.097270 24.423719
v 19.325079 5.097270 24.423719
v 19.322247 18.660217 0.367179
v 19.322247 18.660217 0.367179
v 19.325077 5.097270 0.364350
v 19.325077 5.097270 0.364350
v 19.090584 18.663050 5.094653
v 19.093414 -17.204241 0.367179
v 19.090584 -17.207069 5.094653
v 19.093416 -17.204241 24.420887
v 19.322248 -17.204241 24.420887
v 19.322248 -17.204241 24.420887
v 19.325079 18.663050 16.422070
v 19.325079 18.663050 16.422070
v 19.325079 -17.207069 16.422070
v 19.325079 -17.207069 16.422070
v 19.322247 -17.204241 0.367179
v 19.322247 -17.204241 0.367179
v 19.090584 -12.543570 0.364350
v 19.325077 -12.543570 0.364350
v 19.325077 -12.543570 0.364350
v 19.325079 -12.543570 24.423719
v 19.325079 -12.543570 24.423719
v 19.090586 -12.543570 24.423719
v 19.326588 5.097622 5.094586
v 19.325432 5.103589 5.112915
v 19.325466 5.079360 5.088650
v 19.326588 5.097622 5.094586
v 19.089071 5.097622 16.422131
v 19.089069 -12.669409 5.094586
v 19.326590 -12.669409 16.422131
v 19.325434 -12.675368 16.403807
v 19.325468 -12.651147 16.428074
v 19.326590 -12.669409 16.422131
v 19.090586 18.663050 16.422070
v 19.089069 5.097335 5.094306
v 19.089071 -12.669119 16.422413
v 19.090586 -17.207069 16.422070
v 19.325077 -17.207069 5.094653
v 19.325077 -17.207069 5.094653
v 19.326588 -12.669131 5.094306
v 19.310497 -12.669062 5.115602
v 19.325466 -12.675070 5.112566
v 19.326588 -12.669131 5.094306
v 19.326588 -12.669131 5.094306
v 19.326590 5.097335 16.422413
v 19.310499 5.097270 16.401119
v 19.325468 5.103278 16.404154
v 19.326590 5.097335 16.422413
v 19.326590 5.097335 16.422413
v 19.325077 18.663050 5.094653
v 19.325077 18.663050 5.094653
v 19.084217 14.125029 9.176815
v 19.084217 14.125029 8.932661
v 15.758851 14.125029 8.932662
v 15.758851 14.125029 9.176816
v 15.758851 14.125029 8.932662
v 19.084217 14.125029 8.932661
v 19.084217 5.370482 8.932661
v 15.758851 5.370482 8.932662
v 19.084217 14.125029 9.176815
v 19.084217 5.370482 9.176815
v 15.758851 14.125029 9.176816
v 15.758851 5.370482 9.176816
v 15.758851 14.125029 8.932662
v 15.758851 5.370482 8.932662
v 19.056896 14.097710 1.481958
v 14.076439 14.097710 1.481958
v 14.076439 14.117032 1.489960
v 19.056896 14.117032 1.489960
v 14.076439 14.125029 1.509278
v 19.056896 14.125029 1.509278
v 14.076439 14.125029 4.823179
v 14.076439 14.125029 1.509278
v 14.057125 14.117032 1.509278
v 14.057125 14.117032 4.823179
v 14.057125 14.117032 4.823179
v 14.057125 14.117032 1.509278
v 14.049118 14.097710 1.509278
v 14.049118 14.097710 4.823179
v 14.057125 14.097710 4.842494
v 14.057125 13.879140 4.842494
v 14.076439 13.879140 4.850498
v 14.076439 14.097710 4.850498
v 19.056896 13.879140 4.850498
v 14.076439 13.859817 4.842494
v 19.056896 13.859817 4.842494
v 14.076439 13.851820 4.823179
v 19.056896 13.851820 4.823179
v 19.056896 14.125029 4.823179
v 14.076439 14.117032 4.842494
v 19.056896 14.117032 4.842494
v 19.056896 14.097710 4.850498
v 19.076210 13.879140 4.842494
v 19.076210 14.097710 4.842494
v 19.076210 14.097710 4.842494
v 19.076210 13.879140 4.842494
v 19.084213 13.879140 4.823179
v 19.084213 14.097710 4.823179
v 19.084213 13.879140 1.509278
v 19.076210 13.859817 4.823179
v 19.076210 13.859817 1.509278
v 19.056896 14.125029 1.509278
v 19.076210 14.117032 4.823179
v 19.076210 14.117032 1.509278
v 19.076210 14.117032 1.509278
v 19.076210 14.117032 4.823179
v 19.084213 14.097710 1.509278
v 19.076210 13.879140 1.489960
v 19.076210 14.097710 1.489960
v 14.060669 14.113479 1.493509
v 14.057125 14.117032 1.509278
v 14.057125 14.097710 1.489960
v 14.060669 14.113479 1.493509
v 14.057125 14.097710 1.489960
v 14.060669 13.863370 4.838945
v 14.060669 14.113479 4.838945
v 14.057125 14.097710 4.842494
v 14.060669 14.113479 4.838945
v 19.072659 13.863370 4.838944
v 19.072659 13.863370 4.838944
v 19.076210 13.859817 4.823179
v 19.072659 14.113479 4.838944
v 19.072659 14.113479 4.838944
v 19.072659 13.863370 1.493509
v 19.072659 14.113479 1.493509
v 19.072659 14.113479 1.493509
v 19.076210 14.097710 1.489960
v 19.076210 14.117032 1.509278
v 14.076439 13.851820 1.511249
v 14.058254 13.859539 1.509049
v 14.060669 13.863370 1.493509
v 14.074566 13.860239 1.490380
v 14.059227 13.859448 4.824759
v 14.076439 13.851820 4.823179
v 14.076439 14.097710 1.481958
v 14.074837 13.881141 1.482620
v 14.057125 13.879140 1.489960
v 14.057125 14.097710 1.489960
v 14.057125 13.879140 1.489960
v 14.049782 13.881141 1.507678
v 14.049782 13.881141 4.824779
v 14.057125 13.879140 4.842494
v 19.076210 13.859817 1.509278
v 19.076210 13.859817 4.823179
v 19.056896 13.851820 4.823179
v 19.058498 13.852479 1.511288
v 19.076210 14.097710 1.489960
v 19.076210 13.879140 1.489960
v 19.058498 13.881141 1.482620
v 19.056896 14.097710 1.481958
v 14.060669 13.863370 1.493509
v 14.058254 13.859539 1.509049
v 14.060669 13.863370 4.838945
v 14.059227 13.859448 4.824759
v 14.059227 13.859448 4.824759
v 19.072659 13.863370 1.493509
v 19.058765 13.860239 1.490380
v 13.923290 14.100709 1.481958
v 13.923290 5.296596 1.481958
v 13.906094 5.296596 1.489079
v 13.906094 14.100709 1.489079
v 13.898968 5.296596 1.506278
v 13.898968 14.100709 1.506278
v 14.024799 5.272276 1.506278
v 13.923290 5.272276 1.506278
v 13.923290 5.279397 1.489079
v 14.024799 5.279397 1.489079
v 14.024799 5.279397 1.489079
v 13.923290 5.279397 1.489079
v 13.923290 5.296596 1.481958
v 14.024799 5.296596 1.481958
v 13.898968 5.296596 4.826174
v 13.906094 5.279397 1.506278
v 13.906094 5.279397 4.826174
v 13.906094 5.279397 4.826174
v 13.906094 5.279397 1.506278
v 13.923290 5.272276 4.826174
v 14.049122 14.100709 1.506278
v 14.049122 5.296596 1.506278
v 14.041996 5.296596 1.489079
v 14.041996 14.100709 1.489079
v 14.024799 14.100709 1.481958
v 14.024799 5.272276 4.826174
v 14.041996 5.279397 1.506278
v 14.041996 5.279397 4.826174
v 14.041996 5.279397 4.826174
v 14.041996 5.279397 1.506278
v 14.049122 5.296596 4.826174
v 14.024799 14.100709 4.850498
v 14.024799 5.296596 4.850498
v 14.041996 5.296596 4.843373
v 14.041996 14.100709 4.843373
v 14.041996 14.100709 4.843373
v 14.041996 5.296596 4.843373
v 14.049122 14.100709 4.826174
v 14.024799 5.279397 4.843373
v 13.923290 5.279397 4.843373
v 13.923290 5.279397 4.843373
v 14.024799 5.279397 4.843373
v 13.923290 5.296596 4.850498
v 13.898968 14.100709 4.826174
v 13.906094 5.296596 4.843373
v 13.906094 14.100709 4.843373
v 13.906094 14.100709 4.843373
v 13.906094 5.296596 4.843373
v 13.923290 14.100709 4.850498
v 13.923290 14.125029 4.826174
v 13.923290 14.125029 1.506278
v 13.906094 14.117911 1.506278
v 13.906094 14.117911 4.826174
v 13.906094 14.117911 4.826174
v 13.906094 14.117911 1.506278
v 13.923290 14.100709 1.481958
v 13.923290 14.117911 1.489079
v 14.024799 14.117911 1.489079
v 14.024799 14.117911 1.489079
v 13.923290 14.117911 1.489079
v 14.024799 14.125029 1.506278
v 14.024799 14.125029 4.826174
v 13.923290 14.117911 4.843373
v 14.024799 14.117911 4.843373
v 14.024799 14.117911 4.843373
v 13.923290 14.117911 4.843373
v 14.041996 14.117911 1.506278
v 14.041996 14.117911 4.826174
v 14.041996 14.117911 4.826174
v 14.041996 14.117911 1.506278
v 13.909252 5.282557 1.492248
v 13.923290 5.279397 1.489079
v 13.909252 5.282557 1.492248
v 14.038837 5.282557 1.492248
v 14.038837 5.282557 1.492248
v 14.038837 5.282557 4.840211
v 14.038837 5.282557 4.840211
v 14.038837 5.282557 4.840211
v 13.909252 5.282557 4.840211
v 13.909252 5.282557 4.840211
v 13.909252 5.282557 4.840211
v 13.909252 14.114739 1.492248
v 13.923290 14.117911 1.489079
v 13.909252 14.114739 1.492248
v 13.909252 14.114739 4.840211
v 13.909252 14.114739 4.840211
v 13.909252 14.114739 4.840211
v 14.038837 14.114739 1.492248
v 14.038837 14.114739 1.492248
v 14.038837 14.114739 4.840211
v 14.038837 14.114739 4.840211
v 14.038837 14.114739 4.840211
v 13.898968 -12.644731 1.506278
v 13.898968 -3.840624 1.506278
v 13.906094 -3.840624 1.489079
v 13.906094 -12.644731 1.489079
v 13.923290 -3.840624 1.481958
v 13.923290 -12.644731 1.481958
v 13.923290 -3.816301 4.826174
v 13.923290 -3.816301 1.506278
v 13.906094 -3.823427 1.506278
v 13.906094 -3.823427 4.826174
v 13.906094 -3.823427 4.826174
v 13.906094 -3.823427 1.506278
v 13.898968 -3.840624 4.826174
v 14.024799 -3.840624 1.481958
v 13.923290 -3.823427 1.489079
v 14.024799 -3.823427 1.489079
v 14.024799 -3.823427 1.489079
v 13.923290 -3.823427 1.489079
v 14.024799 -3.816301 1.506278
v 14.024799 -12.644731 1.481958
v 14.024799 -3.840624 1.481958
v 14.041996 -3.840624 1.489079
v 14.041996 -12.644731 1.489079
v 14.049122 -3.840624 1.506278
v 14.049122 -12.644731 1.506278
v 14.049122 -3.840624 4.826174
v 14.041996 -3.823427 1.506278
v 14.041996 -3.823427 4.826174
v 14.041996 -3.823427 4.826174
v 14.041996 -3.823427 1.506278
v 14.024799 -3.816301 4.826174
v 14.049122 -12.644731 4.826174
v 14.041996 -3.840624 4.843373
v 14.041996 -12.644731 4.843373
v 14.024799 -3.840624 4.850498
v 14.024799 -12.644731 4.850498
v 13.923290 -3.840624 4.850498
v 14.024799 -3.823427 4.843373
v 13.923290 -3.823427 4.843373
v 13.923290 -3.823427 4.843373
v 14.024799 -3.823427 4.843373
v 13.923290 -12.644731 4.850498
v 13.923290 -3.840624 4.850498
v 13.906094 -3.840624 4.843373
v 13.906094 -12.644731 4.843373
v 13.898968 -12.644731 4.826174
v 14.024799 -12.669062 1.506278
v 13.923290 -12.669062 1.506278
v 13.923290 -12.661927 1.489079
v 14.024799 -12.661927 1.489079
v 14.024799 -12.661927 1.489079
v 13.923290 -12.661927 1.489079
v 14.024799 -12.644731 1.481958
v 13.906094 -12.661927 1.506278
v 13.906094 -12.661927 4.826174
v 13.906094 -12.661927 4.826174
v 13.906094 -12.661927 1.506278
v 13.923290 -12.669062 4.826174
v 13.923290 -12.644731 4.850498
v 13.923290 -12.661927 4.843373
v 14.024799 -12.661927 4.843373
v 14.024799 -12.661927 4.843373
v 13.923290 -12.661927 4.843373
v 14.024799 -12.669062 4.826174
v 14.041996 -12.661927 1.506278
v 14.041996 -12.661927 4.826174
v 14.041996 -12.661927 4.826174
v 14.041996 -12.661927 1.506278
v 13.909252 -3.826586 1.492248
v 13.909252 -3.826586 1.492248
v 14.038837 -3.826586 1.492248
v 14.024799 -3.823427 1.489079
v 14.038837 -3.826586 1.492248
v 14.038837 -3.826586 4.840211
v 14.038837 -3.826586 4.840211
v 13.909252 -3.826586 4.840211
v 13.923290 -3.823427 4.843373
v 13.909252 -3.826586 4.840211
v 13.909252 -12.658768 1.492248
v 13.909252 -12.658768 1.492248
v 13.909252 -12.658768 4.840211
v 13.923290 -12.661927 4.843373
v 13.909252 -12.658768 4.840211
v 14.038837 -12.658768 1.492248
v 14.024799 -12.661927 1.489079
v 14.038837 -12.658768 1.492248
v 14.038837 -12.658768 4.840211
v 14.038837 -12.658768 4.840211
v 15.633023 14.204239 16.177916
v 15.633023 5.296596 16.177916
v 15.615823 5.296596 16.185041
v 15.615823 14.204239 16.185041
v 15.608697 5.296596 16.202240
v 15.608697 14.204239 16.202240
v 15.734532 5.272276 16.202240
v 15.633023 5.272276 16.202240
v 15.633023 5.279397 16.185041
v 15.734532 5.279397 16.185041
v 15.734532 5.279397 16.185041
v 15.633023 5.279397 16.185041
v 15.633023 5.296596 16.177916
v 15.734532 5.296596 16.177916
v 15.608698 5.296596 19.879086
v 15.615823 5.279397 16.202240
v 15.615824 5.279397 19.879086
v 15.615824 5.279397 19.879086
v 15.615823 5.279397 16.202240
v 15.633024 5.272276 19.879086
v 15.758851 14.204239 16.202240
v 15.758851 5.296596 16.202240
v 15.751725 5.296596 16.185041
v 15.751725 14.204239 16.185041
v 15.734532 14.204239 16.177916
v 15.734533 5.272276 19.879086
v 15.751725 5.279397 16.202240
v 15.751726 5.279397 19.879086
v 15.751726 5.279397 19.879086
v 15.751725 5.279397 16.202240
v 15.758852 5.296596 19.879086
v 15.734533 14.204239 19.903408
v 15.734533 5.296596 19.903408
v 15.751726 5.296596 19.896288
v 15.751726 14.204239 19.896288
v 15.751726 14.204239 19.896288
v 15.751726 5.296596 19.896288
v 15.758852 14.204239 19.879086
v 15.734533 5.279397 19.896288
v 15.633024 5.279397 19.896288
v 15.633024 5.279397 19.896288
v 15.734533 5.279397 19.896288
v 15.633024 5.296596 19.903408
v 15.608698 14.204239 19.879086
v 15.615824 5.296596 19.896288
v 15.615824 14.204239 19.896288
v 15.615824 14.204239 19.896288
v 15.615824 5.296596 19.896288
v 15.633024 14.204239 19.903408
v 15.633024 14.228559 19.879086
v 15.633023 14.228559 16.202240
v 15.615823 14.221437 16.202240
v 15.615824 14.221437 19.879086
v 15.615824 14.221437 19.879086
v 15.615823 14.221437 16.202240
v 15.633023 14.204239 16.177916
v 15.633023 14.221437 16.185041
v 15.734532 14.221437 16.185041
v 15.734532 14.221437 16.185041
v 15.633023 14.221437 16.185041
v 15.734532 14.228559 16.202240
v 15.734533 14.228559 19.879086
v 15.633024 14.221437 19.896288
v 15.734533 14.221437 19.896288
v 15.734533 14.221437 19.896288
v 15.633024 14.221437 19.896288
v 15.751725 14.221437 16.202240
v 15.751726 14.221437 19.879086
v 15.751726 14.221437 19.879086
v 15.751725 14.221437 16.202240
v 15.618981 5.282557 16.188200
v 15.633023 5.279397 16.185041
v 15.618981 5.282557 16.188200
v 15.748567 5.282557 16.188200
v 15.748567 5.282557 16.188200
v 15.748568 5.282557 19.893124
v 15.748568 5.282557 19.893124
v 15.748568 5.282557 19.893124
v 15.618982 5.282557 19.893124
v 15.618982 5.282557 19.893124
v 15.618982 5.282557 19.893124
v 15.618981 14.218282 16.188200
v 15.633023 14.221437 16.185041
v 15.618981 14.218282 16.188200
v 15.618982 14.218282 19.893124
v 15.618982 14.218282 19.893124
v 15.618982 14.218282 19.893124
v 15.748567 14.218282 16.188200
v 15.748567 14.218282 16.188200
v 15.748568 14.218282 19.893124
v 15.748568 14.218282 19.893124
v 15.748568 14.218282 19.893124
v 15.633024 18.396210 19.879086
v 15.633023 18.396210 16.177916
v 15.615823 18.389088 16.177916
v 15.615824 18.389088 19.879086
v 15.608697 18.371885 16.177916
v 15.608698 18.371885 19.879086
v 15.633024 14.319030 19.903408
v 15.633024 18.371885 19.903408
v 15.615824 18.371885 19.896288
v 15.615824 14.319030 19.896288
v 15.615824 14.319030 19.896288
v 15.615824 18.371885 19.896288
v 15.608698 14.319030 19.879086
v 15.734533 18.396210 19.879086
v 15.633024 18.389088 19.896288
v 15.734533 18.389088 19.896288
v 15.734533 18.389088 19.896288
v 15.633024 18.389088 19.896288
v 15.734533 18.371885 19.903408
v 15.758852 14.319030 19.879086
v 15.758852 18.371885 19.879086
v 15.751726 18.371885 19.896288
v 15.751726 14.319030 19.896288
v 15.751726 14.319030 19.896288
v 15.751726 18.371885 19.896288
v 15.734533 14.319030 19.903408
v 15.734532 18.396210 16.177916
v 15.751726 18.389088 19.879086
v 15.751725 18.389088 16.177916
v 15.758852 18.371885 19.879086
v 15.758851 18.371885 16.177916
v 15.608697 14.319030 16.177916
v 15.615823 14.301831 16.177916
v 15.615824 14.301831 19.879086
v 15.615824 14.301831 19.879086
v 15.615823 14.301831 16.177916
v 15.633023 14.294711 16.177916
v 15.633024 14.294711 19.879086
v 15.633024 14.301831 19.896288
v 15.734533 14.301831 19.896288
v 15.734533 14.301831 19.896288
v 15.633024 14.301831 19.896288
v 15.734533 14.294711 19.879086
v 15.734532 14.294711 16.177916
v 15.751725 14.301831 16.177916
v 15.751726 14.301831 19.879086
v 15.758851 14.319030 16.177916
v 15.734531 18.396210 5.118978
v 15.734532 18.396210 10.636286
v 15.751725 18.389088 10.636286
v 15.751724 18.389088 5.118978
v 15.758851 18.371885 10.636286
v 15.758850 18.371885 5.118978
v 15.734531 14.319030 5.094655
v 15.734531 18.371885 5.094655
v 15.751724 18.371885 5.101779
v 15.751724 14.319030 5.101779
v 15.751724 14.319030 5.101779
v 15.751724 18.371885 5.101779
v 15.758850 18.371885 5.118978
v 15.758850 14.319030 5.118978
v 15.633022 18.396210 5.118978
v 15.734531 18.389088 5.101779
v 15.633022 18.389088 5.101779
v 15.633022 18.389088 5.101779
v 15.734531 18.389088 5.101779
v 15.633022 18.371885 5.094655
v 15.633022 14.319030 5.094655
v 15.734531 14.301831 5.101779
v 15.633022 14.301831 5.101779
v 15.633022 14.301831 5.101779
v 15.734531 14.301831 5.101779
v 15.734531 14.294711 5.118978
v 15.633022 14.294711 5.118978
v 15.615822 14.319030 5.101779
v 15.615822 18.371885 5.101779
v 15.615822 18.371885 5.101779
v 15.615822 14.319030 5.101779
v 15.608696 14.319030 5.118978
v 15.608696 18.371885 5.118978
v 15.758851 18.371885 16.177916
v 15.758851 18.371885 10.636286
v 15.758851 14.319030 10.636286
v 15.734532 14.294711 10.636286
v 15.633023 14.294711 10.636286
v 15.608697 14.319030 10.636286
v 15.608697 18.371885 10.636286
v 15.633023 18.396210 10.636286
v 15.615823 18.389088 10.636286
v 15.615823 14.301831 10.636286
v 15.615823 14.301831 10.636286
v 15.751725 14.301831 10.636286
v 15.751724 14.301831 5.118978
v 15.615822 14.301831 5.118978
v 15.615822 14.301831 5.118978
v 15.615822 18.389088 5.118978
v 15.618982 18.385929 19.893124
v 15.618982 18.385929 19.893124
v 15.748568 18.385929 19.893124
v 15.748568 18.385929 19.893124
v 15.751726 18.371885 19.896288
v 15.618982 14.304987 19.893124
v 15.618982 14.304987 19.893124
v 15.618982 14.304987 19.893124
v 15.748568 14.304987 19.893124
v 15.748568 14.304987 19.893124
v 15.748566 18.385929 5.104938
v 15.751724 18.371885 5.101779
v 15.748566 18.385929 5.104938
v 15.748566 14.304987 5.104938
v 15.748566 14.304987 5.104938
v 15.618980 14.304987 5.104938
v 15.618980 14.304987 5.104938
v 15.618980 14.304987 5.104938
v 15.618980 18.385929 5.104938
v 15.618980 18.385929 5.104938
v 15.781326 -12.964739 0.357980
v 15.781326 -16.917761 0.357980
v 15.765434 -16.917761 0.364559
v 15.765434 -12.964739 0.364559
v 15.758850 -16.917761 0.380460
v 15.758850 -12.964739 0.380460
v 19.061741 -16.940237 0.380460
v 15.781326 -16.940237 0.380460
v 15.781326 -16.933649 0.364559
v 19.061741 -16.933649 0.364559
v 19.061741 -16.933649 0.364559
v 15.781326 -16.933649 0.364559
v 19.061741 -16.917761 0.357980
v 15.758850 -16.917761 1.459479
v 15.765434 -16.933649 0.380460
v 15.765434 -16.933649 1.459479
v 15.765434 -16.933649 1.459479
v 15.765434 -16.933649 0.380460
v 15.781326 -16.940237 1.459479
v 15.758850 -12.964739 1.459479
v 15.765434 -16.917761 1.475379
v 15.765434 -12.964739 1.475379
v 15.781326 -16.917761 1.481958
v 15.781326 -12.964739 1.481958
v 19.061741 -16.917761 1.481958
v 15.781326 -16.917761 1.481958
v 15.781326 -16.933649 1.475379
v 19.061741 -16.933649 1.475379
v 19.061741 -16.933649 1.475379
v 15.781326 -16.933649 1.475379
v 19.061741 -16.940237 1.459479
v 19.061741 -12.964739 1.481958
v 19.077637 -16.917761 1.475379
v 19.077637 -12.964739 1.475379
v 19.084217 -16.917761 1.459479
v 19.084217 -12.964739 1.459479
v 19.084217 -16.917761 0.380460
v 19.077637 -16.933649 1.459479
v 19.077637 -16.933649 0.380460
v 19.077637 -16.933649 0.380460
v 19.077637 -16.933649 1.459479
v 19.084217 -12.964739 0.380460
v 19.077637 -16.917761 0.364559
v 19.077637 -12.964739 0.364559
v 19.061741 -16.917761 0.357980
v 19.061741 -12.964739 0.357980
v 19.061741 -3.690154 0.357980
v 19.061741 0.763637 0.357980
v 19.077637 0.763637 0.364559
v 19.077637 -3.690154 0.364559
v 19.084217 0.763637 0.380460
v 19.084217 -3.690154 0.380460
v 19.084217 -3.690154 1.459479
v 19.084217 0.763637 1.459479
v 19.077637 0.763637 1.475379
v 19.077637 -3.690154 1.475379
v 19.061741 0.763637 1.481958
v 19.061741 -3.690154 1.481958
v 19.061741 -12.646579 1.481958
v 15.758850 -12.646579 1.481958
v 15.758850 -12.662473 1.475379
v 19.061741 -12.662473 1.475379
v 19.061741 -12.662473 1.475379
v 15.758850 -12.662473 1.475379
v 15.758850 -12.669062 1.459479
v 19.061741 -12.669062 1.459479
v 19.084217 -12.646579 0.380460
v 19.084217 -12.646579 1.459479
v 19.077637 -12.662473 1.459479
v 19.077637 -12.662473 0.380460
v 19.077637 -12.662473 0.380460
v 19.077637 -12.662473 1.459479
v 19.061741 -12.669062 0.380460
v 13.921444 -12.646579 0.357980
v 15.758850 -12.646579 0.357980
v 15.758850 -12.662473 0.364559
v 13.921444 -12.662473 0.364559
v 13.921444 -12.662473 0.364559
v 15.758850 -12.662473 0.364559
v 15.758850 -12.669062 0.380460
v 13.921444 -12.669062 0.380460
v 13.898968 -12.646579 1.459479
v 13.898968 -12.646579 0.380460
v 13.905552 -12.662473 0.380460
v 13.905552 -12.662473 1.459479
v 13.905552 -12.662473 1.459479
v 13.905552 -12.662473 0.380460
v 13.921444 -12.669062 1.459479
v 13.898968 -3.690154 0.380460
v 13.898968 0.763637 0.380460
v 13.905552 0.763637 0.364559
v 13.905552 -3.690154 0.364559
v 13.921444 0.763637 0.357980
v 13.921444 -3.690154 0.357980
v 13.921444 -3.690154 1.481958
v 13.921444 0.763637 1.481958
v 13.905552 0.763637 1.475379
v 13.905552 -3.690154 1.475379
v 13.898968 0.763637 1.459479
v 13.898968 -3.690154 1.459479
v 19.061741 -12.964739 0.357980
v 15.781326 -12.948851 0.364559
v 19.061741 -12.948851 0.364559
v 19.061741 -12.948851 0.364559
v 15.781326 -12.948851 0.364559
v 15.781326 -12.942269 0.380460
v 19.061741 -12.942269 0.380460
v 15.781326 -12.942269 1.459479
v 15.765434 -12.948851 0.380460
v 15.765434 -12.948851 1.459479
v 15.765434 -12.948851 1.459479
v 15.765434 -12.948851 0.380460
v 19.061741 -12.942269 1.459479
v 15.781326 -12.948851 1.475379
v 19.061741 -12.948851 1.475379
v 19.061741 -12.948851 1.475379
v 15.781326 -12.948851 1.475379
v 15.781326 -12.964739 1.481958
v 19.077637 -12.948851 1.459479
v 19.077637 -12.948851 0.380460
v 19.077637 -12.948851 0.380460
v 19.077637 -12.948851 1.459479
v 15.758850 14.420718 0.380460
v 15.758850 18.373728 0.380460
v 15.765434 18.373728 0.364559
v 15.765434 14.420718 0.364559
v 15.781326 18.373728 0.357980
v 15.781326 14.420718 0.357980
v 15.781326 18.396210 1.459479
v 15.781326 18.396210 0.380460
v 15.765434 18.389627 0.380460
v 15.765434 18.389627 1.459479
v 15.765434 18.389627 1.459479
v 15.765434 18.389627 0.380460
v 15.758850 18.373728 1.459479
v 19.061741 18.373728 0.357980
v 15.781326 18.389627 0.364559
v 19.061741 18.389627 0.364559
v 19.061741 18.389627 0.364559
v 15.781326 18.389627 0.364559
v 19.061741 18.396210 0.380460
v 15.781326 14.420718 1.481958
v 15.781326 18.373728 1.481958
v 15.765434 18.373728 1.475379
v 15.765434 14.420718 1.475379
v 15.758850 14.420718 1.459479
v 19.061741 18.396210 1.459479
v 15.781326 18.389627 1.475379
v 19.061741 18.389627 1.475379
v 19.061741 18.389627 1.475379
v 15.781326 18.389627 1.475379
v 15.781326 18.373728 1.481958
v 19.061741 18.373728 1.481958
v 19.084217 14.420718 1.459479
v 19.084217 18.373728 1.459479
v 19.077637 18.373728 1.475379
v 19.077637 14.420718 1.475379
v 19.061741 14.420718 1.481958
v 19.077637 18.389627 1.459479
v 19.077637 18.389627 0.380460
v 19.077637 18.389627 0.380460
v 19.077637 18.389627 1.459479
v 19.084217 18.373728 0.380460
v 19.061741 14.420718 0.357980
v 19.061741 18.373728 0.357980
v 19.077637 18.373728 0.364559
v 19.077637 14.420718 0.364559
v 19.084217 14.420718 0.380460
v 13.921444 14.102551 1.481958
v 15.758850 14.102551 1.481958
v 15.758850 14.118451 1.475379
v 13.921444 14.118451 1.475379
v 13.921444 14.118451 1.475379
v 15.758850 14.118451 1.475379
v 15.758850 14.125029 1.459479
v 13.921444 14.125029 1.459479
v 19.084217 9.671228 1.459479
v 19.084217 14.102551 1.459479
v 19.077637 14.102551 1.475379
v 19.077637 9.671228 1.475379
v 19.061741 14.102551 1.481958
v 19.061741 9.671228 1.481958
v 19.061741 14.125029 0.380460
v 19.061741 14.125029 1.459479
v 19.077637 14.118451 1.459479
v 19.077637 14.118451 0.380460
v 19.077637 14.118451 0.380460
v 19.077637 14.118451 1.459479
v 19.084217 14.102551 0.380460
v 19.061741 9.671228 0.357980
v 19.061741 14.102551 0.357980
v 19.077637 14.102551 0.364559
v 19.077637 9.671228 0.364559
v 19.084217 9.671228 0.380460
v 15.758850 14.125029 0.380460
v 19.061741 14.118451 0.364559
v 15.758850 14.118451 0.364559
v 15.758850 14.118451 0.364559
v 19.061741 14.118451 0.364559
v 15.758850 14.102551 0.357980
v 13.898968 9.671228 0.380460
v 13.898968 14.102551 0.380460
v 13.905552 14.102551 0.364559
v 13.905552 9.671228 0.364559
v 13.921444 14.102551 0.357980
v 13.921444 9.671228 0.357980
v 13.921444 14.125029 0.380460
v 13.905552 14.118451 0.380460
v 13.905552 14.118451 1.459479
v 13.905552 14.118451 1.459479
v 13.905552 14.118451 0.380460
v 13.898968 14.102551 1.459479
v 13.921444 9.671228 1.481958
v 13.905552 14.102551 1.475379
v 13.905552 9.671228 1.475379
v 13.905552 9.671228 1.475379
v 13.905552 14.102551 1.475379
v 13.898968 9.671228 1.459479
v 19.061741 14.398241 0.380460
v 15.781326 14.398241 0.380460
v 15.781326 14.404818 0.364559
v 19.061741 14.404818 0.364559
v 19.061741 14.404818 0.364559
v 15.781326 14.404818 0.364559
v 19.061741 14.420718 0.357980
v 15.765434 14.404818 0.380460
v 15.765434 14.404818 1.459479
v 15.765434 14.404818 1.459479
v 15.765434 14.404818 0.380460
v 15.781326 14.398241 1.459479
v 15.781326 14.420718 1.481958
v 15.781326 14.404818 1.475379
v 19.061741 14.404818 1.475379
v 19.061741 14.404818 1.475379
v 15.781326 14.404818 1.475379
v 19.061741 14.398241 1.459479
v 19.077637 14.404818 1.459479
v 19.077637 14.404818 0.380460
v 19.077637 14.404818 0.380460
v 19.077637 14.404818 1.459479
v 13.898968 -8.143953 1.459479
v 13.898968 -8.143953 0.380460
v 19.061741 -8.143953 1.481958
v 15.758850 -8.143953 1.481958
v 19.084217 -8.143953 0.380460
v 19.084217 -8.143953 1.459479
v 15.758850 -8.143953 0.357980
v 19.061741 -8.143953 0.357980
v 19.061741 -12.646579 0.357980
v 13.921444 -8.143953 0.357980
v 13.921444 -12.646579 1.481958
v 13.921444 -8.143953 1.481958
v 15.758850 -3.690154 0.357980
v 15.758850 0.763637 0.357980
v 15.758850 0.763637 1.481958
v 15.758850 -3.690154 1.481958
v 13.921444 0.763637 1.481958
v 13.921444 -3.690154 1.481958
v 13.921444 0.763637 0.357980
v 13.921444 -3.690154 0.357980
v 15.758850 9.671228 1.481958
v 15.758850 9.671228 0.357980
v 13.921444 9.671228 0.357980
v 13.921444 14.102551 0.357980
v 15.758850 5.217429 0.357980
v 19.061741 5.217429 0.357980
v 19.084217 5.217429 0.380460
v 19.084217 5.217429 1.459479
v 19.061741 5.217429 1.481958
v 15.758850 5.217429 1.481958
v 13.921444 5.217429 1.481958
v 13.898968 5.217429 1.459479
v 13.898968 5.217429 0.380460
v 13.921444 5.217429 0.357980
v 19.077637 -8.143953 0.364559
v 19.077637 -8.143953 1.475379
v 13.921444 -12.662473 1.475379
v 13.921444 -12.662473 1.475379
v 19.061741 -12.662473 0.364559
v 19.061741 -12.662473 0.364559
v 13.905552 -8.143953 0.364559
v 13.921444 -8.143953 0.357980
v 13.921444 -8.143953 1.481958
v 13.905552 -8.143953 1.475379
v 19.077637 -12.646579 0.364559
v 19.077637 -12.646579 1.475379
v 13.905552 -12.646579 1.475379
v 13.921444 -12.646579 1.481958
v 13.921444 -12.646579 0.357980
v 13.905552 -12.646579 0.364559
v 19.077637 5.217429 0.364559
v 19.077637 5.217429 1.475379
v 19.061741 14.118451 1.475379
v 19.061741 14.118451 1.475379
v 13.921444 14.118451 0.364559
v 13.921444 14.118451 0.364559
v 13.921444 5.217429 0.357980
v 13.905552 5.217429 0.364559
v 13.905552 5.217429 1.475379
v 13.921444 5.217429 1.481958
v 13.905552 5.217429 1.475379
v 15.768356 -16.930731 0.367479
v 15.768356 -16.930731 0.367479
v 15.768356 -16.930731 1.472459
v 15.781326 -16.933649 1.475379
v 15.768356 -16.930731 1.472459
v 19.074715 -16.930731 1.472459
v 19.074715 -16.930731 1.472459
v 19.074715 -16.930731 0.367479
v 19.061741 -16.933649 0.364559
v 19.074715 -16.930731 0.367479
v 19.074715 -12.659550 1.472459
v 19.074715 -12.659550 1.472459
v 19.074715 -12.659550 0.367479
v 19.074715 -12.659550 0.367479
v 13.908470 -12.659550 0.367479
v 13.921444 -12.662473 0.364559
v 13.908470 -12.659550 0.367479
v 13.908470 -12.659550 1.472459
v 13.921444 -12.662473 1.475379
v 13.908470 -12.659550 1.472459
v 15.768356 -12.951769 0.367479
v 15.768356 -12.951769 0.367479
v 15.768356 -12.951769 1.472459
v 15.781326 -12.948851 1.475379
v 15.768356 -12.951769 1.472459
v 19.074715 -12.951769 1.472459
v 19.074715 -12.951769 1.472459
v 19.074715 -12.951769 0.367479
v 19.061741 -12.948851 0.364559
v 19.074715 -12.951769 0.367479
v 15.768356 18.386702 0.367479
v 15.768356 18.386702 0.367479
v 15.768356 18.386702 1.472459
v 15.781326 18.389627 1.475379
v 15.768356 18.386702 1.472459
v 19.074715 18.386702 1.472459
v 19.074715 18.386702 1.472459
v 19.074715 18.386702 0.367479
v 19.061741 18.389627 0.364559
v 19.074715 18.386702 0.367479
v 19.074715 14.115529 1.472459
v 19.074715 14.115529 1.472459
v 19.074715 14.115529 0.367479
v 19.074715 14.115529 0.367479
v 13.908470 14.115529 0.367479
v 13.921444 14.118451 0.364559
v 13.908470 14.115529 0.367479
v 13.908470 14.115529 1.472459
v 13.908470 14.115529 1.472459
v 13.908470 14.115529 1.472459
v 15.768356 14.407741 0.367479
v 15.768356 14.407741 0.367479
v 15.768356 14.407741 1.472459
v 15.768356 14.407741 1.472459
v 15.781326 14.404818 1.475379
v 19.074715 14.407741 1.472459
v 19.074715 14.407741 1.472459
v 19.074715 14.407741 0.367479
v 19.074715 14.407741 0.367479
v 19.061741 14.404818 0.364559
v 15.608697 -3.725831 16.202240
v 15.608697 5.181806 16.202240
v 15.615823 5.181806 16.185041
v 15.615823 -3.725831 16.185041
v 15.633023 5.181806 16.177916
v 15.633023 -3.725831 16.177916
v 15.633024 5.206129 19.879086
v 15.633023 5.206129 16.202240
v 15.615823 5.199003 16.202240
v 15.615824 5.199003 19.879086
v 15.615824 5.199003 19.879086
v 15.615823 5.199003 16.202240
v 15.608698 5.181806 19.879086
v 15.734532 5.181806 16.177916
v 15.633023 5.181806 16.177916
v 15.633023 5.199003 16.185041
v 15.734532 5.199003 16.185041
v 15.734532 5.199003 16.185041
v 15.633023 5.199003 16.185041
v 15.734532 5.206129 16.202240
v 15.734532 -3.725831 16.177916
v 15.751725 5.181806 16.185041
v 15.751725 -3.725831 16.185041
v 15.758851 5.181806 16.202240
v 15.758851 -3.725831 16.202240
v 15.758852 5.181806 19.879086
v 15.751725 5.199003 16.202240
v 15.751726 5.199003 19.879086
v 15.751726 5.199003 19.879086
v 15.751725 5.199003 16.202240
v 15.734533 5.206129 19.879086
v 15.758852 -3.725831 19.879086
v 15.751726 5.181806 19.896288
v 15.751726 -3.725831 19.896288
v 15.751726 -3.725831 19.896288
v 15.751726 5.181806 19.896288
v 15.734533 5.181806 19.903408
v 15.734533 -3.725831 19.903408
v 15.633024 5.181806 19.903408
v 15.734533 5.199003 19.896288
v 15.633024 5.199003 19.896288
v 15.633024 5.199003 19.896288
v 15.734533 5.199003 19.896288
v 15.633024 -3.725831 19.903408
v 15.615824 5.181806 19.896288
v 15.615824 -3.725831 19.896288
v 15.615824 -3.725831 19.896288
v 15.615824 5.181806 19.896288
v 15.608698 -3.725831 19.879086
v 15.734532 -3.750154 16.202240
v 15.633023 -3.750154 16.202240
v 15.633023 -3.743032 16.185041
v 15.734532 -3.743032 16.185041
v 15.734532 -3.743032 16.185041
v 15.633023 -3.743032 16.185041
v 15.633023 -3.725831 16.177916
v 15.615823 -3.743032 16.202240
v 15.615824 -3.743032 19.879086
v 15.615824 -3.743032 19.879086
v 15.615823 -3.743032 16.202240
v 15.633024 -3.750154 19.879086
v 15.633024 -3.743032 19.896288
v 15.734533 -3.743032 19.896288
v 15.734533 -3.743032 19.896288
v 15.633024 -3.743032 19.896288
v 15.734533 -3.750154 19.879086
v 15.751725 -3.743032 16.202240
v 15.751726 -3.743032 19.879086
v 15.751726 -3.743032 19.879086
v 15.751725 -3.743032 16.202240
v 15.618981 5.195844 16.188200
v 15.633023 5.199003 16.185041
v 15.618981 5.195844 16.188200
v 15.748567 5.195844 16.188200
v 15.748567 5.195844 16.188200
v 15.748568 5.195844 19.893124
v 15.748568 5.195844 19.893124
v 15.748568 5.195844 19.893124
v 15.618982 5.195844 19.893124
v 15.618982 5.195844 19.893124
v 15.618982 5.195844 19.893124
v 15.618981 -3.739873 16.188200
v 15.633023 -3.743032 16.185041
v 15.618981 -3.739873 16.188200
v 15.618982 -3.739873 19.893124
v 15.618982 -3.739873 19.893124
v 15.618982 -3.739873 19.893124
v 15.748567 -3.739873 16.188200
v 15.748567 -3.739873 16.188200
v 15.748568 -3.739873 19.893124
v 15.748568 -3.739873 19.893124
v 15.748568 -3.739873 19.893124
v 19.084217 18.396210 5.338808
v 19.084217 18.396210 5.094653
v 15.758850 18.396210 5.094653
v 15.758850 18.396210 5.338808
v 19.084217 14.398241 5.094653
v 15.758850 14.398241 5.094653
v 19.084217 18.396210 5.094653
v 19.084217 18.396210 5.338808
v 19.084217 14.398241 5.338808
v 19.084217 14.398241 5.094653
v 15.758850 14.398241 5.338808
v 19.084217 14.398241 5.338808
v 15.758850 14.398241 5.094653
v 15.758850 14.398241 5.338808
v 15.758850 18.396210 5.338808
v 15.758850 18.396210 5.094653
v 15.758850 14.398241 5.094653
v 19.084217 14.398241 5.094653
v 19.039776 14.080589 5.094653
v 15.886024 14.081068 5.094653
v 15.888042 14.112168 5.108209
v 19.039776 14.112010 5.107669
v 19.039776 14.112010 5.107669
v 15.888042 14.112168 5.108209
v 15.894943 14.125029 5.140463
v 19.039776 14.125029 5.139092
v 15.935680 14.125029 5.295315
v 15.861919 14.112308 5.142072
v 15.904728 14.111980 5.297915
v 15.904728 14.111980 5.297915
v 15.861919 14.112308 5.142072
v 15.848270 14.081551 5.143625
v 15.891983 14.080291 5.300538
v 15.848270 5.413968 5.143625
v 15.848572 9.747755 5.144701
v 15.855160 9.747755 5.110246
v 15.854717 5.413869 5.109911
v 15.886581 9.747755 5.094653
v 15.885468 5.413968 5.094653
v 19.039776 14.125029 5.294371
v 15.941353 14.111968 5.325867
v 19.039776 14.112010 5.325793
v 19.039776 14.112010 5.325793
v 15.941353 14.111968 5.325867
v 15.942375 14.080291 5.338808
v 19.039776 14.080589 5.338808
v 15.942108 9.747755 5.338808
v 15.910740 14.080221 5.328155
v 15.910683 9.747755 5.328228
v 15.892056 9.747755 5.300797
v 19.071201 14.112010 5.294368
v 19.071201 14.112010 5.139088
v 19.071201 14.112010 5.139088
v 19.071201 14.112010 5.294368
v 19.084217 14.080589 5.294371
v 19.084217 14.080589 5.139092
v 19.084217 9.747755 5.294371
v 19.071201 14.080589 5.325793
v 19.071201 9.747755 5.325793
v 19.039776 14.080589 5.338808
v 19.039776 9.747755 5.338808
v 19.039776 9.747755 5.094653
v 19.039776 14.080589 5.094653
v 19.071201 14.080589 5.107669
v 19.071201 9.747755 5.107669
v 19.084217 9.747755 5.139092
v 19.039776 5.370482 5.139092
v 15.894943 5.370482 5.140463
v 15.887753 5.383206 5.108188
v 19.039776 5.383497 5.107669
v 19.039776 5.383497 5.107669
v 15.887753 5.383206 5.108188
v 19.039776 5.414921 5.094653
v 15.891914 5.415531 5.300273
v 15.861919 5.383198 5.142072
v 15.904682 5.383628 5.297782
v 15.904682 5.383628 5.297782
v 15.861919 5.383198 5.142072
v 15.935680 5.370482 5.295315
v 19.039776 5.370482 5.294371
v 19.071201 5.383497 5.139088
v 19.071201 5.383497 5.294368
v 19.071201 5.383497 5.294368
v 19.071201 5.383497 5.139088
v 19.084217 5.414921 5.139092
v 19.084217 5.414921 5.294371
v 19.039776 5.383497 5.325793
v 15.941498 5.383640 5.325876
v 15.941498 5.383640 5.325876
v 19.039776 5.383497 5.325793
v 19.039776 5.414921 5.338808
v 15.942646 5.415531 5.338808
v 19.039776 9.747755 5.094653
v 19.039776 9.747755 5.338808
v 15.854889 14.081379 5.109911
v 15.910793 5.415617 5.328082
v 19.071201 5.414917 5.325793
v 19.039776 5.414921 5.338808
v 19.039776 5.414921 5.094653
v 19.071201 5.414921 5.107669
v 15.862083 14.106590 5.115374
v 15.862083 14.106590 5.115374
v 15.915573 14.106140 5.321749
v 15.915573 14.106140 5.321749
v 19.065426 14.106238 5.320016
v 19.065426 14.106238 5.320016
v 19.065426 14.106238 5.320016
v 19.071201 14.080589 5.325793
v 19.065426 14.106238 5.113441
v 19.039776 14.112010 5.107669
v 19.065426 14.106238 5.113441
v 15.861958 5.388813 5.115362
v 15.861958 5.388813 5.115362
v 19.065426 5.389276 5.113441
v 19.039776 5.383497 5.107669
v 19.065426 5.389276 5.113441
v 19.065426 5.389272 5.320016
v 19.039776 5.383497 5.325793
v 19.065426 5.389272 5.320016
v 15.915611 5.389517 5.321700
v 15.915611 5.389517 5.321700
v 13.898968 -3.725831 1.506278
v 13.898968 5.181806 1.506278
v 13.906094 5.181806 1.489079
v 13.906094 -3.725831 1.489079
v 13.923290 5.181806 1.481958
v 13.923290 -3.725831 1.481958
v 13.923290 5.206129 4.826174
v 13.923290 5.206129 1.506278
v 13.906094 5.199003 1.506278
v 13.906094 5.199003 4.826174
v 13.906094 5.199003 4.826174
v 13.906094 5.199003 1.506278
v 13.898968 5.181806 4.826174
v 14.024799 5.181806 1.481958
v 13.923290 5.181806 1.481958
v 13.923290 5.199003 1.489079
v 14.024799 5.199003 1.489079
v 14.024799 5.199003 1.489079
v 13.923290 5.199003 1.489079
v 14.024799 5.206129 1.506278
v 14.024799 -3.725831 1.481958
v 14.041996 5.181806 1.489079
v 14.041996 -3.725831 1.489079
v 14.049122 5.181806 1.506278
v 14.049122 -3.725831 1.506278
v 14.049122 5.181806 4.826174
v 14.041996 5.199003 1.506278
v 14.041996 5.199003 4.826174
v 14.041996 5.199003 4.826174
v 14.041996 5.199003 1.506278
v 14.024799 5.206129 4.826174
v 14.049122 -3.725831 4.826174
v 14.041996 5.181806 4.843373
v 14.041996 -3.725831 4.843373
v 14.041996 -3.725831 4.843373
v 14.041996 5.181806 4.843373
v 14.024799 5.181806 4.850498
v 14.024799 -3.725831 4.850498
v 13.923290 5.181806 4.850498
v 14.024799 5.199003 4.843373
v 13.923290 5.199003 4.843373
v 13.923290 5.199003 4.843373
v 14.024799 5.199003 4.843373
v 13.923290 -3.725831 4.850498
v 13.906094 5.181806 4.843373
v 13.906094 -3.725831 4.843373
v 13.906094 -3.725831 4.843373
v 13.906094 5.181806 4.843373
v 13.898968 -3.725831 4.826174
v 14.024799 -3.750154 1.506278
v 13.923290 -3.750154 1.506278
v 13.923290 -3.743032 1.489079
v 14.024799 -3.743032 1.489079
v 14.024799 -3.743032 1.489079
v 13.923290 -3.743032 1.489079
v 13.923290 -3.725831 1.481958
v 13.906094 -3.743032 1.506278
v 13.906094 -3.743032 4.826174
v 13.906094 -3.743032 4.826174
v 13.906094 -3.743032 1.506278
v 13.923290 -3.750154 4.826174
v 13.923290 -3.743032 4.843373
v 14.024799 -3.743032 4.843373
v 14.024799 -3.743032 4.843373
v 13.923290 -3.743032 4.843373
v 14.024799 -3.750154 4.826174
v 14.041996 -3.743032 1.506278
v 14.041996 -3.743032 4.826174
v 14.041996 -3.743032 4.826174
v 14.041996 -3.743032 1.506278
v 13.909252 5.195844 1.492248
v 13.923290 5.199003 1.489079
v 13.909252 5.195844 1.492248
v 14.038837 5.195844 1.492248
v 14.038837 5.195844 1.492248
v 14.038837 5.195844 4.840211
v 14.038837 5.195844 4.840211
v 14.038837 5.195844 4.840211
v 13.909252 5.195844 4.840211
v 13.909252 5.195844 4.840211
v 13.909252 5.195844 4.840211
v 13.909252 -3.739873 1.492248
v 13.923290 -3.743032 1.489079
v 13.909252 -3.739873 1.492248
v 13.909252 -3.739873 4.840211
v 13.909252 -3.739873 4.840211
v 13.909252 -3.739873 4.840211
v 14.038837 -3.739873 1.492248
v 14.038837 -3.739873 1.492248
v 14.038837 -3.739873 4.840211
v 14.038837 -3.739873 4.840211
v 14.038837 -3.739873 4.840211
vn -0.3827 -0.0000 -0.9239
vn -1.0000 -0.0008 -0.0019
vn -1.0000 0.0008 -0.0019
vn 0.0598 -0.9982 -0.0018
vn -0.0598 -0.9982 -0.0018
vn -0.0417 -0.7065 -0.7065
vn 0.0417 -0.7065 -0.7065
vn 0.0599 -0.0007 -0.9982
vn -1.0000 -0.0008 0.0019
vn -0.7071 -0.7071 -0.0013
vn -0.7071 -0.7071 0.0013
vn -0.0598 -0.9982 0.0019
vn 1.0000 0.0008 -0.0020
vn 1.0000 -0.0008 -0.0019
vn 0.7073 -0.0006 -0.7069
vn 0.7071 0.0005 -0.7071
vn 0.0599 -0.0008 -0.9982
vn 0.0599 0.0008 -0.9982
vn 0.0598 -0.9982 0.0018
vn 0.7071 -0.7071 -0.0013
vn 0.7071 -0.7071 0.0013
vn 1.0000 -0.0008 0.0019
vn 0.0599 0.0007 0.9982
vn 0.0599 -0.0008 0.9982
vn 0.7069 -0.0006 0.7073
vn 0.7071 0.0006 0.7071
vn 1.0000 0.0008 0.0019
vn 0.0417 -0.7065 0.7065
vn -0.0417 -0.7065 0.7065
vn 0.0599 -0.0007 0.9982
vn -0.0599 -0.0007 0.9982
vn -1.0000 0.0008 0.0020
vn -0.7072 -0.0005 0.7070
vn -0.7071 0.0006 0.7071
vn -0.0599 0.0008 0.9982
vn -0.0598 0.9982 0.0018
vn -0.0598 0.9982 -0.0018
vn -0.7071 0.7071 -0.0013
vn -0.7071 0.7071 0.0013
vn 0.0599 0.0007 -0.9982
vn -0.0417 0.7065 -0.7065
vn 0.0417 0.7065 -0.7065
vn 0.0598 0.9982 -0.0018
vn 0.0598 0.9982 0.0018
vn -0.0417 0.7065 0.7065
vn 0.0417 0.7065 0.7065
vn 0.0599 0.0008 0.9982
vn 0.7071 0.7071 -0.0013
vn 0.7071 0.7071 0.0013
vn -0.5773 -0.5774 -0.5774
vn -0.5774 -0.5774 -0.5773
vn 0.5773 -0.5774 -0.5773
vn 0.5773 -0.5774 0.5773
vn 0.5774 -0.5773 0.5774
vn -0.5774 -0.5774 0.5773
vn -0.5773 -0.5773 0.5774
vn -0.5773 0.5774 -0.5773
vn -0.5774 0.5773 -0.5773
vn -0.5774 0.5773 0.5774
vn 0.5774 0.5773 -0.5774
vn 0.5774 0.5774 -0.5773
vn 0.5774 0.5773 0.5774
vn 0.5774 0.5774 0.5773
vn -0.7071 -0.7071 0.0009
vn -0.9994 -0.0344 0.0013
vn -0.9994 -0.0344 -0.0000
vn -0.7071 -0.7071 -0.0000
vn -0.0025 -1.0000 0.0013
vn -0.0025 -1.0000 -0.0000
vn -0.3800 -0.0233 0.9247
vn -0.0024 -0.0343 0.9994
vn -0.0024 0.0343 0.9994
vn -0.3800 0.0233 0.9247
vn -0.3800 0.0234 0.9247
vn -0.9994 0.0344 0.0013
vn -0.0032 -0.9240 0.3823
vn 0.0024 -1.0000 0.0013
vn 0.0033 -0.9238 0.3828
vn -0.0033 -0.9240 0.3823
vn 0.0033 -0.9240 0.3823
vn 0.0024 -0.0343 0.9994
vn -0.0001 0.3827 0.9239
vn 0.0025 0.0343 0.9994
vn -0.0000 0.3827 0.9239
vn -0.0025 1.0000 0.0013
vn -0.0002 0.3827 0.9239
vn -0.0000 1.0000 0.0013
vn 0.0021 -0.9240 -0.3825
vn 0.0016 -1.0000 -0.0024
vn -0.0016 -1.0000 -0.0025
vn -0.0022 -0.9240 -0.3824
vn 0.0016 -0.0344 -0.9994
vn -0.0016 -0.0343 -0.9994
vn 0.9239 -0.3827 -0.0000
vn 0.9994 -0.0344 -0.0024
vn 0.9994 -0.0344 0.0024
vn 0.9239 -0.3826 -0.0000
vn 0.9239 -0.3827 -0.0001
vn 0.9239 -0.3827 0.0001
vn 0.0016 -1.0000 0.0024
vn 0.3800 -0.0233 -0.9247
vn 0.0016 0.0344 -0.9994
vn 0.3800 0.0233 -0.9247
vn 0.3799 -0.0233 -0.9247
vn 0.3800 0.0234 -0.9247
vn 0.9994 0.0343 -0.0024
vn -0.0000 0.3827 -0.9239
vn -0.0016 0.0343 -0.9994
vn -0.0001 0.3827 -0.9239
vn 0.0016 1.0000 -0.0025
vn -0.0016 1.0000 -0.0024
vn 0.3823 0.9240 -0.0032
vn 0.0016 1.0000 0.0025
vn 0.3827 0.9239 0.0032
vn 0.3824 0.9240 -0.0032
vn 0.3824 0.9240 0.0033
vn 0.9994 0.0343 0.0024
vn 0.3824 -0.9240 0.0017
vn 0.0025 -1.0000 -0.0000
vn 0.3828 -0.9238 -0.0000
vn 0.9994 -0.0344 0.0013
vn 0.3825 -0.9240 0.0018
vn 0.3827 -0.9239 -0.0000
vn 0.9994 -0.0344 -0.0000
vn 0.9247 -0.0233 0.3800
vn 0.9994 0.0344 0.0013
vn 0.9247 0.0233 0.3800
vn 0.9247 0.0234 0.3800
vn 0.9239 0.3827 0.0001
vn 0.9994 0.0344 -0.0000
vn 0.9239 0.3827 -0.0000
vn 0.0025 1.0000 0.0013
vn 0.0025 1.0000 -0.0000
vn 0.0021 0.9240 0.3825
vn -0.0016 1.0000 0.0024
vn -0.0022 0.9240 0.3825
vn 0.0016 0.0343 0.9994
vn -0.0016 0.0344 0.9994
vn 0.3800 0.0233 0.9247
vn 0.0016 -0.0343 0.9994
vn 0.3800 -0.0233 0.9247
vn -0.0000 -0.3827 0.9239
vn 0.0016 -0.0344 0.9994
vn -0.0016 -0.0344 0.9994
vn -0.0016 -1.0000 0.0024
vn -0.9994 -0.0343 0.0024
vn -0.9994 0.0343 0.0024
vn -0.9239 -0.3827 -0.0000
vn -0.9994 -0.0344 -0.0024
vn -0.9239 -0.3826 -0.0000
vn -0.9239 -0.3827 0.0001
vn -0.9239 -0.3826 -0.0001
vn -0.9247 -0.0233 -0.3800
vn -0.9994 0.0343 -0.0024
vn -0.9247 0.0233 -0.3800
vn -0.3823 0.9240 0.0032
vn -0.3826 0.9239 -0.0032
vn -0.3824 0.9240 0.0032
vn -0.3824 0.9240 -0.0032
vn 0.0001 0.3827 -0.9239
vn 0.0024 0.0344 -0.9994
vn -0.0024 0.0343 -0.9994
vn 0.0025 1.0000 -0.0014
vn -0.0025 1.0000 -0.0013
vn 0.9247 0.0233 -0.3800
vn 0.9994 0.0343 -0.0013
vn 0.9994 -0.0344 -0.0013
vn 0.9247 -0.0233 -0.3800
vn 0.0024 -0.0344 -0.9994
vn -0.9239 0.3827 -0.0000
vn -0.9994 0.0344 -0.0013
vn -0.9994 0.0344 -0.0000
vn -0.0025 1.0000 -0.0000
vn -0.3800 0.0233 -0.9247
vn -0.0024 -0.0343 -0.9994
vn -0.3800 -0.0233 -0.9247
vn -0.9994 -0.0343 -0.0013
vn -0.0000 -0.3827 -0.9239
vn 0.0001 -0.3827 -0.9239
vn -0.0025 -1.0000 -0.0013
vn 0.0001 -0.3826 -0.9239
vn 0.0024 -1.0000 -0.0013
vn -0.3825 0.9240 0.0018
vn -0.3827 0.9239 -0.0000
vn 0.3829 -0.9238 -0.0000
vn 0.9239 0.3826 -0.0000
vn -0.3825 -0.9240 -0.0018
vn 0.9994 -0.0343 -0.0013
vn 0.3825 0.9240 -0.0017
vn 0.0024 1.0000 -0.0013
vn -0.3253 -0.8879 0.3252
vn -0.8879 0.3253 0.3252
vn 0.3253 -0.3253 -0.8879
vn 0.3253 -0.3252 -0.8879
vn 0.3253 0.8879 -0.3253
vn 0.9247 -0.0234 0.3800
vn 0.8879 -0.3253 0.3252
vn 0.3252 0.8879 0.3253
vn 0.3253 0.3252 0.8879
vn 0.3253 0.3253 0.8879
vn 0.3253 -0.8879 0.3253
vn 0.3252 -0.8879 0.3253
vn -0.8879 -0.3253 0.3252
vn -0.8879 -0.3253 0.3253
vn -0.3253 -0.3253 -0.8879
vn -0.8879 0.3253 0.3253
vn -0.3252 0.8879 -0.3253
vn -0.9247 0.0234 -0.3799
vn 0.8879 0.3252 -0.3253
vn 0.8879 0.3253 -0.3253
vn -0.3253 0.8879 -0.3253
vn -0.8879 -0.3253 -0.3253
vn -0.8879 -0.3253 -0.3252
vn 0.3253 -0.8879 -0.3253
vn 0.3252 -0.8880 -0.3252
vn 0.3253 -0.8879 -0.3252
vn 0.0025 1.0000 0.0075
vn -0.0025 1.0000 0.0075
vn -0.0017 0.7070 0.7072
vn 0.0017 0.7069 0.7073
vn 0.0017 0.7070 0.7072
vn -0.0025 0.0014 1.0000
vn 0.0025 0.0014 1.0000
vn -1.0000 0.0014 -0.0076
vn -1.0000 0.0014 0.0075
vn -0.7071 0.7071 0.0050
vn -0.7071 0.7071 -0.0050
vn -0.0025 1.0000 -0.0076
vn 0.0025 1.0000 -0.0075
vn 0.7071 0.7071 0.0050
vn 0.7071 0.7071 -0.0050
vn 0.7071 0.7071 0.0051
vn 1.0000 0.0014 0.0076
vn 1.0000 0.0014 -0.0076
vn 1.0000 -0.0000 0.0075
vn 0.7071 0.0009 0.7071
vn 0.7071 -0.0000 0.7071
vn 0.0025 0.0001 1.0000
vn 0.0017 0.7077 -0.7066
vn -0.0017 0.7071 -0.7071
vn 0.0025 0.0014 -1.0000
vn -0.0025 0.0014 -1.0000
vn 0.0025 -0.0000 -1.0000
vn 0.7071 0.0009 -0.7071
vn 0.7071 -0.0000 -0.7071
vn 1.0000 0.0001 -0.0075
vn -1.0000 -0.0000 -0.0075
vn -0.7071 0.0009 -0.7071
vn -0.7071 -0.0000 -0.7071
vn -0.0025 -0.0000 -1.0000
vn -0.0025 -0.0014 -1.0000
vn -0.7071 -0.0009 -0.7071
vn -0.7071 -0.0010 -0.7071
vn -1.0000 -0.0014 -0.0075
vn 0.0025 -1.0000 -0.0076
vn -0.0025 -1.0000 -0.0075
vn -0.0016 -0.7077 -0.7066
vn 0.0017 -0.7071 -0.7071
vn 0.0025 -0.0013 -1.0000
vn -1.0000 -0.0014 0.0076
vn -0.7071 -0.7071 -0.0050
vn -0.7071 -0.7071 0.0050
vn -0.0025 -1.0000 0.0076
vn 0.0025 -0.0014 1.0000
vn -0.0025 -0.0014 1.0000
vn -0.0017 -0.7064 0.7079
vn 0.0017 -0.7071 0.7071
vn 0.0025 -1.0000 0.0076
vn 0.0025 -0.0000 1.0000
vn 0.7071 -0.0009 0.7071
vn 0.7071 -0.0010 0.7071
vn 1.0000 -0.0014 0.0075
vn 1.0000 0.0001 0.0075
vn 1.0000 -0.0014 -0.0075
vn 0.7071 -0.7071 0.0050
vn 0.7071 -0.7071 -0.0050
vn 1.0000 -0.0000 -0.0075
vn 0.7071 -0.0009 -0.7071
vn 0.0025 -0.0001 -1.0000
vn -0.0025 -0.0000 1.0000
vn -0.7071 -0.0000 0.7071
vn -1.0000 -0.0000 0.0076
vn -1.0000 0.0001 0.0076
vn -1.0000 -0.0000 -0.0076
vn 1.0000 -0.0000 0.0076
vn 1.0000 -0.0000 -0.0076
vn -0.7071 0.0010 0.7071
vn -0.7071 0.0009 0.7071
vn -0.7071 -0.0009 0.7071
vn -0.5766 0.5766 0.5788
vn -0.5766 0.5767 0.5788
vn 0.5766 0.5766 0.5788
vn 0.5767 0.5766 0.5788
vn 0.5766 0.5766 -0.5788
vn -0.5766 0.5766 -0.5788
vn -0.5766 0.5767 -0.5788
vn -0.5766 -0.5767 -0.5788
vn -0.5766 -0.5766 -0.5788
vn -0.5766 -0.5766 0.5788
vn 0.5766 -0.5766 0.5788
vn 0.7072 -0.7070 0.0050
vn 0.5766 -0.5766 -0.5788
vn -0.7073 0.0006 -0.7069
vn -0.7071 -0.0006 -0.7071
vn -0.0599 0.0008 -0.9982
vn -0.0599 -0.0008 -0.9982
vn -0.0598 0.9982 0.0019
vn -0.0598 0.9982 -0.0019
vn -1.0000 0.0008 0.0019
vn -0.0599 0.0007 -0.9982
vn 0.7069 0.0005 -0.7073
vn 0.7071 -0.0005 -0.7071
vn 1.0000 0.0008 -0.0019
vn 1.0000 0.0008 0.0020
vn 0.7071 0.0005 0.7071
vn 0.7071 -0.0005 0.7071
vn 0.0598 -0.0008 0.9982
vn -0.0599 -0.0008 0.9982
vn -0.7071 0.0005 0.7071
vn -0.7071 -0.0006 0.7071
vn -0.7071 -0.0005 0.7071
vn -0.0599 -0.9982 -0.0018
vn -0.0598 -0.9982 0.0018
vn -0.5774 0.5773 -0.5774
vn 0.5773 0.5774 -0.5774
vn 0.5773 0.5774 0.5774
vn -0.5774 0.5774 0.5773
vn -0.5773 0.5774 0.5774
vn -0.5773 -0.5773 -0.5774
vn -0.5774 -0.5773 0.5774
vn 0.5774 -0.5773 -0.5774
vn -0.9994 0.0343 0.0014
vn -0.7074 0.7068 0.0010
vn -0.7070 0.7072 -0.0000
vn -0.0025 1.0000 0.0014
vn -0.0025 1.0000 0.0001
vn -0.0025 0.0343 0.9994
vn -0.3802 0.0217 0.9247
vn -0.3802 -0.0217 0.9247
vn 0.0025 1.0000 0.0014
vn -0.0015 0.9239 0.3826
vn 0.0015 0.9240 0.3825
vn -0.0015 0.9240 0.3825
vn 0.0024 0.0343 0.9994
vn -0.0015 -0.3825 0.9239
vn 0.0016 -0.3825 0.9239
vn 0.0015 -0.3825 0.9239
vn -0.0025 -1.0000 0.0014
vn 0.0025 -1.0000 0.0014
vn 0.9994 -0.0344 0.0014
vn 0.9994 0.0344 0.0014
vn 0.9247 0.0217 0.3802
vn 0.9247 -0.0217 0.3802
vn 0.9247 0.0217 0.3801
vn 0.9994 0.0343 -0.0014
vn 0.9239 0.3826 -0.0009
vn 0.9240 0.3825 -0.0009
vn 0.0025 1.0000 -0.0001
vn 0.0024 -0.0343 -0.9994
vn 0.0024 0.0343 -0.9994
vn 0.3802 0.0217 -0.9247
vn 0.3802 -0.0218 -0.9247
vn 0.3802 -0.0217 -0.9246
vn 0.9994 -0.0343 -0.0014
vn -0.0024 1.0000 -0.0014
vn 0.0015 0.9239 -0.3826
vn -0.0015 0.9240 -0.3825
vn 0.0015 0.9240 -0.3825
vn 0.0025 -1.0000 -0.0014
vn 0.3826 -0.9239 -0.0009
vn 0.9994 -0.0344 -0.0014
vn -0.0024 -0.0344 -0.9994
vn 0.0015 -0.3824 -0.9240
vn -0.0015 -0.3825 -0.9239
vn -0.0016 -0.3825 -0.9239
vn 0.0015 -0.3825 -0.9239
vn -0.0025 -1.0000 -0.0014
vn -0.9994 -0.0343 -0.0014
vn -0.9994 0.0344 -0.0014
vn -0.9247 0.0217 -0.3802
vn -0.9247 -0.0217 -0.3802
vn -0.9246 -0.0217 -0.3802
vn -0.9247 0.0217 -0.3801
vn -0.9239 -0.3826 -0.0009
vn -0.0025 -1.0000 0.0001
vn -0.3802 -0.0218 -0.9247
vn -0.3802 0.0217 -0.9247
vn -0.3802 -0.0217 -0.9246
vn -0.9994 0.0343 -0.0014
vn 0.0025 -1.0000 -0.0015
vn -0.0016 -0.9239 -0.3827
vn 0.0015 -0.9239 -0.3825
vn 0.0016 -0.9239 -0.3825
vn -0.0015 -0.9240 -0.3825
vn -0.0025 1.0000 -0.0015
vn -0.3826 0.9239 -0.0008
vn -0.9994 0.0344 0.0001
vn -0.0015 0.3826 -0.9239
vn 0.0015 0.3825 -0.9239
vn 0.0015 0.3825 -0.9240
vn -0.0015 0.3825 -0.9239
vn 0.9239 -0.3826 0.0009
vn 0.9239 -0.3826 0.0008
vn 0.0025 -1.0000 0.0001
vn 0.3802 -0.0217 0.9247
vn 0.3802 0.0217 0.9247
vn 0.3801 -0.0217 0.9247
vn 0.9994 0.0343 0.0014
vn 0.0016 -0.9239 0.3827
vn -0.0016 -0.9240 0.3825
vn -0.0015 -0.9240 0.3825
vn 0.0016 -0.9240 0.3825
vn 0.0015 0.3827 0.9239
vn -0.0015 0.3825 0.9239
vn -0.0016 0.3825 0.9240
vn 0.0015 0.3825 0.9240
vn -0.0024 1.0000 0.0014
vn -0.9994 0.0344 0.0014
vn -0.9994 -0.0343 0.0014
vn -0.9247 -0.0217 0.3802
vn -0.9247 0.0217 0.3802
vn 0.9994 0.0344 -0.0014
vn 0.9247 -0.0217 -0.3802
vn 0.9247 0.0217 -0.3802
vn -0.9994 -0.0343 -0.0000
vn -0.0024 -1.0000 -0.0000
vn -0.3826 0.9239 -0.0009
vn 0.3825 0.9239 0.0009
vn 0.3829 0.9238 -0.0000
vn 0.3827 0.9239 -0.0000
vn 0.3826 0.9239 0.0009
vn 0.9240 -0.3825 0.0009
vn -0.9239 0.3826 0.0010
vn -0.3826 -0.9239 0.0009
vn -0.3827 -0.9239 -0.0000
vn -0.9239 0.3826 -0.0000
vn -0.3252 0.8879 0.3253
vn -0.3253 0.8879 0.3252
vn 0.8879 0.3253 0.3252
vn 0.8879 0.3252 0.3253
vn 0.3252 -0.8879 0.3252
vn 0.3253 -0.8879 0.3252
vn 0.3252 0.8880 -0.3252
vn 0.8879 -0.3252 -0.3253
vn 0.8879 -0.3253 -0.3253
vn -0.3251 0.3252 -0.8880
vn -0.3252 0.3253 -0.8879
vn -0.8880 -0.3252 -0.3252
vn -0.3253 -0.8879 -0.3253
vn -0.8879 0.3253 -0.3253
vn 0.3252 -0.8880 0.3252
vn 0.3252 -0.8879 0.3254
vn 0.3802 0.0218 0.9247
vn -0.8879 -0.3252 0.3252
vn -0.3253 0.8879 0.3253
vn 0.8879 -0.3253 -0.3252
vn 0.3252 0.8879 -0.3254
vn -0.0000 0.0018 -1.0000
vn -0.0024 0.0018 -1.0000
vn -0.0016 0.7072 -0.7070
vn 0.0016 0.7072 -0.7070
vn 0.0016 0.7071 -0.7071
vn -0.0016 0.7071 -0.7071
vn -0.0024 0.9993 -0.0382
vn 0.0023 0.9993 -0.0383
vn -0.0024 0.9993 0.0383
vn -0.3797 0.9248 -0.0256
vn -0.3797 0.9247 0.0256
vn -0.3797 0.9248 0.0256
vn -0.3797 0.9248 -0.0255
vn -0.9993 0.0018 -0.0383
vn -0.9993 0.0018 0.0383
vn -0.9993 -0.0018 -0.0383
vn -0.9993 -0.0000 -0.0383
vn -0.9239 -0.0000 -0.3827
vn -0.9239 -0.0007 -0.3826
vn -0.0024 -0.0000 -1.0000
vn -0.0024 -0.0018 -1.0000
vn 0.0024 0.9993 0.0383
vn -0.0009 0.9238 0.3828
vn 0.0009 0.9239 0.3826
vn -0.0009 0.9239 0.3826
vn -0.0024 0.0018 1.0000
vn 0.0024 0.0018 1.0000
vn -0.0024 -0.0000 1.0000
vn -0.3825 0.0017 0.9240
vn -0.3827 -0.0000 0.9239
vn -0.9993 -0.0000 0.0383
vn 0.3797 0.9247 0.0256
vn 0.3797 0.9247 -0.0256
vn 0.3797 0.9248 -0.0256
vn 0.9993 0.0018 0.0383
vn 0.9993 0.0018 -0.0383
vn 0.9993 -0.0000 0.0384
vn 0.9239 0.0007 0.3827
vn 0.9239 -0.0000 0.3827
vn 0.9239 0.0006 0.3826
vn 0.0025 0.0019 -1.0000
vn 0.3825 0.0016 -0.9240
vn 0.3827 -0.0000 -0.9239
vn 0.9993 0.0001 -0.0383
vn 0.0024 -0.9993 -0.0383
vn -0.0023 -0.9993 -0.0383
vn -0.0009 -0.9239 -0.3827
vn 0.0009 -0.9239 -0.3826
vn -0.0009 -0.9239 -0.3826
vn 0.0024 -0.0018 -1.0000
vn -0.9993 -0.0018 0.0383
vn -0.9248 -0.3797 -0.0256
vn -0.9248 -0.3797 0.0256
vn -0.9247 -0.3797 -0.0256
vn -0.0024 -0.9993 0.0383
vn 0.0023 -0.9993 0.0383
vn 0.3797 -0.9248 -0.0256
vn 0.3797 -0.9248 0.0256
vn 0.9993 -0.0018 -0.0383
vn 0.9993 -0.0018 0.0383
vn 0.0009 -0.9238 0.3828
vn -0.0009 -0.9239 0.3826
vn -0.0008 -0.9239 0.3826
vn 0.0009 -0.9239 0.3826
vn 0.0024 -0.0018 1.0000
vn -0.0024 -0.0018 1.0000
vn 0.0024 -0.0000 -1.0000
vn -0.9239 0.0007 -0.3826
vn -0.3825 -0.0016 0.9240
vn 0.9239 -0.0007 0.3826
vn 0.3825 -0.0017 -0.9240
vn -0.3251 0.8880 -0.3251
vn -0.3253 0.8879 -0.3252
vn -0.3253 0.3252 0.8879
vn -0.3253 0.3253 0.8879
vn 0.8879 0.3253 0.3253
vn 0.3252 0.3253 -0.8879
vn 0.3253 0.3253 -0.8879
vn 0.0024 -0.0019 1.0000
vn -0.3253 -0.3253 0.8879
vn -0.0011 -0.7071 -0.7071
vn -0.0015 -0.0309 -0.9995
vn 0.0015 -0.0309 -0.9995
vn 0.0011 -0.7070 -0.7073
vn -0.0016 -1.0000 -0.0024
vn -0.3825 -0.9240 -0.0014
vn -0.0016 -1.0000 -0.0000
vn -0.3833 -0.9236 0.0014
vn -0.9995 -0.0309 -0.0022
vn -0.3825 -0.9239 -0.0015
vn -0.3825 -0.9239 0.0015
vn -0.9995 -0.0309 0.0022
vn -0.0015 0.0336 0.9994
vn -0.3802 0.0212 0.9247
vn -0.3802 -0.0212 0.9247
vn -0.0016 -0.0335 0.9994
vn -0.0010 0.3826 0.9239
vn 0.0015 0.0336 0.9994
vn 0.0010 0.3825 0.9239
vn -0.0015 1.0000 0.0023
vn 0.0016 1.0000 0.0023
vn -0.0010 -0.9239 0.3825
vn 0.0015 -0.0336 0.9994
vn 0.3802 0.0213 0.9247
vn 0.3802 -0.0212 0.9247
vn 0.9994 0.0336 0.0024
vn 0.3802 0.0212 0.9247
vn 0.9994 -0.0336 0.0023
vn 0.9239 0.3825 0.0015
vn 0.9994 0.0335 -0.0023
vn 0.9238 0.3829 -0.0015
vn 0.3825 -0.9239 0.0015
vn 0.3825 -0.9239 -0.0015
vn 0.3825 -0.9240 -0.0015
vn 0.9994 -0.0336 -0.0023
vn 0.9247 0.0212 -0.3802
vn 0.9247 -0.0212 -0.3802
vn -0.3825 -0.9240 -0.0015
vn -0.3801 -0.0222 -0.9247
vn 0.8878 0.3256 0.3253
vn 0.3253 -0.3253 0.8879
vn 0.3252 -0.3252 0.8879
vn 0.8878 0.3255 -0.3253
vn 0.8878 -0.3253 -0.3257
vn -0.3128 0.8987 -0.3073
vn -0.7544 0.6564 -0.0013
vn -0.0016 1.0000 -0.0026
vn -0.0009 0.6953 -0.7187
vn -0.7472 0.6646 0.0016
vn -0.0016 1.0000 -0.0000
vn -0.3786 0.0222 -0.9253
vn -0.0016 0.0358 -0.9994
vn -0.0014 -0.0309 -0.9995
vn -0.9992 0.0392 -0.0023
vn -0.9992 0.0404 0.0024
vn 0.9240 0.3825 -0.0015
vn 0.0017 1.0000 -0.0025
vn 0.0015 0.0357 -0.9994
vn 0.9246 0.0213 -0.3803
vn 0.0014 -0.0309 -0.9995
vn -0.7544 0.6565 -0.0013
vn -0.3127 0.8987 -0.3074
vn -0.3252 0.3253 0.8879
vn 0.0010 0.7028 -0.7114
vn 0.0022 -1.0000 -0.0012
vn -0.0021 -1.0000 -0.0012
vn -0.0014 -0.7073 -0.7069
vn 0.0015 -0.7072 -0.7070
vn -0.0015 -0.7072 -0.7070
vn -0.0021 -0.0297 -0.9996
vn 0.0021 -0.0297 -0.9996
vn -0.0021 0.0298 -0.9996
vn -0.7070 -0.0203 -0.7070
vn -0.7070 0.0203 -0.7069
vn -0.7070 0.0203 -0.7070
vn -0.9996 -0.0298 -0.0012
vn -0.9996 0.0298 -0.0012
vn 0.0021 0.0298 -0.9996
vn -0.0015 0.7071 -0.7071
vn 0.0015 0.7071 -0.7071
vn 0.0014 0.7071 -0.7071
vn -0.0014 0.7071 -0.7071
vn -0.0022 1.0000 -0.0012
vn 0.0022 1.0000 -0.0012
vn -0.0022 1.0000 -0.0000
vn -0.7071 0.7071 -0.0008
vn -0.7071 0.7071 -0.0000
vn -0.9996 0.0298 -0.0000
vn -0.0022 -1.0000 -0.0000
vn -0.0022 -1.0000 0.0012
vn -0.7067 -0.7075 0.0008
vn -0.7070 -0.7072 -0.0000
vn -0.9996 -0.0298 0.0012
vn -0.9996 -0.0298 -0.0000
vn 0.0021 -0.0298 0.9996
vn -0.0021 -0.0297 0.9996
vn -0.0015 -0.7071 0.7071
vn 0.0015 -0.7071 0.7071
vn -0.0014 -0.7071 0.7071
vn 0.0022 -1.0000 0.0012
vn -0.9996 0.0298 0.0012
vn -0.7070 -0.0203 0.7070
vn -0.7070 0.0203 0.7069
vn -0.7070 0.0204 0.7070
vn -0.7070 -0.0203 0.7069
vn -0.0021 0.0298 0.9996
vn 0.0022 1.0000 0.0012
vn -0.0022 1.0000 0.0012
vn -0.0015 0.7071 0.7071
vn 0.0014 0.7071 0.7071
vn 0.0021 0.0298 0.9996
vn 0.7070 -0.0203 0.7069
vn 0.7070 0.0203 0.7070
vn 0.7070 0.0203 0.7069
vn 0.9996 -0.0298 0.0012
vn 0.9996 0.0298 0.0012
vn 0.0022 -1.0000 -0.0000
vn 0.7067 -0.7075 -0.0008
vn 0.7071 -0.7071 -0.0000
vn 0.9996 -0.0298 -0.0011
vn 0.9996 -0.0298 -0.0000
vn 0.9996 0.0298 -0.0011
vn 0.7070 -0.0203 -0.7070
vn 0.7070 0.0203 -0.7069
vn 0.7070 0.0203 -0.7070
vn 0.9996 0.0298 -0.0000
vn 0.7074 0.7068 -0.0008
vn 0.7071 0.7071 -0.0000
vn 0.0022 1.0000 -0.0000
vn -0.0014 0.7066 -0.7076
vn -0.7070 -0.0203 -0.7069
vn -0.0021 -0.0298 -0.9996
vn -0.0022 -1.0000 -0.0012
vn -0.0015 -0.7075 -0.7068
vn 0.0015 -0.7071 -0.7071
vn 0.0021 -0.0298 -0.9996
vn -0.7071 -0.7071 -0.0008
vn -0.7071 0.7071 0.0008
vn -0.0021 -0.0298 0.9996
vn -0.7069 -0.0204 0.7070
vn -0.9996 -0.0298 0.0011
vn -0.0015 0.7078 0.7064
vn 0.0015 0.7071 0.7071
vn 0.0014 -0.7071 0.7071
vn 0.7070 -0.0203 0.7070
vn 0.9996 0.0298 -0.0012
vn 0.7071 0.7071 -0.0008
vn 0.7069 -0.0203 -0.7070
vn 0.7070 -0.0203 -0.7069
vn 0.7071 -0.7071 -0.0008
vn 0.9996 -0.0298 -0.0001
vn 0.0021 1.0000 -0.0000
vn -0.0021 1.0000 -0.0000
vn -0.7073 -0.7069 -0.0008
vn 0.7074 -0.7068 0.0008
vn 0.7070 -0.7072 -0.0000
vn 0.7068 0.7074 0.0008
vn 0.7071 0.7071 0.0008
vn 0.7071 -0.7071 0.0008
vn -0.7071 -0.7071 0.0008
vn -0.5773 -0.5774 -0.5773
vn -0.5774 0.5774 -0.5773
vn -0.5773 0.5774 -0.5774
vn -0.5774 -0.5773 0.5773
vn 0.5774 -0.5773 0.5773
vn 0.5774 -0.5774 0.5773
vn 0.5774 -0.5774 -0.5773
vn 0.5773 0.5773 -0.5774
vn -0.5774 -0.5773 -0.5774
vn -0.5774 0.5773 0.5773
vn 0.5774 0.5773 0.5773
vn 0.5773 -0.5774 0.5774
vn 0.5773 0.5774 -0.5773
vn 0.7070 0.0204 -0.7069
vn 0.5773 -0.5773 -0.5774
vn -1.0000 -0.0017 0.0019
vn -1.0000 -0.0018 -0.0000
vn -0.7072 -0.7070 0.0013
vn -0.0599 -0.9982 -0.0000
vn -1.0000 0.0017 0.0019
vn -0.7071 -0.0012 0.7071
vn -0.7071 0.0012 0.7071
vn -0.0598 -0.0017 0.9982
vn -0.0598 0.0016 0.9982
vn 0.0598 -0.0016 0.9982
vn 0.0598 0.0016 0.9982
vn 0.7071 -0.0012 0.7071
vn 0.7071 0.0012 0.7071
vn 1.0000 -0.0017 0.0019
vn 1.0000 0.0017 0.0019
vn 1.0000 -0.0018 -0.0000
vn 0.0599 -0.9982 -0.0000
vn -0.0599 0.9982 0.0018
vn -0.0599 0.9982 -0.0000
vn -0.7070 0.7073 -0.0000
vn -1.0000 0.0018 -0.0000
vn 1.0000 0.0018 0.0019
vn 1.0000 0.0017 -0.0000
vn 0.7070 0.7072 -0.0000
vn 0.0599 0.9982 -0.0000
vn 1.0000 -0.0018 -0.0013
vn 1.0000 -0.0018 -0.0001
vn 0.7071 -0.7071 -0.0009
vn 0.0598 -0.9982 -0.0012
vn -0.0598 -0.0017 -0.9982
vn 0.0598 -0.0017 -0.9982
vn -0.0599 -0.9982 -0.0012
vn 1.0000 -0.0000 -0.0013
vn 0.7071 -0.0012 -0.7071
vn 0.7071 0.0011 -0.7071
vn 0.7071 0.0012 -0.7071
vn 0.0598 0.0017 -0.9982
vn -0.0598 0.9982 -0.0012
vn 0.0598 0.9982 -0.0012
vn -0.0598 0.0017 -0.9982
vn -1.0000 -0.0018 -0.0013
vn -1.0000 0.0017 -0.0013
vn -0.7071 0.0012 -0.7071
vn -0.7071 -0.0012 -0.7071
vn 1.0000 -0.0017 -0.0000
vn -1.0000 0.0017 -0.0000
vn -1.0000 -0.0017 -0.0000
vn 1.0000 -0.0000 -0.0012
vn 1.0000 -0.0017 -0.0001
vn -1.0000 -0.0017 -0.0012
vn 1.0000 0.0018 -0.0000
vn 0.7071 0.7071 -0.0009
vn 1.0000 0.0017 -0.0013
vn -0.7071 0.7071 -0.0009
vn -0.0599 0.9982 -0.0012
vn -0.7071 -0.7071 -0.0009
vn 0.5773 -0.5773 0.5774
vn 0.5774 0.5773 -0.5773
vn -0.7071 -0.7071 -0.0016
vn -0.7071 -0.7071 0.0016
vn -0.9994 -0.0336 -0.0024
vn -0.9994 -0.0336 0.0023
vn -0.0001 -0.3827 -0.9239
vn -0.0016 -0.0336 -0.9994
vn 0.0016 -0.0336 -0.9994
vn -0.9247 -0.0228 -0.3800
vn -0.9994 0.0336 -0.0024
vn -0.9247 0.0228 -0.3800
vn -0.0016 0.0336 -0.9994
vn -0.9994 0.0335 0.0023
vn -0.9239 0.3827 0.0001
vn -0.0022 0.9240 -0.3824
vn 0.0016 1.0000 -0.0024
vn 0.0021 0.9240 -0.3824
vn -0.0015 0.0336 -0.9994
vn 0.0015 0.0336 -0.9994
vn -0.9994 -0.0336 0.0011
vn -0.9994 -0.0336 -0.0012
vn -0.0024 -1.0000 0.0011
vn -0.0024 -1.0000 -0.0012
vn -0.3800 -0.0228 0.9247
vn -0.0024 -0.0336 0.9994
vn -0.0024 0.0336 0.9994
vn -0.3800 0.0228 0.9247
vn -0.3799 -0.0228 0.9247
vn -0.9994 0.0336 0.0011
vn 0.0024 -1.0000 0.0011
vn 0.0032 -0.9240 0.3823
vn 0.0024 -0.0336 0.9994
vn -0.3825 0.9240 0.0015
vn -0.0024 1.0000 0.0012
vn -0.0024 1.0000 -0.0012
vn -0.3827 0.9239 -0.0015
vn -0.3825 0.9240 -0.0015
vn -0.9994 0.0336 -0.0011
vn 0.0024 0.0336 0.9994
vn -0.0000 0.3826 0.9239
vn -0.0001 0.3826 0.9239
vn 0.0001 0.3826 0.9239
vn 0.0024 1.0000 0.0012
vn 0.0025 -1.0000 0.0012
vn 0.0024 -1.0000 -0.0012
vn 0.9994 -0.0336 0.0011
vn 0.9994 -0.0336 -0.0011
vn 0.9247 -0.0228 0.3800
vn 0.9994 0.0336 0.0012
vn 0.9247 0.0228 0.3801
vn 0.9247 0.0227 0.3801
vn 0.9994 0.0336 -0.0012
vn 0.0024 1.0000 -0.0012
vn 0.9994 -0.0336 -0.0024
vn 0.3801 -0.0228 -0.9247
vn 0.3801 0.0228 -0.9247
vn 0.3801 -0.0227 -0.9247
vn 0.9994 0.0336 -0.0023
vn 0.0016 1.0000 0.0024
vn 0.3828 0.9238 0.0032
vn 0.3823 0.9240 -0.0031
vn 0.3823 0.9240 0.0032
vn 0.9994 0.0335 0.0024
vn -0.0000 -0.3826 -0.9239
vn -0.0023 -0.0335 -0.9994
vn 0.0024 -0.0336 -0.9994
vn -0.0000 -1.0000 -0.0011
vn -0.9247 -0.0228 -0.3801
vn -0.9247 0.0228 -0.3801
vn -0.0024 0.0336 -0.9994
vn 0.0024 0.0336 -0.9994
vn 0.3800 0.0228 -0.9247
vn 0.9994 0.0336 -0.0011
vn -0.0016 -0.0336 0.9994
vn -0.0016 0.0336 0.9994
vn -0.3801 0.0228 0.9247
vn -0.0021 -0.9240 0.3825
vn 0.0021 -0.9240 0.3825
vn 0.0016 -0.0335 0.9994
vn 0.9247 0.0228 0.3800
vn 0.0016 -0.0336 0.9994
vn 0.0016 0.0336 0.9994
vn -0.0032 0.9240 -0.3823
vn 0.0032 0.9239 -0.3827
vn 0.0031 0.9240 -0.3823
vn -0.8880 -0.3251 -0.3252
vn -0.8879 -0.3252 -0.3253
vn -0.9247 0.0229 -0.3800
vn -0.3253 -0.8879 0.3253
vn -0.3254 -0.8879 0.3253
vn -0.8879 0.3252 0.3254
vn -0.8879 0.3252 0.3253
vn 0.8879 -0.3253 0.3253
vn 0.3253 0.8879 0.3253
vn 0.3253 0.8879 0.3252
vn -0.3801 -0.0228 0.9247
vn 0.8879 -0.3253 0.3254
vn 0.9247 -0.0227 0.3801
vn -0.8880 0.3252 0.3252
vn -0.0024 0.0019 -1.0000
vn 0.0017 0.7072 -0.7070
vn -0.0016 0.7072 -0.7071
vn -0.0024 0.9993 -0.0383
vn 0.0024 0.9993 -0.0383
vn -0.3797 0.9247 -0.0256
vn -0.3798 0.9247 -0.0256
vn -0.9993 -0.0000 0.0384
vn 0.3798 0.9247 -0.0256
vn 0.9993 -0.0000 0.0383
vn 0.9239 0.0007 0.3826
vn 0.9239 -0.0000 0.3826
vn 0.0024 0.0001 1.0000
vn 0.0024 0.0018 -1.0000
vn 0.3825 0.0017 -0.9240
vn 0.9993 -0.0001 -0.0384
vn -0.0024 -0.9993 -0.0383
vn -0.9247 -0.3797 0.0256
vn -0.9239 -0.0006 0.3826
vn -0.9238 -0.0000 0.3829
vn -0.9239 -0.0000 0.3827
vn -0.9239 -0.0007 0.3826
vn -0.0025 -0.0001 1.0000
vn -0.0021 -0.3826 0.9239
vn 0.0022 -0.3825 0.9240
vn 0.0021 -0.3825 0.9240
vn -0.0021 -0.3824 0.9240
vn 0.0024 -0.9993 0.0382
vn 0.9247 -0.3797 0.0256
vn 0.9247 -0.3797 -0.0256
vn 0.9248 -0.3797 -0.0256
vn -0.3825 -0.0000 -0.9240
vn -0.3825 0.0016 -0.9240
vn -0.3825 0.0016 -0.9239
vn -0.0023 0.9993 -0.0382
vn -0.0021 0.3825 -0.9240
vn 0.0021 0.3825 -0.9240
vn 0.9993 -0.0000 -0.0383
vn 0.9239 -0.0000 -0.3826
vn 0.9239 0.0007 -0.3826
vn 0.9239 -0.0000 -0.3827
vn 0.9248 0.3797 -0.0256
vn 0.9248 0.3797 0.0256
vn 0.0024 -0.0001 1.0000
vn 0.3826 -0.0000 0.9239
vn 0.3825 0.0016 0.9240
vn 0.3827 -0.0000 0.9239
vn -0.0025 0.0018 1.0000
vn 0.0021 0.3824 0.9240
vn -0.0021 0.3825 0.9240
vn -0.0024 0.9993 0.0382
vn -0.9239 -0.0000 0.3826
vn -0.9239 0.0007 0.3826
vn -0.9239 0.0006 0.3826
vn 0.0023 -0.9993 -0.0383
vn 0.0024 -0.9993 0.0383
vn 0.0009 -0.9239 0.3827
vn 0.0024 -0.0000 1.0000
vn -0.3825 -0.0017 0.9239
vn 0.9239 -0.0006 0.3826
vn 0.3825 -0.0016 -0.9240
vn 0.3828 -0.0000 -0.9239
vn 0.3827 -0.0016 0.9239
vn 0.3825 -0.0016 0.9240
vn 0.9239 -0.0007 -0.3827
vn 0.9239 -0.0007 -0.3826
vn -0.3825 -0.0016 -0.9240
vn -0.3828 -0.0000 -0.9238
vn -0.3825 -0.0017 -0.9240
vn 0.0016 0.7072 -0.7071
vn -0.3254 -0.3252 0.8879
vn -0.3252 -0.3253 0.8879
vn -0.8879 0.3253 -0.3252
vn -0.8879 0.3252 -0.3253
vn 0.9248 0.3797 0.0255
vn -0.3253 -0.3252 0.8879
vn -0.0021 -0.9994 0.0336
vn 0.0021 -0.9994 0.0336
vn 0.0015 -0.7076 0.7066
vn -0.0015 -0.7070 0.7072
vn 0.0021 -0.0018 1.0000
vn -0.0022 -0.0018 1.0000
vn 0.9994 -0.0018 -0.0336
vn 0.9994 -0.0018 0.0336
vn 0.9247 -0.3801 0.0224
vn 0.9247 -0.3801 -0.0224
vn 0.0021 -0.9994 -0.0336
vn 0.0022 0.0018 1.0000
vn 0.0022 -0.0018 1.0000
vn 0.3825 -0.0015 0.9239
vn 0.3825 0.0016 0.9239
vn 0.9994 0.0017 0.0336
vn 0.9994 0.0018 -0.0335
vn 0.9239 0.0006 -0.3826
vn 0.9239 -0.0004 -0.3826
vn 0.0022 -0.0000 -1.0000
vn 0.0022 0.0017 -1.0000
vn -0.0022 -0.0018 -1.0000
vn 0.0022 -0.0018 -1.0000
vn 0.0019 -0.3825 -0.9240
vn -0.0019 -0.3825 -0.9239
vn -0.0021 -0.9994 -0.0336
vn -0.0021 0.0018 -1.0000
vn -0.3825 -0.0015 -0.9239
vn -0.3825 -0.0016 -0.9239
vn -0.9994 -0.0018 -0.0335
vn -0.9994 0.0017 -0.0336
vn -0.9994 -0.0017 0.0336
vn -0.9247 -0.3801 -0.0224
vn -0.9247 -0.3801 0.0224
vn 0.0022 0.9994 -0.0336
vn 0.0021 0.9994 0.0336
vn 0.3801 0.9247 0.0224
vn 0.3801 0.9247 -0.0224
vn 0.3800 0.9247 -0.0224
vn -0.0022 0.0018 1.0000
vn 0.0019 0.3825 0.9240
vn -0.0019 0.3825 0.9240
vn -0.0021 0.9994 0.0336
vn -0.0021 0.9994 -0.0335
vn 0.0008 0.9239 -0.3826
vn -0.0008 0.9239 -0.3826
vn -0.9994 0.0018 0.0336
vn -0.0022 -0.0000 1.0000
vn -0.9247 0.3801 0.0224
vn -0.9247 0.3801 -0.0223
vn -0.9247 0.3800 -0.0224
vn 0.3825 -0.0016 0.9239
vn -0.8880 -0.3251 -0.3251
vn 0.8879 0.3254 0.3253
vn 0.8879 0.3252 0.3254
vn 0.3253 0.3252 -0.8879
vn 0.3252 0.3252 -0.8880
vn -0.8880 -0.3251 0.3252
vn -0.8880 0.3252 -0.3252
vn -0.9661 -0.0020 0.2583
vn -0.9848 -0.0020 0.1737
vn -0.7089 -0.6940 0.1259
vn -0.6729 -0.7179 0.1784
vn -0.0052 -0.9985 -0.0536
vn -0.0035 -0.9993 0.0367
vn -0.0050 -0.0000 -1.0000
vn -0.0050 -0.0020 -1.0000
vn -0.4355 -0.0012 -0.9002
vn -0.4348 -0.0000 -0.9005
vn -0.9848 -0.0019 0.1737
vn -0.9848 -0.0000 0.1737
vn -0.0000 -0.9990 -0.0443
vn -0.0035 -0.9269 -0.3752
vn -0.0000 -0.9249 -0.3802
vn -0.0001 -0.0020 -1.0000
vn 0.9990 -0.0020 -0.0442
vn 0.9990 -0.0020 0.0442
vn 0.9248 -0.3794 0.0281
vn 0.9248 -0.3794 -0.0282
vn 0.9248 -0.3794 -0.0281
vn 0.9248 -0.3794 0.0282
vn 0.0026 -0.9990 0.0442
vn 0.0026 -0.9990 -0.0442
vn -0.0000 -0.9990 0.0442
vn -0.0000 -0.9231 0.3845
vn -0.0022 -0.9216 0.3881
vn -0.0000 -0.9230 0.3847
vn -0.0000 -0.0020 1.0000
vn -0.0038 -0.0020 1.0000
vn 0.9990 -0.0000 -0.0443
vn 0.0027 -0.0000 -1.0000
vn 0.0027 -0.0000 1.0000
vn 0.0027 0.0001 1.0000
vn 0.9990 -0.0000 0.0443
vn -0.9661 -0.0000 0.2582
vn -0.8466 -0.0000 0.5322
vn -0.0038 -0.0000 1.0000
vn -0.0035 0.9993 0.0367
vn -0.0052 0.9985 -0.0536
vn -0.3709 0.9274 0.0483
vn -0.3699 0.9230 0.1059
vn -0.3708 0.9275 0.0482
vn -0.9848 0.0019 0.1737
vn -0.9661 0.0020 0.2583
vn -0.0000 0.0020 1.0000
vn 0.0027 0.0020 1.0000
vn 0.0017 0.3826 0.9239
vn -0.0000 0.3814 0.9244
vn -0.0000 0.3815 0.9244
vn 0.0017 0.3825 0.9240
vn 0.0026 0.9990 0.0442
vn -0.0000 0.9990 0.0442
vn 0.9990 0.0019 0.0442
vn 0.9240 0.0012 0.3825
vn 0.0026 0.9990 -0.0442
vn 0.3794 0.9248 0.0281
vn 0.3794 0.9248 -0.0281
vn 0.9990 0.0019 -0.0442
vn 0.0027 0.0020 -1.0000
vn -0.0000 0.0020 -1.0000
vn -0.0000 0.3852 -0.9228
vn 0.0017 0.3825 -0.9239
vn 0.0017 0.3825 -0.9240
vn -0.0000 0.3853 -0.9228
vn -0.0000 0.9990 -0.0444
vn 0.3825 0.0012 -0.9239
vn -0.0038 0.0020 1.0000
vn -0.3301 0.0013 0.9439
vn -0.3302 -0.0000 0.9439
vn -0.9661 0.0020 0.2582
vn -0.9661 -0.0000 0.2583
vn -0.0051 -0.0000 -1.0000
vn -0.0000 -0.0000 -1.0000
vn -0.0000 -0.0000 1.0000
vn -0.0037 -0.0000 1.0000
vn -0.9848 -0.0000 0.1735
vn 0.0027 -0.0020 -1.0000
vn -0.0000 -0.0020 -1.0000
vn 0.0027 -0.0020 1.0000
vn -0.0037 -0.0020 1.0000
vn -0.9661 -0.0020 0.2582
vn -0.9848 -0.0000 0.1736
vn -0.0001 0.0020 -1.0000
vn -0.0050 0.0020 -1.0000
vn -0.0000 0.0021 -1.0000
vn -0.4340 -0.0000 -0.9009
vn 0.3825 -0.0013 0.9239
vn 0.0017 -0.9240 -0.3825
vn 0.0017 -0.9237 0.3831
vn 0.0017 -0.9240 0.3825
vn 0.9990 -0.0020 -0.0443
vn 0.9240 -0.0012 -0.3825
vn -0.8467 -0.0013 0.5321
vn -0.9750 0.0013 -0.2221
vn -0.9750 -0.0000 -0.2223
vn -0.0030 0.3892 -0.9211
vn -0.0025 0.3790 0.9254
vn -0.0025 0.3791 0.9254
vn -0.3288 -0.9085 -0.2579
vn -0.3289 -0.9085 -0.2578
vn -0.7089 -0.6940 0.1260
vn -0.2776 -0.3198 0.9059
vn -0.2775 -0.3198 0.9059
vn -0.9241 0.3435 -0.1672
vn -0.9242 0.3435 -0.1671
vn -0.8216 0.3201 0.4718
vn -0.8216 0.3201 0.4717
vn -0.0024 0.0020 -1.0000
vn 0.0024 0.9993 -0.0382
vn -0.9993 -0.0019 -0.0383
vn -0.9993 0.0020 -0.0383
vn -0.0024 -0.0020 -1.0000
vn -0.0023 0.9993 0.0383
vn -0.3798 0.9247 0.0256
vn -0.9993 0.0019 0.0383
vn -0.9993 -0.0020 0.0383
vn -0.9248 -0.3797 -0.0255
vn 0.0024 -0.0020 -1.0000
vn 0.0024 0.0020 1.0000
vn -0.0024 -0.0020 1.0000
vn -0.0025 0.0020 1.0000
vn -0.3825 0.0018 0.9240
vn -0.3825 -0.0018 0.9239
vn 0.0025 -0.0020 1.0000
vn -0.0022 -0.3825 0.9240
vn -0.0022 -0.3824 0.9240
vn 0.3797 0.9248 0.0256
vn 0.9993 0.0020 0.0383
vn 0.9993 0.0020 -0.0383
vn 0.9993 -0.0020 0.0383
vn 0.9993 -0.0020 -0.0383
vn 0.9248 -0.3797 0.0256
vn 0.0025 -0.0020 -1.0000
vn 0.0024 0.0020 -1.0000
vn 0.3825 0.0018 -0.9240
vn 0.3825 -0.0018 -0.9239
vn -0.3825 -0.0018 -0.9239
vn -0.3825 0.0018 -0.9239
vn -0.9993 -0.0020 -0.0383
vn -0.0009 -0.9237 -0.3830
vn 0.0009 -0.9239 -0.3827
vn -0.9993 0.0020 0.0383
vn -0.9239 -0.0008 0.3826
vn -0.9239 0.0008 0.3826
vn -0.0024 0.0020 1.0000
vn 0.0024 -0.0020 1.0000
vn -0.0021 -0.3825 0.9240
vn 0.3825 -0.0017 0.9239
vn 0.3825 0.0018 0.9240
vn -0.0025 -0.0018 -1.0000
vn 0.0024 -0.9993 -0.0382
vn 0.0024 -0.0019 -1.0000
vn 0.3826 -0.0016 -0.9239
vn 0.3797 -0.9247 -0.0256
vn 0.3797 -0.9247 0.0257
vn -0.0008 -0.9239 0.3827
vn -0.0024 -0.0019 1.0000
vn -0.3825 -0.0017 0.9240
vn -0.3797 0.9248 0.0255
vn -0.0021 0.3828 -0.9238
vn 0.0022 0.3825 -0.9240
vn -0.0021 0.3824 -0.9240
vn 0.9247 0.3797 0.0256
vn 0.0020 0.3825 0.9240
vn 0.0022 0.3825 0.9240
vn -0.0023 -0.9993 -0.0382
vn 0.9239 -0.0005 -0.3826
vn 0.0024 0.0001 -1.0000
vn 0.3797 -0.9248 0.0255
vn -0.0024 -0.0001 1.0000
vn 0.0025 0.0018 -1.0000
vn -0.0025 0.0019 -1.0000
vn -0.0022 0.3825 -0.9240
vn -0.9993 -0.0000 -0.0384
vn -0.9239 -0.0000 -0.3826
vn -0.0024 -0.0001 -1.0000
vn 0.0024 0.9993 0.0382
vn -0.0010 0.9239 0.3826
vn 0.0008 0.9239 0.3826
vn -0.0024 0.0019 1.0000
vn -0.0022 0.3824 -0.9240
vn -0.3797 0.9247 -0.0255
vn -0.9993 0.0018 -0.0382
vn -0.9993 0.0018 0.0382
vn -0.9993 -0.0001 -0.0383
vn -0.0009 0.9239 0.3825
vn -0.0008 0.9239 0.3826
vn -0.3825 0.0018 0.9239
vn -0.3826 -0.0000 0.9239
vn -0.3825 0.0016 0.9240
vn -0.9993 0.0001 0.0383
vn 0.3797 0.9247 -0.0255
vn 0.9993 0.0018 0.0382
vn -0.0022 0.3827 -0.9239
vn 0.0022 0.3824 -0.9240
vn -0.3797 0.9247 0.0255
vn -0.0009 0.9240 0.3824
vn -0.0009 -0.9238 -0.3829
vn 0.0009 -0.9239 -0.3825
vn -0.0009 -0.9239 -0.3825
vn -0.0000 -0.0018 -1.0000
vn -0.9248 -0.3797 0.0255
vn 0.3797 -0.9248 -0.0255
vn 0.0009 -0.9238 0.3829
vn 0.3825 0.0018 0.9239
vn -0.3826 0.0016 0.9239
vn -0.3825 0.0016 0.9239
vn 0.3828 0.0016 -0.9238
vn 0.3825 0.0016 -0.9239
vn -0.3825 -0.0016 0.9239
vn 0.3825 -0.0016 -0.9239
vn -0.3251 -0.8880 -0.3251
vn -0.8879 -0.3253 0.3254
vn 0.3252 -0.3253 0.8879
vn 0.3254 0.3253 -0.8879
vn 0.0010 -0.9239 -0.3826
vn -0.3252 -0.8880 -0.3252
vn 0.3254 -0.3252 0.8879
vn -0.8879 -0.3252 0.3253
vn 0.3251 0.8880 -0.3252
vn 0.3252 0.8880 0.3252
vn -0.3252 0.8880 0.3252
vn 0.9239 -0.0007 -0.3825
vn 0.3254 -0.3253 -0.8879
vn -0.3253 -0.3252 0.8880
vn -0.3251 0.8880 -0.3252
vn -0.3254 0.3253 0.8879
vn -0.3253 0.8880 -0.3251
vn 0.8880 0.3252 0.3252
vn 0.8879 -0.3252 0.3253
vn 0.0291 0.0004 -0.9996
vn -0.0290 0.0004 -0.9996
vn -0.0198 0.7070 -0.7070
vn 0.0198 0.7070 -0.7070
vn -0.0290 0.9996 -0.0013
vn 0.0290 0.9996 -0.0013
vn -1.0000 -0.0000 -0.0014
vn -1.0000 0.0005 -0.0014
vn -0.7072 0.0003 -0.7071
vn -0.7070 -0.0000 -0.7072
vn -0.0291 -0.0000 -0.9996
vn -0.0291 0.9996 -0.0000
vn -0.7067 0.7075 -0.0010
vn -1.0000 0.0005 -0.0000
vn -1.0000 -0.0000 -0.0000
vn -1.0000 -0.0000 -0.0012
vn -1.0000 0.0007 -0.0013
vn -1.0000 -0.0004 0.0007
vn -1.0000 0.0007 -0.0014
vn -1.0000 -0.0000 0.0012
vn 0.0291 -0.0000 -0.9996
vn -0.0290 -0.0000 -0.9996
vn -1.0000 0.0005 0.0008
vn -0.7073 0.7070 0.0005
vn -0.0290 0.9996 0.0007
vn -0.0291 -0.0000 0.9996
vn -0.0291 0.0005 0.9996
vn -0.7068 0.0003 0.7074
vn -0.7069 -0.0000 0.7073
vn -1.0000 -0.0000 0.0008
vn 0.0291 0.9996 0.0008
vn -0.0211 0.7070 0.7069
vn 0.0211 0.7070 0.7069
vn 0.0291 0.0005 0.9996
vn -1.0000 -0.0000 -0.0005
vn -1.0000 -0.0000 0.0007
vn -1.0000 -0.0003 0.0006
vn -1.0000 -0.0002 -0.0004
vn -0.0290 -0.0000 0.9996
vn 0.0291 -0.0000 0.9996
vn 0.0291 0.9996 -0.0000
vn 0.7074 0.7068 0.0006
vn 1.0000 0.0004 0.0008
vn 1.0000 0.0005 -0.0000
vn 1.0000 -0.0000 0.0008
vn 0.7073 0.0003 0.7069
vn 1.0000 -0.0000 -0.0000
vn 1.0000 0.0003 0.0007
vn 1.0000 -0.0002 -0.0004
vn 1.0000 -0.0000 -0.0005
vn 1.0000 0.0005 -0.0013
vn 0.7076 0.7066 -0.0009
vn 0.0290 0.9996 -0.0000
vn 0.7073 0.0003 -0.7069
vn 1.0000 -0.0000 -0.0014
vn 1.0000 -0.0000 0.0012
vn 1.0000 -0.0006 -0.0013
vn 1.0000 -0.0004 0.0006
vn -1.0000 -0.0005 -0.0000
vn -1.0000 0.0004 0.0002
vn -0.7071 0.7072 -0.0000
vn -0.0290 -0.0014 -0.9996
vn -0.7067 -0.0009 -0.7075
vn -1.0000 -0.0014 -0.0014
vn -1.0000 -0.0000 -0.0013
vn 0.0290 -0.9996 -0.0014
vn -0.0290 -0.9996 -0.0013
vn -0.0211 -0.7070 -0.7069
vn 0.0211 -0.7070 -0.7069
vn 0.0291 -0.0014 -0.9996
vn -1.0000 -0.0014 -0.0000
vn -0.7076 -0.7066 -0.0009
vn -0.7073 -0.7070 -0.0000
vn -0.0291 -0.9996 -0.0000
vn 0.0291 -0.9996 -0.0000
vn 0.0290 -0.9996 -0.0000
vn -0.7069 -0.7073 -0.0000
vn -1.0000 -0.0013 -0.0000
vn -1.0000 -0.0014 -0.0007
vn -1.0000 0.0009 0.0005
vn -1.0000 0.0012 -0.0000
vn -0.0290 -0.9996 0.0008
vn -0.7071 -0.7071 0.0006
vn -0.7073 -0.7069 -0.0000
vn -1.0000 -0.0014 0.0008
vn 0.0290 -0.0014 0.9996
vn -0.0291 -0.0013 0.9996
vn -0.0211 -0.7070 0.7069
vn 0.0211 -0.7070 0.7069
vn 0.0290 -0.9996 0.0008
vn -0.7073 -0.0009 0.7069
vn 0.7076 -0.0010 0.7066
vn 1.0000 -0.0014 0.0008
vn 1.0000 -0.0001 0.0008
vn 1.0000 -0.0014 -0.0000
vn 0.7074 -0.7068 0.0006
vn 0.7074 -0.7068 0.0005
vn 0.0290 -0.9996 -0.0001
vn -0.0290 0.9996 -0.0000
vn 1.0000 0.0005 -0.0001
vn 1.0000 -0.0013 -0.0000
vn 1.0000 -0.0013 0.0007
vn 1.0000 0.0009 -0.0005
vn 1.0000 -0.0014 0.0007
vn 1.0000 0.0012 -0.0000
vn -0.0290 -0.9996 -0.0000
vn 0.7076 -0.7066 -0.0009
vn 1.0000 -0.0014 -0.0014
vn 0.7076 -0.0010 -0.7066
vn 0.7076 -0.0009 -0.7066
vn 0.0291 -0.0001 -0.9996
vn 0.0290 -0.0000 -0.9996
vn -1.0000 0.0005 0.0007
vn 1.0000 0.0005 0.0010
vn 1.0000 -0.0000 0.0007
vn 1.0000 0.0002 -0.0004
vn 1.0000 -0.0001 0.0007
vn -1.0000 0.0002 -0.0004
vn -0.0284 -0.0004 0.9996
vn 0.0284 -0.0003 0.9996
vn 0.0405 -0.7064 0.7067
vn -0.0405 -0.7065 0.7066
vn -0.0284 -0.0003 0.9996
vn -0.0405 -0.7064 0.7066
vn 0.0284 -0.9996 0.0005
vn -0.0284 -0.9996 0.0006
vn 0.7252 -0.0003 0.6886
vn 0.7242 0.0003 0.6896
vn 0.0284 -0.0000 0.9996
vn 0.0284 0.0004 0.9996
vn 0.0284 -0.9996 -0.0005
vn 0.7233 -0.6905 0.0004
vn 0.7242 -0.6896 -0.0005
vn 0.7241 -0.6896 -0.0004
vn 1.0000 -0.0004 -0.0000
vn 0.0284 -0.0004 -0.9996
vn -0.0285 -0.0004 -0.9996
vn -0.0405 -0.7064 -0.7066
vn 0.0405 -0.7064 -0.7066
vn -0.0283 -0.9996 -0.0005
vn -1.0000 -0.0000 -0.0007
vn -0.7252 -0.0003 -0.6886
vn -0.7242 0.0003 -0.6896
vn -0.0284 0.0003 -0.9996
vn -1.0000 -0.0003 -0.0000
vn -0.7233 -0.6905 -0.0004
vn -0.7242 -0.6896 0.0005
vn -1.0000 -0.0004 -0.0000
vn -0.0285 0.0004 0.9996
vn -0.0405 0.7064 0.7067
vn 0.0406 0.7065 0.7066
vn -0.0283 0.9996 0.0005
vn 0.0284 0.9996 0.0006
vn -0.7251 0.0003 0.6886
vn -0.7242 -0.0003 0.6896
vn -0.0284 0.9996 -0.0005
vn -0.7233 0.6905 0.0004
vn -0.7242 0.6896 -0.0005
vn -1.0000 0.0013 -0.0000
vn -0.0284 0.0004 -0.9996
vn 0.0284 0.0004 -0.9996
vn 0.0405 0.7064 -0.7066
vn 0.0406 0.7064 -0.7066
vn -0.0405 0.7064 -0.7066
vn -0.0405 0.7065 -0.7066
vn 0.0284 0.9996 -0.0005
vn 1.0000 -0.0000 -0.0007
vn 0.7252 0.0003 -0.6886
vn 0.7242 -0.0003 -0.6895
vn 0.7242 -0.0003 -0.6896
vn 0.7252 0.0003 -0.6885
vn 0.0285 -0.0000 -0.9996
vn 0.7233 0.6905 -0.0004
vn 0.7241 0.6897 0.0005
vn 0.7241 0.6897 0.0004
vn -1.0000 -0.0012 -0.0000
vn -1.0000 0.0009 -0.0005
vn 1.0000 -0.0013 0.0006
vn 1.0000 0.0010 0.0005
vn 1.0000 -0.0012 -0.0000
vn -1.0000 -0.0013 0.0008
vn 1.0000 -0.0013 0.0008
vn -1.0000 -0.0013 -0.0013
vn 1.0000 0.0005 -0.0014
vn -0.4552 0.6317 -0.6275
vn -0.7074 -0.0000 -0.7069
vn -0.4551 0.6317 0.6276
vn -1.0000 -0.0004 0.0008
vn 0.4551 0.6317 0.6275
vn 0.4551 0.6317 0.6276
vn 0.4552 0.6317 -0.6275
vn 0.4551 0.6317 -0.6275
vn 0.7072 -0.0000 -0.7070
vn 1.0000 -0.0006 -0.0014
vn -1.0000 0.0005 0.0002
vn -0.4552 -0.6316 -0.6275
vn -0.4551 -0.6317 0.6276
vn 0.4552 -0.6316 0.6276
vn 0.4551 -0.6316 0.6276
vn 1.0000 0.0004 -0.0002
vn 0.4552 -0.6316 -0.6276
vn 0.4552 -0.6316 -0.6275
vn 0.8638 -0.3545 0.3580
vn 0.8638 -0.3546 0.3580
vn 1.0000 -0.0005 0.0009
vn 1.0000 -0.0003 0.0002
vn -0.8638 -0.3545 -0.3580
vn -1.0000 -0.0003 -0.0006
vn -1.0000 -0.0003 -0.0002
vn -0.8638 0.3545 0.3580
vn -1.0000 0.0005 0.0009
vn 0.8638 0.3546 -0.3580
vn 0.7232 0.6906 -0.0004
vn 0.8638 0.3545 -0.3580
vn 1.0000 0.0003 -0.0006
vn 1.0000 0.0010 -0.0005
vn -0.8637 -0.3555 0.3572
vn -1.0000 -0.0003 0.0002
vn -1.0000 -0.0005 0.0009
vn -0.8637 0.3555 -0.3572
vn -1.0000 0.0010 -0.0005
vn -1.0000 0.0003 -0.0005
vn 0.8638 0.3555 0.3571
vn 0.7242 0.6896 0.0005
vn 0.8638 0.3555 0.3572
vn 1.0000 0.0009 0.0005
vn 1.0000 0.0005 0.0009
vn 0.8637 -0.3555 -0.3572
vn 0.7242 -0.6896 -0.0004
vn 0.8637 -0.3554 -0.3572
vn 1.0000 -0.0003 -0.0002
vn 1.0000 -0.0003 -0.0006
vn 0.0732 0.0278 0.9969
vn 0.0732 0.0278 -0.9969
vn -0.0732 0.0278 -0.9969
vn -0.0732 0.0278 0.9969
vn 0.0015 0.0309 -0.9995
vn -0.0015 0.0309 -0.9995
vn -0.0011 0.7068 -0.7075
vn 0.0011 0.7071 -0.7071
vn -0.3825 0.9239 -0.0014
vn -0.3825 0.9239 0.0015
vn -0.9995 0.0309 -0.0022
vn -0.9995 0.0309 0.0022
vn -0.0010 -0.3826 0.9239
vn 0.0010 -0.3826 0.9239
vn -0.0016 -1.0000 0.0023
vn 0.0016 -1.0000 0.0023
vn 0.0010 0.9239 0.3826
vn 0.0016 0.0335 0.9994
vn 0.3802 -0.0213 0.9247
vn 0.3803 -0.0212 0.9246
vn 0.9994 -0.0335 0.0024
vn 0.9994 0.0336 0.0023
vn 0.9994 -0.0335 -0.0023
vn 0.9239 -0.3827 0.0015
vn 0.9239 -0.3825 -0.0015
vn 0.0016 1.0000 -0.0000
vn 0.3826 0.9239 0.0015
vn 0.3825 0.9239 -0.0015
vn 0.3825 0.9240 0.0015
vn 0.0015 1.0000 -0.0000
vn -0.3825 0.9239 -0.0015
vn -0.3801 0.0222 -0.9247
vn -0.3801 0.0221 -0.9247
vn -0.3802 0.0211 0.9247
vn 0.9239 -0.3825 0.0015
vn 0.3252 0.3252 0.8880
vn 0.9246 0.0211 -0.3803
vn -0.0016 -1.0000 -0.0027
vn -0.7543 -0.6565 -0.0013
vn -0.3128 -0.8987 -0.3073
vn -0.0010 -0.6953 -0.7187
vn -0.7472 -0.6646 0.0016
vn -0.0015 -1.0000 0.0023
vn -0.0015 -0.0357 -0.9994
vn -0.3786 -0.0222 -0.9253
vn -0.9992 -0.0392 -0.0023
vn -0.9992 -0.0404 0.0024
vn -0.3802 -0.0213 0.9246
vn 0.0015 -1.0000 -0.0000
vn 0.0017 -1.0000 -0.0025
vn 0.9246 -0.0212 -0.3803
vn 0.0016 -0.0358 -0.9994
vn -0.0016 -1.0000 -0.0026
vn 0.0015 -1.0000 -0.0001
vn -0.7472 -0.6646 0.0015
vn 0.0009 -0.7028 -0.7114
vn -0.0598 0.0008 -0.9982
vn -0.0598 -0.0008 -0.9982
vn -0.7068 -0.0005 -0.7074
vn -0.7071 0.0005 -0.7071
vn -1.0000 -0.0007 -0.0021
vn -1.0000 0.0008 -0.0021
vn 0.0598 -0.9982 -0.0020
vn -0.0598 -0.9982 -0.0020
vn -0.0598 -0.0007 -0.9982
vn -1.0000 -0.0008 0.0021
vn -0.7071 -0.7071 -0.0014
vn -0.7071 -0.7071 0.0014
vn -0.0598 -0.9982 0.0020
vn 1.0000 0.0008 -0.0021
vn 1.0000 -0.0008 -0.0022
vn 0.7072 -0.0005 -0.7070
vn 0.7071 0.0006 -0.7071
vn 0.0598 -0.9982 0.0021
vn 0.7071 -0.7071 -0.0014
vn 0.7071 -0.7071 0.0014
vn 0.7071 -0.7071 0.0015
vn 0.7071 -0.7071 -0.0015
vn 1.0000 -0.0008 0.0021
vn 1.0000 0.0008 0.0021
vn -1.0000 0.0008 0.0022
vn -0.0598 0.9982 0.0020
vn -0.0598 0.9982 -0.0020
vn -0.7071 0.7071 -0.0014
vn -0.7071 0.7071 0.0014
vn 0.0599 0.9982 -0.0020
vn 0.0598 0.9982 0.0020
vn 0.0417 0.7064 0.7065
vn 0.7071 0.7071 -0.0014
vn 0.7071 0.7071 0.0014
vn 0.5773 -0.5774 -0.5774
vn 0.5773 0.5773 0.5774
vn -1.0000 -0.0008 -0.0021
vn -0.7072 0.0005 -0.7070
vn -0.7071 -0.0005 -0.7071
vn -0.7071 0.7071 0.0015
vn -1.0000 0.0008 0.0021
vn 0.0598 0.9982 -0.0020
vn 0.7068 0.0005 -0.7074
vn 0.7071 -0.0006 -0.7071
vn 1.0000 -0.0008 -0.0021
vn 1.0000 0.0008 0.0022
vn 0.7073 0.0006 0.7069
vn 0.7071 -0.0006 0.7071
vn -0.0599 0.0007 0.9982
vn -0.7069 0.0006 0.7073
vn 0.0598 -0.9982 0.0020
vn -0.7069 -0.0005 -0.7074
vn 0.7073 -0.0005 -0.7069
vn -0.0599 0.9982 -0.0018
vn 0.0598 0.9982 0.0019
vn 1.0000 -0.0008 0.0020
vn -1.0000 -0.0008 0.0020
vn -0.5773 -0.5774 0.5773
vn -0.5773 0.5773 -0.5774
vn -1.0000 0.0018 0.0019
vn -0.0599 -0.0017 0.9982
vn -0.7071 -0.0011 0.7071
vn -1.0000 -0.0018 0.0019
vn 0.0598 0.0017 0.9982
vn 0.0598 -0.0017 0.9982
vn 0.7066 0.7076 0.0013
vn -0.0599 -0.9982 0.0018
vn 0.0599 -0.9982 -0.0001
vn 1.0000 0.0018 -0.0013
vn 0.0598 -0.0016 -0.9982
vn -0.0599 0.0016 -0.9982
vn -0.0598 -0.9982 -0.0012
vn -0.7071 -0.0011 -0.7071
vn -1.0000 -0.0017 -0.0013
vn -0.5773 -0.5774 0.5774
vn 0.5774 -0.5773 -0.5773
vn -0.5774 -0.5773 -0.5773
vn -0.0020 0.0016 -1.0000
vn -0.0020 -0.0017 -1.0000
vn -0.7067 -0.0011 -0.7075
vn -0.7072 0.0011 -0.7071
vn -1.0000 -0.0016 -0.0060
vn -1.0000 0.0017 -0.0060
vn 0.0020 -1.0000 -0.0060
vn -0.0020 -1.0000 -0.0060
vn -0.0013 -0.9239 -0.3827
vn 0.0012 -0.9239 -0.3826
vn -0.0013 -0.9240 -0.3825
vn 0.0020 -0.0017 -1.0000
vn -1.0000 -0.0017 0.0060
vn -0.9238 -0.3829 -0.0037
vn -0.9240 -0.3823 0.0038
vn -0.9240 -0.3823 0.0037
vn -0.9240 -0.3823 -0.0037
vn -0.0020 -1.0000 0.0060
vn -1.0000 0.0016 0.0060
vn -0.9239 -0.0010 0.3826
vn -0.9239 0.0010 0.3826
vn -0.0020 -0.0017 1.0000
vn -0.0020 0.0017 1.0000
vn 0.0020 -0.0017 1.0000
vn -0.0011 -0.3825 0.9239
vn 0.0012 -0.3825 0.9239
vn -0.0012 -0.3826 0.9239
vn 0.0020 -1.0000 0.0060
vn 0.0019 0.0016 1.0000
vn 0.3825 -0.0010 0.9239
vn 0.3826 0.0010 0.9239
vn 1.0000 -0.0016 0.0060
vn 1.0000 0.0017 0.0060
vn 1.0000 -0.0017 -0.0060
vn 0.9239 -0.3826 0.0037
vn 0.9240 -0.3823 -0.0037
vn 0.9241 -0.3822 -0.0037
vn 0.9240 -0.3823 0.0037
vn 1.0000 0.0017 -0.0060
vn 0.9239 -0.0010 -0.3826
vn 0.9239 0.0010 -0.3826
vn 0.0020 -0.0016 -1.0000
vn 0.0020 0.0016 -1.0000
vn 0.0020 -0.0000 -1.0000
vn 0.0020 -0.0001 -1.0000
vn 1.0000 -0.0000 -0.0060
vn 1.0000 -0.0000 0.0060
vn 0.0020 -0.0000 1.0000
vn 0.0020 -0.0015 1.0000
vn 0.0001 -0.0015 1.0000
vn -0.0000 -0.3824 0.9240
vn -0.0000 -1.0000 0.0060
vn 1.0000 -0.0015 -0.0060
vn 1.0000 -0.0015 0.0060
vn 0.9240 -0.3824 0.0037
vn 0.9240 -0.3823 -0.0038
vn 0.9241 -0.3822 0.0038
vn -0.0035 -0.0015 -1.0000
vn -0.0001 -0.0015 -1.0000
vn -0.0000 -0.3825 -0.9240
vn -0.0022 -0.3824 -0.9240
vn -0.0000 -1.0000 -0.0060
vn -0.0035 -1.0000 -0.0059
vn -1.0000 -0.0015 0.0060
vn -1.0000 -0.0014 -0.0060
vn -0.9239 -0.3827 -0.0037
vn -0.0035 -1.0000 0.0060
vn -1.0000 -0.0000 -0.0060
vn -0.0035 -0.0000 -1.0000
vn -0.0036 -0.0000 1.0000
vn -1.0000 -0.0000 0.0060
vn -1.0000 0.0001 0.0060
vn -0.0000 0.0016 -1.0000
vn -0.0013 0.3826 -0.9239
vn 0.0012 0.3825 -0.9239
vn 0.0013 0.3825 -0.9240
vn -0.0020 1.0000 -0.0060
vn 0.0020 1.0000 -0.0060
vn -0.0020 1.0000 0.0060
vn -0.3826 0.9239 -0.0037
vn -0.3822 0.9241 0.0037
vn -0.3823 0.9240 0.0038
vn -0.3822 0.9241 -0.0037
vn 0.0020 1.0000 0.0060
vn -0.0012 0.9240 0.3824
vn 0.0012 0.9239 0.3825
vn 0.0013 0.9240 0.3825
vn -0.0012 0.9240 0.3825
vn -0.0000 0.0016 1.0000
vn 0.3825 0.9239 0.0037
vn 0.3822 0.9241 -0.0037
vn 0.3822 0.9241 -0.0038
vn 0.3822 0.9241 0.0037
vn -0.9239 0.0010 -0.3826
vn -0.9239 -0.0010 -0.3826
vn -0.0020 0.0017 -1.0000
vn -0.3823 0.9240 0.0037
vn -0.3823 0.9240 -0.0037
vn -0.0013 0.3823 -0.9240
vn 0.0013 0.3825 -0.9239
vn -0.0012 0.3825 -0.9239
vn -0.0020 0.0016 1.0000
vn -0.3826 0.0010 0.9239
vn -0.3826 -0.0010 0.9239
vn -1.0000 -0.0016 0.0060
vn -0.0012 0.9239 0.3826
vn 0.0012 0.9239 0.3826
vn -0.0000 0.0017 1.0000
vn 0.0020 0.0016 1.0000
vn 0.9239 0.0011 0.3826
vn 0.9239 -0.0010 0.3826
vn 0.3826 0.9239 0.0037
vn 0.3823 0.9240 -0.0037
vn 0.3823 0.9240 -0.0038
vn 0.3823 0.9240 0.0038
vn 0.0020 0.0017 -1.0000
vn 0.3825 0.0010 -0.9240
vn 0.3825 -0.0011 -0.9239
vn -0.0036 0.0015 1.0000
vn -0.0000 0.0015 1.0000
vn -0.0000 0.3824 0.9240
vn -0.0022 0.3824 0.9240
vn -0.0000 1.0000 0.0060
vn -0.0036 1.0000 0.0060
vn 1.0000 0.0015 0.0060
vn 0.9239 0.0009 0.3826
vn 0.0020 0.0015 1.0000
vn 0.3823 0.9240 0.0037
vn 1.0000 0.0014 -0.0060
vn 0.0020 0.0015 -1.0000
vn 0.3826 0.0009 -0.9239
vn 1.0000 -0.0001 -0.0060
vn -0.0000 1.0000 -0.0060
vn 0.0012 0.9241 -0.3822
vn -0.0000 0.9241 -0.3823
vn -0.0000 0.9239 -0.3827
vn 0.0012 0.9239 -0.3825
vn -0.0000 0.0015 -1.0000
vn -1.0000 0.0015 -0.0060
vn -0.9239 0.0009 -0.3826
vn -0.0036 0.0015 -1.0000
vn -0.0036 1.0000 -0.0060
vn -0.3824 0.9240 -0.0037
vn -1.0000 0.0015 0.0060
vn -0.3825 0.0009 0.9240
vn -0.3825 -0.0000 0.9240
vn -0.3826 0.0009 0.9239
vn -0.0012 -0.9241 -0.3822
vn 0.0013 -0.9239 -0.3825
vn 0.0012 -0.9240 -0.3825
vn -0.0012 -0.9240 -0.3825
vn -0.9239 -0.3826 -0.0037
vn -0.9240 -0.3823 -0.0038
vn -0.0013 -0.3825 0.9239
vn 0.0013 -0.3825 0.9239
vn 0.0012 -0.3825 0.9240
vn -0.0013 -0.3825 0.9240
vn 0.9241 -0.3822 0.0037
vn 0.0020 -0.0014 -1.0000
vn -0.0036 -0.0014 1.0000
vn -0.0035 -0.0000 1.0000
vn 0.0019 -0.0016 1.0000
vn 0.0020 0.0017 1.0000
vn -0.0020 -0.0016 1.0000
vn -0.0019 -0.0016 -1.0000
vn -0.0035 0.0015 -1.0000
vn -0.0035 0.0015 1.0000
vn -0.0022 -0.9240 0.3824
vn -0.0035 -0.0015 1.0000
vn 0.0012 -0.3825 -0.9240
vn 0.0013 -0.3825 -0.9240
vn -0.0036 -0.0000 -1.0000
vn 0.9239 -0.0009 -0.3826
vn 0.3825 -0.0009 0.9239
vn -0.9239 -0.0009 0.3826
vn -0.0035 -0.0014 1.0000
vn -0.0035 -0.0014 -1.0000
vn -0.3826 -0.0009 -0.9239
vn 0.0012 0.9240 0.3825
vn -0.3251 -0.3252 0.8880
vn -0.0012 -0.3825 0.9239
vn 0.3251 -0.3253 -0.8880
vn 0.3252 -0.3252 -0.8880
vn -0.0023 -0.9240 0.3824
vn -0.3251 0.8881 -0.3250
vn -0.3251 0.3253 0.8880
vn -0.0013 0.9240 0.3825
vn 0.0012 0.3826 -0.9239
vn -0.3252 0.3253 -0.8880
vn -0.3251 0.3253 -0.8880
vn 0.3252 0.3253 0.8879
vn 0.3251 0.3253 0.8880
vn 0.8879 0.3253 -0.3252
vn -0.3253 0.3253 -0.8879
vn -0.8881 0.3251 0.3251
vn -0.3252 -0.3253 -0.8879
vn -0.3252 -0.8881 0.3250
vn 0.3252 -0.8879 -0.3253
vn 0.0012 -0.9239 -0.3825
vn -0.0598 0.0007 -0.9982
vn 0.0598 -0.0008 -0.9982
vn 0.5773 0.5774 0.5773
vn -0.5773 0.5773 0.5774
vn 0.0731 0.0608 0.9955
vn 0.0731 0.0608 -0.9955
vn -0.0731 0.0608 -0.9955
vn -0.0731 0.0608 0.9955
vn 0.0731 0.0607 -0.9955
vn 0.0731 0.0607 0.9955
vn 0.0003 -0.0000 1.0000
vn -0.0731 0.0607 0.9955
vn -0.0731 0.0607 -0.9955
vn 0.0041 0.0031 -1.0000
vn -0.0049 0.0029 -1.0000
vn -0.0033 0.6899 -0.7239
vn 0.0026 0.7141 -0.7000
vn 0.0027 0.7141 -0.7000
vn -0.0038 0.9974 -0.0726
vn 0.0039 0.9976 -0.0694
vn -0.0042 0.9978 0.0665
vn -0.3628 0.9302 0.0549
vn -0.3567 0.9216 0.1532
vn -0.3629 0.9302 0.0549
vn -0.9816 0.0032 0.1907
vn -0.9472 0.0025 0.3205
vn -0.9816 -0.0031 0.1910
vn -0.9816 -0.0000 0.1909
vn -0.9820 -0.0000 -0.1890
vn -0.9822 -0.0010 -0.1877
vn -0.0049 -0.0000 -1.0000
vn -0.0048 -0.0029 -1.0000
vn 0.0039 0.9976 0.0692
vn -0.0015 0.9217 0.3880
vn 0.0016 0.9218 0.3877
vn -0.0015 0.9216 0.3880
vn -0.0034 0.0030 1.0000
vn 0.0041 0.0030 1.0000
vn -0.0034 -0.0000 1.0000
vn -0.3188 0.0027 0.9478
vn -0.3191 -0.0000 0.9477
vn -0.9472 -0.0000 0.3207
vn 0.3770 0.9250 0.0472
vn 0.3770 0.9250 -0.0473
vn 0.9976 0.0028 0.0694
vn 0.9976 0.0028 -0.0694
vn 0.9976 -0.0000 0.0695
vn 0.9239 0.0011 0.3825
vn 0.0042 -0.0000 1.0000
vn 0.0041 -0.0000 -1.0000
vn 0.0040 0.0030 -1.0000
vn 0.3824 0.0027 -0.9240
vn 0.9976 -0.0000 -0.0695
vn 0.0039 -0.9976 -0.0691
vn -0.0038 -0.9974 -0.0722
vn -0.0016 -0.9274 -0.3741
vn 0.0014 -0.9272 -0.3745
vn -0.0016 -0.9274 -0.3742
vn 0.0041 -0.0030 -1.0000
vn -0.9472 -0.0025 0.3207
vn -0.9025 -0.3881 0.1867
vn -0.8815 -0.3841 0.2748
vn -0.9025 -0.3882 0.1866
vn -0.0041 -0.9978 0.0666
vn 0.0040 -0.9976 0.0694
vn 0.3770 -0.9250 -0.0473
vn 0.3770 -0.9250 0.0472
vn 0.9976 -0.0028 -0.0694
vn 0.9976 -0.0028 0.0694
vn 0.0016 -0.9213 0.3888
vn -0.0015 -0.9212 0.3891
vn -0.0015 -0.9212 0.3892
vn 0.0041 -0.0029 1.0000
vn -0.0034 -0.0030 1.0000
vn 0.0041 -0.0000 1.0000
vn -0.9818 0.0011 -0.1900
vn -0.3188 -0.0027 0.9478
vn 0.9239 -0.0011 0.3826
vn 0.3824 -0.0026 -0.9240
vn -0.3208 0.9133 -0.2510
vn -0.3206 0.9133 -0.2511
vn -0.2667 0.3227 0.9081
vn -0.9253 -0.3555 -0.1318
vn -0.9253 -0.3555 -0.1317
vn -0.2676 -0.3197 0.9090
vn -0.2676 -0.3196 0.9090
vn -0.7071 0.7071 -0.0015
vn 0.7071 0.7071 0.0015
vn -0.0598 -0.0008 0.9982
vn -0.0418 0.7065 -0.7065
vn -0.5773 0.5774 0.5773
vt 0.673181 0.633108
vt 0.673182 0.744554
vt 0.672950 0.744554
vt 0.672948 0.633108
vt 0.672717 0.744554
vt 0.672716 0.633108
vt 0.963535 0.883119
vt 0.962265 0.883119
vt 0.962260 0.882888
vt 0.963541 0.882889
vt 0.674434 0.744793
vt 0.673151 0.744789
vt 0.674452 0.744554
vt 0.626719 0.744554
vt 0.672724 0.744787
vt 0.626711 0.744787
vt 0.962033 0.929128
vt 0.962033 0.883119
vt 0.962265 0.929128
vt 0.232225 0.805632
vt 0.232225 0.917073
vt 0.231992 0.917073
vt 0.231992 0.805632
vt 0.231759 0.917073
vt 0.231759 0.805632
vt 0.963535 0.929128
vt 0.963768 0.883119
vt 0.963768 0.929128
vt 0.278231 0.917305
vt 0.232218 0.917305
vt 0.278225 0.917073
vt 0.278691 0.805632
vt 0.278691 0.917073
vt 0.278458 0.917073
vt 0.278458 0.805632
vt 0.278225 0.805632
vt 0.963541 0.929358
vt 0.962260 0.929357
vt 0.626283 0.744790
vt 0.625000 0.744794
vt 0.624983 0.744556
vt 0.626253 0.744554
vt 0.626718 0.633109
vt 0.626486 0.744554
vt 0.626485 0.633109
vt 0.626252 0.633109
vt 0.298380 0.924671
vt 0.298380 0.970681
vt 0.298148 0.970681
vt 0.298148 0.924671
vt 0.626710 0.632876
vt 0.672723 0.632875
vt 0.674452 0.633108
vt 0.673151 0.632872
vt 0.674434 0.632868
vt 0.299656 0.970911
vt 0.298375 0.970910
vt 0.299650 0.970681
vt 0.299650 0.924671
vt 0.298375 0.924440
vt 0.299656 0.924441
vt 0.625000 0.632869
vt 0.626283 0.632873
vt 0.624983 0.633108
vt 0.232218 0.805399
vt 0.278231 0.805399
vt 0.299883 0.924671
vt 0.299883 0.970681
vt 0.672943 0.744742
vt 0.962071 0.882928
vt 0.232011 0.917258
vt 0.231833 0.917322
vt 0.963729 0.882928
vt 0.278438 0.917258
vt 0.278616 0.917321
vt 0.963729 0.929319
vt 0.626492 0.744743
vt 0.962070 0.929319
vt 0.672942 0.632920
vt 0.298185 0.970873
vt 0.626492 0.632920
vt 0.298185 0.924480
vt 0.232011 0.805447
vt 0.231833 0.805383
vt 0.299845 0.970873
vt 0.278438 0.805447
vt 0.278616 0.805383
vt 0.299845 0.924480
vt 0.135145 0.692040
vt 0.135408 0.692040
vt 0.135709 0.616708
vt 0.135440 0.616707
vt 0.134883 0.692039
vt 0.135171 0.616706
vt 0.970133 0.833880
vt 0.970127 0.833616
vt 0.967406 0.833616
vt 0.967400 0.833880
vt 0.135384 0.692307
vt 0.138108 0.692312
vt 0.138088 0.692046
vt 0.134907 0.692305
vt 0.094142 0.692017
vt 0.094143 0.692283
vt 0.970393 0.833616
vt 0.970393 0.792704
vt 0.970127 0.792704
vt 0.967139 0.833616
vt 0.967406 0.792704
vt 0.967139 0.792704
vt 0.138613 0.692047
vt 0.138579 0.692310
vt 0.178856 0.692715
vt 0.178877 0.692453
vt 0.648395 0.978727
vt 0.648661 0.978728
vt 0.648746 0.916464
vt 0.648480 0.916464
vt 0.648128 0.978726
vt 0.648213 0.916463
vt 0.742440 0.842299
vt 0.742707 0.842299
vt 0.742707 0.800847
vt 0.742440 0.800847
vt 0.648651 0.978994
vt 0.690152 0.979062
vt 0.690146 0.978794
vt 0.648158 0.978989
vt 0.645410 0.978724
vt 0.645428 0.978990
vt 0.742701 0.842563
vt 0.745433 0.842563
vt 0.745427 0.842299
vt 0.889588 0.956989
vt 0.889854 0.956991
vt 0.889854 0.894688
vt 0.889588 0.894688
vt 0.889321 0.956989
vt 0.889321 0.894688
vt 0.889327 0.957257
vt 0.847832 0.956955
vt 0.847821 0.957222
vt 0.745694 0.842299
vt 0.745694 0.800847
vt 0.745427 0.800847
vt 0.093876 0.692017
vt 0.094142 0.616625
vt 0.093876 0.616625
vt 0.998047 0.002218
vt 0.997780 0.002218
vt 0.997780 0.077854
vt 0.998047 0.077854
vt 0.980592 0.229659
vt 0.980607 0.229389
vt 0.977886 0.229352
vt 0.977862 0.229617
vt 0.970133 0.792440
vt 0.967400 0.792439
vt 0.977620 0.229348
vt 0.978914 0.153776
vt 0.978647 0.153774
vt 0.977353 0.229344
vt 0.978380 0.153772
vt 0.847565 0.956955
vt 0.847919 0.894666
vt 0.847652 0.894666
vt 0.847298 0.956955
vt 0.847385 0.894665
vt 0.847328 0.957223
vt 0.844576 0.956953
vt 0.844593 0.957225
vt 0.745433 0.800583
vt 0.742701 0.800582
vt 0.690413 0.978795
vt 0.690679 0.978795
vt 0.690679 0.916450
vt 0.690413 0.916451
vt 0.690146 0.916451
vt 0.844686 0.894387
vt 0.844668 0.894658
vt 0.847416 0.894396
vt 0.773347 0.823094
vt 0.773342 0.823358
vt 0.776074 0.823359
vt 0.776069 0.823094
vt 0.773081 0.823094
vt 0.773347 0.781648
vt 0.773081 0.781648
vt 0.690152 0.916185
vt 0.648737 0.916196
vt 0.773342 0.781384
vt 0.776068 0.781648
vt 0.776074 0.781385
vt 0.648244 0.916199
vt 0.645509 0.916191
vt 0.645491 0.916458
vt 0.847908 0.894399
vt 0.889327 0.894421
vt 0.776335 0.823094
vt 0.776335 0.781648
vt 0.956926 0.833637
vt 0.957192 0.833637
vt 0.957192 0.792731
vt 0.956926 0.792731
vt 0.179740 0.464835
vt 0.179722 0.464568
vt 0.138789 0.464789
vt 0.138821 0.465057
vt 0.977863 0.001995
vt 0.977886 0.002260
vt 0.980607 0.002222
vt 0.980592 0.001953
vt 0.957187 0.833901
vt 0.959918 0.833902
vt 0.959913 0.833637
vt 0.138558 0.465058
vt 0.138296 0.465060
vt 0.138623 0.540532
vt 0.138892 0.540532
vt 0.139161 0.540532
vt 0.957187 0.792466
vt 0.959913 0.792731
vt 0.959918 0.792467
vt 0.138317 0.464793
vt 0.135596 0.464807
vt 0.135617 0.465074
vt 0.960180 0.792731
vt 0.960180 0.833637
vt 0.135092 0.465077
vt 0.135119 0.464813
vt 0.094698 0.464762
vt 0.094695 0.465025
vt 0.180109 0.540485
vt 0.135879 0.540531
vt 0.094208 0.540446
vt 0.135342 0.540531
vt 0.978913 0.077836
vt 0.981635 0.077818
vt 0.138450 0.616718
vt 0.981635 0.153794
vt 0.180156 0.616962
vt 0.138987 0.616720
vt 0.138351 0.692046
vt 0.138718 0.616719
vt 0.135610 0.540531
vt 0.093941 0.540445
vt 0.997780 0.153838
vt 0.998047 0.153838
vt 0.978647 0.077838
vt 0.978380 0.077840
vt 0.135354 0.465075
vt 0.997780 0.229474
vt 0.998047 0.229474
vt 0.094428 0.465023
vt 0.977620 0.002264
vt 0.977353 0.002267
vt 0.135146 0.692256
vt 0.970349 0.833835
vt 0.138345 0.692259
vt 0.967184 0.833835
vt 0.648401 0.978931
vt 0.742484 0.842517
vt 0.889564 0.957206
vt 0.889768 0.957288
vt 0.745650 0.842518
vt 0.998009 0.001953
vt 0.997804 0.002007
vt 0.093926 0.692242
vt 0.970349 0.792485
vt 0.977432 0.229619
vt 0.977635 0.229552
vt 0.967184 0.792485
vt 0.847571 0.957174
vt 0.745650 0.800628
vt 0.690389 0.979011
vt 0.690594 0.979083
vt 0.742484 0.800628
vt 0.773125 0.823313
vt 0.690594 0.916162
vt 0.690389 0.916235
vt 0.648487 0.916261
vt 0.773125 0.781429
vt 0.776290 0.823313
vt 0.847658 0.894446
vt 0.889564 0.894473
vt 0.776290 0.781429
vt 0.889768 0.894391
vt 0.977635 0.002059
vt 0.977431 0.001992
vt 0.956970 0.833856
vt 0.138555 0.464843
vt 0.956970 0.792512
vt 0.135357 0.464859
vt 0.960135 0.792512
vt 0.094478 0.464800
vt 0.997804 0.229684
vt 0.998009 0.229739
vt 0.960135 0.833856
vt 0.967409 0.302259
vt 0.967409 0.343159
vt 0.967139 0.343159
vt 0.967139 0.302259
vt 0.814231 0.777634
vt 0.773397 0.777604
vt 0.773404 0.777336
vt 0.814225 0.777367
vt 0.888841 0.002223
vt 0.875485 0.002231
vt 0.875478 0.001962
vt 0.888847 0.001953
vt 0.980756 0.343428
vt 0.967409 0.343427
vt 0.980744 0.343160
vt 0.980795 0.302274
vt 0.967409 0.301989
vt 0.980808 0.302005
vt 0.888848 0.889583
vt 0.875479 0.889575
vt 0.875486 0.889307
vt 0.888841 0.889314
vt 0.875500 0.816064
vt 0.875217 0.889307
vt 0.875230 0.816064
vt 0.814630 0.704149
vt 0.814494 0.777367
vt 0.814361 0.704148
vt 0.981064 0.302275
vt 0.981012 0.343160
vt 0.981333 0.302275
vt 0.981281 0.343161
vt 0.722302 0.723558
vt 0.722282 0.796802
vt 0.722013 0.796802
vt 0.722033 0.723558
vt 0.889129 0.816067
vt 0.889110 0.889314
vt 0.888860 0.816067
vt 0.888857 0.075471
vt 0.889109 0.002223
vt 0.889127 0.075471
vt 0.763470 0.723569
vt 0.763451 0.796813
vt 0.763181 0.796813
vt 0.763201 0.723569
vt 0.763308 0.428771
vt 0.763295 0.355528
vt 0.763563 0.355528
vt 0.763577 0.428771
vt 0.889130 0.370196
vt 0.889109 0.443615
vt 0.888841 0.443615
vt 0.888861 0.370196
vt 0.722681 0.354876
vt 0.763299 0.354995
vt 0.763292 0.355261
vt 0.722686 0.355143
vt 0.722679 0.355410
vt 0.875485 0.443606
vt 0.888847 0.443885
vt 0.875478 0.443875
vt 0.764091 0.341591
vt 0.763566 0.355007
vt 0.763823 0.341581
vt 0.814345 0.336020
vt 0.773618 0.335933
vt 0.773620 0.335665
vt 0.814345 0.335752
vt 0.773606 0.335398
vt 0.814360 0.335485
vt 0.814337 0.409338
vt 0.814614 0.336020
vt 0.814607 0.409338
vt 0.875217 0.521341
vt 0.875235 0.447923
vt 0.875505 0.447924
vt 0.875486 0.521341
vt 0.888860 0.447931
vt 0.875497 0.447654
vt 0.888867 0.447662
vt 0.722413 0.354886
vt 0.722013 0.341459
vt 0.722282 0.341451
vt 0.888846 0.521344
vt 0.889129 0.447931
vt 0.889115 0.521344
vt 0.722037 0.428715
vt 0.722412 0.355408
vt 0.722306 0.428716
vt 0.773405 0.483171
vt 0.773425 0.556925
vt 0.773156 0.556925
vt 0.773136 0.483171
vt 0.875231 0.296430
vt 0.875229 0.222664
vt 0.875498 0.222664
vt 0.875501 0.296430
vt 0.888857 0.222664
vt 0.888860 0.296429
vt 0.814308 0.483168
vt 0.814322 0.556917
vt 0.875493 0.668875
vt 0.875489 0.595109
vt 0.888847 0.595108
vt 0.888852 0.668874
vt 0.722340 0.576379
vt 0.722344 0.502621
vt 0.763248 0.502631
vt 0.763236 0.576386
vt 0.875495 0.149068
vt 0.888854 0.149068
vt 0.722321 0.649964
vt 0.763220 0.649974
vt 0.875498 0.742470
vt 0.888857 0.742469
vt 0.773435 0.630505
vt 0.814336 0.630503
vt 0.773349 0.409301
vt 0.875501 0.370194
vt 0.875497 0.075472
vt 0.773420 0.704130
vt 0.773136 0.777336
vt 0.773151 0.704130
vt 0.875228 0.075472
vt 0.875217 0.002231
vt 0.875229 0.742470
vt 0.814606 0.630503
vt 0.722052 0.649964
vt 0.889126 0.742469
vt 0.889123 0.149068
vt 0.763489 0.649974
vt 0.875226 0.149068
vt 0.773167 0.630505
vt 0.773081 0.409301
vt 0.875231 0.370194
vt 0.889126 0.222664
vt 0.889129 0.296429
vt 0.763517 0.502631
vt 0.763506 0.576386
vt 0.722071 0.576379
vt 0.722076 0.502622
vt 0.889117 0.595108
vt 0.889122 0.668874
vt 0.875225 0.668875
vt 0.875220 0.595109
vt 0.814578 0.483168
vt 0.814591 0.556916
vt 0.875217 0.443606
vt 0.773348 0.335932
vt 0.773180 0.777563
vt 0.967188 0.343396
vt 0.875260 0.002010
vt 0.875261 0.889528
vt 0.967189 0.302020
vt 0.814448 0.777590
vt 0.981044 0.302058
vt 0.981250 0.302000
vt 0.889066 0.889540
vt 0.980992 0.343376
vt 0.981198 0.343435
vt 0.889065 0.001997
vt 0.889065 0.443841
vt 0.763504 0.355265
vt 0.773408 0.335681
vt 0.875260 0.443827
vt 0.773336 0.335467
vt 0.875280 0.447697
vt 0.814556 0.335777
vt 0.814630 0.335562
vt 0.722473 0.355146
vt 0.889084 0.447710
vt 0.145613 0.806442
vt 0.145409 0.917857
vt 0.145177 0.917856
vt 0.145380 0.806442
vt 0.144944 0.917856
vt 0.145148 0.806442
vt 0.298381 0.874429
vt 0.298381 0.920437
vt 0.298148 0.920437
vt 0.298148 0.874428
vt 0.191520 0.918139
vt 0.145400 0.918090
vt 0.191520 0.917905
vt 0.732700 0.912240
vt 0.733970 0.912247
vt 0.733948 0.912484
vt 0.732664 0.912471
vt 0.299656 0.920668
vt 0.298375 0.920667
vt 0.299650 0.920437
vt 0.733264 0.800857
vt 0.732467 0.912239
vt 0.733031 0.800855
vt 0.732234 0.912238
vt 0.732799 0.800854
vt 0.686498 0.912137
vt 0.732255 0.912470
vt 0.686498 0.912369
vt 0.299883 0.874428
vt 0.299883 0.920437
vt 0.299650 0.874429
vt 0.686498 0.800723
vt 0.686265 0.912137
vt 0.686265 0.800723
vt 0.956926 0.788464
vt 0.956926 0.677038
vt 0.957159 0.677038
vt 0.957159 0.788464
vt 0.958429 0.677038
vt 0.957154 0.676807
vt 0.958434 0.676808
vt 0.298375 0.874198
vt 0.299656 0.874199
vt 0.958429 0.788464
vt 0.958662 0.677038
vt 0.958662 0.788464
vt 0.191752 0.806478
vt 0.191752 0.917905
vt 0.191520 0.806478
vt 0.272847 0.967325
vt 0.274116 0.967325
vt 0.274122 0.967555
vt 0.272841 0.967554
vt 0.733229 0.800626
vt 0.734513 0.800626
vt 0.734533 0.800863
vt 0.145604 0.806210
vt 0.191520 0.806246
vt 0.274349 0.921316
vt 0.274349 0.967325
vt 0.274116 0.921316
vt 0.958434 0.788695
vt 0.957154 0.788694
vt 0.272841 0.921086
vt 0.274122 0.921087
vt 0.272847 0.921316
vt 0.272614 0.967325
vt 0.272614 0.921316
vt 0.686499 0.800489
vt 0.732820 0.800620
vt 0.145194 0.918042
vt 0.145016 0.918106
vt 0.298185 0.920629
vt 0.732462 0.912424
vt 0.299845 0.920629
vt 0.956964 0.676847
vt 0.686308 0.912333
vt 0.299845 0.874238
vt 0.191711 0.918100
vt 0.958624 0.676848
vt 0.298187 0.874237
vt 0.145399 0.806257
vt 0.145221 0.806192
vt 0.274310 0.967516
vt 0.958624 0.788655
vt 0.191711 0.806284
vt 0.274310 0.921125
vt 0.733028 0.800671
vt 0.272653 0.967516
vt 0.686309 0.800526
vt 0.956964 0.788655
vt 0.272653 0.921125
vt 0.043766 0.679131
vt 0.044079 0.750410
vt 0.043815 0.750412
vt 0.043498 0.679132
vt 0.043552 0.750413
vt 0.043230 0.679132
vt 0.987834 0.808195
vt 0.990555 0.808195
vt 0.990560 0.808459
vt 0.987828 0.808458
vt 0.046793 0.750667
vt 0.044058 0.750677
vt 0.046771 0.750399
vt 0.002737 0.750624
vt 0.043578 0.750679
vt 0.002739 0.750891
vt 0.990821 0.767289
vt 0.990821 0.808195
vt 0.990555 0.767289
vt 0.987833 0.767289
vt 0.987567 0.808195
vt 0.987567 0.767289
vt 0.087871 0.750675
vt 0.047276 0.750662
vt 0.047298 0.750397
vt 0.087862 0.750411
vt 0.290919 0.463614
vt 0.288201 0.463638
vt 0.288184 0.463373
vt 0.290910 0.463346
vt 0.987828 0.767024
vt 0.990560 0.767025
vt 0.288759 0.678597
vt 0.288201 0.750010
vt 0.287934 0.750007
vt 0.288493 0.678596
vt 0.001953 0.535184
vt 0.002900 0.463833
vt 0.003168 0.463837
vt 0.002220 0.535186
vt 0.949700 0.792765
vt 0.946979 0.792765
vt 0.946973 0.792501
vt 0.949705 0.792502
vt 0.290910 0.750302
vt 0.288184 0.750275
vt 0.290919 0.750033
vt 0.043638 0.464163
vt 0.003170 0.463572
vt 0.043665 0.463899
vt 0.946712 0.833677
vt 0.946712 0.792765
vt 0.946979 0.833677
vt 0.088098 0.535462
vt 0.088098 0.464229
vt 0.088364 0.464229
vt 0.088364 0.535462
vt 0.088631 0.464229
vt 0.088631 0.535462
vt 0.949700 0.833677
vt 0.949966 0.792765
vt 0.949966 0.833677
vt 0.047365 0.463908
vt 0.088108 0.463963
vt 0.047385 0.464174
vt 0.046857 0.464173
vt 0.044165 0.464165
vt 0.044144 0.463897
vt 0.046881 0.463904
vt 0.949705 0.833942
vt 0.946973 0.833941
vt 0.046565 0.535387
vt 0.047121 0.464174
vt 0.046833 0.535389
vt 0.047101 0.535389
vt 0.672011 0.557172
vt 0.672560 0.628298
vt 0.672296 0.628299
vt 0.671743 0.557173
vt 0.672034 0.628301
vt 0.671475 0.557174
vt 0.980340 0.767374
vt 0.977620 0.767374
vt 0.977614 0.767109
vt 0.980346 0.767110
vt 0.675271 0.628549
vt 0.672541 0.628565
vt 0.675248 0.628282
vt 0.631738 0.628835
vt 0.672067 0.628563
vt 0.631759 0.629098
vt 0.977353 0.808280
vt 0.977353 0.767374
vt 0.977620 0.808280
vt 0.675285 0.557156
vt 0.675774 0.628280
vt 0.675511 0.628280
vt 0.675016 0.557157
vt 0.674748 0.557159
vt 0.980341 0.808280
vt 0.980608 0.767374
vt 0.980608 0.808280
vt 0.716331 0.628448
vt 0.675753 0.628544
vt 0.716322 0.628185
vt 0.968019 0.217212
vt 0.967406 0.288626
vt 0.967139 0.288624
vt 0.967752 0.217211
vt 0.630090 0.413102
vt 0.631185 0.341731
vt 0.631451 0.341735
vt 0.630357 0.413106
vt 0.990553 0.722082
vt 0.987833 0.722082
vt 0.987827 0.721817
vt 0.990559 0.721818
vt 0.970115 0.288921
vt 0.967390 0.288891
vt 0.970126 0.288652
vt 0.671897 0.342115
vt 0.631455 0.341471
vt 0.671924 0.341850
vt 0.987567 0.762988
vt 0.987567 0.722082
vt 0.987833 0.762988
vt 0.990555 0.762988
vt 0.990821 0.722082
vt 0.990821 0.762988
vt 0.675624 0.341864
vt 0.716365 0.341963
vt 0.716354 0.342229
vt 0.675644 0.342130
vt 0.675116 0.342128
vt 0.672425 0.342117
vt 0.672404 0.341849
vt 0.675140 0.341860
vt 0.990559 0.763252
vt 0.987827 0.763251
vt 0.970394 0.002223
vt 0.967674 0.002242
vt 0.967657 0.001977
vt 0.970385 0.001953
vt 0.980346 0.808544
vt 0.977614 0.808543
vt 0.716887 0.557050
vt 0.716854 0.628185
vt 0.716587 0.628185
vt 0.716620 0.557051
vt 0.716353 0.557051
vt 0.046500 0.679128
vt 0.291483 0.535040
vt 0.288760 0.535051
vt 0.047036 0.679128
vt 0.088090 0.679125
vt 0.002268 0.679226
vt 0.675270 0.413338
vt 0.716275 0.413429
vt 0.671464 0.413323
vt 0.970740 0.217226
vt 0.672000 0.413325
vt 0.674734 0.413336
vt 0.043832 0.535379
vt 0.291481 0.678608
vt 0.043295 0.535377
vt 0.043759 0.607264
vt 0.046486 0.607265
vt 0.047021 0.607265
vt 0.087986 0.607273
vt 0.288760 0.606824
vt 0.291482 0.606824
vt 0.002264 0.607261
vt 0.043225 0.607264
vt 0.970796 0.145438
vt 0.968075 0.145436
vt 0.675214 0.485222
vt 0.716181 0.485208
vt 0.671952 0.485222
vt 0.674679 0.485222
vt 0.671417 0.485222
vt 0.630453 0.485219
vt 0.970851 0.073650
vt 0.968131 0.073658
vt 0.630276 0.557457
vt 0.043901 0.464164
vt 0.043564 0.535378
vt 0.046753 0.607265
vt 0.002470 0.750626
vt 0.002001 0.679227
vt 0.288494 0.535052
vt 0.287934 0.463639
vt 0.088624 0.679125
vt 0.088395 0.750413
vt 0.088128 0.750412
vt 0.088356 0.679125
vt 0.967808 0.145435
vt 0.967485 0.217211
vt 0.967541 0.145435
vt 0.716620 0.342229
vt 0.716543 0.413429
vt 0.716887 0.342229
vt 0.716810 0.413429
vt 0.675380 0.342129
vt 0.675001 0.413337
vt 0.672161 0.342116
vt 0.671731 0.413324
vt 0.043492 0.607264
vt 0.046769 0.679128
vt 0.088252 0.607273
vt 0.088520 0.607273
vt 0.288494 0.606824
vt 0.001998 0.607261
vt 0.047033 0.750398
vt 0.967864 0.073659
vt 0.967597 0.073660
vt 0.716447 0.485208
vt 0.716715 0.485208
vt 0.674946 0.485222
vt 0.671685 0.485222
vt 0.967139 0.002245
vt 0.967407 0.002243
vt 0.043817 0.750626
vt 0.990777 0.808414
vt 0.047033 0.750615
vt 0.987612 0.808414
vt 0.287973 0.463429
vt 0.002521 0.750847
vt 0.990777 0.767070
vt 0.088104 0.750626
vt 0.088305 0.750711
vt 0.987612 0.767070
vt 0.002952 0.463611
vt 0.287973 0.750218
vt 0.946757 0.792546
vt 0.088341 0.464019
vt 0.088543 0.463942
vt 0.949922 0.792546
vt 0.946757 0.833897
vt 0.043904 0.463950
vt 0.047121 0.463956
vt 0.949922 0.833897
vt 0.672301 0.628512
vt 0.977398 0.767154
vt 0.675511 0.628496
vt 0.980562 0.767154
vt 0.631237 0.341511
vt 0.967178 0.288835
vt 0.987611 0.721862
vt 0.716597 0.342021
vt 0.716799 0.341946
vt 0.990776 0.721862
vt 0.672164 0.341901
vt 0.987611 0.763207
vt 0.675381 0.341912
vt 0.990776 0.763207
vt 0.967446 0.002032
vt 0.631548 0.629094
vt 0.631479 0.628896
vt 0.977398 0.808499
vt 0.716564 0.628394
vt 0.716765 0.628472
vt 0.980562 0.808499
vt 0.862805 0.116020
vt 0.822613 0.116687
vt 0.822580 0.116429
vt 0.862783 0.115763
vt 0.977353 0.853500
vt 0.977353 0.812575
vt 0.977614 0.812575
vt 0.977614 0.853500
vt 0.979985 0.812575
vt 0.977609 0.812316
vt 0.979991 0.812316
vt 0.819743 0.116436
vt 0.822118 0.116425
vt 0.822098 0.116689
vt 0.819766 0.116696
vt 0.822717 0.225219
vt 0.822386 0.170939
vt 0.822652 0.170938
vt 0.822974 0.225217
vt 0.822919 0.170936
vt 0.823230 0.225215
vt 0.979985 0.853500
vt 0.980247 0.812575
vt 0.980247 0.853500
vt 0.778450 0.116511
vt 0.819276 0.116437
vt 0.819252 0.116699
vt 0.778449 0.116772
vt 0.819438 0.170954
vt 0.819509 0.116697
vt 0.819705 0.170954
vt 0.819972 0.170952
vt 0.979991 0.853759
vt 0.977609 0.853758
vt 0.533567 0.454639
vt 0.535955 0.454625
vt 0.535954 0.454890
vt 0.533585 0.454902
vt 0.536223 0.509318
vt 0.536215 0.454888
vt 0.536485 0.509318
vt 0.778188 0.171165
vt 0.778188 0.116772
vt 0.778449 0.171164
vt 0.533329 0.509318
vt 0.533061 0.454905
vt 0.533323 0.454904
vt 0.533590 0.509318
vt 0.533852 0.509318
vt 0.773342 0.827390
vt 0.773342 0.868308
vt 0.773081 0.868308
vt 0.773081 0.827390
vt 0.863386 0.225662
vt 0.823199 0.225472
vt 0.863405 0.225404
vt 0.820391 0.225242
vt 0.822738 0.225481
vt 0.820370 0.225504
vt 0.775718 0.868567
vt 0.773338 0.868566
vt 0.775713 0.868308
vt 0.775713 0.827390
vt 0.773338 0.827131
vt 0.775718 0.827132
vt 0.535955 0.564009
vt 0.533568 0.563997
vt 0.533585 0.563733
vt 0.535954 0.563746
vt 0.775975 0.827390
vt 0.775975 0.868308
vt 0.819908 0.225509
vt 0.778938 0.225900
vt 0.778921 0.225638
vt 0.819877 0.225247
vt 0.864574 0.170713
vt 0.822356 0.116688
vt 0.820134 0.225244
vt 0.536215 0.563748
vt 0.778659 0.225641
vt 0.533061 0.563731
vt 0.533323 0.563732
vt 0.977396 0.812360
vt 0.822351 0.116479
vt 0.819510 0.116490
vt 0.980203 0.812360
vt 0.536169 0.454664
vt 0.980203 0.853715
vt 0.778237 0.116554
vt 0.533341 0.454701
vt 0.533141 0.454632
vt 0.977396 0.853715
vt 0.822970 0.225424
vt 0.773125 0.868522
vt 0.533341 0.563935
vt 0.533142 0.564004
vt 0.773125 0.827175
vt 0.536171 0.563966
vt 0.536463 0.563841
vt 0.536347 0.564079
vt 0.775931 0.827175
vt 0.820138 0.225452
vt 0.775931 0.868522
vt 0.701847 0.740574
vt 0.702109 0.740575
vt 0.702109 0.678291
vt 0.701847 0.678291
vt 0.701586 0.740575
vt 0.701586 0.678291
vt 0.436041 0.796113
vt 0.436032 0.796373
vt 0.477182 0.796179
vt 0.477198 0.795919
vt 0.022648 0.808494
vt 0.022386 0.808494
vt 0.022380 0.849953
vt 0.022642 0.849953
vt 0.480439 0.796147
vt 0.480446 0.795884
vt 0.477685 0.795909
vt 0.477705 0.796174
vt 0.480700 0.796144
vt 0.481070 0.858426
vt 0.481331 0.858424
vt 0.480961 0.796141
vt 0.481593 0.858422
vt 0.477444 0.796177
vt 0.477812 0.858459
vt 0.478073 0.858456
vt 0.478334 0.858455
vt 0.481083 0.858690
vt 0.478320 0.858718
vt 0.607552 0.796156
vt 0.607557 0.795897
vt 0.604812 0.795897
vt 0.604817 0.796156
vt 0.607813 0.796156
vt 0.607552 0.837622
vt 0.607813 0.837623
vt 0.477831 0.858723
vt 0.436032 0.858690
vt 0.436044 0.858954
vt 0.604556 0.796156
vt 0.604556 0.837623
vt 0.604817 0.837622
vt 0.607557 0.837882
vt 0.604812 0.837881
vt 0.701647 0.740838
vt 0.701847 0.740774
vt 0.702047 0.740838
vt 0.022642 0.808236
vt 0.022430 0.808280
vt 0.480676 0.795937
vt 0.022425 0.850169
vt 0.022637 0.850213
vt 0.477443 0.795964
vt 0.607770 0.795941
vt 0.481312 0.858633
vt 0.481513 0.858712
vt 0.478076 0.858672
vt 0.604600 0.795941
vt 0.607770 0.837838
vt 0.604600 0.837838
vt 0.702047 0.678028
vt 0.701847 0.678091
vt 0.701647 0.678028
vt 0.528280 0.908822
vt 0.528053 0.908789
vt 0.528003 0.909034
vt 0.528284 0.909006
vt 0.487100 0.909129
vt 0.487108 0.909361
vt 0.528503 0.908765
vt 0.528563 0.909004
vt 0.531266 0.908977
vt 0.531242 0.908717
vt 0.025357 0.808474
vt 0.025387 0.808237
vt 0.025382 0.850211
vt 0.025352 0.849975
vt 0.487100 0.971692
vt 0.487116 0.971958
vt 0.529123 0.971581
vt 0.529072 0.971338
vt 0.529630 0.971328
vt 0.529577 0.971570
vt 0.532327 0.971524
vt 0.532343 0.971262
vt 0.025647 0.808491
vt 0.025598 0.808283
vt 0.025593 0.850164
vt 0.025647 0.849976
vt 0.480864 0.795898
vt 0.529351 0.971337
vt 0.529351 0.971523
vt 0.357804 0.454926
vt 0.316972 0.455100
vt 0.316956 0.454865
vt 0.357812 0.454691
vt 0.977353 0.717893
vt 0.977353 0.676905
vt 0.977589 0.676905
vt 0.977589 0.717893
vt 0.980391 0.676905
vt 0.977584 0.676673
vt 0.980396 0.676673
vt 0.313726 0.454868
vt 0.316537 0.454866
vt 0.316503 0.455102
vt 0.313704 0.455105
vt 0.980391 0.717893
vt 0.980627 0.676905
vt 0.980627 0.717893
vt 0.367779 0.455215
vt 0.408525 0.454786
vt 0.408526 0.455020
vt 0.367801 0.455449
vt 0.409506 0.530002
vt 0.408761 0.455017
vt 0.409740 0.530000
vt 0.313636 0.530005
vt 0.313468 0.455106
vt 0.313872 0.530005
vt 0.317203 0.680582
vt 0.316974 0.755458
vt 0.316739 0.755458
vt 0.316967 0.680582
vt 0.316505 0.755457
vt 0.316732 0.680581
vt 0.752889 0.800819
vt 0.752889 0.841812
vt 0.752653 0.841812
vt 0.752653 0.800819
vt 0.357812 0.755895
vt 0.316957 0.755692
vt 0.357803 0.755660
vt 0.313704 0.755449
vt 0.316532 0.755693
vt 0.313706 0.755684
vt 0.755697 0.842046
vt 0.752883 0.842045
vt 0.755692 0.841812
vt 0.367801 0.755571
vt 0.408522 0.755967
vt 0.408520 0.756201
vt 0.367779 0.755805
vt 0.755927 0.800819
vt 0.755927 0.841812
vt 0.755692 0.800819
vt 0.752883 0.800585
vt 0.755697 0.800586
vt 0.367365 0.755803
vt 0.364558 0.755786
vt 0.364536 0.755549
vt 0.367331 0.755568
vt 0.358221 0.529893
vt 0.358039 0.454924
vt 0.358456 0.529893
vt 0.358273 0.454923
vt 0.358692 0.529892
vt 0.367331 0.455452
vt 0.364536 0.455472
vt 0.364558 0.455235
vt 0.367365 0.455219
vt 0.980396 0.718126
vt 0.977584 0.718126
vt 0.367901 0.530240
vt 0.367566 0.455451
vt 0.368137 0.530239
vt 0.368373 0.530237
vt 0.237328 0.464649
vt 0.278174 0.464701
vt 0.278161 0.464935
vt 0.237338 0.464884
vt 0.278159 0.465169
vt 0.237337 0.465118
vt 0.512868 0.755423
vt 0.515671 0.755423
vt 0.515678 0.755658
vt 0.512862 0.755658
vt 0.415886 0.457534
vt 0.415777 0.454730
vt 0.416012 0.454722
vt 0.416119 0.457520
vt 0.456901 0.458077
vt 0.416120 0.457989
vt 0.416125 0.457754
vt 0.456898 0.457843
vt 0.456906 0.457610
vt 0.512869 0.680441
vt 0.512634 0.755423
vt 0.512634 0.680441
vt 0.415604 0.532914
vt 0.415886 0.457987
vt 0.415839 0.532914
vt 0.515672 0.529860
vt 0.515673 0.454879
vt 0.515908 0.454879
vt 0.515908 0.529860
vt 0.278521 0.690824
vt 0.278192 0.765755
vt 0.277958 0.765754
vt 0.278285 0.690823
vt 0.277997 0.769018
vt 0.277956 0.766223
vt 0.278190 0.766214
vt 0.278232 0.769018
vt 0.512863 0.454643
vt 0.515679 0.454644
vt 0.512869 0.454879
vt 0.237183 0.765624
vt 0.277952 0.765988
vt 0.237186 0.765858
vt 0.237179 0.766090
vt 0.237102 0.768880
vt 0.278004 0.769253
vt 0.237092 0.769115
vt 0.456972 0.758809
vt 0.416048 0.758810
vt 0.416055 0.758575
vt 0.456966 0.758574
vt 0.505460 0.454885
vt 0.502657 0.454885
vt 0.502650 0.454652
vt 0.505467 0.454654
vt 0.236866 0.768875
vt 0.236946 0.766078
vt 0.502657 0.680446
vt 0.502656 0.755428
vt 0.502421 0.755428
vt 0.502421 0.680446
vt 0.236866 0.540033
vt 0.237102 0.465117
vt 0.237101 0.540033
vt 0.457044 0.454813
vt 0.457279 0.454826
vt 0.457138 0.457627
vt 0.505465 0.755661
vt 0.502649 0.755660
vt 0.505458 0.755428
vt 0.456933 0.532930
vt 0.457135 0.458077
vt 0.457168 0.532930
vt 0.505695 0.680446
vt 0.505694 0.755429
vt 0.505459 0.680446
vt 0.313928 0.680575
vt 0.365102 0.680790
vt 0.367908 0.680804
vt 0.368379 0.680806
vt 0.409490 0.681039
vt 0.358265 0.680689
vt 0.512868 0.529860
vt 0.502656 0.529867
vt 0.505459 0.529867
vt 0.416018 0.683641
vt 0.457044 0.683626
vt 0.237187 0.690788
vt 0.317147 0.529998
vt 0.365096 0.530253
vt 0.316676 0.529999
vt 0.317269 0.605298
vt 0.358261 0.605288
vt 0.368056 0.605531
vt 0.365252 0.605531
vt 0.368527 0.605531
vt 0.409529 0.605532
vt 0.313995 0.605300
vt 0.316797 0.605299
vt 0.515672 0.680441
vt 0.278172 0.540051
vt 0.515672 0.605150
vt 0.512869 0.605150
vt 0.415964 0.608331
vt 0.456958 0.608297
vt 0.502657 0.605157
vt 0.505459 0.605157
vt 0.237189 0.615419
vt 0.278186 0.615399
vt 0.316738 0.455101
vt 0.316912 0.529998
vt 0.409764 0.605532
vt 0.313759 0.605300
vt 0.358736 0.680690
vt 0.358273 0.755664
vt 0.358039 0.755662
vt 0.358500 0.680689
vt 0.367566 0.755569
vt 0.368144 0.680805
vt 0.278395 0.465169
vt 0.278408 0.540051
vt 0.515908 0.680441
vt 0.515906 0.755423
vt 0.512634 0.605150
vt 0.415728 0.608331
vt 0.236948 0.765624
vt 0.236951 0.690788
vt 0.502420 0.529867
vt 0.502422 0.454884
vt 0.505695 0.454885
vt 0.505694 0.529867
vt 0.457279 0.683626
vt 0.457201 0.758574
vt 0.317033 0.605299
vt 0.358496 0.605288
vt 0.358731 0.605287
vt 0.368291 0.605531
vt 0.409726 0.681040
vt 0.313693 0.680575
vt 0.313468 0.755448
vt 0.408757 0.755970
vt 0.278421 0.615399
vt 0.515908 0.605150
vt 0.512634 0.529860
vt 0.415782 0.683641
vt 0.457193 0.608297
vt 0.505695 0.605157
vt 0.502421 0.605157
vt 0.236953 0.615419
vt 0.415819 0.758575
vt 0.512635 0.454879
vt 0.977393 0.676712
vt 0.316743 0.454912
vt 0.408719 0.454819
vt 0.980587 0.676712
vt 0.408875 0.454705
vt 0.408983 0.454918
vt 0.316742 0.755647
vt 0.752693 0.842006
vt 0.408712 0.756164
vt 0.313513 0.755646
vt 0.755887 0.842006
vt 0.358018 0.755853
vt 0.358196 0.755930
vt 0.752693 0.800625
vt 0.367570 0.755757
vt 0.755887 0.800626
vt 0.358018 0.454733
vt 0.358196 0.454656
vt 0.977393 0.718087
vt 0.367570 0.455264
vt 0.980587 0.718087
vt 0.278345 0.464952
vt 0.278410 0.464765
vt 0.515868 0.755618
vt 0.415939 0.457756
vt 0.512672 0.755617
vt 0.278139 0.765989
vt 0.515869 0.454685
vt 0.512673 0.454684
vt 0.415858 0.758773
vt 0.278195 0.769219
vt 0.502461 0.454692
vt 0.236999 0.765853
vt 0.457161 0.758769
vt 0.505656 0.454692
vt 0.236901 0.769070
vt 0.237154 0.464901
vt 0.502460 0.755622
vt 0.237091 0.464715
vt 0.505655 0.755623
vt 0.457084 0.457849
vt 0.121375 0.183180
vt 0.121521 0.229227
vt 0.121288 0.229228
vt 0.121143 0.183180
vt 0.121055 0.229228
vt 0.120910 0.183182
vt 0.171623 0.182752
vt 0.121357 0.182949
vt 0.171630 0.182521
vt 0.987567 0.908381
vt 0.987567 0.857670
vt 0.987800 0.857670
vt 0.987800 0.908381
vt 0.989069 0.857670
vt 0.987794 0.857439
vt 0.989075 0.857440
vt 0.119646 0.182951
vt 0.120941 0.182947
vt 0.119642 0.183185
vt 0.989069 0.908381
vt 0.989302 0.857670
vt 0.989302 0.908381
vt 0.231640 0.368227
vt 0.180915 0.368004
vt 0.180924 0.367771
vt 0.231643 0.367994
vt 0.181158 0.321491
vt 0.180691 0.367770
vt 0.180925 0.321491
vt 0.119551 0.229231
vt 0.119410 0.183185
vt 0.119783 0.229231
vt 0.172088 0.182744
vt 0.172826 0.228987
vt 0.172593 0.228989
vt 0.171856 0.182748
vt 0.172361 0.228991
vt 0.548847 0.249064
vt 0.550116 0.249079
vt 0.550106 0.249318
vt 0.548826 0.249296
vt 0.989075 0.908612
vt 0.987794 0.908611
vt 0.548381 0.249059
vt 0.548917 0.202760
vt 0.549149 0.202762
vt 0.548613 0.249061
vt 0.549382 0.202763
vt 0.180924 0.183332
vt 0.181294 0.252291
vt 0.181061 0.252292
vt 0.180691 0.183333
vt 0.119410 0.367435
vt 0.119627 0.298592
vt 0.119860 0.298593
vt 0.119642 0.367436
vt 0.953322 0.883159
vt 0.952052 0.883159
vt 0.952046 0.882928
vt 0.953327 0.882928
vt 0.120942 0.367675
vt 0.119644 0.367671
vt 0.120911 0.367440
vt 0.231704 0.183130
vt 0.180915 0.183099
vt 0.231699 0.182896
vt 0.951819 0.933874
vt 0.951819 0.883159
vt 0.952052 0.933874
vt 0.550116 0.064392
vt 0.548847 0.064404
vt 0.548827 0.064173
vt 0.550106 0.064154
vt 0.953327 0.934105
vt 0.952046 0.934105
vt 0.953322 0.933874
vt 0.121377 0.367442
vt 0.171801 0.367750
vt 0.171809 0.367982
vt 0.121359 0.367673
vt 0.953554 0.883159
vt 0.953554 0.933874
vt 0.231882 0.321629
vt 0.231942 0.252226
vt 0.550738 0.133425
vt 0.549467 0.133429
vt 0.121597 0.298595
vt 0.172509 0.298703
vt 0.121130 0.298594
vt 0.550652 0.202770
vt 0.121363 0.298594
vt 0.172742 0.298704
vt 0.172975 0.298705
vt 0.549234 0.133430
vt 0.549002 0.133430
vt 0.548613 0.064406
vt 0.548381 0.064408
vt 0.172034 0.367753
vt 0.172266 0.367756
vt 0.121144 0.367441
vt 0.987605 0.857478
vt 0.121147 0.182994
vt 0.180728 0.367962
vt 0.989264 0.857479
vt 0.119455 0.182990
vt 0.171833 0.182562
vt 0.987605 0.908571
vt 0.172008 0.182487
vt 0.989264 0.908571
vt 0.548627 0.249243
vt 0.548448 0.249302
vt 0.180727 0.183143
vt 0.119454 0.367631
vt 0.951857 0.882968
vt 0.548627 0.064225
vt 0.548448 0.064165
vt 0.951857 0.934066
vt 0.172013 0.367937
vt 0.172188 0.368009
vt 0.953516 0.934066
vt 0.121148 0.367627
vt 0.953516 0.882968
vt 0.835457 0.957495
vt 0.835447 0.957234
vt 0.794032 0.957221
vt 0.794026 0.957482
vt 0.594603 0.796068
vt 0.594343 0.796067
vt 0.594343 0.837536
vt 0.594603 0.837535
vt 0.835708 0.957234
vt 0.835969 0.957235
vt 0.836056 0.894939
vt 0.835795 0.894939
vt 0.835533 0.894939
vt 0.594599 0.795808
vt 0.597339 0.796068
vt 0.597344 0.795809
vt 0.835939 0.957498
vt 0.838683 0.957504
vt 0.838700 0.957241
vt 0.597600 0.796067
vt 0.597339 0.837535
vt 0.597600 0.837536
vt 0.582929 0.909651
vt 0.582934 0.909390
vt 0.541504 0.909391
vt 0.541513 0.909652
vt 0.583191 0.909651
vt 0.582929 0.971994
vt 0.583191 0.971995
vt 0.583451 0.909650
vt 0.583451 0.971995
vt 0.865878 0.769638
vt 0.866139 0.769634
vt 0.865015 0.684183
vt 0.864753 0.684187
vt 0.865616 0.769641
vt 0.864492 0.684190
vt 0.987823 0.676605
vt 0.987828 0.676865
vt 0.990563 0.676865
vt 0.990568 0.676606
vt 0.866114 0.769898
vt 0.868874 0.769861
vt 0.868872 0.769599
vt 0.865649 0.769906
vt 0.824149 0.769922
vt 0.824169 0.770187
vt 0.987567 0.676864
vt 0.987567 0.717786
vt 0.987828 0.717785
vt 0.379857 0.964068
vt 0.380119 0.964068
vt 0.380119 0.878647
vt 0.379857 0.878647
vt 0.869134 0.769595
vt 0.868013 0.684143
vt 0.867751 0.684147
vt 0.990824 0.676864
vt 0.990563 0.717785
vt 0.990824 0.717786
vt 0.380117 0.964331
vt 0.421265 0.964226
vt 0.421246 0.963963
vt 0.147940 0.781957
vt 0.148201 0.781957
vt 0.148201 0.696511
vt 0.147941 0.696512
vt 0.147678 0.781957
vt 0.147679 0.696512
vt 0.147696 0.782217
vt 0.144945 0.781957
vt 0.144954 0.782220
vt 0.987823 0.718044
vt 0.990568 0.718045
vt 0.421507 0.963962
vt 0.421768 0.963961
vt 0.421382 0.878564
vt 0.421120 0.878565
vt 0.420858 0.878566
vt 0.211332 0.847577
vt 0.211593 0.847576
vt 0.211593 0.806109
vt 0.211332 0.806108
vt 0.835543 0.894678
vt 0.794026 0.894633
vt 0.794032 0.894895
vt 0.836027 0.894676
vt 0.838793 0.894941
vt 0.838776 0.894678
vt 0.211588 0.847835
vt 0.214333 0.847836
vt 0.214328 0.847576
vt 0.582934 0.972256
vt 0.541427 0.971936
vt 0.541417 0.972197
vt 0.214589 0.847577
vt 0.214589 0.806108
vt 0.214328 0.806109
vt 0.977353 0.763078
vt 0.977615 0.763078
vt 0.977615 0.722157
vt 0.977353 0.722157
vt 0.864521 0.683932
vt 0.824165 0.684189
vt 0.824149 0.684447
vt 0.864984 0.683920
vt 0.867748 0.683884
vt 0.977609 0.763337
vt 0.980355 0.763337
vt 0.980349 0.763078
vt 0.977609 0.721898
vt 0.980349 0.722157
vt 0.980355 0.721898
vt 0.147697 0.696251
vt 0.144953 0.696248
vt 0.144944 0.696511
vt 0.538278 0.909384
vt 0.538261 0.909646
vt 0.540991 0.909652
vt 0.541021 0.909391
vt 0.594599 0.837794
vt 0.597344 0.837795
vt 0.793770 0.957221
vt 0.793770 0.894895
vt 0.793508 0.957222
vt 0.793508 0.894895
vt 0.211588 0.805849
vt 0.214333 0.805850
vt 0.538168 0.971933
vt 0.538185 0.972196
vt 0.540933 0.972196
vt 0.540904 0.971936
vt 0.541252 0.909652
vt 0.541166 0.971936
vt 0.380116 0.878386
vt 0.420877 0.878306
vt 0.980611 0.763078
vt 0.980611 0.722157
vt 0.594386 0.795852
vt 0.835702 0.957446
vt 0.583167 0.909436
vt 0.597556 0.795852
vt 0.583368 0.909355
vt 0.865881 0.769850
vt 0.987610 0.676650
vt 0.869087 0.769820
vt 0.379903 0.964288
vt 0.990781 0.676650
vt 0.147923 0.782155
vt 0.148124 0.782222
vt 0.987610 0.718001
vt 0.421490 0.964170
vt 0.421689 0.964234
vt 0.990781 0.718001
vt 0.835790 0.894728
vt 0.211376 0.847791
vt 0.214546 0.847791
vt 0.583167 0.972208
vt 0.583368 0.972289
vt 0.864752 0.683976
vt 0.977396 0.763293
vt 0.148125 0.696246
vt 0.147924 0.696313
vt 0.977396 0.721942
vt 0.793792 0.957434
vt 0.594386 0.837750
vt 0.793592 0.957521
vt 0.211376 0.805894
vt 0.793793 0.894682
vt 0.793592 0.894594
vt 0.597556 0.837750
vt 0.541258 0.909432
vt 0.379902 0.878429
vt 0.867963 0.683921
vt 0.980567 0.763293
vt 0.541171 0.972155
vt 0.214546 0.805894
vt 0.421300 0.878292
vt 0.421102 0.878359
vt 0.980567 0.721942
vt 0.867910 0.780991
vt 0.827719 0.781655
vt 0.827685 0.781397
vt 0.867889 0.780734
vt 0.298148 0.549391
vt 0.298148 0.508464
vt 0.298410 0.508464
vt 0.298410 0.549391
vt 0.300779 0.508464
vt 0.298403 0.508205
vt 0.300785 0.508205
vt 0.824848 0.781405
vt 0.827223 0.781396
vt 0.827204 0.781657
vt 0.824873 0.781666
vt 0.827823 0.890195
vt 0.827492 0.835911
vt 0.827758 0.835909
vt 0.828079 0.890194
vt 0.828025 0.835908
vt 0.828336 0.890190
vt 0.300779 0.549391
vt 0.301041 0.508464
vt 0.301041 0.549391
vt 0.783557 0.781485
vt 0.824382 0.781406
vt 0.824358 0.781668
vt 0.783556 0.781746
vt 0.824544 0.835927
vt 0.824615 0.781667
vt 0.824811 0.835925
vt 0.825078 0.835924
vt 0.300785 0.549649
vt 0.298403 0.549649
vt 0.523354 0.567716
vt 0.525742 0.567703
vt 0.525740 0.567966
vt 0.523371 0.567979
vt 0.526010 0.622394
vt 0.526002 0.567965
vt 0.526271 0.622394
vt 0.783294 0.836135
vt 0.783294 0.781746
vt 0.783557 0.836133
vt 0.523115 0.622394
vt 0.522847 0.567982
vt 0.523109 0.567981
vt 0.523377 0.622394
vt 0.523639 0.622394
vt 0.222070 0.805888
vt 0.222069 0.846801
vt 0.221808 0.846801
vt 0.221808 0.805888
vt 0.221546 0.846802
vt 0.221547 0.805888
vt 0.990199 0.002211
vt 0.987830 0.002211
vt 0.987822 0.001953
vt 0.990207 0.001954
vt 0.224441 0.847069
vt 0.222055 0.847061
vt 0.224440 0.846803
vt 0.990199 0.056604
vt 0.990461 0.002211
vt 0.990461 0.056604
vt 0.824213 0.512262
vt 0.824410 0.457917
vt 0.824672 0.457918
vt 0.824475 0.512263
vt 0.865458 0.457980
vt 0.824666 0.457658
vt 0.865465 0.457718
vt 0.224702 0.805886
vt 0.224702 0.846803
vt 0.224440 0.805886
vt 0.952082 0.223805
vt 0.954452 0.223805
vt 0.954459 0.224067
vt 0.952073 0.224066
vt 0.222056 0.805628
vt 0.224441 0.805621
vt 0.824815 0.232208
vt 0.824411 0.286902
vt 0.824149 0.286901
vt 0.824555 0.232206
vt 0.987567 0.223793
vt 0.987567 0.169027
vt 0.987830 0.169027
vt 0.987828 0.223792
vt 0.824728 0.229330
vt 0.824815 0.231689
vt 0.824557 0.231706
vt 0.824466 0.229340
vt 0.990207 0.224051
vt 0.987821 0.224049
vt 0.990198 0.223793
vt 0.865409 0.232347
vt 0.824821 0.231948
vt 0.865406 0.232088
vt 0.865416 0.231829
vt 0.952082 0.002214
vt 0.952081 0.056982
vt 0.951819 0.056982
vt 0.951821 0.002214
vt 0.865670 0.232346
vt 0.865750 0.286951
vt 0.865489 0.286951
vt 0.954453 0.002215
vt 0.952075 0.001953
vt 0.954460 0.001953
vt 0.865800 0.229487
vt 0.865673 0.231852
vt 0.865537 0.229472
vt 0.865077 0.679593
vt 0.865458 0.624898
vt 0.865720 0.624898
vt 0.865338 0.679595
vt 0.954714 0.002215
vt 0.954712 0.056983
vt 0.954450 0.056983
vt 0.824431 0.679460
vt 0.865075 0.679852
vt 0.824431 0.679720
vt 0.865087 0.680112
vt 0.824415 0.679980
vt 0.990200 0.169027
vt 0.990462 0.169027
vt 0.990460 0.223793
vt 0.824170 0.679460
vt 0.824149 0.624823
vt 0.824411 0.624824
vt 0.987828 0.812490
vt 0.987828 0.853407
vt 0.987567 0.853408
vt 0.987567 0.812490
vt 0.868491 0.890634
vt 0.828304 0.890449
vt 0.868509 0.890377
vt 0.825496 0.890218
vt 0.827844 0.890455
vt 0.825477 0.890477
vt 0.990204 0.853667
vt 0.987823 0.853666
vt 0.990199 0.853407
vt 0.990199 0.812490
vt 0.987823 0.812231
vt 0.990204 0.812231
vt 0.525742 0.677087
vt 0.523355 0.677073
vt 0.523371 0.676811
vt 0.525740 0.676824
vt 0.990461 0.812490
vt 0.990461 0.853408
vt 0.825014 0.890485
vt 0.784045 0.890871
vt 0.784028 0.890609
vt 0.824983 0.890223
vt 0.869678 0.835686
vt 0.865454 0.512305
vt 0.952082 0.169410
vt 0.954453 0.169410
vt 0.824620 0.453886
vt 0.824577 0.399505
vt 0.865496 0.399469
vt 0.865538 0.453854
vt 0.987828 0.056604
vt 0.990200 0.113343
vt 0.987830 0.113343
vt 0.824515 0.342750
vt 0.865454 0.342726
vt 0.952081 0.112669
vt 0.954452 0.112669
vt 0.865419 0.569087
vt 0.824480 0.569065
vt 0.827462 0.781656
vt 0.825240 0.890221
vt 0.526002 0.676826
vt 0.783766 0.890611
vt 0.522847 0.676808
vt 0.523109 0.676809
vt 0.987567 0.113343
vt 0.824253 0.342750
vt 0.865716 0.342726
vt 0.951819 0.112669
vt 0.954713 0.112669
vt 0.865681 0.569087
vt 0.990462 0.113343
vt 0.824218 0.569065
vt 0.865720 0.457979
vt 0.865716 0.512305
vt 0.954714 0.169410
vt 0.954713 0.223805
vt 0.951820 0.223805
vt 0.951820 0.169410
vt 0.865758 0.399469
vt 0.865800 0.453854
vt 0.824359 0.453886
vt 0.824315 0.399505
vt 0.987567 0.056604
vt 0.987567 0.002211
vt 0.298190 0.508250
vt 0.827456 0.781446
vt 0.824616 0.781458
vt 0.300998 0.508250
vt 0.525955 0.567740
vt 0.300998 0.549606
vt 0.783344 0.781529
vt 0.523128 0.567777
vt 0.522928 0.567708
vt 0.298190 0.549605
vt 0.987610 0.001996
vt 0.221826 0.847004
vt 0.221625 0.847071
vt 0.824454 0.457702
vt 0.990418 0.001997
vt 0.224655 0.847026
vt 0.954671 0.224022
vt 0.865676 0.457759
vt 0.224655 0.805663
vt 0.221827 0.805685
vt 0.221626 0.805618
vt 0.951862 0.224022
vt 0.987610 0.224006
vt 0.824615 0.231951
vt 0.865613 0.232095
vt 0.951863 0.001998
vt 0.865280 0.679836
vt 0.865350 0.680040
vt 0.954671 0.001999
vt 0.824226 0.679698
vt 0.824152 0.679905
vt 0.990418 0.224008
vt 0.828076 0.890400
vt 0.987611 0.853623
vt 0.523128 0.677012
vt 0.522928 0.677081
vt 0.987611 0.812276
vt 0.525957 0.677044
vt 0.526249 0.676919
vt 0.526133 0.677156
vt 0.990417 0.812276
vt 0.825244 0.890428
vt 0.990417 0.853623
vt 0.002421 0.808688
vt 0.002421 0.849682
vt 0.002187 0.849682
vt 0.002187 0.808688
vt 0.001953 0.849682
vt 0.001953 0.808688
vt 0.035272 0.754766
vt 0.032828 0.754766
vt 0.032823 0.754534
vt 0.035277 0.754535
vt 0.004874 0.849914
vt 0.002412 0.849914
vt 0.004865 0.849682
vt 0.916305 0.516329
vt 0.916510 0.565859
vt 0.916276 0.565860
vt 0.916071 0.516329
vt 0.032594 0.804177
vt 0.032594 0.754766
vt 0.032828 0.804177
vt 0.035272 0.804177
vt 0.035505 0.754766
vt 0.035505 0.804177
vt 0.916072 0.512928
vt 0.916280 0.463398
vt 0.916514 0.463399
vt 0.916306 0.512928
vt 0.005331 0.808688
vt 0.005331 0.849682
vt 0.005098 0.849682
vt 0.005098 0.808688
vt 0.004865 0.808688
vt 0.957090 0.512970
vt 0.957725 0.463673
vt 0.957959 0.463675
vt 0.957323 0.512973
vt 0.022380 0.804233
vt 0.022380 0.754819
vt 0.022614 0.754819
vt 0.022614 0.804233
vt 0.025057 0.754819
vt 0.022609 0.754587
vt 0.025062 0.754588
vt 0.002412 0.808456
vt 0.004874 0.808456
vt 0.916306 0.513398
vt 0.916306 0.515859
vt 0.916072 0.515863
vt 0.916074 0.513393
vt 0.035277 0.804408
vt 0.032823 0.804408
vt 0.957089 0.516290
vt 0.916307 0.516093
vt 0.957088 0.516061
vt 0.957089 0.515832
vt 0.957089 0.513429
vt 0.916308 0.513163
vt 0.957088 0.513199
vt 0.025057 0.804233
vt 0.025291 0.754819
vt 0.025291 0.804233
vt 0.957323 0.516288
vt 0.957959 0.565585
vt 0.957725 0.565588
vt 0.025062 0.804464
vt 0.022609 0.804464
vt 0.957323 0.513423
vt 0.957321 0.515837
vt 0.002205 0.849864
vt 0.002026 0.849924
vt 0.032633 0.754574
vt 0.005080 0.849864
vt 0.005260 0.849924
vt 0.035466 0.754574
vt 0.022419 0.754627
vt 0.005079 0.808505
vt 0.005260 0.808446
vt 0.032633 0.804369
vt 0.916119 0.516095
vt 0.916121 0.513162
vt 0.035466 0.804369
vt 0.025253 0.754627
vt 0.002205 0.808505
vt 0.002026 0.808446
vt 0.957275 0.516060
vt 0.025253 0.804424
vt 0.022419 0.804424
vt 0.957276 0.513201
vt 0.618352 0.791856
vt 0.620628 0.792403
vt 0.620546 0.792688
vt 0.618272 0.792150
vt 0.987839 0.373704
vt 0.990139 0.373192
vt 0.990147 0.373492
vt 0.987869 0.373993
vt 0.470645 0.735709
vt 0.469612 0.791525
vt 0.469315 0.791518
vt 0.470342 0.735706
vt 0.469015 0.791510
vt 0.470037 0.735703
vt 0.990144 0.399126
vt 0.990448 0.373442
vt 0.990441 0.399126
vt 0.495419 0.792252
vt 0.469594 0.791820
vt 0.495440 0.791954
vt 0.548381 0.791102
vt 0.550655 0.791130
vt 0.550698 0.791425
vt 0.548407 0.791403
vt 0.990161 0.440638
vt 0.987862 0.440637
vt 0.987871 0.440346
vt 0.990152 0.440346
vt 0.987863 0.399126
vt 0.987567 0.399126
vt 0.987579 0.374034
vt 0.617791 0.792152
vt 0.592585 0.791932
vt 0.592591 0.791635
vt 0.617766 0.791851
vt 0.228363 0.633357
vt 0.228740 0.689551
vt 0.228444 0.689553
vt 0.228066 0.633359
vt 0.228148 0.689555
vt 0.227771 0.633361
vt 0.552823 0.623057
vt 0.552442 0.679219
vt 0.552146 0.679217
vt 0.552527 0.623055
vt 0.551849 0.679215
vt 0.552231 0.623053
vt 0.619685 0.623492
vt 0.619298 0.679740
vt 0.619009 0.679738
vt 0.619395 0.623490
vt 0.618719 0.679736
vt 0.619105 0.623488
vt 0.987870 0.368622
vt 0.990148 0.369121
vt 0.990140 0.369421
vt 0.987841 0.368910
vt 0.466695 0.455152
vt 0.469044 0.455115
vt 0.469007 0.455410
vt 0.466672 0.455458
vt 0.594869 0.455020
vt 0.553532 0.454916
vt 0.553512 0.454619
vt 0.594870 0.454722
vt 0.987567 0.343489
vt 0.987576 0.302274
vt 0.987873 0.302274
vt 0.987863 0.343489
vt 0.552872 0.510750
vt 0.552941 0.454915
vt 0.553237 0.454915
vt 0.553168 0.510751
vt 0.553464 0.510752
vt 0.990153 0.302274
vt 0.987864 0.301982
vt 0.990162 0.301983
vt 0.227995 0.465175
vt 0.230192 0.464633
vt 0.230273 0.464919
vt 0.228077 0.465464
vt 0.227486 0.465461
vt 0.186630 0.465080
vt 0.186643 0.464787
vt 0.227510 0.465168
vt 0.990449 0.302274
vt 0.990440 0.343490
vt 0.990145 0.343490
vt 0.227182 0.520995
vt 0.227781 0.465463
vt 0.227479 0.520995
vt 0.227774 0.520996
vt 0.619697 0.511044
vt 0.620042 0.455164
vt 0.620335 0.455165
vt 0.619986 0.511046
vt 0.620628 0.455167
vt 0.620276 0.511047
vt 0.470644 0.623444
vt 0.496339 0.623446
vt 0.496340 0.679664
vt 0.470659 0.679646
vt 0.186546 0.633632
vt 0.186890 0.689884
vt 0.549949 0.623039
vt 0.549569 0.679198
vt 0.594027 0.623326
vt 0.593641 0.679538
vt 0.467692 0.623443
vt 0.470037 0.623444
vt 0.470053 0.679645
vt 0.467707 0.679645
vt 0.496285 0.735931
vt 0.187271 0.746367
vt 0.228655 0.745729
vt 0.229681 0.801260
vt 0.188844 0.802172
vt 0.549111 0.735295
vt 0.551395 0.735319
vt 0.551988 0.735326
vt 0.593170 0.735732
vt 0.551245 0.791138
vt 0.618217 0.735954
vt 0.467691 0.735682
vt 0.466672 0.791459
vt 0.496349 0.567232
vt 0.470668 0.567246
vt 0.227410 0.577168
vt 0.186152 0.577381
vt 0.552573 0.566880
vt 0.550291 0.566867
vt 0.594369 0.567111
vt 0.553165 0.566883
vt 0.619447 0.567245
vt 0.470061 0.567246
vt 0.467716 0.567245
vt 0.495438 0.454958
vt 0.496305 0.510972
vt 0.470673 0.511195
vt 0.469606 0.455400
vt 0.185798 0.520897
vt 0.550590 0.510742
vt 0.550661 0.454912
vt 0.594651 0.510918
vt 0.470064 0.511201
vt 0.467716 0.511223
vt 0.470356 0.679645
vt 0.550950 0.791134
vt 0.551691 0.735323
vt 0.990448 0.440347
vt 0.229710 0.801552
vt 0.188863 0.802466
vt 0.987575 0.440347
vt 0.551216 0.791435
vt 0.229248 0.745721
vt 0.230273 0.801249
vt 0.229977 0.801254
vt 0.228951 0.745725
vt 0.618796 0.735958
vt 0.618059 0.791853
vt 0.618506 0.735956
vt 0.470341 0.623444
vt 0.470365 0.567246
vt 0.469307 0.455404
vt 0.470369 0.511198
vt 0.552869 0.566882
vt 0.469578 0.455102
vt 0.495414 0.454660
vt 0.990449 0.369170
vt 0.620071 0.454864
vt 0.987580 0.368579
vt 0.227706 0.577167
vt 0.228002 0.577165
vt 0.619737 0.567247
vt 0.620027 0.567248
vt 0.990385 0.373199
vt 0.469336 0.791749
vt 0.469108 0.791839
vt 0.550954 0.791368
vt 0.987624 0.440589
vt 0.229961 0.801482
vt 0.230185 0.801554
vt 0.990399 0.440590
vt 0.618042 0.792087
vt 0.987612 0.373790
vt 0.469309 0.455171
vt 0.990386 0.369413
vt 0.987626 0.302030
vt 0.553259 0.454683
vt 0.553036 0.454599
vt 0.227764 0.465237
vt 0.990400 0.302031
vt 0.620319 0.454931
vt 0.620543 0.454852
vt 0.987613 0.368825
vt 0.430925 0.978991
vt 0.471550 0.979213
vt 0.471565 0.979473
vt 0.430932 0.979251
vt 0.967139 0.878836
vt 0.967139 0.837911
vt 0.967401 0.837912
vt 0.967401 0.878835
vt 0.472678 0.929927
vt 0.472073 0.979219
vt 0.471812 0.979216
vt 0.472416 0.929924
vt 0.472154 0.929920
vt 0.969771 0.837912
vt 0.967395 0.837652
vt 0.969777 0.837653
vt 0.474451 0.979516
vt 0.472052 0.979483
vt 0.474443 0.979250
vt 0.475049 0.929955
vt 0.472663 0.929661
vt 0.475062 0.929690
vt 0.949350 0.879157
vt 0.946968 0.879157
vt 0.946973 0.878898
vt 0.949344 0.878898
vt 0.946973 0.837973
vt 0.946712 0.878898
vt 0.946712 0.837973
vt 0.430935 0.929376
vt 0.472173 0.929657
vt 0.430925 0.929640
vt 0.969771 0.878836
vt 0.970033 0.837911
vt 0.970033 0.878836
vt 0.134517 0.746156
vt 0.093883 0.745926
vt 0.093876 0.745666
vt 0.134502 0.745895
vt 0.475572 0.929961
vt 0.474967 0.979256
vt 0.474705 0.979254
vt 0.475311 0.929958
vt 0.135106 0.696598
vt 0.093876 0.696324
vt 0.093886 0.696060
vt 0.135125 0.696334
vt 0.949606 0.837973
vt 0.949606 0.878898
vt 0.949344 0.837973
vt 0.969777 0.879095
vt 0.967395 0.879095
vt 0.137404 0.746195
vt 0.135004 0.746166
vt 0.135025 0.745901
vt 0.137396 0.745930
vt 0.135630 0.696605
vt 0.134763 0.745898
vt 0.135368 0.696601
vt 0.138001 0.696634
vt 0.135615 0.696339
vt 0.138014 0.696369
vt 0.946968 0.837714
vt 0.949350 0.837715
vt 0.138525 0.696640
vt 0.137919 0.745937
vt 0.137658 0.745933
vt 0.138263 0.696637
vt 0.950129 0.569740
vt 0.950726 0.619053
vt 0.950466 0.619056
vt 0.949868 0.569743
vt 0.950204 0.619059
vt 0.949606 0.569747
vt 0.763128 0.800844
vt 0.763128 0.841769
vt 0.762867 0.841770
vt 0.762867 0.800844
vt 0.991341 0.619079
vt 0.950712 0.619313
vt 0.991349 0.618820
vt 0.947834 0.619088
vt 0.950225 0.619325
vt 0.947826 0.619352
vt 0.765505 0.842029
vt 0.763123 0.842028
vt 0.765499 0.841769
vt 0.947236 0.569775
vt 0.947572 0.619092
vt 0.946974 0.569779
vt 0.947310 0.619096
vt 0.946712 0.569781
vt 0.987342 0.623236
vt 0.946712 0.623463
vt 0.946720 0.623202
vt 0.987356 0.622976
vt 0.765761 0.800844
vt 0.765761 0.841770
vt 0.765499 0.800844
vt 0.987939 0.672534
vt 0.987603 0.623234
vt 0.988200 0.672531
vt 0.987864 0.623230
vt 0.988462 0.672527
vt 0.990235 0.623203
vt 0.987843 0.622965
vt 0.990243 0.622939
vt 0.763123 0.800585
vt 0.765505 0.800585
vt 0.990833 0.672498
vt 0.990497 0.623199
vt 0.991095 0.672494
vt 0.990759 0.623196
vt 0.991357 0.672491
vt 0.328984 0.760849
vt 0.329705 0.814608
vt 0.329438 0.814612
vt 0.328727 0.760854
vt 0.329172 0.814615
vt 0.328469 0.760859
vt 0.331316 0.760802
vt 0.328961 0.760588
vt 0.331335 0.760541
vt 0.959563 0.879116
vt 0.957182 0.879115
vt 0.957187 0.878856
vt 0.959558 0.878856
vt 0.957187 0.837932
vt 0.956926 0.878857
vt 0.956926 0.837932
vt 0.288308 0.760874
vt 0.328497 0.760602
vt 0.288293 0.761131
vt 0.684579 0.632595
vt 0.684314 0.686527
vt 0.684053 0.686527
vt 0.684317 0.632593
vt 0.683791 0.686527
vt 0.684057 0.632592
vt 0.959558 0.837932
vt 0.957182 0.837673
vt 0.959563 0.837673
vt 0.681686 0.632315
vt 0.684073 0.632331
vt 0.681687 0.632579
vt 0.681420 0.686528
vt 0.681158 0.686527
vt 0.681425 0.632578
vt 0.372945 0.759948
vt 0.374223 0.814036
vt 0.373961 0.814040
vt 0.372683 0.759955
vt 0.959819 0.837932
vt 0.959819 0.878857
vt 0.331801 0.760529
vt 0.372676 0.759693
vt 0.331830 0.760791
vt 0.332652 0.814572
vt 0.332386 0.814575
vt 0.331573 0.760797
vt 0.332118 0.814579
vt 0.752915 0.886994
vt 0.755286 0.886994
vt 0.755291 0.887254
vt 0.752909 0.887253
vt 0.333239 0.869483
vt 0.330871 0.869539
vt 0.330887 0.869279
vt 0.333213 0.869222
vt 0.289366 0.870249
vt 0.330374 0.869293
vt 0.330409 0.869554
vt 0.289388 0.870512
vt 0.755548 0.846077
vt 0.755548 0.886995
vt 0.755285 0.846078
vt 0.681686 0.741301
vt 0.684057 0.741287
vt 0.684073 0.741550
vt 0.681684 0.741564
vt 0.752909 0.845818
vt 0.755291 0.845819
vt 0.752915 0.846078
vt 0.333727 0.869210
vt 0.373961 0.868757
vt 0.373949 0.869016
vt 0.333701 0.869467
vt 0.752653 0.886995
vt 0.752653 0.846077
vt 0.222068 0.851109
vt 0.222069 0.892021
vt 0.221808 0.892021
vt 0.221807 0.851109
vt 0.221547 0.892022
vt 0.221546 0.851109
vt 0.525479 0.681175
vt 0.523109 0.681175
vt 0.523103 0.680916
vt 0.525485 0.680917
vt 0.224441 0.892290
vt 0.222056 0.892281
vt 0.224440 0.892024
vt 0.533323 0.735655
vt 0.533323 0.790071
vt 0.533061 0.790071
vt 0.533061 0.735655
vt 0.001969 0.922353
vt 0.001953 0.867811
vt 0.002215 0.867811
vt 0.002230 0.922353
vt 0.224440 0.851107
vt 0.222055 0.850849
vt 0.224441 0.850841
vt 0.535698 0.790331
vt 0.533317 0.790330
vt 0.535693 0.790071
vt 0.053283 0.922791
vt 0.053290 0.977234
vt 0.053028 0.977234
vt 0.053021 0.922790
vt 0.535955 0.735655
vt 0.535955 0.790072
vt 0.535693 0.735655
vt 0.224702 0.851107
vt 0.224702 0.892024
vt 0.094107 0.977678
vt 0.053283 0.977495
vt 0.094102 0.977418
vt 0.525479 0.735594
vt 0.525741 0.681175
vt 0.525742 0.735594
vt 0.094651 0.922980
vt 0.094364 0.977419
vt 0.094389 0.922979
vt 0.002343 0.976599
vt 0.042920 0.976715
vt 0.042914 0.976974
vt 0.002346 0.976859
vt 0.042920 0.977234
vt 0.002338 0.977118
vt 0.523109 0.735594
vt 0.523109 0.790012
vt 0.522847 0.790012
vt 0.522847 0.735594
vt 0.043565 0.922381
vt 0.043181 0.976717
vt 0.043304 0.922381
vt 0.043008 0.979591
vt 0.043179 0.977217
vt 0.043270 0.979578
vt 0.525486 0.790272
vt 0.523104 0.790271
vt 0.525480 0.790012
vt 0.053711 0.867765
vt 0.094388 0.868154
vt 0.094373 0.868413
vt 0.053723 0.868026
vt 0.094373 0.868672
vt 0.053721 0.868287
vt 0.002217 0.979474
vt 0.001953 0.979461
vt 0.002080 0.977099
vt 0.533317 0.680979
vt 0.535698 0.680980
vt 0.535693 0.681239
vt 0.533323 0.681239
vt 0.818756 0.003080
vt 0.778623 0.003317
vt 0.778639 0.003060
vt 0.818785 0.002823
vt 0.298148 0.504173
vt 0.298148 0.463248
vt 0.298410 0.463248
vt 0.298410 0.504173
vt 0.300780 0.463248
vt 0.298404 0.462989
vt 0.300786 0.462989
vt 0.535955 0.677155
vt 0.533567 0.677133
vt 0.533584 0.676875
vt 0.535954 0.676889
vt 0.533584 0.568120
vt 0.533849 0.622497
vt 0.533588 0.622497
vt 0.533323 0.568120
vt 0.533326 0.622497
vt 0.533061 0.568121
vt 0.300780 0.504173
vt 0.301041 0.463248
vt 0.301041 0.504173
vt 0.822074 0.002748
vt 0.863072 0.001953
vt 0.863093 0.002216
vt 0.822107 0.003011
vt 0.864141 0.056772
vt 0.863355 0.002210
vt 0.864403 0.056769
vt 0.536483 0.622498
vt 0.536215 0.676890
vt 0.536220 0.622498
vt 0.300786 0.504433
vt 0.298404 0.504432
vt 0.819246 0.002810
vt 0.821613 0.002762
vt 0.821594 0.003022
vt 0.819269 0.003070
vt 0.822396 0.057247
vt 0.821851 0.003016
vt 0.822662 0.057244
vt 0.822929 0.057241
vt 0.819445 0.057279
vt 0.819013 0.003075
vt 0.819712 0.057276
vt 0.819979 0.057273
vt 0.991349 0.569476
vt 0.950112 0.569477
vt 0.991338 0.569212
vt 0.298148 0.639806
vt 0.298148 0.598889
vt 0.298410 0.598890
vt 0.298410 0.639806
vt 0.300780 0.598890
vt 0.298405 0.598630
vt 0.300785 0.598631
vt 0.947222 0.569511
vt 0.949621 0.569481
vt 0.300780 0.639806
vt 0.301042 0.598889
vt 0.301042 0.639806
vt 0.987957 0.672798
vt 0.946723 0.673069
vt 0.946712 0.672805
vt 0.300785 0.640066
vt 0.298405 0.640065
vt 0.990847 0.672762
vt 0.988447 0.672793
vt 0.298410 0.553680
vt 0.298410 0.594600
vt 0.298148 0.594600
vt 0.298148 0.553680
vt 0.820524 0.111855
vt 0.779476 0.112721
vt 0.779455 0.112458
vt 0.820490 0.111592
vt 0.535954 0.568106
vt 0.533567 0.567862
vt 0.535955 0.567839
vt 0.300786 0.594859
vt 0.298404 0.594859
vt 0.300779 0.594600
vt 0.300779 0.553680
vt 0.298404 0.553421
vt 0.300786 0.553421
vt 0.823358 0.111788
vt 0.820986 0.111842
vt 0.821004 0.111580
vt 0.823333 0.111527
vt 0.301042 0.553680
vt 0.301042 0.594600
vt 0.864141 0.111339
vt 0.823824 0.111774
vt 0.823847 0.111516
vt 0.864141 0.111081
vt 0.287934 0.815111
vt 0.778188 0.057698
vt 0.043180 0.867766
vt 0.330630 0.869286
vt 0.684318 0.741286
vt 0.684579 0.741285
vt 0.374223 0.868757
vt 0.681424 0.741303
vt 0.333470 0.869216
vt 0.043442 0.867765
vt 0.522847 0.681175
vt 0.094634 0.868671
vt 0.525742 0.790012
vt 0.535955 0.681238
vt 0.053459 0.868284
vt 0.002084 0.976600
vt 0.533061 0.681238
vt 0.533323 0.676874
vt 0.533061 0.676873
vt 0.864403 0.111081
vt 0.536216 0.568104
vt 0.823590 0.111521
vt 0.820747 0.111586
vt 0.967183 0.837697
vt 0.471810 0.979429
vt 0.946756 0.879112
vt 0.472418 0.929709
vt 0.474682 0.979463
vt 0.474881 0.979539
vt 0.969990 0.837697
vt 0.475291 0.929749
vt 0.949562 0.879112
vt 0.475492 0.929677
vt 0.134761 0.746112
vt 0.969990 0.879050
vt 0.135370 0.696385
vt 0.949562 0.837758
vt 0.137634 0.746144
vt 0.137834 0.746224
vt 0.967183 0.879050
vt 0.138243 0.696426
vt 0.946756 0.837758
vt 0.138444 0.696352
vt 0.950467 0.619272
vt 0.762911 0.841985
vt 0.947595 0.619301
vt 0.947396 0.619379
vt 0.765717 0.841985
vt 0.987602 0.623022
vt 0.765717 0.800629
vt 0.990473 0.622993
vt 0.990673 0.622913
vt 0.762911 0.800629
vt 0.956969 0.879072
vt 0.328729 0.760646
vt 0.684299 0.632392
vt 0.956969 0.837718
vt 0.684499 0.632322
vt 0.372891 0.759734
vt 0.959776 0.837718
vt 0.681471 0.632354
vt 0.331569 0.760585
vt 0.959776 0.879072
vt 0.330637 0.869494
vt 0.755503 0.887210
vt 0.755503 0.845863
vt 0.684299 0.741489
vt 0.684499 0.741558
vt 0.752697 0.845863
vt 0.681469 0.741520
vt 0.681293 0.741633
vt 0.681178 0.741396
vt 0.752697 0.887210
vt 0.333470 0.869426
vt 0.522891 0.680960
vt 0.221827 0.892224
vt 0.221626 0.892291
vt 0.221826 0.850906
vt 0.221624 0.850839
vt 0.533105 0.790286
vt 0.535911 0.790286
vt 0.053072 0.977418
vt 0.224655 0.850884
vt 0.094318 0.977665
vt 0.525697 0.680960
vt 0.224655 0.892246
vt 0.043121 0.976976
vt 0.522892 0.790227
vt 0.094579 0.868477
vt 0.094651 0.868277
vt 0.525697 0.790228
vt 0.535911 0.681023
vt 0.053518 0.867994
vt 0.053448 0.867786
vt 0.002140 0.976854
vt 0.533105 0.681023
vt 0.298191 0.463032
vt 0.533341 0.677074
vt 0.533141 0.677143
vt 0.536170 0.677109
vt 0.536461 0.676983
vt 0.536346 0.677220
vt 0.300999 0.463033
vt 0.821846 0.002807
vt 0.300999 0.504389
vt 0.819015 0.002867
vt 0.298191 0.504389
vt 0.298191 0.598675
vt 0.949866 0.569527
vt 0.946993 0.569569
vt 0.946791 0.569497
vt 0.300997 0.598675
vt 0.988202 0.672743
vt 0.300997 0.640021
vt 0.991076 0.672701
vt 0.991278 0.672775
vt 0.298191 0.640021
vt 0.533341 0.567919
vt 0.533141 0.567851
vt 0.298191 0.594814
vt 0.820752 0.111796
vt 0.298191 0.553465
vt 0.823590 0.111733
vt 0.300999 0.553466
vt 0.864354 0.111292
vt 0.536169 0.567882
vt 0.300999 0.594814
vt 0.311725 0.010527
vt 0.309020 0.011267
vt 0.308913 0.011109
vt 0.310763 0.009629
vt 0.308778 0.010976
vt 0.309785 0.008732
vt 0.308537 0.176762
vt 0.308624 0.011326
vt 0.308816 0.011305
vt 0.308744 0.176761
vt 0.308954 0.176756
vt 0.252723 0.005311
vt 0.308699 0.011154
vt 0.252697 0.005534
vt 0.252671 0.005756
vt 0.249833 0.176147
vt 0.308540 0.176958
vt 0.249920 0.176384
vt 0.308543 0.177154
vt 0.250008 0.176619
vt 0.311538 0.177156
vt 0.308960 0.177159
vt 0.308957 0.176958
vt 0.311536 0.176912
vt 0.311532 0.176666
vt 0.306895 0.398987
vt 0.308751 0.177157
vt 0.307101 0.398997
vt 0.307303 0.399007
vt 0.106788 0.005081
vt 0.004288 0.011206
vt 0.004249 0.011026
vt 0.106763 0.004885
vt 0.004199 0.010863
vt 0.106736 0.004691
vt 0.007379 0.176607
vt 0.003931 0.011159
vt 0.004103 0.011193
vt 0.007578 0.176616
vt 0.007780 0.176619
vt 0.003227 0.009302
vt 0.004066 0.011007
vt 0.002652 0.009774
vt 0.002118 0.010276
vt 0.107741 0.177229
vt 0.007777 0.176989
vt 0.007779 0.176803
vt 0.107827 0.176957
vt 0.107912 0.176684
vt 0.004891 0.398970
vt 0.007357 0.176983
vt 0.007566 0.176987
vt 0.005107 0.398960
vt 0.005323 0.398953
vt 0.004962 0.176495
vt 0.007365 0.176794
vt 0.004878 0.176699
vt 0.004813 0.176918
vt 0.106433 0.002268
vt 0.003162 0.009156
vt 0.106403 0.002074
vt 0.418559 0.450950
vt 0.318778 0.450848
vt 0.318786 0.450636
vt 0.418562 0.450739
vt 0.318992 0.281281
vt 0.318575 0.450638
vt 0.318783 0.281280
vt 0.004767 0.176485
vt 0.001953 0.010220
vt 0.418604 0.281339
vt 0.318991 0.281089
vt 0.418567 0.281139
vt 0.318990 0.280897
vt 0.418531 0.280939
vt 0.318783 0.060628
vt 0.318782 0.280897
vt 0.318575 0.060628
vt 0.002012 0.399102
vt 0.004602 0.176916
vt 0.002226 0.399100
vt 0.560949 0.450615
vt 0.619911 0.450400
vt 0.619921 0.450605
vt 0.560953 0.450824
vt 0.253071 0.002402
vt 0.309830 0.008510
vt 0.253039 0.002620
vt 0.311954 0.010486
vt 0.311743 0.176658
vt 0.619586 0.281240
vt 0.620118 0.450400
vt 0.619377 0.281240
vt 0.560704 0.280904
vt 0.619379 0.280857
vt 0.619378 0.281048
vt 0.560670 0.281104
vt 0.560637 0.281303
vt 0.309789 0.399155
vt 0.311747 0.177158
vt 0.309996 0.399162
vt 0.619706 0.060531
vt 0.619587 0.280858
vt 0.619498 0.060531
vt 0.252512 0.005297
vt 0.252705 0.002611
vt 0.252304 0.005288
vt 0.252381 0.002613
vt 0.249398 0.176068
vt 0.252290 0.005727
vt 0.252481 0.005740
vt 0.249615 0.176109
vt 0.107176 0.004655
vt 0.252297 0.005508
vt 0.107186 0.004858
vt 0.107195 0.005061
vt 0.307288 0.399412
vt 0.306388 0.456666
vt 0.306236 0.456613
vt 0.307091 0.399389
vt 0.306069 0.456581
vt 0.306892 0.399370
vt 0.306959 0.458573
vt 0.306136 0.456925
vt 0.306270 0.456806
vt 0.307483 0.458224
vt 0.307983 0.457858
vt 0.247578 0.457753
vt 0.306097 0.456760
vt 0.247588 0.457954
vt 0.247601 0.458155
vt 0.247261 0.460669
vt 0.247197 0.458168
vt 0.247399 0.458160
vt 0.247513 0.460639
vt 0.247759 0.460604
vt 0.104061 0.457442
vt 0.247186 0.457759
vt 0.247192 0.457963
vt 0.104055 0.457658
vt 0.104050 0.457873
vt 0.247835 0.398686
vt 0.247382 0.457755
vt 0.247559 0.398806
vt 0.247281 0.398928
vt 0.103643 0.457842
vt 0.007830 0.453103
vt 0.007878 0.452904
vt 0.103659 0.457629
vt 0.007919 0.452715
vt 0.103674 0.457415
vt 0.005232 0.454153
vt 0.007582 0.452863
vt 0.007696 0.452999
vt 0.006189 0.454904
vt 0.007164 0.455656
vt 0.005323 0.399350
vt 0.007756 0.452783
vt 0.005107 0.399377
vt 0.004889 0.399408
vt 0.002258 0.399751
vt 0.005001 0.454224
vt 0.002045 0.399787
vt 0.318576 0.060239
vt 0.318996 0.002155
vt 0.319202 0.002158
vt 0.318784 0.060241
vt 0.418494 0.002399
vt 0.319198 0.001953
vt 0.418492 0.002191
vt 0.103439 0.460658
vt 0.007133 0.455882
vt 0.103457 0.460446
vt 0.106749 0.002215
vt 0.106957 0.004673
vt 0.107065 0.002162
vt 0.418997 0.281395
vt 0.418947 0.450740
vt 0.418754 0.450740
vt 0.418800 0.281367
vt 0.107062 0.001953
vt 0.252382 0.002399
vt 0.560564 0.450825
vt 0.418947 0.450949
vt 0.560563 0.450617
vt 0.418529 0.060255
vt 0.418685 0.002397
vt 0.418734 0.060221
vt 0.418878 0.002395
vt 0.418938 0.060185
vt 0.104004 0.460476
vt 0.103734 0.460463
vt 0.103845 0.457857
vt 0.560346 0.002277
vt 0.418878 0.002187
vt 0.560346 0.002068
vt 0.247263 0.460877
vt 0.104003 0.460688
vt 0.307008 0.458729
vt 0.247775 0.460800
vt 0.560734 0.002070
vt 0.619178 0.002177
vt 0.619171 0.002386
vt 0.560731 0.002279
vt 0.619497 0.060146
vt 0.619381 0.002384
vt 0.619706 0.060144
vt 0.309913 0.399712
vt 0.308143 0.457940
vt 0.309719 0.399683
vt 0.307296 0.399209
vt 0.309758 0.399422
vt 0.248044 0.398110
vt 0.306893 0.399179
vt 0.247938 0.398398
vt 0.560596 0.060234
vt 0.619497 0.060338
vt 0.560633 0.060434
vt 0.560670 0.060633
vt 0.418466 0.060651
vt 0.318784 0.060434
vt 0.418498 0.060453
vt 0.002236 0.399422
vt 0.004887 0.399188
vt 0.105149 0.398888
vt 0.005323 0.399151
vt 0.105079 0.398679
vt 0.105008 0.398471
vt 0.249575 0.176778
vt 0.246686 0.177665
vt 0.247730 0.178300
vt 0.249436 0.176588
vt 0.248760 0.179000
vt 0.249278 0.176424
vt 0.560503 0.280865
vt 0.560460 0.060666
vt 0.245916 0.396596
vt 0.246456 0.177672
vt 0.246070 0.396634
vt 0.560234 0.281372
vt 0.560436 0.281337
vt 0.560756 0.450616
vt 0.109551 0.178096
vt 0.248783 0.179208
vt 0.109558 0.178231
vt 0.419037 0.281191
vt 0.560197 0.281164
vt 0.109670 0.178771
vt 0.108046 0.177446
vt 0.108277 0.177163
vt 0.109618 0.178430
vt 0.108510 0.176889
vt 0.107901 0.177326
vt 0.105224 0.398396
vt 0.105444 0.398308
vt 0.108361 0.176563
vt 0.108135 0.176625
vt 0.106992 0.005071
vt 0.108431 0.176735
vt 0.249343 0.176239
vt 0.247720 0.397919
vt 0.247435 0.398268
vt 0.246107 0.396978
vt 0.247135 0.398602
vt 0.246162 0.397316
vt 0.247874 0.398025
vt 0.249795 0.176690
vt 0.105751 0.398679
vt 0.247213 0.398753
vt 0.105684 0.398867
vt 0.105627 0.399043
vt 0.108330 0.397422
vt 0.107279 0.396782
vt 0.105584 0.398506
vt 0.106261 0.396091
vt 0.418667 0.060690
vt 0.418740 0.280905
vt 0.109819 0.178815
vt 0.108561 0.397413
vt 0.106237 0.395882
vt 0.246156 0.397182
vt 0.560164 0.060381
vt 0.418975 0.060394
vt 0.560204 0.060179
vt 0.105389 0.398964
vt 0.103869 0.457428
vt 0.560538 0.002277
vt 0.560400 0.060207
vt 0.308828 0.011200
vt 0.308759 0.176971
vt 0.004141 0.011076
vt 0.007586 0.176815
vt 0.318609 0.450806
vt 0.002321 0.009532
vt 0.318783 0.281092
vt 0.004616 0.176660
vt 0.310938 0.009553
vt 0.620088 0.450569
vt 0.619587 0.281050
vt 0.311768 0.176924
vt 0.252500 0.005520
vt 0.306223 0.456742
vt 0.247384 0.457956
vt 0.007775 0.452896
vt 0.319030 0.001984
vt 0.006055 0.455021
vt 0.106690 0.001973
vt 0.418752 0.450947
vt 0.418685 0.002188
vt 0.103743 0.460691
vt 0.619346 0.002214
vt 0.307740 0.458443
vt 0.307086 0.399182
vt 0.619707 0.060339
vt 0.309996 0.399458
vt 0.318576 0.060434
vt 0.001953 0.399388
vt 0.005110 0.399167
vt 0.247562 0.178297
vt 0.560428 0.281094
vt 0.108117 0.176966
vt 0.247615 0.398456
vt 0.107367 0.396730
vt 0.418743 0.060464
vt 0.106999 0.004886
vt 0.249618 0.176396
vt 0.105388 0.398683
vt 0.103856 0.457643
vt 0.560540 0.002069
vt 0.247542 0.460861
vt 0.245913 0.396822
vt 0.560388 0.060447
vt 0.109803 0.178581
vt 0.418813 0.281127
vt 0.252647 0.002346
vt 0.560758 0.450824
vt 0.104089 0.867766
vt 0.107143 0.867766
vt 0.107143 0.909374
vt 0.104089 0.909374
vt 0.047914 0.754468
vt 0.089517 0.754468
vt 0.089517 0.863994
vt 0.047914 0.863994
vt 0.092571 0.754468
vt 0.092571 0.863994
vt 0.134174 0.754468
vt 0.134174 0.863994
vt 0.137228 0.754468
vt 0.137228 0.863994
vt 0.691895 0.678319
vt 0.691895 0.740608
vt 0.691634 0.740608
vt 0.691634 0.678319
vt 0.691372 0.740608
vt 0.691372 0.678319
vt 0.477189 0.862841
vt 0.436032 0.863033
vt 0.436041 0.862773
vt 0.477205 0.862581
vt 0.012167 0.850147
vt 0.012173 0.808687
vt 0.012434 0.808687
vt 0.012429 0.850147
vt 0.477692 0.862570
vt 0.480454 0.862547
vt 0.480447 0.862809
vt 0.477711 0.862836
vt 0.481077 0.925076
vt 0.480708 0.862806
vt 0.481339 0.925073
vt 0.480969 0.862803
vt 0.481601 0.925072
vt 0.477819 0.925110
vt 0.477451 0.862838
vt 0.478080 0.925107
vt 0.478341 0.925104
vt 0.481091 0.925338
vt 0.478327 0.925369
vt 0.035596 0.850161
vt 0.032851 0.850160
vt 0.032856 0.849901
vt 0.035591 0.849901
vt 0.032856 0.808440
vt 0.032594 0.849902
vt 0.032594 0.808439
vt 0.436032 0.925341
vt 0.477838 0.925373
vt 0.436043 0.925605
vt 0.035852 0.808439
vt 0.035852 0.849902
vt 0.035591 0.808440
vt 0.032851 0.808180
vt 0.035596 0.808181
vt 0.691634 0.740808
vt 0.691434 0.740871
vt 0.691833 0.740871
vt 0.012216 0.808473
vt 0.012429 0.808428
vt 0.480684 0.862598
vt 0.012211 0.850362
vt 0.012424 0.850406
vt 0.477450 0.862624
vt 0.032638 0.850116
vt 0.481320 0.925283
vt 0.481521 0.925362
vt 0.478083 0.925324
vt 0.035808 0.850116
vt 0.032638 0.808225
vt 0.035808 0.808225
vt 0.691634 0.678119
vt 0.691833 0.678056
vt 0.691434 0.678056
vt 0.783332 0.894960
vt 0.783382 0.894715
vt 0.783609 0.894746
vt 0.783613 0.894932
vt 0.742440 0.895064
vt 0.742449 0.895296
vt 0.786594 0.894903
vt 0.783891 0.894931
vt 0.783833 0.894692
vt 0.786570 0.894642
vt 0.015173 0.808430
vt 0.015143 0.808667
vt 0.015138 0.850167
vt 0.015168 0.850405
vt 0.784453 0.957535
vt 0.742456 0.957897
vt 0.742440 0.957631
vt 0.784402 0.957291
vt 0.787654 0.957478
vt 0.784906 0.957521
vt 0.784959 0.957281
vt 0.787672 0.957216
vt 0.015385 0.808475
vt 0.015434 0.808683
vt 0.015380 0.850358
vt 0.015434 0.850168
vt 0.480872 0.862558
vt 0.784680 0.957478
vt 0.784680 0.957290
vt 0.636495 0.864488
vt 0.636671 0.974607
vt 0.636438 0.974607
vt 0.636262 0.864488
vt 0.636206 0.974608
vt 0.636029 0.864488
vt 0.283060 0.970996
vt 0.284330 0.970997
vt 0.284336 0.971227
vt 0.283055 0.971226
vt 0.958047 0.233310
vt 0.959331 0.233297
vt 0.959353 0.233535
vt 0.958083 0.233541
vt 0.594575 0.974648
vt 0.636215 0.974841
vt 0.594576 0.974881
vt 0.284563 0.929464
vt 0.284563 0.970997
vt 0.284330 0.929464
vt 0.958103 0.343621
vt 0.957617 0.233543
vt 0.957850 0.233542
vt 0.958336 0.343620
vt 0.958569 0.343619
vt 0.283060 0.929464
vt 0.282827 0.970997
vt 0.282827 0.929464
vt 0.916304 0.233390
vt 0.957637 0.233311
vt 0.916304 0.233622
vt 0.201351 0.806310
vt 0.201351 0.916440
vt 0.201118 0.916442
vt 0.201118 0.806310
vt 0.916071 0.343725
vt 0.916071 0.233622
vt 0.916304 0.343725
vt 0.283055 0.929233
vt 0.284336 0.929234
vt 0.202626 0.916672
vt 0.201347 0.916671
vt 0.202621 0.916440
vt 0.594575 0.864515
vt 0.594343 0.974648
vt 0.594343 0.864515
vt 0.202854 0.806310
vt 0.202854 0.916442
vt 0.202621 0.806310
vt 0.712032 0.632474
vt 0.712032 0.674006
vt 0.711799 0.674006
vt 0.711799 0.632474
vt 0.594576 0.864283
vt 0.636039 0.864256
vt 0.959838 0.343613
vt 0.959818 0.343851
vt 0.958535 0.343850
vt 0.713307 0.674236
vt 0.712026 0.674235
vt 0.713302 0.674006
vt 0.713302 0.632474
vt 0.712026 0.632243
vt 0.713308 0.632244
vt 0.201347 0.806078
vt 0.202626 0.806079
vt 0.958124 0.343855
vt 0.916305 0.343959
vt 0.713535 0.632474
vt 0.713535 0.674006
vt 0.636420 0.974789
vt 0.636599 0.974853
vt 0.284525 0.971187
vt 0.957845 0.233358
vt 0.282866 0.971187
vt 0.916113 0.233427
vt 0.201156 0.916632
vt 0.282866 0.929273
vt 0.202816 0.916632
vt 0.594385 0.974842
vt 0.284525 0.929273
vt 0.636243 0.864306
vt 0.636422 0.864243
vt 0.711838 0.674196
vt 0.594385 0.864322
vt 0.202816 0.806118
vt 0.711838 0.632282
vt 0.958333 0.343803
vt 0.713496 0.674197
vt 0.201156 0.806118
vt 0.916114 0.343921
vt 0.713496 0.632282
vt 0.897448 0.802677
vt 0.897379 0.912810
vt 0.897147 0.912810
vt 0.897215 0.802677
vt 0.896914 0.912809
vt 0.896982 0.802677
vt 0.701818 0.632497
vt 0.701818 0.674027
vt 0.701586 0.674028
vt 0.701586 0.632497
vt 0.938954 0.913066
vt 0.897371 0.913043
vt 0.938949 0.912832
vt 0.895644 0.912809
vt 0.896944 0.913045
vt 0.895662 0.913046
vt 0.703093 0.674257
vt 0.701813 0.674257
vt 0.703089 0.674027
vt 0.939414 0.688247
vt 0.939414 0.798403
vt 0.939181 0.798402
vt 0.939181 0.688247
vt 0.938949 0.798402
vt 0.938949 0.688247
vt 0.897379 0.798377
vt 0.938953 0.798636
vt 0.897370 0.798610
vt 0.703322 0.632497
vt 0.703322 0.674027
vt 0.703089 0.632497
vt 0.897447 0.688247
vt 0.897146 0.798377
vt 0.897214 0.688247
vt 0.896914 0.798377
vt 0.896981 0.688247
vt 0.895644 0.798376
vt 0.896944 0.798611
vt 0.895661 0.798614
vt 0.701813 0.632267
vt 0.703094 0.632268
vt 0.939415 0.802680
vt 0.939415 0.912834
vt 0.939182 0.912832
vt 0.939182 0.802680
vt 0.938949 0.802680
vt 0.309864 0.924419
vt 0.308594 0.924419
vt 0.308588 0.924188
vt 0.309870 0.924190
vt 0.895729 0.802439
vt 0.897012 0.802442
vt 0.895713 0.802675
vt 0.897439 0.802445
vt 0.938954 0.802447
vt 0.308362 0.965954
vt 0.308362 0.924419
vt 0.308594 0.965953
vt 0.895712 0.688246
vt 0.895728 0.688009
vt 0.897012 0.688012
vt 0.309870 0.966183
vt 0.308588 0.966183
vt 0.309864 0.965953
vt 0.310097 0.924419
vt 0.310097 0.965954
vt 0.897438 0.688014
vt 0.938953 0.688014
vt 0.897153 0.912999
vt 0.701624 0.674218
vt 0.939161 0.798594
vt 0.939339 0.798667
vt 0.703282 0.674218
vt 0.897152 0.798566
vt 0.703283 0.632307
vt 0.939162 0.913023
vt 0.939340 0.913097
vt 0.701624 0.632306
vt 0.897221 0.802489
vt 0.308400 0.924228
vt 0.939162 0.802490
vt 0.939340 0.802415
vt 0.308400 0.966144
vt 0.939161 0.688057
vt 0.939339 0.687982
vt 0.310059 0.924228
vt 0.897221 0.688059
vt 0.310059 0.966145
vt 0.942248 0.117897
vt 0.942454 0.229313
vt 0.942221 0.229313
vt 0.942015 0.117898
vt 0.941988 0.229313
vt 0.941782 0.117898
vt 0.615003 0.842698
vt 0.616272 0.842698
vt 0.616278 0.842928
vt 0.614997 0.842927
vt 0.426248 0.762596
vt 0.427532 0.762582
vt 0.427553 0.762820
vt 0.426284 0.762827
vt 0.895877 0.229362
vt 0.941998 0.229547
vt 0.895878 0.229595
vt 0.616505 0.796688
vt 0.616505 0.842698
vt 0.616272 0.796688
vt 0.426384 0.874233
vt 0.425818 0.762830
vt 0.426051 0.762829
vt 0.426617 0.874232
vt 0.426850 0.874231
vt 0.615003 0.796688
vt 0.614770 0.842698
vt 0.614770 0.796688
vt 0.380090 0.762704
vt 0.425838 0.762598
vt 0.380090 0.762936
vt 0.967372 0.676971
vt 0.967372 0.788436
vt 0.967139 0.788436
vt 0.967139 0.676971
vt 0.379857 0.874360
vt 0.379857 0.762936
vt 0.380090 0.874360
vt 0.614997 0.796457
vt 0.616278 0.796459
vt 0.968648 0.788668
vt 0.967367 0.788668
vt 0.968643 0.788436
vt 0.895877 0.117936
vt 0.895644 0.229362
vt 0.895644 0.117936
vt 0.968875 0.676971
vt 0.968875 0.788436
vt 0.968643 0.676971
vt 0.318808 0.873952
vt 0.318808 0.919947
vt 0.318575 0.919947
vt 0.318575 0.873952
vt 0.895878 0.117703
vt 0.941792 0.117666
vt 0.428119 0.874225
vt 0.428099 0.874462
vt 0.426816 0.874461
vt 0.320084 0.920178
vt 0.318802 0.920177
vt 0.320078 0.919947
vt 0.320078 0.873952
vt 0.318802 0.873721
vt 0.320084 0.873722
vt 0.967367 0.676740
vt 0.968648 0.676741
vt 0.426406 0.874467
vt 0.380091 0.874595
vt 0.320311 0.873952
vt 0.320311 0.919947
vt 0.942204 0.229495
vt 0.942382 0.229554
vt 0.616467 0.842888
vt 0.426046 0.762645
vt 0.614808 0.842888
vt 0.379899 0.762742
vt 0.967177 0.788628
vt 0.614808 0.796497
vt 0.968837 0.788628
vt 0.895687 0.229556
vt 0.616467 0.796497
vt 0.941997 0.117716
vt 0.942176 0.117656
vt 0.318614 0.920139
vt 0.895687 0.117742
vt 0.968837 0.676779
vt 0.318614 0.873761
vt 0.426614 0.874415
vt 0.320272 0.920139
vt 0.967177 0.676779
vt 0.379900 0.874555
vt 0.320272 0.873762
vt 0.478065 0.065159
vt 0.477530 0.111111
vt 0.477298 0.111109
vt 0.477833 0.065156
vt 0.477064 0.111108
vt 0.477601 0.065154
vt 0.977586 0.857762
vt 0.977586 0.908472
vt 0.977353 0.908473
vt 0.977353 0.857762
vt 0.427455 0.064165
vt 0.477622 0.064924
vt 0.427452 0.064396
vt 0.479333 0.065173
vt 0.478041 0.064923
vt 0.479346 0.064938
vt 0.978861 0.908704
vt 0.977580 0.908703
vt 0.978855 0.908472
vt 0.489067 0.248791
vt 0.539146 0.249816
vt 0.539131 0.250046
vt 0.489040 0.249021
vt 0.979088 0.857762
vt 0.979088 0.908473
vt 0.978855 0.857762
vt 0.478801 0.111120
vt 0.479566 0.065176
vt 0.479034 0.111121
vt 0.479799 0.065178
vt 0.479266 0.111123
vt 0.426264 0.110655
vt 0.426032 0.110652
vt 0.427219 0.064389
vt 0.487100 0.248760
vt 0.487844 0.202911
vt 0.488077 0.202913
vt 0.487332 0.248764
vt 0.977580 0.857531
vt 0.978861 0.857532
vt 0.488629 0.249018
vt 0.487333 0.248997
vt 0.488602 0.248783
vt 0.489349 0.202927
vt 0.489581 0.202929
vt 0.488834 0.248787
vt 0.489815 0.202932
vt 0.479333 0.249170
vt 0.478588 0.180247
vt 0.478821 0.180247
vt 0.479566 0.249167
vt 0.479054 0.180246
vt 0.479799 0.249165
vt 0.288167 0.874515
vt 0.288167 0.925230
vt 0.287934 0.925230
vt 0.287934 0.874515
vt 0.489042 0.064816
vt 0.540064 0.064156
vt 0.540078 0.064390
vt 0.489067 0.065050
vt 0.478065 0.249184
vt 0.479346 0.249406
vt 0.478041 0.249421
vt 0.289442 0.925461
vt 0.288161 0.925460
vt 0.289438 0.925230
vt 0.289438 0.874515
vt 0.288162 0.874284
vt 0.289442 0.874285
vt 0.487334 0.064846
vt 0.488629 0.064824
vt 0.488601 0.065058
vt 0.487332 0.065079
vt 0.289670 0.874515
vt 0.289670 0.925230
vt 0.477620 0.249421
vt 0.426866 0.249920
vt 0.426865 0.249687
vt 0.477600 0.249188
vt 0.540653 0.203549
vt 0.540918 0.133789
vt 0.490210 0.133984
vt 0.489744 0.133987
vt 0.488472 0.133994
vt 0.426051 0.180424
vt 0.476851 0.180254
vt 0.477318 0.180252
vt 0.477084 0.180253
vt 0.488239 0.133995
vt 0.425818 0.180425
vt 0.489978 0.133986
vt 0.488834 0.065054
vt 0.487100 0.065083
vt 0.426632 0.249690
vt 0.477832 0.249186
vt 0.477833 0.064968
vt 0.977391 0.908663
vt 0.979051 0.908663
vt 0.479547 0.064988
vt 0.479722 0.064922
vt 0.977392 0.857570
vt 0.427264 0.064198
vt 0.487143 0.248956
vt 0.488834 0.248972
vt 0.979051 0.857571
vt 0.479547 0.249353
vt 0.479724 0.249420
vt 0.287972 0.925422
vt 0.488835 0.064869
vt 0.287972 0.874324
vt 0.487144 0.064890
vt 0.426676 0.249884
vt 0.289632 0.874324
vt 0.477832 0.249375
vt 0.289632 0.925422
vt 0.216707 0.962176
vt 0.265905 0.962338
vt 0.265903 0.962550
vt 0.216708 0.962391
vt 0.265906 0.962764
vt 0.216707 0.962605
vt 0.967355 0.392660
vt 0.967355 0.433702
vt 0.967139 0.433702
vt 0.967139 0.392660
vt 0.266711 0.921287
vt 0.266120 0.962342
vt 0.266495 0.921284
vt 0.265995 0.976188
vt 0.266122 0.962762
vt 0.266211 0.976187
vt 0.980860 0.433918
vt 0.967349 0.433918
vt 0.980854 0.433702
vt 0.216665 0.976072
vt 0.265996 0.976402
vt 0.216665 0.976287
vt 0.266002 0.976616
vt 0.216659 0.976502
vt 0.104896 0.936054
vt 0.104305 0.977113
vt 0.104089 0.977110
vt 0.104681 0.936050
vt 0.981068 0.392660
vt 0.981068 0.433702
vt 0.980854 0.392660
vt 0.154094 0.936225
vt 0.104898 0.935841
vt 0.154092 0.936011
vt 0.104894 0.935628
vt 0.154094 0.935796
vt 0.104805 0.922204
vt 0.104679 0.935630
vt 0.104590 0.922204
vt 0.967349 0.392445
vt 0.980860 0.392445
vt 0.154135 0.922335
vt 0.104805 0.921989
vt 0.154135 0.922121
vt 0.104798 0.921775
vt 0.154141 0.921906
vt 0.704058 0.114585
vt 0.704028 0.170360
vt 0.703813 0.170360
vt 0.703842 0.114584
vt 0.703597 0.170360
vt 0.703627 0.114584
vt 0.690082 0.114578
vt 0.690072 0.170359
vt 0.689857 0.170359
vt 0.689867 0.114578
vt 0.689642 0.170359
vt 0.689650 0.114577
vt 0.689753 0.002854
vt 0.649101 0.002527
vt 0.649110 0.002313
vt 0.689777 0.002642
vt 0.977390 0.298008
vt 0.977353 0.256666
vt 0.977568 0.256666
vt 0.977605 0.298008
vt 0.703417 0.002805
vt 0.690175 0.002854
vt 0.690160 0.002642
vt 0.703431 0.002594
vt 0.991099 0.298187
vt 0.977600 0.298223
vt 0.991094 0.297972
vt 0.768007 0.002337
vt 0.745017 0.002517
vt 0.745009 0.002303
vt 0.768003 0.002122
vt 0.991308 0.233714
vt 0.991302 0.256669
vt 0.991086 0.256669
vt 0.991094 0.233714
vt 0.909566 0.233587
vt 0.896074 0.233600
vt 0.896062 0.233385
vt 0.909578 0.233371
vt 0.977623 0.233430
vt 0.991099 0.233500
vt 0.977627 0.233646
vt 0.896209 0.345653
vt 0.896275 0.401372
vt 0.896060 0.401372
vt 0.895994 0.345654
vt 0.895844 0.401372
vt 0.895778 0.345654
vt 0.910138 0.345636
vt 0.910205 0.401356
vt 0.909989 0.401356
vt 0.909923 0.345636
vt 0.909774 0.401356
vt 0.909708 0.345636
vt 0.216654 0.921034
vt 0.216492 0.962177
vt 0.216439 0.921034
vt 0.967139 0.478947
vt 0.967139 0.437905
vt 0.967355 0.437905
vt 0.967355 0.478947
vt 0.980853 0.437905
vt 0.967349 0.437690
vt 0.980859 0.437690
vt 0.216450 0.976073
vt 0.216491 0.962604
vt 0.980853 0.478947
vt 0.981068 0.437905
vt 0.981068 0.478947
vt 0.154308 0.936225
vt 0.154361 0.977368
vt 0.154146 0.977368
vt 0.980859 0.479162
vt 0.967349 0.479162
vt 0.154351 0.922335
vt 0.154309 0.935798
vt 0.210272 0.963438
vt 0.161072 0.963598
vt 0.161075 0.963385
vt 0.210269 0.963222
vt 0.161074 0.963172
vt 0.210271 0.963008
vt 0.980854 0.347415
vt 0.967355 0.347415
vt 0.967349 0.347200
vt 0.980860 0.347201
vt 0.160766 0.977014
vt 0.160856 0.963596
vt 0.160982 0.977015
vt 0.160479 0.922118
vt 0.160858 0.963175
vt 0.160264 0.922121
vt 0.967139 0.388457
vt 0.967139 0.347415
vt 0.967355 0.388457
vt 0.210318 0.977336
vt 0.160975 0.977444
vt 0.160982 0.977230
vt 0.210312 0.977121
vt 0.210312 0.976907
vt 0.980854 0.388457
vt 0.981068 0.347415
vt 0.981068 0.388457
vt 0.896239 0.958127
vt 0.895644 0.917095
vt 0.895860 0.917091
vt 0.896454 0.958123
vt 0.945655 0.958432
vt 0.896453 0.958549
vt 0.896456 0.958337
vt 0.945652 0.958218
vt 0.945655 0.958002
vt 0.980860 0.388673
vt 0.967349 0.388673
vt 0.896147 0.971950
vt 0.896237 0.958546
vt 0.896363 0.971951
vt 0.945701 0.972360
vt 0.896356 0.972380
vt 0.896363 0.972165
vt 0.945696 0.972145
vt 0.945696 0.971930
vt 0.625994 0.337485
vt 0.648953 0.337200
vt 0.648960 0.337412
vt 0.625988 0.337699
vt 0.778249 0.294252
vt 0.778188 0.271227
vt 0.778403 0.271227
vt 0.778465 0.294250
vt 0.690148 0.281857
vt 0.690084 0.336961
vt 0.689873 0.336961
vt 0.689930 0.281857
vt 0.689663 0.336961
vt 0.689715 0.281857
vt 0.791929 0.229920
vt 0.778440 0.229888
vt 0.778434 0.229672
vt 0.791935 0.229706
vt 0.703347 0.337240
vt 0.690069 0.337174
vt 0.703333 0.337028
vt 0.704152 0.281859
vt 0.703755 0.337032
vt 0.703543 0.337030
vt 0.703936 0.281858
vt 0.703719 0.281858
vt 0.791921 0.271226
vt 0.792144 0.229920
vt 0.792136 0.271226
vt 0.744935 0.337580
vt 0.703732 0.337246
vt 0.744944 0.337364
vt 0.896397 0.512789
vt 0.896074 0.568200
vt 0.895859 0.568198
vt 0.896181 0.512788
vt 0.895644 0.568197
vt 0.895967 0.512788
vt 0.791929 0.294179
vt 0.791935 0.294393
vt 0.778460 0.294466
vt 0.909589 0.568495
vt 0.896059 0.568416
vt 0.909588 0.568279
vt 0.625285 0.282118
vt 0.625778 0.337488
vt 0.625069 0.282120
vt 0.910105 0.512821
vt 0.909802 0.568281
vt 0.909890 0.512820
vt 0.967355 0.483149
vt 0.967355 0.524191
vt 0.967139 0.524191
vt 0.967139 0.483149
vt 0.210538 0.921863
vt 0.210487 0.963009
vt 0.210322 0.921863
vt 0.210487 0.963436
vt 0.210527 0.976908
vt 0.980860 0.524406
vt 0.967349 0.524406
vt 0.980853 0.524191
vt 0.945705 0.916857
vt 0.945922 0.916858
vt 0.945870 0.958003
vt 0.981068 0.483149
vt 0.981068 0.524191
vt 0.980853 0.483149
vt 0.945871 0.958430
vt 0.945910 0.971931
vt 0.967348 0.482934
vt 0.980860 0.482934
vt 0.909634 0.289913
vt 0.896130 0.289930
vt 0.689689 0.058846
vt 0.648186 0.058684
vt 0.703703 0.058857
vt 0.690122 0.058847
vt 0.745472 0.058784
vt 0.704136 0.058857
vt 0.703838 0.002802
vt 0.768462 0.058710
vt 0.626091 0.002169
vt 0.625230 0.058521
vt 0.745430 0.114584
vt 0.745392 0.170360
vt 0.648240 0.170359
vt 0.648197 0.114541
vt 0.625237 0.170361
vt 0.625188 0.114527
vt 0.768386 0.170359
vt 0.768422 0.114590
vt 0.648258 0.281978
vt 0.745475 0.281965
vt 0.768462 0.282058
vt 0.767938 0.337575
vt 0.745444 0.226144
vt 0.704076 0.226135
vt 0.703644 0.226135
vt 0.690100 0.226139
vt 0.689668 0.226139
vt 0.648213 0.226171
vt 0.625199 0.226190
vt 0.909840 0.457079
vt 0.896341 0.457093
vt 0.768434 0.226141
vt 0.703919 0.058857
vt 0.689904 0.058846
vt 0.977412 0.233645
vt 0.626097 0.001953
vt 0.703816 0.002588
vt 0.991308 0.297972
vt 0.895915 0.289930
vt 0.895699 0.289930
vt 0.910065 0.289912
vt 0.909849 0.289913
vt 0.703628 0.002803
vt 0.689964 0.002854
vt 0.909782 0.233586
vt 0.909996 0.233586
vt 0.895644 0.233600
vt 0.895859 0.233600
vt 0.703859 0.226135
vt 0.689884 0.226139
vt 0.778224 0.229887
vt 0.689685 0.337173
vt 0.792144 0.294179
vt 0.767933 0.337790
vt 0.895911 0.457093
vt 0.896125 0.457093
vt 0.910055 0.457079
vt 0.910270 0.457079
vt 0.624983 0.226190
vt 0.266076 0.962549
vt 0.967175 0.433880
vt 0.266165 0.976387
vt 0.266222 0.976557
vt 0.981034 0.433880
vt 0.104725 0.935842
vt 0.981034 0.392482
vt 0.104636 0.922004
vt 0.104579 0.921827
vt 0.967175 0.392482
vt 0.689967 0.002682
vt 0.977426 0.298186
vt 0.703626 0.002632
vt 0.991272 0.298149
vt 0.895876 0.233429
vt 0.895712 0.233363
vt 0.991272 0.233537
vt 0.909765 0.233415
vt 0.909928 0.233354
vt 0.977449 0.233466
vt 0.967175 0.437727
vt 0.216536 0.962394
vt 0.216496 0.976270
vt 0.216439 0.976442
vt 0.981033 0.437727
vt 0.154265 0.936008
vt 0.981033 0.479125
vt 0.154304 0.922139
vt 0.154361 0.921974
vt 0.967175 0.479125
vt 0.160902 0.963383
vt 0.967175 0.347237
vt 0.160812 0.977217
vt 0.160756 0.977400
vt 0.981034 0.347237
vt 0.896283 0.958340
vt 0.981034 0.388635
vt 0.896193 0.972146
vt 0.896137 0.972337
vt 0.967175 0.388635
vt 0.689876 0.337132
vt 0.778260 0.229709
vt 0.703542 0.337201
vt 0.792108 0.229743
vt 0.895874 0.568366
vt 0.895711 0.568422
vt 0.792108 0.294356
vt 0.909764 0.568461
vt 0.625815 0.337665
vt 0.778286 0.294431
vt 0.210443 0.963225
vt 0.967175 0.524369
vt 0.981034 0.524369
vt 0.210482 0.977104
vt 0.210538 0.977275
vt 0.981034 0.482971
vt 0.945826 0.958215
vt 0.967175 0.482971
vt 0.945865 0.972143
vt 0.945922 0.972330
vt 0.896314 0.002198
vt 0.896110 0.113615
vt 0.895877 0.113615
vt 0.896081 0.002198
vt 0.895644 0.113615
vt 0.895848 0.002198
vt 0.308594 0.874189
vt 0.308594 0.920186
vt 0.308362 0.920186
vt 0.308362 0.874189
vt 0.942219 0.113894
vt 0.896099 0.113849
vt 0.942220 0.113660
vt 0.676525 0.860316
vt 0.677795 0.860322
vt 0.677773 0.860560
vt 0.676489 0.860547
vt 0.309870 0.920416
vt 0.308589 0.920416
vt 0.309864 0.920186
vt 0.677090 0.748930
vt 0.676292 0.860313
vt 0.676856 0.748929
vt 0.676059 0.860313
vt 0.676625 0.748928
vt 0.630323 0.860208
vt 0.676080 0.860545
vt 0.630323 0.860440
vt 0.310097 0.874189
vt 0.310097 0.920186
vt 0.309864 0.874189
vt 0.630323 0.748800
vt 0.630090 0.860208
vt 0.630090 0.748800
vt 0.946712 0.788498
vt 0.946712 0.677072
vt 0.946945 0.677073
vt 0.946945 0.788498
vt 0.948215 0.677073
vt 0.946940 0.676841
vt 0.948220 0.676842
vt 0.308589 0.873960
vt 0.309870 0.873960
vt 0.948215 0.788498
vt 0.948448 0.677072
vt 0.948448 0.788498
vt 0.942453 0.002237
vt 0.942453 0.113660
vt 0.942220 0.002237
vt 0.646914 0.864500
vt 0.645644 0.864500
vt 0.645638 0.864269
vt 0.646919 0.864272
vt 0.677055 0.748698
vt 0.678339 0.748698
vt 0.678359 0.748936
vt 0.896304 0.001966
vt 0.942219 0.002005
vt 0.645410 0.910496
vt 0.645410 0.864500
vt 0.645644 0.910495
vt 0.948220 0.788729
vt 0.946940 0.788728
vt 0.646919 0.910726
vt 0.645638 0.910725
vt 0.646914 0.910495
vt 0.647147 0.864500
vt 0.647147 0.910496
vt 0.630324 0.748566
vt 0.676646 0.748693
vt 0.895894 0.113800
vt 0.895716 0.113860
vt 0.308400 0.920377
vt 0.676288 0.860498
vt 0.310059 0.920378
vt 0.946751 0.676881
vt 0.630133 0.860401
vt 0.310059 0.873998
vt 0.942410 0.113855
vt 0.948409 0.676881
vt 0.308400 0.873998
vt 0.896099 0.002014
vt 0.895920 0.001953
vt 0.645449 0.864309
vt 0.948409 0.788688
vt 0.942410 0.002044
vt 0.645449 0.910686
vt 0.676853 0.748744
vt 0.647108 0.864309
vt 0.630133 0.748604
vt 0.946750 0.788688
vt 0.647108 0.910686
vt 0.370391 0.926555
vt 0.370391 0.929610
vt 0.328789 0.929610
vt 0.328789 0.926555
vt 0.370391 0.979627
vt 0.328789 0.979627
vt 0.015221 0.804656
vt 0.012167 0.804656
vt 0.012167 0.754640
vt 0.015221 0.754640
vt 0.328789 0.876538
vt 0.370391 0.876538
vt 0.005008 0.804679
vt 0.001953 0.804679
vt 0.001953 0.754663
vt 0.005008 0.754663
vt 0.328789 0.873483
vt 0.370391 0.873483
vt 0.583866 0.796081
vt 0.545246 0.796442
vt 0.545210 0.796025
vt 0.583828 0.795663
vt 0.298148 0.683627
vt 0.298148 0.644188
vt 0.298582 0.644275
vt 0.298573 0.683626
vt 0.300519 0.644783
vt 0.298593 0.643837
vt 0.300569 0.644368
vt 0.542371 0.795997
vt 0.544431 0.796005
vt 0.544402 0.796430
vt 0.542402 0.796430
vt 0.543985 0.904528
vt 0.544169 0.850486
vt 0.544617 0.850487
vt 0.544406 0.904529
vt 0.545065 0.850489
vt 0.544825 0.904529
vt 0.300516 0.683626
vt 0.300934 0.644853
vt 0.300941 0.683626
vt 0.502863 0.795698
vt 0.541640 0.795995
vt 0.541583 0.796422
vt 0.502837 0.796124
vt 0.541255 0.850475
vt 0.541993 0.796427
vt 0.541678 0.850477
vt 0.542101 0.850479
vt 0.300527 0.684047
vt 0.298562 0.684045
vt 0.523665 0.454649
vt 0.525641 0.454640
vt 0.525639 0.455070
vt 0.523696 0.455074
vt 0.525724 0.509278
vt 0.526064 0.455069
vt 0.526151 0.509279
vt 0.526489 0.455068
vt 0.526576 0.509279
vt 0.522929 0.509277
vt 0.522847 0.455075
vt 0.523271 0.455075
vt 0.523355 0.509277
vt 0.523781 0.509277
vt 0.298573 0.688240
vt 0.298582 0.727588
vt 0.298148 0.727678
vt 0.298148 0.688239
vt 0.583387 0.905591
vt 0.544789 0.904941
vt 0.583429 0.905174
vt 0.541989 0.904509
vt 0.544012 0.904951
vt 0.541952 0.904944
vt 0.300568 0.727496
vt 0.298594 0.728025
vt 0.300519 0.727079
vt 0.300516 0.688240
vt 0.298561 0.687820
vt 0.300526 0.687819
vt 0.525663 0.563915
vt 0.523671 0.563911
vt 0.523697 0.563481
vt 0.525639 0.563484
vt 0.300941 0.688239
vt 0.300935 0.727008
vt 0.541220 0.904941
vt 0.502442 0.904951
vt 0.502420 0.904525
vt 0.541165 0.904510
vt 0.585353 0.850640
vt 0.502463 0.850324
vt 0.544823 0.796435
vt 0.541577 0.904508
vt 0.526064 0.563485
vt 0.526489 0.563486
vt 0.522847 0.563480
vt 0.523271 0.563480
vt 0.298241 0.643840
vt 0.544820 0.796102
vt 0.542002 0.796084
vt 0.300892 0.644502
vt 0.525988 0.454707
vt 0.300871 0.683976
vt 0.502526 0.795723
vt 0.502420 0.796046
vt 0.523301 0.454745
vt 0.522978 0.454631
vt 0.298218 0.683976
vt 0.544400 0.904860
vt 0.298243 0.728024
vt 0.523303 0.563816
vt 0.522979 0.563932
vt 0.298218 0.687891
vt 0.526031 0.563821
vt 0.526356 0.563937
vt 0.300870 0.687890
vt 0.541583 0.904855
vt 0.300893 0.727360
vt 0.916711 0.347970
vt 0.916537 0.459383
vt 0.916304 0.459383
vt 0.916478 0.347970
vt 0.916071 0.459382
vt 0.916245 0.347969
vt 0.691605 0.632522
vt 0.691605 0.674054
vt 0.691372 0.674055
vt 0.691372 0.632522
vt 0.958165 0.459657
vt 0.916526 0.459617
vt 0.958165 0.459424
vt 0.937653 0.683979
vt 0.938923 0.683985
vt 0.938901 0.684223
vt 0.937618 0.684211
vt 0.692880 0.674285
vt 0.691599 0.674284
vt 0.692875 0.674054
vt 0.938133 0.572595
vt 0.937420 0.683978
vt 0.937901 0.572595
vt 0.937187 0.683977
vt 0.937668 0.572594
vt 0.895878 0.683903
vt 0.937208 0.684209
vt 0.895878 0.684134
vt 0.693108 0.632522
vt 0.693108 0.674055
vt 0.692875 0.632522
vt 0.895877 0.572489
vt 0.895644 0.683903
vt 0.895644 0.572489
vt 0.987567 0.556077
vt 0.987567 0.444641
vt 0.987799 0.444641
vt 0.987799 0.556077
vt 0.989070 0.444641
vt 0.987795 0.444410
vt 0.989075 0.444411
vt 0.691599 0.632291
vt 0.692880 0.632292
vt 0.989070 0.556077
vt 0.989302 0.444641
vt 0.989302 0.556077
vt 0.958398 0.347994
vt 0.958398 0.459424
vt 0.958165 0.347994
vt 0.318808 0.965710
vt 0.320078 0.965710
vt 0.320084 0.965941
vt 0.318802 0.965939
vt 0.938100 0.572364
vt 0.939383 0.572363
vt 0.939403 0.572600
vt 0.916701 0.347738
vt 0.958165 0.347762
vt 0.320311 0.924181
vt 0.320311 0.965710
vt 0.320078 0.924181
vt 0.989075 0.556308
vt 0.987795 0.556307
vt 0.318802 0.923950
vt 0.320084 0.923952
vt 0.318808 0.924181
vt 0.318575 0.965710
vt 0.318575 0.924181
vt 0.895878 0.572254
vt 0.937689 0.572359
vt 0.916322 0.459567
vt 0.916143 0.459626
vt 0.691411 0.674245
vt 0.937416 0.684162
vt 0.693069 0.674245
vt 0.987604 0.444450
vt 0.895687 0.684096
vt 0.693069 0.632331
vt 0.958356 0.459619
vt 0.989264 0.444451
vt 0.691411 0.632331
vt 0.916496 0.347786
vt 0.916318 0.347726
vt 0.320272 0.965902
vt 0.989264 0.556268
vt 0.958356 0.347799
vt 0.320272 0.923990
vt 0.937898 0.572409
vt 0.318614 0.965902
vt 0.895688 0.572294
vt 0.987604 0.556267
vt 0.318614 0.923990
s 1
usemtl 1002
f 1/1/1 2/2/1 3/3/1
f 3/3/1 4/4/1 1/1/1
f 4/4/1 3/3/1 5/5/2
f 5/5/2 6/6/3 4/4/1
f 7/7/4 8/8/5 9/9/6
f 9/9/6 10/10/7 7/7/4
f 11/11/7 12/12/6 2/2/1
f 2/2/1 13/13/8 11/11/7
f 14/14/9 5/5/2 15/15/10
f 15/15/10 16/16/11 14/14/9
f 17/17/11 18/18/10 8/8/5
f 8/8/5 19/19/12 17/17/11
f 20/20/13 21/21/14 22/22/15
f 22/22/15 23/23/16 20/20/13
f 23/23/16 22/22/15 24/24/17
f 24/24/17 25/25/18 23/23/16
f 26/26/19 7/7/4 27/27/20
f 27/27/20 28/28/21 26/26/19
f 29/29/21 30/30/20 21/21/14
f 21/21/14 31/31/22 29/29/21
f 32/32/23 33/33/24 34/34/25
f 34/34/25 35/35/26 32/32/23
f 35/35/26 34/34/25 31/31/22
f 31/31/22 36/36/27 35/35/26
f 19/19/12 26/26/19 37/37/28
f 37/37/28 38/38/29 19/19/12
f 39/39/29 40/40/28 41/41/30
f 41/41/30 42/42/31 39/39/29
f 43/43/32 14/14/9 44/44/33
f 44/44/33 45/45/34 43/43/32
f 45/45/34 44/44/33 42/42/31
f 42/42/31 46/46/35 45/45/34
f 47/47/36 48/48/37 49/49/38
f 49/49/38 50/50/39 47/47/36
f 51/51/39 52/52/38 6/6/3
f 6/6/3 43/43/32 51/51/39
f 53/53/40 1/1/1 54/54/41
f 54/54/41 55/55/42 53/53/40
f 56/56/42 57/57/41 48/48/37
f 48/48/37 58/58/43 56/56/42
f 59/59/44 47/47/36 60/60/45
f 60/60/45 61/61/46 59/59/44
f 62/62/46 63/63/45 46/46/35
f 46/46/35 64/64/47 62/62/46
f 36/36/27 20/20/13 65/65/48
f 65/65/48 66/66/49 36/36/27
f 67/67/49 68/68/48 58/58/43
f 58/58/43 59/59/44 67/67/49
f 26/26/19 19/19/12 8/8/5
f 8/8/5 7/7/4 26/26/19
f 2/2/1 1/1/1 53/53/40
f 53/53/40 13/13/8 2/2/1
f 21/21/14 20/20/13 36/36/27
f 36/36/27 31/31/22 21/21/14
f 41/41/30 64/64/47 46/46/35
f 46/46/35 42/42/31 41/41/30
f 14/14/9 43/43/32 6/6/3
f 6/6/3 5/5/2 14/14/9
f 48/48/37 47/47/36 59/59/44
f 59/59/44 58/58/43 48/48/37
f 69/69/50 15/15/10 5/5/2
f 5/5/2 3/3/1 69/69/50
f 69/69/50 3/3/1 2/2/1
f 2/2/1 12/12/6 69/69/50
f 70/70/51 9/9/6 8/8/5
f 8/8/5 18/18/10 70/70/51
f 71/71/52 72/72/7 24/24/17
f 24/24/17 22/22/15 71/71/52
f 71/71/52 22/22/15 21/21/14
f 21/21/14 30/30/20 71/71/52
f 73/73/52 27/27/20 7/7/4
f 7/7/4 10/10/7 73/73/52
f 74/74/53 29/29/21 31/31/22
f 31/31/22 34/34/25 74/74/53
f 74/74/53 34/34/25 33/33/24
f 33/33/24 75/75/28 74/74/53
f 76/76/54 37/37/28 26/26/19
f 26/26/19 28/28/21 76/76/54
f 77/77/55 39/39/29 42/42/31
f 42/42/31 44/44/33 77/77/55
f 77/77/55 44/44/33 14/14/9
f 14/14/9 16/16/11 77/77/55
f 78/78/56 17/17/11 19/19/12
f 19/19/12 38/38/29 78/78/56
f 79/79/57 54/54/41 1/1/1
f 1/1/1 4/4/1 79/79/57
f 79/79/57 4/4/1 6/6/3
f 6/6/3 52/52/38 79/79/57
f 80/80/58 49/49/38 48/48/37
f 48/48/37 57/57/41 80/80/58
f 81/81/59 51/51/39 43/43/32
f 43/43/32 45/45/34 81/81/59
f 81/81/59 45/45/34 46/46/35
f 46/46/35 63/63/45 81/81/59
f 82/82/59 60/60/45 47/47/36
f 47/47/36 50/50/39 82/82/59
f 83/83/60 65/65/48 20/20/13
f 20/20/13 23/23/16 83/83/60
f 83/83/60 23/23/16 25/25/18
f 25/25/18 84/84/42 83/83/60
f 85/85/61 56/56/42 58/58/43
f 58/58/43 68/68/48 85/85/61
f 86/86/62 87/87/46 32/32/23
f 32/32/23 35/35/26 86/86/62
f 86/86/62 35/35/26 36/36/27
f 36/36/27 66/66/49 86/86/62
f 88/88/63 67/67/49 59/59/44
f 59/59/44 61/61/46 88/88/63
f 89/89/64 90/90/65 91/91/66
f 91/91/66 92/92/67 89/89/64
f 93/93/68 89/89/64 92/92/67
f 92/92/67 94/94/69 93/93/68
f 95/95/70 96/96/71 97/97/72
f 97/97/72 98/98/73 95/95/70
f 90/90/65 99/99/70 100/100/74
f 100/100/74 101/101/75 90/90/65
f 102/102/76 93/93/68 103/103/77
f 103/103/77 104/104/78 102/102/76
f 96/96/71 105/105/79 106/106/80
f 106/106/80 107/107/81 96/96/71
f 108/108/82 97/97/72 109/109/83
f 109/109/83 110/110/84 108/108/82
f 111/111/85 112/112/84 113/113/86
f 113/113/86 114/114/87 111/111/85
f 115/115/88 116/116/89 117/117/90
f 117/117/90 118/118/91 115/115/88
f 119/119/92 115/115/88 118/118/91
f 118/118/91 120/120/93 119/119/92
f 121/121/94 122/122/95 123/123/96
f 123/123/96 124/124/97 121/121/94
f 116/116/89 125/125/98 126/126/99
f 126/126/99 127/127/100 116/116/89
f 128/128/101 119/119/92 129/129/102
f 129/129/102 130/130/103 128/128/101
f 122/122/95 131/131/104 132/132/105
f 132/132/105 133/133/106 122/122/95
f 134/134/107 135/135/102 136/136/108
f 136/136/108 137/137/109 134/134/107
f 138/138/110 134/134/107 137/137/109
f 137/137/109 139/139/111 138/138/110
f 140/140/112 138/138/110 141/141/113
f 141/141/113 142/142/114 140/140/112
f 133/133/106 143/143/115 144/144/116
f 144/144/116 145/145/117 133/133/106
f 146/146/118 103/103/77 147/147/119
f 147/147/119 148/148/120 146/146/118
f 149/149/121 150/150/122 151/151/123
f 151/151/123 152/152/124 149/149/121
f 153/153/125 154/154/121 155/155/126
f 155/155/126 156/156/127 153/153/125
f 107/107/81 157/157/125 158/158/128
f 158/158/128 109/109/83 107/107/81
f 159/159/129 155/155/126 160/160/130
f 160/160/130 161/161/131 159/159/129
f 162/162/132 159/159/129 161/161/131
f 161/161/131 163/163/133 162/162/132
f 164/164/134 141/141/113 165/165/135
f 165/165/135 166/166/136 164/164/134
f 167/167/137 164/164/134 166/166/136
f 166/166/136 168/168/138 167/167/137
f 169/169/139 167/167/137 170/170/140
f 170/170/140 171/171/141 169/169/139
f 145/145/117 172/172/139 173/173/141
f 173/173/141 123/123/96 145/145/117
f 174/174/142 175/175/143 176/176/144
f 176/176/144 177/177/142 174/174/142
f 127/127/100 174/174/142 177/177/142
f 177/177/142 178/178/145 127/127/100
f 179/179/70 180/180/144 168/168/138
f 168/168/138 181/181/73 179/179/70
f 182/182/146 183/183/70 184/184/73
f 184/184/73 185/185/147 182/182/146
f 186/186/148 182/182/146 187/187/149
f 187/187/149 188/188/150 186/186/148
f 178/178/145 189/189/151 190/190/152
f 190/190/152 117/117/90 178/178/145
f 191/191/153 187/187/149 192/192/154
f 192/192/154 193/193/155 191/191/153
f 120/120/93 194/194/153 195/195/155
f 195/195/155 196/196/108 120/120/93
f 197/197/156 165/165/135 139/139/111
f 139/139/111 198/198/157 197/197/156
f 185/185/147 199/199/158 200/200/159
f 200/200/159 192/192/154 185/185/147
f 201/201/160 202/202/161 203/203/162
f 203/203/162 204/204/107 201/201/160
f 205/205/163 206/206/160 207/207/109
f 207/207/109 208/208/164 205/205/163
f 209/209/165 210/210/166 211/211/167
f 211/211/167 212/212/168 209/209/165
f 202/202/161 213/213/165 214/214/168
f 214/214/168 215/215/169 202/202/161
f 216/216/170 217/217/171 218/218/172
f 218/218/172 219/219/170 216/216/170
f 208/208/164 216/216/170 219/219/170
f 219/219/170 220/220/173 208/208/164
f 221/221/174 203/203/162 222/222/175
f 222/222/175 223/223/176 221/221/174
f 217/217/171 224/224/174 225/225/176
f 225/225/176 226/226/177 217/217/171
f 227/227/178 222/222/175 215/215/169
f 215/215/169 228/228/179 227/227/178
f 229/229/180 230/230/178 231/231/181
f 231/231/181 232/232/182 229/229/180
f 109/109/83 97/97/72 96/96/71
f 96/96/71 107/107/81 109/109/83
f 192/192/154 187/187/149 182/182/146
f 182/182/146 185/185/147 192/192/154
f 133/133/106 145/145/117 123/123/96
f 123/123/96 122/122/95 133/133/106
f 127/127/100 178/178/145 117/117/90
f 117/117/90 116/116/89 127/127/100
f 196/196/108 129/129/102 119/119/92
f 119/119/92 120/120/93 196/196/108
f 165/165/135 141/141/113 138/138/110
f 138/138/110 139/139/111 165/165/135
f 205/205/163 208/208/164 220/220/173
f 220/220/173 233/233/133 205/205/163
f 217/217/171 226/226/177 234/234/66
f 234/234/66 218/218/172 217/217/171
f 229/229/180 232/232/182 235/235/119
f 235/235/119 236/236/69 229/229/180
f 237/237/130 238/238/124 211/211/167
f 211/211/167 210/210/166 237/237/130
f 168/168/138 180/180/144 170/170/140
f 170/170/140 167/167/137 168/168/138
f 202/202/161 215/215/169 222/222/175
f 222/222/175 203/203/162 202/202/161
f 239/239/172 91/91/66 90/90/65
f 90/90/65 101/101/75 239/239/172
f 94/94/69 147/147/119 103/103/77
f 103/103/77 93/93/68 94/94/69
f 160/160/130 155/155/126 154/154/121
f 154/154/121 240/240/124 160/160/130
f 241/241/133 242/242/173 111/111/85
f 111/111/85 114/114/87 241/241/133
f 218/218/172 234/234/66 91/91/66
f 91/91/66 239/239/172 218/218/172
f 236/236/69 235/235/119 147/147/119
f 147/147/119 94/94/69 236/236/69
f 160/160/130 240/240/124 238/238/124
f 238/238/124 237/237/130 160/160/130
f 233/233/133 220/220/173 242/242/173
f 242/242/173 241/241/133 233/233/133
f 243/243/183 111/111/85 242/242/173
f 242/242/173 244/244/184 243/243/183
f 101/101/75 243/243/183 244/244/184
f 244/244/184 239/239/172 101/101/75
f 92/92/67 91/91/66 234/234/66
f 234/234/66 245/245/148 92/92/67
f 94/94/69 92/92/67 245/245/148
f 245/245/148 236/236/69 94/94/69
f 148/148/120 147/147/119 235/235/119
f 235/235/119 246/246/185 148/148/120
f 152/152/124 151/151/123 247/247/123
f 247/247/123 248/248/124 152/152/124
f 161/161/131 160/160/130 237/237/130
f 237/237/130 249/249/186 161/161/131
f 163/163/133 161/161/131 249/249/186
f 249/249/186 250/250/133 163/163/133
f 244/244/184 242/242/173 220/220/173
f 220/220/173 219/219/170 244/244/184
f 239/239/172 244/244/184 219/219/170
f 219/219/170 218/218/172 239/239/172
f 251/251/187 229/229/180 236/236/69
f 236/236/69 245/245/148 251/251/187
f 226/226/177 251/251/187 245/245/148
f 245/245/148 234/234/66 226/226/177
f 252/252/94 253/253/188 248/248/124
f 248/248/124 247/247/123 252/252/94
f 232/232/182 254/254/97 246/246/185
f 246/246/185 235/235/119 232/232/182
f 255/255/189 256/256/190 250/250/133
f 250/250/133 249/249/186 255/255/189
f 210/210/166 255/255/189 249/249/186
f 249/249/186 237/237/130 210/210/166
f 93/93/68 102/102/76 257/257/191
f 257/257/191 89/89/64 93/93/68
f 90/90/65 89/89/64 257/257/191
f 257/257/191 99/99/70 90/90/65
f 96/96/71 95/95/70 258/258/191
f 258/258/191 105/105/79 96/96/71
f 101/101/75 100/100/74 259/259/192
f 259/259/192 243/243/183 101/101/75
f 111/111/85 243/243/183 259/259/192
f 259/259/192 112/112/84 111/111/85
f 97/97/72 108/108/82 260/260/192
f 260/260/192 98/98/73 97/97/72
f 119/119/92 128/128/101 261/261/193
f 261/261/193 115/115/88 119/119/92
f 116/116/89 115/115/88 261/261/193
f 261/261/193 125/125/98 116/116/89
f 122/122/95 121/121/94 262/262/194
f 262/262/194 131/131/104 122/122/95
f 138/138/110 140/140/112 263/263/195
f 263/263/195 134/134/107 138/138/110
f 135/135/102 134/134/107 263/263/195
f 263/263/195 264/264/103 135/135/102
f 133/133/106 132/132/105 265/265/195
f 265/265/195 143/143/115 133/133/106
f 149/149/121 266/266/196 267/267/197
f 267/267/197 150/150/122 149/149/121
f 103/103/77 146/146/118 268/268/197
f 268/268/197 104/104/78 103/103/77
f 107/107/81 106/106/80 269/269/197
f 269/269/197 157/157/125 107/107/81
f 162/162/132 270/270/84 271/271/198
f 271/271/198 159/159/129 162/162/132
f 155/155/126 159/159/129 271/271/198
f 271/271/198 156/156/127 155/155/126
f 109/109/83 158/158/128 272/272/198
f 272/272/198 110/110/84 109/109/83
f 167/167/137 169/169/139 273/273/199
f 273/273/199 164/164/134 167/167/137
f 141/141/113 164/164/134 273/273/199
f 273/273/199 142/142/114 141/141/113
f 145/145/117 144/144/116 274/274/200
f 274/274/200 172/172/139 145/145/117
f 127/127/100 126/126/99 275/275/201
f 275/275/201 174/174/142 127/127/100
f 175/175/143 174/174/142 275/275/201
f 275/275/201 276/276/141 175/175/143
f 123/123/96 173/173/141 277/277/202
f 277/277/202 124/124/97 123/123/96
f 182/182/146 186/186/148 278/278/203
f 278/278/203 183/183/70 182/182/146
f 176/176/144 279/279/70 280/280/204
f 280/280/204 177/177/142 176/176/144
f 178/178/145 177/177/142 280/280/204
f 280/280/204 189/189/151 178/178/145
f 120/120/93 118/118/91 281/281/205
f 281/281/205 194/194/153 120/120/93
f 187/187/149 191/191/153 282/282/205
f 282/282/205 188/188/150 187/187/149
f 117/117/90 190/190/152 281/281/205
f 281/281/205 118/118/91 117/117/90
f 185/185/147 184/184/73 283/283/206
f 283/283/206 199/199/158 185/185/147
f 165/165/135 197/197/156 284/284/206
f 284/284/206 166/166/136 165/165/135
f 168/168/138 166/166/136 284/284/206
f 284/284/206 181/181/73 168/168/138
f 139/139/111 137/137/109 285/285/207
f 285/285/207 198/198/157 139/139/111
f 192/192/154 200/200/159 286/286/207
f 286/286/207 193/193/155 192/192/154
f 136/136/108 287/287/208 285/285/207
f 285/285/207 137/137/109 136/136/108
f 210/210/166 209/209/165 288/288/209
f 288/288/209 255/255/189 210/210/166
f 256/256/190 255/255/189 288/288/209
f 288/288/209 289/289/160 256/256/190
f 202/202/161 201/201/160 290/290/210
f 290/290/210 213/213/165 202/202/161
f 208/208/164 207/207/109 291/291/211
f 291/291/211 216/216/170 208/208/164
f 217/217/171 216/216/170 291/291/211
f 291/291/211 224/224/174 217/217/171
f 203/203/162 221/221/174 292/292/211
f 292/292/211 204/204/107 203/203/162
f 226/226/177 225/225/176 293/293/212
f 293/293/212 251/251/187 226/226/177
f 229/229/180 251/251/187 293/293/212
f 293/293/212 230/230/178 229/229/180
f 222/222/175 227/227/178 294/294/213
f 294/294/213 223/223/176 222/222/175
f 232/232/182 231/231/181 295/295/214
f 295/295/214 254/254/97 232/232/182
f 253/253/188 252/252/94 296/296/215
f 296/296/215 297/297/168 253/253/188
f 215/215/169 214/214/168 298/298/216
f 298/298/216 228/228/179 215/215/169
f 299/299/217 300/300/218 301/301/219
f 301/301/219 302/302/220 299/299/217
f 303/303/221 304/304/219 305/305/222
f 305/305/222 306/306/223 303/303/221
f 307/307/224 308/308/225 309/309/226
f 309/309/226 310/310/227 307/307/224
f 311/311/227 312/312/226 300/300/218
f 300/300/218 313/313/228 311/311/227
f 314/314/229 299/299/217 315/315/230
f 315/315/230 316/316/231 314/314/229
f 317/317/231 318/318/232 319/319/233
f 319/319/233 320/320/234 317/317/231
f 321/321/235 319/319/233 322/322/236
f 322/322/236 323/323/237 321/321/235
f 324/324/237 325/325/236 306/306/223
f 306/306/223 326/326/238 324/324/237
f 313/313/228 314/314/229 327/327/239
f 327/327/239 328/328/240 313/313/228
f 328/328/240 327/327/239 329/329/241
f 329/329/241 330/330/242 328/328/240
f 331/331/243 332/332/241 333/333/244
f 333/333/244 334/334/245 331/331/243
f 335/335/245 336/336/244 320/320/234
f 320/320/234 337/337/246 335/335/245
f 338/338/247 307/307/224 339/339/248
f 339/339/248 340/340/249 338/338/247
f 341/341/249 342/342/248 343/343/250
f 343/343/250 344/344/250 341/341/249
f 345/345/250 346/346/251 347/347/252
f 347/347/252 348/348/249 345/345/250
f 349/349/249 350/350/253 351/351/254
f 351/351/254 352/352/247 349/349/249
f 353/353/255 354/354/256 355/355/257
f 355/355/257 356/356/258 353/353/255
f 356/356/258 355/355/257 346/346/251
f 346/346/251 357/357/259 356/356/258
f 358/358/260 351/351/254 359/359/261
f 359/359/261 360/360/262 358/358/260
f 361/361/262 362/362/261 354/354/256
f 354/354/256 363/363/263 361/361/262
f 364/364/264 365/365/265 366/366/266
f 366/366/266 367/367/267 364/364/264
f 367/367/267 366/366/266 368/368/263
f 368/368/263 369/369/268 367/367/267
f 370/370/269 364/364/264 371/371/270
f 371/371/270 372/372/237 370/370/269
f 373/373/237 374/374/271 375/375/272
f 375/375/272 376/376/273 373/373/237
f 377/377/274 375/375/272 378/378/275
f 378/378/275 379/379/276 377/377/274
f 380/380/276 381/381/275 382/382/268
f 382/382/268 353/353/255 380/380/276
f 383/383/277 377/377/274 384/384/278
f 384/384/278 385/385/245 383/383/277
f 386/386/245 387/387/278 357/357/259
f 357/357/259 388/388/279 386/386/245
f 389/389/280 390/390/280 391/391/281
f 391/391/281 392/392/281 389/389/280
f 393/393/281 394/394/281 395/395/282
f 395/395/282 396/396/283 393/393/281
f 396/396/283 395/395/282 397/397/284
f 397/397/284 398/398/247 396/396/283
f 390/390/280 389/389/280 399/399/269
f 399/399/269 400/400/269 390/390/280
f 401/401/285 402/402/285 403/403/277
f 403/403/277 404/404/286 401/401/285
f 405/405/243 406/406/243 407/407/250
f 407/407/250 408/408/250 405/405/243
f 363/363/263 354/354/256 353/353/255
f 353/353/255 382/382/268 363/363/263
f 299/299/217 314/314/229 313/313/228
f 313/313/228 300/300/218 299/299/217
f 395/395/282 409/409/282 410/410/247
f 410/410/247 397/397/284 395/395/282
f 411/411/243 405/405/243 408/408/250
f 408/408/250 412/412/250 411/411/243
f 413/413/285 401/401/285 404/404/286
f 404/404/286 414/414/277 413/413/285
f 415/415/280 390/390/280 400/400/269
f 400/400/269 416/416/269 415/415/280
f 389/389/280 417/417/280 370/370/269
f 370/370/269 399/399/269 389/389/280
f 402/402/285 376/376/273 383/383/277
f 383/383/277 403/403/277 402/402/285
f 406/406/243 388/388/279 345/345/250
f 345/345/250 407/407/250 406/406/243
f 418/418/282 396/396/283 398/398/247
f 398/398/247 352/352/247 418/418/282
f 417/417/280 365/365/265 364/364/264
f 364/364/264 370/370/269 417/417/280
f 376/376/273 375/375/272 377/377/274
f 377/377/274 383/383/277 376/376/273
f 388/388/279 357/357/259 346/346/251
f 346/346/251 345/345/250 388/388/279
f 358/358/260 418/418/282 352/352/247
f 352/352/247 351/351/254 358/358/260
f 308/308/225 307/307/224 338/338/247
f 338/338/247 419/419/282 308/308/225
f 332/332/241 331/331/243 344/344/250
f 344/344/250 343/343/250 332/332/241
f 319/319/233 321/321/235 337/337/246
f 337/337/246 320/320/234 319/319/233
f 305/305/222 420/420/280 326/326/238
f 326/326/238 306/306/223 305/305/222
f 409/409/282 419/419/282 338/338/247
f 338/338/247 410/410/247 409/409/282
f 331/331/243 411/411/243 412/412/250
f 412/412/250 344/344/250 331/331/243
f 321/321/235 413/413/285 414/414/277
f 414/414/277 337/337/246 321/321/235
f 420/420/280 415/415/280 416/416/269
f 416/416/269 326/326/238 420/420/280
f 420/420/280 305/305/222 421/421/287
f 421/421/287 422/422/281 420/420/280
f 423/423/281 424/424/288 308/308/225
f 308/308/225 419/419/282 423/423/281
f 413/413/285 321/321/235 323/323/237
f 323/323/237 425/425/237 413/413/285
f 426/426/237 324/324/237 326/326/238
f 326/326/238 416/416/269 426/426/237
f 411/411/243 331/331/243 334/334/245
f 334/334/245 427/427/245 411/411/243
f 428/428/245 335/335/245 337/337/246
f 337/337/246 414/414/277 428/428/245
f 410/410/247 338/338/247 340/340/249
f 340/340/249 429/429/249 410/410/247
f 430/430/249 341/341/249 344/344/250
f 344/344/250 412/412/250 430/430/249
f 409/409/282 395/395/282 394/394/281
f 394/394/281 431/431/281 409/409/282
f 432/432/281 391/391/281 390/390/280
f 390/390/280 415/415/280 432/432/281
f 417/417/280 389/389/280 392/392/281
f 392/392/281 433/433/281 417/417/280
f 434/434/281 393/393/281 396/396/283
f 396/396/283 418/418/282 434/434/281
f 398/398/247 397/397/284 435/435/249
f 435/435/249 436/436/249 398/398/247
f 437/437/249 438/438/249 408/408/250
f 408/408/250 407/407/250 437/437/249
f 406/406/243 405/405/243 439/439/245
f 439/439/245 440/440/245 406/406/243
f 441/441/245 442/442/245 404/404/286
f 404/404/286 403/403/277 441/441/245
f 402/402/285 401/401/285 443/443/237
f 443/443/237 444/444/237 402/402/285
f 445/445/237 446/446/237 400/400/269
f 400/400/269 399/399/269 445/445/237
f 418/418/282 358/358/260 447/447/289
f 447/447/289 434/434/281 418/418/282
f 433/433/281 448/448/289 365/365/265
f 365/365/265 417/417/280 433/433/281
f 376/376/273 402/402/285 444/444/237
f 444/444/237 373/373/237 376/376/273
f 372/372/237 445/445/237 399/399/269
f 399/399/269 370/370/269 372/372/237
f 388/388/279 406/406/243 440/440/245
f 440/440/245 386/386/245 388/388/279
f 385/385/245 441/441/245 403/403/277
f 403/403/277 383/383/277 385/385/245
f 352/352/247 398/398/247 436/436/249
f 436/436/249 349/349/249 352/352/247
f 348/348/249 437/437/249 407/407/250
f 407/407/250 345/345/250 348/348/249
f 415/415/280 420/420/280 422/422/281
f 422/422/281 432/432/281 415/415/280
f 431/431/281 423/423/281 419/419/282
f 419/419/282 409/409/282 431/431/281
f 412/412/250 408/408/250 438/438/249
f 438/438/249 430/430/249 412/412/250
f 429/429/249 435/435/249 397/397/284
f 397/397/284 410/410/247 429/429/249
f 414/414/277 404/404/286 442/442/245
f 442/442/245 428/428/245 414/414/277
f 427/427/245 439/439/245 405/405/243
f 405/405/243 411/411/243 427/427/245
f 416/416/269 400/400/269 446/446/237
f 446/446/237 426/426/237 416/416/269
f 425/425/237 443/443/237 401/401/285
f 401/401/285 413/413/285 425/425/237
f 449/449/290 421/421/287 305/305/222
f 305/305/222 304/304/219 449/449/290
f 450/450/291 301/301/219 300/300/218
f 300/300/218 312/312/226 450/450/291
f 451/451/290 309/309/226 308/308/225
f 308/308/225 424/424/288 451/451/290
f 452/452/292 322/322/236 319/319/233
f 319/319/233 318/318/232 452/452/292
f 453/453/293 315/315/230 299/299/217
f 299/299/217 302/302/220 453/453/293
f 454/454/292 303/303/221 306/306/223
f 306/306/223 325/325/236 454/454/292
f 455/455/294 456/456/244 329/329/241
f 329/329/241 327/327/239 455/455/294
f 455/455/294 327/327/239 314/314/229
f 314/314/229 316/316/231 455/455/294
f 457/457/294 317/317/231 320/320/234
f 320/320/234 336/336/244 457/457/294
f 458/458/295 328/328/240 330/330/242
f 330/330/242 459/459/248 458/458/295
f 460/460/296 339/339/248 307/307/224
f 307/307/224 310/310/227 460/460/296
f 458/458/295 311/311/227 313/313/228
f 313/313/228 328/328/240 458/458/295
f 461/461/297 359/359/261 351/351/254
f 351/351/254 350/350/253 461/461/297
f 462/462/298 347/347/252 346/346/251
f 346/346/251 355/355/257 462/462/298
f 462/462/298 355/355/257 354/354/256
f 354/354/256 362/362/261 462/462/298
f 463/463/299 366/366/266 365/365/265
f 365/365/265 448/448/289 463/463/299
f 464/464/299 447/447/289 358/358/260
f 358/358/260 360/360/262 464/464/299
f 463/463/299 465/465/262 368/368/263
f 368/368/263 366/366/266 463/463/299
f 466/466/300 378/378/275 375/375/272
f 375/375/272 374/374/271 466/466/300
f 467/467/300 371/371/270 364/364/264
f 364/364/264 367/367/267 467/467/300
f 467/467/300 367/367/267 369/369/268
f 369/369/268 468/468/301 467/467/300
f 469/469/302 356/356/258 357/357/259
f 357/357/259 387/387/278 469/469/302
f 470/470/302 384/384/278 377/377/274
f 377/377/274 379/379/276 470/470/302
f 469/469/302 380/380/276 353/353/255
f 353/353/255 356/356/258 469/469/302
f 471/471/2 472/472/3 473/473/303
f 473/473/303 474/474/304 471/471/2
f 474/474/304 473/473/303 475/475/305
f 475/475/305 476/476/306 474/474/304
f 477/477/307 478/478/308 479/479/38
f 479/479/38 480/480/39 477/477/307
f 481/481/39 482/482/38 472/472/3
f 472/472/3 483/483/309 481/481/39
f 484/484/18 485/485/310 486/486/41
f 486/486/41 487/487/42 484/484/18
f 488/488/42 489/489/41 478/478/308
f 478/478/308 490/490/43 488/488/42
f 491/491/17 484/484/18 492/492/311
f 492/492/311 493/493/312 491/491/17
f 493/493/312 492/492/311 494/494/313
f 494/494/313 495/495/14 493/493/312
f 496/496/314 494/494/313 497/497/48
f 497/497/48 498/498/49 496/496/314
f 499/499/49 500/500/48 490/490/43
f 490/490/43 501/501/44 499/499/49
f 502/502/22 496/496/314 503/503/315
f 503/503/315 504/504/316 502/502/22
f 505/505/316 506/506/315 507/507/47
f 507/507/47 508/508/317 505/505/316
f 509/509/35 507/507/47 510/510/46
f 510/510/46 511/511/45 509/509/35
f 512/512/45 513/513/46 501/501/44
f 501/501/44 477/477/307 512/512/45
f 514/514/318 509/509/35 515/515/319
f 515/515/319 516/516/320 514/514/318
f 517/517/321 518/518/319 483/483/309
f 483/483/309 519/519/9 517/517/321
f 520/520/4 521/521/322 522/522/6
f 522/522/6 523/523/7 520/520/4
f 524/524/7 525/525/6 526/526/306
f 526/526/306 491/491/17 524/524/7
f 519/519/9 471/471/2 527/527/10
f 527/527/10 528/528/11 519/519/9
f 529/529/11 530/530/10 521/521/322
f 521/521/322 531/531/323 529/529/11
f 508/508/317 514/514/318 532/532/29
f 532/532/29 533/533/28 508/508/317
f 534/534/28 535/535/29 531/531/323
f 531/531/323 536/536/19 534/534/28
f 536/536/19 520/520/4 537/537/20
f 537/537/20 538/538/21 536/536/19
f 539/539/21 540/540/20 495/495/14
f 495/495/14 502/502/22 539/539/21
f 478/478/308 477/477/307 501/501/44
f 501/501/44 490/490/43 478/478/308
f 491/491/17 526/526/306 485/485/310
f 485/485/310 484/484/18 491/491/17
f 502/502/22 495/495/14 494/494/313
f 494/494/313 496/496/314 502/502/22
f 514/514/318 508/508/317 507/507/47
f 507/507/47 509/509/35 514/514/318
f 471/471/2 519/519/9 483/483/309
f 483/483/309 472/472/3 471/471/2
f 536/536/19 531/531/323 521/521/322
f 521/521/322 520/520/4 536/536/19
f 541/541/324 542/542/41 475/475/305
f 475/475/305 473/473/303 541/541/324
f 541/541/324 473/473/303 472/472/3
f 472/472/3 482/482/38 541/541/324
f 543/543/58 479/479/38 478/478/308
f 478/478/308 489/489/41 543/543/58
f 544/544/325 497/497/48 494/494/313
f 494/494/313 492/492/311 544/544/325
f 544/544/325 492/492/311 484/484/18
f 484/484/18 487/487/42 544/544/325
f 545/545/60 488/488/42 490/490/43
f 490/490/43 500/500/48 545/545/60
f 546/546/62 510/510/46 507/507/47
f 507/507/47 506/506/315 546/546/62
f 547/547/326 503/503/315 496/496/314
f 496/496/314 498/498/49 547/547/326
f 548/548/326 499/499/49 501/501/44
f 501/501/44 513/513/46 548/548/326
f 549/549/327 481/481/39 483/483/309
f 483/483/309 518/518/319 549/549/327
f 550/550/327 515/515/319 509/509/35
f 509/509/35 511/511/45 550/550/327
f 551/551/328 512/512/45 477/477/307
f 477/477/307 480/480/39 551/551/328
f 552/552/50 527/527/10 471/471/2
f 471/471/2 474/474/304 552/552/50
f 552/552/50 474/474/304 476/476/306
f 476/476/306 553/553/6 552/552/50
f 554/554/329 522/522/6 521/521/322
f 521/521/322 530/530/10 554/554/329
f 555/555/55 532/532/29 514/514/318
f 514/514/318 516/516/320 555/555/55
f 556/556/330 517/517/321 519/519/9
f 519/519/9 528/528/11 556/556/330
f 557/557/330 529/529/11 531/531/323
f 531/531/323 535/535/29 557/557/330
f 558/558/331 524/524/7 491/491/17
f 491/491/17 493/493/312 558/558/331
f 558/558/331 493/493/312 495/495/14
f 495/495/14 540/540/20 558/558/331
f 559/559/331 537/537/20 520/520/4
f 520/520/4 523/523/7 559/559/331
f 560/560/54 539/539/21 502/502/22
f 502/502/22 504/504/316 560/560/54
f 561/561/54 505/505/316 508/508/317
f 508/508/317 533/533/28 561/561/54
f 562/562/54 534/534/28 536/536/19
f 536/536/19 538/538/21 562/562/54
f 563/563/172 564/564/332 565/565/333
f 565/565/333 566/566/334 563/563/172
f 566/566/334 565/565/333 567/567/335
f 567/567/335 568/568/336 566/566/334
f 569/569/71 570/570/337 571/571/338
f 571/571/338 572/572/339 569/569/71
f 573/573/339 574/574/338 564/564/332
f 564/564/332 575/575/65 573/573/339
f 576/576/340 567/567/335 577/577/341
f 577/577/341 578/578/342 576/576/340
f 579/579/342 580/580/343 570/570/337
f 570/570/337 581/581/344 579/579/342
f 582/582/81 569/569/71 583/583/345
f 583/583/345 584/584/346 582/582/81
f 585/585/347 586/586/345 587/587/348
f 587/587/348 588/588/349 585/585/347
f 589/589/350 590/590/351 591/591/352
f 591/591/352 592/592/353 589/589/350
f 593/593/353 594/594/354 581/581/344
f 581/581/344 582/582/81 593/593/353
f 595/595/130 596/596/355 597/597/356
f 597/597/356 598/598/131 595/595/130
f 599/599/131 600/600/357 601/601/163
f 601/601/163 602/602/358 599/599/131
f 603/603/359 604/604/360 605/605/361
f 605/605/361 606/606/362 603/603/359
f 607/607/363 608/608/361 596/596/355
f 596/596/355 609/609/364 607/607/363
f 610/610/365 601/601/163 611/611/366
f 611/611/366 612/612/367 610/610/365
f 613/613/367 614/614/368 604/604/360
f 604/604/360 615/615/162 613/613/367
f 616/616/119 617/617/369 618/618/370
f 618/618/370 619/619/123 616/616/119
f 619/619/123 618/618/370 620/620/371
f 620/620/371 621/621/124 619/619/123
f 622/622/372 603/603/359 623/623/373
f 623/623/373 624/624/374 622/622/372
f 625/625/375 626/626/376 617/617/369
f 617/617/369 627/627/377 625/625/375
f 628/628/378 629/629/379 630/630/380
f 630/630/380 631/631/381 628/628/378
f 632/632/382 633/633/383 615/615/162
f 615/615/162 622/622/372 632/632/382
f 634/634/66 628/628/378 635/635/384
f 635/635/384 636/636/148 634/634/66
f 636/636/148 635/635/384 627/627/377
f 627/627/377 637/637/69 636/636/148
f 638/638/66 639/639/378 640/640/384
f 640/640/384 641/641/148 638/638/66
f 641/641/148 640/640/384 642/642/377
f 642/642/377 643/643/385 641/641/148
f 644/644/162 645/645/175 646/646/386
f 646/646/386 647/647/387 644/644/162
f 648/648/387 649/649/388 639/639/378
f 639/639/378 650/650/389 648/648/387
f 651/651/390 642/642/377 652/652/391
f 652/652/391 653/653/392 651/651/390
f 654/654/393 655/655/394 645/645/175
f 645/645/175 656/656/359 654/654/393
f 657/657/173 658/658/395 659/659/396
f 659/659/396 660/660/184 657/657/173
f 660/660/184 659/659/396 650/650/389
f 650/650/389 661/661/397 660/660/184
f 662/662/360 644/644/162 663/663/398
f 663/663/398 664/664/399 662/662/360
f 665/665/400 666/666/401 658/658/395
f 658/658/395 667/667/163 665/665/400
f 668/668/124 669/669/350 670/670/402
f 670/670/402 671/671/98 668/668/124
f 672/672/94 673/673/403 674/674/349
f 674/674/349 675/675/404 672/672/94
f 676/676/344 677/677/81 678/678/405
f 678/678/405 679/679/406 676/676/344
f 680/680/406 681/681/407 669/669/350
f 669/669/350 682/682/408 680/680/406
f 683/683/348 674/674/349 684/684/409
f 684/684/409 685/685/410 683/683/348
f 686/686/411 687/687/412 677/677/81
f 677/677/81 688/688/71 686/686/411
f 689/689/72 676/676/344 690/690/413
f 690/690/413 691/691/414 689/689/72
f 692/692/415 693/693/416 694/694/340
f 694/694/340 695/695/417 692/692/415
f 696/696/418 697/697/419 698/698/420
f 698/698/420 699/699/421 696/696/418
f 700/700/421 701/701/420 688/688/71
f 688/688/71 689/689/72 700/700/421
f 702/702/422 703/703/364 704/704/423
f 704/704/423 705/705/424 702/702/422
f 706/706/424 707/707/423 656/656/359
f 656/656/359 662/662/360 706/706/424
f 708/708/130 709/709/355 710/710/356
f 710/710/356 711/711/131 708/708/130
f 711/711/131 710/710/356 667/667/163
f 667/667/163 712/712/133 711/711/131
f 564/564/332 563/563/172 713/713/66
f 713/713/66 575/575/65 564/564/332
f 570/570/337 569/569/71 582/582/81
f 582/582/81 581/581/344 570/570/337
f 590/590/351 589/589/350 714/714/124
f 714/714/124 715/715/130 590/590/351
f 604/604/360 603/603/359 622/622/372
f 622/622/372 615/615/162 604/604/360
f 587/587/348 716/716/69 717/717/119
f 717/717/119 588/588/349 587/587/348
f 576/576/340 718/718/133 568/568/336
f 568/568/336 567/567/335 576/576/340
f 719/719/173 695/695/417 694/694/340
f 694/694/340 720/720/133 719/719/173
f 683/683/348 721/721/69 675/675/404
f 675/675/404 674/674/349 683/683/348
f 662/662/360 656/656/359 645/645/175
f 645/645/175 644/644/162 662/662/360
f 722/722/130 682/682/408 669/669/350
f 669/669/350 668/668/124 722/722/130
f 689/689/72 688/688/71 677/677/81
f 677/677/81 676/676/344 689/689/72
f 723/723/66 697/697/419 696/696/418
f 696/696/418 724/724/172 723/723/66
f 725/725/172 629/629/379 628/628/378
f 628/628/378 634/634/66 725/725/172
f 637/637/69 627/627/377 617/617/369
f 617/617/369 616/616/119 637/637/69
f 596/596/355 595/595/130 726/726/124
f 726/726/124 609/609/364 596/596/355
f 602/602/358 601/601/163 610/610/365
f 610/610/365 727/727/173 602/602/358
f 728/728/172 725/725/172 634/634/66
f 634/634/66 729/729/66 728/728/172
f 730/730/69 637/637/69 616/616/119
f 616/616/119 731/731/119 730/730/69
f 595/595/130 732/732/130 733/733/124
f 733/733/124 726/726/124 595/595/130
f 734/734/133 602/602/358 727/727/173
f 727/727/173 735/735/173 734/734/133
f 563/563/172 728/728/172 729/729/66
f 729/729/66 713/713/66 563/563/172
f 716/716/69 730/730/69 731/731/119
f 731/731/119 717/717/119 716/716/69
f 732/732/130 715/715/130 714/714/124
f 714/714/124 733/733/124 732/732/130
f 718/718/133 734/734/133 735/735/173
f 735/735/173 568/568/336 718/718/133
f 736/736/130 722/722/130 668/668/124
f 668/668/124 737/737/124 736/736/130
f 738/738/173 719/719/173 720/720/133
f 720/720/133 739/739/133 738/738/173
f 740/740/425 723/723/66 724/724/172
f 724/724/172 741/741/172 740/740/425
f 721/721/69 742/742/426 743/743/119
f 743/743/119 675/675/404 721/721/69
f 744/744/130 736/736/130 737/737/124
f 737/737/124 745/745/124 744/744/130
f 657/657/173 738/738/173 739/739/133
f 739/739/133 712/712/133 657/657/173
f 638/638/66 740/740/425 741/741/172
f 741/741/172 661/661/397 638/638/66
f 742/742/426 643/643/385 746/746/119
f 746/746/119 743/743/119 742/742/426
f 702/702/422 744/744/130 745/745/124
f 745/745/124 703/703/364 702/702/422
f 658/658/395 657/657/173 712/712/133
f 712/712/133 667/667/163 658/658/395
f 639/639/378 638/638/66 661/661/397
f 661/661/397 650/650/389 639/639/378
f 642/642/377 651/651/390 746/746/119
f 746/746/119 643/643/385 642/642/377
f 727/727/173 610/610/365 747/747/427
f 747/747/427 748/748/184 727/727/173
f 748/748/184 747/747/427 629/629/379
f 629/629/379 725/725/172 748/748/184
f 729/729/66 634/634/66 636/636/148
f 636/636/148 749/749/148 729/729/66
f 749/749/148 636/636/148 637/637/69
f 637/637/69 730/730/69 749/749/148
f 718/718/133 576/576/340 750/750/428
f 750/750/428 751/751/429 718/718/133
f 752/752/430 753/753/431 590/590/351
f 590/590/351 715/715/130 752/752/430
f 754/754/124 755/755/350 756/756/432
f 756/756/432 757/757/94 754/754/124
f 757/757/94 756/756/432 588/588/349
f 588/588/349 717/717/119 757/757/94
f 737/737/124 668/668/124 671/671/98
f 671/671/98 758/758/94 737/737/124
f 758/758/94 671/671/98 759/759/119
f 759/759/119 760/760/119 758/758/94
f 720/720/133 694/694/340 761/761/431
f 761/761/431 762/762/430 720/720/133
f 762/762/430 761/761/431 763/763/351
f 763/763/351 764/764/130 762/762/430
f 724/724/172 696/696/418 765/765/433
f 765/765/433 766/766/170 724/724/172
f 766/766/170 765/765/433 695/695/417
f 695/695/417 719/719/173 766/766/170
f 721/721/69 683/683/348 767/767/434
f 767/767/434 768/768/435 721/721/69
f 768/768/435 767/767/434 697/697/419
f 697/697/419 723/723/66 768/768/435
f 735/735/173 727/727/173 748/748/184
f 748/748/184 769/769/184 735/735/173
f 769/769/184 748/748/184 725/725/172
f 725/725/172 728/728/172 769/769/184
f 713/713/66 729/729/66 749/749/148
f 749/749/148 770/770/148 713/713/66
f 770/770/148 749/749/148 730/730/69
f 730/730/69 716/716/69 770/770/148
f 731/731/119 616/616/119 619/619/123
f 619/619/123 771/771/123 731/731/119
f 771/771/123 619/619/123 621/621/124
f 621/621/124 772/772/124 771/771/123
f 732/732/130 595/595/130 598/598/131
f 598/598/131 773/773/131 732/732/130
f 774/774/131 599/599/131 602/602/358
f 602/602/358 734/734/133 774/774/131
f 568/568/336 735/735/173 769/769/184
f 769/769/184 566/566/334 568/568/336
f 566/566/334 769/769/184 728/728/172
f 728/728/172 563/563/172 566/566/334
f 716/716/69 587/587/348 775/775/434
f 775/775/434 770/770/148 716/716/69
f 770/770/148 775/775/434 575/575/65
f 575/575/65 713/713/66 770/770/148
f 772/772/124 754/754/124 757/757/94
f 757/757/94 771/771/123 772/772/124
f 771/771/123 757/757/94 717/717/119
f 717/717/119 731/731/119 771/771/123
f 734/734/133 718/718/133 751/751/429
f 751/751/429 774/774/131 734/734/133
f 773/773/131 752/752/430 715/715/130
f 715/715/130 732/732/130 773/773/131
f 745/745/124 737/737/124 758/758/94
f 758/758/94 776/776/94 745/745/124
f 776/776/94 758/758/94 760/760/119
f 760/760/119 777/777/119 776/776/94
f 739/739/133 720/720/133 762/762/430
f 762/762/430 778/778/430 739/739/133
f 778/778/430 762/762/430 764/764/130
f 764/764/130 779/779/130 778/778/430
f 741/741/172 724/724/172 766/766/170
f 766/766/170 780/780/436 741/741/172
f 780/780/436 766/766/170 719/719/173
f 719/719/173 738/738/173 780/780/436
f 742/742/426 721/721/69 768/768/435
f 768/768/435 781/781/435 742/742/426
f 781/781/435 768/768/435 723/723/66
f 723/723/66 740/740/425 781/781/435
f 777/777/119 782/782/369 783/783/370
f 783/783/370 776/776/94 777/777/119
f 776/776/94 783/783/370 703/703/364
f 703/703/364 745/745/124 776/776/94
f 712/712/133 739/739/133 778/778/430
f 778/778/430 711/711/131 712/712/133
f 711/711/131 778/778/430 779/779/130
f 779/779/130 708/708/130 711/711/131
f 661/661/397 741/741/172 780/780/436
f 780/780/436 660/660/184 661/661/397
f 660/660/184 780/780/436 738/738/173
f 738/738/173 657/657/173 660/660/184
f 643/643/385 742/742/426 781/781/435
f 781/781/435 641/641/148 643/643/385
f 641/641/148 781/781/435 740/740/425
f 740/740/425 638/638/66 641/641/148
f 784/784/437 577/577/341 567/567/335
f 567/567/335 565/565/333 784/784/437
f 784/784/437 565/565/333 564/564/332
f 564/564/332 574/574/338 784/784/437
f 785/785/438 571/571/338 570/570/337
f 570/570/337 580/580/343 785/785/438
f 786/786/204 573/573/339 575/575/65
f 575/575/65 775/775/434 786/786/204
f 786/786/204 775/775/434 587/587/348
f 587/587/348 586/586/345 786/786/204
f 787/787/204 583/583/345 569/569/71
f 569/569/71 572/572/339 787/787/204
f 788/788/439 591/591/352 590/590/351
f 590/590/351 753/753/431 788/788/439
f 789/789/440 750/750/428 576/576/340
f 576/576/340 578/578/342 789/789/440
f 790/790/440 579/579/342 581/581/344
f 581/581/344 594/594/354 790/790/440
f 791/791/441 585/585/347 588/588/349
f 588/588/349 756/756/432 791/791/441
f 791/791/441 756/756/432 755/755/350
f 755/755/350 792/792/353 791/791/441
f 793/793/442 593/593/353 582/582/81
f 582/582/81 584/584/346 793/793/442
f 794/794/443 611/611/366 601/601/163
f 601/601/163 600/600/357 794/794/443
f 795/795/195 597/597/356 596/596/355
f 596/596/355 608/608/361 795/795/195
f 796/796/195 605/605/361 604/604/360
f 604/604/360 614/614/368 796/796/195
f 797/797/444 798/798/363 620/620/371
f 620/620/371 618/618/370 797/797/444
f 797/797/444 618/618/370 617/617/369
f 617/617/369 626/626/376 797/797/444
f 799/799/445 623/623/373 603/603/359
f 603/603/359 606/606/362 799/799/445
f 800/800/446 613/613/367 615/615/162
f 615/615/162 633/633/383 800/800/446
f 801/801/447 630/630/380 629/629/379
f 629/629/379 747/747/427 801/801/447
f 801/801/447 747/747/427 610/610/365
f 610/610/365 612/612/367 801/801/447
f 802/802/213 635/635/384 628/628/378
f 628/628/378 631/631/381 802/802/213
f 803/803/448 632/632/382 622/622/372
f 622/622/372 624/624/374 803/803/448
f 802/802/213 625/625/375 627/627/377
f 627/627/377 635/635/384 802/802/213
f 804/804/449 652/652/391 642/642/377
f 642/642/377 640/640/384 804/804/449
f 804/804/449 640/640/384 639/639/378
f 639/639/378 649/649/388 804/804/449
f 805/805/449 646/646/386 645/645/175
f 645/645/175 655/655/394 805/805/449
f 806/806/450 648/648/387 650/650/389
f 650/650/389 659/659/396 806/806/450
f 806/806/450 659/659/396 658/658/395
f 658/658/395 666/666/401 806/806/450
f 807/807/450 663/663/398 644/644/162
f 644/644/162 647/647/387 807/807/450
f 808/808/451 684/684/409 674/674/349
f 674/674/349 673/673/403 808/808/451
f 809/809/201 670/670/402 669/669/350
f 669/669/350 681/681/407 809/809/201
f 810/810/452 678/678/405 677/677/81
f 677/677/81 687/687/412 810/810/452
f 811/811/439 812/812/453 763/763/351
f 763/763/351 761/761/431 811/811/439
f 811/811/439 761/761/431 694/694/340
f 694/694/340 693/693/416 811/811/439
f 813/813/440 690/690/413 676/676/344
f 676/676/344 679/679/406 813/813/440
f 814/814/454 698/698/420 697/697/419
f 697/697/419 767/767/434 814/814/454
f 814/814/454 767/767/434 683/683/348
f 683/683/348 685/685/410 814/814/454
f 815/815/204 686/686/411 688/688/71
f 688/688/71 701/701/420 815/815/204
f 816/816/455 692/692/415 695/695/417
f 695/695/417 765/765/433 816/816/455
f 816/816/455 765/765/433 696/696/418
f 696/696/418 699/699/421 816/816/455
f 817/817/455 700/700/421 689/689/72
f 689/689/72 691/691/414 817/817/455
f 818/818/445 704/704/423 703/703/364
f 703/703/364 783/783/370 818/818/445
f 819/819/445 820/820/370 651/651/390
f 651/651/390 653/653/392 819/819/445
f 821/821/456 654/654/393 656/656/359
f 656/656/359 707/707/423 821/821/456
f 822/822/195 665/665/400 667/667/163
f 667/667/163 710/710/356 822/822/195
f 822/822/195 710/710/356 709/709/355
f 709/709/355 823/823/424 822/822/195
f 824/824/457 706/706/424 662/662/360
f 662/662/360 664/664/399 824/824/457
f 825/825/458 826/826/459 827/827/460
f 827/827/460 828/828/461 825/825/458
f 829/829/462 830/830/463 831/831/464
f 831/831/464 832/832/465 829/829/462
f 833/833/466 831/831/464 834/834/467
f 834/834/467 835/835/468 833/833/466
f 836/836/469 837/837/470 838/838/471
f 838/838/471 839/839/472 836/836/469
f 840/840/473 841/841/474 842/842/475
f 842/842/475 843/843/476 840/840/473
f 843/843/476 842/842/475 844/844/477
f 844/844/477 845/845/478 843/843/476
f 846/846/479 833/833/466 847/847/480
f 847/847/480 848/848/481 846/846/479
f 849/849/481 850/850/482 851/851/483
f 851/851/483 852/852/484 849/849/481
f 853/853/485 851/851/483 854/854/486
f 854/854/486 855/855/487 853/853/485
f 855/855/487 854/854/486 839/839/472
f 839/839/472 856/856/488 855/855/487
f 832/832/465 846/846/479 857/857/489
f 857/857/489 858/858/490 832/832/465
f 859/859/491 860/860/489 861/861/492
f 861/861/492 862/862/493 859/859/491
f 863/863/494 861/861/492 864/864/495
f 864/864/495 865/865/496 863/863/494
f 866/866/496 867/867/497 852/852/484
f 852/852/484 868/868/238 866/866/496
f 869/869/243 870/870/498 871/871/499
f 871/871/499 872/872/500 869/869/243
f 872/872/500 871/871/499 862/862/493
f 862/862/493 873/873/501 872/872/500
f 874/874/502 875/875/503 876/876/504
f 876/876/504 877/877/505 874/874/502
f 878/878/505 879/879/506 845/845/478
f 845/845/478 880/880/507 878/878/505
f 881/881/508 840/840/473 882/882/509
f 882/882/509 883/883/510 881/881/508
f 884/884/510 885/885/511 875/875/503
f 875/875/503 886/886/512 884/884/510
f 887/887/513 874/874/502 888/888/514
f 888/888/514 889/889/515 887/887/513
f 890/890/515 891/891/514 892/892/516
f 892/892/516 893/893/517 890/890/515
f 886/886/512 887/887/513 894/894/518
f 894/894/518 895/895/519 886/886/512
f 896/896/520 897/897/521 898/898/522
f 898/898/522 899/899/523 896/896/520
f 846/846/479 832/832/465 831/831/464
f 831/831/464 833/833/466 846/846/479
f 845/845/478 844/844/477 900/900/524
f 900/900/524 880/880/507 845/845/478
f 892/892/516 873/873/501 863/863/494
f 863/863/494 893/893/517 892/892/516
f 898/898/522 868/868/238 853/853/485
f 853/853/485 899/899/523 898/898/522
f 881/881/508 856/856/488 841/841/474
f 841/841/474 840/840/473 881/881/508
f 826/826/459 825/825/458 900/900/524
f 900/900/524 844/844/477 826/826/459
f 862/862/493 861/861/492 863/863/494
f 863/863/494 873/873/501 862/862/493
f 852/852/484 851/851/483 853/853/485
f 853/853/485 868/868/238 852/852/484
f 839/839/472 838/838/471 841/841/474
f 841/841/474 856/856/488 839/839/472
f 875/875/503 874/874/502 887/887/513
f 887/887/513 886/886/512 875/875/503
f 841/841/474 838/838/471 901/901/525
f 901/901/525 842/842/475 841/841/474
f 842/842/475 901/901/525 826/826/459
f 826/826/459 844/844/477 842/842/475
f 899/899/523 853/853/485 855/855/487
f 855/855/487 902/902/526 899/899/523
f 902/902/526 855/855/487 856/856/488
f 856/856/488 881/881/508 902/902/526
f 893/893/517 863/863/494 865/865/496
f 865/865/496 903/903/527 893/893/517
f 904/904/527 866/866/496 868/868/238
f 868/868/238 898/898/522 904/904/527
f 905/905/507 869/869/243 872/872/500
f 872/872/500 906/906/528 905/905/507
f 906/906/528 872/872/500 873/873/501
f 873/873/501 892/892/516 906/906/528
f 907/907/529 834/834/467 831/831/464
f 831/831/464 830/830/463 907/907/529
f 908/908/530 827/827/460 826/826/459
f 826/826/459 901/901/525 908/908/530
f 908/908/530 901/901/525 838/838/471
f 838/838/471 837/837/470 908/908/530
f 909/909/531 854/854/486 851/851/483
f 851/851/483 850/850/482 909/909/531
f 910/910/532 847/847/480 833/833/466
f 833/833/466 835/835/468 910/910/532
f 909/909/531 836/836/469 839/839/472
f 839/839/472 854/854/486 909/909/531
f 911/911/533 864/864/495 861/861/492
f 861/861/492 860/860/489 911/911/533
f 912/912/533 857/857/489 846/846/479
f 846/846/479 848/848/481 912/912/533
f 913/913/533 849/849/481 852/852/484
f 852/852/484 867/867/497 913/913/533
f 914/914/534 871/871/499 870/870/498
f 870/870/498 915/915/462 914/914/534
f 916/916/535 829/829/462 832/832/465
f 832/832/465 858/858/490 916/916/535
f 914/914/534 859/859/491 862/862/493
f 862/862/493 871/871/499 914/914/534
f 917/917/212 882/882/509 840/840/473
f 840/840/473 843/843/476 917/917/212
f 917/917/212 843/843/476 845/845/478
f 845/845/478 879/879/506 917/917/212
f 918/918/213 876/876/504 875/875/503
f 875/875/503 885/885/511 918/918/213
f 919/919/193 920/920/505 905/905/507
f 905/905/507 906/906/528 919/919/193
f 919/919/193 906/906/528 892/892/516
f 892/892/516 891/891/514 919/919/193
f 921/921/193 888/888/514 874/874/502
f 874/874/502 877/877/505 921/921/193
f 922/922/197 890/890/515 893/893/517
f 893/893/517 903/903/527 922/922/197
f 922/922/197 903/903/527 923/923/536
f 923/923/536 924/924/521 922/922/197
f 925/925/197 894/894/518 887/887/513
f 887/887/513 889/889/515 925/925/197
f 926/926/537 896/896/520 899/899/523
f 899/899/523 902/902/526 926/926/537
f 926/926/537 902/902/526 881/881/508
f 881/881/508 883/883/510 926/926/537
f 927/927/537 884/884/510 886/886/512
f 886/886/512 895/895/519 927/927/537
f 928/928/538 929/929/539 930/930/540
f 930/930/540 931/931/541 928/928/538
f 932/932/542 928/928/538 931/931/541
f 931/931/541 933/933/89 932/932/542
f 934/934/543 935/935/544 936/936/145
f 936/936/145 937/937/545 934/934/543
f 938/938/546 939/939/547 940/940/548
f 940/940/548 941/941/549 938/938/546
f 942/942/550 943/943/551 944/944/552
f 944/944/552 945/945/553 942/942/550
f 946/946/554 942/942/550 947/947/555
f 947/947/555 948/948/556 946/946/554
f 949/949/557 946/946/554 948/948/556
f 948/948/556 950/950/558 949/949/557
f 951/951/559 936/936/145 952/952/100
f 952/952/100 953/953/521 951/951/559
f 945/945/553 951/951/559 953/953/521
f 953/953/521 954/954/560 945/945/553
f 955/955/561 947/947/555 954/954/560
f 954/954/560 956/956/562 955/955/561
f 957/957/563 958/958/564 959/959/562
f 959/959/562 960/960/565 957/957/563
f 961/961/566 957/957/563 962/962/567
f 962/962/567 963/963/568 961/961/566
f 964/964/569 952/952/100 965/965/89
f 965/965/89 966/966/570 964/964/569
f 960/960/565 967/967/569 968/968/571
f 968/968/571 969/969/572 960/960/565
f 970/970/573 962/962/567 969/969/572
f 969/969/572 971/971/574 970/970/573
f 936/936/145 935/935/544 965/965/89
f 965/965/89 952/952/100 936/936/145
f 962/962/567 957/957/563 960/960/565
f 960/960/565 969/969/572 962/962/567
f 947/947/555 942/942/550 945/945/553
f 945/945/553 954/954/560 947/947/555
f 932/932/542 972/972/575 973/973/449
f 973/973/449 928/928/538 932/932/542
f 929/929/539 928/928/538 973/973/449
f 973/973/449 974/974/576 929/929/539
f 938/938/546 975/975/576 976/976/449
f 976/976/449 939/939/547 938/938/546
f 942/942/550 946/946/554 977/977/532
f 977/977/532 943/943/551 942/942/550
f 941/941/549 940/940/548 978/978/203
f 978/978/203 979/979/552 941/941/549
f 945/945/553 944/944/552 980/980/203
f 980/980/203 951/951/559 945/945/553
f 936/936/145 951/951/559 980/980/203
f 980/980/203 937/937/545 936/936/145
f 957/957/563 961/961/566 981/981/577
f 981/981/577 958/958/564 957/957/563
f 947/947/555 955/955/561 982/982/440
f 982/982/440 948/948/556 947/947/555
f 950/950/558 948/948/556 982/982/440
f 982/982/440 983/983/566 950/950/558
f 954/954/560 953/953/521 984/984/578
f 984/984/578 956/956/562 954/954/560
f 960/960/565 959/959/562 985/985/579
f 985/985/579 967/967/569 960/960/565
f 952/952/100 964/964/569 984/984/578
f 984/984/578 953/953/521 952/952/100
f 962/962/567 970/970/573 986/986/580
f 986/986/580 963/963/568 962/962/567
f 969/969/572 968/968/571 987/987/581
f 987/987/581 971/971/574 969/969/572
f 930/930/540 988/988/574 989/989/445
f 989/989/445 931/931/541 930/930/540
f 933/933/89 931/931/541 989/989/445
f 989/989/445 990/990/571 933/933/89
f 991/991/582 992/992/583 993/993/584
f 993/993/584 994/994/585 991/991/582
f 993/993/584 992/992/583 995/995/586
f 995/995/586 996/996/587 993/993/584
f 997/997/588 998/998/589 999/999/590
f 999/999/590 1000/1000/576 997/997/588
f 1001/1001/591 1002/1002/588 975/975/576
f 975/975/576 938/938/546 1001/1001/591
f 1003/1003/551 1004/1004/592 941/941/549
f 941/941/549 979/979/552 1003/1003/551
f 1005/1005/558 1006/1006/566 1007/1007/593
f 1007/1007/593 1008/1008/594 1005/1005/558
f 1009/1009/595 1010/1010/596 1011/1011/574
f 1011/1011/574 1012/1012/597 1009/1009/595
f 1005/1005/558 1008/1008/594 993/993/584
f 993/993/584 996/996/587 1005/1005/558
f 998/998/589 1009/1009/595 1012/1012/597
f 1012/1012/597 999/999/590 998/998/589
f 1001/1001/591 938/938/546 941/941/549
f 941/941/549 1004/1004/592 1001/1001/591
f 998/998/589 997/997/588 991/991/582
f 991/991/582 994/994/585 998/998/589
f 1001/1001/591 1013/1013/598 1014/1014/599
f 1014/1014/599 1002/1002/588 1001/1001/591
f 1004/1004/592 1003/1003/551 1015/1015/600
f 1015/1015/600 1016/1016/586 1004/1004/592
f 949/949/557 1017/1017/586 977/977/532
f 977/977/532 946/946/554 949/949/557
f 1009/1009/595 1018/1018/601 1019/1019/210
f 1019/1019/210 1010/1010/596 1009/1009/595
f 1008/1008/594 1007/1007/593 1019/1019/210
f 1019/1019/210 1018/1018/601 1008/1008/594
f 994/994/585 993/993/584 1008/1008/594
f 1008/1008/594 1018/1018/601 994/994/585
f 1016/1016/586 1013/1013/598 1001/1001/591
f 1001/1001/591 1004/1004/592 1016/1016/586
f 994/994/585 1018/1018/601 1009/1009/595
f 1009/1009/595 998/998/589 994/994/585
f 1020/1020/602 1021/1021/603 1022/1022/604
f 1022/1022/604 1023/1023/605 1020/1020/602
f 1024/1024/605 1025/1025/606 1026/1026/607
f 1026/1026/607 1027/1027/608 1024/1024/605
f 1028/1028/609 1026/1026/607 1029/1029/610
f 1029/1029/610 1030/1030/611 1028/1028/609
f 1031/1031/612 1032/1032/610 1033/1033/613
f 1033/1033/613 1034/1034/614 1031/1031/612
f 1035/1035/615 1028/1028/609 1036/1036/616
f 1036/1036/616 1037/1037/617 1035/1035/615
f 1038/1038/618 1039/1039/619 1040/1040/620
f 1040/1040/620 1041/1041/621 1038/1038/618
f 1042/1042/622 1040/1040/620 1043/1043/623
f 1043/1043/623 1044/1044/624 1042/1042/622
f 1045/1045/624 1046/1046/623 1034/1034/614
f 1034/1034/614 1047/1047/625 1045/1045/624
f 1048/1048/626 1049/1049/627 1050/1050/628
f 1050/1050/628 1051/1051/629 1048/1048/626
f 1051/1051/629 1050/1050/628 1052/1052/630
f 1052/1052/630 1053/1053/631 1051/1051/629
f 1054/1054/632 1055/1055/633 1056/1056/634
f 1056/1056/634 1057/1057/635 1054/1054/632
f 1058/1058/635 1059/1059/636 1049/1049/627
f 1049/1049/627 1060/1060/637 1058/1058/635
f 1061/1061/638 1052/1052/630 1062/1062/639
f 1062/1062/639 1063/1063/640 1061/1061/638
f 1064/1064/641 1065/1065/642 1055/1055/633
f 1055/1055/633 1066/1066/643 1064/1064/641
f 1067/1067/644 1068/1068/645 1069/1069/646
f 1069/1069/646 1070/1070/647 1067/1067/644
f 1071/1071/647 1072/1072/646 1066/1066/643
f 1066/1066/643 1073/1073/648 1071/1071/647
f 1073/1073/648 1054/1054/632 1074/1074/649
f 1074/1074/649 1075/1075/650 1073/1073/648
f 1076/1076/651 1077/1077/649 1078/1078/652
f 1078/1078/652 1079/1079/653 1076/1076/651
f 1080/1080/654 1020/1020/602 1081/1081/655
f 1081/1081/655 1082/1082/656 1080/1080/654
f 1082/1082/656 1081/1081/655 1083/1083/657
f 1083/1083/657 1084/1084/658 1082/1082/656
f 1085/1085/659 1086/1086/657 1087/1087/660
f 1087/1087/660 1088/1088/661 1085/1085/659
f 1089/1089/662 1090/1090/660 1027/1027/608
f 1027/1027/608 1035/1035/615 1089/1089/662
f 1091/1091/663 1085/1085/659 1092/1092/664
f 1092/1092/664 1093/1093/665 1091/1091/663
f 1093/1093/665 1092/1092/664 1041/1041/621
f 1041/1041/621 1094/1094/666 1093/1093/665
f 1095/1095/615 1096/1096/609 1097/1097/667
f 1097/1097/667 1098/1098/617 1095/1095/615
f 1098/1098/617 1097/1097/667 1099/1099/620
f 1099/1099/620 1100/1100/621 1098/1098/617
f 1101/1101/613 1102/1102/614 1103/1103/612
f 1103/1103/612 1104/1104/610 1101/1101/613
f 1105/1105/668 1106/1106/612 1107/1107/609
f 1107/1107/609 1108/1108/669 1105/1105/668
f 1109/1109/602 1110/1110/670 1111/1111/671
f 1111/1111/671 1112/1112/672 1109/1109/602
f 1112/1112/672 1111/1111/671 1108/1108/669
f 1108/1108/669 1113/1113/673 1112/1112/672
f 1114/1114/631 1101/1101/613 1115/1115/674
f 1115/1115/674 1116/1116/67 1114/1114/631
f 1117/1117/67 1118/1118/674 1110/1110/670
f 1110/1110/670 1119/1119/626 1117/1117/67
f 1120/1120/625 1121/1121/638 1122/1122/675
f 1122/1122/675 1123/1123/624 1120/1120/625
f 1124/1124/624 1125/1125/675 1126/1126/645
f 1126/1126/645 1127/1127/622 1124/1124/624
f 1128/1128/676 1129/1129/643 1130/1130/640
f 1130/1130/640 1131/1131/677 1128/1128/676
f 1132/1132/639 1133/1133/640 1121/1121/638
f 1121/1121/638 1134/1134/678 1132/1132/639
f 1135/1135/644 1126/1126/645 1136/1136/679
f 1136/1136/679 1137/1137/680 1135/1135/644
f 1137/1137/680 1136/1136/679 1129/1129/643
f 1129/1129/643 1138/1138/648 1137/1137/680
f 1139/1139/632 1128/1128/676 1140/1140/636
f 1140/1140/636 1141/1141/681 1139/1139/632
f 1142/1142/681 1143/1143/634 1144/1144/627
f 1144/1144/627 1145/1145/637 1142/1142/681
f 1146/1146/652 1147/1147/653 1148/1148/650
f 1148/1148/650 1149/1149/649 1146/1146/652
f 1150/1150/682 1151/1151/651 1138/1138/648
f 1138/1138/648 1139/1139/632 1150/1150/682
f 1152/1152/663 1153/1153/683 1154/1154/684
f 1154/1154/684 1155/1155/665 1152/1152/663
f 1156/1156/665 1157/1157/684 1100/1100/621
f 1100/1100/621 1158/1158/666 1156/1156/665
f 1113/1113/673 1159/1159/615 1160/1160/662
f 1160/1160/662 1161/1161/685 1113/1113/673
f 1162/1162/686 1163/1163/662 1153/1153/683
f 1153/1153/683 1164/1164/657 1162/1162/686
f 1165/1165/654 1109/1109/602 1166/1166/687
f 1166/1166/687 1167/1167/656 1165/1165/654
f 1168/1168/656 1169/1169/687 1164/1164/657
f 1164/1164/657 1170/1170/688 1168/1168/656
f 1061/1061/638 1171/1171/625 1053/1053/631
f 1053/1053/631 1052/1052/630 1061/1061/638
f 1066/1066/643 1055/1055/633 1054/1054/632
f 1054/1054/632 1073/1073/648 1066/1066/643
f 1079/1079/653 1078/1078/652 1172/1172/658
f 1172/1172/658 1173/1173/663 1079/1079/653
f 1035/1035/615 1027/1027/608 1026/1026/607
f 1026/1026/607 1028/1028/609 1035/1035/615
f 1067/1067/644 1174/1174/666 1175/1175/622
f 1175/1175/622 1068/1068/645 1067/1067/644
f 1049/1049/627 1048/1048/626 1176/1176/654
f 1176/1176/654 1060/1060/637 1049/1049/627
f 1121/1121/638 1120/1120/625 1177/1177/631
f 1177/1177/631 1134/1134/678 1121/1121/638
f 1138/1138/648 1129/1129/643 1128/1128/676
f 1128/1128/676 1139/1139/632 1138/1138/648
f 1178/1178/663 1147/1147/653 1146/1146/652
f 1146/1146/652 1179/1179/658 1178/1178/663
f 1107/1107/609 1159/1159/615 1113/1113/673
f 1113/1113/673 1108/1108/669 1107/1107/609
f 1144/1144/627 1180/1180/626 1181/1181/654
f 1181/1181/654 1145/1145/637 1144/1144/627
f 1135/1135/644 1182/1182/689 1127/1127/622
f 1127/1127/622 1126/1126/645 1135/1135/644
f 1021/1021/603 1020/1020/602 1080/1080/654
f 1080/1080/654 1183/1183/626 1021/1021/603
f 1085/1085/659 1091/1091/663 1184/1184/658
f 1184/1184/658 1086/1086/657 1085/1085/659
f 1041/1041/621 1040/1040/620 1042/1042/622
f 1042/1042/622 1094/1094/666 1041/1041/621
f 1034/1034/614 1033/1033/613 1185/1185/631
f 1185/1185/631 1047/1047/625 1034/1034/614
f 1186/1186/626 1183/1183/626 1080/1080/654
f 1080/1080/654 1187/1187/654 1186/1186/626
f 1091/1091/663 1188/1188/663 1189/1189/658
f 1189/1189/658 1184/1184/658 1091/1091/663
f 1190/1190/666 1094/1094/666 1042/1042/622
f 1042/1042/622 1191/1191/622 1190/1190/666
f 1192/1192/625 1047/1047/625 1185/1185/631
f 1185/1185/631 1193/1193/631 1192/1192/625
f 1048/1048/626 1186/1186/626 1187/1187/654
f 1187/1187/654 1176/1176/654 1048/1048/626
f 1188/1188/663 1173/1173/663 1172/1172/658
f 1172/1172/658 1189/1189/658 1188/1188/663
f 1174/1174/666 1190/1190/666 1191/1191/622
f 1191/1191/622 1175/1175/622 1174/1174/666
f 1171/1171/625 1192/1192/625 1193/1193/631
f 1193/1193/631 1053/1053/631 1171/1171/625
f 1194/1194/625 1102/1102/614 1101/1101/613
f 1101/1101/613 1114/1114/631 1194/1194/625
f 1119/1119/626 1110/1110/670 1109/1109/602
f 1109/1109/602 1165/1165/654 1119/1119/626
f 1153/1153/683 1152/1152/663 1170/1170/688
f 1170/1170/688 1164/1164/657 1153/1153/683
f 1158/1158/666 1100/1100/621 1099/1099/620
f 1099/1099/620 1195/1195/622 1158/1158/666
f 1196/1196/625 1194/1194/625 1114/1114/631
f 1114/1114/631 1197/1197/631 1196/1196/625
f 1198/1198/626 1119/1119/626 1165/1165/654
f 1165/1165/654 1199/1199/654 1198/1198/626
f 1152/1152/663 1200/1200/663 1201/1201/658
f 1201/1201/658 1170/1170/688 1152/1152/663
f 1202/1202/666 1158/1158/666 1195/1195/690
f 1195/1195/690 1203/1203/622 1202/1202/666
f 1120/1120/625 1196/1196/625 1197/1197/631
f 1197/1197/631 1177/1177/631 1120/1120/625
f 1180/1180/626 1198/1198/626 1199/1199/654
f 1199/1199/654 1181/1181/654 1180/1180/626
f 1200/1200/663 1178/1178/663 1179/1179/658
f 1179/1179/658 1201/1201/658 1200/1200/663
f 1182/1182/689 1202/1202/666 1203/1203/622
f 1203/1203/622 1127/1127/622 1182/1182/689
f 1185/1185/631 1033/1033/613 1204/1204/691
f 1204/1204/691 1205/1205/629 1185/1185/631
f 1205/1205/629 1204/1204/691 1021/1021/603
f 1021/1021/603 1183/1183/626 1205/1205/629
f 1191/1191/622 1042/1042/622 1044/1044/624
f 1044/1044/624 1206/1206/624 1191/1191/622
f 1207/1207/624 1045/1045/624 1047/1047/625
f 1047/1047/625 1192/1192/625 1207/1207/624
f 1208/1208/658 1209/1209/652 1210/1210/692
f 1210/1210/692 1211/1211/693 1208/1208/658
f 1211/1211/693 1210/1210/692 1060/1060/637
f 1060/1060/637 1176/1176/654 1211/1211/693
f 1174/1174/666 1067/1067/644 1212/1212/694
f 1212/1212/694 1213/1213/665 1174/1174/666
f 1213/1213/665 1212/1212/694 1079/1079/653
f 1079/1079/653 1173/1173/663 1213/1213/665
f 1195/1195/622 1099/1099/620 1214/1214/623
f 1214/1214/623 1215/1215/624 1195/1195/622
f 1216/1216/624 1217/1217/623 1102/1102/614
f 1102/1102/614 1194/1194/625 1216/1216/624
f 1197/1197/631 1114/1114/631 1116/1116/67
f 1116/1116/67 1218/1218/67 1197/1197/631
f 1219/1219/67 1117/1117/67 1119/1119/626
f 1119/1119/626 1198/1198/626 1219/1219/67
f 1182/1182/689 1135/1135/644 1220/1220/695
f 1220/1220/695 1221/1221/665 1182/1182/689
f 1222/1222/665 1223/1223/695 1147/1147/653
f 1147/1147/653 1178/1178/663 1222/1222/665
f 1179/1179/658 1146/1146/652 1224/1224/696
f 1224/1224/696 1225/1225/656 1179/1179/658
f 1226/1226/656 1227/1227/696 1145/1145/637
f 1145/1145/637 1181/1181/654 1226/1226/656
f 1193/1193/631 1185/1185/631 1205/1205/629
f 1205/1205/629 1228/1228/629 1193/1193/631
f 1228/1228/629 1205/1205/629 1183/1183/626
f 1183/1183/626 1186/1186/626 1228/1228/629
f 1187/1187/654 1080/1080/654 1082/1082/656
f 1082/1082/656 1229/1229/656 1187/1187/654
f 1229/1229/656 1082/1082/656 1084/1084/658
f 1084/1084/658 1230/1230/658 1229/1229/656
f 1188/1188/663 1091/1091/663 1093/1093/665
f 1093/1093/665 1231/1231/665 1188/1188/663
f 1231/1231/665 1093/1093/665 1094/1094/666
f 1094/1094/666 1190/1190/666 1231/1231/665
f 1175/1175/622 1191/1191/622 1206/1206/624
f 1206/1206/624 1232/1232/624 1175/1175/622
f 1233/1233/624 1207/1207/624 1192/1192/625
f 1192/1192/625 1171/1171/625 1233/1233/624
f 1053/1053/631 1193/1193/631 1228/1228/629
f 1228/1228/629 1051/1051/629 1053/1053/631
f 1051/1051/629 1228/1228/629 1186/1186/626
f 1186/1186/626 1048/1048/626 1051/1051/629
f 1230/1230/658 1208/1208/658 1211/1211/693
f 1211/1211/693 1229/1229/656 1230/1230/658
f 1229/1229/656 1211/1211/693 1176/1176/654
f 1176/1176/654 1187/1187/654 1229/1229/656
f 1190/1190/666 1174/1174/666 1213/1213/665
f 1213/1213/665 1231/1231/665 1190/1190/666
f 1231/1231/665 1213/1213/665 1173/1173/663
f 1173/1173/663 1188/1188/663 1231/1231/665
f 1171/1171/625 1061/1061/638 1234/1234/675
f 1234/1234/675 1233/1233/624 1171/1171/625
f 1232/1232/624 1235/1235/675 1068/1068/645
f 1068/1068/645 1175/1175/622 1232/1232/624
f 1203/1203/622 1195/1195/622 1215/1215/624
f 1215/1215/624 1236/1236/624 1203/1203/622
f 1237/1237/624 1216/1216/624 1194/1194/625
f 1194/1194/625 1196/1196/625 1237/1237/624
f 1177/1177/631 1197/1197/631 1218/1218/67
f 1218/1218/67 1238/1238/67 1177/1177/631
f 1239/1239/67 1219/1219/67 1198/1198/626
f 1198/1198/626 1180/1180/626 1239/1239/67
f 1199/1199/654 1165/1165/654 1167/1167/656
f 1167/1167/656 1240/1240/656 1199/1199/654
f 1241/1241/656 1168/1168/656 1170/1170/688
f 1170/1170/688 1201/1201/658 1241/1241/656
f 1200/1200/663 1152/1152/663 1155/1155/665
f 1155/1155/665 1242/1242/665 1200/1200/663
f 1243/1243/665 1156/1156/665 1158/1158/666
f 1158/1158/666 1202/1202/666 1243/1243/665
f 1127/1127/622 1203/1203/622 1236/1236/624
f 1236/1236/624 1124/1124/624 1127/1127/622
f 1123/1123/624 1237/1237/624 1196/1196/625
f 1196/1196/625 1120/1120/625 1123/1123/624
f 1180/1180/626 1144/1144/627 1244/1244/697
f 1244/1244/697 1239/1239/67 1180/1180/626
f 1238/1238/67 1245/1245/697 1134/1134/678
f 1134/1134/678 1177/1177/631 1238/1238/67
f 1201/1201/658 1179/1179/658 1225/1225/656
f 1225/1225/656 1241/1241/656 1201/1201/658
f 1240/1240/656 1226/1226/656 1181/1181/654
f 1181/1181/654 1199/1199/654 1240/1240/656
f 1202/1202/666 1182/1182/689 1221/1221/665
f 1221/1221/665 1243/1243/665 1202/1202/666
f 1242/1242/665 1222/1222/665 1178/1178/663
f 1178/1178/663 1200/1200/663 1242/1242/665
f 1246/1246/698 1029/1029/610 1026/1026/607
f 1026/1026/607 1025/1025/606 1246/1246/698
f 1247/1247/51 1022/1022/604 1021/1021/603
f 1021/1021/603 1204/1204/691 1247/1247/51
f 1247/1247/51 1204/1204/691 1033/1033/613
f 1033/1033/613 1032/1032/610 1247/1247/51
f 1248/1248/699 1043/1043/623 1040/1040/620
f 1040/1040/620 1039/1039/619 1248/1248/699
f 1249/1249/700 1036/1036/616 1028/1028/609
f 1028/1028/609 1030/1030/611 1249/1249/700
f 1248/1248/699 1250/1250/611 1251/1251/614
f 1251/1251/614 1043/1043/623 1248/1248/699
f 1252/1252/701 1062/1062/639 1052/1052/630
f 1052/1052/630 1050/1050/628 1252/1252/701
f 1252/1252/701 1050/1050/628 1049/1049/627
f 1049/1049/627 1059/1059/636 1252/1252/701
f 1253/1253/330 1056/1056/634 1055/1055/633
f 1055/1055/633 1065/1065/642 1253/1253/330
f 1254/1254/59 1069/1069/646 1068/1068/645
f 1068/1068/645 1235/1235/675 1254/1254/59
f 1255/1255/327 1234/1234/675 1061/1061/638
f 1061/1061/638 1063/1063/640 1255/1255/327
f 1256/1256/328 1064/1064/641 1066/1066/643
f 1066/1066/643 1072/1072/646 1256/1256/328
f 1257/1257/702 1058/1058/635 1060/1060/637
f 1060/1060/637 1210/1210/692 1257/1257/702
f 1257/1257/702 1210/1210/692 1209/1209/652
f 1209/1209/652 1258/1258/649 1257/1257/702
f 1259/1259/703 1074/1074/649 1054/1054/632
f 1054/1054/632 1057/1057/635 1259/1259/703
f 1260/1260/62 1076/1076/651 1079/1079/653
f 1079/1079/653 1212/1212/694 1260/1260/62
f 1260/1260/62 1212/1212/694 1067/1067/644
f 1067/1067/644 1070/1070/647 1260/1260/62
f 1261/1261/62 1071/1071/647 1073/1073/648
f 1073/1073/648 1075/1075/650 1261/1261/62
f 1262/1262/704 1263/1263/685 1083/1083/657
f 1083/1083/657 1081/1081/655 1262/1262/704
f 1262/1262/704 1081/1081/655 1020/1020/602
f 1020/1020/602 1023/1023/605 1262/1262/704
f 1264/1264/52 1024/1024/605 1027/1027/608
f 1027/1027/608 1090/1090/660 1264/1264/52
f 1265/1265/705 1038/1038/618 1041/1041/621
f 1041/1041/621 1092/1092/664 1265/1265/705
f 1265/1265/705 1092/1092/664 1085/1085/659
f 1085/1085/659 1088/1088/661 1265/1265/705
f 1266/1266/705 1089/1089/662 1035/1035/615
f 1035/1035/615 1037/1037/617 1266/1266/705
f 1267/1267/699 1214/1214/623 1099/1099/620
f 1099/1099/620 1097/1097/667 1267/1267/699
f 1267/1267/699 1097/1097/667 1096/1096/609
f 1096/1096/609 1268/1268/612 1267/1267/699
f 1269/1269/699 1103/1103/612 1102/1102/614
f 1102/1102/614 1217/1217/623 1269/1269/699
f 1270/1270/329 1105/1105/668 1108/1108/669
f 1108/1108/669 1111/1111/671 1270/1270/329
f 1270/1270/329 1111/1111/671 1110/1110/670
f 1110/1110/670 1118/1118/674 1270/1270/329
f 1271/1271/706 1115/1115/674 1101/1101/613
f 1101/1101/613 1104/1104/610 1271/1271/706
f 1272/1272/707 1136/1136/679 1126/1126/645
f 1126/1126/645 1125/1125/675 1272/1272/707
f 1273/1273/707 1122/1122/675 1121/1121/638
f 1121/1121/638 1133/1133/640 1273/1273/707
f 1272/1272/707 1130/1130/640 1129/1129/643
f 1129/1129/643 1136/1136/679 1272/1272/707
f 1274/1274/701 1132/1132/639 1134/1134/678
f 1134/1134/678 1245/1245/697 1274/1274/701
f 1275/1275/330 1244/1244/697 1144/1144/627
f 1144/1144/627 1143/1143/634 1275/1275/330
f 1276/1276/330 1140/1140/636 1128/1128/676
f 1128/1128/676 1131/1131/677 1276/1276/330
f 1277/1277/708 1148/1148/650 1147/1147/653
f 1147/1147/653 1223/1223/695 1277/1277/708
f 1278/1278/63 1220/1220/695 1135/1135/644
f 1135/1135/644 1137/1137/680 1278/1278/63
f 1278/1278/63 1137/1137/680 1138/1138/648
f 1138/1138/648 1151/1151/651 1278/1278/63
f 1279/1279/709 1142/1142/681 1145/1145/637
f 1145/1145/637 1227/1227/696 1279/1279/709
f 1280/1280/54 1224/1224/696 1146/1146/652
f 1146/1146/652 1149/1149/649 1280/1280/54
f 1281/1281/702 1150/1150/682 1139/1139/632
f 1139/1139/632 1141/1141/681 1281/1281/702
f 1282/1282/710 1098/1098/617 1100/1100/621
f 1100/1100/621 1157/1157/684 1282/1282/710
f 1283/1283/325 1154/1154/684 1153/1153/683
f 1153/1153/683 1163/1163/662 1283/1283/325
f 1282/1282/710 1284/1284/711 1095/1095/615
f 1095/1095/615 1098/1098/617 1282/1282/710
f 1285/1285/712 1162/1162/686 1164/1164/657
f 1164/1164/657 1169/1169/687 1285/1285/712
f 1286/1286/712 1166/1166/687 1109/1109/602
f 1109/1109/602 1112/1112/672 1286/1286/712
f 1286/1286/712 1112/1112/672 1113/1113/673
f 1113/1113/673 1161/1161/685 1286/1286/712
f 1287/1287/713 1288/1288/714 1289/1289/67
f 1289/1289/67 1290/1290/715 1287/1287/713
f 1290/1290/715 1289/1289/67 1291/1291/716
f 1291/1291/716 1292/1292/323 1290/1290/715
f 1293/1293/717 1287/1287/713 1294/1294/718
f 1294/1294/718 1295/1295/719 1293/1293/717
f 1296/1296/719 1297/1297/718 1298/1298/720
f 1298/1298/720 1299/1299/721 1296/1296/719
f 1300/1300/722 1298/1298/720 1301/1301/29
f 1301/1301/29 1302/1302/28 1300/1300/722
f 1303/1303/28 1304/1304/29 1292/1292/323
f 1292/1292/323 1305/1305/19 1303/1303/28
f 1306/1306/723 1300/1300/722 1307/1307/724
f 1307/1307/724 1308/1308/725 1306/1306/723
f 1309/1309/725 1310/1310/724 1311/1311/726
f 1311/1311/726 1312/1312/727 1309/1309/725
f 1313/1313/728 1311/1311/726 1314/1314/21
f 1314/1314/21 1315/1315/656 1313/1313/728
f 1316/1316/656 1317/1317/21 1305/1305/19
f 1305/1305/19 1318/1318/729 1316/1316/656
f 1319/1319/730 1320/1320/731 1321/1321/732
f 1321/1321/732 1322/1322/39 1319/1319/730
f 1322/1322/39 1321/1321/732 1323/1323/733
f 1323/1323/733 1293/1293/717 1322/1322/39
f 1324/1324/44 1325/1325/36 1326/1326/45
f 1326/1326/45 1327/1327/46 1324/1324/44
f 1328/1328/46 1329/1329/45 1299/1299/721
f 1299/1299/721 1306/1306/723 1328/1328/46
f 1330/1330/734 1331/1331/735 1332/1332/736
f 1332/1332/736 1333/1333/49 1330/1330/734
f 1333/1333/49 1332/1332/736 1334/1334/737
f 1334/1334/737 1324/1324/44 1333/1333/49
f 1335/1335/738 1336/1336/739 1337/1337/656
f 1337/1337/656 1338/1338/687 1335/1335/738
f 1339/1339/740 1340/1340/656 1341/1341/729
f 1341/1341/729 1342/1342/741 1339/1339/740
f 1343/1343/742 1344/1344/743 1345/1345/7
f 1345/1345/7 1346/1346/6 1343/1343/742
f 1347/1347/6 1348/1348/7 1342/1342/741
f 1342/1342/741 1349/1349/744 1347/1347/6
f 1350/1350/745 1335/1335/738 1351/1351/746
f 1351/1351/746 1352/1352/747 1350/1350/745
f 1353/1353/748 1354/1354/746 1344/1344/743
f 1344/1344/743 1355/1355/749 1353/1353/748
f 1356/1356/750 1357/1357/751 1358/1358/42
f 1358/1358/42 1359/1359/41 1356/1356/750
f 1360/1360/41 1361/1361/42 1355/1355/749
f 1355/1355/749 1362/1362/752 1360/1360/41
f 1363/1363/753 1364/1364/754 1365/1365/755
f 1365/1365/755 1366/1366/756 1363/1363/753
f 1367/1367/756 1368/1368/755 1362/1362/752
f 1362/1362/752 1343/1343/742 1367/1367/756
f 1291/1291/716 1318/1318/729 1305/1305/19
f 1305/1305/19 1292/1292/323 1291/1291/716
f 1355/1355/749 1344/1344/743 1343/1343/742
f 1343/1343/742 1362/1362/752 1355/1355/749
f 1312/1312/727 1311/1311/726 1313/1313/757
f 1313/1313/757 1369/1369/735 1312/1312/727
f 1299/1299/721 1298/1298/720 1300/1300/722
f 1300/1300/722 1306/1306/723 1299/1299/721
f 1323/1323/758 1288/1288/759 1287/1287/713
f 1287/1287/713 1293/1293/717 1323/1323/758
f 1350/1350/760 1370/1370/735 1336/1336/761
f 1336/1336/761 1335/1335/738 1350/1350/760
f 1356/1356/750 1371/1371/731 1372/1372/737
f 1372/1372/737 1357/1357/751 1356/1356/750
f 1363/1363/762 1373/1373/759 1374/1374/758
f 1374/1374/758 1364/1364/754 1363/1363/762
f 1342/1342/741 1341/1341/729 1375/1375/716
f 1375/1375/716 1349/1349/744 1342/1342/741
f 1334/1334/737 1376/1376/731 1325/1325/36
f 1325/1325/36 1324/1324/44 1334/1334/737
f 1318/1318/729 1291/1291/716 1375/1375/716
f 1375/1375/716 1341/1341/729 1318/1318/729
f 1288/1288/759 1323/1323/758 1374/1374/758
f 1374/1374/758 1373/1373/759 1288/1288/759
f 1376/1376/731 1334/1334/737 1372/1372/737
f 1372/1372/737 1371/1371/731 1376/1376/731
f 1369/1369/735 1313/1313/757 1336/1336/761
f 1336/1336/761 1370/1370/735 1369/1369/735
f 1375/1375/716 1291/1291/716 1289/1289/67
f 1289/1289/67 1377/1377/67 1375/1375/716
f 1377/1377/67 1289/1289/67 1288/1288/714
f 1288/1288/714 1373/1373/714 1377/1377/67
f 1374/1374/733 1323/1323/733 1321/1321/732
f 1321/1321/732 1378/1378/334 1374/1374/733
f 1378/1378/334 1321/1321/732 1320/1320/731
f 1320/1320/731 1379/1379/731 1378/1378/334
f 1372/1372/737 1334/1334/737 1332/1332/736
f 1332/1332/736 1380/1380/736 1372/1372/737
f 1380/1380/736 1332/1332/736 1331/1331/735
f 1331/1331/735 1381/1381/763 1380/1380/736
f 1336/1336/739 1313/1313/728 1315/1315/656
f 1315/1315/656 1337/1337/656 1336/1336/739
f 1340/1340/656 1316/1316/656 1318/1318/729
f 1318/1318/729 1341/1341/729 1340/1340/656
f 1357/1357/751 1372/1372/737 1380/1380/736
f 1380/1380/736 1382/1382/764 1357/1357/751
f 1382/1382/764 1380/1380/736 1381/1381/763
f 1381/1381/763 1383/1383/765 1382/1382/764
f 1364/1364/754 1374/1374/733 1378/1378/334
f 1378/1378/334 1384/1384/766 1364/1364/754
f 1384/1384/766 1378/1378/334 1379/1379/731
f 1379/1379/731 1385/1385/767 1384/1384/766
f 1349/1349/744 1375/1375/716 1377/1377/67
f 1377/1377/67 1386/1386/768 1349/1349/744
f 1386/1386/768 1377/1377/67 1373/1373/714
f 1373/1373/714 1363/1363/753 1386/1386/768
f 1387/1387/56 1301/1301/29 1298/1298/720
f 1298/1298/720 1297/1297/718 1387/1387/56
f 1388/1388/56 1294/1294/718 1287/1287/713
f 1287/1287/713 1290/1290/715 1388/1388/56
f 1388/1388/56 1290/1290/715 1292/1292/323
f 1292/1292/323 1304/1304/29 1388/1388/56
f 1389/1389/769 1314/1314/21 1311/1311/726
f 1311/1311/726 1310/1310/724 1389/1389/769
f 1390/1390/54 1307/1307/724 1300/1300/722
f 1300/1300/722 1302/1302/28 1390/1390/54
f 1391/1391/769 1303/1303/28 1305/1305/19
f 1305/1305/19 1317/1317/21 1391/1391/769
f 1392/1392/327 1322/1322/39 1293/1293/717
f 1293/1293/717 1295/1295/719 1392/1392/327
f 1393/1393/707 1296/1296/719 1299/1299/721
f 1299/1299/721 1329/1329/45 1393/1393/707
f 1392/1392/327 1394/1394/45 1319/1319/730
f 1319/1319/730 1322/1322/39 1392/1392/327
f 1395/1395/708 1328/1328/46 1306/1306/723
f 1306/1306/723 1308/1308/725 1395/1395/708
f 1396/1396/63 1397/1397/725 1330/1330/734
f 1330/1330/734 1333/1333/49 1396/1396/63
f 1396/1396/63 1333/1333/49 1324/1324/44
f 1324/1324/44 1327/1327/46 1396/1396/63
f 1398/1398/712 1351/1351/746 1335/1335/738
f 1335/1335/738 1338/1338/687 1398/1398/712
f 1399/1399/331 1339/1339/740 1342/1342/741
f 1342/1342/741 1348/1348/7 1399/1399/331
f 1400/1400/712 1345/1345/7 1344/1344/743
f 1344/1344/743 1354/1354/746 1400/1400/712
f 1401/1401/770 1358/1358/42 1357/1357/751
f 1357/1357/751 1382/1382/764 1401/1401/770
f 1401/1401/770 1382/1382/764 1383/1383/765
f 1383/1383/765 1402/1402/748 1401/1401/770
f 1403/1403/770 1353/1353/748 1355/1355/749
f 1355/1355/749 1361/1361/42 1403/1403/770
f 1404/1404/58 1365/1365/755 1364/1364/754
f 1364/1364/754 1384/1384/766 1404/1404/58
f 1404/1404/58 1384/1384/766 1385/1385/767
f 1385/1385/767 1405/1405/41 1404/1404/58
f 1406/1406/58 1360/1360/41 1362/1362/752
f 1362/1362/752 1368/1368/755 1406/1406/58
f 1407/1407/706 1347/1347/6 1349/1349/744
f 1349/1349/744 1386/1386/768 1407/1407/706
f 1407/1407/706 1386/1386/768 1363/1363/753
f 1363/1363/753 1366/1366/756 1407/1407/706
f 1408/1408/329 1367/1367/756 1343/1343/742
f 1343/1343/742 1346/1346/6 1408/1408/329
f 1409/1409/771 1410/1410/542 1411/1411/145
f 1411/1411/145 1412/1412/772 1409/1409/771
f 1413/1413/773 1414/1414/771 1415/1415/772
f 1415/1415/772 1416/1416/774 1413/1413/773
f 1417/1417/775 1418/1418/776 1419/1419/777
f 1419/1419/777 1420/1420/178 1417/1417/775
f 1410/1410/542 1417/1417/775 1420/1420/178
f 1420/1420/178 1421/1421/89 1410/1410/542
f 1422/1422/778 1413/1413/773 1423/1423/779
f 1423/1423/779 1424/1424/780 1422/1422/778
f 1418/1418/776 1425/1425/778 1426/1426/780
f 1426/1426/780 1427/1427/781 1418/1418/776
f 1428/1428/170 1423/1423/779 1429/1429/782
f 1429/1429/782 1430/1430/783 1428/1428/170
f 1431/1431/111 1432/1432/170 1433/1433/170
f 1433/1433/170 1434/1434/135 1431/1431/111
f 1435/1435/784 1431/1431/111 1436/1436/785
f 1436/1436/785 1437/1437/786 1435/1435/784
f 1438/1438/787 1435/1435/784 1437/1437/786
f 1437/1437/786 1439/1439/788 1438/1438/787
f 1440/1440/150 1441/1441/789 1442/1442/790
f 1442/1442/790 1443/1443/148 1440/1440/150
f 1444/1444/791 1440/1440/150 1443/1443/148
f 1443/1443/148 1445/1445/792 1444/1444/791
f 1446/1446/793 1447/1447/794 1448/1448/795
f 1448/1448/795 1449/1449/796 1446/1446/793
f 1441/1441/789 1450/1450/797 1451/1451/796
f 1451/1451/796 1452/1452/798 1441/1441/789
f 1453/1453/76 1444/1444/791 1454/1454/799
f 1454/1454/799 1455/1455/800 1453/1453/76
f 1447/1447/794 1456/1456/76 1457/1457/800
f 1457/1457/800 1458/1458/801 1447/1447/794
f 1459/1459/802 1460/1460/803 1461/1461/804
f 1461/1461/804 1462/1462/805 1459/1459/802
f 1452/1452/798 1463/1463/802 1464/1464/806
f 1464/1464/806 1465/1465/807 1452/1452/798
f 1466/1466/84 1448/1448/795 1467/1467/808
f 1467/1467/808 1468/1468/809 1466/1466/84
f 1460/1460/803 1469/1469/810 1470/1470/811
f 1470/1470/811 1471/1471/812 1460/1460/803
f 1472/1472/569 1473/1473/813 1474/1474/814
f 1474/1474/814 1475/1475/571 1472/1472/569
f 1476/1476/815 1472/1472/569 1475/1475/571
f 1475/1475/571 1477/1477/816 1476/1476/815
f 1478/1478/817 1476/1476/815 1479/1479/818
f 1479/1479/818 1480/1480/819 1478/1478/817
f 1458/1458/801 1481/1481/817 1482/1482/820
f 1482/1482/820 1467/1467/808 1458/1458/801
f 1483/1483/131 1484/1484/818 1485/1485/821
f 1485/1485/821 1486/1486/131 1483/1483/131
f 1471/1471/812 1483/1483/131 1486/1486/131
f 1486/1486/131 1487/1487/822 1471/1471/812
f 1488/1488/94 1489/1489/823 1490/1490/565
f 1490/1490/565 1491/1491/94 1488/1488/94
f 1421/1421/89 1492/1492/98 1493/1493/94
f 1493/1493/94 1494/1494/100 1421/1421/89
f 1495/1495/824 1419/1419/777 1496/1496/788
f 1496/1496/788 1497/1497/825 1495/1495/824
f 1489/1489/823 1498/1498/826 1499/1499/825
f 1499/1499/825 1500/1500/827 1489/1489/823
f 1501/1501/112 1436/1436/785 1502/1502/828
f 1502/1502/828 1503/1503/829 1501/1501/112
f 1500/1500/827 1504/1504/830 1505/1505/831
f 1505/1505/831 1506/1506/832 1500/1500/827
f 1507/1507/833 1508/1508/834 1509/1509/835
f 1509/1509/835 1510/1510/833 1507/1507/833
f 1445/1445/792 1511/1511/833 1512/1512/178
f 1512/1512/178 1513/1513/836 1445/1445/792
f 1514/1514/837 1442/1442/790 1465/1465/807
f 1465/1465/807 1515/1515/838 1514/1514/837
f 1508/1508/834 1516/1516/778 1517/1517/838
f 1517/1517/838 1518/1518/839 1508/1508/834
f 1519/1519/824 1509/1509/835 1520/1520/840
f 1520/1520/840 1521/1521/825 1519/1519/824
f 1477/1477/816 1522/1522/826 1523/1523/841
f 1523/1523/841 1524/1524/842 1477/1477/816
f 1525/1525/793 1526/1526/843 1527/1527/844
f 1527/1527/844 1528/1528/845 1525/1525/793
f 1416/1416/774 1529/1529/793 1530/1530/845
f 1530/1530/845 1429/1429/782 1416/1416/774
f 1531/1531/846 1411/1411/145 1494/1494/100
f 1494/1494/100 1532/1532/847 1531/1531/846
f 1533/1533/843 1531/1531/846 1532/1532/847
f 1532/1532/847 1534/1534/848 1533/1533/843
f 1535/1535/817 1490/1490/565 1506/1506/832
f 1506/1506/832 1536/1536/849 1535/1535/817
f 1537/1537/850 1538/1538/817 1539/1539/849
f 1539/1539/849 1540/1540/851 1537/1537/850
f 1541/1541/809 1527/1527/844 1540/1540/851
f 1540/1540/851 1542/1542/84 1541/1541/809
f 1434/1434/135 1541/1541/809 1542/1542/84
f 1542/1542/84 1502/1502/828 1434/1434/135
f 1543/1543/852 1461/1461/804 1487/1487/822
f 1487/1487/822 1544/1544/853 1543/1543/852
f 1518/1518/839 1545/1545/852 1546/1546/854
f 1546/1546/854 1520/1520/840 1518/1518/839
f 1467/1467/808 1448/1448/795 1447/1447/794
f 1447/1447/794 1458/1458/801 1467/1467/808
f 1496/1496/788 1419/1419/777 1418/1418/776
f 1418/1418/776 1427/1427/781 1496/1496/788
f 1465/1465/807 1442/1442/790 1441/1441/789
f 1441/1441/789 1452/1452/798 1465/1465/807
f 1524/1524/842 1479/1479/818 1476/1476/815
f 1476/1476/815 1477/1477/816 1524/1524/842
f 1487/1487/822 1461/1461/804 1460/1460/803
f 1460/1460/803 1471/1471/812 1487/1487/822
f 1445/1445/792 1513/1513/836 1454/1454/799
f 1454/1454/799 1444/1444/791 1445/1445/792
f 1423/1423/779 1413/1413/773 1416/1416/774
f 1416/1416/774 1429/1429/782 1423/1423/779
f 1436/1436/785 1431/1431/111 1434/1434/135
f 1434/1434/135 1502/1502/828 1436/1436/785
f 1506/1506/832 1490/1490/565 1489/1489/823
f 1489/1489/823 1500/1500/827 1506/1506/832
f 1410/1410/542 1421/1421/89 1494/1494/100
f 1494/1494/100 1411/1411/145 1410/1410/542
f 1537/1537/850 1540/1540/851 1527/1527/844
f 1527/1527/844 1526/1526/843 1537/1537/850
f 1509/1509/835 1508/1508/834 1518/1518/839
f 1518/1518/839 1520/1520/840 1509/1509/835
f 1413/1413/773 1422/1422/778 1547/1547/855
f 1547/1547/855 1414/1414/771 1413/1413/773
f 1410/1410/542 1409/1409/771 1548/1548/856
f 1548/1548/856 1417/1417/775 1410/1410/542
f 1418/1418/776 1417/1417/775 1548/1548/856
f 1548/1548/856 1425/1425/778 1418/1418/776
f 1431/1431/111 1435/1435/784 1549/1549/211
f 1549/1549/211 1432/1432/170 1431/1431/111
f 1423/1423/779 1428/1428/170 1550/1550/530
f 1550/1550/530 1424/1424/780 1423/1423/779
f 1438/1438/787 1551/1551/857 1549/1549/211
f 1549/1549/211 1435/1435/784 1438/1438/787
f 1444/1444/791 1453/1453/76 1552/1552/858
f 1552/1552/858 1440/1440/150 1444/1444/791
f 1441/1441/789 1440/1440/150 1552/1552/858
f 1552/1552/858 1450/1450/797 1441/1441/789
f 1447/1447/794 1446/1446/793 1553/1553/859
f 1553/1553/859 1456/1456/76 1447/1447/794
f 1452/1452/798 1451/1451/796 1554/1554/860
f 1554/1554/860 1463/1463/802 1452/1452/798
f 1460/1460/803 1459/1459/802 1555/1555/206
f 1555/1555/206 1469/1469/810 1460/1460/803
f 1448/1448/795 1466/1466/84 1556/1556/861
f 1556/1556/861 1449/1449/796 1448/1448/795
f 1476/1476/815 1478/1478/817 1557/1557/862
f 1557/1557/862 1472/1472/569 1476/1476/815
f 1473/1473/813 1472/1472/569 1557/1557/862
f 1557/1557/862 1558/1558/800 1473/1473/813
f 1458/1458/801 1457/1457/800 1559/1559/862
f 1559/1559/862 1481/1481/817 1458/1458/801
f 1471/1471/812 1470/1470/811 1560/1560/863
f 1560/1560/863 1483/1483/131 1471/1471/812
f 1484/1484/818 1483/1483/131 1560/1560/863
f 1560/1560/863 1561/1561/849 1484/1484/818
f 1467/1467/808 1482/1482/820 1562/1562/864
f 1562/1562/864 1468/1468/809 1467/1467/808
f 1421/1421/89 1420/1420/178 1563/1563/216
f 1563/1563/216 1492/1492/98 1421/1421/89
f 1489/1489/823 1488/1488/94 1564/1564/214
f 1564/1564/214 1498/1498/826 1489/1489/823
f 1419/1419/777 1495/1495/824 1563/1563/216
f 1563/1563/216 1420/1420/178 1419/1419/777
f 1500/1500/827 1499/1499/825 1565/1565/210
f 1565/1565/210 1504/1504/830 1500/1500/827
f 1436/1436/785 1501/1501/112 1566/1566/210
f 1566/1566/210 1437/1437/786 1436/1436/785
f 1439/1439/788 1437/1437/786 1566/1566/210
f 1566/1566/210 1567/1567/825 1439/1439/788
f 1442/1442/790 1514/1514/837 1568/1568/212
f 1568/1568/212 1443/1443/148 1442/1442/790
f 1445/1445/792 1443/1443/148 1568/1568/212
f 1568/1568/212 1511/1511/833 1445/1445/792
f 1508/1508/834 1507/1507/833 1569/1569/212
f 1569/1569/212 1516/1516/778 1508/1508/834
f 1474/1474/814 1570/1570/178 1571/1571/214
f 1571/1571/214 1475/1475/571 1474/1474/814
f 1477/1477/816 1475/1475/571 1571/1571/214
f 1571/1571/214 1522/1522/826 1477/1477/816
f 1509/1509/835 1519/1519/824 1572/1572/214
f 1572/1572/214 1510/1510/833 1509/1509/835
f 1411/1411/145 1531/1531/846 1573/1573/858
f 1573/1573/858 1412/1412/772 1411/1411/145
f 1416/1416/774 1415/1415/772 1574/1574/858
f 1574/1574/858 1529/1529/793 1416/1416/774
f 1533/1533/843 1575/1575/865 1573/1573/858
f 1573/1573/858 1531/1531/846 1533/1533/843
f 1490/1490/565 1535/1535/817 1576/1576/866
f 1576/1576/866 1491/1491/94 1490/1490/565
f 1494/1494/100 1493/1493/94 1577/1577/197
f 1577/1577/197 1532/1532/847 1494/1494/100
f 1534/1534/848 1532/1532/847 1577/1577/197
f 1577/1577/197 1578/1578/867 1534/1534/848
f 1429/1429/782 1530/1530/845 1579/1579/868
f 1579/1579/868 1430/1430/783 1429/1429/782
f 1434/1434/135 1433/1433/170 1580/1580/206
f 1580/1580/206 1541/1541/809 1434/1434/135
f 1527/1527/844 1541/1541/809 1580/1580/206
f 1580/1580/206 1528/1528/845 1527/1527/844
f 1461/1461/804 1543/1543/852 1581/1581/211
f 1581/1581/211 1462/1462/805 1461/1461/804
f 1465/1465/807 1464/1464/806 1582/1582/530
f 1582/1582/530 1515/1515/838 1465/1465/807
f 1518/1518/839 1517/1517/838 1583/1583/211
f 1583/1583/211 1545/1545/852 1518/1518/839
f 1502/1502/828 1542/1542/84 1584/1584/863
f 1584/1584/863 1503/1503/829 1502/1502/828
f 1506/1506/832 1505/1505/831 1585/1585/863
f 1585/1585/863 1536/1536/849 1506/1506/832
f 1540/1540/851 1539/1539/849 1584/1584/863
f 1584/1584/863 1542/1542/84 1540/1540/851
f 1485/1485/821 1586/1586/841 1587/1587/210
f 1587/1587/210 1486/1486/131 1485/1485/821
f 1487/1487/822 1486/1486/131 1587/1587/210
f 1587/1587/210 1544/1544/853 1487/1487/822
f 1520/1520/840 1546/1546/854 1588/1588/210
f 1588/1588/210 1521/1521/825 1520/1520/840
f 1589/1589/458 1590/1590/869 1591/1591/460
f 1591/1591/460 1592/1592/461 1589/1589/458
f 1593/1593/870 1594/1594/871 1595/1595/872
f 1595/1595/872 1596/1596/873 1593/1593/870
f 1597/1597/466 1595/1595/872 1598/1598/874
f 1598/1598/874 1599/1599/468 1597/1597/466
f 1600/1600/469 1601/1601/875 1602/1602/471
f 1602/1602/471 1603/1603/472 1600/1600/469
f 1604/1604/473 1605/1605/474 1606/1606/475
f 1606/1606/475 1607/1607/476 1604/1604/473
f 1607/1607/476 1606/1606/475 1608/1608/477
f 1608/1608/477 1609/1609/478 1607/1607/476
f 1610/1610/479 1597/1597/466 1611/1611/482
f 1611/1611/482 1612/1612/481 1610/1610/479
f 1613/1613/481 1614/1614/482 1615/1615/483
f 1615/1615/483 1616/1616/484 1613/1613/481
f 1617/1617/280 1615/1615/483 1618/1618/486
f 1618/1618/486 1619/1619/487 1617/1617/280
f 1619/1619/487 1618/1618/486 1603/1603/472
f 1603/1603/472 1620/1620/876 1619/1619/487
f 1596/1596/873 1610/1610/479 1621/1621/489
f 1621/1621/489 1622/1622/490 1596/1596/873
f 1623/1623/877 1624/1624/489 1625/1625/492
f 1625/1625/492 1626/1626/493 1623/1623/877
f 1627/1627/878 1625/1625/492 1628/1628/879
f 1628/1628/879 1629/1629/880 1627/1627/878
f 1630/1630/496 1631/1631/879 1616/1616/484
f 1616/1616/484 1632/1632/881 1630/1630/496
f 1633/1633/524 1634/1634/882 1635/1635/883
f 1635/1635/883 1636/1636/500 1633/1633/524
f 1636/1636/500 1635/1635/883 1626/1626/493
f 1626/1626/493 1637/1637/884 1636/1636/500
f 1638/1638/502 1639/1639/885 1640/1640/506
f 1640/1640/506 1641/1641/505 1638/1638/502
f 1641/1641/505 1640/1640/506 1642/1642/478
f 1642/1642/478 1643/1643/507 1641/1641/505
f 1644/1644/508 1645/1645/473 1646/1646/511
f 1646/1646/511 1647/1647/886 1644/1644/508
f 1648/1648/510 1649/1649/509 1639/1639/885
f 1639/1639/885 1650/1650/512 1648/1648/510
f 1651/1651/488 1644/1644/508 1652/1652/887
f 1652/1652/887 1653/1653/888 1651/1651/488
f 1654/1654/889 1655/1655/890 1656/1656/523
f 1656/1656/523 1657/1657/891 1654/1654/889
f 1658/1658/522 1656/1656/523 1659/1659/892
f 1659/1659/892 1660/1660/893 1658/1658/522
f 1661/1661/894 1662/1662/895 1650/1650/512
f 1650/1650/512 1663/1663/896 1661/1661/894
f 1664/1664/516 1665/1665/517 1666/1666/897
f 1666/1666/897 1667/1667/898 1664/1664/516
f 1668/1668/899 1669/1669/897 1663/1663/896
f 1663/1663/896 1638/1638/502 1668/1668/899
f 1670/1670/459 1671/1671/477 1672/1672/900
f 1672/1672/900 1673/1673/901 1670/1670/459
f 1674/1674/902 1675/1675/1 1676/1676/474
f 1676/1676/474 1677/1677/471 1674/1674/902
f 1678/1678/466 1679/1679/903 1680/1680/467
f 1680/1680/467 1681/1681/469 1678/1678/466
f 1682/1682/469 1683/1683/467 1677/1677/471
f 1677/1677/471 1684/1684/472 1682/1682/469
f 1685/1685/882 1670/1670/459 1686/1686/904
f 1686/1686/904 1687/1687/905 1685/1685/882
f 1687/1687/905 1686/1686/904 1679/1679/903
f 1679/1679/903 1688/1688/873 1687/1687/905
f 1689/1689/493 1690/1690/906 1691/1691/907
f 1691/1691/907 1692/1692/908 1689/1689/493
f 1693/1693/908 1694/1694/909 1695/1695/524
f 1695/1695/524 1685/1685/882 1693/1693/908
f 1696/1696/492 1689/1689/493 1697/1697/910
f 1697/1697/910 1698/1698/911 1696/1696/492
f 1699/1699/911 1700/1700/910 1688/1688/873
f 1688/1688/873 1701/1701/479 1699/1699/911
f 1702/1702/484 1703/1703/912 1704/1704/913
f 1704/1704/913 1705/1705/914 1702/1702/484
f 1706/1706/914 1707/1707/915 1708/1708/878
f 1708/1708/878 1696/1696/492 1706/1706/914
f 1709/1709/916 1702/1702/484 1710/1710/917
f 1710/1710/917 1711/1711/918 1709/1709/916
f 1711/1711/918 1710/1710/917 1712/1712/479
f 1712/1712/479 1713/1713/919 1711/1711/918
f 1684/1684/472 1714/1714/488 1715/1715/920
f 1715/1715/920 1716/1716/921 1684/1684/472
f 1717/1717/922 1718/1718/889 1719/1719/485
f 1719/1719/485 1709/1709/916 1717/1717/922
f 1720/1720/923 1721/1721/503 1722/1722/504
f 1722/1722/504 1723/1723/505 1720/1720/923
f 1724/1724/505 1725/1725/506 1609/1609/478
f 1609/1609/478 1726/1726/507 1724/1724/505
f 1727/1727/508 1604/1604/473 1728/1728/509
f 1728/1728/509 1729/1729/510 1727/1727/508
f 1730/1730/510 1731/1731/511 1721/1721/503
f 1721/1721/503 1732/1732/512 1730/1730/510
f 1733/1733/924 1720/1720/923 1734/1734/514
f 1734/1734/514 1735/1735/515 1733/1733/924
f 1736/1736/515 1737/1737/514 1738/1738/516
f 1738/1738/516 1739/1739/517 1736/1736/515
f 1732/1732/512 1733/1733/924 1740/1740/925
f 1740/1740/925 1741/1741/519 1732/1732/512
f 1742/1742/519 1743/1743/521 1744/1744/522
f 1744/1744/522 1745/1745/523 1742/1742/519
f 1650/1650/512 1639/1639/885 1638/1638/502
f 1638/1638/502 1663/1663/896 1650/1650/512
f 1610/1610/479 1596/1596/873 1595/1595/872
f 1595/1595/872 1597/1597/466 1610/1610/479
f 1671/1671/477 1670/1670/459 1685/1685/882
f 1685/1685/882 1695/1695/524 1671/1671/477
f 1690/1690/906 1689/1689/493 1696/1696/492
f 1696/1696/492 1708/1708/878 1690/1690/906
f 1703/1703/912 1702/1702/484 1709/1709/916
f 1709/1709/916 1719/1719/485 1703/1703/912
f 1714/1714/488 1684/1684/472 1677/1677/471
f 1677/1677/471 1676/1676/474 1714/1714/488
f 1609/1609/478 1608/1608/477 1746/1746/524
f 1746/1746/524 1726/1726/507 1609/1609/478
f 1738/1738/516 1637/1637/884 1627/1627/878
f 1627/1627/878 1739/1739/517 1738/1738/516
f 1744/1744/522 1632/1632/881 1617/1617/280
f 1617/1617/280 1745/1745/523 1744/1744/522
f 1727/1727/508 1620/1620/876 1605/1605/474
f 1605/1605/474 1604/1604/473 1727/1727/508
f 1679/1679/903 1678/1678/466 1701/1701/479
f 1701/1701/479 1688/1688/873 1679/1679/903
f 1733/1733/924 1732/1732/512 1721/1721/503
f 1721/1721/503 1720/1720/923 1733/1733/924
f 1658/1658/522 1747/1747/926 1657/1657/891
f 1657/1657/891 1656/1656/523 1658/1658/522
f 1664/1664/516 1748/1748/906 1749/1749/878
f 1749/1749/878 1665/1665/517 1664/1664/516
f 1750/1750/478 1751/1751/250 1752/1752/524
f 1752/1752/524 1753/1753/524 1750/1750/478
f 1644/1644/508 1651/1651/488 1754/1754/474
f 1754/1754/474 1645/1645/473 1644/1644/508
f 1590/1590/869 1589/1589/458 1746/1746/524
f 1746/1746/524 1608/1608/477 1590/1590/869
f 1626/1626/493 1625/1625/492 1627/1627/878
f 1627/1627/878 1637/1637/884 1626/1626/493
f 1616/1616/484 1615/1615/483 1617/1617/280
f 1617/1617/280 1632/1632/881 1616/1616/484
f 1603/1603/472 1602/1602/471 1605/1605/474
f 1605/1605/474 1620/1620/876 1603/1603/472
f 1651/1651/488 1755/1755/876 1756/1756/474
f 1756/1756/474 1754/1754/474 1651/1651/488
f 1751/1751/250 1757/1757/477 1758/1758/243
f 1758/1758/243 1752/1752/524 1751/1751/250
f 1748/1748/906 1759/1759/906 1760/1760/878
f 1760/1760/878 1749/1749/878 1748/1748/906
f 1747/1747/926 1761/1761/926 1762/1762/280
f 1762/1762/280 1657/1657/891 1747/1747/926
f 1714/1714/488 1676/1676/474 1756/1756/474
f 1756/1756/474 1755/1755/876 1714/1714/488
f 1671/1671/477 1695/1695/524 1758/1758/243
f 1758/1758/243 1757/1757/477 1671/1671/477
f 1690/1690/906 1708/1708/878 1760/1760/878
f 1760/1760/878 1759/1759/906 1690/1690/906
f 1703/1703/912 1719/1719/485 1762/1762/280
f 1762/1762/280 1761/1761/926 1703/1703/912
f 1605/1605/474 1602/1602/471 1763/1763/525
f 1763/1763/525 1606/1606/475 1605/1605/474
f 1606/1606/475 1763/1763/525 1590/1590/869
f 1590/1590/869 1608/1608/477 1606/1606/475
f 1745/1745/523 1617/1617/280 1619/1619/487
f 1619/1619/487 1764/1764/927 1745/1745/523
f 1764/1764/927 1619/1619/487 1620/1620/876
f 1620/1620/876 1727/1727/508 1764/1764/927
f 1739/1739/517 1627/1627/878 1629/1629/880
f 1629/1629/880 1765/1765/928 1739/1739/517
f 1766/1766/527 1630/1630/496 1632/1632/881
f 1632/1632/881 1744/1744/522 1766/1766/527
f 1767/1767/507 1633/1633/524 1636/1636/500
f 1636/1636/500 1768/1768/929 1767/1767/507
f 1768/1768/929 1636/1636/500 1637/1637/884
f 1637/1637/884 1738/1738/516 1768/1768/929
f 1756/1756/474 1676/1676/474 1675/1675/1
f 1675/1675/1 1769/1769/475 1756/1756/474
f 1770/1770/475 1672/1672/900 1671/1671/477
f 1671/1671/477 1757/1757/477 1770/1770/475
f 1758/1758/243 1695/1695/524 1694/1694/909
f 1694/1694/909 1771/1771/930 1758/1758/243
f 1772/1772/500 1691/1691/907 1690/1690/906
f 1690/1690/906 1759/1759/906 1772/1772/500
f 1760/1760/878 1708/1708/878 1707/1707/915
f 1707/1707/915 1773/1773/880 1760/1760/878
f 1774/1774/496 1704/1704/913 1703/1703/912
f 1703/1703/912 1761/1761/926 1774/1774/496
f 1755/1755/876 1651/1651/488 1653/1653/888
f 1653/1653/888 1775/1775/920 1755/1755/876
f 1776/1776/889 1654/1654/889 1657/1657/891
f 1657/1657/891 1762/1762/280 1776/1776/889
f 1747/1747/926 1658/1658/522 1777/1777/931
f 1777/1777/931 1778/1778/913 1747/1747/926
f 1779/1779/915 1780/1780/932 1665/1665/517
f 1665/1665/517 1749/1749/878 1779/1779/915
f 1748/1748/906 1664/1664/516 1781/1781/933
f 1781/1781/933 1782/1782/907 1748/1748/906
f 1783/1783/909 1784/1784/934 1753/1753/524
f 1753/1753/524 1752/1752/524 1783/1783/909
f 1751/1751/250 1750/1750/478 1785/1785/935
f 1785/1785/935 1786/1786/936 1751/1751/250
f 1787/1787/1 1788/1788/937 1645/1645/473
f 1645/1645/473 1754/1754/474 1787/1787/1
f 1762/1762/280 1719/1719/485 1718/1718/889
f 1718/1718/889 1776/1776/889 1762/1762/280
f 1775/1775/920 1715/1715/920 1714/1714/488
f 1714/1714/488 1755/1755/876 1775/1775/920
f 1757/1757/477 1751/1751/250 1786/1786/936
f 1786/1786/936 1770/1770/475 1757/1757/477
f 1769/1769/475 1787/1787/1 1754/1754/474
f 1754/1754/474 1756/1756/474 1769/1769/475
f 1759/1759/906 1748/1748/906 1782/1782/907
f 1782/1782/907 1772/1772/500 1759/1759/906
f 1771/1771/930 1783/1783/909 1752/1752/524
f 1752/1752/524 1758/1758/243 1771/1771/930
f 1761/1761/926 1747/1747/926 1778/1778/913
f 1778/1778/913 1774/1774/496 1761/1761/926
f 1773/1773/880 1779/1779/915 1749/1749/878
f 1749/1749/878 1760/1760/878 1773/1773/880
f 1789/1789/529 1598/1598/874 1595/1595/872
f 1595/1595/872 1594/1594/871 1789/1789/529
f 1790/1790/211 1591/1591/460 1590/1590/869
f 1590/1590/869 1763/1763/525 1790/1790/211
f 1790/1790/211 1763/1763/525 1602/1602/471
f 1602/1602/471 1601/1601/875 1790/1790/211
f 1791/1791/532 1618/1618/486 1615/1615/483
f 1615/1615/483 1614/1614/482 1791/1791/532
f 1792/1792/600 1611/1611/482 1597/1597/466
f 1597/1597/466 1599/1599/468 1792/1792/600
f 1791/1791/532 1600/1600/469 1603/1603/472
f 1603/1603/472 1618/1618/486 1791/1791/532
f 1793/1793/439 1628/1628/879 1625/1625/492
f 1625/1625/492 1624/1624/489 1793/1793/439
f 1794/1794/439 1621/1621/489 1610/1610/479
f 1610/1610/479 1612/1612/481 1794/1794/439
f 1795/1795/533 1613/1613/481 1616/1616/484
f 1616/1616/484 1631/1631/879 1795/1795/533
f 1796/1796/534 1635/1635/883 1634/1634/882
f 1634/1634/882 1797/1797/938 1796/1796/534
f 1798/1798/535 1593/1593/870 1596/1596/873
f 1596/1596/873 1622/1622/490 1798/1798/535
f 1796/1796/534 1623/1623/877 1626/1626/493
f 1626/1626/493 1635/1635/883 1796/1796/534
f 1799/1799/448 1646/1646/511 1645/1645/473
f 1645/1645/473 1788/1788/937 1799/1799/448
f 1800/1800/212 1801/1801/935 1642/1642/478
f 1642/1642/478 1640/1640/506 1800/1800/212
f 1800/1800/212 1640/1640/506 1639/1639/885
f 1639/1639/885 1649/1649/509 1800/1800/212
f 1802/1802/939 1659/1659/892 1656/1656/523
f 1656/1656/523 1655/1655/890 1802/1802/939
f 1803/1803/537 1652/1652/887 1644/1644/508
f 1644/1644/508 1647/1647/886 1803/1803/537
f 1804/1804/940 1648/1648/510 1650/1650/512
f 1650/1650/512 1662/1662/895 1804/1804/940
f 1805/1805/862 1666/1666/897 1665/1665/517
f 1665/1665/517 1780/1780/932 1805/1805/862
f 1806/1806/862 1777/1777/931 1658/1658/522
f 1658/1658/522 1660/1660/893 1806/1806/862
f 1807/1807/197 1661/1661/894 1663/1663/896
f 1663/1663/896 1669/1669/897 1807/1807/197
f 1808/1808/193 1641/1641/505 1643/1643/507
f 1643/1643/507 1809/1809/934 1808/1808/193
f 1810/1810/193 1781/1781/933 1664/1664/516
f 1664/1664/516 1667/1667/898 1810/1810/193
f 1808/1808/193 1668/1668/899 1638/1638/502
f 1638/1638/502 1641/1641/505 1808/1808/193
f 1811/1811/941 1674/1674/902 1677/1677/471
f 1677/1677/471 1683/1683/467 1811/1811/941
f 1812/1812/942 1680/1680/467 1679/1679/903
f 1679/1679/903 1686/1686/904 1812/1812/942
f 1812/1812/942 1686/1686/904 1670/1670/459
f 1670/1670/459 1673/1673/901 1812/1812/942
f 1813/1813/195 1687/1687/905 1688/1688/873
f 1688/1688/873 1700/1700/910 1813/1813/195
f 1814/1814/195 1697/1697/910 1689/1689/493
f 1689/1689/493 1692/1692/908 1814/1814/195
f 1813/1813/195 1693/1693/908 1685/1685/882
f 1685/1685/882 1687/1687/905 1813/1813/195
f 1815/1815/863 1816/1816/943 1712/1712/479
f 1712/1712/479 1710/1710/917 1815/1815/863
f 1815/1815/863 1710/1710/917 1702/1702/484
f 1702/1702/484 1705/1705/914 1815/1815/863
f 1817/1817/198 1706/1706/914 1696/1696/492
f 1696/1696/492 1698/1698/911 1817/1817/198
f 1818/1818/455 1711/1711/918 1713/1713/919
f 1713/1713/919 1819/1819/469 1818/1818/455
f 1820/1820/437 1682/1682/469 1684/1684/472
f 1684/1684/472 1716/1716/921 1820/1820/437
f 1818/1818/455 1717/1717/922 1709/1709/916
f 1709/1709/916 1711/1711/918 1818/1818/455
f 1821/1821/212 1728/1728/509 1604/1604/473
f 1604/1604/473 1607/1607/476 1821/1821/212
f 1821/1821/212 1607/1607/476 1609/1609/478
f 1609/1609/478 1725/1725/506 1821/1821/212
f 1822/1822/213 1722/1722/504 1721/1721/503
f 1721/1721/503 1731/1731/511 1822/1822/213
f 1823/1823/193 1824/1824/505 1767/1767/507
f 1767/1767/507 1768/1768/929 1823/1823/193
f 1823/1823/193 1768/1768/929 1738/1738/516
f 1738/1738/516 1737/1737/514 1823/1823/193
f 1825/1825/193 1734/1734/514 1720/1720/923
f 1720/1720/923 1723/1723/505 1825/1825/193
f 1826/1826/862 1736/1736/515 1739/1739/517
f 1739/1739/517 1765/1765/928 1826/1826/862
f 1826/1826/862 1765/1765/928 1827/1827/522
f 1827/1827/522 1828/1828/521 1826/1826/862
f 1829/1829/862 1740/1740/925 1733/1733/924
f 1733/1733/924 1735/1735/515 1829/1829/862
f 1830/1830/940 1742/1742/519 1745/1745/523
f 1745/1745/523 1764/1764/927 1830/1830/940
f 1830/1830/940 1764/1764/927 1727/1727/508
f 1727/1727/508 1729/1729/510 1830/1830/940
f 1831/1831/944 1730/1730/510 1732/1732/512
f 1732/1732/512 1741/1741/519 1831/1831/944
f 1832/1832/945 1833/1833/946 1834/1834/947
f 1834/1834/947 1835/1835/948 1832/1832/945
f 1835/1835/948 1834/1834/947 1836/1836/949
f 1836/1836/949 1837/1837/950 1835/1835/948
f 1838/1838/951 1839/1839/952 1840/1840/953
f 1840/1840/953 1841/1841/954 1838/1838/951
f 1842/1842/954 1843/1843/953 1833/1833/946
f 1833/1833/946 1844/1844/955 1842/1842/954
f 1845/1845/956 1846/1846/957 1847/1847/958
f 1847/1847/958 1848/1848/959 1845/1845/956
f 1849/1849/914 1850/1850/932 1839/1839/952
f 1839/1839/952 1851/1851/960 1849/1849/914
f 1852/1852/961 1838/1838/951 1853/1853/934
f 1853/1853/934 1854/1854/908 1852/1852/961
f 1855/1855/962 1856/1856/963 1857/1857/964
f 1857/1857/964 1858/1858/965 1855/1855/962
f 1859/1859/966 1860/1860/967 1861/1861/968
f 1861/1861/968 1862/1862/969 1859/1859/966
f 1862/1862/969 1861/1861/968 1844/1844/955
f 1844/1844/955 1863/1863/970 1862/1862/969
f 1864/1864/971 1865/1865/966 1866/1866/972
f 1866/1866/972 1867/1867/902 1864/1864/971
f 1868/1868/901 1869/1869/973 1870/1870/974
f 1870/1870/974 1871/1871/975 1868/1868/901
f 1872/1872/976 1870/1870/974 1873/1873/977
f 1873/1873/977 1874/1874/978 1872/1872/976
f 1875/1875/978 1876/1876/977 1863/1863/970
f 1863/1863/970 1832/1832/945 1875/1875/978
f 1877/1877/979 1878/1878/980 1879/1879/981
f 1879/1879/981 1880/1880/982 1877/1877/979
f 1881/1881/983 1882/1882/981 1851/1851/960
f 1851/1851/960 1852/1852/961 1881/1881/983
f 1883/1883/984 1845/1845/956 1884/1884/985
f 1884/1884/985 1885/1885/986 1883/1883/984
f 1885/1885/986 1884/1884/985 1878/1878/980
f 1878/1878/980 1886/1886/987 1885/1885/986
f 1887/1887/988 1877/1877/979 1888/1888/989
f 1888/1888/989 1889/1889/990 1887/1887/988
f 1889/1889/990 1888/1888/989 1858/1858/965
f 1858/1858/965 1864/1864/971 1889/1889/990
f 1890/1890/991 1872/1872/976 1891/1891/890
f 1891/1891/890 1892/1892/921 1890/1890/991
f 1893/1893/921 1894/1894/890 1895/1895/992
f 1895/1895/992 1883/1883/984 1893/1893/921
f 1871/1871/975 1890/1890/991 1896/1896/993
f 1896/1896/993 1897/1897/994 1871/1871/975
f 1898/1898/995 1899/1899/993 1886/1886/987
f 1886/1886/987 1887/1887/988 1898/1898/995
f 1833/1833/946 1832/1832/945 1863/1863/970
f 1863/1863/970 1844/1844/955 1833/1833/946
f 1846/1846/957 1845/1845/956 1883/1883/984
f 1883/1883/984 1895/1895/992 1846/1846/957
f 1838/1838/951 1852/1852/961 1851/1851/960
f 1851/1851/960 1839/1839/952 1838/1838/951
f 1857/1857/964 1865/1865/966 1864/1864/971
f 1864/1864/971 1858/1858/965 1857/1857/964
f 1870/1870/974 1872/1872/976 1890/1890/991
f 1890/1890/991 1871/1871/975 1870/1870/974
f 1886/1886/987 1878/1878/980 1877/1877/979
f 1877/1877/979 1887/1887/988 1886/1886/987
f 1900/1900/579 1901/1901/996 1836/1836/949
f 1836/1836/949 1834/1834/947 1900/1900/579
f 1900/1900/579 1834/1834/947 1833/1833/946
f 1833/1833/946 1843/1843/953 1900/1900/579
f 1902/1902/578 1840/1840/953 1839/1839/952
f 1839/1839/952 1850/1850/932 1902/1902/578
f 1903/1903/193 1861/1861/968 1860/1860/967
f 1860/1860/967 1904/1904/934 1903/1903/193
f 1905/1905/193 1853/1853/934 1838/1838/951
f 1838/1838/951 1841/1841/954 1905/1905/193
f 1903/1903/193 1842/1842/954 1844/1844/955
f 1844/1844/955 1861/1861/968 1903/1903/193
f 1906/1906/997 1873/1873/977 1870/1870/974
f 1870/1870/974 1869/1869/973 1906/1906/997
f 1907/1907/212 1908/1908/973 1859/1859/966
f 1859/1859/966 1862/1862/969 1907/1907/212
f 1907/1907/212 1862/1862/969 1863/1863/970
f 1863/1863/970 1876/1876/977 1907/1907/212
f 1909/1909/998 1849/1849/914 1851/1851/960
f 1851/1851/960 1882/1882/981 1909/1909/998
f 1910/1910/999 1879/1879/981 1878/1878/980
f 1878/1878/980 1884/1884/985 1910/1910/999
f 1910/1910/999 1884/1884/985 1845/1845/956
f 1845/1845/956 1848/1848/959 1910/1910/999
f 1911/1911/1000 1855/1855/962 1858/1858/965
f 1858/1858/965 1888/1888/989 1911/1911/1000
f 1911/1911/1000 1888/1888/989 1877/1877/979
f 1877/1877/979 1880/1880/982 1911/1911/1000
f 1912/1912/1001 1881/1881/983 1852/1852/961
f 1852/1852/961 1854/1854/908 1912/1912/1001
f 1913/1913/1002 1891/1891/890 1872/1872/976
f 1872/1872/976 1874/1874/978 1913/1913/1002
f 1914/1914/204 1875/1875/978 1832/1832/945
f 1832/1832/945 1835/1835/948 1914/1914/204
f 1914/1914/204 1835/1835/948 1837/1837/950
f 1837/1837/950 1915/1915/890 1914/1914/204
f 1916/1916/437 1885/1885/986 1886/1886/987
f 1886/1886/987 1899/1899/993 1916/1916/437
f 1917/1917/437 1896/1896/993 1890/1890/991
f 1890/1890/991 1892/1892/921 1917/1917/437
f 1916/1916/437 1893/1893/921 1883/1883/984
f 1883/1883/984 1885/1885/986 1916/1916/437
f 1918/1918/1003 1868/1868/901 1871/1871/975
f 1871/1871/975 1897/1897/994 1918/1918/1003
f 1919/1919/942 1898/1898/995 1887/1887/988
f 1887/1887/988 1889/1889/990 1919/1919/942
f 1919/1919/942 1889/1889/990 1864/1864/971
f 1864/1864/971 1867/1867/902 1919/1919/942
f 1920/1920/1004 1921/1921/1005 1922/1922/1006
f 1922/1922/1006 1923/1923/1007 1920/1920/1004
f 1924/1924/1007 1925/1925/1006 1926/1926/1008
f 1926/1926/1008 1927/1927/1009 1924/1924/1007
f 1928/1928/1010 1929/1929/1011 1930/1930/1012
f 1930/1930/1012 1931/1931/1013 1928/1928/1010
f 1931/1931/1013 1930/1930/1012 1932/1932/1014
f 1932/1932/1014 1933/1933/1015 1931/1931/1013
f 1934/1934/1016 1926/1926/1008 1935/1935/1017
f 1935/1935/1017 1936/1936/1018 1934/1934/1016
f 1937/1937/1018 1938/1938/1017 1929/1929/1011
f 1929/1929/1011 1939/1939/1019 1937/1937/1018
f 1940/1940/1020 1941/1941/1021 1942/1942/1022
f 1942/1942/1022 1943/1943/1023 1940/1940/1020
f 1944/1944/1024 1945/1945/1025 1946/1946/1026
f 1946/1946/1026 1947/1947/1027 1944/1944/1024
f 1927/1927/1009 1948/1948/1028 1949/1949/1029
f 1949/1949/1029 1950/1950/1030 1927/1927/1009
f 1951/1951/1030 1952/1952/1031 1953/1953/1032
f 1953/1953/1032 1954/1954/1033 1951/1951/1030
f 1955/1955/1034 1956/1956/1034 1957/1957/909
f 1957/1957/909 1958/1958/909 1955/1955/1034
f 1958/1958/909 1957/1957/909 1959/1959/1035
f 1959/1959/1035 1960/1960/1035 1958/1958/909
f 1961/1961/1036 1962/1962/1037 1963/1963/913
f 1963/1963/913 1964/1964/915 1961/1961/1036
f 1964/1964/915 1963/1963/913 1965/1965/1038
f 1965/1965/1038 1966/1966/1038 1964/1964/915
f 1967/1967/1039 1968/1968/1039 1969/1969/1040
f 1969/1969/1040 1970/1970/1040 1967/1967/1039
f 1970/1970/1040 1969/1969/1040 1971/1971/1041
f 1971/1971/1041 1972/1972/1041 1970/1970/1040
f 1973/1973/1042 1974/1974/1043 1975/1975/1044
f 1975/1975/1044 1976/1976/1045 1973/1973/1042
f 1977/1977/1045 1978/1978/1046 1979/1979/1047
f 1979/1979/1047 1980/1980/1048 1977/1977/1045
f 1981/1981/1049 1982/1982/1050 1983/1983/1051
f 1983/1983/1051 1984/1984/1052 1981/1981/1049
f 1985/1985/1053 1986/1986/1054 1987/1987/1055
f 1987/1987/1055 1988/1988/1056 1985/1985/1053
f 1989/1989/1038 1990/1990/1057 1991/1991/1058
f 1991/1991/1058 1992/1992/496 1989/1989/1038
f 1992/1992/496 1991/1991/1058 1982/1982/1050
f 1982/1982/1050 1993/1993/1036 1992/1992/496
f 1994/1994/1059 1987/1987/1055 1995/1995/1060
f 1995/1995/1060 1996/1996/1061 1994/1994/1059
f 1997/1997/1061 1998/1998/1060 1999/1999/1057
f 1999/1999/1057 2000/2000/1062 1997/1997/1061
f 2001/2001/1063 2002/2002/1064 2003/2003/1065
f 2003/2003/1065 2004/2004/1066 2001/2001/1063
f 2005/2005/1067 2006/2006/1068 2007/2007/1069
f 2007/2007/1069 1994/1994/1059 2005/2005/1067
f 2008/2008/1035 2001/2001/1063 2009/2009/1070
f 2009/2009/1070 2010/2010/500 2008/2008/1035
f 2010/2010/500 2009/2009/1070 2000/2000/1062
f 2000/2000/1062 2011/2011/1034 2010/2010/500
f 2012/2012/1041 2013/2013/1071 2014/2014/1072
f 2014/2014/1072 2015/2015/1073 2012/2012/1041
f 2015/2015/1073 2014/2014/1072 2016/2016/1074
f 2016/2016/1074 2017/2017/1075 2015/2015/1073
f 1926/1926/1008 1934/1934/1016 1948/1948/1028
f 1948/1948/1028 1927/1927/1009 1926/1926/1008
f 2018/2018/1076 2019/2019/1077 2020/2020/1077
f 2020/2020/1077 2021/2021/1076 2018/2018/1076
f 2022/2022/1077 1960/1960/1035 1959/1959/1035
f 1959/1959/1035 2023/2023/1077 2022/2022/1077
f 2024/2024/1034 1966/1966/1038 1965/1965/1038
f 1965/1965/1038 2025/2025/1034 2024/2024/1034
f 1961/1961/1036 2026/2026/1078 2027/2027/1078
f 2027/2027/1078 1962/1962/1037 1961/1961/1036
f 1971/1971/1041 2027/2027/1078 2026/2026/1078
f 2026/2026/1078 1972/1972/1079 1971/1971/1041
f 2028/2028/1039 2029/2029/1080 2030/2030/1080
f 2030/2030/1080 2031/2031/1039 2028/2028/1039
f 1946/1946/1026 1948/1948/1028 1934/1934/1016
f 1934/1934/1016 1947/1947/1027 1946/1946/1026
f 1928/1928/1010 2032/2032/1077 1939/1939/1019
f 1939/1939/1019 1929/1929/1011 1928/1928/1010
f 2033/2033/1077 2034/2034/1035 2035/2035/1081
f 2035/2035/1081 2036/2036/1082 2033/2033/1077
f 2037/2037/1034 2038/2038/1038 1941/1941/1021
f 1941/1941/1021 1940/1940/1020 2037/2037/1034
f 2039/2039/1036 2040/2040/1078 1953/1953/1032
f 1953/1953/1032 2041/2041/1083 2039/2039/1036
f 2042/2042/1041 1954/1954/1084 1953/1953/1032
f 1953/1953/1032 2040/2040/1078 2042/2042/1041
f 2043/2043/1075 1933/1933/1015 1932/1932/1014
f 1932/1932/1014 2044/2044/1085 2043/2043/1075
f 2021/2021/1076 2020/2020/1077 2032/2032/1077
f 2032/2032/1077 1928/1928/1010 2021/2021/1076
f 2023/2023/1077 1959/1959/1035 2034/2034/1035
f 2034/2034/1035 2033/2033/1077 2023/2023/1077
f 2025/2025/1034 1965/1965/1038 2038/2038/1038
f 2038/2038/1038 2037/2037/1034 2025/2025/1034
f 1962/1962/1037 2027/2027/1078 2040/2040/1078
f 2040/2040/1078 2039/2039/1036 1962/1962/1037
f 2042/2042/1041 2040/2040/1078 2027/2027/1078
f 2027/2027/1078 1971/1971/1041 2042/2042/1041
f 2031/2031/1039 2030/2030/1080 1933/1933/1015
f 1933/1933/1015 2043/2043/1075 2031/2031/1039
f 1988/1988/1056 2007/2007/1069 1974/1974/1043
f 1974/1974/1043 1973/1973/1042 1988/1988/1056
f 2045/2045/1077 2019/2019/1077 2018/2018/1076
f 2018/2018/1076 2046/2046/1076 2045/2045/1077
f 2047/2047/1035 1960/1960/1035 2022/2022/1077
f 2022/2022/1077 2048/2048/1077 2047/2047/1035
f 2049/2049/1038 1966/1966/1038 2024/2024/1034
f 2024/2024/1034 2050/2050/1034 2049/2049/1038
f 2051/2051/1078 2026/2026/1078 1961/1961/1036
f 1961/1961/1036 2052/2052/1036 2051/2051/1078
f 2026/2026/1078 2051/2051/1078 2053/2053/1079
f 2053/2053/1079 1972/1972/1079 2026/2026/1078
f 2054/2054/1086 2029/2029/1080 2028/2028/1039
f 2028/2028/1039 2055/2055/1075 2054/2054/1086
f 2007/2007/1069 1988/1988/1056 1987/1987/1055
f 1987/1987/1055 1994/1994/1059 2007/2007/1069
f 2056/2056/1087 2057/2057/1077 2058/2058/1010
f 2058/2058/1010 2059/2059/1088 2056/2056/1087
f 2001/2001/1063 2008/2008/1035 2060/2060/1077
f 2060/2060/1077 2002/2002/1089 2001/2001/1063
f 1990/1990/1057 1989/1989/1038 2061/2061/1034
f 2061/2061/1034 2062/2062/1062 1990/1990/1057
f 1981/1981/1049 2063/2063/1078 1993/1993/1036
f 1993/1993/1036 1982/1982/1050 1981/1981/1049
f 1981/1981/1049 2013/2013/1071 2012/2012/1041
f 2012/2012/1041 2063/2063/1078 1981/1981/1049
f 1979/1979/1047 2064/2064/1086 2065/2065/1075
f 2065/2065/1075 1980/1980/1048 1979/1979/1047
f 2057/2057/1077 2045/2045/1077 2046/2046/1076
f 2046/2046/1076 2058/2058/1010 2057/2057/1077
f 2008/2008/1035 2047/2047/1035 2048/2048/1077
f 2048/2048/1077 2060/2060/1077 2008/2008/1035
f 1989/1989/1038 2049/2049/1038 2050/2050/1034
f 2050/2050/1034 2061/2061/1034 1989/1989/1038
f 2063/2063/1078 2051/2051/1078 2052/2052/1036
f 2052/2052/1036 1993/1993/1036 2063/2063/1078
f 2051/2051/1078 2063/2063/1078 2012/2012/1041
f 2012/2012/1041 2053/2053/1079 2051/2051/1078
f 2064/2064/1086 2054/2054/1086 2055/2055/1075
f 2055/2055/1075 2065/2065/1075 2064/2064/1086
f 2021/2021/1076 1928/1928/1010 1931/1931/1013
f 1931/1931/1013 2066/2066/1090 2021/2021/1076
f 2066/2066/1090 1931/1931/1013 1933/1933/1015
f 1933/1933/1015 2030/2030/1080 2066/2066/1090
f 2039/2039/1036 2041/2041/1083 2067/2067/1091
f 2067/2067/1091 2068/2068/913 2039/2039/1036
f 2068/2068/913 2067/2067/1091 1941/1941/1021
f 1941/1941/1021 2038/2038/1038 2068/2068/913
f 1947/1947/1027 1934/1934/1016 1936/1936/1018
f 1936/1936/1018 2069/2069/1092 1947/1947/1027
f 2070/2070/1092 2071/2071/1018 2036/2036/1082
f 2036/2036/1082 2035/2035/1081 2070/2070/1092
f 1948/1948/1028 1946/1946/1026 2072/2072/1093
f 2072/2072/1093 1949/1949/1029 1948/1948/1028
f 1952/1952/1031 2073/2073/1094 2041/2041/1083
f 2041/2041/1083 1953/1953/1032 1952/1952/1031
f 2074/2074/1034 2075/2075/1095 2076/2076/1096
f 2076/2076/1096 2077/2077/909 2074/2074/1034
f 2077/2077/909 2076/2076/1096 2035/2035/1081
f 2035/2035/1081 2034/2034/1035 2077/2077/909
f 2078/2078/1075 1920/1920/1004 2079/2079/1097
f 2079/2079/1097 2080/2080/1040 2078/2078/1075
f 2080/2080/1040 2079/2079/1097 1954/1954/1033
f 1954/1954/1033 2042/2042/1041 2080/2080/1040
f 2018/2018/1076 2021/2021/1076 2066/2066/1090
f 2066/2066/1090 2081/2081/1090 2018/2018/1076
f 2081/2081/1090 2066/2066/1090 2030/2030/1080
f 2030/2030/1080 2029/2029/1080 2081/2081/1090
f 1956/1956/1034 2074/2074/1034 2077/2077/909
f 2077/2077/909 1957/1957/909 1956/1956/1034
f 1957/1957/909 2077/2077/909 2034/2034/1035
f 2034/2034/1035 1959/1959/1035 1957/1957/909
f 1962/1962/1037 2039/2039/1036 2068/2068/913
f 2068/2068/913 1963/1963/913 1962/1962/1037
f 1963/1963/913 2068/2068/913 2038/2038/1038
f 2038/2038/1038 1965/1965/1038 1963/1963/913
f 1968/1968/1039 2078/2078/1075 2080/2080/1040
f 2080/2080/1040 1969/1969/1040 1968/1968/1039
f 1969/1969/1040 2080/2080/1040 2042/2042/1041
f 2042/2042/1041 1971/1971/1041 1969/1969/1040
f 2046/2046/1076 2018/2018/1076 2081/2081/1090
f 2081/2081/1090 2082/2082/1090 2046/2046/1076
f 2082/2082/1090 2081/2081/1090 2029/2029/1080
f 2029/2029/1080 2054/2054/1086 2082/2082/1090
f 2064/2064/1086 1979/1979/1047 2083/2083/1098
f 2083/2083/1098 2084/2084/1099 2064/2064/1086
f 2084/2084/1099 2083/2083/1098 2059/2059/1088
f 2059/2059/1088 2058/2058/1010 2084/2084/1099
f 2049/2049/1038 1989/1989/1038 1992/1992/496
f 1992/1992/496 2085/2085/496 2049/2049/1038
f 2085/2085/496 1992/1992/496 1993/1993/1036
f 1993/1993/1036 2052/2052/1036 2085/2085/496
f 2056/2056/1087 2059/2059/1088 2086/2086/1100
f 2086/2086/1100 2087/2087/1068 2056/2056/1087
f 2006/2006/1068 2088/2088/1100 1974/1974/1043
f 1974/1974/1043 2007/2007/1069 2006/2006/1068
f 2013/2013/1071 1981/1981/1049 1984/1984/1052
f 1984/1984/1052 2089/2089/1101 2013/2013/1071
f 2090/2090/1102 1985/1985/1053 1988/1988/1056
f 1988/1988/1056 1973/1973/1042 2090/2090/1102
f 2047/2047/1035 2008/2008/1035 2010/2010/500
f 2010/2010/500 2091/2091/500 2047/2047/1035
f 2091/2091/500 2010/2010/500 2011/2011/1034
f 2011/2011/1034 2092/2092/1034 2091/2091/500
f 2053/2053/1041 2012/2012/1041 2015/2015/1073
f 2015/2015/1073 2093/2093/1073 2053/2053/1041
f 2093/2093/1073 2015/2015/1073 2017/2017/1075
f 2017/2017/1075 2094/2094/1039 2093/2093/1073
f 2054/2054/1086 2064/2064/1086 2084/2084/1099
f 2084/2084/1099 2082/2082/1090 2054/2054/1086
f 2082/2082/1090 2084/2084/1099 2058/2058/1010
f 2058/2058/1010 2046/2046/1076 2082/2082/1090
f 2092/2092/1034 1955/1955/1034 1958/1958/909
f 1958/1958/909 2091/2091/500 2092/2092/1034
f 2091/2091/500 1958/1958/909 1960/1960/1035
f 1960/1960/1035 2047/2047/1035 2091/2091/500
f 2052/2052/1036 1961/1961/1036 1964/1964/915
f 1964/1964/915 2085/2085/496 2052/2052/1036
f 2085/2085/496 1964/1964/915 1966/1966/1038
f 1966/1966/1038 2049/2049/1038 2085/2085/496
f 2094/2094/1039 1967/1967/1039 1970/1970/1040
f 1970/1970/1040 2093/2093/1073 2094/2094/1039
f 2093/2093/1073 1970/1970/1040 1972/1972/1041
f 1972/1972/1041 2053/2053/1041 2093/2093/1073
f 2095/2095/1103 1935/1935/1017 1926/1926/1008
f 1926/1926/1008 1925/1925/1006 2095/2095/1103
f 2096/2096/1104 2097/2097/1105 1932/1932/1014
f 1932/1932/1014 1930/1930/1012 2096/2096/1104
f 2096/2096/1104 1930/1930/1012 1929/1929/1011
f 1929/1929/1011 1938/1938/1017 2096/2096/1104
f 2098/2098/578 2067/2067/1091 2041/2041/1083
f 2041/2041/1083 2073/2073/1094 2098/2098/578
f 2099/2099/578 2072/2072/1093 1946/1946/1026
f 1946/1946/1026 1945/1945/1025 2099/2099/578
f 2098/2098/578 1942/1942/1022 1941/1941/1021
f 1941/1941/1021 2067/2067/1091 2098/2098/578
f 2100/2100/193 2070/2070/1092 2035/2035/1081
f 2035/2035/1081 2076/2076/1096 2100/2100/193
f 2100/2100/193 2076/2076/1096 2075/2075/1095
f 2075/2075/1095 2101/2101/1024 2100/2100/193
f 2102/2102/193 1944/1944/1024 1947/1947/1027
f 1947/1947/1027 2069/2069/1092 2102/2102/193
f 2103/2103/1106 1951/1951/1030 1954/1954/1033
f 1954/1954/1033 2079/2079/1097 2103/2103/1106
f 2103/2103/1106 2079/2079/1097 1920/1920/1004
f 1920/1920/1004 1923/1923/1007 2103/2103/1106
f 2104/2104/1107 1924/1924/1007 1927/1927/1009
f 1927/1927/1009 1950/1950/1030 2104/2104/1107
f 2105/2105/1108 2083/2083/1098 1979/1979/1047
f 1979/1979/1047 1978/1978/1046 2105/2105/1108
f 2106/2106/1109 1975/1975/1044 1974/1974/1043
f 1974/1974/1043 2088/2088/1100 2106/2106/1109
f 2105/2105/1108 2086/2086/1100 2059/2059/1088
f 2059/2059/1088 2083/2083/1098 2105/2105/1108
f 2107/2107/863 1995/1995/1060 1987/1987/1055
f 1987/1987/1055 1986/1986/1054 2107/2107/863
f 2108/2108/863 1983/1983/1051 1982/1982/1050
f 1982/1982/1050 1991/1991/1058 2108/2108/863
f 2108/2108/863 1991/1991/1058 1990/1990/1057
f 1990/1990/1057 2109/2109/1060 2108/2108/863
f 2110/2110/210 1997/1997/1061 2000/2000/1062
f 2000/2000/1062 2009/2009/1070 2110/2110/210
f 2110/2110/210 2009/2009/1070 2001/2001/1063
f 2001/2001/1063 2004/2004/1066 2110/2110/210
f 2111/2111/209 2005/2005/1067 1994/1994/1059
f 1994/1994/1059 1996/1996/1061 2111/2111/209
f 2112/2112/1110 2113/2113/1045 2016/2016/1074
f 2016/2016/1074 2014/2014/1072 2112/2112/1110
f 2112/2112/1110 2014/2014/1072 2013/2013/1071
f 2013/2013/1071 2089/2089/1101 2112/2112/1110
f 2114/2114/1111 2090/2090/1102 1973/1973/1042
f 1973/1973/1042 1976/1976/1045 2114/2114/1111
f 2115/2115/1064 2116/2116/1112 2117/2117/460
f 2117/2117/460 2118/2118/461 2115/2115/1064
f 2119/2119/461 2120/2120/460 2121/2121/872
f 2121/2121/872 2122/2122/1113 2119/2119/461
f 2123/2123/1114 2124/2124/1115 2125/2125/525
f 2125/2125/525 2126/2126/476 2123/2123/1114
f 2126/2126/476 2125/2125/525 2116/2116/1112
f 2116/2116/1112 2127/2127/1116 2126/2126/476
f 2128/2128/1117 2121/2121/872 2129/2129/874
f 2129/2129/874 2130/2130/468 2128/2128/1117
f 2131/2131/1118 2132/2132/875 2124/2124/1115
f 2124/2124/1115 2133/2133/1119 2131/2131/1118
f 2134/2134/1120 2123/2123/1114 2135/2135/509
f 2135/2135/509 2136/2136/510 2134/2134/1120
f 2137/2137/510 2138/2138/1121 2139/2139/885
f 2139/2139/885 2140/2140/512 2137/2137/510
f 2141/2141/502 2139/2139/885 2142/2142/504
f 2142/2142/504 2143/2143/505 2141/2141/502
f 2144/2144/505 2145/2145/506 2127/2127/1116
f 2127/2127/1116 2146/2146/1122 2144/2144/505
f 2147/2147/479 2128/2128/1117 2148/2148/480
f 2148/2148/480 2149/2149/481 2147/2147/479
f 2150/2150/481 2151/2151/482 2152/2152/1049
f 2152/2152/1049 2153/2153/1123 2150/2150/481
f 2154/2154/1124 2155/2155/1125 2156/2156/1126
f 2156/2156/1126 2157/2157/1127 2154/2154/1124
f 2157/2157/1127 2156/2156/1126 2133/2133/1119
f 2133/2133/1119 2134/2134/1120 2157/2157/1127
f 2158/2158/1128 2159/2159/1124 2160/2160/1129
f 2160/2160/1129 2161/2161/893 2158/2158/1128
f 2162/2162/893 2163/2163/1130 2140/2140/512
f 2140/2140/512 2164/2164/896 2162/2162/893
f 2122/2122/1113 2147/2147/479 2165/2165/489
f 2165/2165/489 2166/2166/490 2122/2122/1113
f 2167/2167/491 2168/2168/1131 2169/2169/1132
f 2169/2169/1132 2170/2170/1133 2167/2167/491
f 2171/2171/1134 2169/2169/1132 2172/2172/495
f 2172/2172/495 2173/2173/527 2171/2171/1134
f 2173/2173/527 2172/2172/495 2153/2153/1123
f 2153/2153/1123 2158/2158/1128 2173/2173/527
f 2174/2174/1135 2171/2171/1134 2175/2175/1136
f 2175/2175/1136 2176/2176/899 2174/2174/1135
f 2177/2177/899 2178/2178/1136 2164/2164/896
f 2164/2164/896 2141/2141/502 2177/2177/899
f 2179/2179/1137 2180/2180/1138 2181/2181/1139
f 2181/2181/1139 2182/2182/1140 2179/2179/1137
f 2182/2182/1140 2181/2181/1139 2170/2170/1133
f 2170/2170/1133 2174/2174/1135 2182/2182/1140
f 2183/2183/1112 2184/2184/1116 2185/2185/1141
f 2185/2185/1141 2186/2186/1142 2183/2183/1112
f 2186/2186/1142 2185/2185/1141 2187/2187/1143
f 2187/2187/1143 2188/2188/1115 2186/2186/1142
f 2189/2189/502 2190/2190/885 2191/2191/1144
f 2191/2191/1144 2192/2192/505 2189/2189/502
f 2193/2193/1145 2194/2194/506 2184/2184/1116
f 2184/2184/1116 2195/2195/1122 2193/2193/1145
f 2196/2196/1120 2187/2187/1143 2197/2197/511
f 2197/2197/511 2198/2198/886 2196/2196/1120
f 2199/2199/886 2200/2200/509 2190/2190/885
f 2190/2190/885 2201/2201/512 2199/2199/886
f 2202/2202/1146 2196/2196/1120 2203/2203/1147
f 2203/2203/1147 2204/2204/1148 2202/2202/1146
f 2204/2204/1148 2203/2203/1147 2205/2205/1124
f 2205/2205/1124 2206/2206/1149 2204/2204/1148
f 2207/2207/1150 2208/2208/1124 2209/2209/1129
f 2209/2209/1129 2210/2210/894 2207/2207/1150
f 2211/2211/894 2212/2212/1151 2201/2201/512
f 2201/2201/512 2213/2213/924 2211/2211/894
f 2214/2214/1123 2207/2207/1150 2215/2215/1152
f 2215/2215/1152 2216/2216/1153 2214/2214/1123
f 2216/2216/1153 2215/2215/1152 2217/2217/1134
f 2217/2217/1134 2218/2218/1132 2216/2216/1153
f 2219/2219/1135 2217/2217/1134 2220/2220/1136
f 2220/2220/1136 2221/2221/898 2219/2219/1135
f 2222/2222/899 2223/2223/1136 2213/2213/924
f 2213/2213/924 2189/2189/502 2222/2222/899
f 2224/2224/1133 2219/2219/1135 2225/2225/934
f 2225/2225/934 2226/2226/908 2224/2224/1133
f 2226/2226/908 2225/2225/934 2227/2227/1122
f 2227/2227/1122 2228/2228/1138 2226/2226/908
f 2229/2229/473 2230/2230/474 2231/2231/475
f 2231/2231/475 2232/2232/476 2229/2229/473
f 2232/2232/476 2231/2231/475 2233/2233/477
f 2233/2233/477 2234/2234/1154 2232/2232/476
f 2235/2235/508 2229/2229/473 2236/2236/509
f 2236/2236/509 2237/2237/510 2235/2235/508
f 2238/2238/886 2239/2239/509 2240/2240/503
f 2240/2240/503 2241/2241/512 2238/2238/886
f 2242/2242/1155 2240/2240/503 2243/2243/504
f 2243/2243/504 2244/2244/505 2242/2242/1155
f 2245/2245/505 2246/2246/506 2234/2234/1154
f 2234/2234/1154 2247/2247/507 2245/2245/505
f 2248/2248/1156 2249/2249/524 2250/2250/500
f 2250/2250/500 2251/2251/1157 2248/2248/1156
f 2251/2251/1157 2250/2250/500 2252/2252/906
f 2252/2252/906 2253/2253/516 2251/2251/1157
f 2254/2254/513 2242/2242/1155 2255/2255/1158
f 2255/2255/1158 2256/2256/515 2254/2254/513
f 2257/2257/1159 2258/2258/514 2253/2253/516
f 2253/2253/516 2259/2259/517 2257/2257/1159
f 2259/2259/517 2260/2260/878 2261/2261/880
f 2261/2261/880 2262/2262/527 2259/2259/517
f 2263/2263/527 2264/2264/496 2265/2265/926
f 2265/2265/926 2266/2266/522 2263/2263/527
f 2241/2241/512 2254/2254/513 2267/2267/925
f 2267/2267/925 2268/2268/519 2241/2241/512
f 2269/2269/1160 2270/2270/521 2266/2266/522
f 2266/2266/522 2271/2271/1161 2269/2269/1160
f 2271/2271/1161 2272/2272/485 2273/2273/487
f 2273/2273/487 2274/2274/1162 2271/2271/1161
f 2274/2274/1162 2273/2273/487 2275/2275/876
f 2275/2275/876 2235/2235/508 2274/2274/1162
f 2276/2276/1117 2277/2277/464 2278/2278/467
f 2278/2278/467 2279/2279/469 2276/2276/1117
f 2280/2280/1163 2281/2281/470 2282/2282/471
f 2282/2282/471 2283/2283/472 2280/2280/1163
f 2284/2284/458 2285/2285/459 2286/2286/1164
f 2286/2286/1164 2287/2287/1165 2284/2284/458
f 2288/2288/905 2289/2289/1166 2277/2277/464
f 2277/2277/464 2290/2290/873 2288/2288/905
f 2291/2291/492 2292/2292/493 2293/2293/910
f 2293/2293/910 2294/2294/911 2291/2291/492
f 2295/2295/1167 2296/2296/910 2290/2290/873
f 2290/2290/873 2297/2297/479 2295/2295/1167
f 2298/2298/483 2299/2299/484 2300/2300/1168
f 2300/2300/1168 2301/2301/918 2298/2298/483
f 2302/2302/918 2303/2303/1169 2297/2297/479
f 2297/2297/479 2276/2276/1117 2302/2302/918
f 2304/2304/502 2305/2305/1170 2306/2306/506
f 2306/2306/506 2307/2307/505 2304/2304/502
f 2307/2307/505 2306/2306/506 2308/2308/478
f 2308/2308/478 2309/2309/507 2307/2307/505
f 2310/2310/508 2311/2311/473 2312/2312/509
f 2312/2312/509 2313/2313/510 2310/2310/508
f 2314/2314/510 2315/2315/509 2305/2305/1170
f 2305/2305/1170 2316/2316/512 2314/2314/510
f 2317/2317/906 2318/2318/516 2319/2319/934
f 2319/2319/934 2320/2320/907 2317/2317/906
f 2321/2321/907 2322/2322/1171 2323/2323/524
f 2323/2323/524 2324/2324/1172 2321/2321/907
f 2325/2325/896 2304/2304/502 2326/2326/514
f 2326/2326/514 2327/2327/1173 2325/2325/896
f 2328/2328/515 2329/2329/514 2318/2318/516
f 2318/2318/516 2330/2330/517 2328/2328/515
f 2331/2331/269 2332/2332/522 2333/2333/996
f 2333/2333/996 2334/2334/915 2331/2331/269
f 2335/2335/915 2336/2336/1152 2330/2330/517
f 2330/2330/517 2337/2337/494 2335/2335/915
f 2316/2316/512 2325/2325/896 2338/2338/925
f 2338/2338/925 2339/2339/519 2316/2316/512
f 2340/2340/519 2341/2341/521 2332/2332/522
f 2332/2332/522 2342/2342/1161 2340/2340/519
f 2343/2343/876 2310/2310/508 2344/2344/890
f 2344/2344/890 2345/2345/920 2343/2343/876
f 2346/2346/889 2347/2347/890 2342/2342/1161
f 2342/2342/1161 2348/2348/1174 2346/2346/889
f 2349/2349/1175 2350/2350/1176 2351/2351/1177
f 2351/2351/1177 2352/2352/1165 2349/2349/1175
f 2352/2352/1165 2351/2351/1177 2353/2353/464
f 2353/2353/464 2354/2354/873 2352/2352/1165
f 2355/2355/1178 2356/2356/471 2357/2357/525
f 2357/2357/525 2358/2358/1179 2355/2355/1178
f 2359/2359/1179 2360/2360/525 2350/2350/1176
f 2350/2350/1176 2361/2361/1180 2359/2359/1179
f 2362/2362/466 2353/2353/464 2363/2363/874
f 2363/2363/874 2364/2364/468 2362/2362/466
f 2365/2365/469 2366/2366/874 2356/2356/471
f 2356/2356/471 2367/2367/472 2365/2365/469
f 2368/2368/1181 2369/2369/466 2370/2370/1182
f 2370/2370/1182 2371/2371/1183 2368/2368/1181
f 2371/2371/1183 2370/2370/1182 2372/2372/1184
f 2372/2372/1184 2373/2373/484 2371/2371/1183
f 2354/2354/873 2374/2374/479 2375/2375/489
f 2375/2375/489 2376/2376/490 2354/2354/873
f 2377/2377/491 2378/2378/1131 2379/2379/492
f 2379/2379/492 2380/2380/493 2377/2377/491
f 2381/2381/882 2382/2382/459 2383/2383/1185
f 2383/2383/1185 2384/2384/1165 2381/2381/882
f 2385/2385/905 2386/2386/1166 2387/2387/464
f 2387/2387/464 2388/2388/873 2385/2385/905
f 2389/2389/466 2387/2387/464 2390/2390/874
f 2390/2390/874 2391/2391/468 2389/2389/466
f 2392/2392/468 2393/2393/1186 2394/2394/1187
f 2394/2394/1187 2395/2395/1188 2392/2392/468
f 2396/2396/473 2397/2397/1189 2398/2398/475
f 2398/2398/475 2399/2399/476 2396/2396/473
f 2399/2399/476 2398/2398/475 2400/2400/477
f 2400/2400/477 2401/2401/478 2399/2399/476
f 2402/2402/479 2389/2389/466 2403/2403/1190
f 2403/2403/1190 2404/2404/481 2402/2402/479
f 2405/2405/481 2406/2406/1191 2407/2407/916
f 2407/2407/916 2408/2408/484 2405/2405/481
f 2409/2409/280 2407/2407/916 2410/2410/1192
f 2410/2410/1192 2411/2411/1193 2409/2409/280
f 2412/2412/487 2413/2413/1194 2395/2395/1188
f 2395/2395/1188 2414/2414/1195 2412/2412/487
f 2388/2388/873 2402/2402/479 2415/2415/489
f 2415/2415/489 2416/2416/490 2388/2388/873
f 2417/2417/1196 2418/2418/1131 2419/2419/1197
f 2419/2419/1197 2420/2420/493 2417/2417/1196
f 2421/2421/878 2419/2419/1197 2422/2422/879
f 2422/2422/879 2423/2423/496 2421/2421/878
f 2423/2423/496 2422/2422/879 2408/2408/484
f 2408/2408/484 2424/2424/926 2423/2423/496
f 2425/2425/243 2381/2381/882 2426/2426/499
f 2426/2426/499 2427/2427/500 2425/2425/243
f 2427/2427/500 2426/2426/499 2420/2420/493
f 2420/2420/493 2428/2428/906 2427/2427/500
f 2429/2429/1064 2183/2183/1112 2430/2430/1198
f 2430/2430/1198 2431/2431/1199 2429/2429/1064
f 2432/2432/1199 2433/2433/904 2434/2434/464
f 2434/2434/464 2435/2435/873 2432/2432/1199
f 2436/2436/466 2434/2434/464 2437/2437/874
f 2437/2437/874 2438/2438/1200 2436/2436/466
f 2439/2439/469 2440/2440/1186 2188/2188/1115
f 2188/2188/1115 2202/2202/1146 2439/2439/469
f 2441/2441/479 2436/2436/466 2442/2442/1201
f 2442/2442/1201 2443/2443/481 2441/2441/479
f 2444/2444/481 2445/2445/1191 2446/2446/1049
f 2446/2446/1049 2214/2214/1123 2444/2444/481
f 2435/2435/873 2441/2441/479 2447/2447/489
f 2447/2447/489 2448/2448/491 2435/2435/873
f 2449/2449/491 2450/2450/489 2218/2218/1132
f 2218/2218/1132 2224/2224/1133 2449/2449/491
f 2451/2451/502 2452/2452/885 2453/2453/1202
f 2453/2453/1202 2454/2454/1203 2451/2451/502
f 2455/2455/505 2456/2456/1204 2457/2457/1205
f 2457/2457/1205 2458/2458/507 2455/2455/505
f 2459/2459/508 2396/2396/473 2460/2460/509
f 2460/2460/509 2461/2461/1206 2459/2459/508
f 2462/2462/510 2463/2463/509 2452/2452/885
f 2452/2452/885 2464/2464/512 2462/2462/510
f 2465/2465/513 2451/2451/502 2466/2466/1207
f 2466/2466/1207 2467/2467/1173 2465/2465/513
f 2468/2468/515 2469/2469/1158 2470/2470/516
f 2470/2470/516 2471/2471/517 2468/2468/515
f 2464/2464/512 2465/2465/513 2472/2472/1208
f 2472/2472/1208 2473/2473/519 2464/2464/512
f 2474/2474/519 2475/2475/521 2476/2476/522
f 2476/2476/522 2477/2477/523 2474/2474/519
f 2201/2201/512 2190/2190/885 2189/2189/502
f 2189/2189/502 2213/2213/924 2201/2201/512
f 2147/2147/479 2122/2122/1113 2121/2121/872
f 2121/2121/872 2128/2128/1117 2147/2147/479
f 2233/2233/477 2285/2285/459 2284/2284/458
f 2284/2284/458 2478/2478/524 2233/2233/477
f 2252/2252/906 2292/2292/493 2291/2291/492
f 2291/2291/492 2260/2260/878 2252/2252/906
f 2265/2265/926 2299/2299/484 2298/2298/483
f 2298/2298/483 2272/2272/485 2265/2265/926
f 2275/2275/876 2283/2283/472 2282/2282/471
f 2282/2282/471 2230/2230/474 2275/2275/876
f 2277/2277/464 2276/2276/1117 2297/2297/479
f 2297/2297/479 2290/2290/873 2277/2277/464
f 2325/2325/896 2316/2316/512 2305/2305/1170
f 2305/2305/1170 2304/2304/502 2325/2325/896
f 2116/2116/1112 2115/2115/1064 2146/2146/1122
f 2146/2146/1122 2127/2127/1116 2116/2116/1112
f 2170/2170/1133 2169/2169/1132 2171/2171/1134
f 2171/2171/1134 2174/2174/1135 2170/2170/1133
f 2153/2153/1123 2152/2152/1049 2159/2159/1124
f 2159/2159/1124 2158/2158/1128 2153/2153/1123
f 2133/2133/1119 2124/2124/1115 2123/2123/1114
f 2123/2123/1114 2134/2134/1120 2133/2133/1119
f 2343/2343/876 2367/2367/472 2356/2356/471
f 2356/2356/471 2355/2355/1178 2343/2343/876
f 2331/2331/269 2373/2373/484 2372/2372/1184
f 2372/2372/1184 2348/2348/1174 2331/2331/269
f 2317/2317/906 2380/2380/493 2379/2379/492
f 2379/2379/492 2337/2337/494 2317/2317/906
f 2361/2361/1180 2350/2350/1176 2349/2349/1175
f 2349/2349/1175 2324/2324/1172 2361/2361/1180
f 2362/2362/466 2374/2374/479 2354/2354/873
f 2354/2354/873 2353/2353/464 2362/2362/466
f 2164/2164/896 2140/2140/512 2139/2139/885
f 2139/2139/885 2141/2141/502 2164/2164/896
f 2234/2234/1154 2233/2233/477 2478/2478/524
f 2478/2478/524 2247/2247/507 2234/2234/1154
f 2253/2253/516 2252/2252/906 2260/2260/878
f 2260/2260/878 2259/2259/517 2253/2253/516
f 2266/2266/522 2265/2265/926 2272/2272/485
f 2272/2272/485 2271/2271/1161 2266/2266/522
f 2235/2235/508 2275/2275/876 2230/2230/474
f 2230/2230/474 2229/2229/473 2235/2235/508
f 2389/2389/466 2402/2402/479 2388/2388/873
f 2388/2388/873 2387/2387/464 2389/2389/466
f 2254/2254/513 2241/2241/512 2240/2240/503
f 2240/2240/503 2242/2242/1155 2254/2254/513
f 2196/2196/1120 2202/2202/1146 2188/2188/1115
f 2188/2188/1115 2187/2187/1143 2196/2196/1120
f 2207/2207/1150 2214/2214/1123 2446/2446/1049
f 2446/2446/1049 2208/2208/1124 2207/2207/1150
f 2219/2219/1135 2224/2224/1133 2218/2218/1132
f 2218/2218/1132 2217/2217/1134 2219/2219/1135
f 2184/2184/1116 2183/2183/1112 2429/2429/1064
f 2429/2429/1064 2195/2195/1122 2184/2184/1116
f 2457/2457/1205 2479/2479/477 2425/2425/524
f 2425/2425/524 2458/2458/507 2457/2457/1205
f 2470/2470/516 2428/2428/906 2421/2421/878
f 2421/2421/878 2471/2471/517 2470/2470/516
f 2476/2476/522 2424/2424/926 2409/2409/280
f 2409/2409/280 2477/2477/523 2476/2476/522
f 2459/2459/508 2414/2414/1195 2397/2397/1189
f 2397/2397/1189 2396/2396/473 2459/2459/508
f 2434/2434/464 2436/2436/466 2441/2441/479
f 2441/2441/479 2435/2435/873 2434/2434/464
f 2464/2464/512 2452/2452/885 2451/2451/502
f 2451/2451/502 2465/2465/513 2464/2464/512
f 2310/2310/508 2343/2343/876 2355/2355/1178
f 2355/2355/1178 2311/2311/473 2310/2310/508
f 2332/2332/522 2331/2331/269 2348/2348/1174
f 2348/2348/1174 2342/2342/1161 2332/2332/522
f 2318/2318/516 2317/2317/906 2337/2337/494
f 2337/2337/494 2330/2330/517 2318/2318/516
f 2480/2480/478 2361/2361/1180 2324/2324/1172
f 2324/2324/1172 2323/2323/524 2480/2480/478
f 2479/2479/477 2382/2382/459 2381/2381/882
f 2381/2381/882 2425/2425/243 2479/2479/477
f 2428/2428/906 2420/2420/493 2419/2419/1197
f 2419/2419/1197 2421/2421/878 2428/2428/906
f 2424/2424/926 2408/2408/484 2407/2407/916
f 2407/2407/916 2409/2409/280 2424/2424/926
f 2414/2414/1195 2395/2395/1188 2394/2394/1187
f 2394/2394/1187 2397/2397/1189 2414/2414/1195
f 2285/2285/459 2233/2233/477 2231/2231/475
f 2231/2231/475 2481/2481/901 2285/2285/459
f 2481/2481/901 2231/2231/475 2230/2230/474
f 2230/2230/474 2282/2282/471 2481/2481/901
f 2292/2292/493 2252/2252/906 2250/2250/500
f 2250/2250/500 2482/2482/962 2292/2292/493
f 2482/2482/962 2250/2250/500 2249/2249/524
f 2249/2249/524 2483/2483/882 2482/2482/962
f 2299/2299/484 2265/2265/926 2264/2264/496
f 2264/2264/496 2484/2484/1209 2299/2299/484
f 2485/2485/914 2261/2261/880 2260/2260/878
f 2260/2260/878 2291/2291/492 2485/2485/914
f 2283/2283/472 2275/2275/876 2273/2273/487
f 2273/2273/487 2486/2486/922 2283/2283/472
f 2486/2486/922 2273/2273/487 2272/2272/485
f 2272/2272/485 2298/2298/483 2486/2486/922
f 2361/2361/1180 2480/2480/478 2487/2487/973
f 2487/2487/973 2359/2359/1179 2361/2361/1180
f 2358/2358/1179 2488/2488/973 2311/2311/473
f 2311/2311/473 2355/2355/1178 2358/2358/1179
f 2348/2348/1174 2372/2372/1184 2489/2489/1210
f 2489/2489/1210 2346/2346/889 2348/2348/1174
f 2345/2345/920 2490/2490/1211 2367/2367/472
f 2367/2367/472 2343/2343/876 2345/2345/920
f 2337/2337/494 2379/2379/492 2491/2491/879
f 2491/2491/879 2335/2335/915 2337/2337/494
f 2334/2334/915 2492/2492/879 2373/2373/484
f 2373/2373/484 2331/2331/269 2334/2334/915
f 2324/2324/1172 2349/2349/1175 2493/2493/1212
f 2493/2493/1212 2321/2321/907 2324/2324/1172
f 2320/2320/907 2494/2494/1213 2380/2380/493
f 2380/2380/493 2317/2317/906 2320/2320/907
f 2397/2397/1189 2394/2394/1187 2495/2495/525
f 2495/2495/525 2398/2398/475 2397/2397/1189
f 2398/2398/475 2495/2495/525 2496/2496/459
f 2496/2496/459 2400/2400/477 2398/2398/475
f 2477/2477/523 2409/2409/280 2411/2411/1193
f 2411/2411/1193 2497/2497/1214 2477/2477/523
f 2498/2498/1214 2412/2412/487 2414/2414/1195
f 2414/2414/1195 2459/2459/508 2498/2498/1214
f 2471/2471/517 2421/2421/878 2423/2423/496
f 2423/2423/496 2499/2499/527 2471/2471/517
f 2499/2499/527 2423/2423/496 2424/2424/926
f 2424/2424/926 2476/2476/522 2499/2499/527
f 2458/2458/507 2425/2425/243 2427/2427/500
f 2427/2427/500 2500/2500/1215 2458/2458/507
f 2500/2500/1215 2427/2427/500 2428/2428/906
f 2428/2428/906 2470/2470/516 2500/2500/1215
f 2501/2501/207 2129/2129/874 2121/2121/872
f 2121/2121/872 2120/2120/460 2501/2501/207
f 2502/2502/211 2117/2117/460 2116/2116/1112
f 2116/2116/1112 2125/2125/525 2502/2502/211
f 2502/2502/211 2125/2125/525 2124/2124/1115
f 2124/2124/1115 2132/2132/875 2502/2502/211
f 2503/2503/1216 2142/2142/504 2139/2139/885
f 2139/2139/885 2138/2138/1121 2503/2503/1216
f 2504/2504/449 2135/2135/509 2123/2123/1114
f 2123/2123/1114 2126/2126/476 2504/2504/449
f 2504/2504/449 2126/2126/476 2127/2127/1116
f 2127/2127/1116 2145/2145/506 2504/2504/449
f 2505/2505/532 2156/2156/1126 2155/2155/1125
f 2155/2155/1125 2506/2506/482 2505/2505/532
f 2507/2507/600 2148/2148/480 2128/2128/1117
f 2128/2128/1117 2130/2130/468 2507/2507/600
f 2505/2505/532 2131/2131/1118 2133/2133/1119
f 2133/2133/1119 2156/2156/1126 2505/2505/532
f 2508/2508/204 2157/2157/1127 2134/2134/1120
f 2134/2134/1120 2136/2136/510 2508/2508/204
f 2509/2509/1217 2137/2137/510 2140/2140/512
f 2140/2140/512 2163/2163/1130 2509/2509/1217
f 2508/2508/204 2510/2510/1129 2154/2154/1124
f 2154/2154/1124 2157/2157/1127 2508/2508/204
f 2511/2511/533 2172/2172/495 2169/2169/1132
f 2169/2169/1132 2168/2168/1131 2511/2511/533
f 2512/2512/439 2165/2165/489 2147/2147/479
f 2147/2147/479 2149/2149/481 2512/2512/439
f 2511/2511/533 2150/2150/481 2153/2153/1123
f 2153/2153/1123 2172/2172/495 2511/2511/533
f 2513/2513/1218 2173/2173/527 2158/2158/1128
f 2158/2158/1128 2161/2161/893 2513/2513/1218
f 2514/2514/578 2162/2162/893 2164/2164/896
f 2164/2164/896 2178/2178/1136 2514/2514/578
f 2513/2513/1218 2175/2175/1136 2171/2171/1134
f 2171/2171/1134 2173/2173/527 2513/2513/1218
f 2515/2515/535 2181/2181/1139 2180/2180/1138
f 2180/2180/1138 2516/2516/461 2515/2515/535
f 2517/2517/1219 2119/2119/461 2122/2122/1113
f 2122/2122/1113 2166/2166/490 2517/2517/1219
f 2515/2515/535 2167/2167/491 2170/2170/1133
f 2170/2170/1133 2181/2181/1139 2515/2515/535
f 2518/2518/445 2182/2182/1140 2174/2174/1135
f 2174/2174/1135 2176/2176/899 2518/2518/445
f 2519/2519/445 2177/2177/899 2141/2141/502
f 2141/2141/502 2143/2143/505 2519/2519/445
f 2518/2518/445 2520/2520/1220 2179/2179/1137
f 2179/2179/1137 2182/2182/1140 2518/2518/445
f 2521/2521/213 2197/2197/511 2187/2187/1143
f 2187/2187/1143 2185/2185/1141 2521/2521/213
f 2521/2521/213 2185/2185/1141 2184/2184/1116
f 2184/2184/1116 2194/2194/506 2521/2521/213
f 2522/2522/213 2191/2191/1144 2190/2190/885
f 2190/2190/885 2200/2200/509 2522/2522/213
f 2523/2523/940 2524/2524/1129 2205/2205/1124
f 2205/2205/1124 2203/2203/1147 2523/2523/940
f 2523/2523/940 2203/2203/1147 2196/2196/1120
f 2196/2196/1120 2198/2198/886 2523/2523/940
f 2525/2525/537 2199/2199/886 2201/2201/512
f 2201/2201/512 2212/2212/1151 2525/2525/537
f 2526/2526/862 2220/2220/1136 2217/2217/1134
f 2217/2217/1134 2215/2215/1152 2526/2526/862
f 2526/2526/862 2215/2215/1152 2207/2207/1150
f 2207/2207/1150 2210/2210/894 2526/2526/862
f 2527/2527/862 2211/2211/894 2213/2213/924
f 2213/2213/924 2223/2223/1136 2527/2527/862
f 2528/2528/193 2529/2529/1220 2227/2227/1122
f 2227/2227/1122 2225/2225/934 2528/2528/193
f 2528/2528/193 2225/2225/934 2219/2219/1135
f 2219/2219/1135 2221/2221/898 2528/2528/193
f 2530/2530/193 2222/2222/899 2189/2189/502
f 2189/2189/502 2192/2192/505 2530/2530/193
f 2531/2531/1221 2243/2243/504 2240/2240/503
f 2240/2240/503 2239/2239/509 2531/2531/1221
f 2532/2532/449 2236/2236/509 2229/2229/473
f 2229/2229/473 2232/2232/476 2532/2532/449
f 2532/2532/449 2232/2232/476 2234/2234/1154
f 2234/2234/1154 2246/2246/506 2532/2532/449
f 2533/2533/456 2251/2251/1157 2253/2253/516
f 2253/2253/516 2258/2258/514 2533/2533/456
f 2534/2534/445 2255/2255/1158 2242/2242/1155
f 2242/2242/1155 2244/2244/505 2534/2534/445
f 2533/2533/456 2535/2535/505 2248/2248/1156
f 2248/2248/1156 2251/2251/1157 2533/2533/456
f 2536/2536/1222 2263/2263/527 2266/2266/522
f 2266/2266/522 2270/2270/521 2536/2536/1222
f 2537/2537/578 2267/2267/925 2254/2254/513
f 2254/2254/513 2256/2256/515 2537/2537/578
f 2538/2538/578 2257/2257/1159 2259/2259/517
f 2259/2259/517 2262/2262/527 2538/2538/578
f 2539/2539/204 2274/2274/1162 2235/2235/508
f 2235/2235/508 2237/2237/510 2539/2539/204
f 2540/2540/1223 2238/2238/886 2241/2241/512
f 2241/2241/512 2268/2268/519 2540/2540/1223
f 2539/2539/204 2269/2269/1160 2271/2271/1161
f 2271/2271/1161 2274/2274/1162 2539/2539/204
f 2541/2541/450 2481/2481/901 2282/2282/471
f 2282/2282/471 2281/2281/470 2541/2541/450
f 2542/2542/450 2278/2278/467 2277/2277/464
f 2277/2277/464 2289/2289/1166 2542/2542/450
f 2541/2541/450 2286/2286/1164 2285/2285/459
f 2285/2285/459 2481/2481/901 2541/2541/450
f 2543/2543/1224 2288/2288/905 2290/2290/873
f 2290/2290/873 2296/2296/910 2543/2543/1224
f 2544/2544/195 2293/2293/910 2292/2292/493
f 2292/2292/493 2482/2482/962 2544/2544/195
f 2544/2544/195 2482/2482/962 2483/2483/882
f 2483/2483/882 2545/2545/1199 2544/2544/195
f 2546/2546/1225 2295/2295/1167 2297/2297/479
f 2297/2297/479 2303/2303/1169 2546/2546/1225
f 2547/2547/863 2548/2548/1169 2549/2549/484
f 2549/2549/484 2485/2485/914 2547/2547/863
f 2547/2547/863 2485/2485/914 2291/2291/492
f 2291/2291/492 2294/2294/911 2547/2547/863
f 2550/2550/1226 2302/2302/918 2276/2276/1117
f 2276/2276/1117 2279/2279/469 2550/2550/1226
f 2551/2551/455 2280/2280/1163 2283/2283/472
f 2283/2283/472 2486/2486/922 2551/2551/455
f 2551/2551/455 2486/2486/922 2298/2298/483
f 2298/2298/483 2301/2301/918 2551/2551/455
f 2552/2552/448 2312/2312/509 2311/2311/473
f 2311/2311/473 2488/2488/973 2552/2552/448
f 2553/2553/212 2554/2554/935 2308/2308/478
f 2308/2308/478 2306/2306/506 2553/2553/212
f 2553/2553/212 2306/2306/506 2305/2305/1170
f 2305/2305/1170 2315/2315/509 2553/2553/212
f 2555/2555/193 2307/2307/505 2309/2309/507
f 2309/2309/507 2556/2556/1227 2555/2555/193
f 2557/2557/1228 2319/2319/934 2318/2318/516
f 2318/2318/516 2329/2329/514 2557/2557/1228
f 2555/2555/193 2326/2326/514 2304/2304/502
f 2304/2304/502 2307/2307/505 2555/2555/193
f 2558/2558/862 2328/2328/515 2330/2330/517
f 2330/2330/517 2336/2336/1152 2558/2558/862
f 2559/2559/862 2333/2333/996 2332/2332/522
f 2332/2332/522 2341/2341/521 2559/2559/862
f 2560/2560/862 2338/2338/925 2325/2325/896
f 2325/2325/896 2327/2327/1173 2560/2560/862
f 2561/2561/1229 2340/2340/519 2342/2342/1161
f 2342/2342/1161 2347/2347/890 2561/2561/1229
f 2562/2562/537 2344/2344/890 2310/2310/508
f 2310/2310/508 2313/2313/510 2562/2562/537
f 2563/2563/537 2314/2314/510 2316/2316/512
f 2316/2316/512 2339/2339/519 2563/2563/537
f 2564/2564/211 2363/2363/874 2353/2353/464
f 2353/2353/464 2351/2351/1177 2564/2564/211
f 2564/2564/211 2351/2351/1177 2350/2350/1176
f 2350/2350/1176 2360/2360/525 2564/2564/211
f 2565/2565/211 2357/2357/525 2356/2356/471
f 2356/2356/471 2366/2366/874 2565/2565/211
f 2566/2566/532 2489/2489/1210 2372/2372/1184
f 2372/2372/1184 2370/2370/1182 2566/2566/532
f 2566/2566/532 2370/2370/1182 2369/2369/466
f 2369/2369/466 2567/2567/468 2566/2566/532
f 2568/2568/532 2365/2365/469 2367/2367/472
f 2367/2367/472 2490/2490/1211 2568/2568/532
f 2569/2569/439 2491/2491/879 2379/2379/492
f 2379/2379/492 2378/2378/1131 2569/2569/439
f 2570/2570/440 2571/2571/1131 2368/2368/1181
f 2368/2368/1181 2371/2371/1183 2570/2570/440
f 2570/2570/440 2371/2371/1183 2373/2373/484
f 2373/2373/484 2492/2492/879 2570/2570/440
f 2572/2572/535 2493/2493/1212 2349/2349/1175
f 2349/2349/1175 2352/2352/1165 2572/2572/535
f 2572/2572/535 2352/2352/1165 2354/2354/873
f 2354/2354/873 2376/2376/490 2572/2572/535
f 2573/2573/535 2377/2377/491 2380/2380/493
f 2380/2380/493 2494/2494/1213 2573/2573/535
f 2574/2574/1230 2390/2390/874 2387/2387/464
f 2387/2387/464 2386/2386/1166 2574/2574/1230
f 2575/2575/211 2576/2576/1177 2496/2496/459
f 2496/2496/459 2495/2495/525 2575/2575/211
f 2575/2575/211 2495/2495/525 2394/2394/1187
f 2394/2394/1187 2393/2393/1186 2575/2575/211
f 2577/2577/532 2413/2413/1194 2578/2578/1184
f 2578/2578/1184 2579/2579/482 2577/2577/532
f 2580/2580/1231 2403/2403/1190 2389/2389/466
f 2389/2389/466 2391/2391/468 2580/2580/1231
f 2577/2577/532 2392/2392/468 2395/2395/1188
f 2395/2395/1188 2413/2413/1194 2577/2577/532
f 2581/2581/533 2422/2422/879 2419/2419/1197
f 2419/2419/1197 2418/2418/1131 2581/2581/533
f 2582/2582/533 2415/2415/489 2402/2402/479
f 2402/2402/479 2404/2404/481 2582/2582/533
f 2581/2581/533 2405/2405/481 2408/2408/484
f 2408/2408/484 2422/2422/879 2581/2581/533
f 2583/2583/535 2426/2426/499 2381/2381/882
f 2381/2381/882 2384/2384/1165 2583/2583/535
f 2584/2584/535 2385/2385/905 2388/2388/873
f 2388/2388/873 2416/2416/490 2584/2584/535
f 2583/2583/535 2417/2417/1196 2420/2420/493
f 2420/2420/493 2426/2426/499 2583/2583/535
f 2585/2585/529 2437/2437/874 2434/2434/464
f 2434/2434/464 2433/2433/904 2585/2585/529
f 2586/2586/1232 2430/2430/1198 2183/2183/1112
f 2183/2183/1112 2186/2186/1142 2586/2586/1232
f 2586/2586/1232 2186/2186/1142 2188/2188/1115
f 2188/2188/1115 2440/2440/1186 2586/2586/1232
f 2587/2587/532 2204/2204/1148 2206/2206/1149
f 2206/2206/1149 2588/2588/482 2587/2587/532
f 2589/2589/531 2442/2442/1201 2436/2436/466
f 2436/2436/466 2438/2438/1200 2589/2589/531
f 2587/2587/532 2439/2439/469 2202/2202/1146
f 2202/2202/1146 2204/2204/1148 2587/2587/532
f 2590/2590/1233 2216/2216/1153 2218/2218/1132
f 2218/2218/1132 2450/2450/489 2590/2590/1233
f 2591/2591/440 2447/2447/489 2441/2441/479
f 2441/2441/479 2443/2443/481 2591/2591/440
f 2590/2590/1233 2444/2444/481 2214/2214/1123
f 2214/2214/1123 2216/2216/1153 2590/2590/1233
f 2592/2592/535 2226/2226/908 2228/2228/1138
f 2228/2228/1138 2593/2593/1199 2592/2592/535
f 2594/2594/535 2432/2432/1199 2435/2435/873
f 2435/2435/873 2448/2448/491 2594/2594/535
f 2592/2592/535 2449/2449/491 2224/2224/1133
f 2224/2224/1133 2226/2226/908 2592/2592/535
f 2595/2595/213 2460/2460/509 2396/2396/473
f 2396/2396/473 2399/2399/476 2595/2595/213
f 2595/2595/213 2399/2399/476 2401/2401/478
f 2401/2401/478 2596/2596/1204 2595/2595/213
f 2597/2597/212 2453/2453/1202 2452/2452/885
f 2452/2452/885 2463/2463/509 2597/2597/212
f 2598/2598/193 2455/2455/505 2458/2458/507
f 2458/2458/507 2500/2500/1215 2598/2598/193
f 2598/2598/193 2500/2500/1215 2470/2470/516
f 2470/2470/516 2469/2469/1158 2598/2598/193
f 2599/2599/194 2466/2466/1207 2451/2451/502
f 2451/2451/502 2454/2454/1203 2599/2599/194
f 2600/2600/862 2468/2468/515 2471/2471/517
f 2471/2471/517 2499/2499/527 2600/2600/862
f 2600/2600/862 2499/2499/527 2476/2476/522
f 2476/2476/522 2475/2475/521 2600/2600/862
f 2601/2601/1234 2472/2472/1208 2465/2465/513
f 2465/2465/513 2467/2467/1173 2601/2601/1234
f 2602/2602/944 2474/2474/519 2477/2477/523
f 2477/2477/523 2497/2497/1214 2602/2602/944
f 2603/2603/940 2498/2498/1214 2459/2459/508
f 2459/2459/508 2461/2461/1206 2603/2603/940
f 2604/2604/940 2462/2462/510 2464/2464/512
f 2464/2464/512 2473/2473/519 2604/2604/940
f 2605/2605/1235 2606/2606/1236 2607/2607/1237
f 2607/2607/1237 2608/2608/1238 2605/2605/1235
f 2608/2608/1238 2607/2607/1237 2609/2609/1239
f 2609/2609/1239 2610/2610/1240 2608/2608/1238
f 2611/2611/1241 2612/2612/1242 2613/2613/1243
f 2613/2613/1243 2614/2614/1244 2611/2611/1241
f 2614/2614/1244 2613/2613/1243 2606/2606/1236
f 2606/2606/1236 2615/2615/1245 2614/2614/1244
f 2616/2616/1246 2609/2609/1239 2617/2617/1247
f 2617/2617/1247 2618/2618/334 2616/2616/1246
f 2618/2618/334 2617/2617/1247 2612/2612/1242
f 2612/2612/1242 2619/2619/1248 2618/2618/334
f 2620/2620/1249 2611/2611/1250 2621/2621/1251
f 2621/2621/1251 2622/2622/1252 2620/2620/1249
f 2622/2622/1252 2621/2621/1251 2623/2623/1253
f 2623/2623/1253 2624/2624/1254 2622/2622/1252
f 2625/2625/1255 2626/2626/1256 2627/2627/1245
f 2627/2627/1245 2628/2628/1255 2625/2625/1255
f 2628/2628/1255 2627/2627/1245 2615/2615/1245
f 2615/2615/1245 2629/2629/1255 2628/2628/1255
f 2630/2630/1241 2623/2623/1253 2631/2631/1244
f 2631/2631/1244 2632/2632/1244 2630/2630/1241
f 2632/2632/1244 2631/2631/1244 2626/2626/1256
f 2626/2626/1256 2633/2633/1245 2632/2632/1244
f 2634/2634/1248 2635/2635/1257 2636/2636/1258
f 2636/2636/1258 2637/2637/334 2634/2634/1248
f 2637/2637/334 2636/2636/1258 2638/2638/1259
f 2638/2638/1259 2639/2639/1246 2637/2637/334
f 2640/2640/1260 2641/2641/1261 2642/2642/1262
f 2642/2642/1262 2643/2643/1263 2640/2640/1260
f 2643/2643/1263 2642/2642/1262 2635/2635/1257
f 2635/2635/1257 2644/2644/1264 2643/2643/1263
f 2645/2645/1265 2638/2638/1259 2646/2646/1266
f 2646/2646/1266 2647/2647/1267 2645/2645/1265
f 2647/2647/1267 2646/2646/1266 2641/2641/1261
f 2641/2641/1261 2648/2648/1268 2647/2647/1267
f 2649/2649/1269 2650/2650/1270 2651/2651/1271
f 2651/2651/1271 2652/2652/1272 2649/2649/1269
f 2652/2652/1272 2651/2651/1271 2644/2644/1270
f 2644/2644/1270 2653/2653/1249 2652/2652/1272
f 2654/2654/1260 2655/2655/1273 2656/2656/1263
f 2656/2656/1263 2657/2657/1263 2654/2654/1260
f 2657/2657/1263 2656/2656/1263 2650/2650/1264
f 2650/2650/1264 2658/2658/1264 2657/2657/1263
f 2659/2659/1274 2640/2640/1260 2660/2660/1273
f 2660/2660/1273 2661/2661/1274 2659/2659/1274
f 2661/2661/1274 2660/2660/1273 2655/2655/1273
f 2655/2655/1273 2662/2662/1274 2661/2661/1274
f 2663/2663/1275 2645/2645/1265 2664/2664/1276
f 2664/2664/1276 2665/2665/665 2663/2663/1275
f 2666/2666/665 2667/2667/1276 2668/2668/1277
f 2668/2668/1277 2669/2669/1278 2666/2666/665
f 2670/2670/1279 2668/2668/1277 2671/2671/1280
f 2671/2671/1280 2672/2672/237 2670/2670/1279
f 2673/2673/237 2674/2674/1280 2648/2648/1268
f 2648/2648/1268 2659/2659/1274 2673/2673/237
f 2675/2675/1281 2670/2670/1279 2676/2676/1282
f 2676/2676/1282 2677/2677/1283 2675/2675/1281
f 2677/2677/1283 2676/2676/1282 2678/2678/1282
f 2678/2678/1282 2679/2679/1284 2677/2677/1283
f 2680/2680/1279 2678/2678/1277 2681/2681/237
f 2681/2681/237 2682/2682/237 2680/2680/1279
f 2683/2683/237 2684/2684/237 2662/2662/1274
f 2662/2662/1274 2685/2685/1274 2683/2683/237
f 2686/2686/1278 2687/2687/1285 2688/2688/1286
f 2688/2688/1286 2689/2689/665 2686/2686/1278
f 2690/2690/665 2691/2691/1286 2610/2610/1240
f 2610/2610/1240 2692/2692/1287 2690/2690/665
f 2629/2629/1255 2605/2605/1235 2693/2693/1288
f 2693/2693/1288 2694/2694/245 2629/2629/1255
f 2695/2695/245 2696/2696/1288 2687/2687/1285
f 2687/2687/1285 2697/2697/1289 2695/2695/245
f 2698/2698/1290 2699/2699/745 2700/2700/1291
f 2700/2700/1291 2701/2701/1292 2698/2698/1290
f 2701/2701/1292 2700/2700/1291 2697/2697/760
f 2697/2697/760 2702/2702/1281 2701/2701/1292
f 2703/2703/1255 2625/2625/1255 2704/2704/245
f 2704/2704/245 2705/2705/245 2703/2703/1255
f 2706/2706/245 2707/2707/245 2699/2699/1289
f 2699/2699/1289 2708/2708/745 2706/2706/245
f 2692/2692/1287 2616/2616/1246 2709/2709/1246
f 2709/2709/1246 2710/2710/1287 2692/2692/1287
f 2710/2710/1287 2709/2709/1246 2711/2711/1246
f 2711/2711/1246 2712/2712/1275 2710/2710/1287
f 2713/2713/1293 2714/2714/1249 2715/2715/1294
f 2715/2715/1294 2716/2716/1249 2713/2713/1293
f 2716/2716/1249 2715/2715/1294 2619/2619/1248
f 2619/2619/1248 2620/2620/1249 2716/2716/1249
f 2717/2717/1246 2711/2711/1246 2718/2718/334
f 2718/2718/334 2719/2719/1295 2717/2717/1246
f 2719/2719/1295 2718/2718/334 2714/2714/1248
f 2714/2714/1248 2720/2720/1248 2719/2719/1295
f 2721/2721/1245 2722/2722/1296 2723/2723/1297
f 2723/2723/1297 2724/2724/1244 2721/2721/1245
f 2724/2724/1244 2723/2723/1297 2725/2725/1298
f 2725/2725/1298 2726/2726/1299 2724/2724/1244
f 2727/2727/1300 2728/2728/1301 2729/2729/1302
f 2729/2729/1302 2730/2730/1303 2727/2727/1300
f 2730/2730/1303 2729/2729/1302 2722/2722/1296
f 2722/2722/1296 2731/2731/1304 2730/2730/1303
f 2732/2732/1305 2725/2725/1298 2733/2733/1306
f 2733/2733/1306 2734/2734/1307 2732/2732/1305
f 2734/2734/1307 2733/2733/1306 2728/2728/1301
f 2728/2728/1301 2735/2735/1308 2734/2734/1307
f 2736/2736/1309 2737/2737/1308 2738/2738/1308
f 2738/2738/1308 2739/2739/1310 2736/2736/1309
f 2739/2739/1310 2738/2738/1308 2735/2735/1308
f 2735/2735/1308 2740/2740/1309 2739/2739/1310
f 2741/2741/1305 2742/2742/1305 2743/2743/1311
f 2743/2743/1311 2744/2744/1307 2741/2741/1305
f 2744/2744/1307 2743/2743/1311 2737/2737/1308
f 2737/2737/1308 2745/2745/1308 2744/2744/1307
f 2746/2746/1249 2732/2732/1312 2747/2747/1313
f 2747/2747/1313 2748/2748/1314 2746/2746/1249
f 2748/2748/1314 2747/2747/1313 2742/2742/1312
f 2742/2742/1312 2749/2749/1315 2748/2748/1314
f 2750/2750/1308 2751/2751/1316 2752/2752/1317
f 2752/2752/1317 2753/2753/1318 2750/2750/1308
f 2753/2753/1318 2752/2752/1317 2754/2754/1319
f 2754/2754/1319 2755/2755/1305 2753/2753/1318
f 2756/2756/1320 2757/2757/1321 2758/2758/1322
f 2758/2758/1322 2759/2759/1323 2756/2756/1320
f 2759/2759/1323 2758/2758/1322 2751/2751/1316
f 2751/2751/1316 2760/2760/1324 2759/2759/1323
f 2761/2761/1264 2754/2754/1319 2762/2762/1325
f 2762/2762/1325 2763/2763/1263 2761/2761/1264
f 2763/2763/1263 2762/2762/1325 2757/2757/1321
f 2757/2757/1321 2764/2764/1273 2763/2763/1263
f 2765/2765/1274 2756/2756/1320 2766/2766/1326
f 2766/2766/1326 2767/2767/237 2765/2765/1274
f 2768/2768/237 2769/2769/1326 2770/2770/1327
f 2770/2770/1327 2771/2771/1328 2768/2768/237
f 2772/2772/1329 2770/2770/1327 2773/2773/1330
f 2773/2773/1330 2774/2774/656 2772/2772/1329
f 2775/2775/656 2776/2776/1331 2760/2760/1324
f 2760/2760/1324 2777/2777/1332 2775/2775/656
f 2639/2639/1246 2663/2663/1275 2778/2778/1287
f 2778/2778/1287 2779/2779/1333 2639/2639/1246
f 2779/2779/1333 2778/2778/1287 2780/2780/1275
f 2780/2780/1275 2717/2717/1246 2779/2779/1333
f 2781/2781/1281 2782/2782/1281 2783/2783/1281
f 2783/2783/1281 2784/2784/1281 2781/2781/1281
f 2784/2784/1281 2783/2783/1281 2669/2669/1278
f 2669/2669/1278 2675/2675/1281 2784/2784/1281
f 2712/2712/1275 2780/2780/1275 2785/2785/665
f 2785/2785/665 2786/2786/665 2712/2712/1275
f 2787/2787/665 2788/2788/665 2782/2782/1278
f 2782/2782/1278 2789/2789/1334 2787/2787/665
f 2790/2790/1281 2772/2772/1335 2791/2791/1336
f 2791/2791/1336 2792/2792/1337 2790/2790/1281
f 2792/2792/1337 2791/2791/1336 2793/2793/1338
f 2793/2793/1338 2794/2794/1339 2792/2792/1337
f 2745/2745/1308 2795/2795/1310 2796/2796/1310
f 2796/2796/1310 2797/2797/1340 2745/2745/1308
f 2797/2797/1340 2796/2796/1310 2777/2777/1332
f 2777/2777/1332 2750/2750/1308 2797/2797/1340
f 2798/2798/1335 2793/2793/1338 2799/2799/656
f 2799/2799/656 2800/2800/656 2798/2798/1335
f 2801/2801/656 2802/2802/656 2795/2795/1310
f 2795/2795/1310 2736/2736/1309 2801/2801/656
f 2740/2740/1309 2727/2727/1300 2803/2803/1341
f 2803/2803/1341 2804/2804/656 2740/2740/1309
f 2805/2805/656 2806/2806/1341 2807/2807/1342
f 2807/2807/1342 2808/2808/1329 2805/2805/656
f 2809/2809/1289 2807/2807/1342 2810/2810/1343
f 2810/2810/1343 2811/2811/245 2809/2809/1289
f 2812/2812/245 2813/2813/1344 2731/2731/1304
f 2731/2731/1304 2814/2814/1345 2812/2812/245
f 2814/2814/1345 2721/2721/1245 2815/2815/1256
f 2815/2815/1256 2816/2816/1346 2814/2814/1345
f 2816/2816/1346 2815/2815/1256 2633/2633/1245
f 2633/2633/1245 2703/2703/1255 2816/2816/1346
f 2817/2817/1254 2630/2630/1250 2818/2818/1299
f 2818/2818/1299 2819/2819/1347 2817/2817/1254
f 2819/2819/1347 2818/2818/1299 2726/2726/1250
f 2726/2726/1250 2746/2746/1249 2819/2819/1347
f 2820/2820/1281 2809/2809/745 2821/2821/760
f 2821/2821/760 2822/2822/1348 2820/2820/1281
f 2822/2822/1348 2821/2821/760 2708/2708/745
f 2708/2708/745 2823/2823/1290 2822/2822/1348
f 2824/2824/1284 2680/2680/1349 2825/2825/1349
f 2825/2825/1349 2826/2826/1350 2824/2824/1284
f 2826/2826/1350 2825/2825/1349 2771/2771/1351
f 2771/2771/1351 2790/2790/1281 2826/2826/1350
f 2764/2764/1273 2765/2765/1274 2827/2827/1274
f 2827/2827/1274 2828/2828/1260 2764/2764/1273
f 2828/2828/1260 2827/2827/1274 2685/2685/1274
f 2685/2685/1274 2654/2654/1260 2828/2828/1260
f 2829/2829/1249 2761/2761/1270 2830/2830/1270
f 2830/2830/1270 2831/2831/1352 2829/2829/1249
f 2831/2831/1352 2830/2830/1270 2658/2658/1270
f 2658/2658/1270 2832/2832/1269 2831/2831/1352
f 2833/2833/1353 2834/2834/1354 2835/2835/1355
f 2836/2835/1355 2837/2836/1356 2838/2833/1357
f 2839/2836/1358 2835/2835/1355 2840/2837/1359
f 2841/2837/1359 2842/2838/1360 2837/2836/1356
f 2823/2823/1290 2698/2698/1290 2843/2839/1361
f 2843/2839/1361 2844/2840/1362 2823/2823/1290
f 2845/2841/1362 2846/2842/1361 2847/2834/1363
f 2847/2834/1363 2848/2843/1364 2845/2841/1362
f 2789/2789/1281 2849/2844/1281 2850/2845/1281
f 2850/2845/1281 2851/2846/1278 2789/2789/1281
f 2851/2846/1278 2850/2845/1281 2702/2702/1281
f 2702/2702/1281 2686/2686/1281 2851/2846/1278
f 2852/2847/1365 2841/2837/1359 2853/2848/1366
f 2853/2848/1366 2854/2849/1367 2852/2847/1365
f 2855/2850/1368 2856/2851/1366 2849/2844/1369
f 2849/2844/1369 2781/2781/1369 2855/2850/1368
f 2857/2852/1370 2858/2853/1371 2859/2854/1372
f 2859/2854/1372 2860/2855/1373 2857/2852/1370
f 2860/2855/1373 2859/2854/1372 2861/2856/1374
f 2861/2856/1374 2852/2847/1365 2860/2855/1373
f 2832/2832/1375 2649/2649/1375 2862/2857/1376
f 2862/2857/1376 2863/2858/1377 2832/2832/1375
f 2863/2858/1377 2862/2857/1376 2858/2853/1371
f 2858/2853/1371 2864/2859/1378 2863/2858/1377
f 2720/2720/1248 2865/2860/1379 2866/2861/1249
f 2866/2861/1249 2867/2862/1248 2720/2720/1248
f 2867/2862/1248 2866/2861/1249 2653/2653/1249
f 2653/2653/1249 2634/2634/1249 2867/2862/1248
f 2842/2838/1360 2861/2856/1374 2868/2863/1380
f 2868/2863/1380 2869/2864/1381 2842/2838/1360
f 2869/2864/1381 2868/2863/1380 2865/2860/1382
f 2865/2860/1382 2713/2713/1382 2869/2864/1381
f 2848/2843/1364 2870/2865/1383 2871/2866/1384
f 2871/2866/1384 2872/2867/1385 2848/2843/1364
f 2872/2867/1385 2871/2866/1384 2873/2868/1386
f 2873/2868/1386 2874/2869/1387 2872/2867/1385
f 2624/2624/1254 2817/2817/1254 2875/2870/1388
f 2875/2870/1388 2876/2871/1389 2624/2624/1254
f 2876/2871/1389 2875/2870/1388 2870/2865/1383
f 2870/2865/1383 2838/2833/1357 2876/2871/1389
f 2877/2872/1390 2873/2868/1386 2878/2873/1391
f 2878/2873/1391 2879/2874/1392 2877/2872/1390
f 2879/2874/1392 2878/2873/1391 2749/2749/1393
f 2749/2749/1393 2880/2875/1315 2879/2874/1392
f 2881/2859/1394 2882/2876/1395 2883/2877/1396
f 2884/2877/1397 2885/2878/1398 2864/2859/1378
f 2886/2878/1399 2883/2877/1396 2887/2879/1400
f 2888/2879/1400 2877/2872/1390 2885/2878/1398
f 2679/2679/1401 2824/2824/1401 2889/2880/1402
f 2889/2880/1402 2890/2881/1403 2679/2679/1401
f 2891/2882/1404 2892/2883/1405 2893/2876/1406
f 2893/2876/1406 2857/2852/1370 2891/2882/1404
f 2874/2869/1387 2888/2879/1400 2894/2884/1407
f 2894/2884/1407 2895/2885/1408 2874/2869/1387
f 2896/2886/1409 2897/2887/1407 2794/2794/1339
f 2794/2794/1339 2898/2888/1339 2896/2886/1409
f 2755/2755/1410 2829/2829/1249 2899/2889/1411
f 2899/2889/1411 2900/2890/1410 2755/2755/1410
f 2900/2890/1410 2899/2889/1411 2880/2875/1315
f 2880/2875/1315 2741/2741/1312 2900/2890/1410
f 2898/2888/1339 2798/2798/1335 2901/2891/1412
f 2901/2891/1412 2902/2892/1413 2898/2888/1339
f 2902/2892/1413 2901/2891/1412 2808/2808/1414
f 2808/2808/1414 2820/2820/1281 2902/2892/1413
f 2658/2658/1270 2650/2650/1270 2649/2649/1269
f 2649/2649/1269 2832/2832/1269 2658/2658/1270
f 2685/2685/1274 2662/2662/1274 2655/2655/1273
f 2655/2655/1273 2654/2654/1260 2685/2685/1274
f 2680/2680/1349 2824/2824/1284 2679/2679/1284
f 2679/2679/1284 2678/2678/1282 2680/2680/1349
f 2633/2633/1245 2626/2626/1256 2625/2625/1255
f 2625/2625/1255 2703/2703/1255 2633/2633/1245
f 2751/2751/1316 2750/2750/1308 2777/2777/1332
f 2777/2777/1332 2760/2760/1324 2751/2751/1316
f 2645/2645/1265 2663/2663/1275 2639/2639/1246
f 2639/2639/1246 2638/2638/1259 2645/2645/1265
f 2606/2606/1236 2605/2605/1235 2629/2629/1255
f 2629/2629/1255 2615/2615/1245 2606/2606/1236
f 2669/2669/1278 2668/2668/1277 2670/2670/1279
f 2670/2670/1279 2675/2675/1281 2669/2669/1278
f 2648/2648/1268 2641/2641/1261 2640/2640/1260
f 2640/2640/1260 2659/2659/1274 2648/2648/1268
f 2635/2635/1347 2634/2634/1249 2653/2653/1249
f 2653/2653/1249 2644/2644/1270 2635/2635/1347
f 2754/2754/1415 2761/2761/1270 2829/2829/1249
f 2829/2829/1249 2755/2755/1410 2754/2754/1415
f 2756/2756/1320 2765/2765/1274 2764/2764/1273
f 2764/2764/1273 2757/2757/1321 2756/2756/1320
f 2770/2770/1416 2772/2772/1335 2790/2790/1281
f 2790/2790/1281 2771/2771/1351 2770/2770/1416
f 2722/2722/1296 2721/2721/1245 2814/2814/1345
f 2814/2814/1345 2731/2731/1304 2722/2722/1296
f 2720/2720/1248 2714/2714/1249 2713/2713/1293
f 2713/2713/1293 2865/2860/1379 2720/2720/1248
f 2742/2742/1312 2741/2741/1312 2880/2875/1315
f 2880/2875/1315 2749/2749/1315 2742/2742/1312
f 2745/2745/1308 2737/2737/1308 2736/2736/1309
f 2736/2736/1309 2795/2795/1310 2745/2745/1308
f 2793/2793/1338 2798/2798/1335 2898/2888/1339
f 2898/2888/1339 2794/2794/1339 2793/2793/1338
f 2789/2789/1281 2782/2782/1281 2781/2781/1281
f 2781/2781/1281 2849/2844/1281 2789/2789/1281
f 2780/2780/1275 2712/2712/1275 2711/2711/1246
f 2711/2711/1246 2717/2717/1246 2780/2780/1275
f 2619/2619/1248 2612/2612/1242 2611/2611/1250
f 2611/2611/1250 2620/2620/1249 2619/2619/1248
f 2630/2630/1250 2817/2817/1254 2624/2624/1254
f 2624/2624/1254 2623/2623/1253 2630/2630/1250
f 2725/2725/1417 2732/2732/1312 2746/2746/1249
f 2746/2746/1249 2726/2726/1250 2725/2725/1417
f 2735/2735/1308 2728/2728/1301 2727/2727/1300
f 2727/2727/1300 2740/2740/1309 2735/2735/1308
f 2807/2807/1342 2809/2809/745 2820/2820/1281
f 2820/2820/1281 2808/2808/1414 2807/2807/1342
f 2708/2708/745 2699/2699/745 2698/2698/1290
f 2698/2698/1290 2823/2823/1290 2708/2708/745
f 2687/2687/1418 2686/2686/1281 2702/2702/1281
f 2702/2702/1281 2697/2697/760 2687/2687/1418
f 2692/2692/1287 2610/2610/1240 2609/2609/1239
f 2609/2609/1239 2616/2616/1246 2692/2692/1287
f 2847/2834/1363 2838/2833/1357 2870/2865/1383
f 2870/2865/1383 2848/2843/1364 2847/2834/1363
f 2874/2869/1387 2873/2868/1386 2877/2872/1390
f 2877/2872/1390 2888/2879/1400 2874/2869/1387
f 2893/2876/1406 2864/2859/1378 2858/2853/1371
f 2858/2853/1371 2857/2852/1370 2893/2876/1406
f 2852/2847/1365 2861/2856/1374 2842/2838/1360
f 2842/2838/1360 2841/2837/1359 2852/2847/1365
f 2903/2893/1419 2617/2617/1247 2609/2609/1239
f 2609/2609/1239 2607/2607/1237 2903/2893/1419
f 2903/2893/1419 2607/2607/1237 2606/2606/1236
f 2606/2606/1236 2613/2613/1243 2903/2893/1419
f 2903/2893/1419 2613/2613/1243 2612/2612/1242
f 2612/2612/1242 2617/2617/1247 2903/2893/1419
f 2904/2894/1420 2631/2631/1244 2623/2623/1253
f 2623/2623/1253 2621/2621/1251 2904/2894/1420
f 2904/2894/1420 2621/2621/1251 2611/2611/1241
f 2611/2611/1241 2614/2614/1244 2904/2894/1420
f 2904/2894/1420 2614/2614/1244 2615/2615/1245
f 2615/2615/1245 2627/2627/1245 2904/2894/1420
f 2904/2894/1420 2627/2627/1245 2626/2626/1256
f 2626/2626/1256 2631/2631/1244 2904/2894/1420
f 2905/2895/1421 2646/2646/1266 2638/2638/1259
f 2638/2638/1259 2636/2636/1258 2905/2895/1421
f 2905/2895/1421 2636/2636/1258 2635/2635/1257
f 2635/2635/1257 2642/2642/1262 2905/2895/1421
f 2905/2895/1421 2642/2642/1262 2641/2641/1261
f 2641/2641/1261 2646/2646/1266 2905/2895/1421
f 2906/2896/1263 2643/2643/1263 2644/2644/1264
f 2644/2644/1264 2651/2651/1422 2906/2896/1263
f 2906/2896/1263 2651/2651/1422 2650/2650/1264
f 2650/2650/1264 2656/2656/1263 2906/2896/1263
f 2906/2896/1263 2656/2656/1263 2655/2655/1273
f 2655/2655/1273 2660/2660/1273 2906/2896/1263
f 2906/2896/1263 2660/2660/1273 2640/2640/1260
f 2640/2640/1260 2643/2643/1263 2906/2896/1263
f 2907/2897/1423 2671/2671/1280 2668/2668/1277
f 2668/2668/1277 2667/2667/1276 2907/2897/1423
f 2908/2898/1424 2664/2664/1276 2645/2645/1265
f 2645/2645/1265 2647/2647/1267 2908/2898/1424
f 2908/2898/1424 2647/2647/1267 2648/2648/1268
f 2648/2648/1268 2674/2674/1280 2908/2898/1424
f 2909/2899/237 2681/2681/237 2678/2678/1277
f 2678/2678/1277 2676/2676/1277 2909/2899/237
f 2909/2899/237 2676/2676/1277 2670/2670/1279
f 2670/2670/1279 2672/2672/237 2909/2899/237
f 2910/2900/237 2673/2673/237 2659/2659/1274
f 2659/2659/1274 2661/2661/1274 2910/2900/237
f 2910/2900/237 2661/2661/1274 2662/2662/1274
f 2662/2662/1274 2684/2684/237 2910/2900/237
f 2911/2901/1425 2608/2608/1238 2610/2610/1240
f 2610/2610/1240 2691/2691/1286 2911/2901/1425
f 2912/2902/1426 2688/2688/1286 2687/2687/1285
f 2687/2687/1285 2696/2696/1288 2912/2902/1426
f 2911/2901/1425 2693/2693/1288 2605/2605/1235
f 2605/2605/1235 2608/2608/1238 2911/2901/1425
f 2913/2903/1427 2695/2695/245 2697/2697/1289
f 2697/2697/1289 2700/2700/1428 2913/2903/1427
f 2913/2903/1427 2700/2700/1428 2699/2699/1289
f 2699/2699/1289 2707/2707/245 2913/2903/1427
f 2914/2904/1427 2704/2704/245 2625/2625/1255
f 2625/2625/1255 2628/2628/1255 2914/2904/1427
f 2914/2904/1427 2628/2628/1255 2629/2629/1255
f 2629/2629/1255 2694/2694/245 2914/2904/1427
f 2915/2905/334 2718/2718/334 2711/2711/1246
f 2711/2711/1246 2709/2709/1246 2915/2905/334
f 2915/2905/334 2709/2709/1246 2616/2616/1246
f 2616/2616/1246 2618/2618/334 2915/2905/334
f 2915/2905/334 2618/2618/334 2619/2619/1248
f 2619/2619/1248 2715/2715/1429 2915/2905/334
f 2915/2905/334 2715/2715/1429 2714/2714/1248
f 2714/2714/1248 2718/2718/334 2915/2905/334
f 2916/2906/1430 2733/2733/1306 2725/2725/1298
f 2725/2725/1298 2723/2723/1297 2916/2906/1430
f 2916/2906/1430 2723/2723/1297 2722/2722/1296
f 2722/2722/1296 2729/2729/1302 2916/2906/1430
f 2916/2906/1430 2729/2729/1302 2728/2728/1301
f 2728/2728/1301 2733/2733/1306 2916/2906/1430
f 2917/2907/1307 2734/2734/1307 2735/2735/1308
f 2735/2735/1308 2738/2738/1308 2917/2907/1307
f 2917/2907/1307 2738/2738/1308 2737/2737/1308
f 2737/2737/1308 2743/2743/1311 2917/2907/1307
f 2917/2907/1307 2743/2743/1311 2742/2742/1305
f 2742/2742/1305 2747/2747/1313 2917/2907/1307
f 2917/2907/1307 2747/2747/1313 2732/2732/1305
f 2732/2732/1305 2734/2734/1307 2917/2907/1307
f 2918/2908/1431 2762/2762/1325 2754/2754/1319
f 2754/2754/1319 2752/2752/1317 2918/2908/1431
f 2918/2908/1431 2752/2752/1317 2751/2751/1316
f 2751/2751/1316 2758/2758/1322 2918/2908/1431
f 2918/2908/1431 2758/2758/1322 2757/2757/1321
f 2757/2757/1321 2762/2762/1325 2918/2908/1431
f 2919/2909/1432 2773/2773/1330 2770/2770/1327
f 2770/2770/1327 2769/2769/1326 2919/2909/1432
f 2920/2910/1433 2766/2766/1326 2756/2756/1320
f 2756/2756/1320 2759/2759/1323 2920/2910/1433
f 2920/2910/1433 2759/2759/1323 2760/2760/1324
f 2760/2760/1324 2776/2776/1331 2920/2910/1433
f 2921/2911/665 2785/2785/665 2780/2780/1275
f 2780/2780/1275 2778/2778/1287 2921/2911/665
f 2921/2911/665 2778/2778/1287 2663/2663/1275
f 2663/2663/1275 2665/2665/665 2921/2911/665
f 2922/2912/665 2666/2666/665 2669/2669/1278
f 2669/2669/1278 2783/2783/1434 2922/2912/665
f 2922/2912/665 2783/2783/1434 2782/2782/1278
f 2782/2782/1278 2788/2788/665 2922/2912/665
f 2923/2913/656 2799/2799/656 2793/2793/1338
f 2793/2793/1338 2791/2791/1336 2923/2913/656
f 2923/2913/656 2791/2791/1336 2772/2772/1329
f 2772/2772/1329 2774/2774/656 2923/2913/656
f 2924/2914/656 2775/2775/656 2777/2777/1332
f 2777/2777/1332 2796/2796/1310 2924/2914/656
f 2924/2914/656 2796/2796/1310 2795/2795/1310
f 2795/2795/1310 2802/2802/656 2924/2914/656
f 2925/2915/1435 2810/2810/1343 2807/2807/1342
f 2807/2807/1342 2806/2806/1341 2925/2915/1435
f 2926/2916/1436 2803/2803/1341 2727/2727/1300
f 2727/2727/1300 2730/2730/1303 2926/2916/1436
f 2926/2916/1436 2730/2730/1303 2731/2731/1304
f 2731/2731/1304 2813/2813/1344 2926/2916/1436
f 2927/2917/1244 2632/2632/1244 2633/2633/1245
f 2633/2633/1245 2815/2815/1256 2927/2917/1244
f 2927/2917/1244 2815/2815/1256 2721/2721/1245
f 2721/2721/1245 2724/2724/1244 2927/2917/1244
f 2927/2917/1244 2724/2724/1244 2726/2726/1299
f 2726/2726/1299 2818/2818/1299 2927/2917/1244
f 2927/2917/1244 2818/2818/1299 2630/2630/1241
f 2630/2630/1241 2632/2632/1244 2927/2917/1244
f 2928/2918/1427 2706/2706/245 2708/2708/745
f 2708/2708/745 2821/2821/1289 2928/2918/1427
f 2928/2918/1427 2821/2821/1289 2809/2809/1289
f 2809/2809/1289 2811/2811/245 2928/2918/1427
f 2929/2919/245 2812/2812/245 2814/2814/1345
f 2814/2814/1345 2816/2816/1346 2929/2919/245
f 2929/2919/245 2816/2816/1346 2703/2703/1255
f 2703/2703/1255 2705/2705/245 2929/2919/245
f 2930/2920/237 2768/2768/237 2771/2771/1328
f 2771/2771/1328 2825/2825/1349 2930/2920/237
f 2930/2920/237 2825/2825/1349 2680/2680/1279
f 2680/2680/1279 2682/2682/237 2930/2920/237
f 2931/2921/237 2683/2683/237 2685/2685/1274
f 2685/2685/1274 2827/2827/1274 2931/2921/237
f 2931/2921/237 2827/2827/1274 2765/2765/1274
f 2765/2765/1274 2767/2767/237 2931/2921/237
f 2932/2922/1263 2657/2657/1263 2658/2658/1264
f 2658/2658/1264 2830/2830/1270 2932/2922/1263
f 2932/2922/1263 2830/2830/1270 2761/2761/1264
f 2761/2761/1264 2763/2763/1263 2932/2922/1263
f 2932/2922/1263 2763/2763/1263 2764/2764/1273
f 2764/2764/1273 2828/2828/1260 2932/2922/1263
f 2932/2922/1263 2828/2828/1260 2654/2654/1260
f 2654/2654/1260 2657/2657/1263 2932/2922/1263
f 2933/2923/1437 2934/2848/1366 2840/2837/1359
f 2840/2837/1359 2835/2835/1355 2933/2923/1437
f 2933/2923/1437 2835/2835/1355 2834/2834/1354
f 2834/2834/1354 2935/2842/1361 2933/2923/1437
f 2936/2924/1438 2843/2839/1361 2698/2698/1290
f 2698/2698/1290 2701/2701/1439 2936/2924/1438
f 2936/2924/1438 2701/2701/1439 2702/2702/1281
f 2702/2702/1281 2850/2845/1440 2936/2924/1438
f 2936/2924/1438 2850/2845/1440 2849/2844/1369
f 2849/2844/1369 2856/2851/1366 2936/2924/1438
f 2937/2925/1441 2868/2863/1380 2861/2856/1374
f 2861/2856/1374 2859/2854/1372 2937/2925/1441
f 2937/2925/1441 2859/2854/1372 2858/2853/1371
f 2858/2853/1371 2862/2857/1376 2937/2925/1441
f 2937/2925/1441 2862/2857/1376 2649/2649/1375
f 2649/2649/1375 2652/2652/1442 2937/2925/1441
f 2937/2925/1441 2652/2652/1442 2653/2653/1249
f 2653/2653/1249 2866/2861/1443 2937/2925/1441
f 2937/2925/1441 2866/2861/1443 2865/2860/1382
f 2865/2860/1382 2868/2863/1380 2937/2925/1441
f 2938/2926/1444 2878/2873/1391 2873/2868/1386
f 2873/2868/1386 2871/2866/1384 2938/2926/1444
f 2938/2926/1444 2871/2866/1384 2870/2865/1383
f 2870/2865/1383 2875/2870/1388 2938/2926/1444
f 2938/2926/1444 2875/2870/1388 2817/2817/1254
f 2817/2817/1254 2819/2819/1445 2938/2926/1444
f 2938/2926/1444 2819/2819/1445 2746/2746/1249
f 2746/2746/1249 2748/2748/1314 2938/2926/1444
f 2938/2926/1444 2748/2748/1314 2749/2749/1393
f 2749/2749/1393 2878/2873/1391 2938/2926/1444
f 2939/2927/1446 2940/2884/1447 2887/2879/1400
f 2887/2879/1400 2883/2877/1396 2939/2927/1446
f 2939/2927/1446 2883/2877/1396 2882/2876/1395
f 2882/2876/1395 2941/2883/1405 2939/2927/1446
f 2942/2928/1448 2889/2880/1402 2824/2824/1401
f 2824/2824/1401 2826/2826/1449 2942/2928/1448
f 2942/2928/1448 2826/2826/1449 2790/2790/1281
f 2790/2790/1281 2792/2792/1450 2942/2928/1448
f 2942/2928/1448 2792/2792/1450 2794/2794/1339
f 2794/2794/1339 2897/2887/1407 2942/2928/1448
f 2943/2929/334 2779/2779/1333 2717/2717/1246
f 2717/2717/1246 2719/2719/1295 2943/2929/334
f 2943/2929/334 2719/2719/1295 2720/2720/1248
f 2720/2720/1248 2867/2862/1248 2943/2929/334
f 2943/2929/334 2867/2862/1248 2634/2634/1248
f 2634/2634/1248 2637/2637/334 2943/2929/334
f 2943/2929/334 2637/2637/334 2639/2639/1246
f 2639/2639/1246 2779/2779/1333 2943/2929/334
f 2944/2930/1451 2876/2871/1389 2838/2833/1357
f 2838/2833/1357 2837/2836/1356 2944/2930/1451
f 2944/2930/1451 2837/2836/1356 2842/2838/1360
f 2842/2838/1360 2869/2864/1381 2944/2930/1451
f 2944/2930/1451 2869/2864/1381 2713/2713/1382
f 2713/2713/1382 2716/2716/1452 2944/2930/1451
f 2944/2930/1451 2716/2716/1452 2620/2620/1249
f 2620/2620/1249 2622/2622/1453 2944/2930/1451
f 2944/2930/1451 2622/2622/1453 2624/2624/1254
f 2624/2624/1254 2876/2871/1389 2944/2930/1451
f 2945/2931/1454 2863/2858/1377 2864/2859/1378
f 2864/2859/1378 2885/2878/1398 2945/2931/1454
f 2945/2931/1454 2885/2878/1398 2877/2872/1390
f 2877/2872/1390 2879/2874/1392 2945/2931/1454
f 2945/2931/1454 2879/2874/1392 2880/2875/1315
f 2880/2875/1315 2899/2889/1455 2945/2931/1454
f 2945/2931/1454 2899/2889/1455 2829/2829/1249
f 2829/2829/1249 2831/2831/1456 2945/2931/1454
f 2945/2931/1454 2831/2831/1456 2832/2832/1375
f 2832/2832/1375 2863/2858/1377 2945/2931/1454
f 2946/2932/1318 2900/2890/1312 2741/2741/1305
f 2741/2741/1305 2744/2744/1307 2946/2932/1318
f 2946/2932/1318 2744/2744/1307 2745/2745/1308
f 2745/2745/1308 2797/2797/1340 2946/2932/1318
f 2946/2932/1318 2797/2797/1340 2750/2750/1308
f 2750/2750/1308 2753/2753/1318 2946/2932/1318
f 2946/2932/1318 2753/2753/1318 2755/2755/1305
f 2755/2755/1305 2900/2890/1312 2946/2932/1318
f 2947/2933/656 2805/2805/656 2808/2808/1329
f 2808/2808/1329 2901/2891/1412 2947/2933/656
f 2947/2933/656 2901/2891/1412 2798/2798/1335
f 2798/2798/1335 2800/2800/656 2947/2933/656
f 2948/2934/656 2801/2801/656 2736/2736/1309
f 2736/2736/1309 2739/2739/1310 2948/2934/656
f 2948/2934/656 2739/2739/1310 2740/2740/1309
f 2740/2740/1309 2804/2804/656 2948/2934/656
f 2949/2935/1457 2845/2841/1362 2848/2843/1364
f 2848/2843/1364 2872/2867/1385 2949/2935/1457
f 2949/2935/1457 2872/2867/1385 2874/2869/1387
f 2950/2869/1387 2951/2885/1458 2952/2935/1457
f 2953/2936/1459 2896/2886/1409 2898/2888/1339
f 2898/2888/1339 2902/2892/1460 2953/2936/1459
f 2953/2936/1459 2902/2892/1460 2820/2820/1281
f 2820/2820/1281 2822/2822/1461 2953/2936/1459
f 2953/2936/1459 2822/2822/1461 2823/2823/1290
f 2823/2823/1290 2844/2840/1362 2953/2936/1459
f 2954/2937/1462 2891/2882/1404 2857/2852/1370
f 2857/2852/1370 2860/2855/1373 2954/2937/1462
f 2954/2937/1462 2860/2855/1373 2852/2847/1365
f 2955/2847/1365 2956/2849/1463 2957/2937/1464
f 2958/2938/1462 2855/2850/1368 2781/2781/1369
f 2781/2781/1369 2784/2784/1465 2958/2938/1462
f 2958/2938/1462 2784/2784/1465 2675/2675/1281
f 2675/2675/1281 2677/2677/1466 2958/2938/1462
f 2958/2938/1462 2677/2677/1466 2679/2679/1401
f 2679/2679/1401 2890/2881/1403 2958/2938/1462
f 2959/2939/665 2690/2690/665 2692/2692/1287
f 2692/2692/1287 2710/2710/1287 2959/2939/665
f 2959/2939/665 2710/2710/1287 2712/2712/1275
f 2712/2712/1275 2786/2786/665 2959/2939/665
f 2960/2940/665 2787/2787/665 2789/2789/1334
f 2789/2789/1334 2851/2846/1278 2960/2940/665
f 2960/2940/665 2851/2846/1278 2686/2686/1278
f 2686/2686/1278 2689/2689/665 2960/2940/665
f 2961/2941/1467 2962/2942/1468 2963/2943/1469
f 2963/2943/1469 2964/2944/1470 2961/2941/1467
f 2965/2945/1469 2966/2946/1468 2967/2947/1077
f 2967/2947/1077 2968/2948/1077 2965/2945/1469
f 2966/2946/1468 2969/2949/1467 2970/2950/1281
f 2970/2950/1281 2967/2947/1077 2966/2946/1468
f 2969/2949/1467 2971/2951/1470 2972/2952/1078
f 2972/2952/1078 2970/2950/1281 2969/2949/1467
f 2971/2951/1470 2973/2953/1469 2974/2954/1077
f 2974/2954/1077 2972/2952/1078 2971/2951/1470
f 2975/2955/1471 2976/2956/1472 2977/2957/1473
f 2977/2957/1473 2978/2958/1474 2975/2955/1471
f 2978/2958/1474 2977/2957/1473 2979/2959/111
f 2979/2959/111 2980/2960/785 2978/2958/1474
f 2981/2961/135 2982/2962/111 2983/2963/1475
f 2983/2963/1475 2984/2964/1476 2981/2961/135
f 2985/2965/1476 2986/2966/806 2987/2967/1477
f 2987/2967/1477 2988/2968/1478 2985/2965/1476
f 2989/2969/551 2990/2970/552 2991/2971/843
f 2991/2971/843 2992/2972/844 2989/2969/551
f 2993/2973/850 2991/2971/843 2994/2974/1479
f 2994/2974/1479 2995/2975/1480 2993/2973/850
f 2995/2975/1480 2994/2974/1479 2996/2976/1481
f 2996/2976/1481 2997/2977/1482 2995/2975/1480
f 2998/2978/828 2981/2961/135 2999/2979/1182
f 2999/2979/1182 3000/2980/1483 2998/2978/828
f 3000/2980/1483 2999/2979/1182 2992/2972/844
f 2992/2972/844 3001/2981/1484 3000/2980/1483
f 3001/2981/1484 2993/2973/850 3002/2982/1485
f 3002/2982/1485 3003/2983/564 3001/2981/1484
f 3004/2984/564 3005/2985/1486 3006/2986/1487
f 3006/2986/1487 3007/2987/1488 3004/2984/564
f 3008/2988/1489 3006/2986/1487 3009/2989/1490
f 3009/2989/1490 3010/2990/1491 3008/2988/1489
f 3011/2991/1492 2998/2978/828 3012/2992/1493
f 3012/2992/1493 3013/2993/1494 3011/2991/1492
f 3014/2994/1494 3015/2995/1495 3007/2987/1488
f 3007/2987/1488 3016/2996/827 3014/2994/1494
f 3016/2996/827 3008/2988/1489 3017/2997/574
f 3017/2997/574 3018/2998/573 3016/2996/827
f 3011/2991/1496 2982/2962/111 2981/2961/135
f 2981/2961/135 2998/2978/828 3011/2991/1496
f 3007/2987/1488 3006/2986/1487 3008/2988/1489
f 3008/2988/1489 3016/2996/827 3007/2987/1488
f 2992/2972/844 2991/2971/843 2993/2973/850
f 2993/2973/850 3001/2981/1484 2992/2972/844
f 3019/2999/530 3020/3000/1497 2979/2959/111
f 2979/2959/111 2977/2957/1473 3019/2999/530
f 3019/2999/530 2977/2957/1473 2976/2956/1472
f 2976/2956/1472 3021/3001/1498 3019/2999/530
f 3022/3002/530 3023/3003/1499 2987/2967/1477
f 2987/2967/1477 2986/2966/806 3022/3002/530
f 3024/3004/944 2994/2974/1479 2991/2971/843
f 2991/2971/843 2990/2970/552 3024/3004/944
f 3025/3005/861 2985/2965/1476 2988/2968/1478
f 2988/2968/1478 3026/3006/1500 3025/3005/861
f 3027/3007/206 2989/2969/551 2992/2972/844
f 2992/2972/844 2999/2979/1182 3027/3007/206
f 3027/3007/206 2999/2979/1182 2981/2961/135
f 2981/2961/135 2984/2964/1476 3027/3007/206
f 3028/3008/866 3009/2989/1490 3006/2986/1487
f 3006/2986/1487 3005/2985/1486 3028/3008/866
f 3029/3009/1234 3002/2982/1485 2993/2973/850
f 2993/2973/850 2995/2975/1480 3029/3009/1234
f 3029/3009/1234 2995/2975/1480 2997/2977/1482
f 2997/2977/1482 3030/3010/1501 3029/3009/1234
f 3031/3011/1502 3000/2980/1483 3001/2981/1484
f 3001/2981/1484 3003/2983/564 3031/3011/1502
f 3032/3012/200 3004/2984/564 3007/2987/1488
f 3007/2987/1488 3015/2995/1495 3032/3012/200
f 3031/3011/1502 3012/2992/1493 2998/2978/828
f 2998/2978/828 3000/2980/1483 3031/3011/1502
f 3033/3013/445 3017/2997/574 3008/2988/1489
f 3008/2988/1489 3010/2990/1491 3033/3013/445
f 3034/3014/210 3014/2994/1494 3016/2996/827
f 3016/2996/827 3018/2998/573 3034/3014/210
f 3035/3015/210 3036/3016/1503 2975/2955/1471
f 2975/2955/1471 2978/2958/1474 3035/3015/210
f 3035/3015/210 2978/2958/1474 2980/2960/785
f 2980/2960/785 3037/3017/1494 3035/3015/210
f 3038/3018/1504 3039/3019/1505 3040/3020/1506
f 3040/3020/1506 3041/3021/1507 3038/3018/1504
f 3042/3022/1508 3039/3019/1505 3038/3018/1504
f 3038/3018/1504 3043/3023/1509 3042/3022/1508
f 3044/3024/1472 3045/3025/1510 3046/3026/1511
f 3046/3026/1511 3047/3027/1498 3044/3024/1472
f 3023/3003/1499 3048/3028/1511 3049/3029/1512
f 3049/3029/1512 2987/2967/1477 3023/3003/1499
f 2988/2968/1478 3050/3030/1513 3051/3031/1514
f 3051/3031/1514 3026/3006/1500 2988/2968/1478
f 3052/3032/1491 3053/3033/1501 3054/3034/1515
f 3054/3034/1515 3055/3035/1516 3052/3032/1491
f 3056/3036/573 3057/3037/1517 3058/3038/1518
f 3058/3038/1518 3059/3039/1471 3056/3036/573
f 3038/3018/1519 3055/3035/1516 3054/3034/1520
f 3054/3034/1520 3043/3023/1481 3038/3018/1519
f 3059/3039/1471 3058/3038/1518 3045/3025/1510
f 3045/3025/1510 3044/3024/1472 3059/3039/1471
f 2988/2968/1478 2987/2967/1477 3049/3029/1512
f 3049/3029/1512 3050/3030/1513 2988/2968/1478
f 3040/3020/1506 3046/3026/1511 3045/3025/1510
f 3045/3025/1510 3041/3021/1507 3040/3020/1506
f 3060/3040/1506 3061/3041/1505 3049/3029/1512
f 3049/3029/1512 3048/3028/1511 3060/3040/1506
f 3062/3042/537 3051/3031/1514 3050/3030/1513
f 3050/3030/1513 3063/3043/1521 3062/3042/537
f 3024/3004/944 3064/3044/1521 2996/2976/1481
f 2996/2976/1481 2994/2974/1479 3024/3004/944
f 3065/3045/445 3066/3046/1522 3058/3038/1518
f 3058/3038/1518 3057/3037/1517 3065/3045/445
f 3065/3045/445 3052/3032/1491 3055/3035/1516
f 3055/3035/1516 3066/3046/1522 3065/3045/445
f 3055/3035/1516 3038/3018/1504 3041/3021/1507
f 3041/3021/1507 3066/3046/1522 3055/3035/1516
f 3049/3029/1512 3061/3041/1505 3063/3043/1521
f 3063/3043/1521 3050/3030/1513 3049/3029/1512
f 3058/3038/1518 3066/3046/1522 3041/3021/1507
f 3041/3021/1507 3045/3025/1510 3058/3038/1518
f 3067/3047/1523 3068/3048/1524 3069/3049/1525
f 3069/3049/1525 3070/3050/1526 3067/3047/1523
f 3070/3050/1526 3069/3049/1525 3071/3051/1527
f 3071/3051/1527 3072/3052/1528 3070/3050/1526
f 3073/3053/1529 3074/3054/1530 3075/3055/6
f 3075/3055/6 3076/3056/7 3073/3053/1529
f 3077/3057/7 3078/3058/6 3079/3059/1531
f 3079/3059/1531 3080/3060/17 3077/3057/7
f 3081/3061/1532 3071/3051/1527 3082/3062/1533
f 3082/3062/1533 3083/3063/1534 3081/3061/1532
f 3084/3064/1534 3085/3065/1533 3074/3054/1530
f 3074/3054/1530 3086/3066/1535 3084/3064/1534
f 3087/3067/1536 3088/3068/1537 3089/3069/1538
f 3089/3069/1538 3090/3070/1539 3087/3067/1536
f 3090/3070/1539 3089/3069/1538 3080/3060/17
f 3080/3060/17 3091/3071/40 3090/3070/1539
f 3092/3072/1540 3073/3053/1529 3093/3073/1541
f 3093/3073/1541 3094/3074/1542 3092/3072/1540
f 3095/3075/1543 3096/3076/1544 3088/3068/1537
f 3088/3068/1537 3097/3077/1545 3095/3075/1543
f 3098/3078/47 3099/3079/24 3100/3080/316
f 3100/3080/316 3101/3081/315 3098/3078/47
f 3102/3082/315 3103/3083/316 3097/3077/1545
f 3097/3077/1545 3104/3084/1546 3102/3082/315
f 3086/3066/1535 3092/3072/1540 3105/3085/28
f 3105/3085/28 3106/3086/29 3086/3066/1535
f 3107/3087/29 3108/3088/28 3099/3079/24
f 3099/3079/24 3109/3089/318 3107/3087/29
f 3110/3090/1547 3081/3061/1532 3111/3091/321
f 3111/3091/321 3112/3092/319 3110/3090/1547
f 3113/3093/319 3114/3094/320 3109/3089/318
f 3109/3089/318 3115/3095/35 3113/3093/319
f 3116/3096/1548 3117/3097/1549 3118/3098/1550
f 3118/3098/1550 3119/3099/1551 3116/3096/1548
f 3120/3100/1551 3121/3101/1550 3072/3052/1528
f 3072/3052/1528 3110/3090/1547 3120/3100/1551
f 3091/3071/40 3122/3102/1523 3123/3103/41
f 3123/3103/41 3124/3104/42 3091/3071/40
f 3125/3105/42 3126/3106/41 3117/3097/1549
f 3117/3097/1549 3127/3107/1552 3125/3105/42
f 3128/3108/1553 3116/3096/1548 3129/3109/45
f 3129/3109/45 3130/3110/46 3128/3108/1553
f 3131/3111/1554 3132/3112/45 3115/3095/35
f 3115/3095/35 3098/3078/47 3131/3111/1554
f 3104/3084/1546 3087/3067/1536 3133/3113/1555
f 3133/3113/1555 3134/3114/1556 3104/3084/1546
f 3135/3115/1556 3136/3116/1555 3127/3107/1552
f 3127/3107/1552 3128/3108/1553 3135/3115/1556
f 3092/3072/1540 3086/3066/1535 3074/3054/1530
f 3074/3054/1530 3073/3053/1529 3092/3072/1540
f 3079/3059/1531 3122/3102/1523 3091/3071/40
f 3091/3071/40 3080/3060/17 3079/3059/1531
f 3088/3068/1537 3087/3067/1536 3104/3084/1546
f 3104/3084/1546 3097/3077/1545 3088/3068/1537
f 3099/3079/24 3098/3078/47 3115/3095/35
f 3115/3095/35 3109/3089/318 3099/3079/24
f 3081/3061/1532 3110/3090/1547 3072/3052/1528
f 3072/3052/1528 3071/3051/1527 3081/3061/1532
f 3117/3097/1549 3116/3096/1548 3128/3108/1553
f 3128/3108/1553 3127/3107/1552 3117/3097/1549
f 3137/3117/329 3082/3062/1533 3071/3051/1527
f 3071/3051/1527 3069/3049/1525 3137/3117/329
f 3137/3117/329 3069/3049/1525 3068/3048/1524
f 3068/3048/1524 3138/3118/6 3137/3117/329
f 3139/3119/698 3075/3055/6 3074/3054/1530
f 3074/3054/1530 3085/3065/1533 3139/3119/698
f 3140/3120/1557 3077/3057/7 3080/3060/17
f 3080/3060/17 3089/3069/1538 3140/3120/1557
f 3140/3120/1557 3089/3069/1538 3088/3068/1537
f 3088/3068/1537 3096/3076/1544 3140/3120/1557
f 3141/3121/712 3093/3073/1541 3073/3053/1529
f 3073/3053/1529 3076/3056/7 3141/3121/712
f 3142/3122/703 3095/3075/1543 3097/3077/1545
f 3097/3077/1545 3103/3083/316 3142/3122/703
f 3143/3123/709 3100/3080/316 3099/3079/24
f 3099/3079/24 3108/3088/28 3143/3123/709
f 3144/3124/54 3105/3085/28 3092/3072/1540
f 3092/3072/1540 3094/3074/1542 3144/3124/54
f 3145/3125/56 3107/3087/29 3109/3089/318
f 3109/3089/318 3114/3094/320 3145/3125/56
f 3146/3126/55 3111/3091/321 3081/3061/1532
f 3081/3061/1532 3083/3063/1534 3146/3126/55
f 3147/3127/55 3084/3064/1534 3086/3066/1535
f 3086/3066/1535 3106/3086/29 3147/3127/55
f 3148/3128/324 3149/3129/41 3067/3047/1523
f 3067/3047/1523 3070/3050/1526 3148/3128/324
f 3148/3128/324 3070/3050/1526 3072/3052/1528
f 3072/3052/1528 3121/3101/1550 3148/3128/324
f 3150/3130/700 3118/3098/1550 3117/3097/1549
f 3117/3097/1549 3126/3106/41 3150/3130/700
f 3151/3131/59 3120/3100/1551 3110/3090/1547
f 3110/3090/1547 3112/3092/319 3151/3131/59
f 3152/3132/328 3113/3093/319 3115/3095/35
f 3115/3095/35 3132/3112/45 3152/3132/328
f 3153/3133/328 3129/3109/45 3116/3096/1548
f 3116/3096/1548 3119/3099/1551 3153/3133/328
f 3154/3134/60 3133/3113/1555 3087/3067/1536
f 3087/3067/1536 3090/3070/1539 3154/3134/60
f 3154/3134/60 3090/3070/1539 3091/3071/40
f 3091/3071/40 3124/3104/42 3154/3134/60
f 3155/3135/710 3125/3105/42 3127/3107/1552
f 3127/3107/1552 3136/3116/1555 3155/3135/710
f 3156/3136/326 3131/3111/1554 3098/3078/47
f 3098/3078/47 3101/3081/315 3156/3136/326
f 3157/3137/62 3102/3082/315 3104/3084/1546
f 3104/3084/1546 3134/3114/1556 3157/3137/62
f 3158/3138/1558 3135/3115/1556 3128/3108/1553
f 3128/3108/1553 3130/3110/46 3158/3138/1558
f 3159/3139/1559 3160/3140/1528 3161/3141/1560
f 3161/3141/1560 3162/3142/1561 3159/3139/1559
f 3162/3142/1561 3161/3141/1560 3163/3143/305
f 3163/3143/305 3164/3144/306 3162/3142/1561
f 3165/3145/1548 3166/3146/1549 3167/3147/1550
f 3167/3147/1550 3168/3148/1562 3165/3145/1548
f 3169/3149/1562 3170/3150/1550 3160/3140/1528
f 3160/3140/1528 3171/3151/1563 3169/3149/1562
f 3172/3152/18 3163/3143/305 3173/3153/41
f 3173/3153/41 3174/3154/42 3172/3152/18
f 3175/3155/42 3176/3156/41 3166/3146/1549
f 3166/3146/1549 3177/3157/1564 3175/3155/42
f 3178/3158/17 3179/3159/18 3180/3160/1565
f 3180/3160/1565 3181/3161/1566 3178/3158/17
f 3181/3161/1566 3180/3160/1565 3182/3162/1536
f 3182/3162/1536 3183/3163/1567 3181/3161/1566
f 3184/3164/1568 3182/3162/1536 3185/3165/1555
f 3185/3165/1555 3186/3166/1556 3184/3164/1568
f 3187/3167/1556 3188/3168/1555 3177/3157/1564
f 3177/3157/1564 3189/3169/1553 3187/3167/1556
f 3190/3170/1545 3184/3164/1568 3191/3171/1569
f 3191/3171/1569 3192/3172/1570 3190/3170/1545
f 3192/3172/1570 3191/3171/1569 3193/3173/23
f 3193/3173/23 3194/3174/24 3192/3172/1570
f 3195/3175/1571 3193/3173/23 3196/3176/46
f 3196/3176/46 3197/3177/45 3195/3175/1571
f 3198/3178/45 3199/3179/46 3189/3169/1553
f 3189/3169/1553 3165/3145/1548 3198/3178/45
f 3200/3180/318 3201/3181/35 3202/3182/1572
f 3202/3182/1572 3203/3183/320 3200/3180/318
f 3203/3183/320 3202/3182/1572 3171/3151/1563
f 3171/3151/1563 3204/3184/1532 3203/3183/320
f 3205/3185/1529 3206/3186/1530 3207/3187/6
f 3207/3187/6 3208/3188/7 3205/3185/1529
f 3209/3189/7 3210/3190/6 3164/3144/306
f 3164/3144/306 3211/3191/17 3209/3189/7
f 3204/3184/1532 3159/3139/1559 3212/3192/1533
f 3212/3192/1533 3213/3193/1534 3204/3184/1532
f 3214/3194/1534 3215/3195/1533 3206/3186/1530
f 3206/3186/1530 3216/3196/1535 3214/3194/1534
f 3194/3174/24 3217/3197/318 3218/3198/29
f 3218/3198/29 3219/3199/28 3194/3174/24
f 3220/3200/28 3221/3201/29 3216/3196/1535
f 3216/3196/1535 3222/3202/1573 3220/3200/28
f 3222/3202/1573 3205/3185/1529 3223/3203/1541
f 3223/3203/1541 3224/3204/1542 3222/3202/1573
f 3225/3205/1542 3226/3206/1541 3183/3163/1567
f 3183/3163/1567 3190/3170/1545 3225/3205/1542
f 3166/3146/1549 3165/3145/1548 3189/3169/1553
f 3189/3169/1553 3177/3157/1564 3166/3146/1549
f 3211/3191/17 3164/3144/306 3163/3143/305
f 3163/3143/305 3172/3152/18 3211/3191/17
f 3190/3170/1545 3183/3163/1567 3182/3162/1536
f 3182/3162/1536 3184/3164/1568 3190/3170/1545
f 3217/3197/318 3194/3174/24 3193/3173/23
f 3193/3173/23 3195/3175/1571 3217/3197/318
f 3159/3139/1559 3204/3184/1532 3171/3151/1563
f 3171/3151/1563 3160/3140/1528 3159/3139/1559
f 3222/3202/1573 3216/3196/1535 3206/3186/1530
f 3206/3186/1530 3205/3185/1529 3222/3202/1573
f 3227/3207/324 3173/3153/41 3163/3143/305
f 3163/3143/305 3161/3141/1560 3227/3207/324
f 3227/3207/324 3161/3141/1560 3160/3140/1528
f 3160/3140/1528 3170/3150/1550 3227/3207/324
f 3228/3208/700 3167/3147/1550 3166/3146/1549
f 3166/3146/1549 3176/3156/41 3228/3208/700
f 3229/3209/705 3185/3165/1555 3182/3162/1536
f 3182/3162/1536 3180/3160/1565 3229/3209/705
f 3229/3209/705 3180/3160/1565 3179/3159/18
f 3179/3159/18 3230/3210/42 3229/3209/705
f 3231/3211/770 3175/3155/42 3177/3157/1564
f 3177/3157/1564 3188/3168/1555 3231/3211/770
f 3232/3212/62 3196/3176/46 3193/3173/23
f 3193/3173/23 3191/3171/1569 3232/3212/62
f 3232/3212/62 3191/3171/1569 3184/3164/1568
f 3184/3164/1568 3186/3166/1556 3232/3212/62
f 3233/3213/62 3187/3167/1556 3189/3169/1553
f 3189/3169/1553 3199/3179/46 3233/3213/62
f 3234/3214/59 3169/3149/1562 3171/3151/1563
f 3171/3151/1563 3202/3182/1572 3234/3214/59
f 3234/3214/59 3202/3182/1572 3201/3181/35
f 3201/3181/35 3235/3215/45 3234/3214/59
f 3236/3216/59 3198/3178/45 3165/3145/1548
f 3165/3145/1548 3168/3148/1562 3236/3216/59
f 3237/3217/706 3212/3192/1533 3159/3139/1559
f 3159/3139/1559 3162/3142/1561 3237/3217/706
f 3237/3217/706 3162/3142/1561 3164/3144/306
f 3164/3144/306 3210/3190/6 3237/3217/706
f 3238/3218/50 3207/3187/6 3206/3186/1530
f 3206/3186/1530 3215/3195/1533 3238/3218/50
f 3239/3219/56 3240/3220/29 3200/3180/318
f 3200/3180/318 3203/3183/320 3239/3219/56
f 3239/3219/56 3203/3183/320 3204/3184/1532
f 3204/3184/1532 3213/3193/1534 3239/3219/56
f 3241/3221/701 3214/3194/1534 3216/3196/1535
f 3216/3196/1535 3221/3201/29 3241/3221/701
f 3242/3222/712 3243/3223/7 3178/3158/17
f 3178/3158/17 3181/3161/1566 3242/3222/712
f 3242/3222/712 3181/3161/1566 3183/3163/1567
f 3183/3163/1567 3226/3206/1541 3242/3222/712
f 3244/3224/704 3223/3203/1541 3205/3185/1529
f 3205/3185/1529 3208/3188/7 3244/3224/704
f 3245/3225/769 3225/3205/1542 3190/3170/1545
f 3190/3170/1545 3192/3172/1570 3245/3225/769
f 3245/3225/769 3192/3172/1570 3194/3174/24
f 3194/3174/24 3219/3199/28 3245/3225/769
f 3246/3226/709 3220/3200/28 3222/3202/1573
f 3222/3202/1573 3224/3204/1542 3246/3226/709
f 3247/3227/1523 3248/3228/306 3249/3229/1574
f 3249/3229/1574 3250/3230/1526 3247/3227/1523
f 3250/3230/1526 3249/3229/1574 3251/3231/2
f 3251/3231/2 3252/3232/3 3250/3230/1526
f 3253/3233/4 3254/3234/5 3255/3235/6
f 3255/3235/6 3256/3236/7 3253/3233/4
f 3257/3237/7 3258/3238/6 3259/3239/306
f 3259/3239/306 3260/3240/17 3257/3237/7
f 3261/3241/9 3251/3231/2 3262/3242/10
f 3262/3242/10 3263/3243/11 3261/3241/9
f 3264/3244/11 3265/3245/10 3254/3234/5
f 3254/3234/5 3266/3246/323 3264/3244/11
f 3267/3247/13 3268/3248/14 3269/3249/1575
f 3269/3249/1575 3270/3250/16 3267/3247/13
f 3270/3250/16 3269/3249/1575 3260/3240/17
f 3260/3240/17 3271/3251/18 3270/3250/16
f 3272/3252/19 3253/3233/4 3273/3253/20
f 3273/3253/20 3274/3254/21 3272/3252/19
f 3275/3255/21 3276/3256/20 3268/3248/14
f 3268/3248/14 3277/3257/22 3275/3255/21
f 3278/3258/47 3279/3259/24 3280/3260/316
f 3280/3260/316 3281/3261/315 3278/3258/47
f 3282/3262/26 3283/3263/316 3277/3257/22
f 3277/3257/22 3284/3264/27 3282/3262/26
f 3266/3246/323 3272/3252/19 3285/3265/28
f 3285/3265/28 3286/3266/29 3266/3246/323
f 3287/3267/29 3288/3268/28 3279/3259/24
f 3279/3259/24 3289/3269/31 3287/3267/29
f 3290/3270/309 3261/3241/9 3291/3271/320
f 3291/3271/320 3292/3272/319 3290/3270/309
f 3293/3273/319 3294/3274/321 3289/3269/31
f 3289/3269/31 3295/3275/35 3293/3273/319
f 3296/3276/307 3297/3277/1576 3298/3278/38
f 3298/3278/38 3299/3279/39 3296/3276/307
f 3300/3280/39 3301/3281/38 3252/3232/3
f 3252/3232/3 3290/3270/309 3300/3280/39
f 3271/3251/18 3302/3282/305 3303/3283/41
f 3303/3283/41 3304/3284/42 3271/3251/18
f 3305/3285/42 3306/3286/41 3297/3277/1576
f 3297/3277/1576 3307/3287/43 3305/3285/42
f 3308/3288/1577 3296/3276/307 3309/3289/45
f 3309/3289/45 3310/3290/46 3308/3288/1577
f 3311/3291/46 3312/3292/45 3295/3275/35
f 3295/3275/35 3278/3258/47 3311/3291/46
f 3284/3264/27 3267/3247/13 3313/3293/48
f 3313/3293/48 3314/3294/49 3284/3264/27
f 3315/3295/49 3316/3296/48 3307/3287/43
f 3307/3287/43 3308/3288/1577 3315/3295/49
f 3272/3252/19 3266/3246/323 3254/3234/5
f 3254/3234/5 3253/3233/4 3272/3252/19
f 3259/3239/306 3302/3282/305 3271/3251/18
f 3271/3251/18 3260/3240/17 3259/3239/306
f 3268/3248/14 3267/3247/13 3284/3264/27
f 3284/3264/27 3277/3257/1578 3268/3248/14
f 3279/3259/24 3278/3258/47 3295/3275/35
f 3295/3275/35 3289/3269/31 3279/3259/24
f 3261/3241/1579 3290/3270/309 3252/3232/3
f 3252/3232/3 3251/3231/2 3261/3241/1579
f 3297/3277/1576 3296/3276/307 3308/3288/1577
f 3308/3288/1577 3307/3287/43 3297/3277/1576
f 3317/3297/698 3262/3242/10 3251/3231/2
f 3251/3231/2 3249/3229/1574 3317/3297/698
f 3317/3297/698 3249/3229/1574 3248/3228/306
f 3248/3228/306 3318/3298/6 3317/3297/698
f 3319/3299/50 3255/3235/6 3254/3234/5
f 3254/3234/5 3265/3245/10 3319/3299/50
f 3320/3300/712 3257/3237/7 3260/3240/17
f 3260/3240/17 3269/3249/1575 3320/3300/712
f 3320/3300/712 3269/3249/1575 3268/3248/14
f 3268/3248/14 3276/3256/20 3320/3300/712
f 3321/3301/1557 3273/3253/20 3253/3233/4
f 3253/3233/4 3256/3236/7 3321/3301/1557
f 3322/3302/769 3275/3255/21 3277/3257/22
f 3277/3257/22 3283/3263/316 3322/3302/769
f 3323/3303/703 3280/3260/316 3279/3259/24
f 3279/3259/24 3288/3268/28 3323/3303/703
f 3324/3304/709 3285/3265/28 3272/3252/19
f 3272/3252/19 3274/3254/21 3324/3304/709
f 3325/3305/1580 3287/3267/29 3289/3269/31
f 3289/3269/31 3294/3274/321 3325/3305/1580
f 3326/3306/1580 3291/3271/320 3261/3241/9
f 3261/3241/9 3263/3243/11 3326/3306/1580
f 3327/3307/1580 3264/3244/11 3266/3246/323
f 3266/3246/323 3286/3266/29 3327/3307/1580
f 3328/3308/1581 3329/3309/41 3247/3227/1523
f 3247/3227/1523 3250/3230/1526 3328/3308/1581
f 3328/3308/1581 3250/3230/1526 3252/3232/3
f 3252/3232/3 3301/3281/38 3328/3308/1581
f 3330/3310/58 3298/3278/38 3297/3277/1576
f 3297/3277/1576 3306/3286/41 3330/3310/58
f 3331/3311/707 3300/3280/39 3290/3270/309
f 3290/3270/309 3292/3272/319 3331/3311/707
f 3332/3312/59 3293/3273/319 3295/3275/35
f 3295/3275/35 3312/3292/45 3332/3312/59
f 3333/3313/328 3309/3289/45 3296/3276/307
f 3296/3276/307 3299/3279/39 3333/3313/328
f 3334/3314/325 3313/3293/48 3267/3247/13
f 3267/3247/13 3270/3250/16 3334/3314/325
f 3334/3314/325 3270/3250/16 3271/3251/18
f 3271/3251/18 3304/3284/42 3334/3314/325
f 3335/3315/325 3305/3285/42 3307/3287/43
f 3307/3287/43 3316/3296/48 3335/3315/325
f 3336/3316/326 3311/3291/46 3278/3258/47
f 3278/3258/47 3281/3261/315 3336/3316/326
f 3337/3317/708 3282/3262/26 3284/3264/27
f 3284/3264/27 3314/3294/49 3337/3317/708
f 3338/3318/1558 3315/3295/49 3308/3288/1577
f 3308/3288/1577 3310/3290/46 3338/3318/1558
f 3339/3319/36 3340/3320/731 3341/3321/334
f 3341/3321/334 3342/3322/39 3339/3319/36
f 3342/3322/39 3341/3321/334 3343/3323/758
f 3343/3323/758 3344/3324/1582 3342/3322/39
f 3345/3325/1583 3346/3326/721 3347/3327/719
f 3347/3327/719 3348/3328/1584 3345/3325/1583
f 3349/3329/718 3350/3330/719 3344/3324/1582
f 3344/3324/1582 3351/3331/1585 3349/3329/718
f 3352/3332/44 3339/3319/36 3353/3333/45
f 3353/3333/45 3354/3334/46 3352/3332/44
f 3355/3335/46 3356/3336/45 3346/3326/721
f 3346/3326/721 3357/3337/1586 3355/3335/46
f 3358/3338/726 3359/3339/727 3360/3340/725
f 3360/3340/725 3361/3341/724 3358/3338/726
f 3362/3342/724 3363/3343/725 3357/3337/1586
f 3357/3337/1586 3364/3344/1587 3362/3342/724
f 3365/3345/737 3352/3332/44 3366/3346/1588
f 3366/3346/1588 3367/3347/665 3365/3345/737
f 3367/3347/665 3366/3346/1588 3368/3348/734
f 3368/3348/734 3369/3349/735 3367/3347/665
f 3351/3331/1585 3370/3350/759 3371/3351/67
f 3371/3351/67 3372/3352/11 3351/3331/1585
f 3373/3353/11 3374/3354/67 3375/3355/716
f 3375/3355/716 3376/3356/1589 3373/3353/11
f 3364/3344/1587 3345/3325/1583 3377/3357/29
f 3377/3357/29 3378/3358/28 3364/3344/1587
f 3379/3359/28 3380/3360/29 3376/3356/1589
f 3376/3356/1589 3381/3361/19 3379/3359/28
f 3381/3361/19 3382/3362/1590 3383/3363/693
f 3383/3363/693 3384/3364/21 3381/3361/19
f 3384/3364/21 3383/3363/693 3385/3365/757
f 3385/3365/757 3358/3338/726 3384/3364/21
f 3386/3366/751 3387/3367/737 3388/3368/665
f 3388/3368/665 3389/3369/764 3386/3366/751
f 3389/3369/764 3388/3368/665 3390/3370/763
f 3390/3370/763 3391/3371/1591 3389/3369/764
f 3392/3372/1592 3393/3373/749 3394/3374/748
f 3394/3374/748 3395/3375/746 3392/3372/1592
f 3396/3376/746 3397/3377/748 3398/3378/745
f 3398/3378/745 3399/3379/738 3396/3376/746
f 3400/3380/767 3386/3366/751 3401/3381/42
f 3401/3381/42 3402/3382/41 3400/3380/767
f 3403/3383/41 3404/3384/42 3393/3373/749
f 3393/3373/749 3405/3385/1593 3403/3383/41
f 3406/3386/742 3392/3372/1592 3407/3387/7
f 3407/3387/7 3408/3388/6 3406/3386/742
f 3409/3389/6 3410/3390/7 3411/3391/741
f 3411/3391/741 3412/3392/1594 3409/3389/6
f 3405/3385/1593 3406/3386/742 3413/3393/1595
f 3413/3393/1595 3414/3394/755 3405/3385/1593
f 3415/3395/755 3416/3396/756 3417/3397/1596
f 3417/3397/1596 3418/3398/754 3415/3395/755
f 3352/3332/44 3365/3345/737 3340/3320/731
f 3340/3320/731 3339/3319/36 3352/3332/44
f 3405/3385/1593 3393/3373/749 3392/3372/1592
f 3392/3372/1592 3406/3386/742 3405/3385/1593
f 3419/3399/735 3359/3339/727 3358/3338/726
f 3358/3338/726 3385/3365/757 3419/3399/735
f 3357/3337/1586 3346/3326/721 3345/3325/1583
f 3345/3325/1583 3364/3344/1587 3357/3337/1586
f 3344/3324/1582 3343/3323/758 3370/3350/759
f 3370/3350/759 3351/3331/713 3344/3324/1582
f 3398/3378/760 3420/3400/735 3421/3401/757
f 3421/3401/757 3399/3379/738 3398/3378/760
f 3411/3391/741 3422/3402/729 3423/3403/716
f 3423/3403/716 3412/3392/1594 3411/3391/741
f 3417/3397/762 3424/3404/759 3425/3405/758
f 3425/3405/758 3418/3398/754 3417/3397/762
f 3400/3380/767 3426/3406/731 3387/3367/737
f 3387/3367/737 3386/3366/751 3400/3380/767
f 3382/3362/1590 3381/3361/19 3376/3356/1589
f 3376/3356/1589 3375/3355/716 3382/3362/1590
f 3420/3400/735 3419/3399/735 3385/3365/757
f 3385/3365/757 3421/3401/757 3420/3400/735
f 3422/3402/729 3382/3362/1590 3375/3355/716
f 3375/3355/716 3423/3403/716 3422/3402/729
f 3424/3404/759 3370/3350/759 3343/3323/758
f 3343/3323/758 3425/3405/758 3424/3404/759
f 3426/3406/731 3340/3320/731 3365/3345/737
f 3365/3345/737 3387/3367/737 3426/3406/731
f 3425/3405/733 3343/3323/758 3341/3321/334
f 3341/3321/334 3427/3407/624 3425/3405/733
f 3427/3407/624 3341/3321/334 3340/3320/731
f 3340/3320/731 3426/3406/731 3427/3407/624
f 3423/3403/716 3375/3355/716 3374/3354/67
f 3374/3354/67 3428/3408/67 3423/3403/716
f 3429/3409/67 3371/3351/67 3370/3350/759
f 3370/3350/759 3424/3404/714 3429/3409/67
f 3421/3401/728 3385/3365/757 3383/3363/693
f 3383/3363/693 3430/3410/693 3421/3401/728
f 3430/3410/693 3383/3363/693 3382/3362/1590
f 3382/3362/1590 3422/3402/729 3430/3410/693
f 3387/3367/737 3365/3345/737 3367/3347/665
f 3367/3347/665 3388/3368/665 3387/3367/737
f 3388/3368/665 3367/3347/665 3369/3349/735
f 3369/3349/735 3390/3370/763 3388/3368/665
f 3399/3379/738 3421/3401/728 3430/3410/693
f 3430/3410/693 3431/3411/740 3399/3379/738
f 3431/3411/740 3430/3410/693 3422/3402/729
f 3422/3402/729 3411/3391/741 3431/3411/740
f 3412/3392/1594 3423/3403/716 3428/3408/67
f 3428/3408/67 3432/3412/768 3412/3392/1594
f 3433/3413/768 3429/3409/67 3424/3404/714
f 3424/3404/714 3417/3397/1596 3433/3413/768
f 3418/3398/754 3425/3405/733 3427/3407/624
f 3427/3407/624 3434/3414/766 3418/3398/754
f 3434/3414/766 3427/3407/624 3426/3406/731
f 3426/3406/731 3400/3380/767 3434/3414/766
f 3435/3415/327 3342/3322/39 3344/3324/1582
f 3344/3324/1582 3350/3330/719 3435/3415/327
f 3436/3416/707 3347/3327/719 3346/3326/721
f 3346/3326/721 3356/3336/45 3436/3416/707
f 3435/3415/327 3353/3333/45 3339/3319/36
f 3339/3319/36 3342/3322/39 3435/3415/327
f 3437/3417/62 3355/3335/46 3357/3337/1586
f 3357/3337/1586 3363/3343/725 3437/3417/62
f 3438/3418/63 3439/3419/725 3368/3348/734
f 3368/3348/734 3366/3346/1588 3438/3418/63
f 3438/3418/63 3366/3346/1588 3352/3332/44
f 3352/3332/44 3354/3334/46 3438/3418/63
f 3440/3420/56 3377/3357/29 3345/3325/1583
f 3345/3325/1583 3348/3328/1584 3440/3420/56
f 3441/3421/1597 3349/3329/718 3351/3331/1585
f 3351/3331/1585 3372/3352/11 3441/3421/1597
f 3442/3422/701 3373/3353/11 3376/3356/1589
f 3376/3356/1589 3380/3360/29 3442/3422/701
f 3443/3423/702 3384/3364/21 3358/3338/726
f 3358/3338/726 3361/3341/724 3443/3423/702
f 3444/3424/53 3362/3342/724 3364/3344/1587
f 3364/3344/1587 3378/3358/28 3444/3424/53
f 3443/3423/702 3379/3359/28 3381/3361/19
f 3381/3361/19 3384/3364/21 3443/3423/702
f 3445/3425/705 3401/3381/42 3386/3366/751
f 3386/3366/751 3389/3369/764 3445/3425/705
f 3445/3425/705 3389/3369/764 3391/3371/1591
f 3391/3371/1591 3446/3426/748 3445/3425/705
f 3447/3427/770 3394/3374/748 3393/3373/749
f 3393/3373/749 3404/3384/42 3447/3427/770
f 3448/3428/1598 3396/3376/746 3399/3379/738
f 3399/3379/738 3431/3411/740 3448/3428/1598
f 3448/3428/1598 3431/3411/740 3411/3391/741
f 3411/3391/741 3410/3390/7 3448/3428/1598
f 3449/3429/1598 3407/3387/7 3392/3372/1592
f 3392/3372/1592 3395/3375/746 3449/3429/1598
f 3450/3430/706 3409/3389/6 3412/3392/1594
f 3412/3392/1594 3432/3412/768 3450/3430/706
f 3451/3431/329 3433/3413/768 3417/3397/1596
f 3417/3397/1596 3416/3396/756 3451/3431/329
f 3452/3432/1599 3413/3393/1595 3406/3386/742
f 3406/3386/742 3408/3388/6 3452/3432/1599
f 3453/3433/699 3415/3395/755 3418/3398/754
f 3418/3398/754 3434/3414/766 3453/3433/699
f 3453/3433/699 3434/3414/766 3400/3380/767
f 3400/3380/767 3402/3382/41 3453/3433/699
f 3454/3434/58 3403/3383/41 3405/3385/1593
f 3405/3385/1593 3414/3394/755 3454/3434/58
f 3455/3435/1600 3456/3436/1601 3457/3437/1602
f 3457/3437/1602 3458/3438/1603 3455/3435/1600
f 3458/3438/1603 3457/3437/1602 3459/3439/1604
f 3459/3439/1604 3460/3440/1605 3458/3438/1603
f 3461/3441/1606 3462/3442/1607 3463/3443/1608
f 3463/3443/1608 3464/3444/1609 3461/3441/1606
f 3465/3445/1609 3466/3446/1610 3456/3436/1601
f 3456/3436/1601 3467/3447/1611 3465/3445/1609
f 3468/3448/1612 3459/3439/1604 3469/3449/1613
f 3469/3449/1613 3470/3450/1614 3468/3448/1612
f 3471/3451/1615 3472/3452/1616 3462/3442/1607
f 3462/3442/1607 3473/3453/1617 3471/3451/1615
f 3474/3454/1618 3468/3448/1612 3475/3455/1619
f 3475/3455/1619 3476/3456/1620 3474/3454/1618
f 3476/3456/1620 3475/3455/1619 3477/3457/1621
f 3477/3457/1621 3478/3458/1622 3476/3456/1620
f 3479/3459/1623 3480/3460/1621 3481/3461/1624
f 3481/3461/1624 3482/3462/1625 3479/3459/1623
f 3483/3463/1625 3484/3464/1626 3473/3453/1617
f 3473/3453/1617 3485/3465/1627 3483/3463/1625
f 3486/3466/1628 3479/3459/1623 3487/3467/1629
f 3487/3467/1629 3488/3468/1630 3486/3466/1628
f 3488/3468/1630 3487/3467/1629 3489/3469/1631
f 3489/3469/1631 3490/3470/1632 3488/3468/1630
f 3491/3471/1633 3489/3469/1631 3492/3472/1634
f 3492/3472/1634 3493/3473/1635 3491/3471/1633
f 3494/3474/1636 3495/3475/1637 3485/3465/1627
f 3485/3465/1627 3461/3441/1606 3494/3474/1636
f 3496/3476/1638 3491/3471/1633 3497/3477/1639
f 3497/3477/1639 3498/3478/1640 3496/3476/1638
f 3498/3478/1640 3497/3477/1639 3499/3479/1641
f 3499/3479/1641 3500/3480/1642 3498/3478/1640
f 3501/3481/1643 3502/3482/1644 3503/3483/500
f 3503/3483/500 3504/3484/500 3501/3481/1643
f 3504/3484/500 3503/3483/500 3505/3485/1645
f 3505/3485/1645 3506/3486/1645 3504/3484/500
f 3507/3487/1646 3508/3488/1646 3509/3489/496
f 3509/3489/496 3510/3490/496 3507/3487/1646
f 3510/3490/496 3509/3489/496 3511/3491/1647
f 3511/3491/1647 3512/3492/1647 3510/3490/496
f 3513/3493/1648 3514/3494/1649 3515/3495/1650
f 3515/3495/1650 3516/3496/1625 3513/3493/1648
f 3517/3497/1625 3518/3498/142 3519/3499/1651
f 3519/3499/1651 3520/3500/1627 3517/3497/1625
f 3521/3501/1652 3522/3502/1653 3523/3503/1654
f 3523/3503/1654 3524/3504/1655 3521/3501/1652
f 3525/3505/1635 3526/3506/1656 3520/3500/1627
f 3520/3500/1627 3527/3507/1606 3525/3505/1635
f 3528/3508/1657 3529/3509/1658 3530/3510/1659
f 3530/3510/1659 3531/3511/1660 3528/3508/1657
f 3532/3512/1660 3533/3513/178 3534/3514/1661
f 3534/3514/1661 3535/3515/1662 3532/3512/1660
f 3536/3516/1663 3537/3517/1664 3538/3518/1665
f 3538/3518/1665 3539/3519/1615 3536/3516/1663
f 3540/3520/1614 3541/3521/1616 3535/3515/1662
f 3535/3515/1662 3542/3522/1666 3540/3520/1614
f 3543/3523/1667 3544/3524/1667 3545/3525/475
f 3545/3525/475 3546/3526/475 3543/3523/1667
f 3546/3526/475 3545/3525/475 3547/3527/1668
f 3547/3527/1668 3548/3528/1668 3546/3526/475
f 3549/3529/1669 3550/3530/1669 3551/3531/487
f 3551/3531/487 3552/3532/487 3549/3529/1669
f 3552/3532/487 3551/3531/487 3553/3533/1670
f 3553/3533/1670 3554/3534/1671 3552/3532/487
f 3555/3535/1672 3455/3435/1600 3556/3536/1673
f 3556/3536/1673 3557/3537/1674 3555/3535/1672
f 3558/3538/1675 3559/3539/1673 3560/3540/1676
f 3560/3540/1676 3561/3541/1677 3558/3538/1675
f 3562/3542/1678 3560/3540/1676 3563/3543/1679
f 3563/3543/1679 3564/3544/1680 3562/3542/1678
f 3565/3545/1681 3566/3546/1682 3460/3440/1605
f 3460/3440/1605 3474/3454/1618 3565/3545/1681
f 3567/3547/1683 3562/3542/1678 3568/3548/1684
f 3568/3548/1684 3569/3549/1685 3567/3547/1683
f 3570/3550/1686 3571/3551/1687 3572/3552/1688
f 3572/3552/1688 3486/3466/1628 3570/3550/1686
f 3561/3541/1677 3567/3547/1683 3573/3553/1689
f 3573/3553/1689 3574/3554/1690 3561/3541/1677
f 3575/3555/1691 3576/3556/1692 3490/3470/1632
f 3490/3470/1632 3496/3476/1638 3575/3555/1691
f 3577/3557/1604 3578/3558/1605 3579/3559/1693
f 3579/3559/1693 3580/3560/1694 3577/3557/1604
f 3580/3560/1694 3579/3559/1693 3581/3561/1695
f 3581/3561/1695 3582/3562/1601 3580/3560/1694
f 3583/3563/1678 3584/3564/1676 3585/3565/1679
f 3585/3565/1679 3586/3566/1696 3583/3563/1678
f 3587/3567/1681 3588/3568/1697 3578/3558/1605
f 3578/3558/1605 3589/3569/1618 3587/3567/1681
f 3590/3570/1672 3581/3561/1695 3591/3571/1698
f 3591/3571/1698 3592/3572/1674 3590/3570/1672
f 3593/3573/1699 3594/3574/1700 3584/3564/1676
f 3584/3564/1676 3595/3575/1677 3593/3573/1699
f 3596/3576/1621 3597/3577/1701 3598/3578/1702
f 3598/3578/1702 3599/3579/1703 3596/3576/1621
f 3599/3579/1703 3598/3578/1702 3589/3569/1618
f 3589/3569/1618 3600/3580/1704 3599/3579/1703
f 3601/3581/1683 3583/3563/1678 3602/3582/1705
f 3602/3582/1705 3603/3583/1706 3601/3581/1683
f 3604/3584/1706 3605/3585/1705 3606/3586/1707
f 3606/3586/1707 3607/3587/1708 3604/3584/1706
f 3608/3588/1631 3609/3589/1632 3610/3590/1709
f 3610/3590/1709 3611/3591/1710 3608/3588/1631
f 3611/3591/1710 3610/3590/1709 3607/3587/1708
f 3607/3587/1708 3612/3592/1623 3611/3591/1710
f 3595/3575/1677 3601/3581/1683 3613/3593/1711
f 3613/3593/1711 3614/3594/1712 3595/3575/1677
f 3615/3595/1713 3616/3596/1714 3609/3589/1632
f 3609/3589/1632 3617/3597/1638 3615/3595/1713
f 3618/3598/1641 3619/3599/1715 3620/3600/1716
f 3620/3600/1716 3621/3601/1717 3618/3598/1641
f 3621/3601/1717 3620/3600/1716 3617/3597/1638
f 3617/3597/1638 3622/3602/1633 3621/3601/1717
f 3623/3603/1718 3624/3604/1719 3625/3605/1720
f 3625/3605/1720 3626/3606/1721 3623/3603/1718
f 3627/3607/1721 3628/3608/84 3629/3609/1722
f 3629/3609/1722 3630/3610/1723 3627/3607/1721
f 3631/3611/1646 3632/3612/1724 3633/3613/1725
f 3633/3613/1725 3634/3614/496 3631/3611/1646
f 3634/3614/496 3633/3613/1725 3635/3615/1726
f 3635/3615/1726 3636/3616/1647 3634/3614/496
f 3637/3617/1677 3638/3618/1683 3639/3619/1727
f 3639/3619/1727 3640/3620/1712 3637/3617/1677
f 3641/3621/1713 3642/3622/1692 3632/3612/1724
f 3632/3612/1724 3643/3623/1728 3641/3621/1713
f 3644/3624/1643 3645/3625/1729 3646/3626/1730
f 3646/3626/1730 3647/3627/500 3644/3624/1643
f 3647/3627/500 3646/3626/1730 3643/3623/1728
f 3643/3623/1728 3648/3628/1731 3647/3627/500
f 3649/3629/1732 3637/3617/1677 3650/3630/1733
f 3650/3630/1733 3651/3631/1734 3649/3629/1732
f 3652/3632/1735 3653/3633/1736 3645/3625/1729
f 3645/3625/1729 3654/3634/1737 3652/3632/1735
f 3655/3635/1667 3656/3636/1738 3657/3637/1739
f 3657/3637/1739 3658/3638/475 3655/3635/1667
f 3658/3638/475 3657/3637/1739 3659/3639/1740
f 3659/3639/1740 3660/3640/1668 3658/3638/475
f 3630/3610/1723 3661/3641/1741 3662/3642/1742
f 3662/3642/1742 3663/3643/1696 3630/3610/1723
f 3664/3644/1696 3665/3645/1682 3656/3636/1738
f 3656/3636/1738 3666/3646/1743 3664/3644/1696
f 3667/3647/1669 3623/3603/1718 3668/3648/1744
f 3668/3648/1744 3669/3649/1745 3667/3647/1669
f 3670/3650/1193 3671/3651/1746 3666/3646/1743
f 3666/3646/1743 3672/3652/1670 3670/3650/1193
f 3673/3653/1606 3674/3654/1607 3675/3655/1747
f 3675/3655/1747 3676/3656/1748 3673/3653/1606
f 3677/3657/1749 3678/3658/1750 3582/3562/1601
f 3582/3562/1601 3679/3659/1611 3677/3657/1749
f 3600/3580/1704 3577/3557/1604 3680/3660/1751
f 3680/3660/1751 3681/3661/1615 3600/3580/1704
f 3682/3662/1615 3683/3663/1752 3674/3654/1607
f 3674/3654/1607 3684/3664/1617 3682/3662/1615
f 3612/3592/1623 3685/3665/1621 3686/3666/1753
f 3686/3666/1753 3687/3667/1754 3612/3592/1623
f 3688/3668/1755 3689/3669/1756 3684/3664/1617
f 3684/3664/1617 3690/3670/1627 3688/3668/1755
f 3622/3602/1633 3608/3588/1631 3691/3671/1637
f 3691/3671/1637 3692/3672/1655 3622/3602/1633
f 3693/3673/1636 3694/3674/1757 3690/3670/1627
f 3690/3670/1627 3673/3653/1606 3693/3673/1636
f 3536/3516/1663 3695/3675/1670 3696/3676/1667
f 3696/3676/1667 3537/3517/1664 3536/3516/1663
f 3513/3493/1648 3697/3677/1647 3698/3678/1078
f 3698/3678/1078 3514/3494/1649 3513/3493/1648
f 3521/3501/1652 3699/3679/1645 3700/3680/1646
f 3700/3680/1646 3522/3502/1653 3521/3501/1652
f 3529/3509/1658 3701/3681/1077 3702/3682/1643
f 3702/3682/1643 3703/3683/1758 3529/3509/1658
f 3473/3453/1617 3462/3442/1607 3461/3441/1606
f 3461/3441/1606 3485/3465/1627 3473/3453/1617
f 3528/3508/1657 3704/3684/1668 3701/3681/1077
f 3701/3681/1077 3529/3509/1658 3528/3508/1657
f 3535/3515/1662 3534/3514/1661 3519/3499/1651
f 3519/3499/1651 3542/3522/1666 3535/3515/1662
f 3705/3685/1759 3514/3494/1649 3698/3678/1078
f 3698/3678/1078 3706/3686/1760 3705/3685/1759
f 3468/3448/1612 3474/3454/1618 3460/3440/1605
f 3460/3440/1605 3459/3439/1604 3468/3448/1612
f 3479/3459/1761 3486/3466/1762 3572/3552/1688
f 3572/3552/1688 3480/3460/1763 3479/3459/1761
f 3491/3471/1633 3496/3476/1638 3490/3470/1632
f 3490/3470/1632 3489/3469/1631 3491/3471/1633
f 3456/3436/1764 3455/3435/1600 3555/3535/1672
f 3555/3535/1672 3467/3447/1611 3456/3436/1764
f 3562/3542/1678 3567/3547/1683 3561/3541/1677
f 3561/3541/1677 3560/3540/1676 3562/3542/1678
f 3527/3507/1606 3520/3500/1627 3519/3499/1651
f 3519/3499/1651 3534/3514/1661 3527/3507/1606
f 3707/3687/1077 3708/3688/1077 3502/3482/1644
f 3502/3482/1644 3501/3481/1643 3707/3687/1077
f 3506/3486/1645 3505/3485/1645 3508/3488/1646
f 3508/3488/1646 3507/3487/1646 3506/3486/1645
f 3512/3492/1647 3511/3491/1647 3709/3689/1078
f 3709/3689/1078 3710/3690/1078 3512/3492/1647
f 3711/3691/1760 3712/3692/1760 3710/3690/1078
f 3710/3690/1078 3709/3689/1078 3711/3691/1760
f 3554/3534/1671 3553/3533/1670 3544/3524/1667
f 3544/3524/1667 3543/3523/1667 3554/3534/1671
f 3713/3693/1668 3708/3688/1077 3707/3687/1077
f 3707/3687/1077 3714/3694/1668 3713/3693/1668
f 3701/3681/1077 3707/3687/1077 3501/3481/1643
f 3501/3481/1643 3702/3682/1643 3701/3681/1077
f 3699/3679/1645 3506/3486/1645 3507/3487/1646
f 3507/3487/1646 3700/3680/1646 3699/3679/1645
f 3697/3677/1647 3512/3492/1647 3710/3690/1078
f 3710/3690/1078 3698/3678/1078 3697/3677/1647
f 3712/3692/1760 3706/3686/1760 3698/3678/1078
f 3698/3678/1078 3710/3690/1078 3712/3692/1760
f 3695/3675/1670 3554/3534/1671 3543/3523/1667
f 3543/3523/1667 3696/3676/1667 3695/3675/1670
f 3704/3684/1668 3714/3694/1668 3707/3687/1077
f 3707/3687/1077 3701/3681/1077 3704/3684/1668
f 3655/3635/1667 3672/3652/1670 3666/3646/1743
f 3666/3646/1743 3656/3636/1738 3655/3635/1667
f 3715/3695/1078 3636/3616/1647 3635/3615/1726
f 3635/3615/1726 3624/3604/1719 3715/3695/1078
f 3631/3611/1646 3648/3628/1731 3643/3623/1728
f 3643/3623/1728 3632/3612/1724 3631/3611/1646
f 3644/3624/1643 3716/3696/1077 3654/3634/1737
f 3654/3634/1737 3645/3625/1729 3644/3624/1643
f 3595/3575/1677 3584/3564/1676 3583/3563/1678
f 3583/3563/1678 3601/3581/1683 3595/3575/1677
f 3716/3696/1077 3717/3697/1668 3718/3698/1765
f 3718/3698/1765 3654/3634/1737 3716/3696/1077
f 3629/3609/1722 3649/3629/1732 3661/3641/1741
f 3661/3641/1741 3630/3610/1723 3629/3609/1722
f 3715/3695/1078 3624/3604/1719 3623/3603/1766
f 3623/3603/1766 3667/3647/1760 3715/3695/1078
f 3577/3557/1604 3600/3580/1704 3589/3569/1618
f 3589/3569/1618 3578/3558/1605 3577/3557/1604
f 3685/3665/1621 3612/3592/1623 3607/3587/1708
f 3607/3587/1708 3606/3586/1707 3685/3665/1621
f 3608/3588/1631 3622/3602/1633 3617/3597/1638
f 3617/3597/1638 3609/3589/1632 3608/3588/1631
f 3679/3659/1611 3582/3562/1601 3581/3561/1695
f 3581/3561/1695 3590/3570/1672 3679/3659/1611
f 3673/3653/1606 3690/3670/1627 3684/3664/1617
f 3684/3664/1617 3674/3654/1607 3673/3653/1606
f 3629/3609/1722 3638/3618/1683 3637/3617/1677
f 3637/3617/1677 3649/3629/1732 3629/3609/1722
f 3502/3482/1644 3708/3688/1077 3719/3699/1077
f 3719/3699/1077 3720/3700/1643 3502/3482/1644
f 3508/3488/1646 3505/3485/1645 3721/3701/1645
f 3721/3701/1645 3722/3702/1646 3508/3488/1646
f 3709/3689/1078 3511/3491/1647 3723/3703/1647
f 3723/3703/1647 3724/3704/1078 3709/3689/1078
f 3724/3704/1078 3725/3705/1760 3711/3691/1760
f 3711/3691/1760 3709/3689/1078 3724/3704/1078
f 3544/3524/1667 3553/3533/1670 3726/3706/1670
f 3726/3706/1670 3727/3707/1667 3544/3524/1667
f 3719/3699/1077 3708/3688/1077 3713/3693/1668
f 3713/3693/1668 3728/3708/1668 3719/3699/1077
f 3720/3700/1643 3719/3699/1077 3716/3696/1077
f 3716/3696/1077 3644/3624/1643 3720/3700/1643
f 3722/3702/1646 3721/3701/1645 3648/3628/1731
f 3648/3628/1731 3631/3611/1646 3722/3702/1646
f 3724/3704/1078 3723/3703/1647 3636/3616/1647
f 3636/3616/1647 3715/3695/1078 3724/3704/1078
f 3715/3695/1078 3667/3647/1760 3725/3705/1760
f 3725/3705/1760 3724/3704/1078 3715/3695/1078
f 3727/3707/1667 3726/3706/1670 3672/3652/1670
f 3672/3652/1670 3655/3635/1667 3727/3707/1667
f 3719/3699/1077 3728/3708/1668 3717/3697/1668
f 3717/3697/1668 3716/3696/1077 3719/3699/1077
f 3702/3682/1643 3501/3481/1643 3504/3484/500
f 3504/3484/500 3729/3709/500 3702/3682/1643
f 3729/3709/500 3504/3484/500 3506/3486/1645
f 3506/3486/1645 3699/3679/1645 3729/3709/500
f 3700/3680/1646 3507/3487/1646 3510/3490/496
f 3510/3490/496 3730/3710/496 3700/3680/1646
f 3730/3710/496 3510/3490/496 3512/3492/1647
f 3512/3492/1647 3697/3677/1647 3730/3710/496
f 3542/3522/1666 3519/3499/1651 3518/3498/142
f 3518/3498/142 3731/3711/1767 3542/3522/1666
f 3732/3712/1767 3515/3495/1650 3514/3494/1649
f 3514/3494/1649 3705/3685/1768 3732/3712/1767
f 3529/3509/1658 3703/3683/1758 3733/3713/1769
f 3733/3713/1769 3530/3510/1659 3529/3509/1658
f 3533/3513/178 3734/3714/1770 3527/3507/1606
f 3527/3507/1606 3534/3514/1661 3533/3513/178
f 3696/3676/1667 3543/3523/1667 3546/3526/475
f 3546/3526/475 3735/3715/475 3696/3676/1667
f 3735/3715/475 3546/3526/475 3548/3528/1668
f 3548/3528/1668 3736/3716/1771 3735/3715/475
f 3737/3717/1669 3549/3529/1669 3552/3532/487
f 3552/3532/487 3738/3718/487 3737/3717/1669
f 3738/3718/487 3552/3532/487 3554/3534/1671
f 3554/3534/1671 3695/3675/1670 3738/3718/487
f 3699/3679/1645 3521/3501/1652 3739/3719/1772
f 3739/3719/1772 3729/3709/500 3699/3679/1645
f 3729/3709/500 3739/3719/1772 3703/3683/1758
f 3703/3683/1758 3702/3682/1643 3729/3709/500
f 3697/3677/1647 3513/3493/1648 3740/3720/1773
f 3740/3720/1773 3730/3710/496 3697/3677/1647
f 3730/3710/496 3740/3720/1773 3522/3502/1653
f 3522/3502/1653 3700/3680/1646 3730/3710/496
f 3695/3675/1670 3536/3516/1663 3741/3721/1774
f 3741/3721/1774 3738/3718/487 3695/3675/1670
f 3738/3718/487 3741/3721/1774 3742/3722/1775
f 3742/3722/1775 3737/3717/1669 3738/3718/487
f 3736/3716/1771 3743/3723/1776 3744/3724/1777
f 3744/3724/1777 3735/3715/475 3736/3716/1771
f 3735/3715/475 3744/3724/1777 3537/3517/1664
f 3537/3517/1664 3696/3676/1667 3735/3715/475
f 3721/3701/1645 3505/3485/1645 3503/3483/500
f 3503/3483/500 3745/3725/909 3721/3701/1645
f 3745/3725/909 3503/3483/500 3502/3482/1644
f 3502/3482/1644 3720/3700/1643 3745/3725/909
f 3723/3703/1647 3511/3491/1647 3509/3489/496
f 3509/3489/496 3746/3726/915 3723/3703/1647
f 3746/3726/915 3509/3489/496 3508/3488/1646
f 3508/3488/1646 3722/3702/1646 3746/3726/915
f 3638/3618/1683 3629/3609/1722 3628/3608/84
f 3628/3608/84 3747/3727/1685 3638/3618/1683
f 3748/3728/1778 3625/3605/1720 3624/3604/1719
f 3624/3604/1719 3635/3615/1726 3748/3728/1778
f 3661/3641/1741 3649/3629/1732 3651/3631/1734
f 3651/3631/1734 3749/3729/784 3661/3641/1741
f 3750/3730/784 3652/3632/1735 3654/3634/1737
f 3654/3634/1737 3718/3698/1765 3750/3730/784
f 3751/3731/1668 3547/3527/1668 3545/3525/475
f 3545/3525/475 3752/3732/1 3751/3731/1668
f 3752/3732/1 3545/3525/475 3544/3524/1667
f 3544/3524/1667 3727/3707/1667 3752/3732/1
f 3726/3706/1670 3553/3533/1670 3551/3531/487
f 3551/3531/487 3753/3733/889 3726/3706/1670
f 3753/3733/889 3551/3531/487 3550/3530/1669
f 3550/3530/1669 3754/3734/1760 3753/3733/889
f 3648/3628/1731 3721/3701/1645 3745/3725/909
f 3745/3725/909 3647/3627/500 3648/3628/1731
f 3647/3627/500 3745/3725/909 3720/3700/1643
f 3720/3700/1643 3644/3624/1643 3647/3627/500
f 3636/3616/1647 3723/3703/1647 3746/3726/915
f 3746/3726/915 3634/3614/496 3636/3616/1647
f 3634/3614/496 3746/3726/915 3722/3702/1646
f 3722/3702/1646 3631/3611/1646 3634/3614/496
f 3672/3652/1670 3726/3706/1670 3753/3733/889
f 3753/3733/889 3670/3650/1193 3672/3652/1670
f 3669/3649/1745 3755/3735/889 3725/3705/1760
f 3725/3705/1760 3667/3647/1669 3669/3649/1745
f 3660/3640/1668 3751/3731/1668 3752/3732/1
f 3752/3732/1 3658/3638/475 3660/3640/1668
f 3658/3638/475 3752/3732/1 3727/3707/1667
f 3727/3707/1667 3655/3635/1667 3658/3638/475
f 3756/3736/213 3469/3449/1613 3459/3439/1604
f 3459/3439/1604 3457/3437/1602 3756/3736/213
f 3756/3736/213 3457/3437/1602 3456/3436/1601
f 3456/3436/1601 3466/3446/1610 3756/3736/213
f 3757/3737/213 3463/3443/1608 3462/3442/1607
f 3462/3442/1607 3472/3452/1616 3757/3737/213
f 3758/3738/1779 3759/3739/1780 3477/3457/1621
f 3477/3457/1621 3475/3455/1619 3758/3738/1779
f 3758/3738/1779 3475/3455/1619 3468/3448/1612
f 3468/3448/1612 3470/3450/1614 3758/3738/1779
f 3760/3740/940 3471/3451/1615 3473/3453/1617
f 3473/3453/1617 3484/3464/1626 3760/3740/940
f 3761/3741/197 3492/3472/1634 3489/3469/1631
f 3489/3469/1631 3487/3467/1629 3761/3741/197
f 3761/3741/197 3487/3467/1629 3479/3459/1623
f 3479/3459/1623 3482/3462/1625 3761/3741/197
f 3762/3742/197 3483/3463/1625 3485/3465/1627
f 3485/3465/1627 3495/3475/1637 3762/3742/197
f 3763/3743/1781 3764/3744/1609 3499/3479/1641
f 3499/3479/1641 3497/3477/1639 3763/3743/1781
f 3763/3743/1781 3497/3477/1639 3491/3471/1633
f 3491/3471/1633 3493/3473/1635 3763/3743/1781
f 3765/3745/1782 3494/3474/1636 3461/3441/1606
f 3461/3441/1606 3464/3444/1609 3765/3745/1782
f 3766/3746/1234 3523/3503/1654 3522/3502/1653
f 3522/3502/1653 3740/3720/1773 3766/3746/1234
f 3766/3746/1234 3740/3720/1773 3513/3493/1648
f 3513/3493/1648 3516/3496/1625 3766/3746/1234
f 3767/3747/862 3517/3497/1625 3520/3500/1627
f 3520/3500/1627 3526/3506/1656 3767/3747/862
f 3768/3748/1782 3733/3713/1769 3703/3683/1758
f 3703/3683/1758 3739/3719/1772 3768/3748/1782
f 3768/3748/1782 3739/3719/1772 3521/3501/1652
f 3521/3501/1652 3524/3504/1655 3768/3748/1782
f 3769/3749/1781 3525/3505/1635 3527/3507/1606
f 3527/3507/1606 3734/3714/1770 3769/3749/1781
f 3770/3750/212 3538/3518/1665 3537/3517/1664
f 3537/3517/1664 3744/3724/1777 3770/3750/212
f 3770/3750/212 3744/3724/1777 3743/3723/1776
f 3743/3723/1776 3771/3751/1660 3770/3750/212
f 3772/3752/213 3532/3512/1660 3535/3515/1662
f 3535/3515/1662 3541/3521/1616 3772/3752/213
f 3773/3753/1779 3774/3754/1783 3742/3722/1775
f 3742/3722/1775 3741/3721/1774 3773/3753/1779
f 3773/3753/1779 3741/3721/1774 3536/3516/1663
f 3536/3516/1663 3539/3519/1615 3773/3753/1779
f 3775/3755/940 3540/3520/1614 3542/3522/1666
f 3542/3522/1666 3731/3711/1767 3775/3755/940
f 3776/3756/1784 3563/3543/1679 3560/3540/1676
f 3560/3540/1676 3559/3539/1673 3776/3756/1784
f 3777/3757/211 3556/3536/1673 3455/3435/1600
f 3455/3435/1600 3458/3438/1603 3777/3757/211
f 3777/3757/211 3458/3438/1603 3460/3440/1605
f 3460/3440/1605 3566/3546/1682 3777/3757/211
f 3778/3758/1785 3476/3456/1620 3478/3458/1622
f 3478/3458/1622 3779/3759/1786 3778/3758/1785
f 3780/3760/1785 3568/3548/1684 3562/3542/1678
f 3562/3542/1678 3564/3544/1680 3780/3760/1785
f 3778/3758/1785 3565/3545/1681 3474/3454/1618
f 3474/3454/1618 3476/3456/1620 3778/3758/1785
f 3781/3761/440 3488/3468/1630 3490/3470/1632
f 3490/3470/1632 3576/3556/1692 3781/3761/440
f 3782/3762/439 3573/3553/1689 3567/3547/1683
f 3567/3547/1683 3569/3549/1685 3782/3762/439
f 3781/3761/440 3570/3550/1686 3486/3466/1628
f 3486/3466/1628 3488/3468/1630 3781/3761/440
f 3783/3763/534 3498/3478/1640 3500/3480/1642
f 3500/3480/1642 3784/3764/1787 3783/3763/534
f 3785/3765/534 3558/3538/1675 3561/3541/1677
f 3561/3541/1677 3574/3554/1690 3785/3765/534
f 3783/3763/534 3575/3555/1691 3496/3476/1638
f 3496/3476/1638 3498/3478/1640 3783/3763/534
f 3786/3766/1788 3591/3571/1698 3581/3561/1695
f 3581/3561/1695 3579/3559/1693 3786/3766/1788
f 3786/3766/1788 3579/3559/1693 3578/3558/1605
f 3578/3558/1605 3588/3568/1697 3786/3766/1788
f 3787/3767/1789 3585/3565/1679 3584/3564/1676
f 3584/3564/1676 3594/3574/1700 3787/3767/1789
f 3788/3768/206 3587/3567/1681 3589/3569/1618
f 3589/3569/1618 3598/3578/1702 3788/3768/206
f 3788/3768/206 3598/3578/1702 3597/3577/1701
f 3597/3577/1701 3789/3769/1705 3788/3768/206
f 3790/3770/206 3602/3582/1705 3583/3563/1678
f 3583/3563/1678 3586/3566/1696 3790/3770/206
f 3791/3771/1790 3604/3584/1706 3607/3587/1708
f 3607/3587/1708 3610/3590/1709 3791/3771/1790
f 3791/3771/1790 3610/3590/1709 3609/3589/1632
f 3609/3589/1632 3616/3596/1714 3791/3771/1790
f 3792/3772/1791 3613/3593/1711 3601/3581/1683
f 3601/3581/1683 3603/3583/1706 3792/3772/1791
f 3793/3773/1792 3615/3595/1713 3617/3597/1638
f 3617/3597/1638 3620/3600/1716 3793/3773/1792
f 3793/3773/1792 3620/3600/1716 3619/3599/1715
f 3619/3599/1715 3794/3774/1787 3793/3773/1792
f 3795/3775/209 3593/3573/1699 3595/3575/1677
f 3595/3575/1677 3614/3594/1712 3795/3775/209
f 3796/3776/1790 3748/3728/1778 3635/3615/1726
f 3635/3615/1726 3633/3613/1725 3796/3776/1790
f 3796/3776/1790 3633/3613/1725 3632/3612/1724
f 3632/3612/1724 3642/3622/1692 3796/3776/1790
f 3797/3777/200 3639/3619/1727 3638/3618/1683
f 3638/3618/1683 3747/3727/1685 3797/3777/200
f 3798/3778/1792 3641/3621/1713 3643/3623/1728
f 3643/3623/1728 3646/3626/1730 3798/3778/1792
f 3798/3778/1792 3646/3626/1730 3645/3625/1729
f 3645/3625/1729 3653/3633/1736 3798/3778/1792
f 3799/3779/210 3650/3630/1733 3637/3617/1677
f 3637/3617/1677 3640/3620/1712 3799/3779/210
f 3800/3780/447 3801/3781/784 3659/3639/1740
f 3659/3639/1740 3657/3637/1739 3800/3780/447
f 3800/3780/447 3657/3637/1739 3656/3636/1738
f 3656/3636/1738 3665/3645/1682 3800/3780/447
f 3802/3782/1793 3662/3642/1742 3661/3641/1741
f 3661/3641/1741 3749/3729/784 3802/3782/1793
f 3803/3783/1794 3664/3644/1696 3666/3646/1743
f 3666/3646/1743 3671/3651/1746 3803/3783/1794
f 3804/3784/868 3668/3648/1744 3623/3603/1718
f 3623/3603/1718 3626/3606/1721 3804/3784/868
f 3805/3785/192 3627/3607/1721 3630/3610/1723
f 3630/3610/1723 3663/3643/1696 3805/3785/192
f 3806/3786/1795 3580/3560/1694 3582/3562/1601
f 3582/3562/1601 3678/3658/1750 3806/3786/1795
f 3807/3787/205 3675/3655/1747 3674/3654/1607
f 3674/3654/1607 3683/3663/1752 3807/3787/205
f 3806/3786/1795 3680/3660/1751 3577/3557/1604
f 3577/3557/1604 3580/3560/1694 3806/3786/1795
f 3808/3788/1796 3682/3662/1615 3684/3664/1617
f 3684/3664/1617 3689/3669/1756 3808/3788/1796
f 3809/3789/858 3810/3790/1756 3596/3576/1621
f 3596/3576/1621 3599/3579/1703 3809/3789/858
f 3809/3789/858 3599/3579/1703 3600/3580/1704
f 3600/3580/1704 3681/3661/1615 3809/3789/858
f 3811/3791/201 3688/3668/1755 3690/3670/1627
f 3690/3670/1627 3694/3674/1757 3811/3791/201
f 3812/3792/202 3691/3671/1637 3608/3588/1631
f 3608/3588/1631 3611/3591/1710 3812/3792/202
f 3812/3792/202 3611/3591/1710 3612/3592/1623
f 3612/3592/1623 3687/3667/1754 3812/3792/202
f 3813/3793/1797 3693/3673/1636 3673/3653/1606
f 3673/3653/1606 3676/3656/1748 3813/3793/1797
f 3814/3794/214 3815/3795/1798 3618/3598/1641
f 3618/3598/1641 3621/3601/1717 3814/3794/214
f 3814/3794/214 3621/3601/1717 3622/3602/1633
f 3622/3602/1633 3692/3672/1655 3814/3794/214
f 3816/3796/2 3817/3797/3 3818/3798/303
f 3818/3798/303 3819/3799/1561 3816/3796/2
f 3819/3799/1561 3818/3798/303 3820/3800/1799
f 3820/3800/1799 3821/3801/306 3819/3799/1561
f 3822/3802/307 3823/3803/308 3824/3804/38
f 3824/3804/38 3825/3805/39 3822/3802/307
f 3826/3806/39 3827/3807/38 3817/3797/3
f 3817/3797/3 3828/3808/32 3826/3806/39
f 3829/3809/40 3830/3810/310 3831/3811/41
f 3831/3811/41 3832/3812/42 3829/3809/40
f 3833/3813/42 3834/3814/41 3823/3803/308
f 3823/3803/308 3835/3815/43 3833/3813/42
f 3836/3816/1800 3829/3809/40 3837/3817/311
f 3837/3817/311 3838/3818/1566 3836/3816/1800
f 3838/3818/1566 3837/3817/311 3839/3819/313
f 3839/3819/313 3840/3820/14 3838/3818/1566
f 3841/3821/27 3839/3819/313 3842/3822/48
f 3842/3822/48 3843/3823/49 3841/3821/27
f 3844/3824/49 3845/3825/48 3835/3815/43
f 3835/3815/43 3846/3826/44 3844/3824/49
f 3847/3827/22 3841/3821/27 3848/3828/26
f 3848/3828/26 3849/3829/316 3847/3827/22
f 3850/3830/1570 3851/3831/315 3852/3832/47
f 3852/3832/47 3853/3833/24 3850/3830/1570
f 3854/3834/35 3852/3832/47 3855/3835/46
f 3855/3835/46 3856/3836/45 3854/3834/35
f 3857/3837/45 3858/3838/46 3846/3826/44
f 3846/3826/44 3822/3802/307 3857/3837/45
f 3859/3839/318 3854/3834/35 3860/3840/319
f 3860/3840/319 3861/3841/321 3859/3839/318
f 3862/3842/321 3863/3843/319 3828/3808/32
f 3828/3808/32 3864/3844/9 3862/3842/321
f 3865/3845/4 3866/3846/5 3867/3847/6
f 3867/3847/6 3868/3848/7 3865/3845/4
f 3869/3849/7 3870/3850/6 3871/3851/306
f 3871/3851/306 3836/3816/1800 3869/3849/7
f 3864/3844/9 3816/3796/2 3872/3852/10
f 3872/3852/10 3873/3853/11 3864/3844/9
f 3874/3854/11 3875/3855/10 3866/3846/5
f 3866/3846/5 3876/3856/323 3874/3854/11
f 3853/3833/24 3859/3839/318 3877/3857/29
f 3877/3857/29 3878/3858/28 3853/3833/24
f 3879/3859/28 3880/3860/29 3876/3856/323
f 3876/3856/323 3881/3861/19 3879/3859/28
f 3881/3861/19 3865/3845/4 3882/3862/20
f 3882/3862/20 3883/3863/21 3881/3861/19
f 3884/3864/21 3885/3865/20 3840/3820/14
f 3840/3820/14 3847/3827/22 3884/3864/21
f 3823/3803/308 3822/3802/307 3846/3826/44
f 3846/3826/44 3835/3815/43 3823/3803/308
f 3836/3816/1800 3871/3851/306 3830/3810/310
f 3830/3810/310 3829/3809/40 3836/3816/1800
f 3847/3827/22 3840/3820/14 3839/3819/313
f 3839/3819/313 3841/3821/27 3847/3827/22
f 3859/3839/318 3853/3833/24 3852/3832/47
f 3852/3832/47 3854/3834/35 3859/3839/318
f 3816/3796/2 3864/3844/9 3828/3808/309
f 3828/3808/309 3817/3797/3 3816/3796/2
f 3881/3861/19 3876/3856/323 3866/3846/5
f 3866/3846/5 3865/3845/4 3881/3861/19
f 3886/3866/57 3887/3867/41 3820/3800/1799
f 3820/3800/1799 3818/3798/303 3886/3866/57
f 3886/3866/57 3818/3798/303 3817/3797/3
f 3817/3797/3 3827/3807/38 3886/3866/57
f 3888/3868/57 3824/3804/38 3823/3803/308
f 3823/3803/308 3834/3814/41 3888/3868/57
f 3889/3869/710 3842/3822/48 3839/3819/313
f 3839/3819/313 3837/3817/311 3889/3869/710
f 3889/3869/710 3837/3817/311 3829/3809/40
f 3829/3809/40 3832/3812/42 3889/3869/710
f 3890/3870/61 3833/3813/42 3835/3815/43
f 3835/3815/43 3845/3825/48 3890/3870/61
f 3891/3871/326 3855/3835/46 3852/3832/47
f 3852/3832/47 3851/3831/315 3891/3871/326
f 3892/3872/1801 3848/3828/26 3841/3821/27
f 3841/3821/27 3843/3823/49 3892/3872/1801
f 3893/3873/1801 3844/3824/49 3846/3826/44
f 3846/3826/44 3858/3838/46 3893/3873/1801
f 3894/3874/1802 3826/3806/39 3828/3808/32
f 3828/3808/32 3863/3843/319 3894/3874/1802
f 3895/3875/327 3860/3840/319 3854/3834/35
f 3854/3834/35 3856/3836/45 3895/3875/327
f 3896/3876/328 3857/3837/45 3822/3802/307
f 3822/3802/307 3825/3805/39 3896/3876/328
f 3897/3877/706 3872/3852/10 3816/3796/2
f 3816/3796/2 3819/3799/1561 3897/3877/706
f 3897/3877/706 3819/3799/1561 3821/3801/306
f 3821/3801/306 3898/3878/6 3897/3877/706
f 3899/3879/329 3867/3847/6 3866/3846/5
f 3866/3846/5 3875/3855/10 3899/3879/329
f 3900/3880/701 3877/3857/29 3859/3839/318
f 3859/3839/318 3861/3841/321 3900/3880/701
f 3901/3881/55 3862/3842/321 3864/3844/9
f 3864/3844/9 3873/3853/11 3901/3881/55
f 3902/3882/701 3874/3854/11 3876/3856/323
f 3876/3856/323 3880/3860/29 3902/3882/701
f 3903/3883/712 3869/3849/7 3836/3816/1800
f 3836/3816/1800 3838/3818/1566 3903/3883/712
f 3903/3883/712 3838/3818/1566 3840/3820/14
f 3840/3820/14 3885/3865/20 3903/3883/712
f 3904/3884/712 3882/3862/20 3865/3845/4
f 3865/3845/4 3868/3848/7 3904/3884/712
f 3905/3885/709 3884/3864/21 3847/3827/22
f 3847/3827/22 3849/3829/316 3905/3885/709
f 3906/3886/53 3850/3830/1570 3853/3833/24
f 3853/3833/24 3878/3858/28 3906/3886/53
f 3907/3887/703 3879/3859/28 3881/3861/19
f 3881/3861/19 3883/3863/21 3907/3887/703
f 3908/3888/1803 3909/3889/1804 3910/3890/1805
f 3910/3890/1805 3911/3891/1806 3908/3888/1803
f 3910/3890/1805 3909/3889/1804 3912/3892/1077
f 3912/3892/1077 3913/3893/1077 3910/3890/1805
f 3914/3894/1807 3915/3895/1808 3916/3896/1281
f 3916/3896/1281 3917/3897/1077 3914/3894/1807
f 3908/3888/1803 3911/3891/1806 3918/3898/1809
f 3918/3898/1809 3919/3899/1281 3908/3888/1803
f 3920/3900/1077 3921/3901/1078 3922/3902/1810
f 3922/3902/1810 3923/3903/1811 3920/3900/1077
f 3919/3899/1281 3918/3898/1809 3924/3904/1077
f 3924/3904/1077 3925/3905/1077 3919/3899/1281
f 3926/3906/1812 3927/3907/1813 3928/3908/1814
f 3928/3908/1814 3929/3909/1815 3926/3906/1812
f 3930/3910/1816 3931/3911/1814 3932/3912/1817
f 3932/3912/1817 3933/3913/1818 3930/3910/1816
f 3934/3914/1819 3932/3912/1817 3935/3915/1820
f 3935/3915/1820 3936/3916/1821 3934/3914/1819
f 3937/3917/1821 3938/3918/1822 3939/3919/1823
f 3939/3919/1823 3940/3920/1824 3937/3917/1821
f 3941/3921/1825 3942/3922/1826 3943/3923/1827
f 3943/3923/1827 3944/3924/1828 3941/3921/1825
f 3944/3924/1828 3943/3923/1827 3945/3925/1829
f 3945/3925/1829 3946/3926/1830 3944/3924/1828
f 3947/3927/1831 3934/3914/1819 3948/3928/1832
f 3948/3928/1832 3949/3929/1833 3947/3927/1831
f 3950/3930/1833 3951/3931/1834 3952/3932/1835
f 3952/3932/1835 3953/3933/1836 3950/3930/1833
f 3954/3934/1837 3952/3932/1835 3955/3935/1838
f 3955/3935/1838 3956/3936/1839 3954/3934/1837
f 3956/3936/1839 3955/3935/1838 3940/3920/1824
f 3940/3920/1824 3957/3937/1840 3956/3936/1839
f 3933/3913/1818 3947/3927/1831 3958/3938/1841
f 3958/3938/1841 3959/3939/1842 3933/3913/1818
f 3960/3940/1842 3961/3941/1841 3962/3942/1843
f 3962/3942/1843 3963/3943/1844 3960/3940/1842
f 3964/3944/1845 3962/3942/1843 3965/3945/1846
f 3965/3945/1846 3966/3946/496 3964/3944/1845
f 3966/3946/496 3965/3945/1846 3967/3947/1836
f 3967/3947/1836 3968/3948/1847 3966/3946/496
f 3969/3949/1848 3970/3950/1849 3971/3951/1850
f 3971/3951/1850 3972/3952/500 3969/3949/1848
f 3972/3952/500 3971/3951/1850 3963/3943/1844
f 3963/3943/1844 3973/3953/1851 3972/3952/500
f 3974/3954/1852 3975/3955/1853 3976/3956/1854
f 3976/3956/1854 3977/3957/1855 3974/3954/1852
f 3978/3958/1855 3979/3959/1856 3946/3926/1830
f 3946/3926/1830 3980/3960/1857 3978/3958/1855
f 3981/3961/1858 3941/3921/1825 3982/3962/1859
f 3982/3962/1859 3983/3963/1860 3981/3961/1858
f 3984/3964/1860 3985/3965/1861 3975/3955/1853
f 3975/3955/1853 3986/3966/1862 3984/3964/1860
f 3987/3967/1863 3974/3954/1852 3988/3968/1864
f 3988/3968/1864 3989/3969/1865 3987/3967/1863
f 3990/3970/1865 3991/3971/1864 3992/3972/1866
f 3992/3972/1866 3993/3973/1867 3990/3970/1865
f 3986/3966/1862 3987/3967/1863 3994/3974/1868
f 3994/3974/1868 3995/3975/1869 3986/3966/1862
f 3996/3976/1870 3997/3977/1868 3998/3978/1871
f 3998/3978/1871 3999/3979/1872 3996/3976/1870
f 3947/3927/1831 3933/3913/1818 3932/3912/1817
f 3932/3912/1817 3934/3914/1819 3947/3927/1831
f 3946/3926/1830 3945/3925/1829 4000/3980/1848
f 4000/3980/1848 3980/3960/1857 3946/3926/1830
f 3992/3972/1866 3973/3953/1851 3964/3944/1845
f 3964/3944/1845 3993/3973/1867 3992/3972/1866
f 3998/3978/1871 4001/3981/1873 3954/3934/1837
f 3954/3934/1837 3999/3979/1872 3998/3978/1871
f 3981/3961/1858 3957/3937/1840 3942/3922/1826
f 3942/3922/1826 3941/3921/1825 3981/3961/1858
f 3927/3907/1813 3926/3906/1812 4000/3980/1848
f 4000/3980/1848 3945/3925/1829 3927/3907/1813
f 3963/3943/1844 3962/3942/1843 3964/3944/1845
f 3964/3944/1845 3973/3953/1851 3963/3943/1844
f 3953/3933/1836 3952/3932/1835 3954/3934/1837
f 3954/3934/1837 4001/3981/1873 3953/3933/1836
f 3940/3920/1824 3939/3919/1823 3942/3922/1826
f 3942/3922/1826 3957/3937/1840 3940/3920/1824
f 3987/3967/1863 3986/3966/1862 3975/3955/1853
f 3975/3955/1853 3974/3954/1852 3987/3967/1863
f 3942/3922/1826 3939/3919/1823 4002/3982/1874
f 4002/3982/1874 3943/3923/1827 3942/3922/1826
f 3943/3923/1827 4002/3982/1874 3927/3907/1813
f 3927/3907/1813 3945/3925/1829 3943/3923/1827
f 3999/3979/1872 3954/3934/1837 3956/3936/1839
f 3956/3936/1839 4003/3983/1875 3999/3979/1872
f 4003/3983/1875 3956/3936/1839 3957/3937/1840
f 3957/3937/1840 3981/3961/1858 4003/3983/1875
f 3993/3973/1867 3964/3944/1845 3966/3946/496
f 3966/3946/496 4004/3984/1876 3993/3973/1867
f 4004/3984/1876 3966/3946/496 3968/3948/1847
f 3968/3948/1847 4005/3985/1871 4004/3984/1876
f 4006/3986/1857 3969/3949/1848 3972/3952/500
f 3972/3952/500 4007/3987/1877 4006/3986/1857
f 4007/3987/1877 3972/3952/500 3973/3953/1851
f 3973/3953/1851 3992/3972/1866 4007/3987/1877
f 4008/3988/1878 3935/3915/1820 3932/3912/1817
f 3932/3912/1817 3931/3911/1814 4008/3988/1878
f 4009/3989/1879 3928/3908/1814 3927/3907/1813
f 3927/3907/1813 4002/3982/1874 4009/3989/1879
f 4009/3989/1879 4002/3982/1874 3939/3919/1823
f 3939/3919/1823 3938/3918/1822 4009/3989/1879
f 4010/3990/1880 3955/3935/1838 3952/3932/1835
f 3952/3932/1835 3951/3931/1834 4010/3990/1880
f 4011/3991/1880 3948/3928/1832 3934/3914/1819
f 3934/3914/1819 3936/3916/1821 4011/3991/1880
f 4010/3990/1880 3937/3917/1821 3940/3920/1824
f 3940/3920/1824 3955/3935/1838 4010/3990/1880
f 4012/3992/533 3965/3945/1846 3962/3942/1843
f 3962/3942/1843 3961/3941/1841 4012/3992/533
f 4013/3993/533 3958/3938/1841 3947/3927/1831
f 3947/3927/1831 3949/3929/1833 4013/3993/533
f 4014/3994/533 3950/3930/1833 3953/3933/1836
f 3953/3933/1836 4015/3995/1058 4014/3994/533
f 4016/3996/535 3971/3951/1850 3970/3950/1849
f 3970/3950/1849 4017/3997/1815 4016/3996/535
f 4018/3998/1001 3930/3910/1816 3933/3913/1818
f 3933/3913/1818 3959/3939/1842 4018/3998/1001
f 4016/3996/535 3960/3940/1842 3963/3943/1844
f 3963/3943/1844 3971/3951/1850 4016/3996/535
f 4019/3999/1881 3982/3962/1859 3941/3921/1825
f 3941/3921/1825 3944/3924/1828 4019/3999/1881
f 4019/3999/1881 3944/3924/1828 3946/3926/1830
f 3946/3926/1830 3979/3959/1856 4019/3999/1881
f 4020/4000/1882 3976/3956/1854 3975/3955/1853
f 3975/3955/1853 3985/3965/1861 4020/4000/1882
f 4021/4001/194 4022/4002/1855 4006/3986/1857
f 4006/3986/1857 4007/3987/1877 4021/4001/194
f 4021/4001/194 4007/3987/1877 3992/3972/1866
f 3992/3972/1866 3991/3971/1864 4021/4001/194
f 4023/4003/193 3988/3968/1864 3974/3954/1852
f 3974/3954/1852 3977/3957/1855 4023/4003/193
f 4024/4004/862 3990/3970/1865 3993/3973/1867
f 3993/3973/1867 4004/3984/1876 4024/4004/862
f 4024/4004/862 4004/3984/1876 4005/3985/1871
f 4005/3985/1871 4025/4005/1868 4024/4004/862
f 4026/4006/862 3994/3974/1868 3987/3967/1863
f 3987/3967/1863 3989/3969/1865 4026/4006/862
f 4027/4007/1883 3996/3976/1870 3999/3979/1872
f 3999/3979/1872 4003/3983/1875 4027/4007/1883
f 4027/4007/1883 4003/3983/1875 3981/3961/1858
f 3981/3961/1858 3983/3963/1860 4027/4007/1883
f 4028/4008/1884 3984/3964/1860 3986/3966/1862
f 3986/3966/1862 3995/3975/1869 4028/4008/1884
f 4029/4009/1559 4030/4010/1528 4031/4011/1560
f 4031/4011/1560 4032/4012/304 4029/4009/1559
f 4032/4012/304 4031/4011/1560 4033/4013/305
f 4033/4013/305 4034/4014/306 4032/4012/304
f 4035/4015/1548 4036/4016/1549 4037/4017/1885
f 4037/4017/1885 4038/4018/1551 4035/4015/1548
f 4039/4019/1551 4040/4020/1885 4030/4010/1528
f 4030/4010/1528 4041/4021/1563 4039/4019/1551
f 4042/4022/40 4043/4023/310 4044/4024/41
f 4044/4024/41 4045/4025/42 4042/4022/40
f 4046/4026/42 4047/4027/41 4036/4016/1549
f 4036/4016/1549 4048/4028/1564 4046/4026/42
f 4049/4029/1800 4042/4022/40 4050/4030/1565
f 4050/4030/1565 4051/4031/1566 4049/4029/1800
f 4051/4031/1566 4050/4030/1565 4052/4032/1536
f 4052/4032/1536 4053/4033/1567 4051/4031/1566
f 4054/4034/1546 4052/4032/1536 4055/4035/1555
f 4055/4035/1555 4056/4036/1556 4054/4034/1546
f 4057/4037/1886 4058/4038/1555 4048/4028/1564
f 4048/4028/1564 4059/4039/1553 4057/4037/1886
f 4060/4040/1545 4054/4034/1546 4061/4041/315
f 4061/4041/315 4062/4042/316 4060/4040/1545
f 4063/4043/1570 4064/4044/315 4065/4045/47
f 4065/4045/47 4066/4046/24 4063/4043/1570
f 4067/4047/35 4065/4045/47 4068/4048/46
f 4068/4048/46 4069/4049/45 4067/4047/35
f 4070/4050/45 4071/4051/46 4059/4039/1553
f 4059/4039/1553 4035/4015/1548 4070/4050/45
f 4072/4052/1887 4067/4047/35 4073/4053/319
f 4073/4053/319 4074/4054/321 4072/4052/1887
f 4075/4055/320 4076/4056/319 4041/4021/1563
f 4041/4021/1563 4077/4057/1532 4075/4055/320
f 4078/4058/1529 4079/4059/1530 4080/4060/6
f 4080/4060/6 4081/4061/7 4078/4058/1529
f 4082/4062/7 4083/4063/6 4084/4064/306
f 4084/4064/306 4049/4029/1800 4082/4062/7
f 4077/4057/1532 4029/4009/1559 4085/4065/1533
f 4085/4065/1533 4086/4066/1534 4077/4057/1532
f 4087/4067/1534 4088/4068/1533 4079/4059/1530
f 4079/4059/1530 4089/4069/1535 4087/4067/1534
f 4066/4046/24 4072/4052/1887 4090/4070/29
f 4090/4070/29 4091/4071/28 4066/4046/24
f 4092/4072/28 4093/4073/29 4089/4069/1535
f 4089/4069/1535 4094/4074/1573 4092/4072/28
f 4094/4074/1573 4078/4058/1529 4095/4075/1541
f 4095/4075/1541 4096/4076/1542 4094/4074/1573
f 4097/4077/1542 4098/4078/1541 4053/4033/1567
f 4053/4033/1567 4060/4040/1545 4097/4077/1542
f 4036/4016/1549 4035/4015/1548 4059/4039/1553
f 4059/4039/1553 4048/4028/1564 4036/4016/1549
f 4049/4029/1800 4084/4064/306 4043/4023/310
f 4043/4023/310 4042/4022/40 4049/4029/1800
f 4060/4040/1545 4053/4033/1567 4052/4032/1536
f 4052/4032/1536 4054/4034/1546 4060/4040/1545
f 4072/4052/1887 4066/4046/24 4065/4045/47
f 4065/4045/47 4067/4047/35 4072/4052/1887
f 4029/4009/1559 4077/4057/1532 4041/4021/1563
f 4041/4021/1563 4030/4010/1528 4029/4009/1559
f 4079/4059/1530 4078/4058/1529 4094/4074/1573
f 4094/4074/1573 4089/4069/1535 4079/4059/1530
f 4099/4079/700 4100/4080/1888 4033/4013/305
f 4033/4013/305 4031/4011/1560 4099/4079/700
f 4099/4079/700 4031/4011/1560 4030/4010/1528
f 4030/4010/1528 4040/4020/1885 4099/4079/700
f 4101/4081/1581 4037/4017/1885 4036/4016/1549
f 4036/4016/1549 4047/4027/41 4101/4081/1581
f 4102/4082/710 4055/4035/1555 4052/4032/1536
f 4052/4032/1536 4050/4030/1565 4102/4082/710
f 4102/4082/710 4050/4030/1565 4042/4022/40
f 4042/4022/40 4045/4025/42 4102/4082/710
f 4103/4083/61 4046/4026/42 4048/4028/1564
f 4048/4028/1564 4058/4038/1555 4103/4083/61
f 4104/4084/62 4068/4048/46 4065/4045/47
f 4065/4045/47 4064/4044/315 4104/4084/62
f 4105/4085/1801 4061/4041/315 4054/4034/1546
f 4054/4034/1546 4056/4036/1556 4105/4085/1801
f 4106/4086/708 4057/4037/1886 4059/4039/1553
f 4059/4039/1553 4071/4051/46 4106/4086/708
f 4107/4087/1889 4039/4019/1551 4041/4021/1563
f 4041/4021/1563 4076/4056/319 4107/4087/1889
f 4108/4088/1889 4073/4053/319 4067/4047/35
f 4067/4047/35 4069/4049/45 4108/4088/1889
f 4109/4089/1889 4070/4050/45 4035/4015/1548
f 4035/4015/1548 4038/4018/1551 4109/4089/1889
f 4110/4090/698 4085/4065/1533 4029/4009/1559
f 4029/4009/1559 4032/4012/304 4110/4090/698
f 4110/4090/698 4032/4012/304 4034/4014/306
f 4034/4014/306 4111/4091/6 4110/4090/698
f 4112/4092/329 4080/4060/6 4079/4059/1530
f 4079/4059/1530 4088/4068/1533 4112/4092/329
f 4113/4093/1580 4090/4070/29 4072/4052/1887
f 4072/4052/1887 4074/4054/321 4113/4093/1580
f 4114/4094/1597 4075/4055/320 4077/4057/1532
f 4077/4057/1532 4086/4066/1534 4114/4094/1597
f 4115/4095/55 4087/4067/1534 4089/4069/1535
f 4089/4069/1535 4093/4073/29 4115/4095/55
f 4116/4096/52 4082/4062/7 4049/4029/1800
f 4049/4029/1800 4051/4031/1566 4116/4096/52
f 4116/4096/52 4051/4031/1566 4053/4033/1567
f 4053/4033/1567 4098/4078/1541 4116/4096/52
f 4117/4097/704 4095/4075/1541 4078/4058/1529
f 4078/4058/1529 4081/4061/7 4117/4097/704
f 4118/4098/54 4097/4077/1542 4060/4040/1545
f 4060/4040/1545 4062/4042/316 4118/4098/54
f 4119/4099/54 4063/4043/1570 4066/4046/24
f 4066/4046/24 4091/4071/28 4119/4099/54
f 4120/4100/703 4092/4072/28 4094/4074/1573
f 4094/4074/1573 4096/4076/1542 4120/4100/703
