# Blender 3.6.2
# www.blender.org
mtllib body_6.mtl
o polySurface83_1008.006
v 15.666321 -1.626282 5.393514
v 15.666321 -1.626282 5.409145
v 15.818779 -1.626282 5.409144
v 15.818779 -1.626282 5.393514
v 15.828163 -1.689460 5.418930
v 15.828163 -1.636067 5.418930
v 15.656937 -1.636067 5.418930
v 15.656937 -1.689460 5.418930
v 15.656937 -1.689460 5.383728
v 15.656937 -1.636067 5.383728
v 15.828163 -1.636067 5.383728
v 15.828163 -1.689460 5.383728
v 15.818779 -1.626282 5.393514
v 15.818779 -1.626282 5.409144
v 15.828163 -1.636067 5.418930
v 15.828163 -1.636067 5.383728
v 15.656937 -1.689460 5.418930
v 15.656937 -1.636067 5.418930
v 15.656937 -1.636067 5.383728
v 15.656937 -1.689460 5.383728
v 15.818779 -1.626282 5.409144
v 15.666321 -1.626282 5.409145
v 15.656937 -1.636067 5.418930
v 15.828163 -1.636067 5.418930
v 15.666321 -1.626282 5.393514
v 15.818779 -1.626282 5.393514
v 15.828163 -1.636067 5.383728
v 15.656937 -1.636067 5.383728
v 15.828163 -1.689460 5.383728
v 15.828163 -1.689460 5.418930
v 15.666321 -1.626282 5.409145
v 15.666321 -1.626282 5.393514
v 15.337738 -1.626282 5.393514
v 15.337738 -1.626282 5.409145
v 15.490196 -1.626282 5.409145
v 15.490196 -1.626282 5.393514
v 15.499584 -1.689460 5.418930
v 15.499584 -1.636067 5.418930
v 15.328354 -1.636067 5.418930
v 15.328354 -1.689460 5.418930
v 15.328354 -1.689460 5.383728
v 15.328354 -1.636067 5.383728
v 15.499584 -1.636067 5.383728
v 15.499584 -1.689460 5.383728
v 15.490196 -1.626282 5.393514
v 15.490196 -1.626282 5.409145
v 15.499584 -1.636067 5.418930
v 15.499584 -1.636067 5.383728
v 15.328354 -1.689460 5.418930
v 15.328354 -1.636067 5.418930
v 15.328354 -1.636067 5.383728
v 15.328354 -1.689460 5.383728
v 15.490196 -1.626282 5.409145
v 15.337738 -1.626282 5.409145
v 15.328354 -1.636067 5.418930
v 15.499584 -1.636067 5.418930
v 15.337738 -1.626282 5.393514
v 15.490196 -1.626282 5.393514
v 15.499584 -1.636067 5.383728
v 15.328354 -1.636067 5.383728
v 15.499584 -1.689460 5.383728
v 15.499584 -1.689460 5.418930
v 15.337738 -1.626282 5.409145
v 15.337738 -1.626282 5.393514
v 17.113911 -4.901149 5.122637
v 17.187653 -4.851876 5.122637
v 17.187981 -4.852658 5.120631
v 17.114510 -4.901746 5.120631
v 17.114510 -4.901746 5.120631
v 17.187981 -4.852658 5.120631
v 17.188763 -4.854544 5.119802
v 17.115955 -4.903191 5.119802
v 17.105026 -4.892263 5.150300
v 17.182842 -4.840269 5.150300
v 17.183170 -4.841047 5.148294
v 17.105625 -4.892861 5.148294
v 17.183949 -4.842937 5.147465
v 17.107071 -4.894306 5.147465
v 17.182842 -4.840269 5.239657
v 17.105026 -4.892263 5.239657
v 17.053028 -4.970083 5.150300
v 17.053028 -4.970083 5.239657
v 17.034771 -5.061875 5.150300
v 17.034771 -5.061875 5.239657
v 17.053028 -5.153668 5.150300
v 17.053028 -5.153668 5.239657
v 17.053028 -5.153668 5.239657
v 17.053028 -5.153668 5.150300
v 17.105026 -5.231488 5.150300
v 17.105026 -5.231488 5.239657
v 17.182842 -5.283482 5.150300
v 17.182842 -5.283482 5.239657
v 17.274639 -5.301744 5.150300
v 17.274639 -5.301744 5.239657
v 17.366432 -5.283482 5.150300
v 17.366432 -5.283482 5.239657
v 17.444252 -5.231488 5.150300
v 17.444252 -5.231488 5.239657
v 17.496246 -5.153668 5.150300
v 17.496246 -5.153668 5.239657
v 17.514503 -5.061875 5.150300
v 17.514503 -5.061875 5.239657
v 17.496246 -4.970083 5.150300
v 17.496246 -4.970083 5.239657
v 17.444252 -4.892263 5.150300
v 17.444252 -4.892263 5.239657
v 17.366432 -4.840269 5.150300
v 17.366432 -4.840269 5.239657
v 17.274639 -4.822007 5.150300
v 17.274639 -4.822007 5.239657
v 17.129684 -4.916926 5.094653
v 17.196190 -4.872487 5.094653
v 17.274639 -5.061875 5.094653
v 17.085247 -4.983429 5.094653
v 17.069645 -5.061875 5.094653
v 17.085247 -5.140321 5.094653
v 17.129684 -5.206825 5.094653
v 17.196190 -5.251264 5.094653
v 17.274639 -5.266870 5.094653
v 17.353085 -5.251264 5.094653
v 17.419586 -5.206825 5.094653
v 17.464027 -5.140321 5.094653
v 17.479630 -5.061875 5.094653
v 17.464027 -4.983429 5.094653
v 17.419586 -4.916926 5.094653
v 17.353085 -4.872487 5.094653
v 17.274639 -4.856881 5.094653
v 17.187653 -4.851876 5.144629
v 17.187653 -4.851876 5.122637
v 17.113911 -4.901149 5.122637
v 17.113911 -4.901149 5.144629
v 17.064640 -4.974892 5.122637
v 17.064640 -4.974892 5.144629
v 17.047340 -5.061875 5.122637
v 17.047340 -5.061875 5.144629
v 17.064640 -5.148859 5.122637
v 17.064640 -5.148859 5.144629
v 17.064640 -5.148859 5.144629
v 17.064640 -5.148859 5.122637
v 17.113911 -5.222602 5.122637
v 17.113911 -5.222602 5.144629
v 17.187653 -5.271875 5.122637
v 17.187653 -5.271875 5.144629
v 17.274639 -5.289179 5.122637
v 17.274639 -5.289179 5.144629
v 17.361622 -5.271875 5.122637
v 17.361622 -5.271875 5.144629
v 17.435368 -5.222602 5.122637
v 17.435368 -5.222602 5.144629
v 17.484638 -5.148859 5.122637
v 17.484638 -5.148859 5.144629
v 17.501938 -5.061875 5.122637
v 17.501938 -5.061875 5.144629
v 17.484638 -4.974892 5.122637
v 17.484638 -4.974892 5.144629
v 17.435368 -4.901149 5.122637
v 17.435368 -4.901149 5.144629
v 17.361622 -4.851876 5.122637
v 17.361622 -4.851876 5.144629
v 17.274639 -4.834576 5.122637
v 17.274639 -4.834576 5.144629
v 17.195084 -4.869818 5.116967
v 17.195084 -4.869818 5.097487
v 17.127644 -4.914880 5.097487
v 17.127644 -4.914880 5.116967
v 17.082581 -4.982325 5.097487
v 17.082581 -4.982325 5.116967
v 17.066757 -5.061875 5.097487
v 17.066757 -5.061875 5.116967
v 17.082581 -5.141427 5.097487
v 17.082581 -5.141427 5.116967
v 17.082581 -5.141427 5.116967
v 17.082581 -5.141427 5.097487
v 17.127644 -5.208871 5.097487
v 17.127644 -5.208871 5.116967
v 17.195084 -5.253932 5.097487
v 17.195084 -5.253932 5.116967
v 17.274639 -5.269755 5.097487
v 17.274639 -5.269755 5.116967
v 17.354191 -5.253932 5.097487
v 17.354191 -5.253932 5.116967
v 17.421631 -5.208871 5.097487
v 17.421631 -5.208871 5.116967
v 17.466698 -5.141427 5.097487
v 17.466698 -5.141427 5.116967
v 17.482517 -5.061875 5.097487
v 17.482517 -5.061875 5.116967
v 17.466698 -4.982325 5.097487
v 17.466698 -4.982325 5.116967
v 17.421631 -4.914880 5.097487
v 17.421631 -4.914880 5.116967
v 17.354191 -4.869818 5.097487
v 17.354191 -4.869818 5.116967
v 17.274639 -4.853996 5.097487
v 17.274639 -4.853996 5.116967
v 17.193981 -4.867150 5.119802
v 17.125603 -4.912838 5.119802
v 17.079910 -4.981215 5.119802
v 17.067307 -4.975997 5.119802
v 17.063866 -5.061875 5.119802
v 17.050228 -5.061875 5.119802
v 17.079910 -5.142531 5.119802
v 17.067307 -5.147754 5.119802
v 17.067307 -5.147754 5.119802
v 17.079910 -5.142531 5.119802
v 17.125603 -5.210913 5.119802
v 17.115955 -5.220560 5.119802
v 17.193981 -5.256605 5.119802
v 17.188763 -5.269207 5.119802
v 17.274639 -5.272648 5.119802
v 17.274639 -5.286286 5.119802
v 17.355297 -5.256605 5.119802
v 17.360519 -5.269207 5.119802
v 17.423676 -5.210913 5.119802
v 17.433323 -5.220560 5.119802
v 17.469372 -5.142536 5.119802
v 17.481968 -5.147754 5.119802
v 17.485409 -5.061875 5.119802
v 17.499050 -5.061875 5.119802
v 17.469372 -4.981215 5.119802
v 17.481968 -4.975997 5.119802
v 17.423676 -4.912838 5.119802
v 17.433323 -4.903195 5.119802
v 17.355297 -4.867150 5.119802
v 17.360519 -4.854544 5.119802
v 17.274639 -4.851103 5.119802
v 17.274639 -4.837465 5.119802
v 17.186546 -4.849207 5.147465
v 17.111866 -4.899106 5.147465
v 17.061970 -4.973787 5.147465
v 17.055702 -4.971189 5.147465
v 17.044449 -5.061875 5.147465
v 17.037663 -5.061875 5.147465
v 17.061970 -5.149968 5.147465
v 17.055702 -5.152563 5.147465
v 17.055702 -5.152563 5.147465
v 17.061970 -5.149968 5.147465
v 17.111866 -5.224644 5.147465
v 17.107071 -5.229445 5.147465
v 17.186546 -5.274544 5.147465
v 17.183949 -5.280814 5.147465
v 17.274639 -5.292065 5.147465
v 17.274639 -5.298851 5.147465
v 17.362728 -5.274544 5.147465
v 17.365326 -5.280814 5.147465
v 17.437405 -5.224644 5.147465
v 17.442207 -5.229445 5.147465
v 17.487309 -5.149968 5.147465
v 17.493576 -5.152563 5.147465
v 17.504829 -5.061875 5.147465
v 17.511616 -5.061875 5.147465
v 17.487309 -4.973787 5.147465
v 17.493576 -4.971189 5.147465
v 17.437405 -4.899106 5.147465
v 17.442207 -4.894306 5.147465
v 17.362728 -4.849207 5.147465
v 17.365326 -4.842937 5.147465
v 17.274639 -4.831686 5.147465
v 17.274639 -4.824900 5.147465
v 17.195412 -4.870600 5.095482
v 17.128242 -4.915477 5.095482
v 17.128242 -4.915477 5.095482
v 17.195412 -4.870600 5.095482
v 17.083366 -4.982648 5.095482
v 17.083366 -4.982648 5.095482
v 17.067604 -5.061875 5.095482
v 17.067604 -5.061875 5.095482
v 17.083366 -5.141103 5.095482
v 17.083366 -5.141103 5.095482
v 17.083366 -5.141103 5.095482
v 17.128242 -5.208274 5.095482
v 17.128242 -5.208274 5.095482
v 17.195412 -5.253151 5.095482
v 17.195412 -5.253151 5.095482
v 17.274639 -5.268912 5.095482
v 17.274639 -5.268912 5.095482
v 17.353867 -5.253151 5.095482
v 17.353867 -5.253151 5.095482
v 17.421036 -5.208274 5.095482
v 17.421036 -5.208274 5.095482
v 17.465912 -5.141103 5.095482
v 17.465912 -5.141103 5.095482
v 17.481674 -5.061875 5.095482
v 17.481674 -5.061875 5.095482
v 17.465912 -4.982648 5.095482
v 17.465912 -4.982648 5.095482
v 17.421036 -4.915477 5.095482
v 17.421036 -4.915477 5.095482
v 17.353867 -4.870600 5.095482
v 17.353867 -4.870600 5.095482
v 17.274639 -4.854839 5.095482
v 17.274639 -4.854839 5.095482
v 17.194759 -4.869037 5.118971
v 17.274639 -4.853149 5.118971
v 17.127045 -4.914282 5.118971
v 17.081802 -4.981997 5.118971
v 17.065907 -5.061875 5.118971
v 17.081802 -5.141754 5.118971
v 17.081802 -5.141754 5.118971
v 17.127045 -5.209468 5.118971
v 17.194759 -5.254714 5.118971
v 17.274639 -5.270602 5.118971
v 17.354515 -5.254714 5.118971
v 17.422230 -5.209468 5.118971
v 17.467484 -5.141754 5.118971
v 17.483364 -5.061875 5.118971
v 17.467484 -4.981997 5.118971
v 17.422230 -4.914282 5.118971
v 17.354515 -4.869037 5.118971
v 17.187332 -4.851094 5.146636
v 17.274639 -4.833729 5.146636
v 17.113316 -4.900551 5.146636
v 17.063858 -4.974565 5.146636
v 17.046486 -5.061875 5.146636
v 17.063858 -5.149182 5.146636
v 17.063858 -5.149182 5.146636
v 17.113316 -5.223199 5.146636
v 17.187332 -5.272657 5.146636
v 17.274639 -5.290022 5.146636
v 17.361950 -5.272657 5.146636
v 17.435963 -5.223199 5.146636
v 17.485420 -5.149182 5.146636
v 17.502785 -5.061875 5.146636
v 17.485420 -4.974565 5.146636
v 17.435963 -4.900551 5.146636
v 17.361950 -4.851094 5.146636
v 17.065422 -4.975215 5.120631
v 17.048183 -5.061875 5.120631
v 17.065422 -5.148536 5.120631
v 17.065422 -5.148536 5.120631
v 17.114510 -5.222005 5.120631
v 17.187981 -5.271093 5.120631
v 17.274639 -5.288332 5.120631
v 17.361298 -5.271093 5.120631
v 17.434769 -5.222005 5.120631
v 17.483852 -5.148536 5.120631
v 17.501095 -5.061875 5.120631
v 17.483852 -4.975215 5.120631
v 17.434769 -4.901751 5.120631
v 17.361298 -4.852658 5.120631
v 17.274639 -4.835419 5.120631
v 17.053814 -4.970407 5.148294
v 17.035618 -5.061875 5.148294
v 17.053814 -5.153345 5.148294
v 17.053814 -5.153345 5.148294
v 17.105625 -5.230890 5.148294
v 17.183170 -5.282700 5.148294
v 17.274639 -5.300897 5.148294
v 17.366108 -5.282700 5.148294
v 17.443649 -5.230890 5.148294
v 17.495464 -5.153345 5.148294
v 17.513660 -5.061875 5.148294
v 17.495464 -4.970407 5.148294
v 17.443649 -4.892861 5.148294
v 17.366108 -4.841047 5.148294
v 17.274639 -4.822854 5.148294
v 17.187981 -2.273102 5.120631
v 17.187653 -2.273885 5.122637
v 17.113911 -2.224612 5.122637
v 17.114510 -2.224015 5.120631
v 17.188763 -2.271214 5.119802
v 17.115955 -2.222568 5.119802
v 17.183170 -2.284711 5.148294
v 17.182842 -2.285495 5.150300
v 17.105026 -2.233497 5.150300
v 17.105625 -2.232899 5.148294
v 17.183949 -2.282826 5.147465
v 17.107071 -2.231455 5.147465
v 17.182842 -2.285495 5.239657
v 17.105026 -2.233497 5.239657
v 17.053028 -2.155680 5.150300
v 17.053028 -2.155680 5.239657
v 17.034771 -2.063885 5.150300
v 17.053028 -2.155680 5.150300
v 17.053028 -2.155680 5.239657
v 17.034771 -2.063885 5.239657
v 17.053028 -1.972093 5.150300
v 17.053028 -1.972093 5.239657
v 17.105026 -1.894273 5.150300
v 17.105026 -1.894273 5.239657
v 17.182842 -1.842276 5.150300
v 17.182842 -1.842278 5.239657
v 17.274639 -1.824019 5.150300
v 17.274639 -1.824019 5.239657
v 17.366432 -1.842276 5.150300
v 17.366432 -1.842276 5.239657
v 17.444252 -1.894273 5.150300
v 17.444252 -1.894273 5.239657
v 17.496246 -1.972093 5.150300
v 17.496246 -1.972093 5.239657
v 17.514503 -2.063885 5.150300
v 17.514503 -2.063885 5.239657
v 17.496246 -2.155678 5.150300
v 17.496246 -2.155680 5.239657
v 17.444252 -2.233497 5.150300
v 17.444252 -2.233497 5.239657
v 17.366432 -2.285495 5.150300
v 17.366432 -2.285495 5.239657
v 17.274639 -2.303754 5.150300
v 17.274639 -2.303754 5.239657
v 17.129684 -2.208837 5.094653
v 17.274639 -2.063885 5.094653
v 17.196190 -2.253274 5.094653
v 17.085247 -2.142334 5.094653
v 17.069645 -2.063885 5.094653
v 17.085247 -1.985439 5.094653
v 17.129684 -1.918934 5.094653
v 17.196190 -1.874499 5.094653
v 17.274639 -1.858894 5.094653
v 17.353085 -1.874499 5.094653
v 17.419586 -1.918934 5.094653
v 17.464027 -1.985439 5.094653
v 17.479630 -2.063885 5.094653
v 17.464027 -2.142334 5.094653
v 17.419586 -2.208837 5.094653
v 17.353085 -2.253274 5.094653
v 17.274639 -2.268877 5.094653
v 17.187653 -2.273885 5.144629
v 17.113911 -2.224612 5.144629
v 17.064640 -2.150872 5.122637
v 17.064640 -2.150872 5.144629
v 17.047340 -2.063885 5.122637
v 17.064640 -2.150872 5.122637
v 17.064640 -2.150872 5.144629
v 17.047340 -2.063885 5.144629
v 17.064640 -1.976901 5.122637
v 17.064640 -1.976901 5.144629
v 17.113911 -1.903161 5.122637
v 17.113911 -1.903161 5.144629
v 17.187653 -1.853888 5.122637
v 17.187653 -1.853888 5.144629
v 17.274639 -1.836585 5.122637
v 17.274639 -1.836585 5.144629
v 17.361622 -1.853888 5.122637
v 17.361622 -1.853888 5.144629
v 17.435368 -1.903161 5.122637
v 17.435368 -1.903161 5.144629
v 17.484638 -1.976901 5.122637
v 17.484638 -1.976901 5.144629
v 17.501938 -2.063885 5.122637
v 17.501938 -2.063885 5.144629
v 17.484638 -2.150869 5.122637
v 17.484638 -2.150869 5.144629
v 17.435368 -2.224610 5.122637
v 17.435368 -2.224612 5.144629
v 17.361622 -2.273885 5.122637
v 17.361622 -2.273885 5.144629
v 17.274639 -2.291186 5.122637
v 17.274639 -2.291186 5.144629
v 17.127644 -2.210881 5.097487
v 17.195084 -2.255943 5.097487
v 17.195084 -2.255943 5.116967
v 17.127644 -2.210881 5.116967
v 17.082581 -2.143439 5.097487
v 17.082581 -2.143439 5.116967
v 17.066757 -2.063885 5.097487
v 17.082581 -2.143439 5.097487
v 17.082581 -2.143439 5.116967
v 17.066757 -2.063885 5.116967
v 17.082581 -1.984334 5.097487
v 17.082581 -1.984334 5.116967
v 17.127644 -1.916892 5.097487
v 17.127644 -1.916892 5.116967
v 17.195084 -1.871828 5.097487
v 17.195084 -1.871828 5.116967
v 17.274639 -1.856003 5.097487
v 17.274639 -1.856003 5.116967
v 17.354191 -1.871828 5.097487
v 17.354191 -1.871828 5.116967
v 17.421631 -1.916892 5.097487
v 17.421631 -1.916892 5.116967
v 17.466698 -1.984334 5.097487
v 17.466698 -1.984334 5.116967
v 17.482517 -2.063885 5.097487
v 17.482517 -2.063885 5.116967
v 17.466698 -2.143439 5.097487
v 17.466698 -2.143439 5.116967
v 17.421631 -2.210881 5.097487
v 17.421631 -2.210881 5.116967
v 17.354191 -2.255943 5.097487
v 17.354191 -2.255943 5.116967
v 17.274639 -2.271767 5.097487
v 17.274639 -2.271767 5.116967
v 17.125603 -2.212925 5.119802
v 17.193981 -2.258614 5.119802
v 17.079910 -2.144544 5.119802
v 17.067307 -2.149764 5.119802
v 17.063866 -2.063885 5.119802
v 17.079910 -2.144544 5.119802
v 17.067307 -2.149764 5.119802
v 17.050228 -2.063885 5.119802
v 17.079910 -1.983226 5.119802
v 17.067307 -1.978009 5.119802
v 17.125603 -1.914848 5.119802
v 17.115955 -1.905202 5.119802
v 17.193981 -1.869159 5.119802
v 17.188763 -1.856556 5.119802
v 17.274639 -1.853114 5.119802
v 17.274639 -1.839475 5.119802
v 17.355297 -1.869159 5.119802
v 17.360519 -1.856556 5.119802
v 17.423676 -1.914848 5.119802
v 17.433323 -1.905202 5.119802
v 17.469372 -1.983226 5.119802
v 17.481968 -1.978006 5.119802
v 17.485409 -2.063885 5.119802
v 17.499050 -2.063885 5.119802
v 17.469372 -2.144544 5.119802
v 17.481968 -2.149764 5.119802
v 17.423676 -2.212925 5.119802
v 17.433323 -2.222568 5.119802
v 17.355297 -2.258614 5.119802
v 17.360519 -2.271214 5.119802
v 17.274639 -2.274658 5.119802
v 17.274639 -2.288297 5.119802
v 17.111866 -2.226657 5.147465
v 17.186546 -2.276554 5.147465
v 17.061970 -2.151977 5.147465
v 17.055702 -2.154572 5.147465
v 17.044449 -2.063885 5.147465
v 17.061970 -2.151977 5.147465
v 17.055702 -2.154572 5.147465
v 17.037663 -2.063885 5.147465
v 17.061970 -1.975796 5.147465
v 17.055702 -1.973198 5.147465
v 17.111866 -1.901116 5.147465
v 17.107071 -1.896318 5.147465
v 17.186546 -1.851217 5.147465
v 17.183949 -1.844947 5.147465
v 17.274639 -1.833694 5.147465
v 17.274639 -1.826907 5.147465
v 17.362728 -1.851217 5.147465
v 17.365326 -1.844947 5.147465
v 17.437405 -1.901116 5.147465
v 17.442207 -1.896318 5.147465
v 17.487309 -1.975796 5.147465
v 17.493576 -1.973198 5.147465
v 17.504829 -2.063885 5.147465
v 17.511616 -2.063885 5.147465
v 17.487309 -2.151977 5.147465
v 17.493576 -2.154572 5.147465
v 17.437405 -2.226654 5.147465
v 17.442207 -2.231455 5.147465
v 17.362728 -2.276554 5.147465
v 17.365326 -2.282823 5.147465
v 17.274639 -2.294076 5.147465
v 17.274639 -2.300863 5.147465
v 17.195412 -2.255162 5.095482
v 17.128242 -2.210283 5.095482
v 17.195412 -2.255162 5.095482
v 17.128242 -2.210283 5.095482
v 17.083366 -2.143114 5.095482
v 17.083366 -2.143114 5.095482
v 17.083366 -2.143114 5.095482
v 17.067604 -2.063885 5.095482
v 17.067604 -2.063885 5.095482
v 17.083366 -1.984656 5.095482
v 17.083366 -1.984656 5.095482
v 17.128242 -1.917490 5.095482
v 17.128242 -1.917490 5.095482
v 17.195412 -1.872611 5.095482
v 17.195412 -1.872611 5.095482
v 17.274639 -1.856852 5.095482
v 17.274639 -1.856852 5.095482
v 17.353867 -1.872611 5.095482
v 17.353867 -1.872611 5.095482
v 17.421036 -1.917490 5.095482
v 17.421036 -1.917490 5.095482
v 17.465912 -1.984656 5.095482
v 17.465912 -1.984656 5.095482
v 17.481674 -2.063885 5.095482
v 17.481674 -2.063885 5.095482
v 17.465912 -2.143114 5.095482
v 17.465912 -2.143114 5.095482
v 17.421036 -2.210283 5.095482
v 17.421036 -2.210283 5.095482
v 17.353867 -2.255162 5.095482
v 17.353867 -2.255162 5.095482
v 17.274639 -2.270921 5.095482
v 17.274639 -2.270921 5.095482
v 17.194759 -2.256726 5.118971
v 17.274639 -2.272614 5.118971
v 17.127045 -2.211478 5.118971
v 17.081802 -2.143764 5.118971
v 17.081802 -2.143764 5.118971
v 17.065907 -2.063885 5.118971
v 17.081802 -1.984010 5.118971
v 17.127045 -1.916292 5.118971
v 17.194759 -1.871047 5.118971
v 17.274639 -1.855159 5.118971
v 17.354515 -1.871047 5.118971
v 17.422230 -1.916292 5.118971
v 17.467484 -1.984010 5.118971
v 17.483364 -2.063885 5.118971
v 17.467484 -2.143764 5.118971
v 17.422230 -2.211478 5.118971
v 17.354515 -2.256726 5.118971
v 17.187332 -2.274668 5.146636
v 17.274639 -2.292032 5.146636
v 17.113316 -2.225210 5.146636
v 17.063858 -2.151194 5.146636
v 17.063858 -2.151194 5.146636
v 17.046486 -2.063885 5.146636
v 17.063858 -1.976579 5.146636
v 17.113316 -1.902560 5.146636
v 17.187332 -1.853105 5.146636
v 17.274639 -1.835738 5.146636
v 17.361950 -1.853105 5.146636
v 17.435963 -1.902560 5.146636
v 17.485420 -1.976579 5.146636
v 17.502785 -2.063885 5.146636
v 17.485420 -2.151194 5.146636
v 17.435963 -2.225210 5.146636
v 17.361950 -2.274668 5.146636
v 17.065422 -2.150548 5.120631
v 17.065422 -2.150548 5.120631
v 17.048183 -2.063885 5.120631
v 17.065422 -1.977226 5.120631
v 17.114510 -1.903758 5.120631
v 17.187981 -1.854669 5.120631
v 17.274639 -1.837431 5.120631
v 17.361298 -1.854669 5.120631
v 17.434769 -1.903758 5.120631
v 17.483852 -1.977226 5.120631
v 17.501095 -2.063885 5.120631
v 17.483852 -2.150545 5.120631
v 17.434769 -2.224013 5.120631
v 17.361298 -2.273102 5.120631
v 17.274639 -2.290339 5.120631
v 17.053814 -2.155356 5.148294
v 17.053814 -2.155356 5.148294
v 17.035618 -2.063885 5.148294
v 17.053814 -1.972417 5.148294
v 17.105625 -1.894871 5.148294
v 17.183170 -1.843059 5.148294
v 17.274639 -1.824866 5.148294
v 17.366108 -1.843059 5.148294
v 17.443649 -1.894873 5.148294
v 17.495464 -1.972417 5.148294
v 17.513660 -2.063885 5.148294
v 17.495464 -2.155356 5.148294
v 17.443649 -2.232899 5.148294
v 17.366108 -2.284711 5.148294
v 17.274639 -2.302905 5.148294
v 15.993130 -1.613338 5.416708
v 16.004860 -1.613338 5.434265
v 16.005180 -1.612892 5.433943
v 15.993549 -1.612892 5.416532
v 16.022591 -1.612892 5.445574
v 16.005180 -1.612892 5.433943
v 16.004860 -1.613338 5.434265
v 16.022415 -1.613338 5.445996
v 16.043125 -1.612892 5.449657
v 16.043125 -1.613338 5.450114
v 15.989006 -1.613338 5.395998
v 15.993130 -1.613338 5.416708
v 15.993549 -1.612892 5.416532
v 15.989468 -1.612892 5.395998
v 16.063660 -1.612892 5.445574
v 16.063831 -1.613338 5.445996
v 15.993130 -1.613338 5.375289
v 15.993549 -1.612892 5.375463
v 16.081066 -1.612892 5.433943
v 16.063660 -1.612892 5.445574
v 16.063831 -1.613338 5.445996
v 16.081387 -1.613338 5.434265
v 16.004860 -1.613338 5.357733
v 16.005180 -1.612892 5.358056
v 16.092697 -1.612892 5.416532
v 16.093121 -1.613338 5.416708
v 16.022415 -1.613338 5.346004
v 16.022591 -1.612892 5.346424
v 16.096786 -1.612892 5.395998
v 16.097237 -1.613338 5.395998
v 16.043125 -1.613338 5.341884
v 16.043125 -1.612892 5.342340
v 16.092697 -1.612892 5.375463
v 16.093121 -1.613338 5.375289
v 16.063831 -1.613338 5.346004
v 16.063660 -1.612892 5.346424
v 16.081066 -1.612892 5.358056
v 16.081387 -1.613338 5.357733
v 16.027256 -1.613209 5.434310
v 16.013802 -1.613209 5.425322
v 16.013802 -1.612577 5.425322
v 16.027256 -1.612577 5.434310
v 16.004810 -1.612577 5.411868
v 16.004810 -1.613209 5.411868
v 16.043125 -1.613209 5.437468
v 16.043125 -1.612577 5.437468
v 16.001652 -1.612577 5.395998
v 16.001652 -1.613209 5.395998
v 16.058990 -1.613209 5.434310
v 16.058990 -1.612577 5.434310
v 16.004810 -1.612577 5.380131
v 16.004810 -1.613209 5.380131
v 16.072449 -1.613209 5.425322
v 16.058990 -1.613209 5.434310
v 16.058990 -1.612577 5.434310
v 16.072449 -1.612577 5.425322
v 16.013802 -1.612577 5.366677
v 16.013802 -1.613209 5.366677
v 16.081432 -1.613209 5.411870
v 16.081432 -1.612577 5.411870
v 16.027256 -1.612577 5.357687
v 16.027256 -1.613209 5.357687
v 16.084591 -1.613209 5.395998
v 16.084591 -1.612577 5.395998
v 16.043125 -1.612577 5.354529
v 16.043125 -1.613209 5.354529
v 16.081432 -1.613209 5.380131
v 16.081432 -1.612577 5.380131
v 16.058990 -1.612577 5.357687
v 16.058990 -1.613209 5.357687
v 16.072449 -1.613209 5.366677
v 16.072449 -1.612577 5.366677
v 16.024097 -1.612580 5.441938
v 16.007965 -1.612580 5.431159
v 16.007950 -1.613212 5.431170
v 16.024090 -1.613212 5.441954
v 15.997169 -1.613212 5.415033
v 15.997185 -1.612580 5.415029
v 15.993385 -1.613212 5.395998
v 15.993397 -1.612580 5.395998
v 15.995182 -1.612892 5.415859
v 16.006428 -1.612892 5.432692
v 16.006824 -1.613209 5.432299
v 15.995697 -1.613209 5.415644
v 16.023479 -1.613209 5.443428
v 16.023266 -1.612892 5.443942
v 15.991230 -1.612892 5.395998
v 15.991787 -1.613209 5.395998
v 16.043125 -1.613209 5.447335
v 16.043125 -1.612892 5.447892
v 16.043125 -1.612580 5.445724
v 16.043125 -1.613212 5.445740
v 16.062767 -1.613209 5.443428
v 16.062981 -1.612892 5.443942
v 16.062153 -1.612580 5.441938
v 16.062153 -1.613212 5.441954
v 16.079422 -1.613209 5.432299
v 16.062767 -1.613209 5.443428
v 16.062981 -1.612892 5.443942
v 16.079819 -1.612892 5.432693
v 16.078285 -1.612580 5.431159
v 16.062153 -1.612580 5.441938
v 16.062153 -1.613212 5.441954
v 16.078293 -1.613212 5.431170
v 16.090553 -1.613209 5.415644
v 16.091068 -1.612892 5.415859
v 16.089066 -1.612580 5.415029
v 16.089077 -1.613212 5.415033
v 16.094460 -1.613209 5.395998
v 16.095016 -1.612892 5.395998
v 16.092850 -1.612580 5.395998
v 16.092865 -1.613212 5.395998
v 16.090553 -1.613209 5.376354
v 16.091068 -1.612892 5.376139
v 16.089066 -1.612580 5.376971
v 16.089077 -1.613212 5.376964
v 16.079422 -1.613209 5.359700
v 16.079819 -1.612892 5.359303
v 16.078285 -1.612580 5.360838
v 16.078293 -1.613212 5.360828
v 16.062767 -1.613209 5.348570
v 16.062981 -1.612892 5.348055
v 16.062153 -1.612580 5.350059
v 16.062153 -1.613212 5.350047
v 16.043125 -1.613209 5.344663
v 16.043125 -1.612892 5.344107
v 16.043125 -1.612580 5.346274
v 16.043125 -1.613212 5.346261
v 16.023479 -1.613209 5.348570
v 16.023266 -1.612892 5.348055
v 16.024097 -1.612580 5.350059
v 16.024090 -1.613212 5.350047
v 16.006824 -1.613209 5.359700
v 16.006428 -1.612892 5.359303
v 16.007965 -1.612580 5.360838
v 16.007950 -1.613212 5.360828
v 15.995697 -1.613209 5.376354
v 15.995182 -1.612892 5.376139
v 15.997185 -1.612580 5.376971
v 15.997169 -1.613212 5.376964
v 16.043125 -1.611328 5.444715
v 16.024483 -1.611328 5.441010
v 16.024273 -1.611662 5.441513
v 16.043125 -1.611662 5.445263
v 16.008289 -1.611662 5.430835
v 16.008675 -1.611328 5.430447
v 15.997608 -1.611662 5.414852
v 15.998116 -1.611328 5.414640
v 16.043125 -1.611775 5.437468
v 16.027256 -1.611775 5.434310
v 16.027081 -1.611328 5.434732
v 16.043125 -1.611328 5.437923
v 16.013477 -1.611328 5.425643
v 16.013802 -1.611775 5.425322
v 16.004391 -1.611328 5.412044
v 16.004810 -1.611775 5.411868
v 15.993858 -1.611662 5.395998
v 15.994404 -1.611328 5.395998
v 16.001198 -1.611328 5.395998
v 16.001652 -1.611775 5.395998
v 16.061768 -1.611328 5.441010
v 16.061974 -1.611662 5.441513
v 16.058990 -1.611775 5.434310
v 16.059170 -1.611328 5.434732
v 15.997608 -1.611662 5.377147
v 15.998116 -1.611328 5.377355
v 16.004391 -1.611328 5.379954
v 16.004810 -1.611775 5.380131
v 16.077576 -1.611328 5.430449
v 16.061768 -1.611328 5.441010
v 16.061974 -1.611662 5.441513
v 16.077961 -1.611662 5.430835
v 16.072449 -1.611775 5.425322
v 16.058990 -1.611775 5.434310
v 16.059170 -1.611328 5.434732
v 16.072769 -1.611328 5.425643
v 16.008289 -1.611662 5.361164
v 16.008675 -1.611328 5.361550
v 16.013477 -1.611328 5.366354
v 16.013802 -1.611775 5.366677
v 16.088131 -1.611328 5.414640
v 16.088638 -1.611662 5.414852
v 16.081432 -1.611775 5.411870
v 16.081856 -1.611328 5.412044
v 16.024273 -1.611662 5.350486
v 16.024483 -1.611328 5.350991
v 16.027081 -1.611328 5.357265
v 16.027256 -1.611775 5.357687
v 16.091839 -1.611328 5.395998
v 16.092388 -1.611662 5.395998
v 16.084591 -1.611775 5.395998
v 16.085052 -1.611328 5.395998
v 16.043125 -1.611662 5.346734
v 16.043125 -1.611328 5.347280
v 16.043125 -1.611328 5.354074
v 16.043125 -1.611775 5.354529
v 16.088131 -1.611328 5.377355
v 16.088638 -1.611662 5.377147
v 16.081432 -1.611775 5.380131
v 16.081856 -1.611328 5.379954
v 16.061974 -1.611662 5.350486
v 16.061768 -1.611328 5.350991
v 16.059170 -1.611328 5.357265
v 16.058990 -1.611775 5.357687
v 16.077576 -1.611328 5.361550
v 16.077961 -1.611662 5.361164
v 16.072449 -1.611775 5.366677
v 16.072769 -1.611328 5.366354
v 16.024124 -1.613426 5.441865
v 16.008018 -1.613426 5.431103
v 16.007771 -1.613956 5.431352
v 16.023991 -1.613956 5.442191
v 15.996933 -1.613956 5.415132
v 15.997257 -1.613426 5.414998
v 15.993126 -1.613956 5.395998
v 15.993477 -1.613426 5.395998
v 16.023788 -1.613956 5.442677
v 16.007397 -1.613956 5.431725
v 16.007004 -1.613639 5.432119
v 16.023575 -1.613639 5.443194
v 15.995926 -1.613639 5.415549
v 15.996441 -1.613956 5.415335
v 15.992043 -1.613639 5.395998
v 15.992599 -1.613956 5.395998
v 16.043125 -1.613956 5.446526
v 16.043125 -1.613639 5.447082
v 16.043125 -1.613426 5.445642
v 16.043125 -1.613956 5.445996
v 16.062458 -1.613956 5.442677
v 16.062675 -1.613639 5.443194
v 16.062122 -1.613426 5.441865
v 16.062256 -1.613956 5.442191
v 16.078850 -1.613956 5.431725
v 16.062458 -1.613956 5.442677
v 16.062675 -1.613639 5.443194
v 16.079247 -1.613639 5.432119
v 16.078228 -1.613426 5.431103
v 16.062122 -1.613426 5.441865
v 16.062256 -1.613956 5.442191
v 16.078476 -1.613956 5.431352
v 16.089802 -1.613956 5.415335
v 16.090317 -1.613639 5.415549
v 16.088985 -1.613426 5.414998
v 16.089314 -1.613956 5.415132
v 16.093651 -1.613956 5.395998
v 16.094208 -1.613639 5.395998
v 16.092770 -1.613426 5.395998
v 16.093121 -1.613956 5.395998
v 16.089802 -1.613956 5.376664
v 16.090317 -1.613639 5.376449
v 16.088985 -1.613426 5.376999
v 16.089314 -1.613956 5.376865
v 16.078850 -1.613956 5.360272
v 16.079247 -1.613639 5.359878
v 16.078228 -1.613426 5.360895
v 16.078476 -1.613956 5.360646
v 16.062458 -1.613956 5.349319
v 16.062675 -1.613639 5.348803
v 16.062122 -1.613426 5.350132
v 16.062256 -1.613956 5.349808
v 16.043125 -1.613956 5.345472
v 16.043125 -1.613639 5.344913
v 16.043125 -1.613426 5.346355
v 16.043125 -1.613956 5.346003
v 16.023788 -1.613956 5.349319
v 16.023575 -1.613639 5.348803
v 16.024124 -1.613426 5.350132
v 16.023991 -1.613956 5.349808
v 16.007397 -1.613956 5.360272
v 16.007004 -1.613639 5.359878
v 16.008018 -1.613426 5.360895
v 16.007771 -1.613956 5.360646
v 15.996441 -1.613956 5.376664
v 15.995926 -1.613639 5.376449
v 15.997257 -1.613426 5.376999
v 15.996933 -1.613956 5.376865
v 16.013802 -1.728099 5.425322
v 16.027256 -1.728099 5.434310
v 16.004810 -1.728099 5.411868
v 16.043125 -1.728099 5.437468
v 16.001652 -1.728099 5.395998
v 16.058990 -1.728099 5.434310
v 16.004810 -1.728099 5.380131
v 16.058990 -1.728099 5.434310
v 16.072449 -1.728099 5.425322
v 16.013802 -1.728099 5.366677
v 16.081432 -1.728099 5.411870
v 16.027256 -1.728099 5.357687
v 16.084591 -1.728099 5.395998
v 16.043125 -1.728099 5.354529
v 16.081432 -1.728099 5.380131
v 16.058990 -1.728099 5.357687
v 16.072449 -1.728099 5.366677
v 16.004860 -1.728099 5.434265
v 16.022415 -1.728099 5.445996
v 15.993130 -1.728099 5.416708
v 16.043125 -1.728099 5.450114
v 15.989006 -1.728099 5.395998
v 16.063831 -1.728099 5.445996
v 15.993130 -1.728099 5.375289
v 16.063831 -1.728099 5.445996
v 16.081387 -1.728099 5.434265
v 16.004860 -1.728099 5.357733
v 16.093121 -1.728099 5.416708
v 16.022415 -1.728099 5.346004
v 16.097237 -1.728099 5.395998
v 16.043125 -1.728099 5.341884
v 16.093121 -1.728099 5.375289
v 16.063831 -1.728099 5.346004
v 16.081387 -1.728099 5.357733
v 16.215473 -1.613338 5.416708
v 16.227203 -1.613338 5.434265
v 16.227524 -1.612892 5.433943
v 16.215893 -1.612892 5.416532
v 16.244934 -1.612892 5.445574
v 16.227524 -1.612892 5.433943
v 16.227203 -1.613338 5.434265
v 16.244759 -1.613338 5.445996
v 16.265469 -1.612892 5.449657
v 16.265469 -1.613338 5.450114
v 16.211353 -1.613338 5.395998
v 16.215473 -1.613338 5.416708
v 16.215893 -1.612892 5.416532
v 16.211811 -1.612892 5.395998
v 16.286007 -1.612892 5.445574
v 16.286182 -1.613338 5.445996
v 16.215473 -1.613338 5.375289
v 16.215893 -1.612892 5.375463
v 16.303410 -1.612892 5.433943
v 16.286007 -1.612892 5.445574
v 16.286182 -1.613338 5.445996
v 16.303734 -1.613338 5.434265
v 16.227203 -1.613338 5.357733
v 16.227524 -1.612892 5.358056
v 16.315041 -1.612892 5.416532
v 16.315464 -1.613338 5.416708
v 16.244759 -1.613338 5.346004
v 16.244934 -1.612892 5.346424
v 16.319130 -1.612892 5.395998
v 16.319580 -1.613338 5.395998
v 16.265469 -1.613338 5.341884
v 16.265469 -1.612892 5.342340
v 16.315041 -1.612892 5.375463
v 16.315464 -1.613338 5.375289
v 16.286182 -1.613338 5.346004
v 16.286007 -1.612892 5.346424
v 16.303410 -1.612892 5.358056
v 16.303734 -1.613338 5.357733
v 16.249599 -1.613209 5.434310
v 16.236149 -1.613209 5.425322
v 16.236149 -1.612577 5.425322
v 16.249599 -1.612577 5.434310
v 16.227158 -1.612577 5.411868
v 16.227158 -1.613209 5.411868
v 16.265469 -1.613209 5.437468
v 16.265469 -1.612577 5.437468
v 16.224003 -1.612577 5.395998
v 16.224003 -1.613209 5.395998
v 16.281338 -1.613209 5.434310
v 16.281338 -1.612577 5.434310
v 16.227158 -1.612577 5.380131
v 16.227158 -1.613209 5.380131
v 16.294792 -1.613209 5.425322
v 16.281338 -1.613209 5.434310
v 16.281338 -1.612577 5.434310
v 16.294792 -1.612577 5.425322
v 16.236149 -1.612577 5.366677
v 16.236149 -1.613209 5.366677
v 16.303783 -1.613209 5.411870
v 16.303783 -1.612577 5.411870
v 16.249599 -1.612577 5.357687
v 16.249599 -1.613209 5.357687
v 16.306934 -1.613209 5.395998
v 16.306934 -1.612577 5.395998
v 16.265469 -1.612577 5.354529
v 16.265469 -1.613209 5.354529
v 16.303783 -1.613209 5.380131
v 16.303783 -1.612577 5.380131
v 16.281338 -1.612577 5.357687
v 16.281338 -1.613209 5.357687
v 16.294792 -1.613209 5.366677
v 16.294792 -1.612577 5.366677
v 16.246441 -1.612580 5.441938
v 16.230309 -1.612580 5.431159
v 16.230297 -1.613212 5.431170
v 16.246433 -1.613212 5.441954
v 16.219513 -1.613212 5.415033
v 16.219528 -1.612580 5.415029
v 16.215729 -1.613212 5.395998
v 16.215740 -1.612580 5.395998
v 16.217525 -1.612892 5.415859
v 16.228771 -1.612892 5.432692
v 16.229168 -1.613209 5.432299
v 16.218040 -1.613209 5.415644
v 16.245827 -1.613209 5.443428
v 16.245609 -1.612892 5.443942
v 16.213573 -1.612892 5.395998
v 16.214130 -1.613209 5.395998
v 16.265469 -1.613209 5.447335
v 16.265469 -1.612892 5.447892
v 16.265469 -1.612580 5.445724
v 16.265469 -1.613212 5.445740
v 16.285110 -1.613209 5.443428
v 16.285328 -1.612892 5.443942
v 16.284496 -1.612580 5.441938
v 16.284504 -1.613212 5.441954
v 16.301765 -1.613209 5.432299
v 16.285110 -1.613209 5.443428
v 16.285328 -1.612892 5.443942
v 16.302162 -1.612892 5.432693
v 16.300632 -1.612580 5.431159
v 16.284496 -1.612580 5.441938
v 16.284504 -1.613212 5.441954
v 16.300640 -1.613212 5.431170
v 16.312897 -1.613209 5.415644
v 16.313412 -1.612892 5.415859
v 16.311409 -1.612580 5.415029
v 16.311424 -1.613212 5.415033
v 16.316803 -1.613209 5.395998
v 16.317360 -1.612892 5.395998
v 16.315193 -1.612580 5.395998
v 16.315212 -1.613212 5.395998
v 16.312897 -1.613209 5.376354
v 16.313412 -1.612892 5.376139
v 16.311409 -1.612580 5.376971
v 16.311424 -1.613212 5.376964
v 16.301765 -1.613209 5.359700
v 16.302162 -1.612892 5.359303
v 16.300632 -1.612580 5.360838
v 16.300640 -1.613212 5.360828
v 16.285110 -1.613209 5.348570
v 16.285328 -1.612892 5.348055
v 16.284496 -1.612580 5.350059
v 16.284504 -1.613212 5.350047
v 16.265469 -1.613209 5.344663
v 16.265469 -1.612892 5.344107
v 16.265469 -1.612580 5.346274
v 16.265469 -1.613212 5.346261
v 16.245827 -1.613209 5.348570
v 16.245609 -1.612892 5.348055
v 16.246441 -1.612580 5.350059
v 16.246433 -1.613212 5.350047
v 16.229168 -1.613209 5.359700
v 16.228771 -1.612892 5.359303
v 16.230309 -1.612580 5.360838
v 16.230297 -1.613212 5.360828
v 16.218040 -1.613209 5.376354
v 16.217525 -1.612892 5.376139
v 16.219528 -1.612580 5.376971
v 16.219513 -1.613212 5.376964
v 16.265469 -1.611328 5.444715
v 16.246826 -1.611328 5.441010
v 16.246616 -1.611662 5.441513
v 16.265469 -1.611662 5.445263
v 16.230633 -1.611662 5.430835
v 16.231018 -1.611328 5.430447
v 16.219952 -1.611662 5.414852
v 16.220459 -1.611328 5.414640
v 16.265469 -1.611775 5.437468
v 16.249599 -1.611775 5.434310
v 16.249428 -1.611328 5.434732
v 16.265469 -1.611328 5.437923
v 16.235821 -1.611328 5.425643
v 16.236149 -1.611775 5.425322
v 16.226734 -1.611328 5.412044
v 16.227158 -1.611775 5.411868
v 16.216202 -1.611662 5.395998
v 16.216751 -1.611328 5.395998
v 16.223545 -1.611328 5.395998
v 16.224003 -1.611775 5.395998
v 16.284115 -1.611328 5.441010
v 16.284321 -1.611662 5.441513
v 16.281338 -1.611775 5.434310
v 16.281509 -1.611328 5.434732
v 16.219952 -1.611662 5.377147
v 16.220459 -1.611328 5.377355
v 16.226734 -1.611328 5.379954
v 16.227158 -1.611775 5.380131
v 16.299919 -1.611328 5.430449
v 16.284115 -1.611328 5.441010
v 16.284321 -1.611662 5.441513
v 16.300304 -1.611662 5.430835
v 16.294792 -1.611775 5.425322
v 16.281338 -1.611775 5.434310
v 16.281509 -1.611328 5.434732
v 16.295113 -1.611328 5.425643
v 16.230633 -1.611662 5.361164
v 16.231018 -1.611328 5.361550
v 16.235821 -1.611328 5.366354
v 16.236149 -1.611775 5.366677
v 16.310474 -1.611328 5.414640
v 16.310982 -1.611662 5.414852
v 16.303783 -1.611775 5.411870
v 16.304199 -1.611328 5.412044
v 16.246616 -1.611662 5.350486
v 16.246826 -1.611328 5.350991
v 16.249428 -1.611328 5.357265
v 16.249599 -1.611775 5.357687
v 16.314182 -1.611328 5.395998
v 16.314732 -1.611662 5.395998
v 16.306934 -1.611775 5.395998
v 16.307396 -1.611328 5.395998
v 16.265469 -1.611662 5.346734
v 16.265469 -1.611328 5.347280
v 16.265469 -1.611328 5.354074
v 16.265469 -1.611775 5.354529
v 16.310474 -1.611328 5.377355
v 16.310982 -1.611662 5.377147
v 16.303783 -1.611775 5.380131
v 16.304199 -1.611328 5.379954
v 16.284321 -1.611662 5.350486
v 16.284115 -1.611328 5.350991
v 16.281509 -1.611328 5.357265
v 16.281338 -1.611775 5.357687
v 16.299919 -1.611328 5.361550
v 16.300304 -1.611662 5.361164
v 16.294792 -1.611775 5.366677
v 16.295113 -1.611328 5.366354
v 16.246468 -1.613426 5.441865
v 16.230362 -1.613426 5.431103
v 16.230114 -1.613956 5.431352
v 16.246334 -1.613956 5.442191
v 16.219280 -1.613956 5.415132
v 16.219601 -1.613426 5.414998
v 16.215469 -1.613956 5.395998
v 16.215828 -1.613426 5.395998
v 16.246132 -1.613956 5.442677
v 16.229740 -1.613956 5.431725
v 16.229347 -1.613639 5.432119
v 16.245918 -1.613639 5.443194
v 16.218273 -1.613639 5.415549
v 16.218784 -1.613956 5.415335
v 16.214386 -1.613639 5.395998
v 16.214943 -1.613956 5.395998
v 16.265469 -1.613956 5.446526
v 16.265469 -1.613639 5.447082
v 16.265469 -1.613426 5.445642
v 16.265469 -1.613956 5.445996
v 16.284801 -1.613956 5.442677
v 16.285019 -1.613639 5.443194
v 16.284466 -1.613426 5.441865
v 16.284599 -1.613956 5.442191
v 16.301197 -1.613956 5.431725
v 16.284801 -1.613956 5.442677
v 16.285019 -1.613639 5.443194
v 16.301590 -1.613639 5.432119
v 16.300571 -1.613426 5.431103
v 16.284466 -1.613426 5.441865
v 16.284599 -1.613956 5.442191
v 16.300819 -1.613956 5.431352
v 16.312149 -1.613956 5.415335
v 16.312660 -1.613639 5.415549
v 16.311333 -1.613426 5.414998
v 16.311661 -1.613956 5.415132
v 16.315994 -1.613956 5.395998
v 16.316551 -1.613639 5.395998
v 16.315113 -1.613426 5.395998
v 16.315464 -1.613956 5.395998
v 16.312149 -1.613956 5.376664
v 16.312660 -1.613639 5.376449
v 16.311333 -1.613426 5.376999
v 16.311661 -1.613956 5.376865
v 16.301197 -1.613956 5.360272
v 16.301590 -1.613639 5.359878
v 16.300571 -1.613426 5.360895
v 16.300819 -1.613956 5.360646
v 16.284801 -1.613956 5.349319
v 16.285019 -1.613639 5.348803
v 16.284466 -1.613426 5.350132
v 16.284599 -1.613956 5.349808
v 16.265469 -1.613956 5.345472
v 16.265469 -1.613639 5.344913
v 16.265469 -1.613426 5.346355
v 16.265469 -1.613956 5.346003
v 16.246132 -1.613956 5.349319
v 16.245918 -1.613639 5.348803
v 16.246468 -1.613426 5.350132
v 16.246334 -1.613956 5.349808
v 16.229740 -1.613956 5.360272
v 16.229347 -1.613639 5.359878
v 16.230362 -1.613426 5.360895
v 16.230114 -1.613956 5.360646
v 16.218784 -1.613956 5.376664
v 16.218273 -1.613639 5.376449
v 16.219601 -1.613426 5.376999
v 16.219280 -1.613956 5.376865
v 16.236149 -1.728099 5.425322
v 16.249599 -1.728099 5.434310
v 16.227158 -1.728099 5.411868
v 16.265469 -1.728099 5.437468
v 16.224003 -1.728099 5.395998
v 16.281338 -1.728099 5.434310
v 16.227158 -1.728099 5.380131
v 16.281338 -1.728099 5.434310
v 16.294792 -1.728099 5.425322
v 16.236149 -1.728099 5.366677
v 16.303783 -1.728099 5.411870
v 16.249599 -1.728099 5.357687
v 16.306934 -1.728099 5.395998
v 16.265469 -1.728099 5.354529
v 16.303783 -1.728099 5.380131
v 16.281338 -1.728099 5.357687
v 16.294792 -1.728099 5.366677
v 16.227203 -1.728099 5.434265
v 16.244759 -1.728099 5.445996
v 16.215473 -1.728099 5.416708
v 16.265469 -1.728099 5.450114
v 16.211353 -1.728099 5.395998
v 16.286182 -1.728099 5.445996
v 16.215473 -1.728099 5.375289
v 16.286182 -1.728099 5.445996
v 16.303734 -1.728099 5.434265
v 16.227203 -1.728099 5.357733
v 16.315464 -1.728099 5.416708
v 16.244759 -1.728099 5.346004
v 16.319580 -1.728099 5.395998
v 16.265469 -1.728099 5.341884
v 16.315464 -1.728099 5.375289
v 16.286182 -1.728099 5.346004
v 16.303734 -1.728099 5.357733
v 17.376978 12.340156 13.032920
v 17.395361 12.346114 13.041978
v 17.397528 12.348193 13.036141
v 17.379183 12.342218 13.027166
v 17.400591 12.347427 13.030383
v 17.382280 12.341456 13.021449
v 17.186857 11.859579 13.816013
v 17.407644 12.343323 13.040154
v 17.402262 12.345857 13.043373
v 17.182203 11.864319 13.816772
v 17.182203 11.864319 13.816772
v 17.402262 12.345857 13.043373
v 17.176100 11.864847 13.815285
v 17.624475 12.199770 12.671142
v 17.406237 12.346859 13.034562
v 17.628420 12.200239 12.677382
v 17.628420 12.200239 12.677382
v 17.406237 12.346859 13.034562
v 17.627390 12.197678 12.687262
v 17.605673 12.193720 12.662149
v 17.627607 12.195509 12.667572
v 17.608786 12.189395 12.658445
v 17.629110 12.189395 12.668575
v 17.610239 12.183235 12.659366
v 17.240641 11.739240 13.786287
v 17.632380 12.186131 12.684774
v 17.630754 12.192988 12.683521
v 17.238157 11.744789 13.787659
v 17.235678 11.750342 13.789030
v 17.643744 11.803312 12.895977
v 17.633223 12.189365 12.674816
v 17.647928 11.806022 12.900957
v 17.647928 11.806022 12.900957
v 17.633223 12.189365 12.674816
v 17.647367 11.806897 12.907641
v 17.158396 11.846531 13.810611
v 17.177423 11.853460 13.820189
v 17.175657 11.859820 13.819582
v 17.156103 11.853235 13.809964
v 17.156179 11.858347 13.805565
v 17.183142 11.856109 13.820334
v 17.231504 11.747389 13.793429
v 17.231504 11.747389 13.793429
v 17.183142 11.856109 13.820334
v 17.225321 11.744711 13.793077
v 17.211584 11.727509 13.781213
v 17.230276 11.733611 13.790331
v 17.227797 11.739161 13.791706
v 17.209105 11.733059 13.782583
v 17.206625 11.738614 13.783955
v 17.289457 11.630000 13.759300
v 17.236464 11.736289 13.790683
v 17.285189 11.627753 13.763928
v 17.285189 11.627753 13.763928
v 17.236464 11.736289 13.790683
v 17.279398 11.625259 13.763822
v 17.625345 11.797226 12.887042
v 17.643202 11.798437 12.900340
v 17.624811 11.792417 12.891352
v 17.641272 11.795831 12.906050
v 17.622904 11.789843 12.896988
v 17.285707 11.619571 13.754695
v 17.646048 11.800323 12.908619
v 17.289743 11.623614 13.757364
v 17.289743 11.623614 13.757364
v 17.646048 11.800323 12.908619
v 17.266668 11.613404 13.744631
v 17.282595 11.620522 13.760470
v 17.263033 11.614144 13.750709
v 17.259478 11.618761 13.754098
v 17.598886 12.190667 12.663135
v 17.376776 12.337245 13.020180
v 17.593493 12.186615 12.670715
v 17.373743 12.332260 13.023609
v 17.613466 11.795831 12.891103
v 17.598551 12.175306 12.667924
v 17.603735 12.179821 12.660332
v 17.618437 11.796338 12.886600
v 17.201780 11.739281 13.772487
v 17.596907 12.181970 12.666836
v 17.204256 11.733731 13.771115
v 17.206743 11.728176 13.769745
v 17.255564 11.618937 13.742757
v 17.616575 11.790718 12.894168
v 17.260309 11.614014 13.742466
v 17.152960 11.848520 13.799470
v 17.202055 11.737778 13.779059
v 17.153696 11.846003 13.805794
v 17.207014 11.726679 13.776318
v 17.255369 11.618024 13.749374
v 17.372786 12.336264 13.028922
v 17.152388 11.854587 13.802216
v 17.402617 12.348009 13.038422
v 17.402617 12.348009 13.038422
v 17.631647 12.195791 12.673739
v 17.631647 12.195791 12.673739
v 17.180490 11.860672 13.820220
v 17.180490 11.860672 13.820220
v 17.233980 11.741838 13.792054
v 17.233980 11.741838 13.792054
v 17.646955 11.801261 12.903360
v 17.646955 11.801261 12.903360
v 17.286600 11.623209 13.761583
v 17.286600 11.623209 13.761583
v 17.602163 12.186194 12.659353
v 17.619474 11.792282 12.889940
v 17.204538 11.732228 13.777689
v 17.258799 11.614132 13.747808
v 17.375166 12.339058 13.024993
v 17.152689 11.851401 13.806591
v 16.825846 12.318790 12.659985
v 16.744886 12.289900 12.670785
v 16.742899 12.296419 12.673584
v 16.823778 12.325581 12.662898
v 16.823778 12.325581 12.662898
v 16.742899 12.296419 12.673584
v 16.742739 12.299359 12.680333
v 16.823610 12.328642 12.669933
v 17.196581 11.018255 12.682306
v 16.740782 12.276922 12.682122
v 16.739973 12.284719 12.674555
v 17.201014 11.011510 12.674591
v 17.208147 11.010556 12.670785
v 16.783381 12.198889 12.789462
v 16.738611 12.286801 12.692628
v 16.738733 12.283719 12.685196
v 16.783548 12.195800 12.782341
v 16.783548 12.195800 12.782341
v 16.738733 12.283719 12.685196
v 16.785635 12.188956 12.779390
v 16.966513 12.380391 14.574495
v 16.737791 12.294398 12.684483
v 16.960787 12.375189 14.572171
v 16.959745 12.367073 14.564976
v 17.293421 11.031199 12.669933
v 17.212549 11.001917 12.680333
v 17.210794 11.004278 12.673584
v 17.291590 11.033660 12.662898
v 17.291590 11.033660 12.662898
v 17.210794 11.004278 12.673584
v 17.288836 11.040204 12.659985
v 17.422499 11.089002 14.564608
v 17.201361 11.008726 12.692256
v 17.205576 11.002518 12.684361
v 17.428576 11.083309 14.572049
v 17.436323 11.082945 14.574495
v 17.174826 11.114176 12.779449
v 17.199480 11.011341 12.685220
v 17.177618 11.107554 12.782383
v 17.177618 11.107554 12.782383
v 17.199480 11.011341 12.685220
v 17.179468 11.105062 12.789475
v 17.047289 12.409641 14.563298
v 16.968271 12.378030 14.581253
v 17.049120 12.407178 14.570333
v 17.049120 12.407178 14.570333
v 16.968271 12.378030 14.581253
v 16.970915 12.371747 14.584048
v 17.051882 12.400638 14.573248
v 16.986277 12.261622 14.477788
v 16.964525 12.357545 14.574925
v 16.961626 12.364457 14.572011
v 16.983488 12.268246 14.474849
v 16.983488 12.268246 14.474849
v 16.961626 12.364457 14.572011
v 16.981634 12.270738 14.467760
v 17.434179 11.092402 14.584048
v 16.965353 12.366197 14.581941
v 17.426397 11.092988 14.581978
v 17.420321 11.098878 14.575114
v 17.514868 11.122051 14.573248
v 17.436167 11.085883 14.581253
v 17.516935 11.115257 14.570333
v 17.516935 11.115257 14.570333
v 17.436167 11.085883 14.581253
v 17.517107 11.112195 14.563298
v 17.377726 11.176911 14.467773
v 17.422373 11.092075 14.572037
v 17.377554 11.180000 14.474894
v 17.377554 11.180000 14.474894
v 17.422373 11.092075 14.572037
v 17.375471 11.186849 14.477841
v 16.830473 12.184163 12.813704
v 16.795778 12.190033 12.800394
v 16.795935 12.187143 12.793748
v 16.830332 12.181114 12.807033
v 16.830332 12.181114 12.807033
v 16.795935 12.187143 12.793748
v 16.797892 12.180721 12.790994
v 16.832018 12.174476 12.804298
v 16.788374 12.193110 12.795999
v 16.985037 12.264349 14.460754
v 16.991259 12.260817 14.455041
v 17.178961 11.128358 12.790994
v 16.790529 12.183550 12.786241
v 17.175097 11.121535 12.786287
v 17.201998 11.154806 12.804610
v 17.181574 11.122174 12.793748
v 17.204519 11.148827 12.807279
v 17.204519 11.148827 12.807279
v 17.181574 11.122174 12.793748
v 17.183298 11.119849 12.800394
v 17.206190 11.146575 12.813704
v 17.378778 11.190633 14.455041
v 17.179590 11.112723 12.796011
v 17.376257 11.183966 14.460766
v 17.397680 11.215915 14.434568
v 17.378618 11.193531 14.461687
v 17.397528 11.218714 14.440998
v 17.397528 11.218714 14.440998
v 17.378618 11.193531 14.461687
v 17.376661 11.199948 14.464441
v 17.395632 11.224922 14.443663
v 16.995588 12.252313 14.464441
v 17.374067 11.193597 14.470498
v 16.989527 12.255541 14.470479
v 17.026155 12.245272 14.443663
v 16.992987 12.258492 14.461687
v 17.023634 12.251252 14.440998
v 17.023634 12.251252 14.440998
v 16.992987 12.258492 14.461687
v 17.021959 12.253503 14.434568
v 16.837183 12.181119 12.815554
v 17.028090 12.250245 14.431474
v 17.028090 12.250245 14.431474
v 16.837183 12.181119 12.815554
v 16.841555 12.175041 12.815996
v 17.032293 12.244115 14.430541
v 17.208864 11.160679 12.815996
v 16.838457 12.174334 12.808879
v 17.206419 11.159054 12.809096
v 17.206419 11.159054 12.809096
v 16.838457 12.174334 12.808879
v 17.399607 11.229748 14.430541
v 17.209394 11.153209 12.815554
v 17.400297 11.222343 14.431474
v 17.400297 11.222343 14.431474
v 17.209394 11.153209 12.815554
v 17.398848 11.228733 14.437929
v 17.031065 12.244409 14.437929
v 17.031065 12.244409 14.437929
v 17.398848 11.228733 14.437929
v 17.060061 12.403597 14.562046
v 16.836378 12.322601 12.668685
v 16.831228 12.328278 12.669058
v 17.054907 12.409273 14.562402
v 16.832808 12.321300 12.662014
v 17.295790 11.042734 12.662014
v 17.299364 11.044018 12.668685
v 17.299044 11.036357 12.669058
v 17.522722 11.117352 14.562402
v 17.523046 11.125015 14.562046
v 17.058153 12.402898 14.569449
v 17.521135 11.124331 14.569449
v 16.737955 12.291369 12.677468
v 16.737955 12.291369 12.677468
v 17.203760 11.004985 12.677468
v 17.203760 11.004985 12.677468
v 16.962606 12.372722 14.579063
v 16.962606 12.372722 14.579063
v 17.428415 11.086333 14.579063
v 17.428415 11.086333 14.579063
v 16.788530 12.190131 12.789119
v 16.788530 12.190131 12.789119
v 17.177797 11.115148 12.789147
v 17.177797 11.115148 12.789147
v 17.376085 11.186967 14.467638
v 17.376085 11.186967 14.467638
v 16.986826 12.261930 14.467614
v 16.986826 12.261930 14.467614
v 16.835825 12.179604 12.809840
v 16.835825 12.179604 12.809840
v 16.835825 12.179604 12.809840
v 17.207621 11.153447 12.810028
v 17.207621 11.153447 12.810028
v 17.207621 11.153447 12.810028
v 17.399858 11.223056 14.437225
v 17.399858 11.223056 14.437225
v 17.399858 11.223056 14.437225
v 17.028208 12.249414 14.437225
v 17.028208 12.249414 14.437225
v 17.028208 12.249414 14.437225
v 16.829775 12.326363 12.663475
v 17.296701 11.036898 12.663475
v 17.054811 12.407849 14.568316
v 17.521738 11.118388 14.568316
v 18.339224 9.434009 13.198448
v 18.366213 9.422832 13.212134
v 18.370749 9.423093 13.203310
v 18.343779 9.434221 13.189743
v 18.373518 9.419212 13.194610
v 18.346601 9.430300 13.181108
v 17.649115 9.067755 14.382271
v 18.377607 9.407569 13.209376
v 18.373899 9.415767 13.214252
v 17.648401 9.077770 14.383412
v 17.648401 9.077770 14.383412
v 18.373899 9.415767 13.214252
v 17.641893 9.084364 14.381169
v 18.486177 9.029746 12.651528
v 18.379457 9.413016 13.200925
v 18.491179 9.026418 12.660962
v 18.491179 9.026418 12.660962
v 18.379457 9.413016 13.200925
v 18.487490 9.024478 12.675900
v 18.458620 9.041234 12.637940
v 18.485605 9.021770 12.646143
v 18.457956 9.033200 12.632338
v 18.481337 9.013260 12.647657
v 18.453592 9.024688 12.633739
v 17.592913 8.876578 14.337333
v 18.481890 9.006307 12.672139
v 18.486746 9.015785 12.670249
v 17.595507 8.885398 14.339403
v 17.598101 8.894214 14.341478
v 18.119425 8.554830 12.991426
v 18.486036 9.009196 12.657090
v 18.126894 8.553836 12.998951
v 18.126894 8.553836 12.998951
v 18.486036 9.009196 12.657090
v 18.127100 8.555399 13.009059
v 17.603567 9.080660 14.374106
v 17.632250 9.069974 14.388582
v 17.636454 9.079019 14.387671
v 17.607512 9.090630 14.373128
v 17.612612 9.096429 14.366473
v 17.641424 9.067411 14.388802
v 17.590399 8.894918 14.348129
v 17.590399 8.894918 14.348129
v 17.641424 9.067411 14.388802
v 17.580660 8.897906 14.347598
v 17.547991 8.891586 14.329659
v 17.575476 8.880266 14.343451
v 17.578070 8.889086 14.345527
v 17.550581 8.900411 14.331734
v 17.553171 8.909226 14.333805
v 17.541903 8.703041 14.296540
v 17.585215 8.877278 14.343984
v 17.534788 8.704645 14.303535
v 17.534788 8.704645 14.303535
v 17.585215 8.877278 14.343984
v 17.525682 8.707458 14.303371
v 18.092291 8.565885 12.977914
v 18.114019 8.549755 12.998022
v 18.086966 8.560871 12.984429
v 18.109243 8.548654 13.006649
v 18.082235 8.559786 12.992950
v 17.527357 8.694720 14.289578
v 18.119146 8.549137 13.010533
v 17.535967 8.695415 14.293610
v 17.535967 8.695415 14.293610
v 18.119146 8.549137 13.010533
v 17.499411 8.706303 14.274362
v 17.524710 8.698867 14.298308
v 17.495951 8.710723 14.283550
v 17.496397 8.719522 14.288670
v 18.447821 9.044377 12.639434
v 18.336134 9.430865 13.179188
v 18.437651 9.045008 12.650890
v 18.327765 9.428099 13.184369
v 18.077261 8.575928 12.984053
v 18.432364 9.027040 12.646666
v 18.442759 9.027147 12.635195
v 18.083475 8.571639 12.977246
v 17.548262 8.914747 14.316467
v 18.437014 9.036319 12.645017
v 17.545664 8.905928 14.314396
v 17.543074 8.897108 14.312322
v 17.492056 8.723571 14.271529
v 18.075819 8.567002 12.988686
v 17.492689 8.713248 14.271087
v 17.599272 9.088288 14.357261
v 17.547102 8.912750 14.326405
v 17.597643 9.084670 14.366820
v 17.541914 8.895115 14.322259
v 17.490946 8.722703 14.281531
v 18.330584 9.433644 13.192404
v 17.604555 9.095827 14.361415
v 18.376425 9.417892 13.206760
v 18.376425 9.417892 13.206760
v 18.490530 9.018126 12.655457
v 18.490530 9.018126 12.655457
v 17.642855 9.075257 14.388631
v 17.642855 9.075257 14.388631
v 17.587805 8.886098 14.346055
v 17.587805 8.886098 14.346055
v 18.121103 8.549325 13.002584
v 18.121103 8.549325 13.002584
v 17.531954 8.698035 14.299987
v 17.531954 8.698035 14.299987
v 18.447203 9.036016 12.633713
v 18.080683 8.565953 12.982298
v 17.544512 8.903931 14.324330
v 17.491076 8.714861 14.279159
v 18.336058 9.434532 13.186460
v 17.601786 9.091870 14.368029
v 17.684347 9.950085 12.656281
v 17.562887 9.996284 12.672610
v 17.566992 10.005726 12.676838
v 17.688631 9.959932 12.660688
v 17.688631 9.959932 12.660688
v 17.566992 10.005726 12.676838
v 17.569693 10.009267 12.687045
v 17.691439 9.963619 12.671325
v 16.834959 8.090519 12.690025
v 17.545435 9.985381 12.689747
v 17.552153 9.995142 12.678304
v 16.833437 8.078408 12.678361
v 16.840708 8.070312 12.672610
v 17.517885 9.853835 12.852016
v 17.552626 9.998875 12.705626
v 17.549746 9.995212 12.694396
v 17.515047 9.850123 12.841252
v 17.515047 9.850123 12.841252
v 17.549746 9.995212 12.694396
v 17.510729 9.840202 12.836791
v 17.906572 9.882952 15.550509
v 17.559137 10.008419 12.693319
v 17.894888 9.882584 15.546992
v 17.885729 9.874275 15.536119
v 16.959044 8.010398 12.671325
v 16.837297 8.056053 12.687045
v 16.837591 8.060493 12.676838
v 16.959356 8.015027 12.660688
v 16.959356 8.015027 12.660688
v 16.837591 8.060493 12.676838
v 16.962599 8.025259 12.656281
v 17.164209 7.950264 15.535554
v 16.831106 8.074867 12.705070
v 16.829870 8.063588 12.693128
v 17.165609 7.937757 15.546804
v 17.174177 7.929734 15.550509
v 16.904032 8.222186 12.836878
v 16.831503 8.079726 12.694433
v 16.900747 8.211832 12.841314
v 16.900747 8.211832 12.841314
v 16.831503 8.079726 12.694433
v 16.900434 8.207153 12.852033
v 18.028181 9.837354 15.533573
v 17.906279 9.878510 15.560720
v 18.027872 9.832729 15.544210
v 18.027872 9.832729 15.544210
v 17.906279 9.878510 15.560720
v 17.903162 9.868692 15.564948
v 18.024622 9.822493 15.548617
v 17.812799 9.726955 15.404311
v 17.881876 9.858624 15.551156
v 17.885328 9.869417 15.546751
v 17.816092 9.737310 15.399867
v 17.816092 9.737310 15.399867
v 17.885328 9.869417 15.546751
v 17.816401 9.741988 15.389152
v 17.180986 7.942721 15.564948
v 17.891310 9.867767 15.561760
v 17.172609 7.951029 15.561817
v 17.171396 7.963762 15.551437
v 17.302877 7.897668 15.548617
v 17.176874 7.933275 15.560720
v 17.298594 7.887825 15.544210
v 17.298594 7.887825 15.544210
v 17.176874 7.933275 15.560720
v 17.295778 7.884137 15.533573
v 17.198950 8.095306 15.389169
v 17.167093 7.953931 15.546789
v 17.201788 8.099019 15.399933
v 17.201788 8.099019 15.399933
v 17.167093 7.953931 15.546789
v 17.206102 8.108936 15.404389
v 17.557604 9.790705 12.888667
v 17.523455 9.831493 12.868547
v 17.520800 9.828011 12.858496
v 17.554453 9.787340 12.878578
v 17.554453 9.787340 12.878578
v 17.520800 9.828011 12.858496
v 17.516752 9.818711 12.854333
v 17.549879 9.778049 12.874449
v 17.517958 9.842298 12.861897
v 17.814047 9.731311 15.378560
v 17.817736 9.721148 15.369924
v 16.922705 8.234441 12.854333
v 17.511057 9.829185 12.847150
v 16.911566 8.230380 12.847216
v 16.975142 8.242261 12.874920
v 16.919638 8.224773 12.858496
v 16.972174 8.232914 12.878946
v 16.972174 8.232914 12.878946
v 16.919638 8.224773 12.858496
v 16.919348 8.220402 12.868547
v 16.971891 8.228685 12.888667
v 17.213629 8.110053 15.369924
v 16.908087 8.215847 12.861913
v 17.204180 8.104856 15.378576
v 17.260164 8.120587 15.338975
v 17.216280 8.113540 15.379972
v 17.262735 8.123960 15.348695
v 17.262735 8.123960 15.348695
v 17.216280 8.113540 15.379972
v 17.220327 8.122839 15.384134
v 17.266649 8.132957 15.352717
v 17.814379 9.707109 15.384134
v 17.211111 8.118079 15.393293
v 17.810572 9.716773 15.393257
v 17.842627 9.669031 15.352717
v 17.817442 9.716777 15.379972
v 17.845594 9.678383 15.348695
v 17.845594 9.678383 15.348695
v 17.817442 9.716777 15.379972
v 17.845877 9.682611 15.338975
v 17.562334 9.780616 12.891459
v 17.849730 9.672853 15.334296
v 17.849730 9.672853 15.334296
v 17.562334 9.780616 12.891459
v 17.561399 9.769341 12.892130
v 17.848551 9.661668 15.332880
v 16.988802 8.242282 12.892130
v 17.557131 9.771567 12.881370
v 16.984396 8.242810 12.881698
v 16.984396 8.242810 12.881698
v 17.557131 9.771567 12.881370
v 17.275949 8.134609 15.332880
v 16.982092 8.233171 12.891459
v 17.269484 8.125409 15.334296
v 17.269484 8.125409 15.334296
v 16.982092 8.233171 12.891459
v 17.274084 8.134189 15.344054
v 17.847429 9.663216 15.344054
v 17.847429 9.663216 15.344054
v 17.274084 8.134189 15.344054
v 18.036943 9.817877 15.531686
v 17.700201 9.944142 12.669436
v 17.699842 9.955725 12.670003
v 18.036581 9.829463 15.532228
v 17.694822 9.946147 12.659350
v 16.973082 8.021342 12.659350
v 16.978453 8.019313 12.669436
v 16.970564 8.010824 12.670003
v 17.307302 7.884559 15.532228
v 17.315191 7.893051 15.531686
v 18.034063 9.818940 15.542876
v 17.312323 7.894140 15.542876
v 17.556353 10.004781 12.682715
v 17.556353 10.004781 12.682715
v 16.830202 8.068209 12.682715
v 16.830202 8.068209 12.682715
v 17.894556 9.877967 15.557409
v 17.894556 9.877967 15.557409
v 17.168402 7.941391 15.557409
v 17.168402 7.941391 15.557409
v 17.515215 9.838709 12.851501
v 17.515215 9.838709 12.851501
v 16.908396 8.220386 12.851542
v 16.908396 8.220386 12.851542
v 17.206930 8.108481 15.388964
v 17.206930 8.108481 15.388964
v 17.813734 9.726768 15.388930
v 17.813734 9.726768 15.388930
v 17.559282 9.780215 12.882819
v 17.559282 9.780215 12.882819
v 17.559282 9.780215 12.882819
v 16.980280 8.235182 12.883105
v 16.980280 8.235182 12.883105
v 16.980280 8.235182 12.883105
v 17.269682 8.126665 15.342985
v 17.269682 8.126665 15.342985
v 17.269682 8.126665 15.342985
v 17.849051 9.671777 15.342985
v 17.849051 9.671777 15.342985
v 17.849051 9.671777 15.342985
v 17.696299 9.954947 12.661560
v 16.968409 8.013742 12.661560
v 18.035078 9.827916 15.541161
v 17.307184 7.886712 15.541161
v 15.825760 -1.618695 5.358990
v 15.825760 -1.727576 5.358990
v 15.815372 -1.727576 5.358809
v 15.815372 -1.618695 5.358809
v 15.838539 -1.727576 5.416348
v 15.838539 -1.618695 5.416348
v 15.838322 -1.618695 5.422604
v 15.838322 -1.727576 5.422604
v 15.759228 -1.618695 5.433186
v 15.759228 -1.727576 5.433186
v 15.816410 -1.727576 5.433186
v 15.816410 -1.618695 5.433186
v 15.834167 -1.618695 5.429565
v 15.825760 -1.618695 5.433005
v 15.825760 -1.727576 5.433005
v 15.834167 -1.727576 5.429565
v 15.834167 -1.618695 5.429565
v 15.834167 -1.727576 5.429565
v 15.834167 -1.618695 5.362430
v 15.838322 -1.618695 5.369391
v 15.838322 -1.727576 5.369391
v 15.834167 -1.727576 5.362430
v 15.825760 -1.618695 5.358990
v 15.834167 -1.618695 5.362430
v 15.834167 -1.727576 5.362430
v 15.825760 -1.727576 5.358990
v 15.838539 -1.618695 5.375647
v 15.838539 -1.727576 5.375647
v 15.742550 -1.618695 5.433186
v 15.742550 -1.727576 5.433186
v 15.815372 -1.618695 5.358809
v 15.815372 -1.727576 5.358809
v 15.742550 -1.727576 5.358809
v 15.742550 -1.618695 5.358809
v 15.815372 -1.727576 5.363552
v 15.824665 -1.727576 5.363552
v 15.824665 -1.618695 5.363552
v 15.815372 -1.618695 5.363552
v 15.832813 -1.618695 5.421699
v 15.832813 -1.618695 5.416348
v 15.832813 -1.727576 5.416348
v 15.832813 -1.727576 5.421699
v 15.816410 -1.727576 5.428443
v 15.759228 -1.727576 5.428444
v 15.759228 -1.618695 5.428444
v 15.816410 -1.618695 5.428443
v 15.824665 -1.727576 5.428443
v 15.824665 -1.618695 5.428443
v 15.830429 -1.618695 5.426467
v 15.830429 -1.727576 5.426467
v 15.830429 -1.727576 5.426467
v 15.830429 -1.618695 5.426467
v 15.832813 -1.727576 5.370298
v 15.832813 -1.618695 5.370298
v 15.830429 -1.618695 5.365528
v 15.830429 -1.727576 5.365528
v 15.830429 -1.727576 5.365528
v 15.830429 -1.618695 5.365528
v 15.832813 -1.618695 5.375647
v 15.832813 -1.727576 5.375647
v 15.742550 -1.727576 5.428444
v 15.742550 -1.618695 5.428444
v 15.742550 -1.727576 5.363552
v 15.742550 -1.618695 5.363552
v 15.815372 -1.618695 5.363552
v 15.824665 -1.618695 5.363552
v 15.825760 -1.618695 5.358990
v 15.815372 -1.618695 5.358809
v 15.832813 -1.618695 5.416348
v 15.832813 -1.618695 5.421699
v 15.838322 -1.618695 5.422604
v 15.838539 -1.618695 5.416348
v 15.816410 -1.612633 5.428443
v 15.759228 -1.612633 5.428444
v 15.759228 -1.612633 5.433186
v 15.816410 -1.612633 5.433186
v 15.830429 -1.618695 5.426467
v 15.824665 -1.618695 5.428443
v 15.825760 -1.618695 5.433005
v 15.834167 -1.618695 5.429565
v 15.830429 -1.618695 5.426467
v 15.834167 -1.618695 5.429565
v 15.830429 -1.618695 5.365528
v 15.832813 -1.618695 5.370298
v 15.838322 -1.618695 5.369391
v 15.834167 -1.618695 5.362430
v 15.832813 -1.618695 5.375647
v 15.838539 -1.618695 5.375647
v 15.759228 -1.618695 5.428444
v 15.742550 -1.618695 5.428444
v 15.742550 -1.618695 5.433186
v 15.759228 -1.618695 5.433186
v 15.832813 -1.612633 5.375647
v 15.832813 -1.612633 5.416348
v 15.838539 -1.612633 5.416348
v 15.838539 -1.612633 5.375647
v 15.816410 -1.618695 5.428443
v 15.816410 -1.618695 5.433186
v 15.742550 -1.612633 5.363552
v 15.815372 -1.612633 5.363552
v 15.815372 -1.612633 5.358809
v 15.742550 -1.612633 5.358809
v 15.759228 -1.612633 5.428444
v 15.759228 -1.618695 5.428444
v 15.759228 -1.618695 5.433186
v 15.759228 -1.612633 5.433186
v 15.759228 -1.612633 5.439524
v 15.759228 -1.618695 5.439524
v 15.816410 -1.618695 5.439524
v 15.816410 -1.612633 5.439524
v 15.816410 -1.612633 5.433186
v 15.816410 -1.618695 5.433186
v 15.816410 -1.618695 5.428443
v 15.816410 -1.612633 5.428443
v 15.816410 -1.612633 5.428443
v 15.759228 -1.612633 5.428444
v 15.832813 -1.612633 5.416348
v 15.832813 -1.618695 5.416348
v 15.838539 -1.618695 5.416348
v 15.838539 -1.612633 5.416348
v 15.844875 -1.612633 5.416348
v 15.844875 -1.618695 5.416348
v 15.844875 -1.618695 5.375647
v 15.844875 -1.612633 5.375647
v 15.838539 -1.612633 5.375647
v 15.838539 -1.618695 5.375647
v 15.832813 -1.618695 5.375647
v 15.832813 -1.612633 5.375647
v 15.832813 -1.612633 5.375647
v 15.832813 -1.618695 5.375647
v 15.832813 -1.618695 5.416348
v 15.832813 -1.612633 5.416348
v 15.815372 -1.612633 5.363552
v 15.815372 -1.618695 5.363552
v 15.815372 -1.618695 5.358809
v 15.815372 -1.612633 5.358809
v 15.815372 -1.612633 5.352474
v 15.815372 -1.618695 5.352474
v 15.742550 -1.618695 5.352474
v 15.742550 -1.612633 5.352474
v 15.742550 -1.612633 5.363552
v 15.815372 -1.612633 5.363552
v 15.759228 -1.618695 5.439524
v 15.759228 -1.618695 5.433186
v 15.816410 -1.618695 5.433186
v 15.816410 -1.618695 5.439524
v 15.816410 -1.618695 5.439524
v 15.816410 -1.612633 5.439524
v 15.816410 -1.612633 5.439524
v 15.759228 -1.612633 5.439524
v 15.759228 -1.612633 5.439524
v 15.759228 -1.618695 5.439524
v 15.844875 -1.618695 5.416348
v 15.838539 -1.618695 5.416348
v 15.838539 -1.618695 5.375647
v 15.844875 -1.618695 5.375647
v 15.844875 -1.618695 5.375647
v 15.844875 -1.612633 5.375647
v 15.844875 -1.612633 5.375647
v 15.844875 -1.612633 5.416348
v 15.844875 -1.612633 5.416348
v 15.844875 -1.618695 5.416348
v 15.815372 -1.618695 5.352474
v 15.815372 -1.618695 5.358809
v 15.742550 -1.618695 5.358809
v 15.742550 -1.618695 5.352474
v 15.742550 -1.612633 5.352474
v 15.815372 -1.612633 5.352474
v 15.815372 -1.612633 5.352474
v 15.815372 -1.618695 5.352474
v 15.669731 -1.727576 5.358809
v 15.659340 -1.727576 5.358990
v 15.659340 -1.618695 5.358990
v 15.669731 -1.618695 5.358809
v 15.646782 -1.618695 5.422604
v 15.646564 -1.618695 5.416349
v 15.646564 -1.727576 5.416349
v 15.646782 -1.727576 5.422604
v 15.668694 -1.727576 5.433186
v 15.725868 -1.727576 5.433186
v 15.725868 -1.618695 5.433186
v 15.668694 -1.618695 5.433186
v 15.659340 -1.727576 5.433006
v 15.659340 -1.618695 5.433006
v 15.650932 -1.618695 5.429566
v 15.650932 -1.727576 5.429566
v 15.650932 -1.727576 5.429566
v 15.650932 -1.618695 5.429566
v 15.646782 -1.727576 5.369392
v 15.646782 -1.618695 5.369392
v 15.650932 -1.618695 5.362430
v 15.650932 -1.727576 5.362430
v 15.650932 -1.727576 5.362430
v 15.650932 -1.618695 5.362430
v 15.646564 -1.618695 5.375647
v 15.646564 -1.727576 5.375647
v 15.660439 -1.618695 5.363552
v 15.660439 -1.727576 5.363552
v 15.669731 -1.727576 5.363552
v 15.669731 -1.618695 5.363552
v 15.652287 -1.727576 5.416349
v 15.652287 -1.618695 5.416349
v 15.652287 -1.618695 5.421699
v 15.652287 -1.727576 5.421699
v 15.725868 -1.618695 5.428444
v 15.725868 -1.727576 5.428444
v 15.668694 -1.727576 5.428444
v 15.668694 -1.618695 5.428444
v 15.654675 -1.618695 5.426468
v 15.660439 -1.618695 5.428444
v 15.660439 -1.727576 5.428444
v 15.654675 -1.727576 5.426468
v 15.654675 -1.618695 5.426468
v 15.654675 -1.727576 5.426468
v 15.654675 -1.618695 5.365528
v 15.652287 -1.618695 5.370299
v 15.652287 -1.727576 5.370299
v 15.654675 -1.727576 5.365528
v 15.654675 -1.618695 5.365528
v 15.654675 -1.727576 5.365528
v 15.652287 -1.618695 5.375647
v 15.652287 -1.727576 5.375647
v 15.659340 -1.618695 5.358990
v 15.660439 -1.618695 5.363552
v 15.669731 -1.618695 5.363552
v 15.669731 -1.618695 5.358809
v 15.646782 -1.618695 5.422604
v 15.652287 -1.618695 5.421699
v 15.652287 -1.618695 5.416349
v 15.646564 -1.618695 5.416349
v 15.725868 -1.612633 5.433186
v 15.725868 -1.612633 5.428444
v 15.668694 -1.612633 5.428444
v 15.668694 -1.612633 5.433186
v 15.659340 -1.618695 5.433006
v 15.660439 -1.618695 5.428444
v 15.654675 -1.618695 5.426468
v 15.650932 -1.618695 5.429566
v 15.646782 -1.618695 5.369392
v 15.652287 -1.618695 5.370299
v 15.654675 -1.618695 5.365528
v 15.650932 -1.618695 5.362430
v 15.646564 -1.618695 5.375647
v 15.652287 -1.618695 5.375647
v 15.725868 -1.618695 5.428444
v 15.725868 -1.618695 5.433186
v 15.646564 -1.612633 5.416349
v 15.652287 -1.612633 5.416349
v 15.652287 -1.612633 5.375647
v 15.646564 -1.612633 5.375647
v 15.668694 -1.618695 5.433186
v 15.668694 -1.618695 5.428444
v 15.669731 -1.612633 5.358809
v 15.669731 -1.612633 5.363552
v 15.725868 -1.618695 5.433186
v 15.725868 -1.618695 5.428444
v 15.725868 -1.612633 5.428444
v 15.725868 -1.612633 5.433186
v 15.668694 -1.618695 5.439524
v 15.725868 -1.618695 5.439524
v 15.725868 -1.612633 5.439524
v 15.668694 -1.612633 5.439524
v 15.668694 -1.618695 5.428444
v 15.668694 -1.618695 5.433186
v 15.668694 -1.612633 5.433186
v 15.668694 -1.612633 5.428444
v 15.668694 -1.612633 5.428444
v 15.725868 -1.612633 5.428444
v 15.646564 -1.618695 5.416349
v 15.652287 -1.618695 5.416349
v 15.652287 -1.612633 5.416349
v 15.646564 -1.612633 5.416349
v 15.640224 -1.618695 5.375647
v 15.640224 -1.618695 5.416349
v 15.640224 -1.612633 5.416349
v 15.640224 -1.612633 5.375647
v 15.652287 -1.618695 5.375647
v 15.646564 -1.618695 5.375647
v 15.646564 -1.612633 5.375647
v 15.652287 -1.612633 5.375647
v 15.652287 -1.618695 5.416349
v 15.652287 -1.618695 5.375647
v 15.652287 -1.612633 5.375647
v 15.652287 -1.612633 5.416349
v 15.669731 -1.618695 5.358809
v 15.669731 -1.618695 5.363552
v 15.669731 -1.612633 5.363552
v 15.669731 -1.612633 5.358809
v 15.669731 -1.618695 5.352474
v 15.669731 -1.612633 5.352474
v 15.669731 -1.612633 5.363552
v 15.668694 -1.618695 5.433186
v 15.725868 -1.618695 5.433186
v 15.725868 -1.618695 5.439524
v 15.668694 -1.618695 5.439524
v 15.668694 -1.618695 5.439524
v 15.668694 -1.612633 5.439524
v 15.668694 -1.612633 5.439524
v 15.725868 -1.612633 5.439524
v 15.725868 -1.612633 5.439524
v 15.725868 -1.618695 5.439524
v 15.646564 -1.618695 5.375647
v 15.646564 -1.618695 5.416349
v 15.640224 -1.618695 5.416349
v 15.640224 -1.618695 5.375647
v 15.640224 -1.618695 5.375647
v 15.640224 -1.612633 5.375647
v 15.640224 -1.612633 5.375647
v 15.640224 -1.612633 5.416349
v 15.640224 -1.612633 5.416349
v 15.640224 -1.618695 5.416349
v 15.669731 -1.618695 5.358809
v 15.669731 -1.618695 5.352474
v 15.669731 -1.612633 5.352474
v 15.669731 -1.612633 5.352474
v 15.669731 -1.618695 5.352474
v 15.497177 -1.618695 5.358990
v 15.497177 -1.727576 5.358990
v 15.486790 -1.727576 5.358809
v 15.486790 -1.618695 5.358809
v 15.509956 -1.727576 5.416349
v 15.509956 -1.618695 5.416349
v 15.509739 -1.618695 5.422604
v 15.509739 -1.727576 5.422604
v 15.430645 -1.618695 5.433186
v 15.430645 -1.727576 5.433186
v 15.487827 -1.727576 5.433186
v 15.487827 -1.618695 5.433186
v 15.505585 -1.618695 5.429566
v 15.497177 -1.618695 5.433006
v 15.497177 -1.727576 5.433006
v 15.505585 -1.727576 5.429566
v 15.505585 -1.618695 5.429566
v 15.505585 -1.727576 5.429566
v 15.505585 -1.618695 5.362430
v 15.509739 -1.618695 5.369392
v 15.509739 -1.727576 5.369392
v 15.505585 -1.727576 5.362430
v 15.497177 -1.618695 5.358990
v 15.505585 -1.618695 5.362430
v 15.505585 -1.727576 5.362430
v 15.497177 -1.727576 5.358990
v 15.509956 -1.618695 5.375647
v 15.509956 -1.727576 5.375647
v 15.413967 -1.618695 5.433186
v 15.413967 -1.727576 5.433186
v 15.486790 -1.618695 5.358809
v 15.486790 -1.727576 5.358809
v 15.413967 -1.727576 5.358809
v 15.413967 -1.618695 5.358809
v 15.486790 -1.727576 5.363552
v 15.496082 -1.727576 5.363552
v 15.496082 -1.618695 5.363552
v 15.486790 -1.618695 5.363552
v 15.504234 -1.618695 5.421699
v 15.504234 -1.618695 5.416349
v 15.504234 -1.727576 5.416349
v 15.504234 -1.727576 5.421699
v 15.487827 -1.727576 5.428444
v 15.430645 -1.727576 5.428444
v 15.430645 -1.618695 5.428444
v 15.487827 -1.618695 5.428444
v 15.496082 -1.727576 5.428444
v 15.496082 -1.618695 5.428444
v 15.501846 -1.618695 5.426468
v 15.501846 -1.727576 5.426468
v 15.501846 -1.727576 5.426468
v 15.501846 -1.618695 5.426468
v 15.504234 -1.727576 5.370299
v 15.504234 -1.618695 5.370299
v 15.501846 -1.618695 5.365528
v 15.501846 -1.727576 5.365528
v 15.501846 -1.727576 5.365528
v 15.501846 -1.618695 5.365528
v 15.504234 -1.618695 5.375647
v 15.504234 -1.727576 5.375647
v 15.413967 -1.727576 5.428444
v 15.413967 -1.618695 5.428444
v 15.413967 -1.727576 5.363552
v 15.413967 -1.618695 5.363552
v 15.486790 -1.618695 5.363552
v 15.496082 -1.618695 5.363552
v 15.497177 -1.618695 5.358990
v 15.486790 -1.618695 5.358809
v 15.504234 -1.618695 5.416349
v 15.504234 -1.618695 5.421699
v 15.509739 -1.618695 5.422604
v 15.509956 -1.618695 5.416349
v 15.487827 -1.612633 5.428444
v 15.430645 -1.612633 5.428444
v 15.430645 -1.612633 5.433186
v 15.487827 -1.612633 5.433186
v 15.501846 -1.618695 5.426468
v 15.496082 -1.618695 5.428444
v 15.497177 -1.618695 5.433006
v 15.505585 -1.618695 5.429566
v 15.501846 -1.618695 5.426468
v 15.505585 -1.618695 5.429566
v 15.501846 -1.618695 5.365528
v 15.504234 -1.618695 5.370299
v 15.509739 -1.618695 5.369392
v 15.505585 -1.618695 5.362430
v 15.504234 -1.618695 5.375647
v 15.509956 -1.618695 5.375647
v 15.430645 -1.618695 5.428444
v 15.413967 -1.618695 5.428444
v 15.413967 -1.618695 5.433186
v 15.430645 -1.618695 5.433186
v 15.504234 -1.612633 5.375647
v 15.504234 -1.612633 5.416349
v 15.509956 -1.612633 5.416349
v 15.509956 -1.612633 5.375647
v 15.487827 -1.618695 5.428444
v 15.487827 -1.618695 5.433186
v 15.413967 -1.612633 5.363552
v 15.486790 -1.612633 5.363552
v 15.486790 -1.612633 5.358809
v 15.413967 -1.612633 5.358809
v 15.430645 -1.612633 5.428444
v 15.430645 -1.618695 5.428444
v 15.430645 -1.618695 5.433186
v 15.430645 -1.612633 5.433186
v 15.430645 -1.612633 5.439524
v 15.430645 -1.618695 5.439524
v 15.487827 -1.618695 5.439524
v 15.487827 -1.612633 5.439524
v 15.487827 -1.612633 5.433186
v 15.487827 -1.618695 5.433186
v 15.487827 -1.618695 5.428444
v 15.487827 -1.612633 5.428444
v 15.487827 -1.612633 5.428444
v 15.430645 -1.612633 5.428444
v 15.504234 -1.612633 5.416349
v 15.504234 -1.618695 5.416349
v 15.509956 -1.618695 5.416349
v 15.509956 -1.612633 5.416349
v 15.516293 -1.612633 5.416349
v 15.516293 -1.618695 5.416349
v 15.516293 -1.618695 5.375647
v 15.516293 -1.612633 5.375647
v 15.509956 -1.612633 5.375647
v 15.509956 -1.618695 5.375647
v 15.504234 -1.618695 5.375647
v 15.504234 -1.612633 5.375647
v 15.504234 -1.612633 5.375647
v 15.504234 -1.618695 5.375647
v 15.504234 -1.618695 5.416349
v 15.504234 -1.612633 5.416349
v 15.486790 -1.612633 5.363552
v 15.486790 -1.618695 5.363552
v 15.486790 -1.618695 5.358809
v 15.486790 -1.612633 5.358809
v 15.486790 -1.612633 5.352474
v 15.486790 -1.618695 5.352474
v 15.413967 -1.618695 5.352474
v 15.413967 -1.612633 5.352474
v 15.413967 -1.612633 5.363552
v 15.486790 -1.612633 5.363552
v 15.430645 -1.618695 5.439524
v 15.430645 -1.618695 5.433186
v 15.487827 -1.618695 5.433186
v 15.487827 -1.618695 5.439524
v 15.487827 -1.618695 5.439524
v 15.487827 -1.612633 5.439524
v 15.487827 -1.612633 5.439524
v 15.430645 -1.612633 5.439524
v 15.430645 -1.612633 5.439524
v 15.430645 -1.618695 5.439524
v 15.516293 -1.618695 5.416349
v 15.509956 -1.618695 5.416349
v 15.509956 -1.618695 5.375647
v 15.516293 -1.618695 5.375647
v 15.516293 -1.618695 5.375647
v 15.516293 -1.612633 5.375647
v 15.516293 -1.612633 5.375647
v 15.516293 -1.612633 5.416349
v 15.516293 -1.612633 5.416349
v 15.516293 -1.618695 5.416349
v 15.486790 -1.618695 5.352474
v 15.486790 -1.618695 5.358809
v 15.413967 -1.618695 5.358809
v 15.413967 -1.618695 5.352474
v 15.413967 -1.612633 5.352474
v 15.486790 -1.612633 5.352474
v 15.486790 -1.612633 5.352474
v 15.486790 -1.618695 5.352474
v 15.341145 -1.727576 5.358809
v 15.330757 -1.727576 5.358990
v 15.330757 -1.618695 5.358990
v 15.341145 -1.618695 5.358809
v 15.318203 -1.618695 5.422604
v 15.317978 -1.618695 5.416349
v 15.317978 -1.727576 5.416349
v 15.318203 -1.727576 5.422604
v 15.340111 -1.727576 5.433186
v 15.397289 -1.727576 5.433186
v 15.397289 -1.618695 5.433186
v 15.340111 -1.618695 5.433186
v 15.330757 -1.727576 5.433006
v 15.330757 -1.618695 5.433006
v 15.322350 -1.618695 5.429566
v 15.322350 -1.727576 5.429566
v 15.322350 -1.727576 5.429566
v 15.322350 -1.618695 5.429566
v 15.318203 -1.727576 5.369392
v 15.318203 -1.618695 5.369392
v 15.322350 -1.618695 5.362430
v 15.322350 -1.727576 5.362430
v 15.322350 -1.727576 5.362430
v 15.322350 -1.618695 5.362430
v 15.317978 -1.618695 5.375647
v 15.317978 -1.727576 5.375647
v 15.331856 -1.618695 5.363552
v 15.331856 -1.727576 5.363552
v 15.341145 -1.727576 5.363552
v 15.341145 -1.618695 5.363552
v 15.323708 -1.727576 5.416349
v 15.323708 -1.618695 5.416349
v 15.323708 -1.618695 5.421699
v 15.323708 -1.727576 5.421699
v 15.397289 -1.618695 5.428444
v 15.397289 -1.727576 5.428444
v 15.340111 -1.727576 5.428444
v 15.340111 -1.618695 5.428444
v 15.326092 -1.618695 5.426468
v 15.331856 -1.618695 5.428444
v 15.331856 -1.727576 5.428444
v 15.326092 -1.727576 5.426468
v 15.326092 -1.618695 5.426468
v 15.326092 -1.727576 5.426468
v 15.326092 -1.618695 5.365528
v 15.323708 -1.618695 5.370299
v 15.323708 -1.727576 5.370299
v 15.326092 -1.727576 5.365528
v 15.326092 -1.618695 5.365528
v 15.326092 -1.727576 5.365528
v 15.323708 -1.618695 5.375647
v 15.323708 -1.727576 5.375647
v 15.330757 -1.618695 5.358990
v 15.331856 -1.618695 5.363552
v 15.341145 -1.618695 5.363552
v 15.341145 -1.618695 5.358809
v 15.318203 -1.618695 5.422604
v 15.323708 -1.618695 5.421699
v 15.323708 -1.618695 5.416349
v 15.317978 -1.618695 5.416349
v 15.397289 -1.612633 5.433186
v 15.397289 -1.612633 5.428444
v 15.340111 -1.612633 5.428444
v 15.340111 -1.612633 5.433186
v 15.330757 -1.618695 5.433006
v 15.331856 -1.618695 5.428444
v 15.326092 -1.618695 5.426468
v 15.322350 -1.618695 5.429566
v 15.318203 -1.618695 5.369392
v 15.323708 -1.618695 5.370299
v 15.326092 -1.618695 5.365528
v 15.322350 -1.618695 5.362430
v 15.317978 -1.618695 5.375647
v 15.323708 -1.618695 5.375647
v 15.397289 -1.618695 5.428444
v 15.397289 -1.618695 5.433186
v 15.317978 -1.612633 5.416349
v 15.323708 -1.612633 5.416349
v 15.323708 -1.612633 5.375647
v 15.317978 -1.612633 5.375647
v 15.340111 -1.618695 5.433186
v 15.340111 -1.618695 5.428444
v 15.341145 -1.612633 5.358809
v 15.341145 -1.612633 5.363552
v 15.397289 -1.618695 5.433186
v 15.397289 -1.618695 5.428444
v 15.397289 -1.612633 5.428444
v 15.397289 -1.612633 5.433186
v 15.340111 -1.618695 5.439524
v 15.397289 -1.618695 5.439524
v 15.397289 -1.612633 5.439524
v 15.340111 -1.612633 5.439524
v 15.340111 -1.618695 5.428444
v 15.340111 -1.618695 5.433186
v 15.340111 -1.612633 5.433186
v 15.340111 -1.612633 5.428444
v 15.340111 -1.612633 5.428444
v 15.397289 -1.612633 5.428444
v 15.317978 -1.618695 5.416349
v 15.323708 -1.618695 5.416349
v 15.323708 -1.612633 5.416349
v 15.317978 -1.612633 5.416349
v 15.311642 -1.618695 5.375647
v 15.311642 -1.618695 5.416349
v 15.311642 -1.612633 5.416349
v 15.311642 -1.612633 5.375647
v 15.323708 -1.618695 5.375647
v 15.317978 -1.618695 5.375647
v 15.317978 -1.612633 5.375647
v 15.323708 -1.612633 5.375647
v 15.323708 -1.618695 5.416349
v 15.323708 -1.618695 5.375647
v 15.323708 -1.612633 5.375647
v 15.323708 -1.612633 5.416349
v 15.341145 -1.618695 5.358809
v 15.341145 -1.618695 5.363552
v 15.341145 -1.612633 5.363552
v 15.341145 -1.612633 5.358809
v 15.341145 -1.618695 5.352474
v 15.341145 -1.612633 5.352474
v 15.341145 -1.612633 5.363552
v 15.340111 -1.618695 5.433186
v 15.397289 -1.618695 5.433186
v 15.397289 -1.618695 5.439524
v 15.340111 -1.618695 5.439524
v 15.340111 -1.618695 5.439524
v 15.340111 -1.612633 5.439524
v 15.340111 -1.612633 5.439524
v 15.397289 -1.612633 5.439524
v 15.397289 -1.612633 5.439524
v 15.397289 -1.618695 5.439524
v 15.317978 -1.618695 5.375647
v 15.317978 -1.618695 5.416349
v 15.311642 -1.618695 5.416349
v 15.311642 -1.618695 5.375647
v 15.311642 -1.618695 5.375647
v 15.311642 -1.612633 5.375647
v 15.311642 -1.612633 5.375647
v 15.311642 -1.612633 5.416349
v 15.311642 -1.612633 5.416349
v 15.311642 -1.618695 5.416349
v 15.341145 -1.618695 5.358809
v 15.341145 -1.618695 5.352474
v 15.341145 -1.612633 5.352474
v 15.341145 -1.612633 5.352474
v 15.341145 -1.618695 5.352474
v 15.583027 -4.852658 5.120631
v 15.583351 -4.851876 5.122637
v 15.657093 -4.901149 5.122637
v 15.656494 -4.901746 5.120631
v 15.582245 -4.854544 5.119802
v 15.583027 -4.852658 5.120631
v 15.656494 -4.901746 5.120631
v 15.655048 -4.903191 5.119802
v 15.587837 -4.841047 5.148295
v 15.588161 -4.840269 5.150300
v 15.665981 -4.892263 5.150300
v 15.665382 -4.892861 5.148295
v 15.587055 -4.842937 5.147465
v 15.663933 -4.894306 5.147465
v 15.588161 -4.840269 5.239658
v 15.665981 -4.892263 5.239658
v 15.717972 -4.970083 5.150300
v 15.717972 -4.970083 5.239658
v 15.736233 -5.061875 5.150300
v 15.736233 -5.061875 5.239658
v 15.717972 -5.153668 5.150300
v 15.717972 -5.153668 5.239658
v 15.665981 -5.231488 5.150300
v 15.665981 -5.231488 5.239658
v 15.588161 -5.283482 5.150300
v 15.588161 -5.283482 5.239658
v 15.496368 -5.301744 5.150300
v 15.496368 -5.301744 5.239658
v 15.404572 -5.283482 5.150300
v 15.404575 -5.283482 5.239658
v 15.326756 -5.231488 5.150300
v 15.326756 -5.231488 5.239658
v 15.274757 -5.153668 5.150300
v 15.274757 -5.153668 5.239658
v 15.256500 -5.061875 5.150300
v 15.274757 -5.153668 5.150300
v 15.274757 -5.153668 5.239658
v 15.256500 -5.061875 5.239658
v 15.274757 -4.970083 5.150300
v 15.274757 -4.970083 5.239658
v 15.326756 -4.892263 5.150300
v 15.326756 -4.892263 5.239658
v 15.404572 -4.840269 5.150300
v 15.404572 -4.840269 5.239658
v 15.496368 -4.822007 5.150300
v 15.496368 -4.822007 5.239658
v 15.641319 -4.916926 5.094653
v 15.496368 -5.061875 5.094653
v 15.574814 -4.872487 5.094653
v 15.685757 -4.983429 5.094653
v 15.701359 -5.061875 5.094653
v 15.685757 -5.140321 5.094653
v 15.641319 -5.206825 5.094653
v 15.574814 -5.251264 5.094653
v 15.496368 -5.266870 5.094653
v 15.417923 -5.251264 5.094653
v 15.351414 -5.206825 5.094653
v 15.306980 -5.140321 5.094653
v 15.291374 -5.061875 5.094653
v 15.306980 -4.983429 5.094653
v 15.351414 -4.916926 5.094653
v 15.417923 -4.872487 5.094653
v 15.496368 -4.856881 5.094653
v 15.657093 -4.901149 5.122637
v 15.583351 -4.851876 5.122637
v 15.583351 -4.851876 5.144630
v 15.657093 -4.901149 5.144630
v 15.706367 -4.974892 5.122637
v 15.706367 -4.974892 5.144630
v 15.723671 -5.061875 5.122637
v 15.723671 -5.061875 5.144630
v 15.706367 -5.148859 5.122637
v 15.706367 -5.148859 5.144630
v 15.657093 -5.222602 5.122637
v 15.657093 -5.222602 5.144630
v 15.583351 -5.271875 5.122637
v 15.583351 -5.271875 5.144630
v 15.496368 -5.289179 5.122637
v 15.496368 -5.289179 5.144630
v 15.409386 -5.271875 5.122637
v 15.409386 -5.271875 5.144630
v 15.335640 -5.222602 5.122637
v 15.335640 -5.222602 5.144630
v 15.286369 -5.148859 5.122637
v 15.286369 -5.148859 5.144630
v 15.269070 -5.061875 5.122637
v 15.286369 -5.148859 5.122637
v 15.286369 -5.148859 5.144630
v 15.269070 -5.061875 5.144630
v 15.286369 -4.974892 5.122637
v 15.286369 -4.974892 5.144630
v 15.335640 -4.901149 5.122637
v 15.335640 -4.901149 5.144630
v 15.409386 -4.851876 5.122637
v 15.409386 -4.851876 5.144630
v 15.496368 -4.834576 5.122637
v 15.496368 -4.834576 5.144630
v 15.643364 -4.914880 5.097488
v 15.575924 -4.869818 5.097488
v 15.575924 -4.869818 5.116967
v 15.643364 -4.914880 5.116967
v 15.688423 -4.982325 5.097488
v 15.688423 -4.982325 5.116967
v 15.704247 -5.061875 5.097488
v 15.704247 -5.061875 5.116967
v 15.688423 -5.141427 5.097488
v 15.688423 -5.141427 5.116967
v 15.643364 -5.208871 5.097488
v 15.643364 -5.208871 5.116967
v 15.575924 -5.253932 5.097488
v 15.575924 -5.253932 5.116967
v 15.496368 -5.269755 5.097488
v 15.496368 -5.269755 5.116967
v 15.416813 -5.253932 5.097488
v 15.416813 -5.253932 5.116967
v 15.349373 -5.208871 5.097488
v 15.349373 -5.208871 5.116967
v 15.304310 -5.141427 5.097488
v 15.304310 -5.141427 5.116967
v 15.288490 -5.061875 5.097488
v 15.304310 -5.141427 5.097488
v 15.304310 -5.141427 5.116967
v 15.288490 -5.061875 5.116967
v 15.304310 -4.982325 5.097488
v 15.304310 -4.982325 5.116967
v 15.349373 -4.914880 5.097488
v 15.349373 -4.914880 5.116967
v 15.416813 -4.869818 5.097488
v 15.416813 -4.869818 5.116967
v 15.496368 -4.853996 5.097488
v 15.496368 -4.853996 5.116967
v 15.645405 -4.912838 5.119802
v 15.577026 -4.867150 5.119802
v 15.691093 -4.981215 5.119802
v 15.703693 -4.975997 5.119802
v 15.707138 -5.061875 5.119802
v 15.720779 -5.061875 5.119802
v 15.691093 -5.142531 5.119802
v 15.703693 -5.147754 5.119802
v 15.645405 -5.210913 5.119802
v 15.655048 -5.220560 5.119802
v 15.577026 -5.256605 5.119802
v 15.582245 -5.269207 5.119802
v 15.496368 -5.272648 5.119802
v 15.496368 -5.286286 5.119802
v 15.415707 -5.256605 5.119802
v 15.410488 -5.269207 5.119802
v 15.347328 -5.210913 5.119802
v 15.337685 -5.220560 5.119802
v 15.301643 -5.142536 5.119802
v 15.289040 -5.147754 5.119802
v 15.285595 -5.061875 5.119802
v 15.301643 -5.142536 5.119802
v 15.289040 -5.147754 5.119802
v 15.271957 -5.061875 5.119802
v 15.301643 -4.981215 5.119802
v 15.289040 -4.975997 5.119802
v 15.347328 -4.912838 5.119802
v 15.337685 -4.903195 5.119802
v 15.415707 -4.867150 5.119802
v 15.410488 -4.854544 5.119802
v 15.496368 -4.851103 5.119802
v 15.496368 -4.837465 5.119802
v 15.659138 -4.899106 5.147465
v 15.584461 -4.849207 5.147465
v 15.709034 -4.973787 5.147465
v 15.715305 -4.971189 5.147465
v 15.726559 -5.061875 5.147465
v 15.733345 -5.061875 5.147465
v 15.709034 -5.149968 5.147465
v 15.715305 -5.152563 5.147465
v 15.659138 -5.224644 5.147465
v 15.663933 -5.229445 5.147465
v 15.584461 -5.274544 5.147465
v 15.587055 -5.280814 5.147465
v 15.496368 -5.292065 5.147465
v 15.496368 -5.298851 5.147465
v 15.408276 -5.274544 5.147465
v 15.405682 -5.280814 5.147465
v 15.333599 -5.224644 5.147465
v 15.328796 -5.229445 5.147465
v 15.283699 -5.149968 5.147465
v 15.277431 -5.152563 5.147465
v 15.266174 -5.061875 5.147465
v 15.283699 -5.149968 5.147465
v 15.277431 -5.152563 5.147465
v 15.259388 -5.061875 5.147465
v 15.283699 -4.973787 5.147465
v 15.277431 -4.971189 5.147465
v 15.333599 -4.899106 5.147465
v 15.328796 -4.894306 5.147465
v 15.408276 -4.849207 5.147465
v 15.405682 -4.842937 5.147465
v 15.496368 -4.831686 5.147465
v 15.496368 -4.824900 5.147465
v 15.575596 -4.870600 5.095483
v 15.642761 -4.915477 5.095483
v 15.575596 -4.870600 5.095483
v 15.642761 -4.915477 5.095483
v 15.687645 -4.982648 5.095483
v 15.687645 -4.982648 5.095483
v 15.703403 -5.061875 5.095483
v 15.703403 -5.061875 5.095483
v 15.687645 -5.141103 5.095483
v 15.687645 -5.141103 5.095483
v 15.642761 -5.208274 5.095483
v 15.642761 -5.208274 5.095483
v 15.575596 -5.253151 5.095483
v 15.575596 -5.253151 5.095483
v 15.496368 -5.268912 5.095483
v 15.496368 -5.268912 5.095483
v 15.417137 -5.253151 5.095483
v 15.417137 -5.253151 5.095483
v 15.349972 -5.208274 5.095483
v 15.349972 -5.208274 5.095483
v 15.305088 -5.141103 5.095483
v 15.305088 -5.141103 5.095483
v 15.305088 -5.141103 5.095483
v 15.289330 -5.061875 5.095483
v 15.289330 -5.061875 5.095483
v 15.305088 -4.982648 5.095483
v 15.305088 -4.982648 5.095483
v 15.349972 -4.915477 5.095483
v 15.349972 -4.915477 5.095483
v 15.417137 -4.870600 5.095483
v 15.417137 -4.870600 5.095483
v 15.496368 -4.854839 5.095483
v 15.496368 -4.854839 5.095483
v 15.576241 -4.869037 5.118972
v 15.496368 -4.853149 5.118972
v 15.643963 -4.914282 5.118972
v 15.689205 -4.981997 5.118972
v 15.705093 -5.061875 5.118972
v 15.689205 -5.141754 5.118972
v 15.643963 -5.209468 5.118972
v 15.576241 -5.254714 5.118972
v 15.496368 -5.270602 5.118972
v 15.416489 -5.254714 5.118972
v 15.348774 -5.209468 5.118972
v 15.303524 -5.141754 5.118972
v 15.303524 -5.141754 5.118972
v 15.287636 -5.061875 5.118972
v 15.303524 -4.981997 5.118972
v 15.348774 -4.914282 5.118972
v 15.416489 -4.869037 5.118972
v 15.583675 -4.851094 5.146636
v 15.496368 -4.833729 5.146636
v 15.657692 -4.900551 5.146636
v 15.707150 -4.974565 5.146636
v 15.724514 -5.061875 5.146636
v 15.707150 -5.149182 5.146636
v 15.657692 -5.223199 5.146636
v 15.583675 -5.272657 5.146636
v 15.496368 -5.290022 5.146636
v 15.409058 -5.272657 5.146636
v 15.335045 -5.223199 5.146636
v 15.285587 -5.149182 5.146636
v 15.285587 -5.149182 5.146636
v 15.268223 -5.061875 5.146636
v 15.285587 -4.974565 5.146636
v 15.335045 -4.900551 5.146636
v 15.409058 -4.851094 5.146636
v 15.705585 -4.975215 5.120631
v 15.722820 -5.061875 5.120631
v 15.705585 -5.148536 5.120631
v 15.656494 -5.222005 5.120631
v 15.583027 -5.271093 5.120631
v 15.496368 -5.288332 5.120631
v 15.409702 -5.271093 5.120631
v 15.336239 -5.222005 5.120631
v 15.287151 -5.148536 5.120631
v 15.287151 -5.148536 5.120631
v 15.269913 -5.061875 5.120631
v 15.287151 -4.975215 5.120631
v 15.336239 -4.901751 5.120631
v 15.409702 -4.852658 5.120631
v 15.496368 -4.835419 5.120631
v 15.717194 -4.970407 5.148295
v 15.735390 -5.061875 5.148295
v 15.717194 -5.153345 5.148295
v 15.665382 -5.230890 5.148295
v 15.587837 -5.282700 5.148295
v 15.496368 -5.300897 5.148295
v 15.404896 -5.282700 5.148295
v 15.327351 -5.230890 5.148295
v 15.275543 -5.153345 5.148295
v 15.275543 -5.153345 5.148295
v 15.257347 -5.061875 5.148295
v 15.275543 -4.970407 5.148295
v 15.327351 -4.892861 5.148295
v 15.404896 -4.841047 5.148295
v 15.496368 -4.822854 5.148295
v 16.265469 -2.795884 6.088425
v 17.041904 -2.795884 6.088425
v 17.041904 -2.028881 6.088425
v 16.265469 -2.028881 6.088425
v 16.265469 -3.562881 5.213258
v 17.041904 -3.562881 5.213258
v 17.041904 -4.543609 5.213258
v 16.265469 -4.543609 5.213258
v 16.265469 -2.028881 5.213258
v 17.041904 -2.028881 5.213258
v 17.041904 -2.795884 5.213258
v 16.265469 -2.795884 5.213258
v 16.265469 -4.543609 6.088425
v 17.041904 -4.543609 6.088425
v 17.041904 -3.562881 6.088425
v 16.265469 -3.562881 6.088425
v 17.041904 -1.601427 5.336555
v 16.412418 -1.601427 5.277113
v 16.412418 -1.601427 5.395998
v 15.412193 -3.562881 5.213258
v 15.982441 -3.562881 5.213258
v 15.982441 -4.543609 5.213258
v 15.412193 -4.543609 5.213258
v 15.982441 -2.028881 5.213258
v 15.982441 -2.795884 5.213258
v 15.412193 -2.795884 5.213258
v 15.412193 -2.028881 5.213258
v 15.412193 -2.028881 6.088425
v 15.412193 -2.795884 6.088425
v 15.982441 -2.795884 6.088425
v 15.982441 -2.028881 6.088425
v 15.412193 -3.562881 6.088425
v 15.412193 -4.543609 6.088425
v 15.982441 -4.543609 6.088425
v 15.982441 -3.562881 6.088425
v 17.671394 -3.562881 5.553863
v 17.671394 -3.562881 5.821144
v 17.671394 -4.543609 5.821144
v 17.671394 -4.543609 5.553863
v 17.041904 -5.524333 5.553863
v 17.041904 -5.524333 5.821144
v 16.265469 -5.524333 5.821144
v 16.265469 -5.524333 5.553863
v 15.982441 -5.524333 5.553863
v 15.982441 -5.524333 5.821144
v 15.412193 -5.524333 5.821144
v 15.412193 -5.524333 5.553863
v 15.099609 -3.562881 5.553863
v 15.099609 -4.543609 5.553863
v 15.099609 -4.543609 5.821144
v 15.099609 -3.562881 5.821144
v 15.099609 -2.028881 5.553863
v 15.099609 -2.795884 5.553863
v 15.099609 -2.795884 5.821144
v 15.099609 -2.028881 5.821144
v 15.581314 -1.601427 5.553863
v 15.581314 -1.601427 5.821144
v 15.922028 -1.601427 5.821144
v 15.922028 -1.601427 5.553863
v 16.412418 -1.601427 5.553863
v 16.412418 -1.601427 5.821144
v 17.041904 -1.601427 5.821144
v 17.041904 -1.601427 5.553863
v 17.671394 -2.795884 5.553863
v 17.671394 -2.028881 5.553863
v 17.671394 -2.028881 5.821144
v 17.671394 -2.795884 5.821144
v 16.042847 -1.601427 5.553863
v 16.042847 -1.601427 5.821144
v 16.149067 -1.601427 5.821144
v 16.149067 -1.601427 5.553863
v 16.265469 -1.601427 5.821144
v 16.265469 -1.601427 5.553863
v 17.671394 -2.795884 5.336555
v 17.671394 -2.028881 5.336555
v 17.671394 -3.562881 5.336555
v 17.671394 -4.543609 5.336555
v 16.265469 -5.524333 5.336555
v 17.041904 -5.524333 5.336555
v 15.982441 -5.524333 5.336555
v 15.412193 -5.524333 5.336556
v 15.099609 -3.562881 5.336556
v 15.099609 -4.543609 5.336556
v 15.099609 -2.028881 5.336556
v 15.099609 -2.795884 5.336556
v 15.243065 -1.601427 5.553863
v 15.243065 -1.601427 5.821144
v 15.638500 -1.601427 5.446218
v 15.846901 -1.601427 5.445887
v 15.518574 -1.601427 5.445952
v 15.308491 -1.601427 5.446499
v 15.637424 -1.601427 5.445270
v 15.579063 -1.601427 5.474941
v 15.636982 -1.601427 5.349029
v 15.637268 -1.601427 5.347073
v 15.579685 -1.601427 5.314174
v 15.578152 -1.601427 5.349029
v 15.922028 -1.601427 5.435314
v 15.848125 -1.601427 5.442647
v 15.847763 -1.601427 5.444937
v 15.922028 -1.601427 5.483015
v 15.519615 -1.601427 5.445076
v 15.636982 -1.601427 5.395999
v 15.639275 -1.602380 5.395999
v 15.639446 -1.602327 5.351120
v 15.639446 -1.602327 5.351120
v 15.639275 -1.602380 5.395999
v 15.640228 -1.604678 5.395999
v 15.640228 -1.604725 5.352325
v 15.841625 -1.604678 5.442971
v 15.643478 -1.604678 5.442971
v 15.642040 -1.602378 5.443950
v 15.843140 -1.602376 5.443881
v 15.843140 -1.602376 5.443881
v 15.642040 -1.602378 5.443950
v 15.640228 -1.741921 5.439720
v 15.640228 -1.604678 5.439720
v 15.641182 -1.604678 5.442018
v 15.641182 -1.741921 5.442018
v 15.641182 -1.741921 5.442018
v 15.641182 -1.604678 5.442018
v 15.643478 -1.741921 5.442971
v 15.841625 -1.745170 5.439720
v 15.643478 -1.745170 5.439720
v 15.643478 -1.744219 5.442018
v 15.841625 -1.744219 5.442018
v 15.841625 -1.741921 5.442971
v 15.640228 -1.741921 5.395999
v 15.641182 -1.744219 5.439720
v 15.641182 -1.744219 5.395999
v 15.643478 -1.745170 5.395999
v 15.844875 -1.604678 5.439720
v 15.844875 -1.741921 5.439720
v 15.843922 -1.741921 5.442018
v 15.843922 -1.604678 5.442018
v 15.843922 -1.604678 5.442018
v 15.843922 -1.741921 5.442018
v 15.841625 -1.745170 5.395998
v 15.843922 -1.744219 5.439720
v 15.843922 -1.744219 5.395998
v 15.844875 -1.741921 5.395998
v 15.643478 -1.741921 5.349029
v 15.643486 -1.605071 5.349029
v 15.641178 -1.604901 5.349991
v 15.641182 -1.741921 5.349981
v 15.641182 -1.741921 5.349981
v 15.641178 -1.604901 5.349991
v 15.640228 -1.741921 5.352279
v 15.841621 -1.602380 5.348081
v 15.641880 -1.602495 5.348200
v 15.841625 -1.604678 5.349029
v 15.841625 -1.741921 5.349029
v 15.643478 -1.744219 5.349981
v 15.841625 -1.744219 5.349980
v 15.643478 -1.745170 5.352279
v 15.841625 -1.745170 5.352279
v 15.844875 -1.604678 5.395998
v 15.845692 -1.602334 5.440781
v 15.845825 -1.602380 5.395998
v 15.845825 -1.602380 5.395998
v 15.845692 -1.602334 5.440781
v 15.848125 -1.601427 5.395998
v 15.843922 -1.741921 5.349980
v 15.843922 -1.604676 5.349980
v 15.843922 -1.604676 5.349980
v 15.843922 -1.741921 5.349980
v 15.844875 -1.741921 5.352279
v 15.844875 -1.604678 5.352279
v 15.310825 -1.604678 5.395999
v 15.310825 -1.604678 5.352279
v 15.309845 -1.602380 5.350367
v 15.309845 -1.602380 5.395999
v 15.309845 -1.602380 5.395999
v 15.309845 -1.602380 5.350367
v 15.307484 -1.601427 5.345748
v 15.307472 -1.601427 5.395999
v 15.314182 -1.741921 5.349029
v 15.314182 -1.604678 5.349029
v 15.311810 -1.604678 5.349981
v 15.311810 -1.741921 5.349981
v 15.311810 -1.741921 5.349981
v 15.311810 -1.604678 5.349981
v 15.310825 -1.741921 5.352279
v 15.513332 -1.602380 5.348076
v 15.312218 -1.602380 5.348068
v 15.513332 -1.604678 5.349029
v 15.513332 -1.604678 5.442971
v 15.314259 -1.604751 5.442971
v 15.312572 -1.602402 5.444003
v 15.514858 -1.602378 5.443859
v 15.514858 -1.602378 5.443859
v 15.312572 -1.602402 5.444003
v 15.310825 -1.741921 5.439720
v 15.310825 -1.605293 5.439724
v 15.311825 -1.605034 5.442027
v 15.311810 -1.741921 5.442018
v 15.311810 -1.741921 5.442018
v 15.311825 -1.605034 5.442027
v 15.314182 -1.741921 5.442971
v 15.513332 -1.745170 5.439720
v 15.314182 -1.745170 5.439720
v 15.314182 -1.744219 5.442018
v 15.513332 -1.744219 5.442018
v 15.513332 -1.741921 5.442971
v 15.310825 -1.741921 5.395999
v 15.311810 -1.744219 5.439720
v 15.311810 -1.744219 5.395999
v 15.314182 -1.745170 5.395999
v 15.513332 -1.741921 5.349029
v 15.314182 -1.744219 5.349981
v 15.513332 -1.744219 5.349981
v 15.314182 -1.745170 5.352279
v 15.513332 -1.745170 5.352279
v 15.516693 -1.604678 5.439720
v 15.516693 -1.741921 5.439720
v 15.515705 -1.741921 5.442018
v 15.515705 -1.604676 5.442018
v 15.515705 -1.604676 5.442018
v 15.515705 -1.741921 5.442018
v 15.513332 -1.745170 5.395999
v 15.515705 -1.744219 5.439720
v 15.515705 -1.744219 5.395999
v 15.516693 -1.741921 5.395999
v 15.515705 -1.741921 5.349981
v 15.515705 -1.604678 5.349981
v 15.515705 -1.604678 5.349981
v 15.515705 -1.741921 5.349981
v 15.516693 -1.741921 5.352279
v 15.516693 -1.604678 5.352279
v 15.516693 -1.604678 5.395999
v 15.517536 -1.602336 5.440851
v 15.517670 -1.602380 5.395999
v 15.517670 -1.602380 5.395999
v 15.517536 -1.602336 5.440851
v 15.520050 -1.601427 5.442971
v 15.520050 -1.601427 5.395999
v 15.581314 -1.601427 5.277114
v 15.637966 -1.601427 5.346263
v 15.841614 -1.601427 5.345795
v 15.922028 -1.601427 5.277113
v 15.520050 -1.601427 5.352279
v 15.518082 -1.601427 5.347683
v 15.243065 -1.601427 5.395999
v 15.243065 -1.601427 5.277114
v 15.578152 -1.601427 5.442971
v 15.636982 -1.601427 5.442971
v 15.578152 -1.601427 5.395999
v 15.922028 -1.601427 5.395998
v 15.922028 -1.601427 5.356684
v 15.848125 -1.601427 5.352279
v 15.639397 -1.602346 5.440829
v 15.639397 -1.602346 5.440829
v 15.641182 -1.744219 5.352279
v 15.843922 -1.744219 5.352279
v 15.641880 -1.602495 5.348200
v 15.841621 -1.602380 5.348081
v 15.846214 -1.601427 5.347688
v 15.922028 -1.601427 5.331020
v 15.845825 -1.602380 5.352279
v 15.845825 -1.602380 5.352279
v 15.310143 -1.602559 5.441708
v 15.310143 -1.602559 5.441708
v 15.311810 -1.744219 5.352279
v 15.515705 -1.744219 5.352279
v 15.513332 -1.601427 5.345777
v 15.312218 -1.602380 5.348068
v 15.513332 -1.602380 5.348076
v 15.517670 -1.602380 5.352279
v 15.517670 -1.602380 5.352279
v 15.640167 -1.602361 5.443062
v 15.640167 -1.602361 5.443062
v 15.640167 -1.602361 5.443062
v 15.641602 -1.743794 5.441595
v 15.843498 -1.743794 5.441595
v 15.640141 -1.602417 5.349022
v 15.640141 -1.602417 5.349022
v 15.640141 -1.602417 5.349022
v 15.641602 -1.743794 5.350403
v 15.844948 -1.602351 5.443001
v 15.844948 -1.602351 5.443001
v 15.844948 -1.602351 5.443001
v 15.843498 -1.743794 5.350402
v 15.844585 -1.602378 5.349309
v 15.844585 -1.602378 5.349309
v 15.844585 -1.602378 5.349309
v 15.311237 -1.602793 5.349420
v 15.311237 -1.602793 5.349420
v 15.311237 -1.602793 5.349420
v 15.311409 -1.602949 5.442615
v 15.311409 -1.602949 5.442615
v 15.311409 -1.602949 5.442615
v 15.312248 -1.743794 5.441595
v 15.312248 -1.743794 5.350403
v 15.515274 -1.743794 5.441595
v 15.515274 -1.743794 5.350403
v 15.516758 -1.602358 5.443003
v 15.516758 -1.602358 5.443003
v 15.516758 -1.602358 5.443003
v 15.516403 -1.602380 5.349307
v 15.516403 -1.602380 5.349307
v 15.516403 -1.602380 5.349307
v 16.022701 -1.766037 5.445301
v 16.043125 -1.766037 5.395998
v 16.005386 -1.766037 5.433733
v 15.993820 -1.766037 5.416420
v 16.043125 -1.766037 5.449362
v 15.989761 -1.766037 5.395998
v 16.063541 -1.766037 5.445301
v 15.993820 -1.766037 5.375577
v 16.080856 -1.766037 5.433733
v 16.005386 -1.766037 5.358264
v 16.092426 -1.766037 5.416420
v 16.022701 -1.766037 5.346700
v 16.096485 -1.766037 5.395998
v 16.043125 -1.766037 5.342636
v 16.092426 -1.766037 5.375577
v 16.063541 -1.766037 5.346700
v 16.080860 -1.766037 5.358264
v 16.003273 -1.763100 5.435850
v 16.003273 -1.604366 5.435850
v 16.021553 -1.604366 5.448067
v 16.021553 -1.763100 5.448067
v 15.991055 -1.763100 5.417567
v 15.991055 -1.604366 5.417567
v 16.043125 -1.604366 5.452358
v 16.043125 -1.763100 5.452358
v 15.986763 -1.763100 5.395998
v 15.986763 -1.604366 5.395998
v 16.064690 -1.604366 5.448067
v 16.064690 -1.763100 5.448067
v 15.991055 -1.763100 5.374432
v 15.991055 -1.604366 5.374432
v 16.082973 -1.604366 5.435850
v 16.082973 -1.763100 5.435850
v 16.003273 -1.763100 5.356148
v 16.003273 -1.604366 5.356148
v 16.082973 -1.763100 5.435850
v 16.082973 -1.604366 5.435850
v 16.095192 -1.604366 5.417567
v 16.095192 -1.763100 5.417567
v 16.021553 -1.763100 5.343931
v 16.021553 -1.604366 5.343931
v 16.099480 -1.604366 5.395998
v 16.099480 -1.763100 5.395998
v 16.043125 -1.763100 5.339640
v 16.043125 -1.604366 5.339640
v 16.095192 -1.604366 5.374432
v 16.095192 -1.763100 5.374432
v 16.064690 -1.763100 5.343931
v 16.064690 -1.604366 5.343931
v 16.082973 -1.604366 5.356148
v 16.082973 -1.763100 5.356148
v 16.245049 -1.766037 5.445301
v 16.265469 -1.766037 5.395998
v 16.227737 -1.766037 5.433733
v 16.216164 -1.766037 5.416420
v 16.265469 -1.766037 5.449362
v 16.212105 -1.766037 5.395998
v 16.285889 -1.766037 5.445301
v 16.216164 -1.766037 5.375577
v 16.303200 -1.766037 5.433733
v 16.227737 -1.766037 5.358264
v 16.314770 -1.766037 5.416420
v 16.245049 -1.766037 5.346700
v 16.318832 -1.766037 5.395998
v 16.265469 -1.766037 5.342636
v 16.314770 -1.766037 5.375577
v 16.285889 -1.766037 5.346700
v 16.303200 -1.766037 5.358264
v 16.225616 -1.763100 5.435850
v 16.225616 -1.604366 5.435850
v 16.243896 -1.604366 5.448067
v 16.243896 -1.763100 5.448067
v 16.213398 -1.763100 5.417567
v 16.213398 -1.604366 5.417567
v 16.265469 -1.604366 5.452358
v 16.265469 -1.763100 5.452358
v 16.209110 -1.763100 5.395998
v 16.209110 -1.604366 5.395998
v 16.287033 -1.604366 5.448067
v 16.287033 -1.763100 5.448067
v 16.213398 -1.763100 5.374432
v 16.213398 -1.604366 5.374432
v 16.287033 -1.763100 5.448067
v 16.287033 -1.604366 5.448067
v 16.305317 -1.604366 5.435850
v 16.305317 -1.763100 5.435850
v 16.225616 -1.763100 5.356148
v 16.225616 -1.604366 5.356148
v 16.317535 -1.604366 5.417567
v 16.317535 -1.763100 5.417567
v 16.243896 -1.763100 5.343931
v 16.243896 -1.604366 5.343931
v 16.321827 -1.604366 5.395998
v 16.321827 -1.763100 5.395998
v 16.265469 -1.763100 5.339640
v 16.265469 -1.604366 5.339640
v 16.317535 -1.604366 5.374432
v 16.317535 -1.763100 5.374432
v 16.287033 -1.763100 5.343931
v 16.287033 -1.604366 5.343931
v 16.305317 -1.604366 5.356148
v 16.305317 -1.763100 5.356148
v 16.288185 -1.601427 5.450836
v 16.265469 -1.601427 5.455354
v 16.320305 -1.601427 5.418715
v 16.324825 -1.601427 5.395998
v 16.265469 -1.601427 5.277113
v 16.265469 -1.601427 5.336644
v 16.288185 -1.601427 5.341162
v 16.149067 -1.601427 5.277113
v 16.242752 -1.601427 5.341162
v 16.242752 -1.601427 5.450836
v 16.043125 -1.601427 5.455354
v 16.065834 -1.601427 5.450836
v 16.020409 -1.601427 5.450836
v 16.042847 -1.601427 5.277113
v 16.043125 -1.601427 5.336644
v 16.065842 -1.601427 5.341162
v 16.020409 -1.601427 5.341162
v 16.149067 -1.601427 5.395998
v 16.102482 -1.601427 5.395998
v 16.097961 -1.601427 5.418715
v 16.149067 -1.601427 5.417567
v 16.149067 -1.601427 5.374432
v 16.097961 -1.601427 5.373284
v 16.085094 -1.601427 5.437970
v 16.149067 -1.601427 5.435850
v 16.149067 -1.601427 5.356148
v 16.085094 -1.601427 5.354031
v 16.307438 -1.601427 5.354031
v 16.320305 -1.601427 5.373284
v 16.001152 -1.601427 5.437970
v 15.988285 -1.601427 5.418715
v 15.983765 -1.601427 5.395998
v 15.988285 -1.601427 5.373284
v 16.001152 -1.601427 5.354031
v 16.223495 -1.601427 5.437970
v 16.210632 -1.601427 5.418715
v 16.206116 -1.601427 5.395998
v 16.210632 -1.601427 5.373284
v 16.223495 -1.601427 5.354031
v 16.307438 -1.601427 5.437970
v 16.021889 -1.765179 5.447257
v 16.043125 -1.765179 5.451479
v 16.043125 -1.765179 5.451479
v 16.021889 -1.765179 5.447257
v 16.003895 -1.765179 5.435231
v 16.003895 -1.765179 5.435231
v 15.991867 -1.765179 5.417232
v 15.991867 -1.765179 5.417232
v 16.064358 -1.765179 5.447257
v 16.064358 -1.765179 5.447257
v 15.987644 -1.765179 5.395998
v 15.987644 -1.765179 5.395998
v 16.082359 -1.765179 5.435231
v 16.082359 -1.765179 5.435231
v 15.991867 -1.765179 5.374768
v 15.991867 -1.765179 5.374768
v 16.094383 -1.765179 5.417232
v 16.094383 -1.765179 5.417232
v 16.082359 -1.765179 5.435231
v 16.003895 -1.765179 5.356768
v 16.003895 -1.765179 5.356768
v 16.098606 -1.765179 5.395998
v 16.098606 -1.765179 5.395998
v 16.021889 -1.765179 5.344740
v 16.021889 -1.765179 5.344740
v 16.094383 -1.765179 5.374768
v 16.094383 -1.765179 5.374768
v 16.043125 -1.765179 5.340518
v 16.043125 -1.765179 5.340518
v 16.082359 -1.765179 5.356768
v 16.082359 -1.765179 5.356768
v 16.064358 -1.765179 5.344740
v 16.064358 -1.765179 5.344740
v 16.002651 -1.602288 5.436471
v 16.021221 -1.602288 5.448880
v 16.021221 -1.602288 5.448880
v 16.002651 -1.602288 5.436471
v 16.043125 -1.602288 5.453237
v 16.043125 -1.602288 5.453237
v 15.990242 -1.602288 5.417902
v 15.990242 -1.602288 5.417902
v 16.065025 -1.602288 5.448880
v 16.065025 -1.602288 5.448880
v 15.985889 -1.602288 5.395998
v 15.985889 -1.602288 5.395998
v 16.083595 -1.602288 5.436471
v 16.083595 -1.602288 5.436471
v 15.990242 -1.602288 5.374094
v 15.990242 -1.602288 5.374094
v 16.083595 -1.602288 5.436471
v 16.096001 -1.602288 5.417902
v 16.096001 -1.602288 5.417902
v 16.002651 -1.602288 5.355527
v 16.002651 -1.602288 5.355527
v 16.100361 -1.602288 5.395998
v 16.100361 -1.602288 5.395998
v 16.021221 -1.602288 5.343119
v 16.021221 -1.602288 5.343119
v 16.096001 -1.602288 5.374094
v 16.096001 -1.602288 5.374094
v 16.043125 -1.602288 5.338762
v 16.043125 -1.602288 5.338762
v 16.083595 -1.602288 5.355527
v 16.083595 -1.602288 5.355527
v 16.065025 -1.602288 5.343119
v 16.065025 -1.602288 5.343119
v 16.244240 -1.765179 5.447257
v 16.265469 -1.765179 5.451479
v 16.265469 -1.765179 5.451479
v 16.244240 -1.765179 5.447257
v 16.226238 -1.765179 5.435231
v 16.226238 -1.765179 5.435231
v 16.214211 -1.765179 5.417232
v 16.214211 -1.765179 5.417232
v 16.286701 -1.765179 5.447257
v 16.286701 -1.765179 5.447257
v 16.209988 -1.765179 5.395998
v 16.209988 -1.765179 5.395998
v 16.304703 -1.765179 5.435231
v 16.304703 -1.765179 5.435231
v 16.286701 -1.765179 5.447257
v 16.214211 -1.765179 5.374768
v 16.214211 -1.765179 5.374768
v 16.316727 -1.765179 5.417232
v 16.316727 -1.765179 5.417232
v 16.226238 -1.765179 5.356768
v 16.226238 -1.765179 5.356768
v 16.320950 -1.765179 5.395998
v 16.320950 -1.765179 5.395998
v 16.244240 -1.765179 5.344740
v 16.244240 -1.765179 5.344740
v 16.316727 -1.765179 5.374768
v 16.316727 -1.765179 5.374768
v 16.265469 -1.765179 5.340518
v 16.265469 -1.765179 5.340518
v 16.304703 -1.765179 5.356768
v 16.304703 -1.765179 5.356768
v 16.286701 -1.765179 5.344740
v 16.286701 -1.765179 5.344740
v 16.224998 -1.602288 5.436471
v 16.243565 -1.602288 5.448880
v 16.243565 -1.602288 5.448880
v 16.224998 -1.602288 5.436471
v 16.265469 -1.602288 5.453237
v 16.265469 -1.602288 5.453237
v 16.212589 -1.602288 5.417902
v 16.212589 -1.602288 5.417902
v 16.287373 -1.602288 5.448880
v 16.287373 -1.602288 5.448880
v 16.208233 -1.602288 5.395998
v 16.208233 -1.602288 5.395998
v 16.287373 -1.602288 5.448880
v 16.305939 -1.602288 5.436471
v 16.305939 -1.602288 5.436471
v 16.212589 -1.602288 5.374094
v 16.212589 -1.602288 5.374094
v 16.318344 -1.602288 5.417902
v 16.318344 -1.602288 5.417902
v 16.224998 -1.602288 5.355527
v 16.224998 -1.602288 5.355527
v 16.322704 -1.602288 5.395998
v 16.322704 -1.602288 5.395998
v 16.243565 -1.602288 5.343119
v 16.243565 -1.602288 5.343119
v 16.318344 -1.602288 5.374094
v 16.318344 -1.602288 5.374094
v 16.265469 -1.602288 5.338762
v 16.265469 -1.602288 5.338762
v 16.305939 -1.602288 5.355527
v 16.305939 -1.602288 5.355527
v 16.287373 -1.602288 5.343119
v 16.287373 -1.602288 5.343119
v 15.111938 -4.543609 5.213258
v 15.111938 -5.512005 5.213258
v 15.103218 -5.512005 5.216871
v 15.103218 -4.543609 5.216871
v 15.103218 -4.543609 5.216871
v 15.103218 -5.512005 5.216871
v 15.099609 -5.512005 5.225587
v 15.099609 -4.543609 5.225587
v 15.412193 -5.524333 5.225587
v 15.111938 -5.524333 5.225587
v 15.111938 -5.520723 5.216871
v 15.412193 -5.520723 5.216871
v 15.412193 -5.520723 5.216871
v 15.111938 -5.520723 5.216871
v 15.412193 -5.512005 5.213258
v 15.111938 -5.524333 5.821144
v 15.111938 -5.524333 6.076096
v 15.103218 -5.520723 6.076096
v 15.103218 -5.520723 5.821144
v 15.103218 -5.520723 5.821144
v 15.103218 -5.520723 6.076096
v 15.099609 -5.512005 6.076096
v 15.099609 -5.512005 5.821144
v 17.671394 -5.512005 5.821144
v 17.671394 -5.512005 6.076096
v 17.667782 -5.520723 6.076096
v 17.667782 -5.520723 5.821144
v 17.667782 -5.520723 5.821144
v 17.667782 -5.520723 6.076096
v 17.659061 -5.524333 6.076096
v 17.659061 -5.524333 5.821144
v 15.111996 -1.601427 5.277114
v 15.111938 -1.601427 5.225587
v 15.103218 -1.605039 5.225580
v 15.103237 -1.605022 5.277614
v 15.103237 -1.605022 5.277614
v 15.103218 -1.605039 5.225580
v 15.099609 -1.613758 5.225587
v 15.099609 -1.613699 5.278821
v 17.659061 -5.512005 5.213258
v 17.659061 -4.543609 5.213258
v 17.667782 -4.543609 5.216871
v 17.667782 -5.512005 5.216871
v 17.667782 -5.512005 5.216871
v 17.667782 -4.543609 5.216871
v 17.671394 -4.543609 5.225586
v 17.671394 -5.512005 5.225586
v 17.659061 -2.028881 6.088425
v 17.659061 -2.795884 6.088425
v 17.667782 -2.795884 6.084814
v 17.667782 -2.028881 6.084814
v 17.667782 -2.028881 6.084814
v 17.667782 -2.795884 6.084814
v 17.671394 -2.795884 6.076096
v 17.671394 -2.028881 6.076096
v 17.041904 -1.601427 5.225586
v 17.659061 -1.601427 5.225586
v 17.659061 -1.605039 5.216871
v 17.041904 -1.605039 5.216871
v 17.041904 -1.605039 5.216871
v 17.659061 -1.605039 5.216871
v 17.659061 -1.613758 5.213258
v 17.041904 -1.613758 5.213258
v 17.659061 -1.601427 5.821144
v 17.659061 -1.601427 6.076096
v 17.667782 -1.605039 6.076096
v 17.667782 -1.605039 5.821144
v 17.667782 -1.605039 5.821144
v 17.667782 -1.605039 6.076096
v 17.671394 -1.613758 6.076096
v 17.671394 -1.613758 5.821144
v 17.041904 -1.613758 6.088425
v 17.659061 -1.613758 6.088425
v 17.659061 -1.605039 6.084814
v 17.041904 -1.605039 6.084814
v 17.041904 -1.605039 6.084814
v 17.659061 -1.605039 6.084814
v 17.041904 -1.601427 6.076096
v 15.111938 -2.028881 6.088425
v 15.111938 -1.613758 6.088425
v 15.103218 -1.613768 6.084814
v 15.103218 -2.028881 6.084814
v 15.103218 -2.028881 6.084814
v 15.103218 -1.613768 6.084814
v 15.099609 -1.613758 6.076096
v 15.099609 -2.028881 6.076096
v 15.099609 -1.613758 5.821144
v 15.103218 -1.605039 6.076103
v 15.103218 -1.605039 5.821144
v 15.103218 -1.605039 5.821144
v 15.103218 -1.605039 6.076103
v 15.111938 -1.601427 6.076096
v 15.111938 -1.601427 5.821144
v 17.659061 -5.524333 5.225586
v 17.041904 -5.524333 5.225586
v 17.041904 -5.520723 5.216871
v 17.659061 -5.520723 5.216871
v 17.659061 -5.520723 5.216871
v 17.041904 -5.520723 5.216871
v 17.041904 -5.512005 5.213258
v 15.982441 -5.512005 6.088425
v 15.412193 -5.512005 6.088425
v 15.412193 -5.520723 6.084814
v 15.982441 -5.520723 6.084814
v 15.982441 -5.520723 6.084814
v 15.412193 -5.520723 6.084814
v 15.412193 -5.524333 6.076096
v 15.982441 -5.524333 6.076096
v 17.671394 -5.512005 5.336555
v 17.667782 -5.520723 5.336555
v 17.667782 -5.520723 5.225586
v 17.667782 -5.520723 5.225586
v 17.667782 -5.520723 5.336555
v 17.659061 -5.524333 5.336555
v 17.659061 -1.601427 5.336555
v 17.659061 -1.601427 5.553863
v 17.667782 -1.605039 5.553863
v 17.667782 -1.605039 5.336555
v 17.667782 -1.605039 5.336555
v 17.667782 -1.605039 5.553863
v 17.671394 -1.613758 5.553863
v 17.671394 -1.613758 5.336555
v 15.576614 -1.613302 6.088425
v 15.923763 -1.613697 6.088425
v 15.922531 -1.605022 6.084796
v 15.579937 -1.604905 6.084685
v 15.579937 -1.604905 6.084685
v 15.922531 -1.605022 6.084796
v 15.922028 -1.601427 6.076034
v 15.581314 -1.601427 6.075654
v 16.041115 -1.613697 6.088425
v 16.152367 -1.613536 6.088425
v 16.150036 -1.604973 6.084751
v 16.042339 -1.605022 6.084796
v 16.042339 -1.605022 6.084796
v 16.150036 -1.604973 6.084751
v 16.149067 -1.601427 6.075876
v 16.042847 -1.601427 6.076034
v 15.111938 -3.562881 5.213258
v 15.111938 -2.795884 5.213258
v 15.111938 -2.028881 5.213258
v 15.111996 -1.601427 5.395999
v 15.111938 -2.795884 6.088425
v 15.111938 -3.562881 6.088425
v 15.111938 -4.543609 6.088425
v 15.111938 -5.524333 5.553863
v 15.111938 -1.601427 5.553863
v 15.111938 -5.524333 5.336556
v 15.982441 -5.524333 5.225586
v 16.265469 -5.524333 5.225586
v 17.671394 -3.562881 5.225586
v 17.671394 -2.795884 5.225586
v 17.671394 -2.028881 5.225586
v 16.412418 -1.601427 5.225929
v 15.922028 -1.601427 5.225647
v 15.581314 -1.601427 5.226028
v 15.243065 -1.601427 5.226028
v 15.099609 -2.028881 5.225587
v 15.099609 -2.795884 5.225587
v 15.099609 -3.562881 5.225587
v 16.149067 -1.601427 5.225807
v 16.042847 -1.601427 5.225647
v 16.265469 -1.601427 5.225586
v 15.111938 -1.613758 5.213258
v 15.247768 -1.613302 5.213258
v 15.576614 -1.613302 5.213258
v 15.923763 -1.613697 5.213258
v 16.041115 -1.613697 5.213258
v 16.152367 -1.613536 5.213258
v 16.265469 -1.613758 5.213258
v 16.408302 -1.613410 5.213258
v 17.671394 -1.613758 5.225586
v 16.408302 -1.613410 6.088425
v 16.265469 -1.613758 6.088425
v 15.247768 -1.613302 6.088425
v 15.099609 -1.613758 5.553863
v 15.099609 -1.613699 5.394292
v 15.111938 -5.512005 6.088425
v 16.265469 -5.512005 6.088425
v 17.041904 -5.512005 6.088425
v 17.671394 -5.512005 5.553863
v 16.265469 -5.512005 5.213258
v 15.982441 -5.512005 5.213258
v 15.099609 -5.512005 5.336556
v 15.099609 -5.512005 5.553863
v 17.659061 -5.512005 6.088425
v 17.659061 -4.543609 6.088425
v 17.659061 -3.562881 6.088425
v 17.659061 -2.028881 5.213258
v 17.659061 -2.795884 5.213258
v 17.659061 -3.562881 5.213258
v 17.659061 -5.524333 5.553863
v 17.671394 -3.562881 6.076096
v 17.671394 -4.543609 6.076096
v 17.041904 -5.524333 6.076096
v 16.265469 -5.524333 6.076096
v 15.099609 -4.543609 6.076096
v 15.099609 -3.562881 6.076096
v 15.099609 -2.795884 6.076096
v 15.243065 -1.601427 6.075654
v 16.265469 -1.601427 6.076096
v 16.412418 -1.601427 6.075757
v 15.982441 -5.520723 5.216871
v 15.982441 -5.520723 5.216871
v 15.103218 -5.512005 6.084814
v 15.103218 -4.543609 6.084814
v 15.103218 -4.543609 6.084814
v 15.103218 -5.512005 6.084814
v 15.103218 -3.562881 5.216871
v 15.103218 -2.795884 5.216871
v 15.103218 -2.795884 5.216871
v 15.103218 -3.562881 5.216871
v 17.659061 -5.520723 6.084814
v 17.041904 -5.520723 6.084814
v 17.041904 -5.520723 6.084814
v 17.659061 -5.520723 6.084814
v 17.667782 -5.512005 6.084814
v 17.667782 -4.543609 6.084814
v 17.667782 -4.543609 6.084814
v 17.667782 -5.512005 6.084814
v 15.103218 -1.613770 5.216871
v 15.103218 -2.028881 5.216868
v 15.103218 -2.028881 5.216868
v 15.103218 -1.613770 5.216871
v 15.103218 -3.562881 6.084814
v 15.103218 -3.562881 6.084814
v 15.103218 -2.795884 6.084814
v 15.103218 -2.795884 6.084814
v 17.667782 -3.562881 5.216871
v 17.667782 -2.795884 5.216871
v 17.667782 -2.795884 5.216871
v 17.667782 -3.562881 5.216871
v 17.667782 -3.562881 6.084814
v 17.667782 -3.562881 6.084814
v 17.667782 -1.613758 5.216871
v 17.667782 -2.028881 5.216867
v 17.667782 -2.028881 5.216867
v 17.667782 -1.613758 5.216871
v 15.111938 -1.605039 5.216871
v 15.244446 -1.604905 5.217000
v 15.244446 -1.604905 5.217000
v 15.111938 -1.605039 5.216871
v 16.411209 -1.604937 6.084714
v 16.411209 -1.604937 6.084714
v 15.103218 -5.520723 5.225587
v 15.103218 -5.520723 5.336556
v 15.103218 -5.520723 5.336556
v 15.103218 -5.520723 5.225587
v 16.265469 -5.520723 5.216871
v 16.265469 -5.520723 5.216871
v 16.411209 -1.604937 5.216968
v 16.265469 -1.605039 5.216871
v 16.265469 -1.605039 5.216871
v 16.411209 -1.604937 5.216968
v 16.265469 -1.605039 6.084814
v 16.265469 -1.605039 6.084814
v 15.579937 -1.604905 5.217000
v 15.579937 -1.604905 5.217000
v 15.111938 -1.605039 6.084814
v 15.244446 -1.604905 6.084685
v 15.244446 -1.604905 6.084685
v 15.111938 -1.605039 6.084814
v 15.111938 -5.520723 6.084814
v 15.111938 -5.520723 6.084814
v 17.667782 -5.520723 5.553863
v 17.667782 -5.520723 5.553863
v 15.103218 -5.520723 5.553863
v 15.103218 -5.520723 5.553863
v 15.103218 -1.605039 5.553863
v 15.103218 -1.605039 5.553863
v 15.103237 -1.605022 5.395499
v 15.103237 -1.605022 5.395499
v 17.667782 -1.605039 5.225586
v 17.667782 -1.605039 5.225586
v 15.922531 -1.605022 5.216887
v 15.922531 -1.605022 5.216887
v 16.042339 -1.605022 5.216887
v 16.042339 -1.605022 5.216887
v 16.265469 -5.520723 6.084814
v 16.265469 -5.520723 6.084814
v 16.150036 -1.604973 5.216934
v 16.150036 -1.604973 5.216934
v 17.667782 -1.613758 6.084814
v 17.667782 -1.613758 6.084814
v 15.104824 -5.519119 5.218471
v 15.104824 -5.519119 5.218471
v 15.104824 -5.519119 5.218471
v 15.104824 -5.519119 6.083212
v 15.104824 -5.519119 6.083212
v 15.104824 -5.519119 6.083212
v 17.666183 -5.519119 6.083211
v 17.666183 -5.519119 6.083211
v 17.666183 -5.519119 6.083211
v 15.104820 -1.606644 5.218469
v 15.104820 -1.606644 5.218469
v 15.104820 -1.606644 5.218469
v 17.666183 -1.606642 5.218471
v 17.666183 -1.606642 5.218471
v 17.666183 -1.606642 5.218471
v 17.666183 -1.606642 6.083211
v 17.666183 -1.606642 6.083211
v 17.666183 -1.606642 6.083211
v 15.104824 -1.606644 6.083214
v 15.104824 -1.606644 6.083214
v 15.104824 -1.606644 6.083214
v 17.666183 -5.519119 5.218471
v 17.666183 -5.519119 5.218471
v 17.666183 -5.519119 5.218471
v 15.099609 -1.610023 6.097019
v 15.099609 -1.610023 6.111432
v 15.102123 -1.603944 6.111432
v 15.102123 -1.603944 6.097019
v 15.102123 -1.603944 6.097019
v 15.102123 -1.603944 6.111432
v 15.108208 -1.601429 6.111432
v 15.108208 -1.601429 6.097019
v 15.108208 -3.562881 6.120023
v 15.108208 -2.586452 6.120023
v 15.102123 -2.586452 6.117506
v 15.102123 -3.562881 6.117506
v 15.102123 -3.562881 6.117506
v 15.102123 -2.586452 6.117506
v 15.099609 -2.586452 6.111432
v 15.099609 -3.562881 6.111432
v 17.662800 -1.601429 6.111432
v 17.024151 -1.601429 6.111432
v 17.024151 -1.603944 6.117506
v 17.662800 -1.603944 6.117506
v 17.662800 -1.603944 6.117506
v 17.024151 -1.603944 6.117506
v 17.024151 -1.610023 6.120023
v 17.662800 -1.610023 6.120023
v 15.108208 -5.524333 6.097019
v 15.108208 -5.524333 6.111432
v 15.102123 -5.521820 6.111432
v 15.102123 -5.521820 6.097019
v 15.102123 -5.521820 6.097019
v 15.102123 -5.521820 6.111432
v 15.099609 -5.515738 6.111432
v 15.099609 -5.515738 6.097019
v 16.385498 -5.515738 6.120023
v 15.746853 -5.515738 6.120023
v 15.746853 -5.521820 6.117506
v 16.385498 -5.521820 6.117506
v 16.385498 -5.521820 6.117506
v 15.746853 -5.521820 6.117506
v 15.746853 -5.524333 6.111432
v 16.385498 -5.524333 6.111432
v 17.671394 -5.515738 6.097019
v 17.671394 -5.515738 6.111432
v 17.668884 -5.521820 6.111432
v 17.668884 -5.521820 6.097019
v 17.668884 -5.521820 6.097019
v 17.668884 -5.521820 6.111432
v 17.662800 -5.524333 6.111432
v 17.662800 -5.524333 6.097019
v 17.662800 -2.586452 6.120023
v 17.662800 -3.562881 6.120023
v 17.668884 -3.562881 6.117506
v 17.668884 -2.586452 6.117506
v 17.668884 -2.586452 6.117506
v 17.668884 -3.562881 6.117506
v 17.671394 -3.562881 6.111432
v 17.671394 -2.586452 6.111432
v 17.662800 -1.601429 6.097019
v 17.668884 -1.603944 6.111432
v 17.668884 -1.603944 6.097019
v 17.668884 -1.603944 6.097019
v 17.668884 -1.603944 6.111432
v 17.671394 -1.610023 6.111432
v 17.671394 -1.610023 6.097019
v 15.099609 -3.562881 6.097019
v 15.099609 -2.586452 6.097019
v 15.102123 -2.586452 6.090942
v 15.102123 -3.562881 6.090942
v 15.102123 -3.562881 6.090942
v 15.102123 -2.586452 6.090942
v 15.108208 -2.586452 6.088425
v 15.108208 -3.562881 6.088425
v 16.385498 -5.524333 6.097019
v 15.746853 -5.524333 6.097019
v 15.746853 -5.521820 6.090942
v 16.385498 -5.521820 6.090941
v 16.385498 -5.521820 6.090941
v 15.746853 -5.521820 6.090942
v 15.746853 -5.515738 6.088425
v 16.385498 -5.515738 6.088425
v 17.671394 -3.562881 6.097019
v 17.671394 -4.539308 6.097019
v 17.668884 -4.539308 6.090941
v 17.668884 -3.562881 6.090941
v 17.668884 -3.562881 6.090941
v 17.668884 -4.539308 6.090941
v 17.662800 -4.539308 6.088425
v 17.662800 -3.562881 6.088425
v 17.024151 -1.601429 6.097019
v 17.662800 -1.603944 6.090941
v 17.024151 -1.603944 6.090941
v 17.024151 -1.603944 6.090941
v 17.662800 -1.603944 6.090941
v 17.662800 -1.610023 6.088425
v 17.024151 -1.610023 6.088425
v 17.024151 -2.586452 6.120023
v 17.024151 -3.562881 6.120023
v 17.024151 -5.524333 6.111432
v 17.024151 -5.524333 6.097019
v 17.671394 -2.586452 6.097019
v 15.099609 -4.539308 6.111432
v 15.099609 -4.539308 6.097019
v 17.662800 -4.539308 6.120023
v 17.024151 -4.539308 6.120023
v 17.671394 -4.539308 6.111432
v 15.746853 -1.601429 6.111432
v 16.385498 -1.601429 6.111432
v 16.385498 -1.601429 6.097019
v 15.746853 -1.601429 6.097019
v 15.746853 -3.562881 6.120023
v 16.385498 -3.562881 6.120023
v 16.385498 -2.586452 6.120023
v 15.746853 -2.586452 6.120023
v 15.746853 -4.539308 6.120023
v 16.385498 -4.539308 6.120023
v 16.385498 -4.539308 6.088425
v 15.746853 -4.539308 6.088425
v 15.746853 -3.562881 6.088425
v 16.385498 -3.562881 6.088425
v 15.746853 -2.586452 6.088425
v 16.385498 -2.586452 6.088425
v 17.024151 -3.562881 6.088425
v 17.024151 -2.586452 6.088425
v 17.662800 -2.586452 6.088425
v 17.024151 -4.539308 6.088425
v 15.746853 -1.603944 6.117506
v 16.385498 -1.603944 6.117506
v 16.385498 -1.603944 6.117506
v 15.746853 -1.603944 6.117506
v 15.746853 -1.610023 6.120023
v 16.385498 -1.610023 6.120023
v 15.102123 -4.539308 6.117506
v 15.102123 -4.539308 6.117506
v 15.108208 -4.539308 6.120023
v 17.662800 -5.515738 6.120023
v 17.024151 -5.515738 6.120023
v 17.024151 -5.521820 6.117506
v 17.662800 -5.521820 6.117506
v 17.662800 -5.521820 6.117506
v 17.024151 -5.521820 6.117506
v 17.668884 -4.539308 6.117506
v 17.668884 -4.539308 6.117506
v 16.385498 -1.610023 6.088425
v 15.746853 -1.610023 6.088425
v 15.746853 -1.603944 6.090942
v 16.385498 -1.603944 6.090941
v 16.385498 -1.603944 6.090941
v 15.746853 -1.603944 6.090942
v 15.108208 -4.539308 6.088425
v 15.102123 -4.539308 6.090942
v 15.102123 -4.539308 6.090942
v 17.024151 -5.515738 6.088425
v 17.662800 -5.515738 6.088425
v 17.662800 -5.521820 6.090941
v 17.024151 -5.521820 6.090941
v 17.024151 -5.521820 6.090941
v 17.662800 -5.521820 6.090941
v 17.668884 -2.586452 6.090941
v 17.668884 -2.586452 6.090941
v 15.103241 -1.605064 6.116391
v 15.108208 -1.603944 6.117506
v 15.103241 -1.605064 6.116391
v 15.102123 -1.603944 6.111432
v 15.099609 -1.610023 6.111432
v 15.102123 -1.610023 6.117506
v 15.103241 -1.605064 6.116391
v 15.102123 -1.610023 6.117506
v 15.108208 -1.610023 6.120023
v 15.108208 -1.603944 6.117506
v 15.103241 -5.520703 6.116391
v 15.102123 -5.515738 6.117506
v 15.103241 -5.520703 6.116391
v 15.108208 -5.521820 6.117506
v 15.103241 -5.520703 6.116391
v 15.108208 -5.521820 6.117506
v 15.108208 -5.515738 6.120023
v 15.102123 -5.515738 6.117506
v 17.667767 -5.520703 6.116391
v 17.667767 -5.520703 6.116391
v 17.668884 -5.515738 6.117506
v 17.667767 -5.520703 6.116391
v 17.668884 -5.515738 6.117506
v 17.667767 -1.605064 6.116391
v 17.668884 -1.610023 6.117506
v 17.667767 -1.605064 6.116391
v 17.667767 -1.605064 6.116391
v 17.668884 -1.610023 6.117506
v 15.103241 -1.605064 6.092060
v 15.108208 -1.603944 6.090942
v 15.108208 -1.610023 6.088425
v 15.102123 -1.610023 6.090942
v 15.103241 -1.605064 6.092060
v 15.102123 -1.610023 6.090942
v 15.099609 -1.610023 6.097019
v 15.102123 -1.603944 6.097019
v 15.103241 -1.605064 6.092060
v 15.108208 -1.603944 6.090942
v 15.103241 -5.520703 6.092060
v 15.102123 -5.515738 6.090942
v 15.108208 -5.515738 6.088425
v 15.108208 -5.521820 6.090942
v 15.103241 -5.520703 6.092060
v 15.108208 -5.521820 6.090942
v 15.103241 -5.520703 6.092060
v 15.102123 -5.515738 6.090942
v 17.667767 -5.520703 6.092060
v 17.668884 -5.515738 6.090941
v 17.667767 -5.520703 6.092060
v 17.668884 -5.515738 6.090941
v 17.667767 -5.520703 6.092060
v 17.667767 -1.605064 6.092060
v 17.668884 -1.610023 6.090941
v 17.667767 -1.605064 6.092060
v 17.668884 -1.610023 6.090941
v 17.667767 -1.605064 6.092060
v 15.657093 -2.224612 5.122637
v 15.583351 -2.273885 5.122637
v 15.583027 -2.273102 5.120631
v 15.656494 -2.224015 5.120631
v 15.582245 -2.271214 5.119802
v 15.655048 -2.222568 5.119802
v 15.665981 -2.233497 5.150300
v 15.588161 -2.285495 5.150300
v 15.587837 -2.284711 5.148295
v 15.665382 -2.232899 5.148295
v 15.587055 -2.282826 5.147465
v 15.663933 -2.231455 5.147465
v 15.588161 -2.285495 5.239658
v 15.665981 -2.233497 5.239658
v 15.717972 -2.155680 5.150300
v 15.717972 -2.155680 5.239658
v 15.736233 -2.063885 5.150300
v 15.736233 -2.063885 5.239658
v 15.717972 -1.972093 5.150300
v 15.717972 -1.972093 5.239658
v 15.665981 -1.894273 5.150300
v 15.665981 -1.894273 5.239658
v 15.588161 -1.842276 5.150300
v 15.588161 -1.842278 5.239658
v 15.496368 -1.824019 5.150300
v 15.496368 -1.824019 5.239658
v 15.404572 -1.842276 5.150300
v 15.404575 -1.842276 5.239658
v 15.326756 -1.894273 5.150300
v 15.326756 -1.894273 5.239658
v 15.274757 -1.972093 5.150300
v 15.274757 -1.972093 5.239658
v 15.256500 -2.063885 5.150300
v 15.256500 -2.063885 5.239658
v 15.274757 -2.155678 5.150300
v 15.274757 -2.155680 5.239658
v 15.326756 -2.233497 5.150300
v 15.326756 -2.233497 5.239658
v 15.404572 -2.285495 5.150300
v 15.404572 -2.285495 5.239658
v 15.496368 -2.303754 5.150300
v 15.496368 -2.303754 5.239658
v 15.588161 -2.285495 5.150300
v 15.588161 -2.285495 5.239658
v 15.641319 -2.208837 5.094653
v 15.574814 -2.253274 5.094653
v 15.496368 -2.063885 5.094653
v 15.685757 -2.142334 5.094653
v 15.701359 -2.063885 5.094653
v 15.685757 -1.985439 5.094653
v 15.641319 -1.918934 5.094653
v 15.574814 -1.874499 5.094653
v 15.496368 -1.858894 5.094653
v 15.417923 -1.874499 5.094653
v 15.351414 -1.918934 5.094653
v 15.306980 -1.985439 5.094653
v 15.291374 -2.063885 5.094653
v 15.306980 -2.142334 5.094653
v 15.351414 -2.208837 5.094653
v 15.417923 -2.253274 5.094653
v 15.496368 -2.268877 5.094653
v 15.583351 -2.273885 5.144630
v 15.657093 -2.224612 5.144630
v 15.706367 -2.150872 5.122637
v 15.706367 -2.150872 5.144630
v 15.723671 -2.063885 5.122637
v 15.723671 -2.063885 5.144630
v 15.706367 -1.976901 5.122637
v 15.706367 -1.976901 5.144630
v 15.657093 -1.903161 5.122637
v 15.657093 -1.903161 5.144630
v 15.583351 -1.853888 5.122637
v 15.583351 -1.853888 5.144630
v 15.496368 -1.836585 5.122637
v 15.496368 -1.836585 5.144630
v 15.409386 -1.853888 5.122637
v 15.409386 -1.853888 5.144630
v 15.335640 -1.903161 5.122637
v 15.335640 -1.903161 5.144630
v 15.286369 -1.976901 5.122637
v 15.286369 -1.976901 5.144630
v 15.269070 -2.063885 5.122637
v 15.269070 -2.063885 5.144630
v 15.286369 -2.150869 5.122637
v 15.286369 -2.150869 5.144630
v 15.335640 -2.224610 5.122637
v 15.335640 -2.224612 5.144630
v 15.409386 -2.273885 5.122637
v 15.409386 -2.273885 5.144630
v 15.496368 -2.291186 5.122637
v 15.496368 -2.291186 5.144630
v 15.583351 -2.273885 5.122637
v 15.583351 -2.273885 5.144630
v 15.575924 -2.255943 5.116967
v 15.575924 -2.255943 5.097488
v 15.643364 -2.210881 5.097488
v 15.643364 -2.210881 5.116967
v 15.688423 -2.143439 5.097488
v 15.688423 -2.143439 5.116967
v 15.704247 -2.063885 5.097488
v 15.704247 -2.063885 5.116967
v 15.688423 -1.984334 5.097488
v 15.688423 -1.984334 5.116967
v 15.643364 -1.916892 5.097488
v 15.643364 -1.916892 5.116967
v 15.575924 -1.871828 5.097488
v 15.575924 -1.871828 5.116967
v 15.496368 -1.856003 5.097488
v 15.496368 -1.856003 5.116967
v 15.416813 -1.871828 5.097488
v 15.416813 -1.871828 5.116967
v 15.349373 -1.916892 5.097488
v 15.349373 -1.916892 5.116967
v 15.304310 -1.984334 5.097488
v 15.304310 -1.984334 5.116967
v 15.288490 -2.063885 5.097488
v 15.288490 -2.063885 5.116967
v 15.304310 -2.143439 5.097488
v 15.304310 -2.143439 5.116967
v 15.349373 -2.210881 5.097488
v 15.349373 -2.210881 5.116967
v 15.416813 -2.255943 5.097488
v 15.416813 -2.255943 5.116967
v 15.496368 -2.271767 5.097488
v 15.496368 -2.271767 5.116967
v 15.575924 -2.255943 5.097488
v 15.575924 -2.255943 5.116967
v 15.577026 -2.258614 5.119802
v 15.645405 -2.212925 5.119802
v 15.691093 -2.144544 5.119802
v 15.703693 -2.149764 5.119802
v 15.707138 -2.063885 5.119802
v 15.720779 -2.063885 5.119802
v 15.691093 -1.983226 5.119802
v 15.703693 -1.978009 5.119802
v 15.645405 -1.914848 5.119802
v 15.655048 -1.905202 5.119802
v 15.577026 -1.869159 5.119802
v 15.582245 -1.856556 5.119802
v 15.496368 -1.853114 5.119802
v 15.496368 -1.839475 5.119802
v 15.415707 -1.869159 5.119802
v 15.410488 -1.856556 5.119802
v 15.347328 -1.914848 5.119802
v 15.337685 -1.905202 5.119802
v 15.301643 -1.983226 5.119802
v 15.289040 -1.978006 5.119802
v 15.285595 -2.063885 5.119802
v 15.271957 -2.063885 5.119802
v 15.301643 -2.144544 5.119802
v 15.289040 -2.149764 5.119802
v 15.347328 -2.212925 5.119802
v 15.337685 -2.222568 5.119802
v 15.415707 -2.258614 5.119802
v 15.410488 -2.271214 5.119802
v 15.496368 -2.274658 5.119802
v 15.496368 -2.288297 5.119802
v 15.577026 -2.258614 5.119802
v 15.582245 -2.271214 5.119802
v 15.584461 -2.276554 5.147465
v 15.659138 -2.226657 5.147465
v 15.709034 -2.151977 5.147465
v 15.715305 -2.154572 5.147465
v 15.726559 -2.063885 5.147465
v 15.733345 -2.063885 5.147465
v 15.709034 -1.975796 5.147465
v 15.715305 -1.973198 5.147465
v 15.659138 -1.901116 5.147465
v 15.663933 -1.896318 5.147465
v 15.584461 -1.851217 5.147465
v 15.587055 -1.844947 5.147465
v 15.496368 -1.833694 5.147465
v 15.496368 -1.826907 5.147465
v 15.408276 -1.851217 5.147465
v 15.405682 -1.844947 5.147465
v 15.333599 -1.901116 5.147465
v 15.328796 -1.896318 5.147465
v 15.283699 -1.975796 5.147465
v 15.277431 -1.973198 5.147465
v 15.266174 -2.063885 5.147465
v 15.259388 -2.063885 5.147465
v 15.283699 -2.151977 5.147465
v 15.277431 -2.154572 5.147465
v 15.333599 -2.226654 5.147465
v 15.328796 -2.231455 5.147465
v 15.408276 -2.276554 5.147465
v 15.405682 -2.282823 5.147465
v 15.496368 -2.294076 5.147465
v 15.496368 -2.300863 5.147465
v 15.584461 -2.276554 5.147465
v 15.587055 -2.282826 5.147465
v 15.575596 -2.255162 5.095483
v 15.642761 -2.210283 5.095483
v 15.642761 -2.210283 5.095483
v 15.575596 -2.255162 5.095483
v 15.687645 -2.143114 5.095483
v 15.687645 -2.143114 5.095483
v 15.703403 -2.063885 5.095483
v 15.703403 -2.063885 5.095483
v 15.687645 -1.984656 5.095483
v 15.687645 -1.984656 5.095483
v 15.642761 -1.917490 5.095483
v 15.642761 -1.917490 5.095483
v 15.575596 -1.872611 5.095483
v 15.575596 -1.872611 5.095483
v 15.496368 -1.856852 5.095483
v 15.496368 -1.856852 5.095483
v 15.417137 -1.872611 5.095483
v 15.417137 -1.872611 5.095483
v 15.349972 -1.917490 5.095483
v 15.349972 -1.917490 5.095483
v 15.305088 -1.984656 5.095483
v 15.305088 -1.984656 5.095483
v 15.289330 -2.063885 5.095483
v 15.289330 -2.063885 5.095483
v 15.305088 -2.143114 5.095483
v 15.305088 -2.143114 5.095483
v 15.349972 -2.210283 5.095483
v 15.349972 -2.210283 5.095483
v 15.417137 -2.255162 5.095483
v 15.417137 -2.255162 5.095483
v 15.496368 -2.270921 5.095483
v 15.496368 -2.270921 5.095483
v 15.575596 -2.255162 5.095483
v 15.576241 -2.256726 5.118972
v 15.496368 -2.272614 5.118972
v 15.576241 -2.256726 5.118972
v 15.643963 -2.211478 5.118972
v 15.689205 -2.143764 5.118972
v 15.705093 -2.063885 5.118972
v 15.689205 -1.984010 5.118972
v 15.643963 -1.916292 5.118972
v 15.576241 -1.871047 5.118972
v 15.496368 -1.855159 5.118972
v 15.416489 -1.871047 5.118972
v 15.348774 -1.916292 5.118972
v 15.303524 -1.984010 5.118972
v 15.287636 -2.063885 5.118972
v 15.303524 -2.143764 5.118972
v 15.348774 -2.211478 5.118972
v 15.416489 -2.256726 5.118972
v 15.583675 -2.274668 5.146636
v 15.496368 -2.292032 5.146636
v 15.583675 -2.274668 5.146636
v 15.657692 -2.225210 5.146636
v 15.707150 -2.151194 5.146636
v 15.724514 -2.063885 5.146636
v 15.707150 -1.976579 5.146636
v 15.657692 -1.902560 5.146636
v 15.583675 -1.853105 5.146636
v 15.496368 -1.835738 5.146636
v 15.409058 -1.853105 5.146636
v 15.335045 -1.902560 5.146636
v 15.285587 -1.976579 5.146636
v 15.268223 -2.063885 5.146636
v 15.285587 -2.151194 5.146636
v 15.335045 -2.225210 5.146636
v 15.409058 -2.274668 5.146636
v 15.705585 -2.150548 5.120631
v 15.722820 -2.063885 5.120631
v 15.705585 -1.977226 5.120631
v 15.656494 -1.903758 5.120631
v 15.583027 -1.854669 5.120631
v 15.496368 -1.837431 5.120631
v 15.409702 -1.854669 5.120631
v 15.336239 -1.903758 5.120631
v 15.287151 -1.977226 5.120631
v 15.269913 -2.063885 5.120631
v 15.287151 -2.150545 5.120631
v 15.336239 -2.224013 5.120631
v 15.409702 -2.273102 5.120631
v 15.496368 -2.290339 5.120631
v 15.583027 -2.273102 5.120631
v 15.717194 -2.155356 5.148295
v 15.735390 -2.063885 5.148295
v 15.717194 -1.972417 5.148295
v 15.665382 -1.894871 5.148295
v 15.587837 -1.843059 5.148295
v 15.496368 -1.824866 5.148295
v 15.404896 -1.843059 5.148295
v 15.327351 -1.894873 5.148295
v 15.275543 -1.972417 5.148295
v 15.257347 -2.063885 5.148295
v 15.275543 -2.155356 5.148295
v 15.327351 -2.232899 5.148295
v 15.404896 -2.284711 5.148295
v 15.496368 -2.302905 5.148295
v 15.587837 -2.284711 5.148295
v 16.444801 14.519268 3.780379
v 16.246445 14.515568 3.782272
v 16.245186 14.518082 3.788578
v 16.437016 14.522424 3.788361
v 16.244587 14.524330 3.791224
v 16.435539 14.527989 3.791608
v 16.454777 14.510133 3.310504
v 17.541023 14.510133 3.309982
v 17.541023 14.507816 3.312297
v 16.454777 14.507816 3.312819
v 16.244724 14.510190 3.310533
v 16.245480 14.507816 3.312787
v 16.282993 14.507816 3.424327
v 16.454777 14.507816 3.424306
v 16.454777 14.510133 3.426620
v 16.283455 14.510133 3.426643
v 17.541023 14.510133 3.426100
v 17.541023 14.507816 3.423786
v 16.195053 14.510133 3.310540
v 16.195953 14.507816 3.312856
v 16.155151 14.510138 3.346928
v 16.156876 14.507816 3.348482
v 16.454777 14.516264 3.310504
v 16.244724 14.516202 3.310533
v 16.245480 14.518580 3.312787
v 16.454777 14.518580 3.312819
v 16.195953 14.518580 3.312856
v 16.195053 14.516264 3.310540
v 17.541023 14.516264 3.309982
v 17.541023 14.518580 3.312297
v 16.283455 14.516264 3.426643
v 16.454777 14.516264 3.426620
v 16.454777 14.518580 3.424306
v 16.282993 14.518580 3.424327
v 17.541023 14.518580 3.423786
v 17.541023 14.516264 3.426100
v 16.155125 14.516264 3.346950
v 16.156727 14.518580 3.348626
v 16.254295 14.507816 3.574553
v 16.242409 14.507816 3.545853
v 16.244724 14.510133 3.545391
v 16.256069 14.510133 3.572779
v 16.244724 14.510133 3.465379
v 16.242409 14.507816 3.464918
v 16.256069 14.510133 3.437991
v 16.254292 14.507816 3.436218
v 16.256069 14.516239 3.572779
v 16.244724 14.516231 3.545391
v 16.242378 14.518519 3.545860
v 16.254284 14.518527 3.574572
v 16.242378 14.518519 3.464911
v 16.244724 14.516234 3.465379
v 16.254292 14.518580 3.436220
v 16.256069 14.516264 3.437991
v 16.283463 14.510133 3.584123
v 16.283005 14.507816 3.586438
v 16.415585 14.507816 3.586414
v 16.416061 14.510129 3.584101
v 16.441666 14.507816 3.597211
v 16.443447 14.510125 3.595437
v 16.282997 14.518547 3.586455
v 16.283463 14.516243 3.584123
v 16.416103 14.516252 3.584101
v 16.415665 14.518556 3.586433
v 16.443497 14.516300 3.595418
v 16.441734 14.518617 3.597201
v 16.449215 14.515498 3.790793
v 16.440071 14.524613 3.797548
v 16.437664 14.522639 3.798755
v 16.446743 14.513493 3.792042
v 16.454884 14.510047 3.723258
v 16.454906 14.509858 3.783028
v 16.452381 14.507816 3.784282
v 16.452488 14.507816 3.723749
v 16.454815 14.510117 3.622816
v 16.452477 14.507816 3.623289
v 16.446190 14.524360 3.785880
v 16.437698 14.530625 3.791617
v 16.440422 14.530199 3.794120
v 16.449627 14.521842 3.786907
v 16.455353 14.516959 3.778669
v 16.452633 14.519371 3.778027
v 16.452904 14.519170 3.721312
v 16.455212 14.516841 3.721770
v 16.452599 14.518740 3.623225
v 16.454910 14.516418 3.622766
v 16.283463 14.516243 3.584123
v 16.416103 14.516252 3.584101
v 16.454910 14.516418 3.622766
v 16.455212 14.516841 3.721770
v 16.454777 14.516264 3.426620
v 16.283455 14.516264 3.426643
v 17.541023 14.516264 3.426100
v 16.244724 14.516234 3.465379
v 16.244724 14.516231 3.545391
v 16.256069 14.516239 3.572779
v 16.443497 14.516300 3.595418
v 16.440422 14.530199 3.794120
v 16.449627 14.521842 3.786907
v 16.455353 14.516959 3.778669
v 16.256069 14.516264 3.437991
v 16.257301 14.516452 3.726164
v 16.257301 14.507816 3.723758
v 16.244724 14.522288 3.798784
v 16.244724 14.512056 3.794545
v 16.244724 14.507816 3.784311
v 16.127632 14.635637 3.788578
v 16.125118 14.636893 3.782272
v 16.128819 14.835250 3.780379
v 16.131973 14.827465 3.788361
v 16.133881 14.635031 3.791224
v 16.137543 14.825983 3.791608
v 16.117367 16.406349 3.312297
v 16.119682 16.406349 3.309982
v 16.119682 14.845223 3.310504
v 16.117367 14.845223 3.312819
v 16.119743 14.635175 3.310533
v 16.117367 14.635924 3.312787
v 16.119682 14.845223 3.426620
v 16.117367 14.845223 3.424306
v 16.117367 14.673442 3.424327
v 16.119682 14.673904 3.426643
v 16.119682 16.406349 3.426101
v 16.117367 16.406349 3.423786
v 16.119682 14.585505 3.310540
v 16.117367 14.586401 3.312856
v 16.119690 14.545600 3.346928
v 16.117367 14.547319 3.348482
v 16.128136 14.635924 3.312787
v 16.125755 14.635175 3.310533
v 16.125816 14.845223 3.310504
v 16.128136 14.845223 3.312819
v 16.128136 14.586401 3.312856
v 16.125816 14.585505 3.310540
v 16.125816 16.406349 3.309982
v 16.128136 16.406349 3.312297
v 16.128136 14.845223 3.424306
v 16.125816 14.845223 3.426620
v 16.125816 14.673904 3.426643
v 16.128136 14.673442 3.424327
v 16.128136 16.406349 3.423786
v 16.125816 16.406349 3.426101
v 16.128136 14.547173 3.348626
v 16.125816 14.545575 3.346950
v 16.119682 14.635175 3.545391
v 16.117367 14.632857 3.545853
v 16.117367 14.644748 3.574553
v 16.119682 14.646520 3.572779
v 16.119682 14.635175 3.465379
v 16.117367 14.632857 3.464918
v 16.119682 14.646516 3.437991
v 16.117367 14.644744 3.436218
v 16.128075 14.632830 3.545860
v 16.125786 14.635175 3.545391
v 16.125790 14.646520 3.572779
v 16.128078 14.644727 3.574572
v 16.128075 14.632830 3.464911
v 16.125790 14.635175 3.465379
v 16.128136 14.644744 3.436220
v 16.125816 14.646516 3.437991
v 16.117367 14.673450 3.586438
v 16.119682 14.673909 3.584123
v 16.117367 14.806031 3.586414
v 16.119678 14.806505 3.584101
v 16.117367 14.832114 3.597211
v 16.119675 14.833895 3.595437
v 16.125797 14.673909 3.584123
v 16.128098 14.673447 3.586455
v 16.125801 14.806554 3.584101
v 16.128109 14.806109 3.586433
v 16.125854 14.833943 3.595418
v 16.128170 14.832180 3.597201
v 16.132195 14.828115 3.798755
v 16.134167 14.830523 3.797548
v 16.125053 14.839662 3.790793
v 16.123043 14.837189 3.792042
v 16.117367 14.842830 3.784282
v 16.119411 14.845350 3.783028
v 16.119602 14.845333 3.723258
v 16.117367 14.842936 3.723749
v 16.119667 14.845261 3.622816
v 16.117367 14.842927 3.623289
v 16.139755 14.830874 3.794120
v 16.140175 14.828149 3.791617
v 16.133915 14.836637 3.785880
v 16.131393 14.840075 3.786907
v 16.128925 14.843083 3.778027
v 16.126511 14.845800 3.778669
v 16.128719 14.843352 3.721312
v 16.126396 14.845661 3.721770
v 16.128292 14.843046 3.623225
v 16.125973 14.845354 3.622766
v 16.125797 14.673909 3.584123
v 16.125801 14.806554 3.584101
v 16.125973 14.845354 3.622766
v 16.126396 14.845661 3.721770
v 16.125816 14.845223 3.426620
v 16.125816 14.673904 3.426643
v 16.125816 16.406349 3.426101
v 16.125790 14.635175 3.465379
v 16.125786 14.635175 3.545391
v 16.125790 14.646520 3.572779
v 16.125854 14.833943 3.595418
v 16.139755 14.830874 3.794120
v 16.131393 14.840075 3.786907
v 16.126511 14.845800 3.778669
v 16.125816 14.646516 3.437991
v 16.126003 14.647748 3.726164
v 16.117367 14.647748 3.723758
v 16.131844 14.635175 3.798784
v 16.121605 14.635175 3.794545
v 16.117367 14.635175 3.784311
v 16.160435 14.522288 3.798797
v 16.150200 14.512056 3.794559
v 16.145958 14.507816 3.784326
v 16.145958 14.507816 3.723763
v 16.153049 14.514909 3.726859
v 16.152580 14.514438 3.783382
v 16.161301 14.523160 3.792200
v 16.155109 14.516968 3.789632
v 16.148289 14.510144 3.353375
v 16.145958 14.507816 3.358472
v 16.154446 14.516304 3.347679
v 16.301292 14.663149 3.797548
v 16.299133 14.660992 3.798755
v 16.302631 14.664492 3.791644
v 16.303516 14.665376 3.794635
v 16.154343 14.516202 3.574570
v 16.303516 14.665376 3.794635
v 16.145958 14.507816 3.575392
v 16.145958 14.507816 3.435410
v 16.154312 14.516173 3.427889
v 16.121605 14.540648 3.794559
v 16.131844 14.550880 3.798797
v 16.117367 14.536408 3.784326
v 16.117367 14.536408 3.723763
v 16.123989 14.543026 3.783382
v 16.124462 14.543497 3.726859
v 16.132710 14.551752 3.792200
v 16.126522 14.545556 3.789632
v 16.119698 14.538736 3.353375
v 16.117367 14.536405 3.358472
v 16.125854 14.544892 3.347679
v 16.270546 14.689584 3.798755
v 16.272701 14.691736 3.797548
v 16.274929 14.693968 3.794635
v 16.274040 14.693080 3.791644
v 16.125755 14.544790 3.574570
v 16.274929 14.693968 3.794635
v 16.117367 14.536408 3.575392
v 16.117367 14.536408 3.435410
v 16.125725 14.544762 3.427889
v 16.125896 14.516346 3.578922
v 16.125740 14.516190 3.723763
v 16.125896 14.516346 3.578922
v 16.125740 14.516190 3.723763
v 16.125896 14.516346 3.431880
v 16.125896 14.516346 3.431880
v 16.126762 14.517209 3.367439
v 16.126762 14.517209 3.367439
v 16.134090 14.524535 3.578359
v 16.133888 14.524335 3.427389
v 16.134090 14.524535 3.578359
v 16.133888 14.524335 3.427389
v 16.138023 14.528469 3.358593
v 16.138023 14.528469 3.358593
v 16.135830 14.526275 3.357447
v 16.135830 14.526275 3.357447
v 16.129982 14.520430 3.794562
v 16.140217 14.530666 3.798799
v 16.129982 14.520430 3.794562
v 16.140217 14.530666 3.798799
v 16.284840 14.675287 3.798755
v 16.284840 14.675287 3.798755
v 16.125740 14.516190 3.784328
v 16.125740 14.516190 3.784328
v 16.132710 14.523160 3.726778
v 16.132710 14.523160 3.726778
v 16.132263 14.522714 3.783523
v 16.132263 14.522714 3.783523
v 16.140965 14.531416 3.792339
v 16.134789 14.525235 3.789771
v 16.140965 14.531416 3.792339
v 16.134789 14.525235 3.789771
v 16.129143 14.519591 3.362504
v 16.129143 14.519591 3.362504
v 16.286995 14.677445 3.797548
v 16.286995 14.677445 3.797548
v 16.289227 14.679671 3.794635
v 16.289227 14.679671 3.794635
v 16.289227 14.679671 3.794635
v 16.288338 14.678786 3.791644
v 16.289227 14.679671 3.794635
v 16.288338 14.678786 3.791644
v 16.245186 18.294619 3.788578
v 16.246445 18.297132 3.782272
v 16.444801 18.293427 3.780379
v 16.437016 18.290272 3.788361
v 16.244587 18.288364 3.791224
v 16.435539 18.284706 3.791608
v 17.541023 18.304882 3.312297
v 17.541023 18.302567 3.309982
v 16.454777 18.302567 3.310504
v 16.454777 18.304882 3.312819
v 16.244724 18.302505 3.310533
v 16.245480 18.304882 3.312787
v 16.454777 18.302567 3.426620
v 16.454777 18.304882 3.424306
v 16.282993 18.304882 3.424327
v 16.283455 18.302567 3.426643
v 17.541023 18.302567 3.426100
v 17.541023 18.304882 3.423786
v 16.195053 18.302567 3.310540
v 16.195953 18.304882 3.312856
v 16.155151 18.302559 3.346928
v 16.156876 18.304882 3.348482
v 16.245480 18.294115 3.312787
v 16.244724 18.296492 3.310533
v 16.454777 18.296431 3.310504
v 16.454777 18.294115 3.312819
v 16.195953 18.294115 3.312856
v 16.195053 18.296431 3.310540
v 17.541023 18.296431 3.309982
v 17.541023 18.294115 3.312297
v 16.454777 18.294115 3.424306
v 16.454777 18.296431 3.426620
v 16.283455 18.296431 3.426643
v 16.282993 18.294115 3.424327
v 17.541023 18.294115 3.423786
v 17.541023 18.296431 3.426100
v 16.156727 18.294115 3.348626
v 16.155125 18.296431 3.346950
v 16.244724 18.302567 3.545391
v 16.242409 18.304882 3.545853
v 16.254295 18.304882 3.574553
v 16.256069 18.302567 3.572779
v 16.244724 18.302567 3.465379
v 16.242409 18.304882 3.464918
v 16.256069 18.302567 3.437991
v 16.254292 18.304882 3.436218
v 16.242378 18.294182 3.545860
v 16.244724 18.296465 3.545391
v 16.256069 18.296461 3.572779
v 16.254284 18.294172 3.574572
v 16.242378 18.294182 3.464911
v 16.244724 18.296461 3.465379
v 16.254292 18.294115 3.436220
v 16.256069 18.296431 3.437991
v 16.283005 18.304882 3.586438
v 16.283463 18.302567 3.584123
v 16.415585 18.304882 3.586414
v 16.416061 18.302567 3.584101
v 16.441666 18.304882 3.597211
v 16.443447 18.302576 3.595437
v 16.283463 18.296452 3.584123
v 16.282997 18.294151 3.586455
v 16.416103 18.296444 3.584101
v 16.415665 18.294140 3.586433
v 16.443497 18.296394 3.595418
v 16.441734 18.294079 3.597201
v 16.437664 18.290056 3.798755
v 16.440071 18.288082 3.797548
v 16.449215 18.297197 3.790793
v 16.446743 18.299206 3.792042
v 16.452381 18.304882 3.784282
v 16.454906 18.302835 3.783028
v 16.454884 18.302649 3.723258
v 16.452488 18.304882 3.723749
v 16.454815 18.302584 3.622816
v 16.452477 18.304882 3.623289
v 16.440422 18.282495 3.794120
v 16.437698 18.282074 3.791617
v 16.446190 18.288336 3.785880
v 16.449627 18.290857 3.786907
v 16.452633 18.293325 3.778027
v 16.455353 18.295736 3.778669
v 16.452904 18.293530 3.721312
v 16.455212 18.295855 3.721770
v 16.452599 18.293955 3.623225
v 16.454910 18.296276 3.622766
v 16.283463 18.296452 3.584123
v 16.416103 18.296444 3.584101
v 16.454910 18.296276 3.622766
v 16.455212 18.295855 3.721770
v 16.454777 18.296431 3.426620
v 16.283455 18.296431 3.426643
v 17.541023 18.296431 3.426100
v 16.244724 18.296461 3.465379
v 16.244724 18.296465 3.545391
v 16.256069 18.296461 3.572779
v 16.443497 18.296394 3.595418
v 16.440422 18.282495 3.794120
v 16.449627 18.290857 3.786907
v 16.455353 18.295736 3.778669
v 16.256069 18.296431 3.437991
v 16.257301 18.296247 3.726164
v 16.257301 18.304882 3.723758
v 16.244724 18.290407 3.798784
v 16.244724 18.300640 3.794545
v 16.244724 18.304882 3.784311
v 16.128819 17.977451 3.780379
v 16.125118 18.175802 3.782272
v 16.127632 18.177061 3.788578
v 16.131973 17.985235 3.788361
v 16.133881 18.177668 3.791224
v 16.137543 17.986712 3.791608
v 16.119682 17.967472 3.310504
v 16.119682 16.406349 3.309982
v 16.117367 16.406349 3.312297
v 16.117367 17.967472 3.312819
v 16.119743 18.177525 3.310533
v 16.117367 18.176771 3.312787
v 16.117367 18.139254 3.424327
v 16.117367 17.967472 3.424306
v 16.119682 17.967472 3.426620
v 16.119682 18.138796 3.426643
v 16.119682 16.406349 3.426101
v 16.117367 16.406349 3.423786
v 16.119682 18.227190 3.310540
v 16.117367 18.226297 3.312856
v 16.119690 18.267099 3.346928
v 16.117367 18.265375 3.348482
v 16.125816 17.967472 3.310504
v 16.125755 18.177525 3.310533
v 16.128136 18.176771 3.312787
v 16.128136 17.967472 3.312819
v 16.128136 18.226297 3.312856
v 16.125816 18.227190 3.310540
v 16.125816 16.406349 3.309982
v 16.128136 16.406349 3.312297
v 16.125816 18.138796 3.426643
v 16.125816 17.967472 3.426620
v 16.128136 17.967472 3.424306
v 16.128136 18.139254 3.424327
v 16.128136 16.406349 3.423786
v 16.125816 16.406349 3.426101
v 16.125816 18.267124 3.346950
v 16.128136 18.265528 3.348626
v 16.117367 18.167948 3.574553
v 16.117367 18.179842 3.545853
v 16.119682 18.177525 3.545391
v 16.119682 18.166176 3.572779
v 16.119682 18.177525 3.465379
v 16.117367 18.179842 3.464918
v 16.119682 18.166180 3.437991
v 16.117367 18.167952 3.436218
v 16.125790 18.166176 3.572779
v 16.125786 18.177525 3.545391
v 16.128075 18.179869 3.545860
v 16.128078 18.167969 3.574572
v 16.128075 18.179869 3.464911
v 16.125790 18.177525 3.465379
v 16.128136 18.167957 3.436220
v 16.125816 18.166180 3.437991
v 16.119682 18.138786 3.584123
v 16.117367 18.139244 3.586438
v 16.117367 18.006664 3.586414
v 16.119678 18.006189 3.584101
v 16.117367 17.980585 3.597211
v 16.119675 17.978800 3.595437
v 16.128098 18.139254 3.586455
v 16.125797 18.138786 3.584123
v 16.125801 18.006140 3.584101
v 16.128109 18.006586 3.586433
v 16.125854 17.978752 3.595418
v 16.128170 17.980516 3.597201
v 16.125053 17.973034 3.790793
v 16.134167 17.982178 3.797548
v 16.132195 17.984579 3.798755
v 16.123043 17.975506 3.792042
v 16.119602 17.967365 3.723258
v 16.119411 17.967344 3.783028
v 16.117367 17.969870 3.784282
v 16.117367 17.969761 3.723749
v 16.119667 17.967436 3.622816
v 16.117367 17.969767 3.623289
v 16.133915 17.976059 3.785880
v 16.140175 17.984550 3.791617
v 16.139755 17.981825 3.794120
v 16.131393 17.972626 3.786907
v 16.126511 17.966898 3.778669
v 16.128925 17.969612 3.778027
v 16.128719 17.969347 3.721312
v 16.126396 17.967039 3.721770
v 16.128292 17.969654 3.623225
v 16.125973 17.967340 3.622766
v 16.125797 18.138786 3.584123
v 16.125801 18.006140 3.584101
v 16.125973 17.967340 3.622766
v 16.126396 17.967039 3.721770
v 16.125816 17.967472 3.426620
v 16.125816 18.138796 3.426643
v 16.125816 16.406349 3.426101
v 16.125790 18.177525 3.465379
v 16.125786 18.177525 3.545391
v 16.125790 18.166176 3.572779
v 16.125854 17.978752 3.595418
v 16.139755 17.981825 3.794120
v 16.131393 17.972626 3.786907
v 16.126511 17.966898 3.778669
v 16.125816 18.166180 3.437991
v 16.126003 18.164948 3.726164
v 16.117367 18.164948 3.723758
v 16.131844 18.177525 3.798784
v 16.121605 18.177525 3.794545
v 16.117367 18.177525 3.784311
v 16.150200 18.300640 3.794559
v 16.160435 18.290407 3.798797
v 16.145958 18.304882 3.784326
v 16.145958 18.304882 3.723763
v 16.152580 18.298258 3.783382
v 16.153049 18.297791 3.726859
v 16.161301 18.289539 3.792200
v 16.155109 18.295727 3.789632
v 16.148289 18.302549 3.353375
v 16.145958 18.304882 3.358472
v 16.154446 18.296394 3.347679
v 16.299133 18.151703 3.798755
v 16.301292 18.149551 3.797548
v 16.303516 18.147320 3.794635
v 16.302631 18.148209 3.791644
v 16.154343 18.296497 3.574570
v 16.303516 18.147320 3.794635
v 16.145958 18.304882 3.575392
v 16.145958 18.304882 3.435410
v 16.154312 18.296526 3.427889
v 16.131844 18.261820 3.798797
v 16.121605 18.272051 3.794559
v 16.117367 18.276291 3.784326
v 16.117367 18.276291 3.723763
v 16.124462 18.269197 3.726859
v 16.123989 18.269669 3.783382
v 16.132710 18.260942 3.792200
v 16.126522 18.267139 3.789632
v 16.119698 18.273958 3.353375
v 16.117367 18.276291 3.358472
v 16.125854 18.267803 3.347679
v 16.272701 18.120958 3.797548
v 16.270546 18.123116 3.798755
v 16.274040 18.119616 3.791644
v 16.274929 18.118732 3.794635
v 16.125755 18.267906 3.574570
v 16.274929 18.118732 3.794635
v 16.117367 18.276291 3.575392
v 16.117367 18.276291 3.435410
v 16.125725 18.267939 3.427889
v 16.125896 18.296350 3.578922
v 16.125740 18.296509 3.723763
v 16.125740 18.296509 3.723763
v 16.125896 18.296350 3.578922
v 16.125896 18.296350 3.431880
v 16.125896 18.296350 3.431880
v 16.126762 18.295486 3.367439
v 16.126762 18.295486 3.367439
v 16.134090 18.288160 3.578359
v 16.133888 18.288361 3.427389
v 16.133888 18.288361 3.427389
v 16.134090 18.288160 3.578359
v 16.138023 18.284227 3.358593
v 16.138023 18.284227 3.358593
v 16.135830 18.286421 3.357447
v 16.135830 18.286421 3.357447
v 16.129982 18.292269 3.794562
v 16.140217 18.282034 3.798799
v 16.140217 18.282034 3.798799
v 16.129982 18.292269 3.794562
v 16.284840 18.137411 3.798755
v 16.284840 18.137411 3.798755
v 16.125740 18.296509 3.784328
v 16.125740 18.296509 3.784328
v 16.132710 18.289539 3.726778
v 16.132710 18.289539 3.726778
v 16.132263 18.289986 3.783523
v 16.132263 18.289986 3.783523
v 16.140965 18.281284 3.792339
v 16.134789 18.287460 3.789771
v 16.134789 18.287460 3.789771
v 16.140965 18.281284 3.792339
v 16.129143 18.293108 3.362504
v 16.129143 18.293108 3.362504
v 16.286995 18.135256 3.797548
v 16.286995 18.135256 3.797548
v 16.289227 18.133024 3.794635
v 16.289227 18.133024 3.794635
v 16.289227 18.133024 3.794635
v 16.288338 18.133909 3.791644
v 16.288338 18.133909 3.791644
v 16.289227 18.133024 3.794635
v 18.637253 18.293427 3.780379
v 18.835609 18.297132 3.782272
v 18.836868 18.294619 3.788578
v 18.645039 18.290272 3.788361
v 18.837471 18.288364 3.791224
v 18.646511 18.284706 3.791608
v 18.627274 18.302567 3.310503
v 17.541023 18.302567 3.309982
v 17.541023 18.304882 3.312297
v 18.627274 18.304882 3.312819
v 18.837330 18.302505 3.310533
v 18.836578 18.304882 3.312787
v 18.799057 18.304882 3.424327
v 18.627274 18.304882 3.424306
v 18.627274 18.302567 3.426620
v 18.798599 18.302567 3.426643
v 17.541023 18.302567 3.426100
v 17.541023 18.304882 3.423786
v 18.886997 18.302567 3.310539
v 18.886097 18.304882 3.312855
v 18.926903 18.302559 3.346928
v 18.925182 18.304882 3.348482
v 18.627274 18.296431 3.310503
v 18.837330 18.296492 3.310533
v 18.836578 18.294115 3.312787
v 18.627274 18.294115 3.312819
v 18.886097 18.294115 3.312855
v 18.886997 18.296431 3.310539
v 17.541023 18.296431 3.309982
v 17.541023 18.294115 3.312297
v 18.798599 18.296431 3.426643
v 18.627274 18.296431 3.426620
v 18.627274 18.294115 3.424306
v 18.799057 18.294115 3.424327
v 17.541023 18.294115 3.423786
v 17.541023 18.296431 3.426100
v 18.926926 18.296431 3.346950
v 18.925327 18.294115 3.348626
v 18.827755 18.304882 3.574553
v 18.839645 18.304882 3.545853
v 18.837330 18.302567 3.545391
v 18.825981 18.302567 3.572778
v 18.837330 18.302567 3.465379
v 18.839645 18.304882 3.464918
v 18.825985 18.302567 3.437991
v 18.827755 18.304882 3.436218
v 18.825981 18.296461 3.572778
v 18.837330 18.296465 3.545391
v 18.839676 18.294182 3.545860
v 18.827774 18.294172 3.574572
v 18.839676 18.294182 3.464911
v 18.837330 18.296461 3.465379
v 18.827755 18.294115 3.436219
v 18.825985 18.296431 3.437991
v 18.798592 18.302567 3.584123
v 18.799053 18.304882 3.586437
v 18.666473 18.304882 3.586414
v 18.665993 18.302567 3.584100
v 18.640388 18.304882 3.597211
v 18.638607 18.302576 3.595437
v 18.799057 18.294151 3.586455
v 18.798592 18.296452 3.584123
v 18.665947 18.296444 3.584100
v 18.666393 18.294140 3.586432
v 18.638557 18.296394 3.595417
v 18.640320 18.294079 3.597201
v 18.632839 18.297197 3.790792
v 18.641983 18.288082 3.797548
v 18.644382 18.290056 3.798754
v 18.635311 18.299206 3.792042
v 18.627167 18.302649 3.723258
v 18.627151 18.302835 3.783028
v 18.629677 18.304882 3.784281
v 18.629566 18.304882 3.723749
v 18.627239 18.302584 3.622816
v 18.629574 18.304882 3.623289
v 18.635864 18.288336 3.785880
v 18.644356 18.282074 3.791617
v 18.641624 18.282495 3.794120
v 18.632431 18.290857 3.786906
v 18.626698 18.295736 3.778669
v 18.629417 18.293325 3.778027
v 18.629147 18.293530 3.721312
v 18.626842 18.295855 3.721770
v 18.629459 18.293955 3.623224
v 18.627151 18.296276 3.622766
v 18.798592 18.296452 3.584123
v 18.665947 18.296444 3.584100
v 18.627151 18.296276 3.622766
v 18.626842 18.295855 3.721770
v 18.627274 18.296431 3.426620
v 18.798599 18.296431 3.426643
v 17.541023 18.296431 3.426100
v 18.837330 18.296461 3.465379
v 18.837330 18.296465 3.545391
v 18.825981 18.296461 3.572778
v 18.638557 18.296394 3.595417
v 18.641624 18.282495 3.794120
v 18.632431 18.290857 3.786906
v 18.626698 18.295736 3.778669
v 18.825985 18.296431 3.437991
v 18.824753 18.296247 3.726164
v 18.824753 18.304882 3.723758
v 18.837330 18.290407 3.798784
v 18.837330 18.300640 3.794544
v 18.837330 18.304882 3.784311
v 18.954422 18.177061 3.788578
v 18.956936 18.175802 3.782272
v 18.953232 17.977451 3.780379
v 18.950077 17.985235 3.788361
v 18.948170 18.177668 3.791224
v 18.944511 17.986712 3.791608
v 18.964687 16.406349 3.312297
v 18.962372 16.406349 3.309982
v 18.962372 17.967472 3.310503
v 18.964687 17.967472 3.312819
v 18.962311 18.177525 3.310533
v 18.964687 18.176771 3.312787
v 18.962372 17.967472 3.426620
v 18.964687 17.967472 3.424306
v 18.964687 18.139254 3.424327
v 18.962372 18.138796 3.426643
v 18.962372 16.406349 3.426100
v 18.964687 16.406349 3.423786
v 18.962372 18.227190 3.310539
v 18.964687 18.226297 3.312855
v 18.962368 18.267099 3.346928
v 18.964687 18.265375 3.348482
v 18.953922 18.176771 3.312787
v 18.956299 18.177525 3.310533
v 18.956242 17.967472 3.310503
v 18.953922 17.967472 3.312819
v 18.953922 18.226297 3.312855
v 18.956242 18.227190 3.310539
v 18.956242 16.406349 3.309982
v 18.953922 16.406349 3.312297
v 18.953922 17.967472 3.424306
v 18.956242 17.967472 3.426620
v 18.956242 18.138796 3.426643
v 18.953922 18.139254 3.424327
v 18.953922 16.406349 3.423786
v 18.956242 16.406349 3.426100
v 18.953922 18.265528 3.348626
v 18.956242 18.267124 3.346950
v 18.962372 18.177525 3.545391
v 18.964687 18.179842 3.545853
v 18.964687 18.167948 3.574553
v 18.962372 18.166176 3.572778
v 18.962372 18.177525 3.465379
v 18.964687 18.179842 3.464918
v 18.962372 18.166180 3.437991
v 18.964687 18.167952 3.436218
v 18.953983 18.179869 3.545860
v 18.956268 18.177525 3.545391
v 18.956264 18.166176 3.572778
v 18.953976 18.167969 3.574572
v 18.953983 18.179869 3.464911
v 18.956268 18.177525 3.465379
v 18.953922 18.167957 3.436219
v 18.956234 18.166180 3.437991
v 18.964687 18.139244 3.586437
v 18.962372 18.138786 3.584123
v 18.964687 18.006664 3.586414
v 18.962372 18.006189 3.584100
v 18.964687 17.980585 3.597211
v 18.962379 17.978800 3.595437
v 18.956253 18.138786 3.584123
v 18.953957 18.139254 3.586455
v 18.956253 18.006140 3.584100
v 18.953945 18.006586 3.586432
v 18.956200 17.978752 3.595417
v 18.953884 17.980516 3.597201
v 18.949856 17.984579 3.798754
v 18.947887 17.982178 3.797548
v 18.957001 17.973034 3.790792
v 18.959011 17.975506 3.792042
v 18.964687 17.969870 3.784281
v 18.962643 17.967344 3.783028
v 18.962452 17.967365 3.723258
v 18.964687 17.969761 3.723749
v 18.962387 17.967436 3.622816
v 18.964687 17.969767 3.623289
v 18.942303 17.981825 3.794120
v 18.941875 17.984550 3.791617
v 18.948143 17.976059 3.785880
v 18.950661 17.972626 3.786906
v 18.953129 17.969612 3.778027
v 18.955540 17.966898 3.778669
v 18.953335 17.969347 3.721312
v 18.955658 17.967039 3.721770
v 18.953758 17.969654 3.623224
v 18.956081 17.967340 3.622766
v 18.956253 18.138786 3.584123
v 18.956253 18.006140 3.584100
v 18.956081 17.967340 3.622766
v 18.955658 17.967039 3.721770
v 18.956242 17.967472 3.426620
v 18.956242 18.138796 3.426643
v 18.956242 16.406349 3.426100
v 18.956268 18.177525 3.465379
v 18.956268 18.177525 3.545391
v 18.956264 18.166176 3.572778
v 18.956200 17.978752 3.595417
v 18.942303 17.981825 3.794120
v 18.950661 17.972626 3.786906
v 18.955540 17.966898 3.778669
v 18.956234 18.166180 3.437991
v 18.956047 18.164948 3.726164
v 18.964687 18.164948 3.723758
v 18.950207 18.177525 3.798784
v 18.960449 18.177525 3.794544
v 18.964687 18.177525 3.784311
v 18.921619 18.290407 3.798797
v 18.931854 18.300640 3.794559
v 18.936096 18.304882 3.784326
v 18.936096 18.304882 3.723763
v 18.929005 18.297791 3.726859
v 18.929474 18.298258 3.783381
v 18.920753 18.289539 3.792200
v 18.926945 18.295727 3.789632
v 18.933769 18.302549 3.353374
v 18.936096 18.304882 3.358472
v 18.927608 18.296394 3.347679
v 18.780766 18.149551 3.797548
v 18.782921 18.151703 3.798754
v 18.779419 18.148209 3.791644
v 18.778538 18.147320 3.794635
v 18.927711 18.296497 3.574569
v 18.778538 18.147320 3.794635
v 18.936096 18.304882 3.575392
v 18.936096 18.304882 3.435410
v 18.927742 18.296526 3.427889
v 18.960449 18.272051 3.794559
v 18.950207 18.261820 3.798797
v 18.964687 18.276291 3.784326
v 18.964687 18.276291 3.723763
v 18.958061 18.269669 3.783381
v 18.957592 18.269197 3.726859
v 18.949345 18.260942 3.792200
v 18.955536 18.267139 3.789632
v 18.962357 18.273958 3.353374
v 18.964687 18.276291 3.358472
v 18.956200 18.267803 3.347679
v 18.811508 18.123116 3.798754
v 18.809353 18.120958 3.797548
v 18.807125 18.118732 3.794635
v 18.808014 18.119616 3.791644
v 18.956299 18.267906 3.574569
v 18.807125 18.118732 3.794635
v 18.964687 18.276291 3.575392
v 18.964687 18.276291 3.435410
v 18.956329 18.267939 3.427889
v 18.956154 18.296350 3.578922
v 18.956310 18.296509 3.723763
v 18.956154 18.296350 3.578922
v 18.956310 18.296509 3.723763
v 18.956154 18.296350 3.431880
v 18.956154 18.296350 3.431880
v 18.955292 18.295486 3.367439
v 18.955292 18.295486 3.367439
v 18.947968 18.288160 3.578359
v 18.948166 18.288361 3.427389
v 18.947968 18.288160 3.578359
v 18.948166 18.288361 3.427389
v 18.944031 18.284227 3.358593
v 18.944031 18.284227 3.358593
v 18.946224 18.286421 3.357447
v 18.946224 18.286421 3.357447
v 18.952072 18.292269 3.794562
v 18.941837 18.282034 3.798799
v 18.952072 18.292269 3.794562
v 18.941837 18.282034 3.798799
v 18.797215 18.137411 3.798754
v 18.797215 18.137411 3.798754
v 18.956310 18.296509 3.784328
v 18.956310 18.296509 3.784328
v 18.949345 18.289539 3.726778
v 18.949345 18.289539 3.726778
v 18.949791 18.289986 3.783523
v 18.949791 18.289986 3.783523
v 18.941090 18.281284 3.792339
v 18.947262 18.287460 3.789771
v 18.941090 18.281284 3.792339
v 18.947262 18.287460 3.789771
v 18.952911 18.293108 3.362504
v 18.952911 18.293108 3.362504
v 18.795059 18.135256 3.797548
v 18.795059 18.135256 3.797548
v 18.792828 18.133024 3.794635
v 18.792828 18.133024 3.794635
v 18.792828 18.133024 3.794635
v 18.793716 18.133909 3.791644
v 18.792828 18.133024 3.794635
v 18.793716 18.133909 3.791644
v 18.836868 14.518082 3.788578
v 18.835609 14.515568 3.782272
v 18.637253 14.519268 3.780379
v 18.645039 14.522424 3.788361
v 18.837471 14.524330 3.791224
v 18.646511 14.527989 3.791608
v 17.541023 14.507816 3.312297
v 17.541023 14.510133 3.309982
v 18.627274 14.510133 3.310503
v 18.627274 14.507816 3.312819
v 18.837330 14.510190 3.310533
v 18.836578 14.507816 3.312787
v 18.627274 14.510133 3.426620
v 18.627274 14.507816 3.424306
v 18.799057 14.507816 3.424327
v 18.798599 14.510133 3.426643
v 17.541023 14.510133 3.426100
v 17.541023 14.507816 3.423786
v 18.886997 14.510133 3.310539
v 18.886097 14.507816 3.312855
v 18.926903 14.510138 3.346928
v 18.925182 14.507816 3.348482
v 18.836578 14.518580 3.312787
v 18.837330 14.516202 3.310533
v 18.627274 14.516264 3.310503
v 18.627274 14.518580 3.312819
v 18.886097 14.518580 3.312855
v 18.886997 14.516264 3.310539
v 17.541023 14.516264 3.309982
v 17.541023 14.518580 3.312297
v 18.627274 14.518580 3.424306
v 18.627274 14.516264 3.426620
v 18.798599 14.516264 3.426643
v 18.799057 14.518580 3.424327
v 17.541023 14.518580 3.423786
v 17.541023 14.516264 3.426100
v 18.925327 14.518580 3.348626
v 18.926926 14.516264 3.346950
v 18.837330 14.510133 3.545391
v 18.839645 14.507816 3.545853
v 18.827755 14.507816 3.574553
v 18.825981 14.510133 3.572778
v 18.837330 14.510133 3.465379
v 18.839645 14.507816 3.464918
v 18.825985 14.510133 3.437991
v 18.827755 14.507816 3.436218
v 18.839676 14.518519 3.545860
v 18.837330 14.516231 3.545391
v 18.825981 14.516239 3.572778
v 18.827774 14.518527 3.574572
v 18.839676 14.518519 3.464911
v 18.837330 14.516234 3.465379
v 18.827755 14.518580 3.436219
v 18.825985 14.516264 3.437991
v 18.799053 14.507816 3.586437
v 18.798592 14.510133 3.584123
v 18.666473 14.507816 3.586414
v 18.665993 14.510129 3.584100
v 18.640388 14.507816 3.597211
v 18.638607 14.510125 3.595437
v 18.798592 14.516243 3.584123
v 18.799057 14.518547 3.586455
v 18.665947 14.516252 3.584100
v 18.666393 14.518556 3.586432
v 18.638557 14.516300 3.595417
v 18.640320 14.518617 3.597201
v 18.644382 14.522639 3.798754
v 18.641983 14.524613 3.797548
v 18.632839 14.515498 3.790792
v 18.635311 14.513493 3.792042
v 18.629677 14.507816 3.784281
v 18.627151 14.509858 3.783028
v 18.627167 14.510047 3.723258
v 18.629566 14.507816 3.723749
v 18.627239 14.510117 3.622816
v 18.629574 14.507816 3.623289
v 18.641624 14.530199 3.794120
v 18.644356 14.530625 3.791617
v 18.635864 14.524360 3.785880
v 18.632431 14.521842 3.786906
v 18.629417 14.519371 3.778027
v 18.626698 14.516959 3.778669
v 18.629147 14.519170 3.721312
v 18.626842 14.516841 3.721770
v 18.629459 14.518740 3.623224
v 18.627151 14.516418 3.622766
v 18.798592 14.516243 3.584123
v 18.665947 14.516252 3.584100
v 18.627151 14.516418 3.622766
v 18.626842 14.516841 3.721770
v 18.627274 14.516264 3.426620
v 18.798599 14.516264 3.426643
v 17.541023 14.516264 3.426100
v 18.837330 14.516234 3.465379
v 18.837330 14.516231 3.545391
v 18.825981 14.516239 3.572778
v 18.638557 14.516300 3.595417
v 18.641624 14.530199 3.794120
v 18.632431 14.521842 3.786906
v 18.626698 14.516959 3.778669
v 18.825985 14.516264 3.437991
v 18.824753 14.516452 3.726164
v 18.824753 14.507816 3.723758
v 18.837330 14.522288 3.798784
v 18.837330 14.512056 3.794544
v 18.837330 14.507816 3.784311
v 18.953232 14.835250 3.780379
v 18.956936 14.636893 3.782272
v 18.954422 14.635637 3.788578
v 18.950077 14.827465 3.788361
v 18.948170 14.635031 3.791224
v 18.944511 14.825983 3.791608
v 18.962372 14.845223 3.310503
v 18.962372 16.406349 3.309982
v 18.964687 16.406349 3.312297
v 18.964687 14.845223 3.312819
v 18.962311 14.635175 3.310533
v 18.964687 14.635924 3.312787
v 18.964687 14.673442 3.424327
v 18.964687 14.845223 3.424306
v 18.962372 14.845223 3.426620
v 18.962372 14.673904 3.426643
v 18.962372 16.406349 3.426100
v 18.964687 16.406349 3.423786
v 18.962372 14.585505 3.310539
v 18.964687 14.586401 3.312855
v 18.962368 14.545600 3.346928
v 18.964687 14.547319 3.348482
v 18.956242 14.845223 3.310503
v 18.956299 14.635175 3.310533
v 18.953922 14.635924 3.312787
v 18.953922 14.845223 3.312819
v 18.953922 14.586401 3.312855
v 18.956242 14.585505 3.310539
v 18.956242 16.406349 3.309982
v 18.953922 16.406349 3.312297
v 18.956242 14.673904 3.426643
v 18.956242 14.845223 3.426620
v 18.953922 14.845223 3.424306
v 18.953922 14.673442 3.424327
v 18.953922 16.406349 3.423786
v 18.956242 16.406349 3.426100
v 18.956242 14.545575 3.346950
v 18.953922 14.547173 3.348626
v 18.964687 14.644748 3.574553
v 18.964687 14.632857 3.545853
v 18.962372 14.635175 3.545391
v 18.962372 14.646520 3.572778
v 18.962372 14.635175 3.465379
v 18.964687 14.632857 3.464918
v 18.962372 14.646516 3.437991
v 18.964687 14.644744 3.436218
v 18.956264 14.646520 3.572778
v 18.956268 14.635175 3.545391
v 18.953983 14.632830 3.545860
v 18.953976 14.644727 3.574572
v 18.953983 14.632830 3.464911
v 18.956268 14.635175 3.465379
v 18.953922 14.644744 3.436219
v 18.956234 14.646516 3.437991
v 18.962372 14.673909 3.584123
v 18.964687 14.673450 3.586437
v 18.964687 14.806031 3.586414
v 18.962372 14.806505 3.584100
v 18.964687 14.832114 3.597211
v 18.962379 14.833895 3.595437
v 18.953957 14.673447 3.586455
v 18.956253 14.673909 3.584123
v 18.956253 14.806554 3.584100
v 18.953945 14.806109 3.586432
v 18.956200 14.833943 3.595417
v 18.953884 14.832180 3.597201
v 18.957001 14.839662 3.790792
v 18.947887 14.830523 3.797548
v 18.949856 14.828115 3.798754
v 18.959011 14.837189 3.792042
v 18.962452 14.845333 3.723258
v 18.962643 14.845350 3.783028
v 18.964687 14.842830 3.784281
v 18.964687 14.842936 3.723749
v 18.962387 14.845261 3.622816
v 18.964687 14.842927 3.623289
v 18.948143 14.836637 3.785880
v 18.941875 14.828149 3.791617
v 18.942303 14.830874 3.794120
v 18.950661 14.840075 3.786906
v 18.955540 14.845800 3.778669
v 18.953129 14.843083 3.778027
v 18.953335 14.843352 3.721312
v 18.955658 14.845661 3.721770
v 18.953758 14.843046 3.623224
v 18.956081 14.845354 3.622766
v 18.956253 14.673909 3.584123
v 18.956253 14.806554 3.584100
v 18.956081 14.845354 3.622766
v 18.955658 14.845661 3.721770
v 18.956242 14.845223 3.426620
v 18.956242 14.673904 3.426643
v 18.956242 16.406349 3.426100
v 18.956268 14.635175 3.465379
v 18.956268 14.635175 3.545391
v 18.956264 14.646520 3.572778
v 18.956200 14.833943 3.595417
v 18.942303 14.830874 3.794120
v 18.950661 14.840075 3.786906
v 18.955540 14.845800 3.778669
v 18.956234 14.646516 3.437991
v 18.956047 14.647748 3.726164
v 18.964687 14.647748 3.723758
v 18.950207 14.635175 3.798784
v 18.960449 14.635175 3.794544
v 18.964687 14.635175 3.784311
v 18.931854 14.512056 3.794559
v 18.921619 14.522288 3.798797
v 18.936096 14.507816 3.784326
v 18.936096 14.507816 3.723763
v 18.929474 14.514438 3.783381
v 18.929005 14.514909 3.726859
v 18.920753 14.523160 3.792200
v 18.926945 14.516968 3.789632
v 18.933769 14.510144 3.353374
v 18.936096 14.507816 3.358472
v 18.927608 14.516304 3.347679
v 18.782921 14.660992 3.798754
v 18.780766 14.663149 3.797548
v 18.778538 14.665376 3.794635
v 18.779419 14.664492 3.791644
v 18.927711 14.516202 3.574569
v 18.778538 14.665376 3.794635
v 18.936096 14.507816 3.575392
v 18.936096 14.507816 3.435410
v 18.927742 14.516173 3.427889
v 18.950207 14.550880 3.798797
v 18.960449 14.540648 3.794559
v 18.964687 14.536408 3.784326
v 18.964687 14.536408 3.723763
v 18.957592 14.543497 3.726859
v 18.958061 14.543026 3.783381
v 18.949345 14.551752 3.792200
v 18.955536 14.545556 3.789632
v 18.962357 14.538736 3.353374
v 18.964687 14.536405 3.358472
v 18.956200 14.544892 3.347679
v 18.809353 14.691736 3.797548
v 18.811508 14.689584 3.798754
v 18.808014 14.693080 3.791644
v 18.807125 14.693968 3.794635
v 18.956299 14.544790 3.574569
v 18.807125 14.693968 3.794635
v 18.964687 14.536408 3.575392
v 18.964687 14.536408 3.435410
v 18.956329 14.544762 3.427889
v 18.956154 14.516346 3.578922
v 18.956310 14.516190 3.723763
v 18.956310 14.516190 3.723763
v 18.956154 14.516346 3.578922
v 18.956154 14.516346 3.431880
v 18.956154 14.516346 3.431880
v 18.955292 14.517209 3.367439
v 18.955292 14.517209 3.367439
v 18.947968 14.524535 3.578359
v 18.948166 14.524335 3.427389
v 18.948166 14.524335 3.427389
v 18.947968 14.524535 3.578359
v 18.944031 14.528469 3.358593
v 18.944031 14.528469 3.358593
v 18.946224 14.526275 3.357447
v 18.946224 14.526275 3.357447
v 18.952072 14.520430 3.794562
v 18.941837 14.530666 3.798799
v 18.941837 14.530666 3.798799
v 18.952072 14.520430 3.794562
v 18.797215 14.675287 3.798754
v 18.797215 14.675287 3.798754
v 18.956310 14.516190 3.784328
v 18.956310 14.516190 3.784328
v 18.949345 14.523160 3.726778
v 18.949345 14.523160 3.726778
v 18.949791 14.522714 3.783523
v 18.949791 14.522714 3.783523
v 18.941090 14.531416 3.792339
v 18.947262 14.525235 3.789771
v 18.947262 14.525235 3.789771
v 18.941090 14.531416 3.792339
v 18.952911 14.519591 3.362504
v 18.952911 14.519591 3.362504
v 18.795059 14.677445 3.797548
v 18.795059 14.677445 3.797548
v 18.792828 14.679671 3.794635
v 18.792828 14.679671 3.794635
v 18.792828 14.679671 3.794635
v 18.793716 14.678786 3.791644
v 18.793716 14.678786 3.791644
v 18.792828 14.679671 3.794635
v 17.541023 14.558444 3.788980
v 16.157673 14.558444 3.788980
v 16.157677 14.537231 3.780191
v 17.541023 14.537231 3.780190
v 16.157677 14.528444 3.758975
v 17.541023 14.528444 3.758976
v 16.127674 18.264574 3.759538
v 16.127674 14.558444 3.758980
v 16.136463 14.558444 3.780193
v 16.136463 18.264578 3.780749
v 16.157677 18.264574 3.789536
v 17.541023 18.294573 3.759537
v 16.157677 18.294573 3.759541
v 16.157673 18.285788 3.780754
v 17.541023 18.285788 3.780751
v 17.541023 18.264574 3.789536
v 16.207878 18.209194 3.746287
v 16.207634 14.603202 3.745736
v 16.186413 14.603259 3.737063
v 16.186481 18.209255 3.737615
v 16.176807 14.602855 3.715810
v 16.176807 18.209772 3.716360
v 17.541023 14.572880 3.716299
v 16.206818 14.572863 3.715784
v 16.207565 14.582145 3.737022
v 17.541023 14.582223 3.737178
v 17.541023 14.603432 3.745736
v 17.541023 18.209194 3.746287
v 16.207680 18.230415 3.737578
v 17.541023 18.230412 3.737729
v 16.206818 18.239759 3.716340
v 17.541023 18.239742 3.716843
v 18.924374 18.264574 3.789536
v 18.924377 14.558444 3.788980
v 18.945591 14.558444 3.780193
v 18.945591 18.264574 3.780749
v 18.954380 14.558444 3.758980
v 18.954380 18.264574 3.759537
v 18.905247 18.209772 3.716360
v 18.905247 14.602855 3.715810
v 18.895573 14.603374 3.737062
v 18.895645 18.209379 3.737612
v 18.874184 14.603432 3.745736
v 18.874413 18.209436 3.746287
v 18.924377 14.537231 3.780190
v 18.924377 14.528444 3.758975
v 18.924377 18.294573 3.759541
v 18.924377 18.285788 3.780754
v 18.875237 14.572863 3.715784
v 18.874374 14.582214 3.737024
v 18.874496 18.230488 3.737575
v 18.875237 18.239759 3.716340
v 16.140362 14.541131 3.776290
v 16.136463 14.537231 3.758977
v 16.140362 14.541131 3.776290
v 16.136463 14.537231 3.758977
v 16.157677 14.528444 3.758975
v 16.140362 18.281889 3.776854
v 16.157677 18.294573 3.759541
v 16.136463 18.285788 3.759541
v 16.140362 18.281889 3.776854
v 16.136463 18.285788 3.759541
v 16.190201 14.585984 3.733170
v 16.206818 14.572863 3.715784
v 16.185593 14.581646 3.715794
v 16.190201 14.585984 3.733170
v 16.185593 14.581646 3.715794
v 16.190250 18.226597 3.733726
v 16.185593 18.230980 3.716350
v 16.190250 18.226597 3.733726
v 16.185593 18.230980 3.716350
v 16.206818 18.239759 3.716340
v 18.941692 14.541131 3.776289
v 18.924377 14.528444 3.758975
v 18.945591 14.537231 3.758976
v 18.941692 14.541131 3.776289
v 18.945591 14.537231 3.758976
v 18.941692 18.281885 3.776854
v 18.945591 18.285788 3.759541
v 18.941692 18.281885 3.776854
v 18.945591 18.285788 3.759541
v 18.924377 18.294573 3.759541
v 18.891804 14.586033 3.733171
v 18.896458 14.581646 3.715794
v 18.891804 14.586033 3.733171
v 18.896458 14.581646 3.715794
v 18.875237 14.572863 3.715784
v 18.891857 18.226650 3.733724
v 18.875237 18.239759 3.716340
v 18.896458 18.230980 3.716350
v 18.891857 18.226650 3.733724
v 18.896458 18.230980 3.716350
v 16.137730 14.560461 3.375499
v 16.144161 14.544934 3.375497
v 16.138721 14.539491 3.378441
v 16.130623 14.559050 3.378443
v 16.136467 14.537235 3.385552
v 16.127674 14.558464 3.385555
v 16.159935 18.284517 3.376060
v 16.144234 18.278019 3.376060
v 16.138794 18.283459 3.379004
v 16.158520 18.291626 3.379004
v 16.136536 18.285717 3.386116
v 16.136536 18.285717 3.386116
v 16.157928 18.294573 3.386116
v 16.158520 18.291626 3.379004
v 16.155670 14.588206 3.385255
v 16.164463 14.566998 3.385247
v 16.161919 14.564574 3.378314
v 16.152466 14.587358 3.378322
v 16.152466 14.587358 3.378322
v 16.161919 14.564574 3.378314
v 16.156445 14.559139 3.375497
v 16.145351 14.585815 3.375499
v 16.145351 18.226236 3.376053
v 16.156517 18.253172 3.376060
v 16.161999 18.247736 3.378880
v 16.152466 18.224747 3.378878
v 16.152466 18.224747 3.378878
v 16.161999 18.247736 3.378880
v 16.164536 18.245317 3.385813
v 16.155670 18.223932 3.385811
v 18.922359 14.538500 3.375494
v 18.937889 14.544934 3.375497
v 18.943329 14.539491 3.378441
v 18.923775 14.531390 3.378441
v 18.945583 14.537235 3.385551
v 18.945583 14.537235 3.385551
v 18.924358 14.528444 3.385551
v 18.923775 14.531390 3.378441
v 18.944317 18.262314 3.376055
v 18.937820 18.278019 3.376060
v 18.943264 18.283459 3.379004
v 18.951431 18.263735 3.379002
v 18.945515 18.285717 3.386112
v 18.954380 18.264318 3.386111
v 18.926380 18.223932 3.385811
v 18.917519 18.245317 3.385813
v 18.920055 18.247736 3.378880
v 18.929588 18.224771 3.378878
v 18.929588 18.224771 3.378878
v 18.920055 18.247736 3.378880
v 18.925537 18.253172 3.376060
v 18.936699 18.226311 3.376053
v 18.936707 14.585906 3.375499
v 18.925602 14.559144 3.375497
v 18.920128 14.564579 3.378314
v 18.929588 14.587396 3.378324
v 18.929588 14.587396 3.378324
v 18.920128 14.564579 3.378314
v 18.917591 14.567001 3.385247
v 18.926380 14.588219 3.385255
v 16.157692 14.528444 3.385552
v 16.136463 14.537231 3.758977
v 16.136467 14.537235 3.385552
v 16.157692 14.528444 3.385552
v 16.127674 18.264318 3.386111
v 16.136536 18.285717 3.386116
v 16.136536 18.285717 3.386116
v 16.157928 18.294573 3.386116
v 16.136536 18.285717 3.386116
v 16.185936 18.254169 3.385884
v 16.185593 18.230980 3.716350
v 16.164536 18.245317 3.385813
v 16.185936 18.254169 3.385884
v 18.954380 14.558464 3.385555
v 18.945583 14.537235 3.385551
v 18.924126 18.294573 3.386116
v 18.945515 18.285717 3.386112
v 18.896351 14.558214 3.385316
v 18.896458 14.581646 3.715794
v 18.917591 14.567001 3.385247
v 18.896351 14.558214 3.385316
v 16.137741 18.262392 3.376055
v 17.541023 14.528444 3.385551
v 17.541023 14.538500 3.375494
v 16.159695 14.538500 3.375494
v 16.183197 14.547975 3.375494
v 17.541023 14.547978 3.375494
v 16.185692 14.558214 3.385316
v 17.541023 14.558218 3.385362
v 17.541023 18.254169 3.385930
v 17.541023 18.239742 3.716843
v 16.159935 18.284517 3.376060
v 17.541023 18.284517 3.376060
v 17.541023 18.264406 3.376060
v 16.183453 18.264410 3.376060
v 17.541023 18.294573 3.386116
v 18.944313 14.560383 3.375499
v 18.924358 14.528444 3.385551
v 18.898846 14.547975 3.375494
v 18.896114 18.254169 3.385884
v 18.922119 18.284517 3.376060
v 18.922119 18.284517 3.376060
v 18.898602 18.264410 3.376060
v 17.541023 18.264406 3.376060
v 18.924126 18.294573 3.386116
v 16.183197 14.547975 3.375494
v 16.159695 14.538500 3.375494
v 16.144161 14.544934 3.375497
v 16.156445 14.559139 3.375497
v 16.164463 14.566998 3.385247
v 16.145351 18.226236 3.376053
v 16.137741 18.262392 3.376055
v 16.144234 18.278019 3.376060
v 16.144234 18.278019 3.376060
v 16.156517 18.253172 3.376060
v 16.159935 18.284517 3.376060
v 16.183453 18.264410 3.376060
v 16.156517 18.253172 3.376060
v 18.937820 18.278019 3.376060
v 18.925537 18.253172 3.376060
v 18.937889 14.544934 3.375497
v 18.925602 14.559144 3.375497
v 18.922359 14.538500 3.375494
v 18.898846 14.547975 3.375494
v 18.925602 14.559144 3.375497
v 18.917519 18.245317 3.385813
v 16.158283 14.531390 3.378441
v 17.541023 14.531390 3.378441
v 16.144161 14.544934 3.375497
v 16.138721 14.539491 3.378441
v 16.130623 18.263750 3.379002
v 16.144234 18.278019 3.376060
v 16.138794 18.283459 3.379004
v 17.541023 18.284517 3.376060
v 16.159935 18.284517 3.376060
v 17.541023 18.291626 3.379007
v 17.541023 18.294573 3.386116
v 16.184746 14.555092 3.378344
v 17.541023 14.555087 3.378363
v 17.541023 14.555087 3.378363
v 16.184746 14.555092 3.378344
v 16.161919 14.564574 3.378314
v 16.161919 14.564574 3.378314
v 16.156445 14.559139 3.375497
v 17.541023 18.254169 3.385930
v 16.185936 18.254169 3.385884
v 16.184998 18.257292 3.378909
v 16.184998 18.257292 3.378909
v 17.541023 18.257298 3.378929
v 17.541023 18.257298 3.378929
v 16.184998 18.257292 3.378909
v 16.156517 18.253172 3.376060
v 16.161999 18.247736 3.378880
v 16.161999 18.247736 3.378880
v 16.184998 18.257292 3.378909
v 16.185936 18.254169 3.385884
v 16.161999 18.247736 3.378880
v 18.951431 14.559024 3.378443
v 18.943329 14.539491 3.378441
v 18.923534 18.291626 3.379004
v 18.943264 18.283459 3.379004
v 18.897053 18.257292 3.378909
v 18.920055 18.247736 3.378880
v 18.920055 18.247736 3.378880
v 18.897053 18.257292 3.378909
v 18.898602 18.264410 3.376060
v 18.925537 18.253172 3.376060
v 18.925602 14.559144 3.375497
v 18.897293 14.555092 3.378344
v 18.897293 14.555092 3.378344
v 18.920128 14.564579 3.378314
v 18.925602 14.559144 3.375497
v 18.920128 14.564579 3.378314
v 18.897293 14.555092 3.378344
v 18.917591 14.567001 3.385247
v 17.541023 14.557858 1.537388
v 16.210579 14.557858 1.537388
v 16.210579 14.574085 1.498196
v 17.541023 14.574085 1.498196
v 16.210579 14.613278 1.481958
v 17.541023 14.613278 1.481958
v 16.155151 14.613594 3.498449
v 16.155151 14.613287 1.537386
v 16.171383 14.574091 1.537388
v 16.171383 14.574402 3.498441
v 16.171383 14.574402 3.498441
v 16.171383 14.574091 1.537388
v 16.210571 14.558169 3.498439
v 16.210571 16.406189 1.481958
v 16.171383 14.613278 1.498193
v 16.171383 16.406189 1.498193
v 16.155151 16.406193 1.537386
v 16.210571 18.254530 3.498995
v 16.210571 18.254530 1.537386
v 16.171383 18.238298 1.537386
v 16.171383 18.238298 3.498992
v 16.171383 18.238298 3.498992
v 16.171383 18.238298 1.537386
v 16.155151 18.199106 1.537386
v 16.155151 18.199106 3.498988
v 18.871483 18.199106 1.481958
v 17.541023 18.199106 1.481958
v 17.541023 18.238298 1.498193
v 18.871483 18.238298 1.498193
v 17.541023 18.254530 1.537386
v 18.871483 18.254530 1.537386
v 18.926907 16.406193 1.537386
v 18.926907 14.613287 1.537386
v 18.910667 14.613278 1.498193
v 18.910671 16.406189 1.498193
v 18.871475 14.613278 1.481958
v 18.871483 16.406189 1.481958
v 18.871483 14.558169 3.498439
v 18.871475 14.557858 1.537388
v 18.910667 14.574091 1.537388
v 18.910671 14.574402 3.498441
v 18.910671 14.574402 3.498441
v 18.910667 14.574091 1.537388
v 18.926907 14.613594 3.498449
v 18.926907 18.199106 3.498988
v 18.926907 18.199106 1.537386
v 18.910671 18.238298 1.537386
v 18.910671 18.238298 3.498991
v 18.910671 18.238298 3.498991
v 18.910671 18.238298 1.537386
v 18.871483 18.254530 3.498995
v 18.926907 16.406349 3.498717
v 16.155151 16.406349 3.498717
v 17.541023 16.406189 1.481958
v 17.541023 14.558169 3.498439
v 17.541023 18.254530 3.498995
v 16.210571 18.199106 1.481958
v 16.171383 18.199106 1.498193
v 18.871475 14.574085 1.498196
v 16.210571 18.238298 1.498193
v 18.910671 18.199106 1.498193
v 16.178585 14.581289 1.505397
v 16.178581 18.231094 1.505397
v 18.903469 14.581289 1.505397
v 18.903469 18.231094 1.505397
v 16.210579 -13.077327 1.498196
v 16.210579 -13.061095 1.537388
v 17.541023 -13.061095 1.537388
v 17.541023 -13.077327 1.498196
v 16.210579 -13.116519 1.481958
v 17.541023 -13.116519 1.481958
v 16.171383 -13.077331 1.537388
v 16.155151 -13.116524 1.537386
v 16.155151 -13.116830 3.498449
v 16.171383 -13.077641 3.498441
v 16.171383 -13.077331 1.537388
v 16.171383 -13.077641 3.498441
v 16.210571 -13.061406 3.498439
v 16.171383 -13.116519 1.498193
v 16.210571 -14.909426 1.481958
v 16.171383 -14.909431 1.498193
v 16.155151 -14.909431 1.537386
v 16.171383 -16.741539 1.537386
v 16.210571 -16.757771 1.537386
v 16.210571 -16.757771 3.498995
v 16.171383 -16.741539 3.498992
v 16.155151 -16.702347 1.537386
v 16.171383 -16.741539 1.537386
v 16.171383 -16.741539 3.498992
v 16.155151 -16.702347 3.498988
v 17.541023 -16.741539 1.498193
v 17.541023 -16.702347 1.481958
v 18.871483 -16.702347 1.481958
v 18.871483 -16.741539 1.498193
v 17.541023 -16.757771 1.537386
v 18.871483 -16.757771 1.537386
v 18.910667 -13.116519 1.498193
v 18.926907 -13.116524 1.537386
v 18.926907 -14.909431 1.537386
v 18.910671 -14.909431 1.498193
v 18.871475 -13.116519 1.481958
v 18.871483 -14.909426 1.481958
v 18.910667 -13.077331 1.537388
v 18.871475 -13.061095 1.537388
v 18.871483 -13.061406 3.498439
v 18.910671 -13.077641 3.498441
v 18.910667 -13.077331 1.537388
v 18.910671 -13.077641 3.498441
v 18.926907 -13.116830 3.498449
v 18.910671 -16.741539 1.537386
v 18.926907 -16.702347 1.537386
v 18.926907 -16.702347 3.498988
v 18.910671 -16.741539 3.498991
v 18.910671 -16.741539 1.537386
v 18.910671 -16.741539 3.498991
v 18.871483 -16.757771 3.498995
v 18.926907 -14.909587 3.498717
v 16.155151 -14.909587 3.498717
v 17.541023 -14.909426 1.481958
v 17.541023 -13.061406 3.498439
v 17.541023 -16.757771 3.498995
v 16.210571 -16.702347 1.481958
v 16.171383 -16.702347 1.498193
v 18.871475 -13.077327 1.498196
v 16.210571 -16.741539 1.498193
v 18.910671 -16.702347 1.498193
v 16.178585 -13.084530 1.505397
v 16.178581 -16.734331 1.505397
v 18.903469 -13.084530 1.505397
v 18.903469 -16.734331 1.505397
v 16.157677 -13.040472 3.780191
v 16.157673 -13.061681 3.788980
v 17.541023 -13.061681 3.788980
v 17.541023 -13.040472 3.780190
v 16.157677 -13.031685 3.758975
v 17.541023 -13.031685 3.758976
v 16.136463 -13.061681 3.780193
v 16.127674 -13.061684 3.758980
v 16.127674 -16.767815 3.759538
v 16.136463 -16.767815 3.780749
v 16.157677 -16.767815 3.789536
v 16.157673 -16.789026 3.780754
v 16.157677 -16.797813 3.759541
v 17.541023 -16.797813 3.759537
v 17.541023 -16.789026 3.780751
v 17.541023 -16.767809 3.789536
v 16.186413 -13.106496 3.737063
v 16.207634 -13.106439 3.745736
v 16.207878 -16.712435 3.746287
v 16.186481 -16.712498 3.737615
v 16.176807 -13.106091 3.715810
v 16.176807 -16.713009 3.716360
v 16.207565 -13.085382 3.737022
v 16.206818 -13.076098 3.715784
v 17.541023 -13.076119 3.716299
v 17.541023 -13.085459 3.737178
v 17.541023 -13.106668 3.745736
v 16.207680 -16.733656 3.737578
v 17.541023 -16.712435 3.746287
v 17.541023 -16.733652 3.737729
v 16.206818 -16.743000 3.716340
v 17.541023 -16.742979 3.716843
v 18.945591 -13.061684 3.780193
v 18.924377 -13.061684 3.788980
v 18.924374 -16.767809 3.789536
v 18.945591 -16.767815 3.780749
v 18.954380 -13.061684 3.758980
v 18.954380 -16.767815 3.759537
v 18.895573 -13.106614 3.737062
v 18.905247 -13.106091 3.715810
v 18.905247 -16.713009 3.716360
v 18.895645 -16.712620 3.737612
v 18.874184 -13.106668 3.745736
v 18.874413 -16.712677 3.746287
v 18.924377 -13.040472 3.780190
v 18.924377 -13.031685 3.758975
v 18.924377 -16.797813 3.759541
v 18.924377 -16.789026 3.780754
v 18.875237 -13.076098 3.715784
v 18.874374 -13.085450 3.737024
v 18.874496 -16.733730 3.737575
v 18.875237 -16.743000 3.716340
v 16.140362 -13.044368 3.776290
v 16.136463 -13.040472 3.758977
v 16.157677 -13.031685 3.758975
v 16.136463 -13.040472 3.758977
v 16.140362 -13.044368 3.776290
v 16.140362 -16.785126 3.776854
v 16.140362 -16.785126 3.776854
v 16.136463 -16.789026 3.759541
v 16.157677 -16.797813 3.759541
v 16.136463 -16.789026 3.759541
v 16.190201 -13.089225 3.733170
v 16.190201 -13.089225 3.733170
v 16.185593 -13.084886 3.715794
v 16.206818 -13.076098 3.715784
v 16.185593 -13.084886 3.715794
v 16.190250 -16.729834 3.733726
v 16.185593 -16.734217 3.716350
v 16.206818 -16.743000 3.716340
v 16.185593 -16.734217 3.716350
v 16.190250 -16.729834 3.733726
v 18.941692 -13.044368 3.776289
v 18.941692 -13.044368 3.776289
v 18.945591 -13.040472 3.758976
v 18.924377 -13.031685 3.758975
v 18.945591 -13.040472 3.758976
v 18.941692 -16.785126 3.776854
v 18.945591 -16.789026 3.759541
v 18.924377 -16.797813 3.759541
v 18.945591 -16.789026 3.759541
v 18.941692 -16.785126 3.776854
v 18.891804 -13.089270 3.733171
v 18.896458 -13.084886 3.715794
v 18.875237 -13.076098 3.715784
v 18.896458 -13.084886 3.715794
v 18.891804 -13.089270 3.733171
v 18.891857 -16.729887 3.733724
v 18.891857 -16.729887 3.733724
v 18.896458 -16.734217 3.716350
v 18.875237 -16.743000 3.716340
v 18.896458 -16.734217 3.716350
v 16.138721 -13.042730 3.378441
v 16.144161 -13.048169 3.375497
v 16.137730 -13.063702 3.375499
v 16.130623 -13.062285 3.378443
v 16.136467 -13.040475 3.385552
v 16.127674 -13.061701 3.385555
v 16.138794 -16.786699 3.379004
v 16.144234 -16.781256 3.376060
v 16.159935 -16.787758 3.376060
v 16.158520 -16.794867 3.379004
v 16.136536 -16.788954 3.386116
v 16.158520 -16.794867 3.379004
v 16.157928 -16.797813 3.386116
v 16.136536 -16.788954 3.386116
v 16.161919 -13.067811 3.378314
v 16.164463 -13.070238 3.385247
v 16.155670 -13.091443 3.385255
v 16.152466 -13.090599 3.378322
v 16.156445 -13.062376 3.375497
v 16.161919 -13.067811 3.378314
v 16.152466 -13.090599 3.378322
v 16.145351 -13.089052 3.375499
v 16.161999 -16.750977 3.378880
v 16.156517 -16.756411 3.376060
v 16.145351 -16.729473 3.376053
v 16.152466 -16.727987 3.378878
v 16.164536 -16.748554 3.385813
v 16.161999 -16.750977 3.378880
v 16.152466 -16.727987 3.378878
v 16.155670 -16.727173 3.385811
v 18.943329 -13.042730 3.378441
v 18.937889 -13.048169 3.375497
v 18.922359 -13.041740 3.375494
v 18.923775 -13.034627 3.378441
v 18.945583 -13.040475 3.385551
v 18.923775 -13.034627 3.378441
v 18.924358 -13.031685 3.385551
v 18.945583 -13.040475 3.385551
v 18.943264 -16.786699 3.379004
v 18.937820 -16.781256 3.376060
v 18.944317 -16.765556 3.376055
v 18.951431 -16.766970 3.379002
v 18.945515 -16.788954 3.386112
v 18.954380 -16.767561 3.386111
v 18.920055 -16.750977 3.378880
v 18.917519 -16.748554 3.385813
v 18.926380 -16.727173 3.385811
v 18.929588 -16.728008 3.378878
v 18.925537 -16.756411 3.376060
v 18.920055 -16.750977 3.378880
v 18.929588 -16.728008 3.378878
v 18.936699 -16.729551 3.376053
v 18.920128 -13.067816 3.378314
v 18.925602 -13.062381 3.375497
v 18.936707 -13.089143 3.375499
v 18.929588 -13.090637 3.378324
v 18.917591 -13.070242 3.385247
v 18.920128 -13.067816 3.378314
v 18.929588 -13.090637 3.378324
v 18.926380 -13.091459 3.385255
v 16.157692 -13.031685 3.385552
v 16.157692 -13.031685 3.385552
v 16.136467 -13.040475 3.385552
v 16.136463 -13.040472 3.758977
v 16.127674 -16.767561 3.386111
v 16.136536 -16.788954 3.386116
v 16.136536 -16.788954 3.386116
v 16.136536 -16.788954 3.386116
v 16.157928 -16.797813 3.386116
v 16.185936 -16.757406 3.385884
v 16.185936 -16.757406 3.385884
v 16.164536 -16.748554 3.385813
v 16.185593 -16.734217 3.716350
v 18.954380 -13.061701 3.385555
v 18.945583 -13.040475 3.385551
v 18.924126 -16.797813 3.386116
v 18.945515 -16.788954 3.386112
v 18.896351 -13.061455 3.385316
v 18.896351 -13.061455 3.385316
v 18.917591 -13.070242 3.385247
v 18.896458 -13.084886 3.715794
v 16.137741 -16.765629 3.376055
v 17.541023 -13.031685 3.385551
v 16.183197 -13.051211 3.375494
v 16.159695 -13.041740 3.375494
v 17.541023 -13.041740 3.375494
v 17.541023 -13.051215 3.375494
v 16.185692 -13.061455 3.385316
v 17.541023 -13.061455 3.385362
v 17.541023 -16.742979 3.716843
v 17.541023 -16.757406 3.385930
v 17.541023 -16.767647 3.376060
v 17.541023 -16.787758 3.376060
v 16.159935 -16.787758 3.376060
v 16.183453 -16.767651 3.376060
v 17.541023 -16.797813 3.386116
v 18.944313 -13.063624 3.375499
v 18.924358 -13.031685 3.385551
v 18.898846 -13.051211 3.375494
v 18.896114 -16.757406 3.385884
v 18.922119 -16.787758 3.376060
v 17.541023 -16.767647 3.376060
v 18.898602 -16.767651 3.376060
v 18.922119 -16.787758 3.376060
v 18.924126 -16.797813 3.386116
v 16.144161 -13.048169 3.375497
v 16.159695 -13.041740 3.375494
v 16.183197 -13.051211 3.375494
v 16.156445 -13.062376 3.375497
v 16.164463 -13.070238 3.385247
v 16.144234 -16.781256 3.376060
v 16.137741 -16.765629 3.376055
v 16.145351 -16.729473 3.376053
v 16.144234 -16.781256 3.376060
v 16.156517 -16.756411 3.376060
v 16.156517 -16.756411 3.376060
v 16.183453 -16.767651 3.376060
v 16.159935 -16.787758 3.376060
v 18.937820 -16.781256 3.376060
v 18.925537 -16.756411 3.376060
v 18.937889 -13.048169 3.375497
v 18.925602 -13.062381 3.375497
v 18.925602 -13.062381 3.375497
v 18.898846 -13.051211 3.375494
v 18.922359 -13.041740 3.375494
v 18.917519 -16.748554 3.385813
v 16.158283 -13.034627 3.378441
v 17.541023 -13.034627 3.378441
v 16.144161 -13.048169 3.375497
v 16.138721 -13.042730 3.378441
v 16.130623 -16.766991 3.379002
v 16.144234 -16.781256 3.376060
v 16.138794 -16.786699 3.379004
v 16.159935 -16.787758 3.376060
v 17.541023 -16.787758 3.376060
v 17.541023 -16.794867 3.379007
v 17.541023 -16.797813 3.386116
v 16.184746 -13.058329 3.378344
v 17.541023 -13.058324 3.378363
v 16.184746 -13.058329 3.378344
v 17.541023 -13.058324 3.378363
v 16.161919 -13.067811 3.378314
v 16.161919 -13.067811 3.378314
v 16.156445 -13.062376 3.375497
v 16.184998 -16.760529 3.378909
v 16.185936 -16.757406 3.385884
v 17.541023 -16.757406 3.385930
v 17.541023 -16.760538 3.378929
v 16.184998 -16.760529 3.378909
v 16.184998 -16.760529 3.378909
v 17.541023 -16.760538 3.378929
v 16.156517 -16.756411 3.376060
v 16.161999 -16.750977 3.378880
v 16.185936 -16.757406 3.385884
v 16.184998 -16.760529 3.378909
v 16.161999 -16.750977 3.378880
v 16.161999 -16.750977 3.378880
v 18.951431 -13.062265 3.378443
v 18.943329 -13.042730 3.378441
v 18.923534 -16.794867 3.379004
v 18.943264 -16.786699 3.379004
v 18.897053 -16.760529 3.378909
v 18.920055 -16.750977 3.378880
v 18.898602 -16.767651 3.376060
v 18.897053 -16.760529 3.378909
v 18.920055 -16.750977 3.378880
v 18.925537 -16.756411 3.376060
v 18.897293 -13.058329 3.378344
v 18.925602 -13.062381 3.375497
v 18.925602 -13.062381 3.375497
v 18.920128 -13.067816 3.378314
v 18.897293 -13.058329 3.378344
v 18.897293 -13.058329 3.378344
v 18.920128 -13.067816 3.378314
v 18.917591 -13.070242 3.385247
v 16.245186 -13.021317 3.788578
v 16.246445 -13.018805 3.782272
v 16.444801 -13.022504 3.780379
v 16.437016 -13.025664 3.788361
v 16.244587 -13.027572 3.791224
v 16.435539 -13.031230 3.791608
v 17.541023 -13.011053 3.312297
v 17.541023 -13.013369 3.309982
v 16.454777 -13.013369 3.310504
v 16.454777 -13.011053 3.312819
v 16.244724 -13.013427 3.310533
v 16.245480 -13.011053 3.312787
v 16.454777 -13.013369 3.426620
v 16.454777 -13.011053 3.424306
v 16.282993 -13.011053 3.424327
v 16.283455 -13.013369 3.426643
v 17.541023 -13.013369 3.426100
v 17.541023 -13.011053 3.423786
v 16.195053 -13.013369 3.310540
v 16.195953 -13.011053 3.312856
v 16.155151 -13.013372 3.346928
v 16.156876 -13.011053 3.348482
v 16.245480 -13.021817 3.312787
v 16.244724 -13.019444 3.310533
v 16.454777 -13.019505 3.310504
v 16.454777 -13.021817 3.312819
v 16.195953 -13.021817 3.312856
v 16.195053 -13.019505 3.310540
v 17.541023 -13.019505 3.309982
v 17.541023 -13.021817 3.312297
v 16.454777 -13.021817 3.424306
v 16.454777 -13.019505 3.426620
v 16.283455 -13.019505 3.426643
v 16.282993 -13.021817 3.424327
v 17.541023 -13.021817 3.423786
v 17.541023 -13.019505 3.426100
v 16.156727 -13.021817 3.348626
v 16.155125 -13.019505 3.346950
v 16.244724 -13.013369 3.545391
v 16.242409 -13.011053 3.545853
v 16.254295 -13.011053 3.574553
v 16.256069 -13.013369 3.572779
v 16.244724 -13.013369 3.465379
v 16.242409 -13.011053 3.464918
v 16.256069 -13.013369 3.437991
v 16.254292 -13.011053 3.436218
v 16.242378 -13.021754 3.545860
v 16.244724 -13.019471 3.545391
v 16.256069 -13.019475 3.572779
v 16.254284 -13.021767 3.574572
v 16.242378 -13.021754 3.464911
v 16.244724 -13.019471 3.465379
v 16.254292 -13.021817 3.436220
v 16.256069 -13.019505 3.437991
v 16.283005 -13.011053 3.586438
v 16.283463 -13.013369 3.584123
v 16.415585 -13.011053 3.586414
v 16.416061 -13.013369 3.584101
v 16.441666 -13.011053 3.597211
v 16.443447 -13.013360 3.595437
v 16.283463 -13.019484 3.584123
v 16.282997 -13.021784 3.586455
v 16.416103 -13.019492 3.584101
v 16.415665 -13.021796 3.586433
v 16.443497 -13.019541 3.595418
v 16.441734 -13.021853 3.597201
v 16.437664 -13.025881 3.798755
v 16.440071 -13.027850 3.797548
v 16.449215 -13.018735 3.790793
v 16.446743 -13.016729 3.792042
v 16.452381 -13.011053 3.784282
v 16.454906 -13.013095 3.783028
v 16.454884 -13.013288 3.723258
v 16.452488 -13.011053 3.723749
v 16.454815 -13.013353 3.622816
v 16.452477 -13.011053 3.623289
v 16.440422 -13.033440 3.794120
v 16.437698 -13.033862 3.791617
v 16.446190 -13.027596 3.785880
v 16.449627 -13.025079 3.786907
v 16.452633 -13.022606 3.778027
v 16.455353 -13.020196 3.778669
v 16.452904 -13.022403 3.721312
v 16.455212 -13.020078 3.721770
v 16.452599 -13.021980 3.623225
v 16.454910 -13.019659 3.622766
v 16.283463 -13.019484 3.584123
v 16.416103 -13.019492 3.584101
v 16.454910 -13.019659 3.622766
v 16.455212 -13.020078 3.721770
v 16.454777 -13.019505 3.426620
v 16.283455 -13.019505 3.426643
v 17.541023 -13.019505 3.426100
v 16.244724 -13.019471 3.465379
v 16.244724 -13.019471 3.545391
v 16.256069 -13.019475 3.572779
v 16.443497 -13.019541 3.595418
v 16.440422 -13.033440 3.794120
v 16.449627 -13.025079 3.786907
v 16.455353 -13.020196 3.778669
v 16.256069 -13.019505 3.437991
v 16.257301 -13.019689 3.726164
v 16.257301 -13.011053 3.723758
v 16.244724 -13.025529 3.798784
v 16.244724 -13.015292 3.794545
v 16.244724 -13.011053 3.784311
v 16.128819 -13.338486 3.780379
v 16.125118 -13.140130 3.782272
v 16.127632 -13.138874 3.788578
v 16.131973 -13.330701 3.788361
v 16.133881 -13.138272 3.791224
v 16.137543 -13.329224 3.791608
v 16.119682 -13.348464 3.310504
v 16.119682 -14.909587 3.309982
v 16.117367 -14.909587 3.312297
v 16.117367 -13.348464 3.312819
v 16.119743 -13.138412 3.310533
v 16.117367 -13.139164 3.312787
v 16.117367 -13.176679 3.424327
v 16.117367 -13.348464 3.424306
v 16.119682 -13.348464 3.426620
v 16.119682 -13.177141 3.426643
v 16.119682 -14.909587 3.426101
v 16.117367 -14.909587 3.423786
v 16.119682 -13.088741 3.310540
v 16.117367 -13.089638 3.312856
v 16.119690 -13.048837 3.346928
v 16.117367 -13.050560 3.348482
v 16.125816 -13.348464 3.310504
v 16.125755 -13.138412 3.310533
v 16.128136 -13.139164 3.312787
v 16.128136 -13.348464 3.312819
v 16.128136 -13.089638 3.312856
v 16.125816 -13.088741 3.310540
v 16.125816 -14.909587 3.309982
v 16.128136 -14.909587 3.312297
v 16.125816 -13.177141 3.426643
v 16.125816 -13.348464 3.426620
v 16.128136 -13.348464 3.424306
v 16.128136 -13.176679 3.424327
v 16.128136 -14.909587 3.423786
v 16.125816 -14.909587 3.426101
v 16.125816 -13.048812 3.346950
v 16.128136 -13.050408 3.348626
v 16.117367 -13.147985 3.574553
v 16.117367 -13.136094 3.545853
v 16.119682 -13.138412 3.545391
v 16.119682 -13.149756 3.572779
v 16.119682 -13.138412 3.465379
v 16.117367 -13.136094 3.464918
v 16.119682 -13.149753 3.437991
v 16.117367 -13.147985 3.436218
v 16.125790 -13.149756 3.572779
v 16.125786 -13.138412 3.545391
v 16.128075 -13.136066 3.545860
v 16.128078 -13.147964 3.574572
v 16.128075 -13.136066 3.464911
v 16.125790 -13.138412 3.465379
v 16.128136 -13.147981 3.436220
v 16.125816 -13.149753 3.437991
v 16.119682 -13.177146 3.584123
v 16.117367 -13.176687 3.586438
v 16.117367 -13.309268 3.586414
v 16.119678 -13.309742 3.584101
v 16.117367 -13.335351 3.597211
v 16.119675 -13.337135 3.595437
v 16.128098 -13.176682 3.586455
v 16.125797 -13.177146 3.584123
v 16.125801 -13.309791 3.584101
v 16.128109 -13.309349 3.586433
v 16.125854 -13.337184 3.595418
v 16.128170 -13.335417 3.597201
v 16.125053 -13.342902 3.790793
v 16.134167 -13.333758 3.797548
v 16.132195 -13.331352 3.798755
v 16.123043 -13.340425 3.792042
v 16.119602 -13.348570 3.723258
v 16.119411 -13.348591 3.783028
v 16.117367 -13.346066 3.784282
v 16.117367 -13.346176 3.723749
v 16.119667 -13.348496 3.622816
v 16.117367 -13.346164 3.623289
v 16.133915 -13.339873 3.785880
v 16.140175 -13.331386 3.791617
v 16.139755 -13.334110 3.794120
v 16.131393 -13.343311 3.786907
v 16.126511 -13.349037 3.778669
v 16.128925 -13.346319 3.778027
v 16.128719 -13.346589 3.721312
v 16.126396 -13.348898 3.721770
v 16.128292 -13.346283 3.623225
v 16.125973 -13.348591 3.622766
v 16.125797 -13.177146 3.584123
v 16.125801 -13.309791 3.584101
v 16.125973 -13.348591 3.622766
v 16.126396 -13.348898 3.721770
v 16.125816 -13.348464 3.426620
v 16.125816 -13.177141 3.426643
v 16.125816 -14.909587 3.426101
v 16.125790 -13.138412 3.465379
v 16.125786 -13.138412 3.545391
v 16.125790 -13.149756 3.572779
v 16.125854 -13.337184 3.595418
v 16.139755 -13.334110 3.794120
v 16.131393 -13.343311 3.786907
v 16.126511 -13.349037 3.778669
v 16.125816 -13.149753 3.437991
v 16.126003 -13.150985 3.726164
v 16.117367 -13.150985 3.723758
v 16.131844 -13.138412 3.798784
v 16.121605 -13.138412 3.794545
v 16.117367 -13.138412 3.784311
v 16.150200 -13.015292 3.794559
v 16.160435 -13.025529 3.798797
v 16.145958 -13.011053 3.784326
v 16.145958 -13.011053 3.723763
v 16.152580 -13.017674 3.783382
v 16.153049 -13.018146 3.726859
v 16.161301 -13.026396 3.792200
v 16.155109 -13.020205 3.789632
v 16.148289 -13.013386 3.353375
v 16.145958 -13.011053 3.358472
v 16.154446 -13.019541 3.347679
v 16.299133 -13.164228 3.798755
v 16.301292 -13.166385 3.797548
v 16.303516 -13.168612 3.794635
v 16.302631 -13.167731 3.791644
v 16.154343 -13.019439 3.574570
v 16.303516 -13.168612 3.794635
v 16.145958 -13.011053 3.575392
v 16.145958 -13.011053 3.435410
v 16.154312 -13.019410 3.427889
v 16.131844 -13.054117 3.798797
v 16.121605 -13.043884 3.794559
v 16.117367 -13.039644 3.784326
v 16.117367 -13.039644 3.723763
v 16.124462 -13.046738 3.726859
v 16.123989 -13.046267 3.783382
v 16.132710 -13.054989 3.792200
v 16.126522 -13.048792 3.789632
v 16.119698 -13.041973 3.353375
v 16.117367 -13.039644 3.358472
v 16.125854 -13.048129 3.347679
v 16.272701 -13.194977 3.797548
v 16.270546 -13.192821 3.798755
v 16.274040 -13.196320 3.791644
v 16.274929 -13.197205 3.794635
v 16.125755 -13.048030 3.574570
v 16.274929 -13.197205 3.794635
v 16.117367 -13.039644 3.575392
v 16.117367 -13.039644 3.435410
v 16.125725 -13.047997 3.427889
v 16.125896 -13.019583 3.578922
v 16.125740 -13.019426 3.723763
v 16.125740 -13.019426 3.723763
v 16.125896 -13.019583 3.578922
v 16.125896 -13.019583 3.431880
v 16.125896 -13.019583 3.431880
v 16.126762 -13.020446 3.367439
v 16.126762 -13.020446 3.367439
v 16.134090 -13.027772 3.578359
v 16.133888 -13.027572 3.427389
v 16.133888 -13.027572 3.427389
v 16.134090 -13.027772 3.578359
v 16.138023 -13.031709 3.358593
v 16.138023 -13.031709 3.358593
v 16.135830 -13.029514 3.357447
v 16.135830 -13.029514 3.357447
v 16.129982 -13.023666 3.794562
v 16.140217 -13.033902 3.798799
v 16.140217 -13.033902 3.798799
v 16.129982 -13.023666 3.794562
v 16.284840 -13.178524 3.798755
v 16.284840 -13.178524 3.798755
v 16.125740 -13.019426 3.784328
v 16.125740 -13.019426 3.784328
v 16.132710 -13.026396 3.726778
v 16.132710 -13.026396 3.726778
v 16.132263 -13.025950 3.783523
v 16.132263 -13.025950 3.783523
v 16.140965 -13.034656 3.792339
v 16.134789 -13.028476 3.789771
v 16.134789 -13.028476 3.789771
v 16.140965 -13.034656 3.792339
v 16.129143 -13.022827 3.362504
v 16.129143 -13.022827 3.362504
v 16.286995 -13.180681 3.797548
v 16.286995 -13.180681 3.797548
v 16.289227 -13.182908 3.794635
v 16.289227 -13.182908 3.794635
v 16.289227 -13.182908 3.794635
v 16.288338 -13.182023 3.791644
v 16.288338 -13.182023 3.791644
v 16.289227 -13.182908 3.794635
v 16.444801 -16.796669 3.780379
v 16.246445 -16.800367 3.782272
v 16.245186 -16.797859 3.788578
v 16.437016 -16.793512 3.788361
v 16.244587 -16.791605 3.791224
v 16.435539 -16.787943 3.791608
v 16.454777 -16.805803 3.310504
v 17.541023 -16.805803 3.309982
v 17.541023 -16.808119 3.312297
v 16.454777 -16.808119 3.312819
v 16.244724 -16.805746 3.310533
v 16.245480 -16.808119 3.312787
v 16.282993 -16.808119 3.424327
v 16.454777 -16.808119 3.424306
v 16.454777 -16.805803 3.426620
v 16.283455 -16.805803 3.426643
v 17.541023 -16.805803 3.426100
v 17.541023 -16.808119 3.423786
v 16.195053 -16.805803 3.310540
v 16.195953 -16.808119 3.312856
v 16.155151 -16.805799 3.346928
v 16.156876 -16.808119 3.348482
v 16.454777 -16.799667 3.310504
v 16.244724 -16.799728 3.310533
v 16.245480 -16.797356 3.312787
v 16.454777 -16.797356 3.312819
v 16.195953 -16.797356 3.312856
v 16.195053 -16.799667 3.310540
v 17.541023 -16.799667 3.309982
v 17.541023 -16.797356 3.312297
v 16.283455 -16.799667 3.426643
v 16.454777 -16.799667 3.426620
v 16.454777 -16.797356 3.424306
v 16.282993 -16.797356 3.424327
v 17.541023 -16.797356 3.423786
v 17.541023 -16.799667 3.426100
v 16.155125 -16.799667 3.346950
v 16.156727 -16.797356 3.348626
v 16.254295 -16.808119 3.574553
v 16.242409 -16.808119 3.545853
v 16.244724 -16.805803 3.545391
v 16.256069 -16.805803 3.572779
v 16.244724 -16.805803 3.465379
v 16.242409 -16.808119 3.464918
v 16.256069 -16.805803 3.437991
v 16.254292 -16.808119 3.436218
v 16.256069 -16.799698 3.572779
v 16.244724 -16.799706 3.545391
v 16.242378 -16.797417 3.545860
v 16.254284 -16.797409 3.574572
v 16.242378 -16.797417 3.464911
v 16.244724 -16.799702 3.465379
v 16.254292 -16.797356 3.436220
v 16.256069 -16.799667 3.437991
v 16.283463 -16.805803 3.584123
v 16.283005 -16.808119 3.586438
v 16.415585 -16.808119 3.586414
v 16.416061 -16.805807 3.584101
v 16.441666 -16.808119 3.597211
v 16.443447 -16.805813 3.595437
v 16.282997 -16.797394 3.586455
v 16.283463 -16.799688 3.584123
v 16.416103 -16.799685 3.584101
v 16.415665 -16.797377 3.586433
v 16.443497 -16.799631 3.595418
v 16.441734 -16.797319 3.597201
v 16.449215 -16.800438 3.790793
v 16.440071 -16.791323 3.797548
v 16.437664 -16.793291 3.798755
v 16.446743 -16.802446 3.792042
v 16.454884 -16.805885 3.723258
v 16.454906 -16.806078 3.783028
v 16.452381 -16.808119 3.784282
v 16.452488 -16.808119 3.723749
v 16.454815 -16.805824 3.622816
v 16.452477 -16.808119 3.623289
v 16.446190 -16.791576 3.785880
v 16.437698 -16.785311 3.791617
v 16.440422 -16.785736 3.794120
v 16.449627 -16.794094 3.786907
v 16.455353 -16.798977 3.778669
v 16.452633 -16.796566 3.778027
v 16.452904 -16.796770 3.721312
v 16.455212 -16.799095 3.721770
v 16.452599 -16.797192 3.623225
v 16.454910 -16.799513 3.622766
v 16.283463 -16.799688 3.584123
v 16.416103 -16.799685 3.584101
v 16.454910 -16.799513 3.622766
v 16.455212 -16.799095 3.721770
v 16.454777 -16.799667 3.426620
v 16.283455 -16.799667 3.426643
v 17.541023 -16.799667 3.426100
v 16.244724 -16.799702 3.465379
v 16.244724 -16.799706 3.545391
v 16.256069 -16.799698 3.572779
v 16.443497 -16.799631 3.595418
v 16.440422 -16.785736 3.794120
v 16.449627 -16.794094 3.786907
v 16.455353 -16.798977 3.778669
v 16.256069 -16.799667 3.437991
v 16.257301 -16.799484 3.726164
v 16.257301 -16.808119 3.723758
v 16.244724 -16.793644 3.798784
v 16.244724 -16.803881 3.794545
v 16.244724 -16.808119 3.784311
v 16.127632 -16.680304 3.788578
v 16.125118 -16.679043 3.782272
v 16.128819 -16.480686 3.780379
v 16.131973 -16.488476 3.788361
v 16.133881 -16.680904 3.791224
v 16.137543 -16.489948 3.791608
v 16.117367 -14.909587 3.312297
v 16.119682 -14.909587 3.309982
v 16.119682 -16.470709 3.310504
v 16.117367 -16.470709 3.312819
v 16.119743 -16.680761 3.310533
v 16.117367 -16.680012 3.312787
v 16.119682 -16.470709 3.426620
v 16.117367 -16.470709 3.424306
v 16.117367 -16.642494 3.424327
v 16.119682 -16.642031 3.426643
v 16.119682 -14.909587 3.426101
v 16.117367 -14.909587 3.423786
v 16.119682 -16.730431 3.310540
v 16.117367 -16.729534 3.312856
v 16.119690 -16.770336 3.346928
v 16.117367 -16.768612 3.348482
v 16.128136 -16.680012 3.312787
v 16.125755 -16.680761 3.310533
v 16.125816 -16.470709 3.310504
v 16.128136 -16.470709 3.312819
v 16.128136 -16.729534 3.312856
v 16.125816 -16.730431 3.310540
v 16.125816 -14.909587 3.309982
v 16.128136 -14.909587 3.312297
v 16.128136 -16.470709 3.424306
v 16.125816 -16.470709 3.426620
v 16.125816 -16.642031 3.426643
v 16.128136 -16.642494 3.424327
v 16.128136 -14.909587 3.423786
v 16.125816 -14.909587 3.426101
v 16.128136 -16.768764 3.348626
v 16.125816 -16.770361 3.346950
v 16.119682 -16.680761 3.545391
v 16.117367 -16.683079 3.545853
v 16.117367 -16.671188 3.574553
v 16.119682 -16.669416 3.572779
v 16.119682 -16.680761 3.465379
v 16.117367 -16.683079 3.464918
v 16.119682 -16.669420 3.437991
v 16.117367 -16.671192 3.436218
v 16.128075 -16.683109 3.545860
v 16.125786 -16.680761 3.545391
v 16.125790 -16.669416 3.572779
v 16.128078 -16.671209 3.574572
v 16.128075 -16.683109 3.464911
v 16.125790 -16.680761 3.465379
v 16.128136 -16.671192 3.436220
v 16.125816 -16.669420 3.437991
v 16.117367 -16.642485 3.586438
v 16.119682 -16.642029 3.584123
v 16.117367 -16.509905 3.586414
v 16.119678 -16.509430 3.584101
v 16.117367 -16.483822 3.597211
v 16.119675 -16.482040 3.595437
v 16.125797 -16.642029 3.584123
v 16.128098 -16.642490 3.586455
v 16.125801 -16.509382 3.584101
v 16.128109 -16.509823 3.586433
v 16.125854 -16.481987 3.595418
v 16.128170 -16.483755 3.597201
v 16.132195 -16.487820 3.798755
v 16.134167 -16.485416 3.797548
v 16.125053 -16.476271 3.790793
v 16.123043 -16.478746 3.792042
v 16.117367 -16.473112 3.784282
v 16.119411 -16.470581 3.783028
v 16.119602 -16.470606 3.723258
v 16.117367 -16.473000 3.723749
v 16.119667 -16.470676 3.622816
v 16.117367 -16.473009 3.623289
v 16.139755 -16.485062 3.794120
v 16.140175 -16.487787 3.791617
v 16.133915 -16.479300 3.785880
v 16.131393 -16.475863 3.786907
v 16.128925 -16.472849 3.778027
v 16.126511 -16.470135 3.778669
v 16.128719 -16.472584 3.721312
v 16.126396 -16.470280 3.721770
v 16.128292 -16.472889 3.623225
v 16.125973 -16.470581 3.622766
v 16.125797 -16.642029 3.584123
v 16.125801 -16.509382 3.584101
v 16.125973 -16.470581 3.622766
v 16.126396 -16.470280 3.721770
v 16.125816 -16.470709 3.426620
v 16.125816 -16.642031 3.426643
v 16.125816 -14.909587 3.426101
v 16.125790 -16.680761 3.465379
v 16.125786 -16.680761 3.545391
v 16.125790 -16.669416 3.572779
v 16.125854 -16.481987 3.595418
v 16.139755 -16.485062 3.794120
v 16.131393 -16.475863 3.786907
v 16.126511 -16.470135 3.778669
v 16.125816 -16.669420 3.437991
v 16.126003 -16.668188 3.726164
v 16.117367 -16.668188 3.723758
v 16.131844 -16.680761 3.798784
v 16.121605 -16.680761 3.794545
v 16.117367 -16.680761 3.784311
v 16.160435 -16.793644 3.798797
v 16.150200 -16.803881 3.794559
v 16.145958 -16.808119 3.784326
v 16.145958 -16.808119 3.723763
v 16.153049 -16.801027 3.726859
v 16.152580 -16.801498 3.783382
v 16.161301 -16.792780 3.792200
v 16.155109 -16.798967 3.789632
v 16.148289 -16.805792 3.353375
v 16.145958 -16.808119 3.358472
v 16.154446 -16.799631 3.347679
v 16.301292 -16.652788 3.797548
v 16.299133 -16.654943 3.798755
v 16.302631 -16.651443 3.791644
v 16.303516 -16.650560 3.794635
v 16.154343 -16.799734 3.574570
v 16.303516 -16.650560 3.794635
v 16.145958 -16.808119 3.575392
v 16.145958 -16.808119 3.435410
v 16.154312 -16.799767 3.427889
v 16.121605 -16.775291 3.794559
v 16.131844 -16.765055 3.798797
v 16.117367 -16.779528 3.784326
v 16.117367 -16.779528 3.723763
v 16.123989 -16.772905 3.783382
v 16.124462 -16.772438 3.726859
v 16.132710 -16.764183 3.792200
v 16.126522 -16.770380 3.789632
v 16.119698 -16.777199 3.353375
v 16.117367 -16.779531 3.358472
v 16.125854 -16.771044 3.347679
v 16.270546 -16.626352 3.798755
v 16.272701 -16.624199 3.797548
v 16.274929 -16.621973 3.794635
v 16.274040 -16.622858 3.791644
v 16.125755 -16.771145 3.574570
v 16.274929 -16.621973 3.794635
v 16.117367 -16.779528 3.575392
v 16.117367 -16.779528 3.435410
v 16.125725 -16.771175 3.427889
v 16.125896 -16.799589 3.578922
v 16.125740 -16.799746 3.723763
v 16.125896 -16.799589 3.578922
v 16.125740 -16.799746 3.723763
v 16.125896 -16.799589 3.431880
v 16.125896 -16.799589 3.431880
v 16.126762 -16.798727 3.367439
v 16.126762 -16.798727 3.367439
v 16.134090 -16.791401 3.578359
v 16.133888 -16.791601 3.427389
v 16.134090 -16.791401 3.578359
v 16.133888 -16.791601 3.427389
v 16.138023 -16.787464 3.358593
v 16.138023 -16.787464 3.358593
v 16.135830 -16.789658 3.357447
v 16.135830 -16.789658 3.357447
v 16.129982 -16.795506 3.794562
v 16.140217 -16.785275 3.798799
v 16.129982 -16.795506 3.794562
v 16.140217 -16.785275 3.798799
v 16.284840 -16.640652 3.798755
v 16.284840 -16.640652 3.798755
v 16.125740 -16.799746 3.784328
v 16.125740 -16.799746 3.784328
v 16.132710 -16.792780 3.726778
v 16.132710 -16.792780 3.726778
v 16.132263 -16.793226 3.783523
v 16.132263 -16.793226 3.783523
v 16.140965 -16.784521 3.792339
v 16.134789 -16.790697 3.789771
v 16.140965 -16.784521 3.792339
v 16.134789 -16.790697 3.789771
v 16.129143 -16.796345 3.362504
v 16.129143 -16.796345 3.362504
v 16.286995 -16.638491 3.797548
v 16.286995 -16.638491 3.797548
v 16.289227 -16.636265 3.794635
v 16.289227 -16.636265 3.794635
v 16.289227 -16.636265 3.794635
v 16.288338 -16.637150 3.791644
v 16.289227 -16.636265 3.794635
v 16.288338 -16.637150 3.791644
v 18.836868 -16.797859 3.788578
v 18.835609 -16.800367 3.782272
v 18.637253 -16.796669 3.780379
v 18.645039 -16.793512 3.788361
v 18.837471 -16.791605 3.791224
v 18.646511 -16.787943 3.791608
v 17.541023 -16.808119 3.312297
v 17.541023 -16.805803 3.309982
v 18.627274 -16.805803 3.310503
v 18.627274 -16.808119 3.312819
v 18.837330 -16.805746 3.310533
v 18.836578 -16.808119 3.312787
v 18.627274 -16.805803 3.426620
v 18.627274 -16.808119 3.424306
v 18.799057 -16.808119 3.424327
v 18.798599 -16.805803 3.426643
v 17.541023 -16.805803 3.426100
v 17.541023 -16.808119 3.423786
v 18.886997 -16.805803 3.310539
v 18.886097 -16.808119 3.312855
v 18.926903 -16.805799 3.346928
v 18.925182 -16.808119 3.348482
v 18.836578 -16.797356 3.312787
v 18.837330 -16.799728 3.310533
v 18.627274 -16.799667 3.310503
v 18.627274 -16.797356 3.312819
v 18.886097 -16.797356 3.312855
v 18.886997 -16.799667 3.310539
v 17.541023 -16.799667 3.309982
v 17.541023 -16.797356 3.312297
v 18.627274 -16.797356 3.424306
v 18.627274 -16.799667 3.426620
v 18.798599 -16.799667 3.426643
v 18.799057 -16.797356 3.424327
v 17.541023 -16.797356 3.423786
v 17.541023 -16.799667 3.426100
v 18.925327 -16.797356 3.348626
v 18.926926 -16.799667 3.346950
v 18.837330 -16.805803 3.545391
v 18.839645 -16.808119 3.545853
v 18.827755 -16.808119 3.574553
v 18.825981 -16.805803 3.572778
v 18.837330 -16.805803 3.465379
v 18.839645 -16.808119 3.464918
v 18.825985 -16.805803 3.437991
v 18.827755 -16.808119 3.436218
v 18.839676 -16.797417 3.545860
v 18.837330 -16.799706 3.545391
v 18.825981 -16.799698 3.572778
v 18.827774 -16.797409 3.574572
v 18.839676 -16.797417 3.464911
v 18.837330 -16.799702 3.465379
v 18.827755 -16.797356 3.436219
v 18.825985 -16.799667 3.437991
v 18.799053 -16.808119 3.586437
v 18.798592 -16.805803 3.584123
v 18.666473 -16.808119 3.586414
v 18.665993 -16.805807 3.584100
v 18.640388 -16.808119 3.597211
v 18.638607 -16.805813 3.595437
v 18.798592 -16.799688 3.584123
v 18.799057 -16.797394 3.586455
v 18.665947 -16.799685 3.584100
v 18.666393 -16.797377 3.586432
v 18.638557 -16.799631 3.595417
v 18.640320 -16.797319 3.597201
v 18.644382 -16.793291 3.798754
v 18.641983 -16.791323 3.797548
v 18.632839 -16.800438 3.790792
v 18.635311 -16.802446 3.792042
v 18.629677 -16.808119 3.784281
v 18.627151 -16.806078 3.783028
v 18.627167 -16.805885 3.723258
v 18.629566 -16.808119 3.723749
v 18.627239 -16.805824 3.622816
v 18.629574 -16.808119 3.623289
v 18.641624 -16.785736 3.794120
v 18.644356 -16.785311 3.791617
v 18.635864 -16.791576 3.785880
v 18.632431 -16.794094 3.786906
v 18.629417 -16.796566 3.778027
v 18.626698 -16.798977 3.778669
v 18.629147 -16.796770 3.721312
v 18.626842 -16.799095 3.721770
v 18.629459 -16.797192 3.623224
v 18.627151 -16.799513 3.622766
v 18.798592 -16.799688 3.584123
v 18.665947 -16.799685 3.584100
v 18.627151 -16.799513 3.622766
v 18.626842 -16.799095 3.721770
v 18.627274 -16.799667 3.426620
v 18.798599 -16.799667 3.426643
v 17.541023 -16.799667 3.426100
v 18.837330 -16.799702 3.465379
v 18.837330 -16.799706 3.545391
v 18.825981 -16.799698 3.572778
v 18.638557 -16.799631 3.595417
v 18.641624 -16.785736 3.794120
v 18.632431 -16.794094 3.786906
v 18.626698 -16.798977 3.778669
v 18.825985 -16.799667 3.437991
v 18.824753 -16.799484 3.726164
v 18.824753 -16.808119 3.723758
v 18.837330 -16.793644 3.798784
v 18.837330 -16.803881 3.794544
v 18.837330 -16.808119 3.784311
v 18.953232 -16.480686 3.780379
v 18.956936 -16.679043 3.782272
v 18.954422 -16.680304 3.788578
v 18.950077 -16.488476 3.788361
v 18.948170 -16.680904 3.791224
v 18.944511 -16.489948 3.791608
v 18.962372 -16.470709 3.310503
v 18.962372 -14.909587 3.309982
v 18.964687 -14.909587 3.312297
v 18.964687 -16.470709 3.312819
v 18.962311 -16.680761 3.310533
v 18.964687 -16.680012 3.312787
v 18.964687 -16.642494 3.424327
v 18.964687 -16.470709 3.424306
v 18.962372 -16.470709 3.426620
v 18.962372 -16.642031 3.426643
v 18.962372 -14.909587 3.426100
v 18.964687 -14.909587 3.423786
v 18.962372 -16.730431 3.310539
v 18.964687 -16.729534 3.312855
v 18.962368 -16.770336 3.346928
v 18.964687 -16.768612 3.348482
v 18.956242 -16.470709 3.310503
v 18.956299 -16.680761 3.310533
v 18.953922 -16.680012 3.312787
v 18.953922 -16.470709 3.312819
v 18.953922 -16.729534 3.312855
v 18.956242 -16.730431 3.310539
v 18.956242 -14.909587 3.309982
v 18.953922 -14.909587 3.312297
v 18.956242 -16.642031 3.426643
v 18.956242 -16.470709 3.426620
v 18.953922 -16.470709 3.424306
v 18.953922 -16.642494 3.424327
v 18.953922 -14.909587 3.423786
v 18.956242 -14.909587 3.426100
v 18.956242 -16.770361 3.346950
v 18.953922 -16.768764 3.348626
v 18.964687 -16.671188 3.574553
v 18.964687 -16.683079 3.545853
v 18.962372 -16.680761 3.545391
v 18.962372 -16.669416 3.572778
v 18.962372 -16.680761 3.465379
v 18.964687 -16.683079 3.464918
v 18.962372 -16.669420 3.437991
v 18.964687 -16.671192 3.436218
v 18.956264 -16.669416 3.572778
v 18.956268 -16.680761 3.545391
v 18.953983 -16.683109 3.545860
v 18.953976 -16.671209 3.574572
v 18.953983 -16.683109 3.464911
v 18.956268 -16.680761 3.465379
v 18.953922 -16.671192 3.436219
v 18.956234 -16.669420 3.437991
v 18.962372 -16.642029 3.584123
v 18.964687 -16.642485 3.586437
v 18.964687 -16.509905 3.586414
v 18.962372 -16.509430 3.584100
v 18.964687 -16.483822 3.597211
v 18.962379 -16.482040 3.595437
v 18.953957 -16.642490 3.586455
v 18.956253 -16.642029 3.584123
v 18.956253 -16.509382 3.584100
v 18.953945 -16.509823 3.586432
v 18.956200 -16.481987 3.595417
v 18.953884 -16.483755 3.597201
v 18.957001 -16.476271 3.790792
v 18.947887 -16.485416 3.797548
v 18.949856 -16.487820 3.798754
v 18.959011 -16.478746 3.792042
v 18.962452 -16.470606 3.723258
v 18.962643 -16.470581 3.783028
v 18.964687 -16.473112 3.784281
v 18.964687 -16.473000 3.723749
v 18.962387 -16.470676 3.622816
v 18.964687 -16.473009 3.623289
v 18.948143 -16.479300 3.785880
v 18.941875 -16.487787 3.791617
v 18.942303 -16.485062 3.794120
v 18.950661 -16.475863 3.786906
v 18.955540 -16.470135 3.778669
v 18.953129 -16.472849 3.778027
v 18.953335 -16.472584 3.721312
v 18.955658 -16.470280 3.721770
v 18.953758 -16.472889 3.623224
v 18.956081 -16.470581 3.622766
v 18.956253 -16.642029 3.584123
v 18.956253 -16.509382 3.584100
v 18.956081 -16.470581 3.622766
v 18.955658 -16.470280 3.721770
v 18.956242 -16.470709 3.426620
v 18.956242 -16.642031 3.426643
v 18.956242 -14.909587 3.426100
v 18.956268 -16.680761 3.465379
v 18.956268 -16.680761 3.545391
v 18.956264 -16.669416 3.572778
v 18.956200 -16.481987 3.595417
v 18.942303 -16.485062 3.794120
v 18.950661 -16.475863 3.786906
v 18.955540 -16.470135 3.778669
v 18.956234 -16.669420 3.437991
v 18.956047 -16.668188 3.726164
v 18.964687 -16.668188 3.723758
v 18.950207 -16.680761 3.798784
v 18.960449 -16.680761 3.794544
v 18.964687 -16.680761 3.784311
v 18.931854 -16.803881 3.794559
v 18.921619 -16.793644 3.798797
v 18.936096 -16.808119 3.784326
v 18.936096 -16.808119 3.723763
v 18.929474 -16.801498 3.783381
v 18.929005 -16.801027 3.726859
v 18.920753 -16.792780 3.792200
v 18.926945 -16.798967 3.789632
v 18.933769 -16.805792 3.353374
v 18.936096 -16.808119 3.358472
v 18.927608 -16.799631 3.347679
v 18.782921 -16.654943 3.798754
v 18.780766 -16.652788 3.797548
v 18.778538 -16.650560 3.794635
v 18.779419 -16.651443 3.791644
v 18.927711 -16.799734 3.574569
v 18.778538 -16.650560 3.794635
v 18.936096 -16.808119 3.575392
v 18.936096 -16.808119 3.435410
v 18.927742 -16.799767 3.427889
v 18.950207 -16.765055 3.798797
v 18.960449 -16.775291 3.794559
v 18.964687 -16.779528 3.784326
v 18.964687 -16.779528 3.723763
v 18.957592 -16.772438 3.726859
v 18.958061 -16.772905 3.783381
v 18.949345 -16.764183 3.792200
v 18.955536 -16.770380 3.789632
v 18.962357 -16.777199 3.353374
v 18.964687 -16.779531 3.358472
v 18.956200 -16.771044 3.347679
v 18.809353 -16.624199 3.797548
v 18.811508 -16.626352 3.798754
v 18.808014 -16.622858 3.791644
v 18.807125 -16.621973 3.794635
v 18.956299 -16.771145 3.574569
v 18.807125 -16.621973 3.794635
v 18.964687 -16.779528 3.575392
v 18.964687 -16.779528 3.435410
v 18.956329 -16.771175 3.427889
v 18.956154 -16.799589 3.578922
v 18.956310 -16.799746 3.723763
v 18.956310 -16.799746 3.723763
v 18.956154 -16.799589 3.578922
v 18.956154 -16.799589 3.431880
v 18.956154 -16.799589 3.431880
v 18.955292 -16.798727 3.367439
v 18.955292 -16.798727 3.367439
v 18.947968 -16.791401 3.578359
v 18.948166 -16.791601 3.427389
v 18.948166 -16.791601 3.427389
v 18.947968 -16.791401 3.578359
v 18.944031 -16.787464 3.358593
v 18.944031 -16.787464 3.358593
v 18.946224 -16.789658 3.357447
v 18.946224 -16.789658 3.357447
v 18.952072 -16.795506 3.794562
v 18.941837 -16.785275 3.798799
v 18.941837 -16.785275 3.798799
v 18.952072 -16.795506 3.794562
v 18.797215 -16.640652 3.798754
v 18.797215 -16.640652 3.798754
v 18.956310 -16.799746 3.784328
v 18.956310 -16.799746 3.784328
v 18.949345 -16.792780 3.726778
v 18.949345 -16.792780 3.726778
v 18.949791 -16.793226 3.783523
v 18.949791 -16.793226 3.783523
v 18.941090 -16.784521 3.792339
v 18.947262 -16.790697 3.789771
v 18.947262 -16.790697 3.789771
v 18.941090 -16.784521 3.792339
v 18.952911 -16.796345 3.362504
v 18.952911 -16.796345 3.362504
v 18.795059 -16.638491 3.797548
v 18.795059 -16.638491 3.797548
v 18.792828 -16.636265 3.794635
v 18.792828 -16.636265 3.794635
v 18.792828 -16.636265 3.794635
v 18.793716 -16.637150 3.791644
v 18.793716 -16.637150 3.791644
v 18.792828 -16.636265 3.794635
v 18.637253 -13.022504 3.780379
v 18.835609 -13.018805 3.782272
v 18.836868 -13.021317 3.788578
v 18.645039 -13.025664 3.788361
v 18.837471 -13.027572 3.791224
v 18.646511 -13.031230 3.791608
v 18.627274 -13.013369 3.310503
v 17.541023 -13.013369 3.309982
v 17.541023 -13.011053 3.312297
v 18.627274 -13.011053 3.312819
v 18.837330 -13.013427 3.310533
v 18.836578 -13.011053 3.312787
v 18.799057 -13.011053 3.424327
v 18.627274 -13.011053 3.424306
v 18.627274 -13.013369 3.426620
v 18.798599 -13.013369 3.426643
v 17.541023 -13.013369 3.426100
v 17.541023 -13.011053 3.423786
v 18.886997 -13.013369 3.310539
v 18.886097 -13.011053 3.312855
v 18.926903 -13.013372 3.346928
v 18.925182 -13.011053 3.348482
v 18.627274 -13.019505 3.310503
v 18.837330 -13.019444 3.310533
v 18.836578 -13.021817 3.312787
v 18.627274 -13.021817 3.312819
v 18.886097 -13.021817 3.312855
v 18.886997 -13.019505 3.310539
v 17.541023 -13.019505 3.309982
v 17.541023 -13.021817 3.312297
v 18.798599 -13.019505 3.426643
v 18.627274 -13.019505 3.426620
v 18.627274 -13.021817 3.424306
v 18.799057 -13.021817 3.424327
v 17.541023 -13.021817 3.423786
v 17.541023 -13.019505 3.426100
v 18.926926 -13.019505 3.346950
v 18.925327 -13.021817 3.348626
v 18.827755 -13.011053 3.574553
v 18.839645 -13.011053 3.545853
v 18.837330 -13.013369 3.545391
v 18.825981 -13.013369 3.572778
v 18.837330 -13.013369 3.465379
v 18.839645 -13.011053 3.464918
v 18.825985 -13.013369 3.437991
v 18.827755 -13.011053 3.436218
v 18.825981 -13.019475 3.572778
v 18.837330 -13.019471 3.545391
v 18.839676 -13.021754 3.545860
v 18.827774 -13.021767 3.574572
v 18.839676 -13.021754 3.464911
v 18.837330 -13.019471 3.465379
v 18.827755 -13.021817 3.436219
v 18.825985 -13.019505 3.437991
v 18.798592 -13.013369 3.584123
v 18.799053 -13.011053 3.586437
v 18.666473 -13.011053 3.586414
v 18.665993 -13.013369 3.584100
v 18.640388 -13.011053 3.597211
v 18.638607 -13.013360 3.595437
v 18.799057 -13.021784 3.586455
v 18.798592 -13.019484 3.584123
v 18.665947 -13.019492 3.584100
v 18.666393 -13.021796 3.586432
v 18.638557 -13.019541 3.595417
v 18.640320 -13.021853 3.597201
v 18.632839 -13.018735 3.790792
v 18.641983 -13.027850 3.797548
v 18.644382 -13.025881 3.798754
v 18.635311 -13.016729 3.792042
v 18.627167 -13.013288 3.723258
v 18.627151 -13.013095 3.783028
v 18.629677 -13.011053 3.784281
v 18.629566 -13.011053 3.723749
v 18.627239 -13.013353 3.622816
v 18.629574 -13.011053 3.623289
v 18.635864 -13.027596 3.785880
v 18.644356 -13.033862 3.791617
v 18.641624 -13.033440 3.794120
v 18.632431 -13.025079 3.786906
v 18.626698 -13.020196 3.778669
v 18.629417 -13.022606 3.778027
v 18.629147 -13.022403 3.721312
v 18.626842 -13.020078 3.721770
v 18.629459 -13.021980 3.623224
v 18.627151 -13.019659 3.622766
v 18.798592 -13.019484 3.584123
v 18.665947 -13.019492 3.584100
v 18.627151 -13.019659 3.622766
v 18.626842 -13.020078 3.721770
v 18.627274 -13.019505 3.426620
v 18.798599 -13.019505 3.426643
v 17.541023 -13.019505 3.426100
v 18.837330 -13.019471 3.465379
v 18.837330 -13.019471 3.545391
v 18.825981 -13.019475 3.572778
v 18.638557 -13.019541 3.595417
v 18.641624 -13.033440 3.794120
v 18.632431 -13.025079 3.786906
v 18.626698 -13.020196 3.778669
v 18.825985 -13.019505 3.437991
v 18.824753 -13.019689 3.726164
v 18.824753 -13.011053 3.723758
v 18.837330 -13.025529 3.798784
v 18.837330 -13.015292 3.794544
v 18.837330 -13.011053 3.784311
v 18.954422 -13.138874 3.788578
v 18.956936 -13.140130 3.782272
v 18.953232 -13.338486 3.780379
v 18.950077 -13.330701 3.788361
v 18.948170 -13.138272 3.791224
v 18.944511 -13.329224 3.791608
v 18.964687 -14.909587 3.312297
v 18.962372 -14.909587 3.309982
v 18.962372 -13.348464 3.310503
v 18.964687 -13.348464 3.312819
v 18.962311 -13.138412 3.310533
v 18.964687 -13.139164 3.312787
v 18.962372 -13.348464 3.426620
v 18.964687 -13.348464 3.424306
v 18.964687 -13.176679 3.424327
v 18.962372 -13.177141 3.426643
v 18.962372 -14.909587 3.426100
v 18.964687 -14.909587 3.423786
v 18.962372 -13.088741 3.310539
v 18.964687 -13.089638 3.312855
v 18.962368 -13.048837 3.346928
v 18.964687 -13.050560 3.348482
v 18.953922 -13.139164 3.312787
v 18.956299 -13.138412 3.310533
v 18.956242 -13.348464 3.310503
v 18.953922 -13.348464 3.312819
v 18.953922 -13.089638 3.312855
v 18.956242 -13.088741 3.310539
v 18.956242 -14.909587 3.309982
v 18.953922 -14.909587 3.312297
v 18.953922 -13.348464 3.424306
v 18.956242 -13.348464 3.426620
v 18.956242 -13.177141 3.426643
v 18.953922 -13.176679 3.424327
v 18.953922 -14.909587 3.423786
v 18.956242 -14.909587 3.426100
v 18.953922 -13.050408 3.348626
v 18.956242 -13.048812 3.346950
v 18.962372 -13.138412 3.545391
v 18.964687 -13.136094 3.545853
v 18.964687 -13.147985 3.574553
v 18.962372 -13.149756 3.572778
v 18.962372 -13.138412 3.465379
v 18.964687 -13.136094 3.464918
v 18.962372 -13.149753 3.437991
v 18.964687 -13.147985 3.436218
v 18.953983 -13.136066 3.545860
v 18.956268 -13.138412 3.545391
v 18.956264 -13.149756 3.572778
v 18.953976 -13.147964 3.574572
v 18.953983 -13.136066 3.464911
v 18.956268 -13.138412 3.465379
v 18.953922 -13.147981 3.436219
v 18.956234 -13.149753 3.437991
v 18.964687 -13.176687 3.586437
v 18.962372 -13.177146 3.584123
v 18.964687 -13.309268 3.586414
v 18.962372 -13.309742 3.584100
v 18.964687 -13.335351 3.597211
v 18.962379 -13.337135 3.595437
v 18.956253 -13.177146 3.584123
v 18.953957 -13.176682 3.586455
v 18.956253 -13.309791 3.584100
v 18.953945 -13.309349 3.586432
v 18.956200 -13.337184 3.595417
v 18.953884 -13.335417 3.597201
v 18.949856 -13.331352 3.798754
v 18.947887 -13.333758 3.797548
v 18.957001 -13.342902 3.790792
v 18.959011 -13.340425 3.792042
v 18.964687 -13.346066 3.784281
v 18.962643 -13.348591 3.783028
v 18.962452 -13.348570 3.723258
v 18.964687 -13.346176 3.723749
v 18.962387 -13.348496 3.622816
v 18.964687 -13.346164 3.623289
v 18.942303 -13.334110 3.794120
v 18.941875 -13.331386 3.791617
v 18.948143 -13.339873 3.785880
v 18.950661 -13.343311 3.786906
v 18.953129 -13.346319 3.778027
v 18.955540 -13.349037 3.778669
v 18.953335 -13.346589 3.721312
v 18.955658 -13.348898 3.721770
v 18.953758 -13.346283 3.623224
v 18.956081 -13.348591 3.622766
v 18.956253 -13.177146 3.584123
v 18.956253 -13.309791 3.584100
v 18.956081 -13.348591 3.622766
v 18.955658 -13.348898 3.721770
v 18.956242 -13.348464 3.426620
v 18.956242 -13.177141 3.426643
v 18.956242 -14.909587 3.426100
v 18.956268 -13.138412 3.465379
v 18.956268 -13.138412 3.545391
v 18.956264 -13.149756 3.572778
v 18.956200 -13.337184 3.595417
v 18.942303 -13.334110 3.794120
v 18.950661 -13.343311 3.786906
v 18.955540 -13.349037 3.778669
v 18.956234 -13.149753 3.437991
v 18.956047 -13.150985 3.726164
v 18.964687 -13.150985 3.723758
v 18.950207 -13.138412 3.798784
v 18.960449 -13.138412 3.794544
v 18.964687 -13.138412 3.784311
v 18.921619 -13.025529 3.798797
v 18.931854 -13.015292 3.794559
v 18.936096 -13.011053 3.784326
v 18.936096 -13.011053 3.723763
v 18.929005 -13.018146 3.726859
v 18.929474 -13.017674 3.783381
v 18.920753 -13.026396 3.792200
v 18.926945 -13.020205 3.789632
v 18.933769 -13.013386 3.353374
v 18.936096 -13.011053 3.358472
v 18.927608 -13.019541 3.347679
v 18.780766 -13.166385 3.797548
v 18.782921 -13.164228 3.798754
v 18.779419 -13.167731 3.791644
v 18.778538 -13.168612 3.794635
v 18.927711 -13.019439 3.574569
v 18.778538 -13.168612 3.794635
v 18.936096 -13.011053 3.575392
v 18.936096 -13.011053 3.435410
v 18.927742 -13.019410 3.427889
v 18.960449 -13.043884 3.794559
v 18.950207 -13.054117 3.798797
v 18.964687 -13.039644 3.784326
v 18.964687 -13.039644 3.723763
v 18.958061 -13.046267 3.783381
v 18.957592 -13.046738 3.726859
v 18.949345 -13.054989 3.792200
v 18.955536 -13.048792 3.789632
v 18.962357 -13.041973 3.353374
v 18.964687 -13.039644 3.358472
v 18.956200 -13.048129 3.347679
v 18.811508 -13.192821 3.798754
v 18.809353 -13.194977 3.797548
v 18.807125 -13.197205 3.794635
v 18.808014 -13.196320 3.791644
v 18.956299 -13.048030 3.574569
v 18.807125 -13.197205 3.794635
v 18.964687 -13.039644 3.575392
v 18.964687 -13.039644 3.435410
v 18.956329 -13.047997 3.427889
v 18.956154 -13.019583 3.578922
v 18.956310 -13.019426 3.723763
v 18.956154 -13.019583 3.578922
v 18.956310 -13.019426 3.723763
v 18.956154 -13.019583 3.431880
v 18.956154 -13.019583 3.431880
v 18.955292 -13.020446 3.367439
v 18.955292 -13.020446 3.367439
v 18.947968 -13.027772 3.578359
v 18.948166 -13.027572 3.427389
v 18.947968 -13.027772 3.578359
v 18.948166 -13.027572 3.427389
v 18.944031 -13.031709 3.358593
v 18.944031 -13.031709 3.358593
v 18.946224 -13.029514 3.357447
v 18.946224 -13.029514 3.357447
v 18.952072 -13.023666 3.794562
v 18.941837 -13.033902 3.798799
v 18.952072 -13.023666 3.794562
v 18.941837 -13.033902 3.798799
v 18.797215 -13.178524 3.798754
v 18.797215 -13.178524 3.798754
v 18.956310 -13.019426 3.784328
v 18.956310 -13.019426 3.784328
v 18.949345 -13.026396 3.726778
v 18.949345 -13.026396 3.726778
v 18.949791 -13.025950 3.783523
v 18.949791 -13.025950 3.783523
v 18.941090 -13.034656 3.792339
v 18.947262 -13.028476 3.789771
v 18.941090 -13.034656 3.792339
v 18.947262 -13.028476 3.789771
v 18.952911 -13.022827 3.362504
v 18.952911 -13.022827 3.362504
v 18.795059 -13.180681 3.797548
v 18.795059 -13.180681 3.797548
v 18.792828 -13.182908 3.794635
v 18.792828 -13.182908 3.794635
v 18.792828 -13.182908 3.794635
v 18.793716 -13.182023 3.791644
v 18.792828 -13.182908 3.794635
v 18.793716 -13.182023 3.791644
vn -0.0000 1.0000 -0.0000
vn -0.0000 -0.0000 1.0000
vn -0.0000 -0.0000 -1.0000
vn 0.7217 0.6922 -0.0000
vn 0.9975 0.0706 -0.0000
vn -1.0000 -0.0000 -0.0000
vn -0.9975 0.0706 -0.0000
vn -0.0000 0.7071 0.7071
vn -0.0000 0.7071 -0.7071
vn 1.0000 -0.0000 -0.0000
vn -0.7218 0.6921 -0.0000
vn 0.7216 0.6923 -0.0000
vn -0.0000 0.7072 -0.7071
vn -0.7217 0.6922 -0.0000
vn -0.5132 0.7681 -0.3829
vn -0.5131 0.7681 -0.3832
vn -0.5133 0.7682 -0.3827
vn -0.5130 0.5130 -0.6882
vn -0.2777 0.6703 -0.6882
vn -0.0256 0.0618 -0.9978
vn -0.0474 0.0473 -0.9978
vn -0.7071 0.7071 -0.0088
vn -0.3826 0.9239 -0.0089
vn -0.2773 0.6702 -0.6884
vn -0.5128 0.5128 -0.6885
vn -0.0434 0.1047 -0.9936
vn -0.0802 0.0802 -0.9935
vn -0.3827 0.9239 -0.0000
vn -0.7071 0.7071 -0.0000
vn -0.9238 0.3827 -0.0088
vn -0.9239 0.3827 -0.0000
vn -1.0000 -0.0000 -0.0088
vn -0.9238 -0.3827 -0.0088
vn -0.9239 -0.3827 -0.0000
vn -0.7071 -0.7071 -0.0088
vn -0.7071 -0.7071 -0.0000
vn -0.3826 -0.9239 -0.0088
vn -0.3827 -0.9239 -0.0000
vn -0.0000 -1.0000 -0.0088
vn -0.0000 -1.0000 -0.0000
vn 0.3827 -0.9238 -0.0088
vn 0.3827 -0.9239 -0.0000
vn 0.7071 -0.7071 -0.0088
vn 0.7071 -0.7071 -0.0000
vn 0.9238 -0.3827 -0.0088
vn 0.9239 -0.3827 -0.0000
vn 1.0000 -0.0000 -0.0088
vn 0.9238 0.3827 -0.0088
vn 0.9239 0.3827 -0.0000
vn 0.7071 0.7071 -0.0088
vn 0.7071 0.7071 -0.0000
vn 0.3827 0.9238 -0.0088
vn 0.3827 0.9239 -0.0000
vn -0.0000 1.0000 -0.0088
vn -0.0072 0.0072 -0.9999
vn -0.0039 0.0093 -0.9999
vn -0.0093 0.0038 -0.9999
vn -0.0101 -0.0000 -0.9999
vn -0.0094 -0.0039 -0.9999
vn -0.0072 -0.0072 -0.9999
vn -0.0039 -0.0093 -0.9999
vn -0.0000 -0.0102 -0.9999
vn 0.0039 -0.0094 -0.9999
vn 0.0072 -0.0072 -0.9999
vn 0.0094 -0.0039 -0.9999
vn 0.0101 -0.0000 -0.9999
vn 0.0094 0.0039 -0.9999
vn 0.0072 0.0071 -0.9999
vn 0.0039 0.0093 -0.9999
vn -0.0000 0.0101 -0.9999
vn -0.3825 0.9232 -0.0368
vn -0.3825 0.9234 -0.0337
vn -0.7067 0.7067 -0.0337
vn -0.7066 0.7066 -0.0368
vn -0.9234 0.3824 -0.0337
vn -0.9233 0.3824 -0.0368
vn -0.9994 -0.0000 -0.0337
vn -0.9993 -0.0000 -0.0368
vn -0.9233 -0.3825 -0.0337
vn -0.9233 -0.3824 -0.0368
vn -0.9234 -0.3825 -0.0337
vn -0.7067 -0.7067 -0.0337
vn -0.7066 -0.7066 -0.0368
vn -0.3825 -0.9234 -0.0336
vn -0.3824 -0.9233 -0.0368
vn -0.0000 -0.9994 -0.0337
vn -0.0000 -0.9993 -0.0368
vn 0.3825 -0.9234 -0.0336
vn 0.3824 -0.9233 -0.0368
vn 0.7067 -0.7067 -0.0337
vn 0.7066 -0.7066 -0.0369
vn 0.9234 -0.3825 -0.0336
vn 0.9233 -0.3824 -0.0368
vn 0.9994 -0.0000 -0.0337
vn 0.9993 -0.0000 -0.0368
vn 0.9233 0.3825 -0.0337
vn 0.9233 0.3824 -0.0368
vn 0.7067 0.7067 -0.0337
vn 0.7066 0.7066 -0.0368
vn 0.3825 0.9233 -0.0337
vn 0.3824 0.9233 -0.0368
vn -0.0000 0.9994 -0.0337
vn -0.0000 0.9993 -0.0368
vn -0.3824 0.9231 -0.0411
vn -0.3824 0.9232 -0.0376
vn -0.7066 0.7066 -0.0376
vn -0.7065 0.7065 -0.0411
vn -0.9232 0.3824 -0.0376
vn -0.9231 0.3824 -0.0411
vn -0.9993 -0.0000 -0.0376
vn -0.9992 -0.0000 -0.0411
vn -0.9232 -0.3824 -0.0376
vn -0.9231 -0.3824 -0.0411
vn -0.7066 -0.7066 -0.0377
vn -0.7065 -0.7065 -0.0411
vn -0.3824 -0.9232 -0.0376
vn -0.3824 -0.9231 -0.0411
vn -0.0000 -0.9993 -0.0376
vn -0.0000 -0.9992 -0.0411
vn 0.3824 -0.9232 -0.0376
vn 0.3824 -0.9231 -0.0411
vn 0.7066 -0.7066 -0.0376
vn 0.7065 -0.7065 -0.0411
vn 0.9232 -0.3824 -0.0376
vn 0.9231 -0.3824 -0.0411
vn 0.9993 -0.0000 -0.0376
vn 0.9992 -0.0000 -0.0411
vn 0.9232 0.3824 -0.0376
vn 0.9231 0.3824 -0.0411
vn 0.7066 0.7066 -0.0376
vn 0.7065 0.7065 -0.0411
vn 0.3824 0.9232 -0.0376
vn 0.3823 0.9231 -0.0411
vn -0.0000 0.9993 -0.0376
vn -0.0000 0.9992 -0.0411
vn -0.0158 0.0383 -0.9991
vn -0.0293 0.0293 -0.9991
vn -0.0383 0.0158 -0.9991
vn -0.0618 0.0256 -0.9978
vn -0.0414 -0.0000 -0.9991
vn -0.0669 -0.0000 -0.9978
vn -0.0383 -0.0158 -0.9991
vn -0.0618 -0.0256 -0.9978
vn -0.0382 -0.0158 -0.9991
vn -0.0293 -0.0293 -0.9991
vn -0.0473 -0.0473 -0.9978
vn -0.0158 -0.0383 -0.9991
vn -0.0256 -0.0618 -0.9978
vn -0.0000 -0.0414 -0.9991
vn -0.0000 -0.0669 -0.9978
vn 0.0158 -0.0383 -0.9991
vn 0.0256 -0.0618 -0.9978
vn 0.0293 -0.0293 -0.9991
vn 0.0473 -0.0473 -0.9978
vn 0.0383 -0.0158 -0.9991
vn 0.0618 -0.0256 -0.9978
vn 0.0414 -0.0000 -0.9991
vn 0.0669 -0.0000 -0.9978
vn 0.0382 0.0158 -0.9991
vn 0.0618 0.0256 -0.9978
vn 0.0293 0.0293 -0.9991
vn 0.0473 0.0473 -0.9978
vn 0.0158 0.0383 -0.9991
vn 0.0256 0.0618 -0.9978
vn -0.0000 0.0414 -0.9991
vn -0.0000 0.0669 -0.9978
vn -0.0292 0.0706 -0.9971
vn -0.0540 0.0540 -0.9971
vn -0.0706 0.0292 -0.9971
vn -0.1047 0.0434 -0.9936
vn -0.0764 -0.0000 -0.9971
vn -0.1134 -0.0000 -0.9935
vn -0.0706 -0.0292 -0.9971
vn -0.1047 -0.0434 -0.9936
vn -0.0540 -0.0540 -0.9971
vn -0.0801 -0.0801 -0.9936
vn -0.0292 -0.0706 -0.9971
vn -0.0434 -0.1047 -0.9936
vn -0.0000 -0.0764 -0.9971
vn -0.0000 -0.1134 -0.9935
vn 0.0292 -0.0706 -0.9971
vn 0.0434 -0.1047 -0.9936
vn 0.0540 -0.0540 -0.9971
vn 0.0801 -0.0801 -0.9936
vn 0.0706 -0.0292 -0.9971
vn 0.1048 -0.0434 -0.9935
vn 0.0764 -0.0000 -0.9971
vn 0.1133 -0.0000 -0.9936
vn 0.0706 0.0292 -0.9971
vn 0.1047 0.0434 -0.9936
vn 0.0540 0.0540 -0.9971
vn 0.0802 0.0802 -0.9935
vn 0.0292 0.0706 -0.9971
vn 0.0434 0.1048 -0.9935
vn -0.0000 0.0764 -0.9971
vn -0.0000 0.1133 -0.9936
vn -0.2777 0.6703 -0.6881
vn -0.5131 0.5131 -0.6881
vn -0.2777 0.6704 -0.6881
vn -0.6704 0.2777 -0.6881
vn -0.7256 -0.0000 -0.6881
vn -0.6704 -0.2777 -0.6881
vn -0.6704 -0.2776 -0.6881
vn -0.5131 -0.5131 -0.6881
vn -0.2777 -0.6704 -0.6881
vn -0.0000 -0.7256 -0.6881
vn 0.2777 -0.6704 -0.6881
vn 0.5131 -0.5131 -0.6881
vn 0.6704 -0.2777 -0.6881
vn 0.6704 -0.2776 -0.6881
vn 0.7256 -0.0000 -0.6881
vn 0.6704 0.2777 -0.6881
vn 0.5131 0.5131 -0.6881
vn 0.2777 0.6704 -0.6881
vn 0.2777 0.6703 -0.6881
vn -0.0000 0.7256 -0.6881
vn -0.2586 0.6243 -0.7372
vn -0.0000 0.6761 -0.7368
vn -0.4779 0.4779 -0.7371
vn -0.6244 0.2587 -0.7370
vn -0.6757 -0.0001 -0.7372
vn -0.6242 -0.2586 -0.7372
vn -0.4779 -0.4779 -0.7371
vn -0.2588 -0.6247 -0.7367
vn -0.0000 -0.6760 -0.7369
vn 0.2588 -0.6248 -0.7367
vn 0.4778 -0.4778 -0.7372
vn 0.6242 -0.2586 -0.7372
vn 0.6758 -0.0000 -0.7371
vn 0.6241 0.2586 -0.7373
vn 0.4779 0.4779 -0.7371
vn 0.2586 0.6243 -0.7371
vn -0.2586 0.6245 -0.7370
vn -0.0000 0.6762 -0.7367
vn -0.4780 0.4780 -0.7369
vn -0.6757 -0.0000 -0.7372
vn -0.6243 -0.2586 -0.7371
vn -0.4782 -0.4783 -0.7365
vn -0.2586 -0.6245 -0.7369
vn -0.0000 -0.6759 -0.7370
vn 0.2589 -0.6248 -0.7366
vn 0.4779 -0.4779 -0.7371
vn 0.6762 -0.0000 -0.7367
vn 0.6244 0.2587 -0.7370
vn 0.2587 0.6245 -0.7369
vn -0.6703 0.2776 -0.6882
vn -0.7253 -0.0000 -0.6884
vn -0.6703 -0.2777 -0.6882
vn -0.2776 -0.6703 -0.6882
vn -0.0000 -0.7255 -0.6882
vn 0.2774 -0.6699 -0.6887
vn 0.5125 -0.5126 -0.6889
vn 0.6701 -0.2776 -0.6884
vn 0.7253 -0.0000 -0.6884
vn 0.6703 0.2776 -0.6882
vn 0.5126 0.5126 -0.6888
vn 0.2777 0.6703 -0.6882
vn -0.0000 0.7256 -0.6882
vn -0.6703 0.2777 -0.6882
vn -0.7254 -0.0000 -0.6883
vn -0.6703 -0.2776 -0.6882
vn -0.5130 -0.5130 -0.6882
vn -0.0000 -0.7252 -0.6885
vn 0.2776 -0.6701 -0.6884
vn 0.5130 -0.5130 -0.6883
vn 0.7254 -0.0000 -0.6883
vn 0.6702 0.2775 -0.6884
vn 0.5129 0.5129 -0.6884
vn -0.0000 0.7255 -0.6882
vn -0.2776 -0.6702 -0.6883
vn -0.3825 -0.9233 -0.0337
vn -0.7067 -0.7067 -0.0336
vn -0.3827 -0.9238 -0.0088
vn -0.5128 -0.5128 -0.6886
vn -0.0434 -0.1048 -0.9935
vn -0.0802 -0.0802 -0.9935
vn -0.9238 -0.3827 -0.0089
vn -0.9239 -0.3827 -0.0001
vn -0.3827 0.9238 -0.0088
vn 0.3827 0.9238 -0.0089
vn 0.7071 0.7071 -0.0089
vn -0.0072 -0.0071 -0.9999
vn -0.0038 -0.0093 -0.9999
vn -0.0094 0.0039 -0.9999
vn -0.0000 0.0102 -0.9999
vn 0.0071 0.0072 -0.9999
vn 0.0093 0.0038 -0.9999
vn 0.0094 -0.0038 -0.9999
vn 0.0071 -0.0072 -0.9999
vn 0.0039 -0.0093 -0.9999
vn -0.0000 -0.0101 -0.9999
vn -0.7066 -0.7067 -0.0368
vn -0.9234 0.3825 -0.0337
vn -0.9232 0.3825 -0.0368
vn -0.3825 0.9233 -0.0336
vn -0.3824 0.9233 -0.0369
vn -0.0000 0.9994 -0.0336
vn 0.7067 0.7067 -0.0336
vn 0.7067 0.7066 -0.0369
vn 0.9234 -0.3824 -0.0336
vn 0.9232 -0.3825 -0.0368
vn 0.7066 -0.7066 -0.0368
vn 0.3825 -0.9233 -0.0337
vn -0.0000 -0.9993 -0.0369
vn -0.7066 -0.7066 -0.0376
vn -0.3825 -0.9232 -0.0376
vn -0.7065 -0.7066 -0.0411
vn -0.9231 -0.3823 -0.0411
vn -0.9992 0.0001 -0.0411
vn -0.9231 0.3823 -0.0411
vn -0.3823 0.9231 -0.0411
vn 0.3824 0.9231 -0.0411
vn 0.7066 0.7066 -0.0377
vn 0.9231 0.3823 -0.0411
vn 0.9992 0.0001 -0.0411
vn 0.3825 -0.9231 -0.0411
vn -0.0001 -0.9992 -0.0411
vn -0.0383 -0.0159 -0.9991
vn -0.0619 -0.0256 -0.9978
vn -0.0383 0.0159 -0.9991
vn -0.0473 0.0473 -0.9978
vn 0.0158 0.0382 -0.9991
vn 0.0474 0.0473 -0.9978
vn 0.0383 0.0158 -0.9991
vn 0.0382 -0.0158 -0.9991
vn 0.0619 -0.0256 -0.9978
vn 0.0159 -0.0383 -0.9991
vn -0.1048 -0.0434 -0.9935
vn -0.0802 0.0801 -0.9936
vn -0.0000 0.1134 -0.9935
vn 0.0292 0.0705 -0.9971
vn 0.0433 0.1047 -0.9936
vn 0.0801 0.0801 -0.9936
vn 0.0705 0.0292 -0.9971
vn 0.1048 0.0434 -0.9936
vn 0.1134 -0.0000 -0.9935
vn 0.1047 -0.0434 -0.9936
vn 0.0801 -0.0802 -0.9936
vn 0.0434 -0.1048 -0.9935
vn -0.0000 -0.0763 -0.9971
vn -0.0000 -0.1133 -0.9936
vn -0.2777 -0.6703 -0.6881
vn -0.6703 -0.2777 -0.6881
vn -0.6704 0.2776 -0.6881
vn 0.2776 0.6704 -0.6881
vn -0.2586 -0.6243 -0.7372
vn -0.4779 -0.4778 -0.7371
vn -0.6243 -0.2586 -0.7372
vn -0.6760 -0.0000 -0.7369
vn -0.6243 0.2586 -0.7371
vn -0.4779 0.4779 -0.7370
vn -0.2586 0.6242 -0.7372
vn -0.0000 0.6756 -0.7372
vn 0.4778 0.4778 -0.7372
vn 0.6244 0.2585 -0.7371
vn 0.6244 -0.2587 -0.7371
vn 0.4778 -0.4778 -0.7371
vn 0.2586 -0.6243 -0.7372
vn -0.2587 -0.6248 -0.7367
vn -0.0000 -0.6762 -0.7367
vn -0.4778 -0.4778 -0.7372
vn -0.6756 -0.0000 -0.7372
vn -0.6246 0.2587 -0.7369
vn -0.4779 0.4781 -0.7369
vn -0.2588 0.6249 -0.7366
vn 0.2589 0.6246 -0.7368
vn 0.4781 0.4781 -0.7368
vn 0.6243 0.2586 -0.7371
vn 0.6761 -0.0000 -0.7368
vn 0.6243 -0.2586 -0.7371
vn 0.4779 -0.4779 -0.7370
vn 0.2589 -0.6247 -0.7367
vn -0.2776 0.6702 -0.6883
vn -0.0000 0.7253 -0.6885
vn 0.2774 0.6699 -0.6886
vn 0.5129 0.5129 -0.6883
vn 0.6703 0.2777 -0.6882
vn 0.6703 -0.2777 -0.6881
vn 0.5129 -0.5129 -0.6884
vn -0.0000 -0.7254 -0.6883
vn -0.5129 0.5130 -0.6883
vn 0.2776 0.6701 -0.6884
vn 0.5130 0.5130 -0.6883
vn 0.6702 0.2776 -0.6883
vn 0.6702 -0.2776 -0.6883
vn 0.5127 -0.5128 -0.6887
vn -0.5893 0.7054 0.3938
vn -0.5894 0.7055 0.3936
vn -0.5893 0.7054 0.3939
vn -0.5894 0.7053 0.3939
vn -0.0900 0.9719 0.2174
vn -0.1663 0.9719 0.1663
vn -0.7071 0.0036 0.7071
vn -0.3827 0.0036 0.9239
vn -0.0000 0.9719 0.2353
vn 0.0001 0.0036 1.0000
vn -1.0000 0.0036 -0.0000
vn -0.9239 0.0036 0.3827
vn -0.2174 0.9719 0.0900
vn -0.2352 0.9719 -0.0000
vn 0.0900 0.9719 0.2173
vn 0.3827 0.0036 0.9239
vn -0.9239 0.0036 -0.3827
vn -0.2173 0.9719 -0.0900
vn 0.1663 0.9719 0.1664
vn 0.7071 0.0036 0.7071
vn -0.7071 0.0036 -0.7071
vn -0.1663 0.9720 -0.1663
vn 0.2173 0.9719 0.0900
vn 0.9239 0.0036 0.3827
vn -0.3826 0.0036 -0.9239
vn -0.0900 0.9719 -0.2173
vn 0.2352 0.9719 -0.0000
vn 1.0000 0.0036 0.0001
vn -0.0000 0.0036 -1.0000
vn 0.0001 0.9719 -0.2352
vn 0.2173 0.9719 -0.0900
vn 0.9239 0.0035 -0.3827
vn 0.3827 0.0035 -0.9239
vn 0.0900 0.9719 -0.2173
vn 0.1663 0.9719 -0.1663
vn 0.7071 0.0036 -0.7071
vn 0.3827 -0.0000 -0.9239
vn 0.7070 -0.0000 -0.7072
vn 0.9239 -0.0000 -0.3827
vn 0.9238 -0.0000 -0.3828
vn -0.3827 -0.0000 -0.9239
vn 0.9238 -0.0000 0.3828
vn -0.7071 -0.0000 -0.7071
vn 0.7071 -0.0000 0.7071
vn -0.9239 -0.0000 -0.3826
vn -0.9239 -0.0000 -0.3827
vn 0.3827 -0.0000 0.9239
vn -0.9238 -0.0000 0.3829
vn -0.9237 -0.0000 0.3830
vn -0.3826 -0.0000 0.9239
vn -0.7072 -0.0000 0.7070
vn -0.3666 0.2866 0.8851
vn -0.6775 0.2865 0.6775
vn -0.7042 -0.0908 0.7042
vn -0.3806 -0.0908 0.9202
vn -0.9201 -0.0909 0.3811
vn -0.8852 0.2865 0.3666
vn -0.9959 -0.0910 -0.0000
vn -0.9581 0.2864 -0.0000
vn 0.1023 0.9939 -0.0424
vn 0.0783 0.9938 -0.0783
vn 0.4669 0.7509 -0.4669
vn 0.6101 0.7510 -0.2527
vn 0.2528 0.7509 -0.6101
vn 0.0424 0.9938 -0.1023
vn 0.1108 0.9938 -0.0000
vn 0.6604 0.7509 -0.0001
vn -0.0000 0.7509 -0.6604
vn -0.0000 0.9938 -0.1108
vn -0.0000 0.2866 0.9580
vn -0.0001 -0.0908 0.9959
vn -0.2527 0.7509 -0.6101
vn -0.0424 0.9938 -0.1024
vn 0.3666 0.2865 0.8852
vn 0.3811 -0.0908 0.9201
vn -0.4670 0.7510 -0.4669
vn -0.0424 0.9938 -0.1023
vn -0.0783 0.9938 -0.0783
vn 0.6775 0.2865 0.6775
vn 0.3666 0.2866 0.8851
vn 0.7039 -0.0909 0.7044
vn -0.6101 0.7510 -0.2527
vn -0.1024 0.9938 -0.0424
vn 0.8852 0.2865 0.3666
vn 0.9202 -0.0909 0.3806
vn -0.6604 0.7509 -0.0000
vn -0.1108 0.9938 -0.0000
vn 0.9581 0.2865 -0.0000
vn 0.9959 -0.0909 -0.0003
vn -0.6101 0.7509 0.2527
vn -0.1024 0.9938 0.0424
vn 0.8852 0.2865 -0.3666
vn 0.9201 -0.0909 -0.3809
vn -0.4669 0.7510 0.4669
vn -0.0783 0.9938 0.0784
vn 0.6774 0.2865 -0.6775
vn 0.7041 -0.0909 -0.7043
vn -0.2528 0.7509 0.6101
vn -0.0424 0.9938 0.1023
vn 0.3666 0.2866 -0.8851
vn 0.3804 -0.0908 -0.9204
vn -0.0000 0.7509 0.6605
vn -0.0000 0.9938 0.1108
vn -0.0000 0.2866 -0.9581
vn -0.0000 -0.0908 -0.9959
vn 0.2528 0.7509 0.6101
vn 0.0424 0.9939 0.1023
vn -0.3666 0.2866 -0.8851
vn -0.3809 -0.0908 -0.9201
vn 0.4669 0.7509 0.4670
vn 0.0783 0.9938 0.0784
vn -0.6774 0.2865 -0.6775
vn -0.7043 -0.0909 -0.7041
vn 0.6101 0.7509 0.2527
vn 0.1023 0.9938 0.0424
vn -0.8852 0.2865 -0.3666
vn -0.9201 -0.0909 -0.3809
vn -0.0000 0.9982 0.0604
vn -0.0231 0.9982 0.0558
vn -0.3037 0.6085 0.7331
vn -0.0000 0.6085 0.7936
vn -0.5611 0.6085 0.5611
vn -0.0427 0.9982 0.0427
vn -0.7332 0.6085 0.3037
vn -0.0558 0.9982 0.0232
vn -0.0000 0.3602 -0.9329
vn 0.3570 0.3602 -0.8619
vn 0.0178 0.9989 -0.0430
vn 0.0001 0.9989 -0.0466
vn 0.0330 0.9989 -0.0330
vn 0.6596 0.3602 -0.6596
vn 0.0431 0.9989 -0.0178
vn 0.8618 0.3603 -0.3570
vn -0.7936 0.6085 -0.0000
vn -0.0604 0.9982 -0.0000
vn 0.0466 0.9989 -0.0000
vn 0.9328 0.3603 -0.0000
vn 0.0231 0.9982 0.0558
vn 0.3037 0.6086 0.7331
vn -0.3570 0.3602 -0.8619
vn -0.0178 0.9989 -0.0431
vn -0.7331 0.6085 -0.3037
vn -0.0558 0.9982 -0.0232
vn 0.0430 0.9989 0.0178
vn 0.8618 0.3603 0.3570
vn 0.0427 0.9982 0.0427
vn 0.5611 0.6086 0.5611
vn -0.6596 0.3602 -0.6597
vn -0.0330 0.9989 -0.0329
vn -0.5611 0.6086 -0.5611
vn -0.0427 0.9982 -0.0427
vn 0.0329 0.9989 0.0329
vn 0.6596 0.3602 0.6597
vn 0.0558 0.9982 0.0231
vn 0.7331 0.6085 0.3036
vn -0.8618 0.3603 -0.3570
vn -0.0431 0.9989 -0.0178
vn -0.3037 0.6086 -0.7331
vn -0.0231 0.9982 -0.0558
vn 0.0178 0.9989 0.0431
vn 0.3570 0.3602 0.8619
vn 0.0604 0.9982 -0.0000
vn 0.7936 0.6085 -0.0000
vn -0.9328 0.3603 -0.0000
vn -0.0466 0.9989 -0.0001
vn -0.0000 0.6085 -0.7936
vn -0.0000 0.9982 -0.0604
vn -0.0000 0.9989 0.0466
vn -0.0000 0.3602 0.9329
vn 0.0558 0.9982 -0.0231
vn 0.7331 0.6085 -0.3037
vn -0.8618 0.3603 0.3570
vn -0.0431 0.9989 0.0178
vn 0.3037 0.6086 -0.7331
vn 0.0232 0.9982 -0.0558
vn -0.0179 0.9989 0.0431
vn -0.3570 0.3601 0.8619
vn 0.0427 0.9982 -0.0427
vn 0.5611 0.6086 -0.5611
vn -0.6596 0.3602 0.6597
vn -0.0331 0.9989 0.0328
vn -0.3610 0.3312 0.8718
vn -0.6672 0.3311 0.6673
vn -0.3312 0.8835 0.3312
vn -0.1792 0.8836 0.4327
vn -0.4327 0.8836 0.1792
vn -0.8718 0.3310 0.3611
vn -0.4683 0.8836 -0.0000
vn -0.9436 0.3311 -0.0000
vn 0.1185 0.9508 -0.2861
vn 0.2190 0.9508 -0.2190
vn 0.4916 0.7188 -0.4915
vn 0.2660 0.7188 -0.6423
vn 0.6422 0.7188 -0.2661
vn 0.2862 0.9508 -0.1186
vn 0.6952 0.7188 -0.0000
vn 0.3098 0.9508 -0.0000
vn -0.0000 0.9509 -0.3096
vn -0.0000 0.7187 -0.6953
vn -0.0000 0.3311 0.9436
vn -0.0000 0.8836 0.4682
vn -0.1185 0.9508 -0.2861
vn -0.2660 0.7188 -0.6423
vn 0.3611 0.3312 0.8717
vn 0.1792 0.8836 0.4326
vn -0.2190 0.9508 -0.2190
vn -0.4916 0.7189 -0.4915
vn 0.6672 0.3311 0.6673
vn 0.3312 0.8835 0.3312
vn -0.2862 0.9508 -0.1185
vn -0.6423 0.7188 -0.2660
vn 0.8718 0.3310 0.3611
vn 0.4327 0.8836 0.1792
vn -0.3097 0.9508 -0.0000
vn -0.6952 0.7188 -0.0000
vn 0.9436 0.3311 -0.0000
vn 0.4683 0.8836 -0.0000
vn -0.2862 0.9508 0.1185
vn -0.6423 0.7188 0.2660
vn 0.8718 0.3310 -0.3611
vn 0.4326 0.8836 -0.1792
vn -0.2190 0.9508 0.2190
vn -0.4916 0.7189 0.4915
vn 0.6672 0.3311 -0.6673
vn 0.3312 0.8835 -0.3312
vn -0.1185 0.9508 0.2861
vn -0.2660 0.7188 0.6423
vn 0.3611 0.3312 -0.8717
vn 0.1792 0.8836 -0.4326
vn -0.0000 0.9509 0.3096
vn -0.0000 0.7188 0.6952
vn -0.0000 0.3311 -0.9436
vn -0.0000 0.8836 -0.4682
vn 0.1185 0.9508 0.2861
vn 0.2660 0.7188 0.6423
vn -0.3611 0.3312 -0.8717
vn -0.1792 0.8836 -0.4326
vn 0.2190 0.9508 0.2191
vn 0.4915 0.7188 0.4916
vn -0.6672 0.3311 -0.6673
vn -0.3312 0.8835 -0.3312
vn 0.2862 0.9508 0.1185
vn 0.6422 0.7188 0.2661
vn -0.8718 0.3310 -0.3610
vn -0.4326 0.8836 -0.1792
vn 0.7071 -0.0000 -0.7071
vn -0.9238 -0.0000 -0.3829
vn -0.3827 -0.0000 0.9239
vn -0.7071 -0.0000 0.7071
vn -0.9238 -0.0000 0.3828
vn 0.3826 -0.0000 0.9239
vn -0.9238 -0.0000 -0.3828
vn 0.9239 -0.0000 0.3827
vn -0.5873 0.7078 0.3925
vn -0.5873 0.7079 0.3924
vn -0.0901 0.9719 0.2174
vn -0.3826 0.0036 0.9239
vn -0.0000 0.0036 1.0000
vn -0.2352 0.9719 -0.0001
vn -0.9239 0.0036 -0.3826
vn -0.2174 0.9719 -0.0900
vn 0.1663 0.9719 0.1663
vn 0.0900 0.9719 0.2174
vn 0.7072 0.0036 0.7070
vn -0.1663 0.9719 -0.1663
vn 0.2173 0.9720 0.0900
vn 0.9239 0.0036 0.3826
vn -0.3827 0.0036 -0.9239
vn -0.0000 0.9719 -0.2352
vn 0.9239 0.0036 -0.3826
vn 0.3827 0.0036 -0.9239
vn 0.1664 0.9719 -0.1663
vn 0.9239 -0.0000 -0.3826
vn -0.7071 -0.0000 -0.7072
vn -0.7070 -0.0000 -0.7072
vn 0.3828 -0.0000 0.9238
vn -0.9239 -0.0000 0.3826
vn -0.7071 -0.0000 0.7072
vn -0.7042 -0.0908 0.7041
vn -0.3806 -0.0908 0.9203
vn -0.9959 -0.0909 -0.0000
vn 0.0783 0.9939 -0.0783
vn 0.4670 0.7509 -0.4670
vn 0.6102 0.7509 -0.2525
vn 0.0424 0.9939 -0.1023
vn -0.0000 0.2866 0.9581
vn -0.0000 -0.0908 0.9959
vn -0.2528 0.7509 -0.6101
vn -0.0783 0.9938 -0.0784
vn 0.7044 -0.0909 0.7040
vn -0.6101 0.7509 -0.2527
vn -0.1023 0.9938 -0.0424
vn 0.9203 -0.0910 0.3806
vn -0.1108 0.9938 0.0001
vn -0.1023 0.9938 0.0424
vn 0.7047 -0.0909 -0.7037
vn 0.3816 -0.0908 -0.9199
vn -0.0000 0.9939 0.1107
vn 0.0001 -0.0908 -0.9959
vn 0.0424 0.9938 0.1023
vn -0.3808 -0.0908 -0.9202
vn 0.0783 0.9939 0.0783
vn -0.7039 -0.0909 -0.7044
vn 0.1023 0.9939 0.0424
vn -0.9202 -0.0909 -0.3808
vn -0.3037 0.6086 0.7331
vn -0.0000 0.6085 0.7935
vn -0.5611 0.6086 0.5611
vn -0.0558 0.9982 0.0231
vn -0.0000 0.9989 -0.0466
vn 0.0431 0.9989 -0.0179
vn -0.0179 0.9989 -0.0431
vn -0.7332 0.6085 -0.3037
vn -0.0558 0.9982 -0.0231
vn 0.0431 0.9989 0.0178
vn 0.5611 0.6085 0.5611
vn -0.0178 0.9989 -0.0430
vn -0.0329 0.9989 -0.0330
vn 0.0330 0.9989 0.0329
vn 0.7332 0.6085 0.3037
vn -0.3037 0.6085 -0.7331
vn -0.0466 0.9989 -0.0000
vn -0.0000 0.6085 -0.7935
vn -0.0002 0.9982 -0.0604
vn 0.7332 0.6085 -0.3037
vn -0.0430 0.9989 0.0179
vn 0.3037 0.6085 -0.7331
vn 0.0231 0.9982 -0.0558
vn -0.0178 0.9989 0.0431
vn -0.3570 0.3602 0.8619
vn 0.5611 0.6085 -0.5611
vn -0.0330 0.9989 0.0329
vn 0.1185 0.9509 -0.2860
vn 0.2191 0.9508 -0.2190
vn 0.6423 0.7188 -0.2661
vn 0.2862 0.9508 -0.1185
vn -0.0000 0.7188 -0.6952
vn -0.0000 0.8836 0.4683
vn -0.1186 0.9508 -0.2861
vn -0.6422 0.7189 -0.2660
vn -0.3098 0.9508 -0.0000
vn -0.6422 0.7189 0.2660
vn 0.8718 0.3311 -0.3611
vn 0.4327 0.8836 -0.1792
vn -0.2660 0.7189 0.6422
vn 0.1792 0.8836 -0.4327
vn -0.3611 0.3312 -0.8718
vn 0.2862 0.9508 0.1186
vn -0.8718 0.3310 -0.3611
vn -0.4327 0.8836 -0.1792
vn 0.3828 -0.0000 -0.9238
vn -0.9239 -0.0000 0.3827
vn 0.7072 -0.0000 0.7070
vn 0.9239 -0.0000 0.3826
vn -0.5295 0.7800 0.3334
vn -0.3630 0.8344 0.4147
vn -0.2339 0.9723 0.0037
vn -0.3596 0.9313 -0.0583
vn -0.0041 0.9253 -0.3792
vn -0.1719 0.8705 -0.4611
vn 0.8585 0.2874 0.4248
vn 0.8599 0.2877 0.4217
vn 0.3430 0.7510 0.5642
vn 0.3095 0.7643 0.5658
vn 0.3095 0.7642 0.5658
vn 0.3431 0.7510 0.5642
vn -0.3652 0.8322 0.4172
vn -0.0189 0.9176 -0.3970
vn 0.5736 0.8188 0.0228
vn 0.4187 0.9008 -0.1151
vn 0.4187 0.9008 -0.1152
vn 0.8611 0.2938 0.4149
vn -0.1480 0.8756 -0.4599
vn 0.4193 0.3923 -0.8187
vn 0.1966 0.3225 -0.9259
vn 0.5673 -0.3962 -0.7220
vn 0.4396 -0.4379 -0.7842
vn 0.8619 0.2811 0.4221
vn 0.8692 0.2756 0.4105
vn 0.8635 0.2824 0.4179
vn 0.8618 0.2805 0.4227
vn 0.8620 0.2810 0.4220
vn 0.5867 -0.3969 -0.7059
vn 0.9052 -0.1855 -0.3823
vn 0.9773 -0.0801 -0.1959
vn 0.8653 0.2756 0.4187
vn -0.3959 -0.3668 0.8419
vn -0.2377 -0.3146 0.9190
vn -0.4422 0.3001 0.8452
vn -0.5513 0.2607 0.7925
vn -0.5291 0.7787 0.3372
vn 0.4139 -0.0287 0.9099
vn 0.4053 -0.0456 0.9130
vn 0.4138 -0.0287 0.9099
vn -0.2322 -0.3301 0.9149
vn -0.3901 -0.3807 0.8384
vn -0.2336 -0.3300 0.9146
vn -0.2321 -0.3298 0.9151
vn -0.3910 -0.3816 0.8376
vn -0.3900 -0.3813 0.8382
vn 0.8646 0.2736 0.4214
vn 0.4045 -0.0437 0.9135
vn 0.4216 -0.0462 0.9056
vn 0.4046 -0.0437 0.9135
vn -0.2269 -0.3452 0.9107
vn 0.4192 -0.4516 -0.7876
vn 0.5303 -0.7378 -0.4176
vn 0.4045 -0.7790 -0.4791
vn 0.4172 -0.9087 -0.0155
vn 0.2496 -0.9635 -0.0972
vn 0.4162 -0.9092 -0.0119
vn 0.8656 -0.4183 0.2754
vn 0.8524 -0.4503 0.2658
vn 0.8656 -0.4183 0.2753
vn 0.2495 -0.9639 -0.0934
vn 0.0703 -0.8313 0.5514
vn -0.0377 -0.8681 0.4949
vn -0.3833 -0.3962 0.8343
vn -0.5565 0.5835 -0.5915
vn -0.6909 0.4095 -0.5958
vn -0.8635 -0.2689 -0.4268
vn -0.8648 -0.2751 -0.4200
vn -0.8593 -0.2874 -0.4230
vn -0.8554 -0.2871 -0.4311
vn -0.0747 -0.5048 -0.8600
vn -0.2927 -0.4957 -0.8177
vn -0.8629 -0.2817 -0.4196
vn -0.8613 -0.2800 -0.4239
vn -0.8630 -0.2821 -0.4191
vn -0.8628 -0.2819 -0.4197
vn -0.8601 -0.2892 -0.4203
vn -0.4039 -0.8465 -0.3468
vn -0.3856 -0.8581 -0.3390
vn -0.8662 -0.2755 -0.4170
vn -0.8315 -0.4516 0.3236
vn -0.8449 -0.4406 0.3033
vn -0.8391 -0.4494 0.3066
vn -0.8397 -0.4596 0.2893
vn -0.9417 0.3303 -0.0638
vn -0.9334 0.3563 -0.0420
vn 0.2374 0.9474 0.2146
vn 0.8829 0.4334 -0.1809
vn 0.1334 0.4068 0.9037
vn 0.1335 0.4068 0.9037
vn 0.3885 -0.0537 0.9199
vn 0.8715 -0.4711 -0.1359
vn 0.8716 -0.4711 -0.1358
vn 0.5358 -0.4965 0.6830
vn 0.5358 -0.4965 0.6829
vn -0.5053 -0.0012 -0.8629
vn -0.1039 -0.7861 -0.6093
vn -0.8310 -0.4516 0.3249
vn -0.4746 -0.8671 0.1516
vn -0.7309 0.6293 -0.2641
vn -0.9026 0.0310 0.4293
vn -0.0888 -0.0300 -0.9956
vn -0.1404 -0.0485 -0.9889
vn -0.3594 0.6216 -0.6960
vn -0.3015 0.6427 -0.7043
vn -0.3628 0.9319 0.0015
vn -0.3114 0.9503 -0.0054
vn -0.9390 -0.3401 0.0512
vn -0.9390 -0.3400 0.0512
vn -0.6536 -0.2349 -0.7194
vn -0.6508 -0.2373 -0.7212
vn -0.1387 -0.0525 -0.9889
vn -0.9308 -0.3437 0.1247
vn -0.9552 -0.2686 0.1243
vn -0.9422 -0.3184 0.1043
vn -0.9304 -0.3426 0.1300
vn -0.9304 -0.3427 0.1301
vn -0.9322 -0.3376 0.1308
vn -0.3626 0.9319 0.0045
vn -0.8303 0.5525 0.0733
vn -0.8314 0.5505 0.0758
vn -0.9552 -0.2686 0.1244
vn 0.3692 -0.9293 -0.0053
vn 0.3178 -0.9482 0.0015
vn 0.1218 -0.7072 -0.6964
vn 0.1799 -0.6867 -0.7044
vn 0.1799 -0.6867 -0.7043
vn -0.0874 -0.0339 -0.9956
vn -0.9057 -0.4052 0.1244
vn -0.9058 -0.4052 0.1243
vn -0.2864 -0.9553 0.0735
vn -0.2837 -0.9559 0.0755
vn 0.3184 -0.9479 0.0045
vn -0.9322 -0.3375 0.1307
vn -0.9280 -0.3579 0.1034
vn -0.9341 -0.3325 0.1301
vn -0.9350 -0.3320 0.1247
vn -0.3110 0.9504 -0.0024
vn -0.1936 0.6812 0.7061
vn -0.1358 0.7027 0.6985
vn -0.1357 0.7027 0.6985
vn -0.1936 0.6812 0.7060
vn 0.0943 0.0365 0.9949
vn 0.1456 0.0549 0.9878
vn -0.9336 -0.3381 0.1186
vn -0.9218 -0.3337 0.1975
vn -0.9370 -0.3174 0.1458
vn -0.9317 -0.3431 0.1192
vn -0.9308 -0.3436 0.1247
vn 0.0955 0.0323 0.9949
vn -0.4639 -0.1663 0.8702
vn -0.4649 -0.1700 0.8689
vn -0.9217 -0.3338 0.1975
vn 0.1470 0.0510 0.9878
vn 0.2875 -0.6475 0.7057
vn 0.3456 -0.6267 0.6984
vn 0.3456 -0.6267 0.6985
vn 0.2875 -0.6476 0.7057
vn 0.3696 -0.9292 -0.0024
vn -0.9350 -0.3320 0.1246
vn -0.9228 -0.3569 0.1449
vn -0.9354 -0.3329 0.1192
vn -0.9228 -0.3570 0.1450
vn -0.9336 -0.3380 0.1186
vn -0.2190 -0.9733 0.0685
vn -0.2665 -0.9609 0.0745
vn -0.4210 -0.6837 0.5960
vn -0.3774 -0.6893 0.6184
vn -0.4211 -0.6837 0.5960
vn -0.4495 -0.1657 0.8778
vn -0.4064 -0.1486 0.9015
vn -0.7182 -0.6863 0.1151
vn -0.7182 -0.6866 0.1133
vn -0.2668 -0.9611 0.0708
vn -0.4504 -0.1602 0.8783
vn -0.8075 -0.2937 0.5115
vn -0.8083 -0.2913 0.5116
vn -0.4070 -0.1459 0.9017
vn -0.7630 0.2632 0.5904
vn -0.7346 0.2988 0.6092
vn -0.7630 0.2633 0.5903
vn -0.8199 0.5676 0.0744
vn -0.7914 0.6074 0.0685
vn -0.8204 0.5674 0.0708
vn -0.9911 0.0674 0.1151
vn -0.9913 0.0670 0.1133
vn -0.7916 0.6074 0.0666
vn -0.8820 0.2204 -0.4166
vn -0.8590 0.2537 -0.4446
vn -0.8590 0.2538 -0.4446
vn -0.6401 -0.2289 -0.7334
vn -0.6043 -0.2174 -0.7665
vn -0.6382 -0.2340 -0.7334
vn -0.9022 -0.3253 -0.2832
vn -0.9014 -0.3278 -0.2829
vn -0.6034 -0.2200 -0.7665
vn -0.5365 -0.7339 -0.4166
vn -0.4974 -0.7450 -0.4446
vn -0.4974 -0.7449 -0.4446
vn -0.5365 -0.7338 -0.4167
vn -0.2192 -0.9734 0.0666
vn -0.6201 -0.7771 0.1073
vn -0.6203 -0.7772 0.1058
vn -0.6202 -0.7773 0.1058
vn -0.9321 -0.3396 0.1260
vn -0.9324 -0.3396 0.1234
vn -0.9334 -0.3360 0.1260
vn -0.7317 -0.2661 0.6275
vn -0.7291 -0.2630 0.6319
vn -0.7290 -0.2630 0.6319
vn -0.9337 -0.3361 0.1234
vn -0.9739 0.2000 0.1072
vn -0.9741 0.1999 0.1058
vn -0.8584 -0.3097 -0.4089
vn -0.8577 -0.3117 -0.4089
vn -0.8577 -0.3117 -0.4090
vn -0.8584 -0.3097 -0.4090
vn 0.9324 0.3399 -0.1232
vn 0.9320 0.3398 -0.1262
vn 0.4194 0.9034 -0.0892
vn 0.4189 0.9038 -0.0871
vn 0.5755 0.2100 -0.7904
vn 0.5772 0.2075 -0.7898
vn 0.9335 0.3357 -0.1262
vn 0.9002 -0.4263 -0.0891
vn 0.9005 -0.4260 -0.0872
vn 0.9338 0.3358 -0.1232
vn 0.7425 0.2704 0.6129
vn 0.7431 0.2676 0.6133
vn -0.9408 0.1147 -0.3190
vn -0.6521 -0.6848 -0.3252
vn -0.8390 0.1450 0.5245
vn -0.5503 -0.6546 0.5183
vn -0.5502 -0.6547 0.5183
vn -0.7711 -0.5312 0.3511
vn -0.7711 -0.5312 0.3512
vn -0.9320 -0.0865 0.3519
vn -0.9874 -0.1065 -0.1167
vn -0.9875 -0.1064 -0.1167
vn -0.8267 -0.5503 -0.1168
vn -0.6019 -0.6097 0.5156
vn -0.6020 -0.6097 0.5157
vn -0.6020 -0.6097 0.5156
vn -0.8693 0.0936 0.4854
vn -0.8693 0.0935 0.4854
vn -0.9592 0.0610 -0.2760
vn -0.6978 -0.6610 -0.2761
vn -0.6978 -0.6609 -0.2761
vn 0.2747 0.7134 -0.6447
vn 0.6677 -0.3722 -0.6447
vn 0.4099 0.7624 0.5008
vn 0.8030 -0.3230 0.5008
vn 0.1032 0.9371 0.3334
vn 0.2653 0.8704 0.4148
vn 0.4530 0.8915 0.0038
vn 0.3307 0.9419 -0.0582
vn 0.5974 0.7067 -0.3792
vn 0.4341 0.7739 -0.4611
vn 0.8397 -0.3384 0.4247
vn 0.8409 -0.3391 0.4217
vn 0.7483 0.3489 0.5641
vn 0.7315 0.3806 0.5657
vn 0.7484 0.3489 0.5641
vn 0.2622 0.8701 0.4173
vn 0.5811 0.7104 -0.3970
vn 0.9678 0.2508 0.0228
vn 0.9031 0.4137 -0.1152
vn 0.8459 -0.3352 0.4149
vn 0.4555 0.7622 -0.4599
vn 0.5736 0.0265 -0.8187
vn 0.3588 0.1179 -0.9259
vn 0.1745 -0.6696 -0.7220
vn 0.0503 -0.6184 -0.7843
vn 0.8381 -0.3456 0.4220
vn 0.8402 -0.3544 0.4104
vn 0.8403 -0.3453 0.4179
vn 0.8378 -0.3456 0.4226
vn 0.8382 -0.3456 0.4220
vn 0.1888 -0.6827 -0.7059
vn 0.5683 -0.7286 -0.3823
vn 0.6916 -0.6952 -0.1959
vn 0.8372 -0.3518 0.4187
vn -0.5393 -0.0222 0.8418
vn -0.3850 -0.0851 0.9190
vn -0.1418 0.5153 0.8452
vn -0.2503 0.5561 0.7925
vn 0.1028 0.9358 0.3372
vn 0.2963 -0.2905 0.9099
vn 0.2789 -0.2978 0.9130
vn 0.2788 -0.2978 0.9130
vn -0.3909 -0.1005 0.9149
vn -0.5439 -0.0366 0.8384
vn -0.3919 -0.0995 0.9146
vn -0.3906 -0.1003 0.9151
vn -0.5452 -0.0366 0.8375
vn -0.5442 -0.0371 0.8382
vn 0.8354 -0.3529 0.4214
vn 0.2795 -0.2957 0.9135
vn 0.2908 -0.3087 0.9056
vn 0.2908 -0.3086 0.9056
vn -0.3967 -0.1154 0.9107
vn 0.0259 -0.6156 -0.7876
vn -0.0753 -0.9055 -0.4176
vn -0.1977 -0.8552 -0.4792
vn -0.2722 -0.9621 -0.0155
vn -0.4353 -0.8950 -0.0972
vn -0.2733 -0.9618 -0.0119
vn 0.3872 -0.8799 0.2754
vn 0.3564 -0.8957 0.2658
vn -0.4356 -0.8953 -0.0934
vn -0.4859 -0.6780 0.5515
vn -0.5921 -0.6361 0.4948
vn -0.5488 -0.0527 0.8343
vn -0.0449 0.8051 -0.5914
vn -0.2599 0.7599 -0.5958
vn -0.8315 0.3557 -0.4268
vn -0.8365 0.3519 -0.4201
vn -0.8403 0.3390 -0.4230
vn -0.8372 0.3366 -0.4311
vn -0.3845 -0.3356 -0.8600
vn -0.5444 -0.1872 -0.8177
vn -0.8393 0.3456 -0.4197
vn -0.8369 0.3466 -0.4237
vn -0.8397 0.3453 -0.4191
vn -0.8394 0.3454 -0.4197
vn -0.8420 0.3381 -0.4204
vn -0.8566 -0.3819 -0.3469
vn -0.8503 -0.4027 -0.3390
vn -0.8378 0.3525 -0.4169
vn -0.9256 0.1960 0.3237
vn -0.9288 0.2131 0.3032
vn -0.9300 0.2025 0.3066
vn -0.9371 0.1952 0.2894
vn -0.5023 0.8623 -0.0638
vn -0.4790 0.8768 -0.0420
vn 0.7954 0.5668 0.2148
vn 0.7954 0.5667 0.2148
vn 0.9530 -0.2431 -0.1809
vn 0.3654 0.2231 0.9037
vn 0.2608 -0.2929 0.9199
vn 0.2609 -0.2929 0.9199
vn 0.3574 -0.9240 -0.1358
vn 0.3574 -0.9240 -0.1359
vn 0.0855 -0.7253 0.6831
vn -0.3853 0.3271 -0.8629
vn -0.5891 -0.5308 -0.6093
vn -0.9255 0.1955 0.3244
vn -0.9237 -0.3518 0.1517
vn -0.1478 0.9531 -0.2642
vn -0.6666 0.6094 0.4293
vn -0.0870 0.0348 -0.9956
vn -0.1383 0.0542 -0.9889
vn 0.1299 0.7061 -0.6961
vn 0.1877 0.6846 -0.7043
vn 0.1876 0.6846 -0.7044
vn 0.3287 0.9444 0.0014
vn 0.3797 0.9251 -0.0054
vn -0.9352 0.3505 0.0512
vn -0.9351 0.3507 0.0512
vn -0.6498 0.2453 -0.7194
vn -0.6492 0.2417 -0.7212
vn -0.1396 0.0500 -0.9889
vn -0.9312 0.3425 0.1247
vn -0.9011 0.4154 0.1243
vn -0.9235 0.3692 0.1042
vn -0.9303 0.3431 0.1300
vn -0.9303 0.3430 0.1301
vn -0.9235 0.3692 0.1043
vn -0.9283 0.3480 0.1308
vn 0.3288 0.9444 0.0046
vn -0.2729 0.9592 0.0733
vn -0.2752 0.9584 0.0758
vn -0.9011 0.4154 0.1244
vn -0.3221 -0.9467 -0.0053
vn -0.3735 -0.9276 0.0015
vn -0.3662 -0.6171 -0.6965
vn -0.3087 -0.6392 -0.7044
vn -0.3663 -0.6171 -0.6965
vn -0.0884 0.0310 -0.9956
vn -0.9521 0.2795 0.1244
vn -0.9521 0.2795 0.1243
vn -0.8378 -0.5410 0.0736
vn -0.8361 -0.5433 0.0755
vn -0.3729 -0.9279 0.0046
vn -0.9283 0.3481 0.1307
vn -0.9383 0.3299 0.1034
vn -0.9265 0.3532 0.1300
vn -0.9383 0.3299 0.1033
vn -0.9268 0.3542 0.1247
vn 0.3801 0.9249 -0.0024
vn 0.2947 0.6439 0.7061
vn 0.3527 0.6227 0.6985
vn 0.3527 0.6227 0.6984
vn 0.0953 -0.0334 0.9949
vn 0.1463 -0.0527 0.9878
vn -0.9297 0.3486 0.1186
vn -0.9179 0.3443 0.1975
vn -0.9189 0.3665 0.1458
vn -0.9316 0.3435 0.1192
vn -0.9315 0.3435 0.1193
vn -0.9312 0.3425 0.1246
vn 0.0936 -0.0374 0.9949
vn -0.4609 0.1745 0.8701
vn -0.4640 0.1723 0.8689
vn -0.9179 0.3441 0.1975
vn 0.1449 -0.0565 0.9878
vn -0.2015 -0.6793 0.7057
vn -0.1437 -0.7011 0.6984
vn -0.1438 -0.7011 0.6984
vn -0.3218 -0.9468 -0.0024
vn -0.9268 0.3542 0.1246
vn -0.9337 0.3273 0.1450
vn -0.9277 0.3537 0.1192
vn -0.9277 0.3537 0.1193
vn -0.9297 0.3487 0.1186
vn -0.7982 -0.5984 0.0685
vn -0.8264 -0.5582 0.0745
vn -0.7640 -0.2469 0.5961
vn -0.7344 -0.2794 0.6185
vn -0.4495 0.1657 0.8778
vn -0.4056 0.1506 0.9015
vn -0.9918 -0.0560 0.1151
vn -0.9920 -0.0563 0.1133
vn -0.8267 -0.5581 0.0708
vn -0.4466 0.1704 0.8783
vn -0.8050 0.3005 0.5115
vn -0.8040 0.3029 0.5117
vn -0.4044 0.1531 0.9017
vn -0.4096 0.6954 0.5904
vn -0.3649 0.7040 0.6093
vn -0.3650 0.7040 0.6092
vn -0.4096 0.6955 0.5904
vn -0.2555 0.9639 0.0744
vn -0.2080 0.9757 0.0685
vn -0.2559 0.9641 0.0708
vn -0.7102 0.6945 0.1151
vn -0.7107 0.6943 0.1134
vn -0.2082 0.9758 0.0666
vn -0.5281 0.7400 -0.4166
vn -0.4890 0.7505 -0.4446
vn -0.5281 0.7399 -0.4166
vn -0.6355 0.2412 -0.7335
vn -0.6009 0.2268 -0.7665
vn -0.6375 0.2361 -0.7334
vn -0.8975 0.3379 -0.2833
vn -0.8985 0.3356 -0.2830
vn -0.6019 0.2242 -0.7665
vn -0.8844 -0.2103 -0.4167
vn -0.8619 -0.2440 -0.4446
vn -0.8844 -0.2102 -0.4167
vn -0.7984 -0.5984 0.0666
vn -0.9761 -0.1889 0.1074
vn -0.9763 -0.1889 0.1058
vn -0.9763 -0.1889 0.1059
vn -0.9761 -0.1889 0.1073
vn -0.9296 0.3465 0.1260
vn -0.9299 0.3466 0.1234
vn -0.9282 0.3501 0.1260
vn -0.7294 0.2723 0.6276
vn -0.7254 0.2729 0.6319
vn -0.7253 0.2730 0.6320
vn -0.9285 0.3502 0.1234
vn -0.6113 0.7841 0.1072
vn -0.6114 0.7842 0.1058
vn -0.8541 0.3214 -0.4090
vn -0.8548 0.3194 -0.4090
vn 0.9300 -0.3464 -0.1232
vn 0.9296 -0.3463 -0.1262
vn 0.9053 0.4152 -0.0892
vn 0.9053 0.4157 -0.0871
vn 0.5743 -0.2138 -0.7902
vn 0.5739 -0.2167 -0.7897
vn 0.9281 -0.3503 -0.1262
vn 0.4080 -0.9086 -0.0891
vn 0.4088 -0.9085 -0.0871
vn 0.9285 -0.3504 -0.1231
vn 0.7403 -0.2760 0.6130
vn 0.7389 -0.2786 0.6135
vn -0.6413 0.6978 -0.3190
vn -0.6413 0.6979 -0.3190
vn -0.9406 -0.0980 -0.3252
vn -0.5443 0.6548 0.5244
vn -0.5443 0.6547 0.5245
vn -0.8435 -0.1410 0.5182
vn -0.9314 0.0961 0.3512
vn -0.9313 0.0961 0.3512
vn -0.7653 0.5390 0.3519
vn -0.8204 0.5598 -0.1167
vn -0.9862 0.1177 -0.1168
vn -0.8536 -0.0731 0.5157
vn -0.8537 -0.0731 0.5157
vn -0.6007 0.6351 0.4855
vn -0.6007 0.6352 0.4855
vn -0.6903 0.6688 -0.2761
vn -0.9598 -0.0500 -0.2761
vn 0.6721 0.3646 -0.6445
vn 0.2667 -0.7165 -0.6446
vn 0.8066 0.3140 0.5008
vn 0.4012 -0.7670 0.5007
vn 0.0175 -0.0000 -0.9998
vn 0.0174 -0.0000 -0.9998
vn 1.0000 -0.0000 0.0047
vn 0.9494 -0.0000 0.3140
vn 0.0027 -0.0000 1.0000
vn 0.3787 -0.0000 0.9255
vn 0.1998 -0.0000 0.9798
vn 0.1997 -0.0000 0.9798
vn 0.8587 -0.0000 0.5125
vn 0.8589 -0.0000 -0.5121
vn 0.9494 -0.0000 -0.3141
vn 0.8587 -0.0000 -0.5125
vn 0.1891 -0.0000 -0.9820
vn 0.3787 -0.0000 -0.9255
vn 0.1892 -0.0000 -0.9819
vn 1.0000 -0.0000 -0.0047
vn 0.0021 -0.0000 -1.0000
vn -0.1302 -0.0000 0.9915
vn -0.9732 -0.0000 -0.2298
vn -0.9733 -0.0000 -0.2297
vn -0.1396 -0.0000 -0.9902
vn -0.3243 -0.0000 -0.9459
vn -0.8945 -0.0000 -0.4472
vn -0.8944 -0.0000 -0.4472
vn -0.9733 -0.0000 0.2297
vn -0.9733 -0.0000 0.2296
vn -0.8942 -0.0000 0.4476
vn -0.8943 -0.0000 0.4474
vn -0.3246 -0.0000 0.9458
vn -0.3248 -0.0000 0.9458
vn -0.0022 -0.0000 -1.0000
vn -0.1891 -0.0000 -0.9820
vn -0.1892 -0.0000 -0.9819
vn -0.9494 -0.0000 0.3140
vn -1.0000 -0.0000 0.0046
vn -1.0000 -0.0000 0.0047
vn -0.0027 -0.0000 1.0000
vn -0.1998 -0.0000 0.9798
vn -0.3787 -0.0000 0.9255
vn -0.8587 -0.0000 0.5125
vn -0.8589 -0.0000 0.5121
vn -0.9494 -0.0000 -0.3140
vn -0.8589 -0.0000 -0.5121
vn -0.8588 -0.0000 -0.5123
vn -0.3787 -0.0000 -0.9255
vn -1.0000 -0.0000 -0.0046
vn 0.1302 -0.0000 0.9915
vn 0.9733 -0.0000 -0.2297
vn 0.9733 -0.0000 -0.2296
vn 0.3246 -0.0000 -0.9458
vn 0.1396 -0.0000 -0.9902
vn 0.3248 -0.0000 -0.9458
vn 0.8943 -0.0000 -0.4475
vn 0.8944 -0.0000 -0.4472
vn 0.8943 -0.0000 0.4476
vn 0.9732 -0.0000 0.2299
vn 0.9732 -0.0000 0.2300
vn 0.8942 -0.0000 0.4476
vn 0.3243 -0.0000 0.9459
vn 0.3246 -0.0000 0.9458
vn 0.1999 -0.0000 0.9798
vn 0.8587 -0.0000 0.5124
vn 0.8591 -0.0000 -0.5119
vn 0.9494 -0.0000 -0.3140
vn 0.8587 -0.0000 -0.5124
vn -0.9733 -0.0000 -0.2296
vn -0.8942 -0.0000 -0.4477
vn -0.8941 -0.0000 -0.4478
vn -0.9732 -0.0000 0.2300
vn -0.9732 -0.0000 0.2299
vn -0.8945 -0.0000 0.4471
vn -0.8944 -0.0000 0.4472
vn -0.8588 -0.0000 0.5123
vn -0.8589 -0.0000 0.5122
vn -0.9494 -0.0000 -0.3141
vn -0.8588 -0.0000 -0.5124
vn -1.0000 -0.0000 -0.0047
vn 0.9732 -0.0000 -0.2298
vn 0.3243 -0.0000 -0.9459
vn 0.8945 -0.0000 -0.4472
vn 0.8941 -0.0000 0.4478
vn 0.9733 -0.0000 0.2296
vn 0.9733 -0.0000 0.2297
vn 0.8943 -0.0000 0.4474
vn 0.3248 -0.0000 0.9458
vn 0.5133 0.7683 -0.3823
vn 0.5133 0.7682 -0.3826
vn 0.5133 0.7681 -0.3828
vn 0.5132 0.7682 -0.3828
vn 0.2776 0.6703 -0.6882
vn 0.5130 0.5130 -0.6882
vn 0.2775 0.6702 -0.6883
vn 0.0434 0.1047 -0.9936
vn 0.9238 0.3827 -0.0089
vn 0.3827 -0.9238 -0.0089
vn 0.0039 0.0094 -0.9999
vn 0.0072 -0.0071 -0.9999
vn -0.0039 -0.0094 -0.9999
vn -0.0093 -0.0039 -0.9999
vn -0.0093 0.0039 -0.9999
vn -0.0071 0.0071 -0.9999
vn -0.0038 0.0094 -0.9999
vn 0.3825 0.9234 -0.0337
vn 0.7066 0.7067 -0.0368
vn 0.9233 -0.3825 -0.0337
vn 0.9233 -0.3823 -0.0368
vn 0.7065 -0.7067 -0.0368
vn 0.3824 -0.9234 -0.0337
vn -0.7067 -0.7066 -0.0368
vn -0.9993 0.0001 -0.0368
vn -0.3824 0.9232 -0.0369
vn 0.0001 0.9993 -0.0368
vn 0.3825 0.9232 -0.0376
vn -0.3823 -0.9231 -0.0411
vn -0.9232 0.3824 -0.0377
vn 0.0159 0.0382 -0.9991
vn 0.0158 -0.0382 -0.9991
vn 0.0255 -0.0618 -0.9978
vn -0.0382 0.0158 -0.9991
vn -0.0158 0.0382 -0.9991
vn -0.0256 0.0619 -0.9978
vn 0.0001 0.0669 -0.9978
vn 0.0802 -0.0802 -0.9935
vn -0.1048 0.0434 -0.9935
vn 0.5131 -0.5130 -0.6881
vn 0.2586 0.6244 -0.7370
vn -0.0000 0.6762 -0.7368
vn 0.4779 0.4779 -0.7370
vn 0.6247 0.2588 -0.7367
vn 0.6759 -0.0000 -0.7370
vn 0.6244 -0.2586 -0.7371
vn 0.2586 -0.6242 -0.7372
vn -0.0000 -0.6758 -0.7371
vn -0.2586 -0.6245 -0.7370
vn -0.4778 -0.4778 -0.7371
vn -0.6758 -0.0000 -0.7371
vn -0.6244 0.2587 -0.7371
vn -0.2587 0.6245 -0.7369
vn 0.2587 0.6246 -0.7368
vn -0.0000 0.6759 -0.7370
vn 0.6244 0.2586 -0.7371
vn 0.6249 -0.2586 -0.7366
vn 0.4781 -0.4781 -0.7368
vn 0.2586 -0.6244 -0.7370
vn -0.0000 -0.6757 -0.7372
vn -0.4780 -0.4780 -0.7369
vn -0.6756 -0.0000 -0.7373
vn -0.6242 0.2585 -0.7373
vn -0.4782 0.4780 -0.7367
vn 0.7255 -0.0000 -0.6883
vn 0.6700 -0.2775 -0.6886
vn 0.2776 -0.6703 -0.6882
vn -0.0000 -0.7254 -0.6884
vn -0.2777 -0.6702 -0.6882
vn -0.5129 -0.5129 -0.6884
vn -0.6702 0.2777 -0.6883
vn -0.5130 0.5130 -0.6883
vn -0.2778 0.6700 -0.6884
vn -0.0000 0.7252 -0.6885
vn 0.6702 0.2775 -0.6883
vn 0.5130 -0.5131 -0.6882
vn 0.2775 -0.6700 -0.6885
vn -0.2776 -0.6701 -0.6884
vn -0.5128 -0.5127 -0.6885
vn -0.6702 -0.2777 -0.6882
vn -0.7250 -0.0000 -0.6887
vn -0.6700 0.2776 -0.6885
vn -0.5130 0.5128 -0.6884
vn -0.2776 0.6701 -0.6885
vn -0.0000 1.0000 -0.0018
vn -0.0000 1.0000 -0.0015
vn -0.0000 1.0000 -0.0017
vn 0.0003 1.0000 -0.0015
vn 0.0005 1.0000 -0.0003
vn 0.0067 1.0000 0.0001
vn 0.0008 1.0000 0.0005
vn -0.0054 1.0000 -0.0001
vn -0.0004 1.0000 -0.0003
vn -0.0004 1.0000 -0.0002
vn 0.0149 0.9999 -0.0000
vn 0.7021 0.7121 0.0002
vn 0.5976 0.8017 0.0118
vn 0.5975 0.8018 0.0119
vn 1.0000 0.0064 -0.0000
vn 0.9998 0.0081 0.0196
vn -0.0047 0.0092 -0.9999
vn 0.0047 0.0090 -0.9999
vn 0.0027 0.8016 -0.5979
vn -0.0033 0.8066 -0.5910
vn -0.0033 0.8067 -0.5910
vn 0.9998 0.0067 -0.0205
vn 0.9998 0.0081 -0.0205
vn 0.7077 0.0110 -0.7064
vn 0.7071 0.0046 -0.7071
vn 0.7076 0.0110 -0.7065
vn 0.0047 0.0068 -1.0000
vn -0.0047 0.9998 -0.0206
vn 0.0047 0.9998 -0.0206
vn 0.0032 0.7071 -0.7071
vn -0.0032 0.7071 -0.7071
vn -0.0048 0.0068 -1.0000
vn 1.0000 0.0068 -0.0000
vn 0.7070 0.7070 -0.0140
vn 0.0047 1.0000 -0.0000
vn -0.9998 0.0081 -0.0205
vn -0.9998 0.0067 -0.0206
vn -0.7071 0.0046 -0.7071
vn -0.7077 0.0106 -0.7064
vn -0.7077 0.0107 -0.7065
vn -0.0047 1.0000 -0.0000
vn -0.7070 0.7070 -0.0140
vn -0.7068 0.7074 -0.0000
vn -1.0000 0.0068 -0.0000
vn 0.0047 0.0068 1.0000
vn 0.0049 0.0085 1.0000
vn 0.7226 0.0102 0.6912
vn 0.7095 0.0045 0.7047
vn 0.9998 0.0067 0.0205
vn -0.0043 0.6613 0.7501
vn 0.0035 0.7818 0.6236
vn -0.0048 0.0064 1.0000
vn -0.0047 0.0068 1.0000
vn 0.0032 0.7071 0.7071
vn -0.0032 0.7071 0.7071
vn 0.0047 0.9998 0.0206
vn -0.0047 0.9998 0.0206
vn -1.0000 0.0066 -0.0000
vn -0.6043 0.7967 -0.0126
vn -0.7043 0.7099 -0.0007
vn -0.7042 0.7100 -0.0007
vn -0.0131 0.9999 -0.0000
vn -0.7071 0.0046 0.7071
vn -0.7071 0.0085 0.7071
vn -0.9998 0.0067 0.0205
vn -0.9998 0.0069 0.0208
vn 1.0000 0.0067 -0.0000
vn 0.9997 0.0099 0.0211
vn 0.5286 0.8488 0.0140
vn 0.7275 0.6861 -0.0013
vn 0.0004 1.0000 0.0017
vn 0.0076 1.0000 -0.0000
vn 0.0046 0.0097 0.9999
vn 0.6955 0.0092 0.7185
vn 0.6956 0.0047 0.7184
vn 0.6955 0.0047 0.7185
vn 0.9998 0.0069 0.0212
vn -0.0044 0.7127 0.7014
vn 0.0032 0.8374 0.5465
vn -0.0047 0.0069 1.0000
vn -0.0047 0.0093 -0.9999
vn 0.0043 0.0094 -0.9999
vn 0.0025 0.8229 -0.5682
vn -0.0034 0.8201 -0.5722
vn -0.0035 0.8201 -0.5722
vn 0.0003 1.0000 -0.0014
vn 0.9997 0.0069 -0.0213
vn 0.9997 0.0082 -0.0223
vn 0.6706 0.0082 -0.7418
vn 0.6911 0.0046 -0.7228
vn -0.0046 0.9998 -0.0206
vn -0.0047 0.0068 -1.0000
vn 1.0000 0.0071 -0.0000
vn 0.6955 0.7183 -0.0142
vn 0.6955 0.7185 -0.0000
vn 0.0046 0.9998 0.0206
vn -0.0046 0.9998 0.0206
vn -0.9997 0.0084 -0.0212
vn -0.9998 0.0070 -0.0212
vn -0.6956 0.0046 -0.7184
vn -0.6960 0.0107 -0.7180
vn -0.6960 0.0108 -0.7180
vn -0.6956 0.7183 -0.0142
vn -0.6956 0.7184 -0.0000
vn -1.0000 0.0070 -0.0000
vn -0.6955 0.0046 0.7185
vn -0.6955 0.0087 0.7185
vn -0.9998 0.0069 0.0212
vn -0.9997 0.0072 0.0214
vn -1.0000 0.0069 -0.0000
vn -0.5854 0.8106 -0.0126
vn -0.6923 0.7216 -0.0007
vn -0.5854 0.8106 -0.0127
vn -0.0069 1.0000 -0.0002
vn -0.0151 0.9999 -0.0001
vn -0.0000 1.0000 0.0024
vn -0.0000 1.0000 0.0067
vn -0.0104 0.9999 0.0003
vn -0.0012 1.0000 0.0012
vn 0.0004 1.0000 0.0016
vn 0.0067 1.0000 -0.0002
vn -0.0098 1.0000 0.0002
vn 0.5980 0.8014 -0.0125
vn 0.7070 0.7070 0.0140
vn -0.7071 0.7070 0.0140
vn -0.0008 1.0000 0.0008
vn -0.7000 0.7139 0.0189
vn -0.6999 0.7140 0.0189
vn 0.6225 0.7823 -0.0206
vn 0.6225 0.7823 -0.0205
vn 0.6956 0.7183 0.0142
vn -0.6956 0.7183 0.0143
vn 0.0033 0.8374 0.5465
vn -0.6882 0.7253 0.0192
vn -0.6881 0.7254 0.0191
vn 0.3929 0.8599 -0.3260
vn 0.0005 1.0000 -0.0004
vn 0.5773 0.5774 -0.5774
vn -0.5774 0.5774 -0.5772
vn 0.4488 0.8290 0.3337
vn 0.5774 0.5770 0.5776
vn -0.4091 0.8517 -0.3275
vn -0.4092 0.8517 -0.3274
vn -0.4092 0.8517 -0.3275
vn -0.5774 0.5771 0.5776
vn -0.4297 0.7938 0.4305
vn -0.4297 0.7937 0.4305
vn 0.3862 0.8320 0.3983
vn 0.3862 0.8320 0.3982
vn 0.3937 0.7798 -0.4868
vn 0.5645 0.5837 -0.5837
vn 0.5644 0.5837 0.5837
vn -0.5644 0.5837 -0.5837
vn -0.5644 0.5837 0.5837
vn -0.3913 0.8561 -0.3376
vn -0.0005 1.0000 -0.0004
vn -0.3912 0.8561 -0.3376
vn -0.4177 0.7992 0.4321
vn -0.4178 0.7992 0.4321
vn 0.0145 0.9993 -0.0351
vn 0.0269 0.9993 -0.0269
vn 0.0351 0.9993 -0.0145
vn -0.0000 0.9993 -0.0380
vn 0.0380 0.9993 -0.0000
vn -0.0145 0.9993 -0.0351
vn 0.0351 0.9993 0.0145
vn -0.0268 0.9993 -0.0269
vn 0.0269 0.9993 0.0269
vn -0.0351 0.9993 -0.0146
vn 0.0145 0.9993 0.0351
vn -0.0380 0.9993 -0.0001
vn -0.0000 0.9993 0.0380
vn -0.0351 0.9993 0.0145
vn -0.0145 0.9993 0.0351
vn -0.0269 0.9993 0.0268
vn 0.7071 0.0052 -0.7071
vn 0.7071 0.0058 -0.7071
vn 0.3827 0.0058 -0.9239
vn 0.3827 0.0051 -0.9239
vn 0.9239 0.0052 -0.3827
vn 0.9239 0.0058 -0.3827
vn -0.0000 0.0057 -1.0000
vn -0.0000 0.0051 -1.0000
vn 1.0000 0.0052 -0.0000
vn 1.0000 0.0057 -0.0000
vn -0.3827 0.0058 -0.9239
vn -0.3827 0.0051 -0.9239
vn 0.9239 0.0052 0.3826
vn 0.9239 0.0058 0.3827
vn -0.7071 0.0058 -0.7071
vn -0.7071 0.0052 -0.7071
vn 0.7071 0.0052 0.7071
vn 0.7071 0.0057 0.7071
vn -0.9239 0.0058 -0.3827
vn -0.9239 0.0052 -0.3827
vn 0.3826 0.0052 0.9239
vn 0.3827 0.0057 0.9239
vn -1.0000 0.0058 -0.0000
vn -1.0000 0.0051 -0.0000
vn -0.0000 0.0051 1.0000
vn -0.0000 0.0057 1.0000
vn -0.9239 0.0058 0.3827
vn -0.9239 0.0052 0.3827
vn -0.3827 0.0052 0.9238
vn -0.3827 0.0057 0.9239
vn -0.7071 0.0057 0.7071
vn -0.7071 0.0051 0.7071
vn 0.0146 0.9993 -0.0351
vn -0.0147 0.9993 -0.0351
vn -0.0269 0.9993 -0.0268
vn 0.0268 0.9993 0.0269
vn -0.0351 0.9993 -0.0145
vn -0.0380 0.9993 -0.0000
vn -0.0146 0.9993 0.0351
vn 0.7070 0.0051 -0.7072
vn 0.7071 0.0057 -0.7071
vn 0.3827 0.0057 -0.9239
vn -0.0000 0.0058 -1.0000
vn -0.3827 0.0052 -0.9239
vn 0.9239 0.0051 0.3827
vn 0.9239 0.0057 0.3827
vn -0.3827 0.0057 -0.9239
vn -0.9239 0.0051 -0.3827
vn 0.3827 0.0051 0.9239
vn -1.0000 0.0057 -0.0000
vn -1.0000 0.0052 -0.0000
vn 0.0001 0.0051 1.0000
vn -0.0000 0.0058 1.0000
vn -0.9239 0.0057 0.3827
vn -0.3826 0.0052 0.9239
vn -0.3827 0.0058 0.9239
vn -0.7071 0.0052 0.7071
vn -0.0009 1.0000 -0.0020
vn -0.0000 1.0000 -0.0019
vn -0.0021 1.0000 -0.0009
vn -0.0020 1.0000 -0.0000
vn -0.0000 1.0000 0.0030
vn -0.0012 1.0000 0.0029
vn 0.0013 1.0000 0.0032
vn 0.0009 1.0000 -0.0021
vn -0.0005 1.0000 -0.0022
vn -0.0010 1.0000 -0.0023
vn 0.0009 1.0000 -0.0023
vn -0.0000 1.0000 0.0035
vn -0.0015 1.0000 0.0035
vn 0.0014 1.0000 0.0033
vn -0.0135 0.9999 -0.0000
vn -0.0126 0.9999 -0.0052
vn -0.0125 0.9999 0.0052
vn -0.0025 1.0000 -0.0025
vn -0.0035 1.0000 0.0036
vn -0.0046 1.0000 0.0046
vn -0.0027 1.0000 0.0011
vn -0.0012 1.0000 0.0030
vn 0.0029 1.0000 -0.0029
vn 0.0059 1.0000 -0.0024
vn 0.0074 1.0000 -0.0000
vn 0.0073 1.0000 0.0030
vn 0.0037 1.0000 0.0038
vn 0.0023 1.0000 -0.0023
vn 0.0023 1.0000 -0.0022
vn 0.0106 0.9999 -0.0044
vn 0.0112 0.9999 -0.0000
vn 0.0105 0.9999 0.0044
vn 0.0031 1.0000 0.0031
vn -0.0038 1.0000 -0.0038
vn 0.2789 0.6848 -0.6732
vn -0.0000 0.6848 -0.7287
vn 0.5153 0.6848 -0.5152
vn 0.6732 0.6848 -0.2789
vn 0.6733 0.6848 -0.2789
vn -0.2789 0.6848 -0.6733
vn -0.2789 0.6848 -0.6732
vn 0.7287 0.6848 -0.0000
vn -0.5153 0.6848 -0.5153
vn 0.6733 0.6848 0.2789
vn -0.6732 0.6848 -0.2789
vn -0.6733 0.6848 -0.2789
vn 0.5153 0.6848 0.5153
vn -0.7287 0.6848 -0.0000
vn 0.2789 0.6848 0.6733
vn 0.2789 0.6848 0.6732
vn -0.6732 0.6848 0.2789
vn -0.0000 0.6848 0.7287
vn -0.5153 0.6848 0.5153
vn -0.2789 0.6848 0.6733
vn 0.4755 0.7401 -0.4755
vn 0.2573 0.7401 -0.6213
vn 0.2574 0.7401 -0.6213
vn -0.0000 0.7401 -0.6725
vn 0.6213 0.7401 -0.2573
vn -0.2573 0.7401 -0.6213
vn 0.6724 0.7402 -0.0000
vn -0.4755 0.7401 -0.4755
vn 0.6213 0.7401 0.2573
vn 0.6213 0.7402 0.2573
vn -0.6213 0.7401 -0.2573
vn 0.4755 0.7401 0.4755
vn -0.6725 0.7401 -0.0000
vn 0.2573 0.7401 0.6213
vn -0.6213 0.7401 0.2573
vn -0.0000 0.7401 0.6725
vn -0.4755 0.7401 0.4755
vn -0.2573 0.7401 0.6213
vn 0.2789 0.6848 -0.6733
vn -0.0000 0.6848 -0.7288
vn 0.5153 0.6848 -0.5153
vn 0.2788 0.6849 0.6732
vn -0.6733 0.6848 0.2789
vn -0.2789 0.6848 0.6732
vn 0.4755 0.7402 -0.4755
vn 0.6725 0.7401 -0.0000
vn 0.6213 0.7401 0.2574
vn 0.2573 0.7402 0.6212
vn 0.2574 0.7401 0.6212
vn -0.2574 0.7401 0.6213
vn 0.0007 1.0000 0.0004
vn -0.0117 -0.0000 -0.9999
vn -0.0117 -0.0037 -0.9999
vn -0.7071 -0.0025 -0.7071
vn -0.9995 -0.0036 -0.0301
vn -0.9995 -0.0000 -0.0302
vn -0.0000 -0.9995 -0.0302
vn -0.0114 -0.9995 -0.0299
vn -0.0079 -0.7071 -0.7071
vn -0.0000 -0.7071 -0.7071
vn -0.0000 -0.0037 -1.0000
vn -0.0117 -0.9999 -0.0000
vn -0.0116 -0.9998 0.0136
vn -0.7071 -0.7071 0.0092
vn -0.7070 -0.7071 0.0092
vn -0.9999 -0.0036 0.0137
vn -1.0000 -0.0037 -0.0000
vn 1.0000 -0.0037 -0.0000
vn 0.9999 -0.0037 0.0137
vn 0.7071 -0.7071 0.0092
vn 0.0057 -0.9999 0.0136
vn 0.0058 -1.0000 -0.0000
vn -0.0254 0.9997 -0.0000
vn -0.0246 0.9980 -0.0581
vn -0.7072 0.7058 -0.0413
vn -0.6969 0.7172 -0.0000
vn -0.6970 0.7171 -0.0000
vn -0.9992 0.0055 -0.0397
vn -0.9999 0.0105 -0.0000
vn 0.0057 -0.0037 -1.0000
vn 0.0058 -0.0001 -1.0000
vn 0.7071 -0.0025 -0.7071
vn 0.7071 -0.0024 -0.7071
vn 0.9995 -0.0000 -0.0301
vn 0.9995 -0.0036 -0.0301
vn 0.0058 -0.0000 1.0000
vn 0.9999 -0.0000 0.0137
vn -0.0000 0.9994 -0.0343
vn 0.0056 0.9995 -0.0300
vn 0.0039 0.7071 -0.7071
vn -0.0000 0.7118 -0.7024
vn 0.0058 0.0085 -0.9999
vn -0.0000 0.0081 -1.0000
vn 0.0057 1.0000 -0.0000
vn 0.0057 0.9999 0.0136
vn 0.7071 0.7071 0.0092
vn 0.9999 0.0084 0.0136
vn 1.0000 0.0085 -0.0000
vn -0.0000 0.0081 1.0000
vn 0.0057 0.0085 0.9999
vn 0.0039 0.7071 0.7071
vn -0.0000 0.7118 0.7024
vn -0.0000 0.9999 0.0136
vn -0.0129 -0.0000 0.9999
vn -0.0159 0.0054 0.9999
vn -0.9999 0.0084 0.0136
vn -0.9999 0.0001 0.0137
vn -1.0000 0.0085 -0.0000
vn -0.7071 0.7071 0.0093
vn -0.7071 0.7071 0.0092
vn -0.0256 0.9996 0.0133
vn -0.0258 0.9997 -0.0000
vn 0.0056 -0.9995 -0.0301
vn 0.0001 -0.9995 -0.0302
vn 0.0039 -0.7071 -0.7071
vn -0.0000 -0.0037 1.0000
vn -0.0000 -0.7071 0.7071
vn -0.0000 -0.9999 0.0137
vn -0.0001 -0.9999 0.0137
vn 0.7069 -0.7070 -0.0206
vn 0.7070 -0.7070 -0.0205
vn 0.0057 -1.0000 -0.0000
vn 0.0058 1.0000 -0.0000
vn 0.0058 1.0000 -0.0001
vn -0.0000 0.0085 1.0000
vn -0.0000 0.0070 1.0000
vn -0.0000 0.7102 0.7040
vn -0.0000 0.7262 0.6875
vn -0.0000 0.9999 0.0137
vn -0.0000 0.9999 0.0133
vn -0.0000 0.0074 1.0000
vn -0.0000 0.7147 0.6994
vn -0.0000 0.7130 0.7011
vn -0.0000 0.9999 0.0135
vn -0.0129 -0.0000 -0.9999
vn -0.0117 -0.0000 0.9999
vn 0.9995 -0.0000 -0.0302
vn 0.0002 0.9990 -0.0440
vn -0.0000 0.9982 -0.0598
vn 0.0001 0.9983 -0.0582
vn -0.0000 0.9984 -0.0560
vn -0.9995 -0.0000 -0.0329
vn -0.9995 -0.0000 -0.0301
vn -0.0000 0.9983 -0.0591
vn -0.0001 0.9982 -0.0594
vn -0.0159 0.0053 -0.9999
vn -0.0000 0.0113 -0.9999
vn -0.0000 0.0086 -1.0000
vn -0.0000 0.0070 -1.0000
vn -0.0000 0.0074 -1.0000
vn -0.0003 0.0170 -0.9999
vn -0.0000 0.0065 -1.0000
vn 0.9995 0.0083 -0.0300
vn -0.0000 0.0065 1.0000
vn 0.0003 0.0170 0.9999
vn -0.0000 0.0113 0.9999
vn -1.0000 0.0080 -0.0000
vn -1.0000 0.0090 -0.0000
vn -0.0116 -0.0037 0.9999
vn -1.0000 -0.0036 -0.0000
vn 0.0057 -0.0037 1.0000
vn 0.0058 -0.0000 -1.0000
vn -0.9999 -0.0000 0.0137
vn -0.0001 0.9999 0.0128
vn 0.0003 0.9999 0.0135
vn -0.0001 0.9999 0.0141
vn -0.7071 -0.0025 0.7072
vn -0.7071 -0.0025 0.7071
vn 0.0039 -0.7071 0.7071
vn 0.7071 -0.0025 0.7071
vn -0.7071 0.0057 -0.7071
vn -0.0174 0.7164 -0.6975
vn -0.0000 0.7482 -0.6635
vn -0.0001 0.7482 -0.6635
vn -0.0174 0.7164 -0.6974
vn -0.0000 0.6926 0.7213
vn -0.7070 -0.7069 -0.0206
vn -0.7070 -0.7070 -0.0206
vn -0.0000 0.6926 -0.7213
vn -0.0000 0.7173 -0.6968
vn -0.0000 0.7173 0.6968
vn -0.0000 0.7262 -0.6875
vn -0.0174 0.7164 0.6974
vn -0.0000 0.7482 0.6635
vn -0.0078 -0.7071 0.7071
vn 0.7069 0.7070 -0.0206
vn -0.0000 0.7102 -0.7040
vn -0.0000 0.7130 -0.7012
vn -0.0000 0.7130 -0.7011
vn -0.0000 0.7147 -0.6994
vn -0.5774 -0.5773 -0.5773
vn -0.5773 -0.5774 -0.5774
vn -0.5773 -0.5774 -0.5773
vn -0.5774 -0.5774 0.5773
vn -0.5773 -0.5774 0.5773
vn -0.5774 -0.5773 0.5773
vn 0.5773 -0.5773 0.5774
vn 0.5773 -0.5774 0.5774
vn 0.5774 -0.5774 0.5773
vn -0.5775 0.5768 -0.5777
vn -0.5775 0.5769 -0.5777
vn 0.5774 0.5773 -0.5774
vn 0.5773 0.5773 0.5774
vn 0.5774 0.5773 0.5773
vn -0.5773 0.5770 0.5777
vn 0.5773 -0.5774 -0.5774
vn 0.5773 -0.5773 -0.5774
vn -0.9241 0.3822 -0.0000
vn -0.3694 0.9242 -0.0973
vn -0.3694 0.9242 0.0973
vn -0.0033 0.9926 0.1214
vn -0.0033 0.9926 -0.1214
vn -0.0039 -0.0000 1.0000
vn -0.3823 -0.0000 0.9240
vn -0.3823 -0.0000 0.9241
vn -0.9925 -0.0000 0.1220
vn 0.0033 0.9926 0.1214
vn -0.0000 0.9925 0.1219
vn -0.0000 0.9239 0.3826
vn 0.0023 0.9240 0.3823
vn 0.0017 0.3826 0.9239
vn -0.0000 0.3826 0.9239
vn -0.0000 0.0026 1.0000
vn 0.0039 0.0025 1.0000
vn -0.0033 -0.9926 -0.1214
vn -0.0033 -0.9926 0.1215
vn -0.3693 -0.9242 0.0973
vn -0.3694 -0.9242 -0.0972
vn -0.9249 -0.3727 -0.0749
vn -0.9252 -0.3720 0.0749
vn -0.9926 -0.0023 0.1218
vn -0.9926 -0.0023 -0.1218
vn -0.0000 -0.0026 1.0000
vn -0.0000 -0.0025 1.0000
vn -0.0000 -0.3824 0.9240
vn -0.0000 -0.9240 0.3823
vn -0.0000 -0.9925 0.1219
vn 0.9926 -0.0023 -0.1214
vn 0.9926 -0.0024 0.1215
vn 0.9250 -0.3725 0.0748
vn 0.9251 -0.3723 -0.0748
vn 0.3695 -0.9241 -0.0973
vn 0.3693 -0.9242 0.0972
vn 0.0033 -0.9926 0.1214
vn 0.0033 -0.9926 -0.1214
vn 0.0039 -0.0000 1.0000
vn 0.3823 -0.0000 0.9240
vn 0.9242 -0.0000 0.3819
vn 0.9926 -0.0000 0.1216
vn 0.0033 0.9926 -0.1215
vn 0.3694 0.9242 0.0973
vn 0.3696 0.9241 -0.0973
vn 0.9251 0.3723 -0.0748
vn 0.9250 0.3724 0.0748
vn 0.9926 0.0023 0.1214
vn 0.9926 0.0023 -0.1214
vn -0.9925 -0.0000 -0.1220
vn -0.3823 -0.0000 -0.9241
vn -0.0039 -0.0000 -1.0000
vn -0.0000 -0.9926 -0.1218
vn -0.0000 -0.9925 -0.1219
vn -0.0000 -0.9241 -0.3821
vn -0.0000 -0.3824 -0.9240
vn -0.0000 -0.0026 -1.0000
vn -0.0001 -0.0025 -1.0000
vn 0.9926 -0.0000 -0.1216
vn 0.9243 -0.0000 -0.3818
vn 0.9243 -0.0000 -0.3817
vn 0.3822 -0.0000 -0.9241
vn 0.3823 -0.0000 -0.9241
vn 0.0039 -0.0000 -1.0000
vn -0.0000 0.9925 -0.1219
vn 0.0023 0.9240 -0.3825
vn -0.0000 0.9240 -0.3824
vn -0.0000 0.3825 -0.9240
vn 0.0016 0.3824 -0.9240
vn 0.0039 0.0026 -1.0000
vn -0.0000 0.0025 -1.0000
vn -0.0000 -0.9926 0.1218
vn -0.0000 -0.9926 -0.1217
vn -0.0000 0.9239 0.3825
vn -0.3828 -0.0000 0.9238
vn 0.0039 -0.0025 1.0000
vn -0.0000 -0.3829 0.9238
vn 0.0017 -0.3824 0.9240
vn 0.0023 -0.9240 0.3824
vn 0.3822 -0.0000 0.9241
vn -0.0000 0.0026 -1.0000
vn -0.0000 0.3825 -0.9239
vn -0.3819 -0.0000 -0.9242
vn 0.0039 -0.0025 -1.0000
vn 0.0016 -0.3823 -0.9240
vn 0.0023 -0.9242 -0.3820
vn -0.3244 0.8884 0.3248
vn -0.0023 0.9239 0.3826
vn -0.8888 0.3224 0.3256
vn -0.9252 0.3720 0.0750
vn -0.9926 0.0023 0.1218
vn -0.9239 0.0015 0.3827
vn -0.3249 0.3250 0.8881
vn -0.3822 0.0019 0.9241
vn -0.0039 0.0026 1.0000
vn -0.0017 0.3825 0.9240
vn -0.8888 -0.3224 0.3256
vn -0.9240 -0.0015 0.3824
vn -0.3246 -0.8882 0.3250
vn -0.0023 -0.9240 0.3823
vn -0.3248 -0.3248 0.8883
vn -0.0017 -0.3824 0.9240
vn -0.0039 -0.0025 1.0000
vn -0.3823 -0.0019 0.9240
vn 0.3246 -0.8882 0.3251
vn 0.8883 -0.3247 0.3249
vn 0.9243 -0.0015 0.3816
vn 0.3249 -0.3253 0.8880
vn 0.3823 -0.0019 0.9241
vn 0.8882 0.3248 0.3250
vn 0.9242 0.0015 0.3819
vn 0.3246 0.8883 0.3250
vn 0.3250 0.3254 0.8880
vn 0.3823 0.0019 0.9240
vn -0.3248 0.3253 -0.8881
vn -0.0017 0.3825 -0.9240
vn -0.0039 0.0025 -1.0000
vn -0.3822 0.0019 -0.9241
vn -0.8880 0.3251 -0.3252
vn -0.9240 0.0016 -0.3823
vn -0.9925 0.0024 -0.1219
vn -0.9250 0.3726 -0.0750
vn -0.3246 0.8883 -0.3250
vn -0.0023 0.9241 -0.3822
vn -0.3251 -0.3251 -0.8880
vn -0.3823 -0.0019 -0.9240
vn -0.0039 -0.0025 -1.0000
vn -0.0017 -0.3823 -0.9240
vn -0.3247 -0.8883 -0.3250
vn -0.0023 -0.9241 -0.3822
vn -0.8881 -0.3248 -0.3251
vn -0.9239 -0.0015 -0.3827
vn 0.3251 -0.3250 -0.8881
vn 0.3822 -0.0019 -0.9241
vn 0.8886 -0.3240 -0.3248
vn 0.9243 -0.0015 -0.3818
vn 0.3247 -0.8881 -0.3253
vn 0.8887 0.3237 -0.3248
vn 0.9243 0.0015 -0.3816
vn 0.3251 0.3252 -0.8880
vn 0.3823 0.0019 -0.9240
vn 0.3251 0.8879 -0.3254
vn -0.0000 -0.0025 -1.0000
vn -0.0000 0.0025 1.0000
vn -0.0039 -0.0001 1.0000
vn 0.0001 -0.0025 1.0000
vn 0.5127 -0.5128 -0.6886
vn 0.0474 -0.0472 -0.9978
vn 0.5130 -0.5130 -0.6882
vn 0.0802 -0.0801 -0.9936
vn -0.9238 0.3827 -0.0089
vn 0.0093 -0.0039 -0.9999
vn 0.0072 0.0072 -0.9999
vn -0.0094 -0.0038 -0.9999
vn -0.0000 0.9993 -0.0369
vn -0.3824 0.9232 -0.0368
vn -0.9233 0.3825 -0.0337
vn 0.7066 -0.7066 -0.0377
vn 0.0383 0.0159 -0.9991
vn 0.0292 0.0293 -0.9991
vn -0.0293 -0.0292 -0.9991
vn -0.0434 0.1048 -0.9935
vn 0.5130 -0.5131 -0.6881
vn 0.4779 -0.4778 -0.7371
vn 0.6757 0.0001 -0.7372
vn 0.2586 0.6243 -0.7372
vn -0.0000 0.6757 -0.7372
vn -0.4780 0.4779 -0.7370
vn -0.6758 0.0001 -0.7371
vn -0.6244 -0.2586 -0.7371
vn -0.4777 -0.4777 -0.7373
vn -0.2586 -0.6243 -0.7371
vn 0.2586 -0.6243 -0.7371
vn 0.6246 0.2587 -0.7368
vn 0.4779 0.4781 -0.7369
vn -0.0000 0.6758 -0.7371
vn -0.2588 0.6245 -0.7369
vn -0.6759 -0.0000 -0.7370
vn -0.6248 -0.2588 -0.7367
vn -0.4781 -0.4780 -0.7369
vn -0.2588 -0.6246 -0.7368
vn 0.6703 -0.2776 -0.6882
vn 0.6701 0.2776 -0.6884
vn -0.2778 0.6701 -0.6883
vn -0.5127 0.5127 -0.6887
vn -0.6699 0.2775 -0.6886
vn -0.7257 -0.0000 -0.6880
vn 0.2776 0.6702 -0.6883
vn -0.0000 0.7255 -0.6883
vn -0.5130 0.5129 -0.6883
vn -0.7250 -0.0000 -0.6888
vn -0.5129 -0.5128 -0.6884
vn 0.2777 -0.6702 -0.6882
vn -0.0177 0.9998 -0.0132
vn -0.0158 0.9991 -0.0399
vn -0.0164 0.7376 -0.6750
vn -0.0263 0.8049 -0.5929
vn -0.0025 0.0231 -0.9997
vn -0.0033 0.0263 -0.9996
vn -0.0004 -0.2639 -0.9646
vn -0.0005 -0.2643 -0.9644
vn -0.0002 -0.9998 -0.0204
vn -0.0000 -0.9998 -0.0207
vn -0.0001 -0.2454 -0.9694
vn -0.0000 -0.9997 -0.0240
vn 0.0007 -0.9999 0.0121
vn 0.0001 -0.9998 0.0201
vn 0.0004 -0.2643 0.9644
vn 0.0551 -0.2832 0.9575
vn 0.0005 -0.2643 0.9644
vn -0.0001 -0.9998 0.0203
vn -0.3654 -0.2456 -0.8979
vn -0.0077 -0.9998 -0.0186
vn -0.6492 -0.2741 -0.7095
vn -0.0070 -0.9999 -0.0077
vn -0.0004 0.2639 -0.9645
vn -0.0001 0.2453 -0.9694
vn -0.0000 0.9997 -0.0240
vn -0.0000 0.9998 -0.0207
vn -0.0075 0.9998 -0.0186
vn -0.3654 0.2459 -0.8978
vn -0.0005 0.2642 -0.9645
vn -0.0000 0.9998 -0.0203
vn 0.0551 0.2831 0.9575
vn 0.0004 0.2643 0.9644
vn -0.0000 0.9998 0.0201
vn 0.0007 0.9999 0.0121
vn 0.0002 0.9998 0.0204
vn 0.0003 0.2643 0.9644
vn -0.6540 0.2470 -0.7151
vn 0.0261 0.9997 -0.0021
vn 0.0030 -1.0000 -0.0030
vn 0.0099 -1.0000 -0.0010
vn 0.9527 -0.2866 -0.1011
vn 0.6692 -0.3222 -0.6696
vn 0.9528 -0.2864 0.1012
vn 0.0115 -0.9999 0.0012
vn 0.6694 -0.3215 0.6698
vn 0.0040 -1.0000 0.0040
vn 0.6679 0.3268 -0.6687
vn 0.9513 0.2913 -0.1010
vn -0.0144 0.9999 0.0025
vn -0.0152 0.9999 0.0079
vn -0.0135 0.9999 0.0071
vn 0.9515 0.2906 0.1013
vn -0.0055 0.9999 0.0117
vn 0.6684 0.3230 0.6700
vn 0.0680 -0.2838 -0.9565
vn 0.0010 -0.9999 -0.0134
vn 0.0013 -0.9998 -0.0192
vn 0.0678 -0.2496 -0.9660
vn 0.0055 -1.0000 -0.0055
vn 0.6854 -0.2489 -0.6843
vn -0.0056 1.0000 0.0001
vn 0.0679 0.2866 -0.9556
vn 0.0683 0.2523 -0.9652
vn -0.0000 1.0000 -0.0055
vn 0.6883 0.2350 -0.6863
vn -0.0029 1.0000 -0.0019
vn 0.7654 0.1109 0.6340
vn 0.4071 0.3445 0.8459
vn 0.0171 -0.1039 0.9944
vn 0.0184 -0.7749 0.6319
vn 0.9538 -0.3005 -0.0014
vn 0.9336 -0.3417 0.1079
vn 0.0099 -0.9986 0.0519
vn 0.0137 -0.9999 -0.0000
vn 0.9605 -0.2652 -0.0843
vn 0.0138 -0.9999 -0.0013
vn 0.0810 0.8431 -0.5317
vn 0.0228 0.0313 -0.9993
vn 0.5906 0.5793 0.5618
vn 0.8009 0.4426 0.4032
vn 0.9832 0.1755 0.0501
vn -0.0034 1.0000 0.0024
vn 0.0007 1.0000 -0.0000
vn 0.9765 0.2155 -0.0025
vn 0.0008 1.0000 -0.0045
vn 0.9719 0.2187 -0.0871
vn 0.9765 0.2154 -0.0025
vn 0.6882 0.2351 -0.6864
vn 0.8009 0.4426 0.4033
vn -0.0124 0.9999 0.0082
vn 0.0006 -0.0351 0.9994
vn 0.0050 -0.7087 0.7055
vn 0.0006 -0.9976 0.0691
vn 0.7376 -0.0164 -0.6751
vn 0.9991 -0.0158 -0.0399
vn 0.9998 -0.0177 -0.0132
vn 0.8049 -0.0263 -0.5928
vn 0.0231 -0.0026 -0.9997
vn 0.0262 -0.0033 -0.9997
vn -0.9998 -0.0001 -0.0204
vn -0.2642 -0.0003 -0.9645
vn -0.2640 -0.0003 -0.9645
vn -0.9998 -0.0000 -0.0206
vn -0.2454 -0.0001 -0.9694
vn -0.9997 -0.0000 -0.0240
vn -0.2643 0.0003 0.9644
vn -0.9998 -0.0000 0.0202
vn -0.9999 0.0007 0.0121
vn -0.2831 0.0551 0.9575
vn -0.9998 0.0001 0.0203
vn -0.2457 -0.3654 -0.8979
vn -0.9998 -0.0075 -0.0187
vn -0.2741 -0.6492 -0.7095
vn -0.9999 -0.0070 -0.0076
vn 0.9997 -0.0000 -0.0240
vn 0.2454 -0.0001 -0.9694
vn 0.2640 -0.0003 -0.9645
vn 0.9998 -0.0000 -0.0206
vn 0.9998 -0.0075 -0.0186
vn 0.2460 -0.3654 -0.8977
vn 0.2643 -0.0004 -0.9644
vn 0.9998 -0.0001 -0.0203
vn 0.9998 0.0002 0.0202
vn 0.2643 0.0003 0.9644
vn 0.2831 0.0551 0.9575
vn 0.9999 0.0007 0.0122
vn 0.9998 0.0001 0.0203
vn 0.9997 0.0261 -0.0021
vn 0.2471 -0.6541 -0.7149
vn -0.2865 0.9527 -0.1011
vn -1.0000 0.0099 -0.0011
vn -1.0000 0.0030 -0.0030
vn -0.3221 0.6693 -0.6696
vn -0.2864 0.9528 0.1011
vn -0.9999 0.0114 0.0012
vn -0.3215 0.6694 0.6698
vn -1.0000 0.0040 0.0040
vn 0.9999 -0.0145 0.0024
vn 0.2912 0.9513 -0.1010
vn 0.3267 0.6679 -0.6687
vn 0.9999 -0.0152 0.0079
vn 0.9999 -0.0136 0.0070
vn 0.2906 0.9515 0.1013
vn 0.9999 -0.0055 0.0117
vn 0.3229 0.6684 0.6700
vn -0.9999 0.0009 -0.0134
vn -0.2838 0.0680 -0.9565
vn -0.9998 0.0013 -0.0192
vn -0.2497 0.0678 -0.9659
vn -1.0000 0.0054 -0.0055
vn -0.2489 0.6854 -0.6843
vn 0.2866 0.0679 -0.9556
vn 1.0000 -0.0056 0.0001
vn 0.2523 0.0683 -0.9652
vn 1.0000 -0.0001 -0.0055
vn 0.2351 0.6883 -0.6863
vn 1.0000 -0.0029 -0.0019
vn -0.1039 0.0170 0.9944
vn 0.3445 0.4072 0.8459
vn 0.1108 0.7654 0.6339
vn -0.7748 0.0184 0.6319
vn -0.9986 0.0100 0.0519
vn -0.3418 0.9336 0.1079
vn -0.3005 0.9538 -0.0014
vn -0.9999 0.0136 -0.0000
vn -0.2651 0.9605 -0.0843
vn -0.9999 0.0138 -0.0013
vn 0.5793 0.5906 0.5618
vn 0.0313 0.0227 -0.9993
vn 0.8431 0.0809 -0.5316
vn 0.4427 0.8009 0.4032
vn 1.0000 -0.0035 0.0025
vn 0.1755 0.9832 0.0501
vn 1.0000 0.0007 -0.0000
vn 0.2154 0.9765 -0.0025
vn 1.0000 0.0008 -0.0044
vn 0.2187 0.9719 -0.0871
vn 0.2866 0.0679 -0.9557
vn 0.2906 0.9515 0.1014
vn 0.3267 0.6679 -0.6688
vn 0.9999 -0.0124 0.0082
vn -0.0351 0.0006 0.9994
vn -0.7087 0.0050 0.7055
vn -0.9976 0.0006 0.0690
vn -0.0015 -0.0383 0.9993
vn -0.0530 -0.7598 0.6480
vn -0.0701 -0.9962 0.0524
vn -0.0843 -0.9964 -0.0003
vn 0.0762 0.9970 0.0116
vn 0.0616 0.9978 -0.0259
vn -0.0026 0.0266 -0.9996
vn 0.0408 0.7646 -0.6432
vn -0.5445 -0.3449 -0.7645
vn -0.0519 -0.9986 -0.0097
vn -0.4745 0.0666 -0.8777
vn 0.3843 0.3854 0.8389
vn 0.0079 0.0079 0.9999
vn 0.0147 0.0206 -0.9997
vn 0.6583 0.6630 0.3565
vn 0.0800 0.9968 0.0049
vn -0.0947 -0.9955 -0.0001
vn -0.0909 -0.9959 -0.0005
vn 0.0829 0.9965 0.0117
vn -0.0032 0.0263 -0.9996
vn -0.0027 0.0266 -0.9996
vn -0.7598 -0.0529 0.6480
vn -0.0383 -0.0015 0.9993
vn -0.9962 -0.0701 0.0523
vn -0.9964 -0.0843 -0.0001
vn 0.9978 0.0616 -0.0259
vn 0.9970 0.0762 0.0117
vn 0.0265 -0.0026 -0.9996
vn 0.7646 0.0409 -0.6432
vn -0.3450 -0.5445 -0.7645
vn -0.9986 -0.0519 -0.0096
vn 0.0666 -0.4747 -0.8776
vn 0.0080 0.0078 0.9999
vn 0.3854 0.3843 0.8389
vn 0.6630 0.6583 0.3565
vn 0.0206 0.0147 -0.9997
vn 0.9968 0.0800 0.0049
vn -0.9955 -0.0947 -0.0001
vn -0.9959 -0.0909 -0.0005
vn 0.9965 0.0828 0.0117
vn 0.0266 -0.0025 -0.9996
vn 0.0263 -0.0033 -0.9996
vn -0.7071 -0.7071 -0.0004
vn -0.7071 -0.7071 -0.0005
vn -0.7072 -0.7071 -0.0033
vn -0.7071 -0.7071 -0.0032
vn -0.7068 -0.7067 -0.0327
vn 0.7071 0.7071 0.0065
vn 0.7070 0.7070 0.0201
vn 0.7070 0.7069 0.0202
vn 0.7068 0.7069 0.0271
vn 0.7068 0.7069 0.0270
vn -0.2654 -0.2655 -0.9269
vn -0.2655 -0.2655 -0.9268
vn -0.4515 -0.4515 0.7696
vn -0.0219 -0.0219 0.9995
vn -0.0220 -0.0219 0.9995
vn 0.0043 0.0044 1.0000
vn 0.0042 0.0044 1.0000
vn -0.7051 -0.7051 0.0753
vn 0.7070 0.7071 0.0122
vn 0.7070 0.7071 0.0123
vn 0.7065 0.7065 -0.0405
vn 0.0118 0.0118 -0.9999
vn 0.4552 0.4552 -0.7653
vn 0.4552 0.4552 -0.7652
vn -0.4910 -0.4910 -0.7196
vn 0.3914 0.3914 0.8329
vn 0.3913 0.3913 0.8329
vn 0.6731 0.6732 0.3061
vn 0.6732 0.6732 0.3061
vn 0.6732 0.6731 0.3061
vn 0.0080 0.0082 -0.9999
vn 0.0081 0.0082 -0.9999
vn -0.0164 -0.7376 -0.6751
vn -0.0158 -0.9991 -0.0399
vn -0.0177 -0.9998 -0.0132
vn -0.0263 -0.8049 -0.5929
vn -0.0026 -0.0231 -0.9997
vn -0.0033 -0.0263 -0.9996
vn -0.0001 0.9998 -0.0204
vn -0.0005 0.2643 -0.9644
vn -0.0001 0.2454 -0.9694
vn -0.0000 0.9998 0.0200
vn 0.0008 0.9999 0.0121
vn 0.0005 0.2643 0.9644
vn 0.0002 0.9998 0.0203
vn -0.3654 0.2456 -0.8979
vn -0.0075 0.9998 -0.0187
vn -0.6492 0.2740 -0.7095
vn -0.0070 0.9999 -0.0077
vn -0.0000 -0.9997 -0.0241
vn -0.0004 -0.2639 -0.9645
vn -0.0075 -0.9998 -0.0187
vn -0.3654 -0.2459 -0.8978
vn -0.0005 -0.2642 -0.9645
vn -0.0002 -0.9998 -0.0203
vn -0.0002 -0.9998 0.0201
vn 0.0551 -0.2831 0.9575
vn -0.0000 -0.9998 0.0203
vn 0.0261 -0.9997 -0.0021
vn -0.6540 -0.2470 -0.7150
vn 0.9527 0.2866 -0.1011
vn 0.0099 1.0000 -0.0011
vn 0.0030 1.0000 -0.0030
vn 0.6692 0.3222 -0.6696
vn 0.9527 0.2864 0.1012
vn 0.0115 0.9999 0.0012
vn 0.6694 0.3215 0.6697
vn 0.0040 1.0000 0.0040
vn -0.0144 -0.9999 0.0024
vn 0.9513 -0.2913 -0.1010
vn 0.6679 -0.3269 -0.6686
vn -0.0151 -0.9999 0.0079
vn -0.0135 -0.9999 0.0071
vn 0.9515 -0.2906 0.1013
vn -0.0055 -0.9999 0.0117
vn 0.6684 -0.3230 0.6700
vn 0.0010 0.9999 -0.0134
vn 0.0680 0.2837 -0.9565
vn 0.0013 0.9998 -0.0192
vn 0.0678 0.2496 -0.9660
vn 0.0055 1.0000 -0.0055
vn 0.6855 0.2488 -0.6843
vn 0.0679 -0.2866 -0.9556
vn -0.0056 -1.0000 0.0001
vn 0.0683 -0.2523 -0.9652
vn -0.0000 -1.0000 -0.0055
vn 0.6883 -0.2351 -0.6863
vn -0.0029 -1.0000 -0.0019
vn 0.0171 0.1039 0.9944
vn 0.4071 -0.3445 0.8459
vn 0.7654 -0.1109 0.6339
vn 0.0184 0.7748 0.6320
vn 0.0099 0.9986 0.0519
vn 0.9336 0.3417 0.1079
vn 0.9538 0.3005 -0.0014
vn 0.0137 0.9999 -0.0000
vn 0.9605 0.2652 -0.0843
vn 0.0138 0.9999 -0.0012
vn 0.5905 -0.5792 0.5620
vn 0.0227 -0.0313 -0.9993
vn 0.0810 -0.8431 -0.5316
vn 0.8009 -0.4427 0.4032
vn -0.0034 -1.0000 0.0025
vn 0.9832 -0.1756 0.0500
vn 0.0007 -1.0000 0.0001
vn 0.9765 -0.2154 -0.0025
vn 0.0008 -1.0000 -0.0046
vn 0.9719 -0.2187 -0.0871
vn 0.0678 -0.2867 -0.9556
vn 0.9765 -0.2155 -0.0025
vn 0.0003 -0.2643 0.9644
vn 0.9515 -0.2906 0.1014
vn 0.6684 -0.3230 0.6701
vn -0.0124 -0.9999 0.0082
vn 0.0006 0.0351 0.9994
vn 0.0050 0.7087 0.7055
vn 0.0006 0.9976 0.0691
vn 0.9998 0.0177 -0.0132
vn 0.9991 0.0158 -0.0399
vn 0.7376 0.0164 -0.6751
vn 0.8049 0.0263 -0.5928
vn 0.0231 0.0025 -0.9997
vn 0.0263 0.0033 -0.9996
vn -0.2640 0.0003 -0.9645
vn -0.2642 0.0003 -0.9645
vn -0.9998 0.0001 -0.0204
vn -0.9998 -0.0001 -0.0206
vn -0.2454 0.0001 -0.9694
vn -0.9999 -0.0007 0.0121
vn -0.9998 -0.0001 0.0201
vn -0.2643 -0.0003 0.9644
vn -0.2831 -0.0551 0.9575
vn -0.9998 -0.0002 0.0203
vn -0.2457 0.3653 -0.8979
vn -0.9998 0.0077 -0.0186
vn -0.2741 0.6492 -0.7095
vn -0.9999 0.0070 -0.0076
vn 0.2640 0.0003 -0.9645
vn 0.2453 0.0001 -0.9694
vn 0.9998 -0.0002 -0.0205
vn 0.9998 0.0075 -0.0186
vn 0.2460 0.3654 -0.8977
vn 0.2643 0.0003 -0.9644
vn 0.2831 -0.0551 0.9575
vn 0.2643 -0.0003 0.9644
vn 0.9998 -0.0000 0.0201
vn 0.9999 -0.0007 0.0121
vn 0.9998 -0.0001 0.0203
vn 0.2643 -0.0000 0.9644
vn 0.2471 0.6540 -0.7150
vn 0.9997 -0.0261 -0.0022
vn -1.0000 -0.0030 -0.0030
vn -1.0000 -0.0099 -0.0011
vn -0.2865 -0.9527 -0.1011
vn -0.3221 -0.6693 -0.6696
vn -0.2864 -0.9528 0.1011
vn -0.9999 -0.0114 0.0012
vn -0.3216 -0.6693 0.6698
vn -1.0000 -0.0039 0.0041
vn 0.3267 -0.6679 -0.6687
vn 0.2913 -0.9513 -0.1010
vn 0.9999 0.0144 0.0024
vn 0.9999 0.0152 0.0079
vn 0.9999 0.0135 0.0071
vn 0.2907 -0.9514 0.1013
vn 0.9999 0.0055 0.0117
vn 0.3230 -0.6684 0.6700
vn -0.2838 -0.0680 -0.9565
vn -0.9999 -0.0009 -0.0134
vn -0.9998 -0.0013 -0.0192
vn -0.2496 -0.0678 -0.9660
vn -1.0000 -0.0055 -0.0055
vn -0.2488 -0.6854 -0.6843
vn 1.0000 0.0057 0.0001
vn 0.2866 -0.0678 -0.9556
vn 0.2523 -0.0683 -0.9652
vn 1.0000 -0.0000 -0.0054
vn 0.2352 -0.6882 -0.6863
vn 1.0000 0.0029 -0.0019
vn 0.1108 -0.7654 0.6339
vn 0.3445 -0.4071 0.8459
vn -0.1039 -0.0171 0.9944
vn -0.7749 -0.0184 0.6319
vn -0.3005 -0.9538 -0.0014
vn -0.3418 -0.9335 0.1079
vn -0.9986 -0.0098 0.0520
vn -0.9999 -0.0136 -0.0001
vn -0.2651 -0.9605 -0.0843
vn -0.9999 -0.0138 -0.0012
vn 0.8431 -0.0809 -0.5317
vn 0.0313 -0.0227 -0.9993
vn 0.5792 -0.5905 0.5620
vn 0.4427 -0.8008 0.4033
vn 0.1755 -0.9832 0.0501
vn 1.0000 0.0034 0.0024
vn 1.0000 -0.0007 0.0001
vn 0.2154 -0.9765 -0.0025
vn 1.0000 -0.0008 -0.0045
vn 0.2187 -0.9719 -0.0871
vn 0.2866 -0.0679 -0.9556
vn 0.3267 -0.6678 -0.6688
vn 0.2351 -0.6883 -0.6863
vn 0.4427 -0.8009 0.4033
vn 0.3229 -0.6684 0.6700
vn 0.9999 0.0124 0.0082
vn -0.0351 -0.0006 0.9994
vn -0.7087 -0.0050 0.7055
vn -0.9976 -0.0006 0.0690
vn -0.0530 0.7598 0.6480
vn -0.0015 0.0383 0.9993
vn -0.0701 0.9962 0.0524
vn -0.0843 0.9964 -0.0001
vn 0.0616 -0.9978 -0.0260
vn 0.0762 -0.9970 0.0117
vn -0.0026 -0.0266 -0.9996
vn 0.0408 -0.7645 -0.6433
vn -0.5445 0.3450 -0.7645
vn -0.0519 0.9986 -0.0096
vn -0.4746 -0.0666 -0.8777
vn 0.0078 -0.0079 0.9999
vn 0.3842 -0.3854 0.8390
vn 0.6583 -0.6630 0.3565
vn 0.0148 -0.0205 -0.9997
vn 0.0800 -0.9968 0.0049
vn 0.6582 -0.6630 0.3565
vn -0.0947 0.9955 -0.0001
vn -0.0910 0.9959 -0.0005
vn 0.0829 -0.9965 0.0117
vn -0.0025 -0.0265 -0.9996
vn -0.0027 -0.0231 -0.9997
vn -0.0033 -0.0262 -0.9997
vn -0.0383 0.0015 0.9993
vn -0.7599 0.0529 0.6479
vn -0.9962 0.0701 0.0524
vn -0.9964 0.0843 -0.0000
vn 0.9970 -0.0762 0.0117
vn 0.9978 -0.0616 -0.0259
vn 0.0265 0.0026 -0.9996
vn 0.7645 -0.0408 -0.6433
vn -0.3450 0.5445 -0.7645
vn -0.9986 0.0519 -0.0097
vn 0.0666 0.4747 -0.8776
vn 0.3854 -0.3843 0.8389
vn 0.0206 -0.0148 -0.9997
vn 0.6630 -0.6582 0.3566
vn 0.9968 -0.0799 0.0048
vn 0.6629 -0.6583 0.3566
vn -0.9955 0.0947 -0.0001
vn -0.9959 0.0909 -0.0005
vn 0.9965 -0.0828 0.0117
vn 0.0266 0.0025 -0.9996
vn -0.7071 0.7071 -0.0004
vn -0.7071 0.7071 -0.0005
vn -0.7071 0.7071 -0.0032
vn -0.7068 0.7067 -0.0327
vn -0.7067 0.7067 -0.0327
vn 0.7071 -0.7071 0.0065
vn 0.7070 -0.7070 0.0201
vn 0.7069 -0.7070 0.0201
vn 0.7068 -0.7069 0.0270
vn 0.7068 -0.7069 0.0271
vn -0.2655 0.2655 -0.9268
vn -0.2654 0.2655 -0.9269
vn -0.4515 0.4515 0.7696
vn -0.0219 0.0219 0.9995
vn 0.0043 -0.0044 1.0000
vn 0.0043 -0.0043 1.0000
vn -0.7051 0.7051 0.0754
vn 0.7070 -0.7071 0.0123
vn 0.7070 -0.7071 0.0122
vn 0.7065 -0.7065 -0.0405
vn 0.0118 -0.0118 -0.9999
vn 0.4552 -0.4552 -0.7652
vn -0.4910 0.4910 -0.7196
vn 0.3914 -0.3913 0.8329
vn 0.3913 -0.3913 0.8329
vn 0.6731 -0.6732 0.3061
vn 0.6732 -0.6731 0.3061
vn 0.6733 -0.6730 0.3061
vn 0.0080 -0.0082 -0.9999
vn 0.0081 -0.0082 -0.9999
vn 0.0177 -0.9998 -0.0131
vn 0.0158 -0.9991 -0.0399
vn 0.0164 -0.7376 -0.6750
vn 0.0263 -0.8050 -0.5927
vn 0.0026 -0.0231 -0.9997
vn 0.0033 -0.0263 -0.9996
vn 0.0004 0.2639 -0.9645
vn 0.0003 0.2643 -0.9644
vn 0.0002 0.9998 -0.0204
vn 0.0002 0.9998 -0.0207
vn 0.0001 0.2454 -0.9694
vn -0.0007 0.9999 0.0121
vn -0.0001 0.9998 0.0200
vn -0.0004 0.2643 0.9644
vn -0.0551 0.2831 0.9575
vn -0.0005 0.2643 0.9644
vn 0.3654 0.2456 -0.8979
vn 0.0075 0.9998 -0.0186
vn 0.6492 0.2741 -0.7095
vn 0.0070 0.9999 -0.0076
vn 0.0004 -0.2639 -0.9645
vn 0.0001 -0.2454 -0.9694
vn -0.0002 -0.9998 -0.0207
vn 0.0076 -0.9998 -0.0187
vn 0.3654 -0.2461 -0.8977
vn 0.0005 -0.2643 -0.9645
vn -0.0001 -0.9998 -0.0203
vn -0.0551 -0.2831 0.9575
vn -0.0004 -0.2643 0.9644
vn -0.0000 -0.9998 0.0201
vn -0.0007 -0.9999 0.0121
vn -0.0002 -0.9998 0.0203
vn -0.0003 -0.2643 0.9644
vn 0.6540 -0.2471 -0.7150
vn -0.0261 -0.9997 -0.0021
vn -0.0030 1.0000 -0.0030
vn -0.0099 1.0000 -0.0011
vn -0.9527 0.2866 -0.1010
vn -0.6692 0.3223 -0.6695
vn -0.9527 0.2865 0.1012
vn -0.0114 0.9999 0.0012
vn -0.6693 0.3217 0.6697
vn -0.0042 1.0000 0.0038
vn -0.6679 -0.3267 -0.6687
vn -0.9513 -0.2913 -0.1010
vn 0.0144 -0.9999 0.0025
vn 0.0151 -0.9999 0.0080
vn 0.0135 -0.9999 0.0070
vn -0.9515 -0.2906 0.1013
vn 0.0055 -0.9999 0.0117
vn -0.6685 -0.3229 0.6700
vn -0.0680 0.2839 -0.9565
vn -0.0010 0.9999 -0.0134
vn -0.0013 0.9998 -0.0192
vn -0.0678 0.2496 -0.9660
vn -0.0055 1.0000 -0.0055
vn -0.6854 0.2487 -0.6844
vn 0.0056 -1.0000 0.0002
vn -0.0679 -0.2867 -0.9556
vn -0.0683 -0.2523 -0.9652
vn 0.0001 -1.0000 -0.0055
vn -0.6883 -0.2351 -0.6863
vn 0.0029 -1.0000 -0.0020
vn -0.7654 -0.1109 0.6340
vn -0.4071 -0.3446 0.8459
vn -0.0171 0.1040 0.9944
vn -0.0185 0.7749 0.6319
vn -0.9537 0.3006 -0.0014
vn -0.9335 0.3420 0.1079
vn -0.0099 0.9986 0.0518
vn -0.0136 0.9999 -0.0000
vn -0.9605 0.2651 -0.0843
vn -0.0138 0.9999 -0.0012
vn -0.0811 -0.8432 -0.5315
vn -0.0227 -0.0313 -0.9993
vn -0.5904 -0.5792 0.5621
vn -0.8009 -0.4426 0.4033
vn -0.9832 -0.1755 0.0501
vn 0.0034 -1.0000 0.0025
vn -0.0007 -1.0000 -0.0000
vn -0.9765 -0.2154 -0.0025
vn -0.0008 -1.0000 -0.0045
vn -0.9719 -0.2187 -0.0871
vn -0.0683 -0.2524 -0.9652
vn -0.9515 -0.2906 0.1014
vn -0.9513 -0.2912 -0.1010
vn -0.6883 -0.2352 -0.6863
vn -0.5905 -0.5792 0.5620
vn -0.6685 -0.3230 0.6699
vn 0.0124 -0.9999 0.0082
vn -0.0006 0.0351 0.9994
vn -0.0050 0.7087 0.7055
vn -0.0006 0.9976 0.0691
vn -0.7375 0.0164 -0.6751
vn -0.9991 0.0158 -0.0399
vn -0.9998 0.0177 -0.0132
vn -0.8049 0.0263 -0.5929
vn -0.0231 0.0026 -0.9997
vn -0.0262 0.0033 -0.9997
vn 0.9998 -0.0001 -0.0204
vn 0.2454 0.0001 -0.9694
vn 0.9998 -0.0000 0.0202
vn 0.2644 -0.0003 0.9644
vn 0.2456 0.3653 -0.8979
vn 0.2741 0.6492 -0.7095
vn 0.9999 0.0070 -0.0076
vn -0.9998 0.0075 -0.0187
vn -0.2460 0.3653 -0.8978
vn -0.2643 0.0003 -0.9644
vn -0.9998 -0.0001 0.0202
vn -0.9998 -0.0003 0.0204
vn -0.2644 -0.0003 0.9644
vn -0.9997 -0.0261 -0.0021
vn -0.2472 0.6539 -0.7151
vn 0.2865 -0.9527 -0.1010
vn 1.0000 -0.0099 -0.0011
vn 1.0000 -0.0030 -0.0030
vn 0.3221 -0.6694 -0.6695
vn 0.2864 -0.9528 0.1011
vn 0.9999 -0.0114 0.0012
vn 0.3215 -0.6693 0.6698
vn 1.0000 -0.0040 0.0040
vn -0.9999 0.0144 0.0026
vn -0.2912 -0.9513 -0.1010
vn -0.3266 -0.6679 -0.6688
vn -0.9999 0.0151 0.0079
vn -0.9999 0.0135 0.0071
vn -0.2905 -0.9515 0.1013
vn -0.9999 0.0055 0.0117
vn -0.3230 -0.6684 0.6700
vn 0.9999 -0.0010 -0.0134
vn 0.2838 -0.0680 -0.9565
vn 0.9998 -0.0013 -0.0192
vn 0.2496 -0.0678 -0.9660
vn 1.0000 -0.0055 -0.0055
vn 0.2488 -0.6854 -0.6843
vn -0.2866 -0.0678 -0.9557
vn -1.0000 0.0056 0.0001
vn -0.2523 -0.0683 -0.9652
vn -1.0000 -0.0000 -0.0055
vn -0.2351 -0.6883 -0.6863
vn -1.0000 0.0029 -0.0019
vn 0.1039 -0.0170 0.9944
vn -0.3446 -0.4072 0.8458
vn -0.1108 -0.7654 0.6340
vn 0.7748 -0.0184 0.6320
vn 0.9986 -0.0099 0.0519
vn 0.3417 -0.9336 0.1079
vn 0.3005 -0.9538 -0.0014
vn 0.9999 -0.0136 -0.0000
vn 0.2651 -0.9605 -0.0843
vn 0.9999 -0.0138 -0.0013
vn -0.5793 -0.5905 0.5619
vn -0.0312 -0.0228 -0.9993
vn -0.8431 -0.0811 -0.5316
vn -0.4427 -0.8009 0.4033
vn -1.0000 0.0034 0.0024
vn -0.1755 -0.9832 0.0501
vn -1.0000 -0.0007 0.0001
vn -0.2154 -0.9765 -0.0025
vn -1.0000 -0.0008 -0.0045
vn -0.2187 -0.9719 -0.0871
vn -0.2866 -0.0679 -0.9556
vn -0.2905 -0.9515 0.1014
vn -0.2911 -0.9513 -0.1010
vn -0.5792 -0.5905 0.5619
vn -0.9999 0.0124 0.0082
vn 0.0351 -0.0006 0.9994
vn 0.7086 -0.0050 0.7056
vn 0.9976 -0.0006 0.0690
vn 0.0015 0.0383 0.9993
vn 0.0530 0.7598 0.6480
vn 0.0701 0.9962 0.0524
vn 0.0843 0.9964 -0.0003
vn -0.0762 -0.9970 0.0116
vn -0.0616 -0.9978 -0.0259
vn 0.0026 -0.0265 -0.9996
vn -0.0408 -0.7645 -0.6433
vn 0.5445 0.3450 -0.7645
vn 0.0519 0.9986 -0.0096
vn 0.4746 -0.0667 -0.8777
vn -0.3843 -0.3854 0.8389
vn -0.0079 -0.0079 0.9999
vn -0.0147 -0.0206 -0.9997
vn -0.6583 -0.6630 0.3566
vn -0.0800 -0.9968 0.0049
vn -0.6582 -0.6630 0.3566
vn 0.0947 0.9955 -0.0001
vn 0.0909 0.9959 -0.0005
vn -0.0829 -0.9965 0.0117
vn 0.0025 -0.0230 -0.9997
vn 0.0025 -0.0265 -0.9996
vn 0.7598 0.0529 0.6480
vn 0.0383 0.0015 0.9993
vn 0.9962 0.0701 0.0523
vn 0.9964 0.0843 -0.0001
vn -0.9978 -0.0616 -0.0259
vn -0.9970 -0.0762 0.0116
vn -0.0265 0.0026 -0.9996
vn -0.7646 -0.0408 -0.6432
vn 0.3450 0.5446 -0.7645
vn 0.9986 0.0519 -0.0096
vn -0.0666 0.4745 -0.8777
vn -0.0078 -0.0078 0.9999
vn -0.3855 -0.3843 0.8389
vn -0.6630 -0.6583 0.3565
vn -0.0205 -0.0148 -0.9997
vn -0.9968 -0.0799 0.0049
vn 0.9955 0.0947 -0.0001
vn 0.9959 0.0909 -0.0005
vn -0.9965 -0.0829 0.0117
vn -0.0266 0.0025 -0.9996
vn -0.0263 0.0033 -0.9996
vn 0.7071 0.7071 -0.0004
vn 0.7071 0.7071 -0.0005
vn 0.7071 0.7071 -0.0033
vn 0.7067 0.7067 -0.0327
vn -0.7071 -0.7071 0.0065
vn -0.7070 -0.7069 0.0201
vn -0.7070 -0.7069 0.0202
vn -0.7069 -0.7068 0.0271
vn 0.2654 0.2655 -0.9269
vn 0.4515 0.4515 0.7696
vn 0.0219 0.0219 0.9995
vn 0.0220 0.0219 0.9995
vn -0.0043 -0.0043 1.0000
vn -0.0044 -0.0044 1.0000
vn 0.7051 0.7051 0.0754
vn 0.7051 0.7051 0.0753
vn -0.7071 -0.7070 0.0122
vn -0.7065 -0.7065 -0.0405
vn -0.0118 -0.0118 -0.9999
vn -0.4552 -0.4552 -0.7653
vn 0.4910 0.4910 -0.7196
vn 0.4910 0.4910 -0.7197
vn -0.3914 -0.3914 0.8328
vn -0.3914 -0.3913 0.8329
vn -0.6733 -0.6731 0.3060
vn -0.6732 -0.6732 0.3061
vn -0.6732 -0.6732 0.3060
vn -0.0082 -0.0081 -0.9999
vn -0.0081 -0.0082 -0.9999
vn 0.0164 0.7376 -0.6751
vn 0.0158 0.9991 -0.0399
vn 0.0177 0.9998 -0.0132
vn 0.0263 0.8049 -0.5928
vn 0.0027 0.0231 -0.9997
vn 0.0033 0.0263 -0.9996
vn -0.0000 -0.9998 -0.0204
vn 0.0005 -0.2643 -0.9644
vn 0.0004 -0.2639 -0.9646
vn 0.0001 -0.9997 -0.0240
vn -0.0005 -0.2643 0.9644
vn 0.3654 -0.2457 -0.8979
vn 0.0075 -0.9998 -0.0187
vn 0.6493 -0.2741 -0.7094
vn 0.0070 -0.9999 -0.0077
vn 0.0004 0.2639 -0.9646
vn 0.0076 0.9998 -0.0186
vn 0.3653 0.2460 -0.8978
vn 0.0004 0.2642 -0.9645
vn 0.0002 0.9998 -0.0203
vn -0.0001 0.9998 0.0201
vn -0.0001 0.9998 0.0203
vn -0.0260 0.9997 -0.0021
vn 0.6540 0.2471 -0.7150
vn -0.9527 -0.2866 -0.1011
vn -0.0099 -1.0000 -0.0010
vn -0.0030 -1.0000 -0.0030
vn -0.6692 -0.3223 -0.6696
vn -0.9527 -0.2865 0.1012
vn -0.0114 -0.9999 0.0012
vn -0.6693 -0.3217 0.6697
vn -0.0039 -1.0000 0.0039
vn 0.0144 0.9999 0.0025
vn -0.9513 0.2913 -0.1010
vn -0.6679 0.3267 -0.6688
vn 0.0152 0.9999 0.0079
vn 0.0135 0.9999 0.0071
vn -0.9515 0.2906 0.1014
vn 0.0055 0.9999 0.0117
vn -0.6684 0.3229 0.6701
vn -0.0010 -0.9999 -0.0134
vn -0.0680 -0.2839 -0.9565
vn -0.0013 -0.9998 -0.0192
vn -0.0678 -0.2496 -0.9660
vn -0.0055 -1.0000 -0.0056
vn -0.6854 -0.2487 -0.6844
vn -0.0678 0.2866 -0.9556
vn 0.0056 1.0000 0.0001
vn -0.0683 0.2523 -0.9652
vn -0.6882 0.2352 -0.6864
vn 0.0029 1.0000 -0.0019
vn -0.0171 -0.1040 0.9944
vn -0.4071 0.3446 0.8459
vn -0.7653 0.1108 0.6340
vn -0.0184 -0.7748 0.6319
vn -0.0098 -0.9986 0.0520
vn -0.9335 -0.3421 0.1079
vn -0.9538 -0.3005 -0.0014
vn -0.0136 -0.9999 -0.0000
vn -0.9606 -0.2650 -0.0843
vn -0.0138 -0.9999 -0.0012
vn -0.5905 0.5793 0.5619
vn -0.0227 0.0313 -0.9993
vn -0.0810 0.8431 -0.5317
vn -0.8009 0.4426 0.4034
vn 0.0034 1.0000 0.0024
vn -0.9832 0.1755 0.0500
vn -0.0007 1.0000 -0.0000
vn -0.9765 0.2154 -0.0025
vn -0.0008 1.0000 -0.0045
vn -0.9719 0.2187 -0.0871
vn -0.0684 0.2523 -0.9652
vn -0.9765 0.2155 -0.0025
vn -0.9515 0.2906 0.1013
vn -0.6679 0.3267 -0.6687
vn -0.6882 0.2352 -0.6863
vn -0.5906 0.5793 0.5618
vn -0.8009 0.4425 0.4034
vn -0.9832 0.1756 0.0501
vn -0.6684 0.3229 0.6700
vn 0.0124 0.9999 0.0082
vn -0.0006 -0.0351 0.9994
vn -0.0050 -0.7087 0.7055
vn -0.0006 -0.9976 0.0691
vn -0.9998 -0.0177 -0.0131
vn -0.9991 -0.0158 -0.0398
vn -0.7375 -0.0164 -0.6751
vn -0.8049 -0.0263 -0.5928
vn -0.0231 -0.0026 -0.9997
vn -0.0263 -0.0033 -0.9996
vn 0.2643 -0.0003 -0.9644
vn 0.9998 -0.0004 -0.0206
vn 0.9999 0.0007 0.0121
vn 0.2644 0.0003 0.9644
vn 0.9998 -0.0000 0.0203
vn 0.2456 -0.3654 -0.8979
vn 0.9998 -0.0077 -0.0185
vn 0.2741 -0.6492 -0.7095
vn 0.9999 -0.0070 -0.0077
vn -0.9998 -0.0076 -0.0187
vn -0.2460 -0.3653 -0.8978
vn -0.2643 -0.0003 -0.9644
vn -0.9998 -0.0000 0.0201
vn -0.2644 0.0002 0.9644
vn -0.2472 -0.6539 -0.7151
vn -0.9997 0.0261 -0.0022
vn 1.0000 0.0030 -0.0030
vn 1.0000 0.0099 -0.0010
vn 0.2865 0.9527 -0.1011
vn 0.3221 0.6693 -0.6696
vn 0.2864 0.9527 0.1012
vn 0.9999 0.0115 0.0012
vn 0.3216 0.6693 0.6698
vn 1.0000 0.0041 0.0039
vn -0.3267 0.6679 -0.6687
vn -0.2912 0.9513 -0.1010
vn -0.9999 -0.0144 0.0025
vn -0.9999 -0.0151 0.0079
vn -0.9999 -0.0135 0.0071
vn -0.2905 0.9515 0.1013
vn -0.9999 -0.0055 0.0117
vn -0.3230 0.6685 0.6700
vn 0.2838 0.0680 -0.9565
vn 0.9999 0.0009 -0.0134
vn 0.9998 0.0013 -0.0192
vn 0.2496 0.0678 -0.9660
vn 1.0000 0.0055 -0.0055
vn 0.2488 0.6854 -0.6843
vn -1.0000 -0.0056 0.0001
vn -0.2866 0.0678 -0.9556
vn -0.2523 0.0683 -0.9652
vn -0.2351 0.6883 -0.6863
vn -1.0000 -0.0029 -0.0020
vn -0.1108 0.7654 0.6340
vn -0.3447 0.4072 0.8458
vn 0.1039 0.0171 0.9944
vn 0.7748 0.0184 0.6319
vn 0.3005 0.9538 -0.0014
vn 0.3418 0.9336 0.1079
vn 0.9986 0.0099 0.0519
vn 0.9999 0.0136 -0.0000
vn 0.2651 0.9605 -0.0843
vn 0.9999 0.0138 -0.0012
vn -0.8431 0.0811 -0.5316
vn -0.0313 0.0227 -0.9993
vn -0.5793 0.5906 0.5619
vn -0.4427 0.8009 0.4032
vn -0.1755 0.9832 0.0501
vn -1.0000 -0.0035 0.0024
vn -1.0000 0.0007 -0.0000
vn -0.2154 0.9765 -0.0025
vn -1.0000 0.0008 -0.0045
vn -0.2187 0.9719 -0.0871
vn -0.2866 0.0678 -0.9557
vn -0.2905 0.9515 0.1014
vn -0.3267 0.6679 -0.6688
vn -0.2351 0.6883 -0.6862
vn -0.5792 0.5906 0.5619
vn -0.1755 0.9832 0.0500
vn -0.9999 -0.0124 0.0082
vn 0.0351 0.0006 0.9994
vn 0.7086 0.0050 0.7056
vn 0.9976 0.0006 0.0690
vn 0.0529 -0.7599 0.6479
vn 0.0015 -0.0383 0.9993
vn 0.0701 -0.9962 0.0523
vn 0.0843 -0.9964 -0.0001
vn -0.0616 0.9978 -0.0259
vn -0.0762 0.9970 0.0117
vn 0.0026 0.0266 -0.9996
vn -0.0408 0.7646 -0.6432
vn 0.5445 -0.3451 -0.7645
vn 0.0519 -0.9986 -0.0096
vn 0.4745 0.0667 -0.8777
vn -0.0079 0.0079 0.9999
vn -0.3843 0.3855 0.8389
vn -0.6583 0.6630 0.3565
vn -0.0148 0.0206 -0.9997
vn -0.0800 0.9968 0.0048
vn 0.0947 -0.9955 -0.0001
vn 0.0909 -0.9959 -0.0005
vn -0.0829 0.9965 0.0117
vn 0.0025 0.0265 -0.9996
vn 0.0383 -0.0015 0.9993
vn 0.7598 -0.0530 0.6480
vn 0.9962 -0.0701 0.0523
vn 0.9964 -0.0843 -0.0000
vn -0.9970 0.0762 0.0117
vn -0.9978 0.0616 -0.0259
vn -0.0265 -0.0026 -0.9996
vn -0.7646 0.0408 -0.6432
vn 0.3450 -0.5445 -0.7645
vn 0.9986 -0.0519 -0.0096
vn -0.0667 -0.4745 -0.8777
vn -0.3855 0.3844 0.8388
vn -0.0078 0.0078 0.9999
vn -0.0206 0.0148 -0.9997
vn -0.6630 0.6583 0.3566
vn -0.9968 0.0800 0.0049
vn 0.9955 -0.0947 -0.0001
vn 0.9959 -0.0909 -0.0005
vn -0.9965 0.0829 0.0117
vn -0.0231 -0.0025 -0.9997
vn -0.0265 -0.0025 -0.9996
vn 0.7071 -0.7071 -0.0004
vn 0.7071 -0.7071 -0.0005
vn 0.7071 -0.7071 -0.0032
vn 0.7067 -0.7068 -0.0327
vn 0.7067 -0.7067 -0.0327
vn -0.7071 0.7071 0.0065
vn -0.7070 0.7070 0.0201
vn -0.7070 0.7069 0.0202
vn -0.7069 0.7068 0.0271
vn 0.2654 -0.2655 -0.9269
vn 0.4515 -0.4515 0.7696
vn 0.0219 -0.0219 0.9995
vn 0.0220 -0.0219 0.9995
vn 0.4515 -0.4514 0.7696
vn -0.0044 0.0043 1.0000
vn 0.7051 -0.7051 0.0753
vn -0.7071 0.7070 0.0122
vn -0.7065 0.7065 -0.0405
vn -0.0118 0.0118 -0.9999
vn -0.4552 0.4552 -0.7653
vn 0.4910 -0.4910 -0.7196
vn -0.3914 0.3912 0.8329
vn -0.3914 0.3913 0.8329
vn -0.6732 0.6731 0.3061
vn -0.6732 0.6732 0.3061
vn -0.0079 0.0084 -0.9999
vn -0.0081 0.0082 -0.9999
vn -0.6731 0.6732 0.3061
vn -0.0062 -0.0025 1.0000
vn -0.0042 -0.7072 0.7070
vn -0.0000 -0.7072 0.7071
vn -0.0062 -0.9997 0.0221
vn -0.0000 -0.9998 0.0223
vn -0.9998 0.0023 0.0222
vn -0.9998 -0.0023 0.0222
vn -0.7077 -0.0016 0.7065
vn -0.7071 0.0015 0.7071
vn -0.0063 0.0022 1.0000
vn -0.0000 0.9998 0.0223
vn -0.0062 0.9997 0.0221
vn -0.0042 0.7071 0.7071
vn -0.0000 0.0022 1.0000
vn 0.0064 -0.0022 -1.0000
vn 0.0064 0.0025 -1.0000
vn 0.6965 0.0017 -0.7176
vn 0.6973 -0.0015 -0.7168
vn 0.9963 0.0023 -0.0863
vn 0.9963 -0.0023 -0.0862
vn -0.0000 0.9977 -0.0679
vn 0.0059 0.9977 -0.0668
vn 0.0043 0.7014 -0.7127
vn -0.0000 0.6976 -0.7165
vn -0.0000 -0.0022 -1.0000
vn 0.0043 -0.7010 -0.7131
vn 0.0001 -0.6976 -0.7165
vn 0.0059 -0.9978 -0.0661
vn -0.0000 -0.9977 -0.0671
vn 0.0063 0.0022 1.0000
vn 0.0062 -0.0025 1.0000
vn 0.7064 -0.0017 0.7078
vn 0.7071 0.0015 0.7071
vn 0.9998 -0.0023 0.0222
vn 0.9998 0.0023 0.0222
vn -0.9963 -0.0023 -0.0863
vn -0.9963 0.0023 -0.0862
vn -0.6974 0.0017 -0.7167
vn -0.6964 -0.0014 -0.7176
vn -0.0064 0.0025 -1.0000
vn -0.0064 -0.0022 -1.0000
vn 0.0042 -0.7072 0.7070
vn 0.0061 -0.9997 0.0221
vn 0.0062 0.9997 0.0221
vn 0.0042 0.7071 0.7071
vn -0.0059 0.9977 -0.0668
vn -0.0043 0.7010 -0.7132
vn -0.0043 -0.7015 -0.7126
vn -0.0059 -0.9978 -0.0661
vn -0.7071 -0.7070 0.0151
vn -0.0062 -0.9997 0.0222
vn -0.5774 0.5774 0.5773
vn -0.7070 0.7070 0.0148
vn 0.5674 0.5705 -0.5938
vn 0.0059 0.9978 -0.0667
vn 0.7019 0.7064 -0.0912
vn 0.5674 0.5704 -0.5939
vn 0.5653 -0.5682 -0.5980
vn 0.7018 -0.7066 -0.0906
vn 0.5652 -0.5682 -0.5980
vn 0.0060 -0.9978 -0.0661
vn 0.5773 -0.5774 0.5773
vn 0.7071 -0.7070 0.0151
vn 0.5774 0.5773 0.5774
vn 0.7070 0.7070 0.0148
vn 0.7070 0.7071 0.0148
vn -0.5653 0.5683 -0.5979
vn -0.7018 0.7064 -0.0914
vn -0.7018 0.7065 -0.0914
vn -0.5675 -0.5705 -0.5937
vn -0.7018 -0.7067 -0.0903
vn -0.3270 -0.0005 -0.9450
vn -0.0963 -0.0962 -0.9907
vn -0.5311 -0.5310 -0.6603
vn -0.7314 -0.0015 -0.6819
vn -0.7071 -0.7071 -0.0073
vn -1.0000 -0.0024 -0.0073
vn -0.0010 0.1857 -0.9826
vn -0.0746 0.0749 -0.9944
vn -0.5308 0.5313 -0.6603
vn -0.0043 0.7317 -0.6817
vn -0.7072 0.7070 -0.0076
vn -0.7071 0.7071 -0.0076
vn -0.0063 1.0000 -0.0074
vn 0.9973 0.0025 -0.0729
vn 0.7068 0.7021 -0.0866
vn 0.4167 0.4159 -0.8083
vn 0.6584 0.0019 -0.7527
vn 0.6583 0.0018 -0.7528
vn 0.4167 0.4159 -0.8084
vn 0.0591 0.0592 -0.9965
vn 0.1217 0.0005 -0.9926
vn 0.1197 -0.0002 -0.9928
vn 0.0462 -0.0459 -0.9979
vn 0.4172 -0.4158 -0.8081
vn 0.6593 -0.0016 -0.7518
vn 0.6594 -0.0016 -0.7518
vn 0.4173 -0.4158 -0.8081
vn 0.7070 -0.7020 -0.0859
vn 0.9973 -0.0025 -0.0729
vn 0.0015 -0.2951 -0.9555
vn 0.0960 -0.0961 -0.9907
vn 0.5311 -0.5313 -0.6600
vn 0.0043 -0.7315 -0.6818
vn 0.7071 -0.7071 -0.0073
vn 0.0062 -1.0000 -0.0074
vn 0.0042 -0.7315 -0.6818
vn 0.3381 0.0008 -0.9411
vn 0.0748 0.0749 -0.9944
vn 0.5308 0.5309 -0.6606
vn 0.7315 0.0017 -0.6818
vn 0.7071 0.7071 -0.0075
vn 1.0000 0.0024 -0.0074
vn -0.9973 -0.0025 -0.0729
vn -0.7069 -0.7021 -0.0859
vn -0.4171 -0.4159 -0.8081
vn -0.6585 -0.0017 -0.7526
vn -0.6585 -0.0016 -0.7526
vn -0.4171 -0.4160 -0.8081
vn -0.0463 -0.0460 -0.9979
vn -0.1193 -0.0002 -0.9929
vn -0.1221 0.0005 -0.9925
vn -0.0591 0.0592 -0.9965
vn -0.4168 0.4158 -0.8083
vn -0.6592 0.0018 -0.7520
vn -0.4169 0.4158 -0.8083
vn -0.7068 0.7021 -0.0866
vn -0.9973 0.0025 -0.0729
vn -0.0062 -1.0000 -0.0074
vn -0.0063 -1.0000 -0.0074
vn -1.0000 0.0023 -0.0074
vn -0.7071 0.7071 -0.0075
vn -0.7071 0.7070 -0.0076
vn 0.0069 -0.9985 -0.0534
vn 0.7018 -0.7066 -0.0905
vn 1.0000 -0.0024 -0.0074
vn 0.0063 1.0000 -0.0074
vn -0.0069 0.9985 -0.0541
vn -0.7019 0.7064 -0.0914
vn -0.0068 0.9985 -0.0541
vn -0.3379 0.0009 -0.9412
vn -0.0000 -1.0000 -0.0078
vn -0.0000 -0.1758 -0.9844
vn -0.0016 -0.2951 -0.9555
vn 0.0008 0.1086 -0.9941
vn -0.0000 0.1690 -0.9856
vn 0.0069 0.9985 -0.0541
vn -0.0000 0.9986 -0.0527
vn -0.0000 -0.9986 -0.0520
vn -0.0000 -0.9977 -0.0672
vn -0.0010 0.1856 -0.9826
vn -0.0000 0.1083 -0.9941
vn -0.0000 -0.1038 -0.9946
vn 0.0005 -0.0666 -0.9978
vn -0.0000 1.0000 -0.0077
vn 0.3271 -0.0005 -0.9450
vn -0.0008 0.1086 -0.9941
vn -0.0069 -0.9985 -0.0534
vn 0.0010 0.1856 -0.9826
vn -0.0005 -0.0666 -0.9978
vn -0.0015 -0.2951 -0.9555
vn 0.7068 0.7021 -0.0867
vn 0.1198 -0.0002 -0.9928
vn -0.3381 0.0008 -0.9411
vn 0.0748 0.0750 -0.9944
vn -0.0462 -0.0460 -0.9979
vn 0.0016 -0.2951 -0.9555
vn -0.0592 0.0592 -0.9965
vn -0.0043 -0.7315 -0.6818
vn -0.0000 -0.7072 -0.7070
vn -0.7306 0.0017 -0.6828
vn -0.0000 0.7070 -0.7072
vn 0.0047 0.6623 -0.7492
vn -0.0000 0.6928 -0.7212
vn -0.0000 0.6928 -0.7211
vn 0.4166 0.4159 -0.8084
vn -0.0000 -0.9987 -0.0519
vn 0.0048 -0.6626 -0.7490
vn -0.0000 -0.6930 -0.7210
vn 0.0047 -0.6626 -0.7490
vn 0.7304 -0.0015 -0.6830
vn 0.0043 0.7316 -0.6817
vn 0.5308 0.5308 -0.6606
vn -0.0047 -0.6626 -0.7489
vn -0.4170 -0.4160 -0.8081
vn -0.0047 -0.6626 -0.7490
vn -0.0047 0.6623 -0.7492
vn -0.0047 0.6623 -0.7493
vn -0.0000 -1.0000 -0.0079
vn -0.0117 -0.9999 -0.0078
vn -0.0080 -0.7071 -0.7070
vn -0.0118 -0.0088 -0.9999
vn 0.0001 -0.0089 -1.0000
vn -1.0000 -0.0089 0.0001
vn -0.9999 -0.0088 -0.0081
vn -0.7071 -0.7071 -0.0053
vn -0.7071 -0.7071 0.0001
vn -0.0119 -0.9999 0.0001
vn -0.0118 -0.0000 -0.9999
vn -0.7071 -0.0060 -0.7071
vn -1.0000 -0.0000 -0.0081
vn -0.0118 0.9999 -0.0000
vn -0.0118 0.9999 -0.0080
vn -0.7071 0.7071 -0.0055
vn -0.9999 0.0088 -0.0080
vn -1.0000 0.0089 0.0001
vn 0.0117 0.0088 -0.9999
vn -0.0000 0.0089 -1.0000
vn 0.0080 0.7071 -0.7071
vn -0.0000 1.0000 -0.0081
vn 0.0117 0.9999 -0.0080
vn 1.0000 -0.0000 -0.0081
vn 0.9999 -0.0088 -0.0081
vn 0.7071 -0.0059 -0.7071
vn 0.0118 -0.0088 -0.9999
vn 0.0119 0.0001 -0.9999
vn 0.0118 -0.9999 0.0002
vn 0.0118 -0.9999 -0.0079
vn 0.7070 -0.7072 -0.0053
vn 0.7071 -0.7071 0.0002
vn 0.7071 -0.7071 0.0001
vn 0.7071 -0.7071 -0.0054
vn 1.0000 -0.0089 0.0001
vn 1.0000 0.0089 -0.0000
vn 0.9999 0.0088 -0.0080
vn 0.7071 0.7071 -0.0054
vn 0.7071 0.7071 -0.0055
vn 0.0119 0.9999 -0.0001
vn -0.0000 -1.0000 0.0002
vn -0.0117 0.0088 -0.9999
vn -0.7071 0.0059 -0.7071
vn 0.0080 -0.7071 -0.7070
vn -0.0080 0.7071 -0.7071
vn 0.7071 0.0059 -0.7071
vn -0.5774 -0.5774 -0.5773
vn -0.5774 0.5773 -0.5773
vn 0.5774 -0.5774 -0.5773
vn 0.5774 0.5774 -0.5773
vn -0.0079 0.7071 -0.7070
vn -0.0118 0.9999 -0.0079
vn -0.0000 1.0000 -0.0079
vn -0.0118 0.0087 -0.9999
vn -0.7071 0.7071 -0.0053
vn -0.9999 0.0088 -0.0081
vn -0.7072 0.7071 0.0001
vn -0.7071 0.7071 -0.0054
vn -0.7071 0.7071 0.0002
vn -0.0119 0.9999 0.0002
vn -0.7071 0.0060 -0.7071
vn -0.7071 -0.7071 -0.0054
vn -0.0118 -0.9999 -0.0081
vn -0.0118 -0.9999 -0.0001
vn -0.9999 -0.0088 -0.0080
vn -0.7071 -0.7071 -0.0055
vn -1.0000 -0.0089 -0.0000
vn -0.0000 -0.0089 -1.0000
vn 0.0080 -0.7071 -0.7071
vn -0.0000 -1.0000 -0.0081
vn 0.0118 -0.9999 -0.0080
vn 0.7071 0.0060 -0.7071
vn 0.9999 0.0088 -0.0081
vn 1.0000 -0.0000 -0.0082
vn 0.0118 0.0088 -0.9999
vn 0.0119 -0.0000 -0.9999
vn 0.7071 0.7071 -0.0053
vn 0.0118 0.9999 -0.0079
vn 0.0119 0.9999 0.0001
vn 0.7072 0.7071 0.0001
vn 0.7071 0.7071 0.0001
vn 1.0000 0.0088 0.0001
vn 0.7071 -0.7071 -0.0055
vn 0.9999 -0.0088 -0.0080
vn 1.0000 -0.0089 -0.0000
vn 0.0119 -0.9999 -0.0000
vn -0.0000 1.0000 0.0002
vn -0.7071 -0.0059 -0.7071
vn 0.0080 0.7071 -0.7070
vn -0.0080 -0.7071 -0.7071
vn 0.7071 -0.0060 -0.7071
vn -0.5774 0.5774 -0.5773
vn 0.5774 -0.5773 -0.5773
vn -0.0042 0.7072 0.7070
vn -0.0062 0.0025 1.0000
vn -0.0000 0.7072 0.7070
vn -0.0061 0.9997 0.0221
vn -0.7071 0.0016 0.7071
vn -0.7071 -0.0015 0.7071
vn -0.0062 -0.0022 1.0000
vn -0.0042 -0.7070 0.7072
vn -0.0000 -0.7070 0.7072
vn -0.0000 -0.0022 1.0000
vn 0.6965 -0.0017 -0.7176
vn 0.0064 -0.0025 -1.0000
vn 0.0064 0.0022 -1.0000
vn 0.6973 0.0015 -0.7168
vn 0.9963 -0.0023 -0.0863
vn 0.9963 0.0023 -0.0862
vn 0.0043 -0.7014 -0.7127
vn 0.0059 -0.9978 -0.0667
vn -0.0000 -0.9977 -0.0679
vn -0.0000 -0.6976 -0.7165
vn 0.0043 0.7010 -0.7132
vn -0.0000 0.0022 -1.0000
vn 0.0060 0.9978 -0.0661
vn -0.0000 0.9977 -0.0671
vn 0.7071 0.0017 0.7071
vn 0.0063 0.0025 1.0000
vn 0.0063 -0.0022 1.0000
vn 0.7070 -0.0015 0.7072
vn -0.6974 -0.0017 -0.7167
vn -0.9963 -0.0023 -0.0862
vn -0.9963 0.0023 -0.0863
vn -0.6964 0.0015 -0.7176
vn -0.0064 -0.0025 -1.0000
vn -0.0064 0.0022 -1.0000
vn 0.0061 0.9997 0.0222
vn 0.0062 -0.9997 0.0221
vn 0.0042 -0.7070 0.7072
vn -0.0059 -0.9977 -0.0668
vn -0.0043 -0.7010 -0.7132
vn -0.0043 0.7015 -0.7127
vn -0.0059 0.9978 -0.0661
vn -0.5773 0.5774 0.5773
vn -0.7070 0.7070 0.0150
vn -0.0061 0.9997 0.0222
vn -0.7071 0.7070 0.0151
vn -0.7070 -0.7070 0.0148
vn 0.5674 -0.5705 -0.5939
vn 0.7018 -0.7065 -0.0912
vn 0.7019 -0.7064 -0.0912
vn 0.5653 0.5682 -0.5980
vn 0.7018 0.7066 -0.0906
vn 0.0059 0.9978 -0.0661
vn 0.7018 0.7066 -0.0905
vn 0.5773 0.5774 0.5773
vn 0.7070 0.7070 0.0151
vn 0.0061 0.9997 0.0221
vn 0.7071 0.7070 0.0151
vn 0.7070 -0.7071 0.0148
vn 0.0062 -0.9997 0.0222
vn 0.7070 -0.7070 0.0148
vn 0.5774 -0.5773 0.5773
vn -0.5653 -0.5683 -0.5979
vn -0.7018 -0.7065 -0.0914
vn -0.5675 0.5705 -0.5937
vn -0.7017 0.7067 -0.0903
vn -0.0060 0.9978 -0.0661
vn -0.5311 0.5310 -0.6603
vn -0.0963 0.0962 -0.9907
vn -0.3270 0.0005 -0.9450
vn -0.7314 0.0015 -0.6819
vn -0.7071 0.7071 -0.0073
vn -0.5308 -0.5313 -0.6603
vn -0.0746 -0.0749 -0.9944
vn -0.0010 -0.1857 -0.9826
vn -0.0043 -0.7316 -0.6817
vn -0.7071 -0.7071 -0.0076
vn -0.7071 -0.7070 -0.0076
vn 0.4166 -0.4159 -0.8084
vn 0.7068 -0.7021 -0.0867
vn 0.6583 -0.0019 -0.7527
vn 0.0591 -0.0592 -0.9965
vn 0.6583 -0.0018 -0.7527
vn 0.1217 -0.0005 -0.9926
vn 0.4172 0.4158 -0.8081
vn 0.0462 0.0459 -0.9979
vn 0.1198 0.0002 -0.9928
vn 0.6594 0.0016 -0.7518
vn 0.7069 0.7020 -0.0859
vn 0.4172 0.4159 -0.8081
vn 0.5311 0.5313 -0.6600
vn 0.0961 0.0961 -0.9907
vn 0.0015 0.2951 -0.9555
vn 0.0042 0.7316 -0.6817
vn 0.7071 0.7071 -0.0073
vn 0.0043 0.7315 -0.6818
vn 0.0062 1.0000 -0.0074
vn 0.5308 -0.5308 -0.6607
vn 0.0748 -0.0749 -0.9944
vn 0.3381 -0.0008 -0.9411
vn 0.7315 -0.0017 -0.6818
vn 0.7071 -0.7071 -0.0076
vn -0.4171 0.4160 -0.8081
vn -0.7069 0.7021 -0.0859
vn -0.6585 0.0017 -0.7526
vn -0.0462 0.0460 -0.9979
vn -0.1194 0.0002 -0.9928
vn -0.4168 -0.4158 -0.8083
vn -0.0591 -0.0592 -0.9965
vn -0.1221 -0.0005 -0.9925
vn -0.6592 -0.0018 -0.7520
vn -0.7068 -0.7021 -0.0866
vn -0.0062 1.0000 -0.0074
vn -1.0000 -0.0024 -0.0074
vn 0.0069 0.9985 -0.0534
vn 0.0063 -1.0000 -0.0074
vn -0.0069 -0.9985 -0.0541
vn -0.7019 -0.7064 -0.0914
vn -0.3382 -0.0008 -0.9411
vn 0.0008 -0.1085 -0.9941
vn -0.0015 0.2951 -0.9555
vn -0.0000 0.1758 -0.9844
vn -0.0000 -0.1689 -0.9856
vn 0.0068 -0.9985 -0.0541
vn -0.0000 -0.9986 -0.0527
vn -0.0000 0.9977 -0.0672
vn -0.0000 0.9987 -0.0519
vn -0.0000 0.1038 -0.9946
vn -0.0000 -0.1083 -0.9941
vn 0.0005 0.0666 -0.9978
vn -0.0000 -1.0000 -0.0077
vn 0.3271 0.0005 -0.9450
vn 0.0062 1.0000 -0.0073
vn -0.0008 -0.1086 -0.9941
vn -0.0069 0.9985 -0.0534
vn 0.0010 -0.1857 -0.9826
vn -0.0005 0.0666 -0.9978
vn -0.0016 0.2951 -0.9555
vn 0.0008 -0.1086 -0.9941
vn -0.3381 -0.0008 -0.9411
vn 0.0463 0.0459 -0.9979
vn 0.0960 0.0961 -0.9907
vn -0.0592 -0.0592 -0.9965
vn 0.0016 0.2951 -0.9555
vn -0.0043 0.7316 -0.6817
vn -0.0000 0.7072 -0.7070
vn -0.7306 -0.0017 -0.6828
vn -0.0010 -0.1856 -0.9826
vn 0.0047 -0.6623 -0.7492
vn -0.0000 -0.6927 -0.7212
vn -0.0000 -0.6928 -0.7211
vn 0.4167 -0.4158 -0.8084
vn 0.0048 0.6626 -0.7490
vn 0.0069 0.9986 -0.0533
vn -0.0000 0.6930 -0.7210
vn 0.0047 0.6626 -0.7490
vn 0.0462 0.0460 -0.9979
vn 0.0048 0.6625 -0.7490
vn 0.7305 0.0015 -0.6829
vn 0.0043 -0.7316 -0.6817
vn -0.0048 0.6625 -0.7490
vn -0.4170 0.4160 -0.8081
vn -0.0047 0.6626 -0.7490
vn -0.4171 0.4159 -0.8081
vn -0.0462 0.0459 -0.9979
vn -0.0047 -0.6623 -0.7492
vn -0.4168 -0.4157 -0.8083
vn -0.0047 -0.6624 -0.7492
vn -0.4169 -0.4158 -0.8083
vn -0.0164 -0.7376 -0.6750
vn -0.0263 -0.8049 -0.5928
vn -0.0027 -0.0230 -0.9997
vn -0.0000 0.9998 -0.0204
vn -0.0004 0.2639 -0.9646
vn -0.3654 0.2457 -0.8978
vn -0.6492 0.2741 -0.7095
vn -0.3654 -0.2460 -0.8978
vn 0.0002 -0.9998 0.0200
vn 0.0001 -0.9998 0.0203
vn 0.0005 -0.2644 0.9644
vn 0.0261 -0.9997 -0.0022
vn 0.9527 0.2866 -0.1010
vn 0.9528 0.2864 0.1011
vn 0.0114 0.9999 0.0012
vn 0.6694 0.3215 0.6698
vn 0.0040 1.0000 0.0039
vn 0.9513 -0.2913 -0.1009
vn 0.6679 -0.3268 -0.6687
vn -0.0152 -0.9999 0.0079
vn 0.0009 0.9999 -0.0134
vn 0.0680 0.2838 -0.9565
vn 0.6854 0.2488 -0.6844
vn 0.0678 -0.2866 -0.9556
vn -0.0057 -1.0000 0.0001
vn 0.6882 -0.2351 -0.6864
vn 0.4071 -0.3446 0.8459
vn 0.7654 -0.1109 0.6340
vn 0.0184 0.7748 0.6319
vn 0.0136 0.9999 -0.0000
vn 0.5905 -0.5793 0.5619
vn 0.8009 -0.4426 0.4033
vn 0.9832 -0.1756 0.0501
vn 0.0007 -1.0000 -0.0000
vn 0.0008 -1.0000 -0.0045
vn 0.5905 -0.5792 0.5619
vn 0.0231 0.0026 -0.9997
vn -0.9998 -0.0003 0.0203
vn -0.2456 0.3653 -0.8979
vn -0.9998 0.0075 -0.0186
vn 0.9997 -0.0261 -0.0021
vn -0.3215 -0.6694 0.6698
vn -1.0000 -0.0039 0.0040
vn 0.9999 0.0144 0.0025
vn 0.9999 0.0151 0.0079
vn 0.9999 0.0136 0.0071
vn 0.2906 -0.9515 0.1013
vn -0.9999 -0.0010 -0.0133
vn -0.9998 -0.0014 -0.0192
vn -1.0000 -0.0055 -0.0054
vn 1.0000 0.0056 0.0001
vn 1.0000 -0.0000 -0.0055
vn 0.1109 -0.7654 0.6339
vn 0.3446 -0.4072 0.8458
vn -0.7748 -0.0184 0.6319
vn -0.3418 -0.9336 0.1079
vn -0.9986 -0.0098 0.0519
vn -0.2651 -0.9605 -0.0842
vn 0.8431 -0.0809 -0.5316
vn 0.0313 -0.0226 -0.9993
vn 0.5792 -0.5906 0.5619
vn 0.1755 -0.9832 0.0500
vn 1.0000 -0.0007 -0.0000
vn 0.2906 -0.9515 0.1014
vn 0.2352 -0.6883 -0.6863
vn -0.0529 0.7598 0.6480
vn 0.0616 -0.9978 -0.0259
vn 0.0762 -0.9970 0.0116
vn 0.0408 -0.7646 -0.6432
vn -0.5446 0.3450 -0.7645
vn 0.3843 -0.3855 0.8389
vn 0.6583 -0.6630 0.3566
vn 0.0800 -0.9968 0.0048
vn -0.0909 0.9959 -0.0005
vn -0.0382 0.0015 0.9993
vn -0.7598 0.0529 0.6480
vn 0.7646 -0.0408 -0.6432
vn -0.9986 0.0519 -0.0096
vn 0.3855 -0.3843 0.8389
vn 0.0079 -0.0078 0.9999
vn 0.9968 -0.0800 0.0048
vn 0.6630 -0.6583 0.3566
vn -0.7072 0.7071 -0.0004
vn -0.0220 0.0220 0.9995
vn 0.0044 -0.0043 1.0000
vn -0.7051 0.7051 0.0753
vn 0.6732 -0.6732 0.3061
vn 0.0079 -0.0084 -0.9999
vn 0.0082 -0.0082 -0.9999
vn 0.6732 -0.6732 0.3060
vn -0.0177 0.9998 -0.0131
vn -0.0164 0.7376 -0.6751
vn -0.0263 0.8049 -0.5928
vn -0.0026 0.0231 -0.9997
vn -0.0033 0.0262 -0.9997
vn -0.0002 -0.2454 -0.9694
vn -0.3654 -0.2457 -0.8979
vn -0.6493 -0.2741 -0.7095
vn -0.0000 0.9997 -0.0241
vn 0.0001 0.9998 -0.0207
vn -0.0074 0.9998 -0.0186
vn -0.3654 0.2460 -0.8978
vn -0.0001 0.9998 -0.0203
vn 0.0005 0.2644 0.9644
vn -0.6540 0.2470 -0.7150
vn 0.0099 -1.0000 -0.0011
vn 0.0039 -1.0000 0.0039
vn 0.6679 0.3269 -0.6687
vn -0.0135 0.9999 0.0070
vn 0.6854 -0.2488 -0.6844
vn 0.0679 0.2867 -0.9556
vn 0.0684 0.2523 -0.9652
vn 0.7654 0.1109 0.6339
vn 0.0170 -0.1039 0.9944
vn 0.0184 -0.7748 0.6319
vn 0.0136 -0.9999 -0.0000
vn 0.0138 -0.9999 -0.0011
vn 0.0810 0.8432 -0.5315
vn 0.0226 0.0313 -0.9993
vn 0.5904 0.5792 0.5621
vn 0.8009 0.4426 0.4034
vn -0.0034 1.0000 0.0025
vn 0.0007 1.0000 0.0001
vn 0.0683 0.2524 -0.9652
vn 0.9515 0.2906 0.1014
vn 0.6882 0.2350 -0.6864
vn 0.5905 0.5791 0.5621
vn 0.0050 -0.7086 0.7056
vn 0.9998 -0.0177 -0.0131
vn -0.9998 -0.0000 -0.0204
vn -0.2456 -0.3654 -0.8979
vn -0.9999 -0.0070 -0.0077
vn 0.9998 0.0001 0.0202
vn 0.9998 0.0002 0.0203
vn -0.3222 0.6693 -0.6695
vn -1.0000 0.0039 0.0040
vn 0.9999 -0.0144 0.0025
vn 0.2913 0.9513 -0.1010
vn 0.3267 0.6678 -0.6688
vn 0.2907 0.9514 0.1013
vn 0.3230 0.6684 0.6700
vn -0.9999 0.0010 -0.0134
vn -1.0000 0.0055 -0.0055
vn -0.1039 0.0171 0.9944
vn -0.9986 0.0099 0.0518
vn -0.9999 0.0138 -0.0012
vn 0.5793 0.5905 0.5619
vn 0.4427 0.8009 0.4033
vn 1.0000 -0.0034 0.0025
vn 0.1755 0.9832 0.0500
vn 1.0000 0.0006 -0.0000
vn 1.0000 0.0008 -0.0045
vn 0.5792 0.5905 0.5619
vn -0.0352 0.0006 0.9994
vn -0.0701 -0.9962 0.0523
vn 0.0615 0.9978 -0.0260
vn -0.0026 0.0265 -0.9996
vn -0.5445 -0.3450 -0.7645
vn -0.0519 -0.9986 -0.0096
vn -0.4746 0.0666 -0.8777
vn 0.3842 0.3854 0.8389
vn 0.0078 0.0079 0.9999
vn 0.0149 0.0205 -0.9997
vn 0.6582 0.6629 0.3567
vn 0.0800 0.9968 0.0048
vn -0.0910 -0.9959 -0.0005
vn 0.0828 0.9965 0.0117
vn -0.7598 -0.0530 0.6480
vn -0.0382 -0.0015 0.9993
vn -0.9962 -0.0701 0.0524
vn 0.9970 0.0762 0.0116
vn 0.0266 -0.0026 -0.9996
vn 0.7646 0.0408 -0.6432
vn 0.3855 0.3843 0.8389
vn 0.6630 0.6583 0.3566
vn 0.0265 -0.0025 -0.9996
vn -0.7071 -0.7071 -0.0033
vn -0.7067 -0.7067 -0.0327
vn 0.7070 0.7070 0.0202
vn 0.7069 0.7070 0.0201
vn 0.0043 0.0043 1.0000
vn -0.7051 -0.7051 0.0754
vn 0.7071 0.7070 0.0123
vn 0.3914 0.3913 0.8329
vn 0.6733 0.6730 0.3061
vn 0.6732 0.6732 0.3060
vn 0.0081 0.0081 -0.9999
vn 0.6735 0.6728 0.3061
vn 0.0164 0.7376 -0.6750
vn 0.0263 0.8050 -0.5927
vn -0.0007 -0.9999 0.0122
vn 0.3654 -0.2456 -0.8979
vn 0.6492 -0.2741 -0.7095
vn 0.3654 0.2460 -0.8978
vn 0.0005 0.2642 -0.9645
vn -0.0004 0.2642 0.9645
vn -0.0261 0.9997 -0.0022
vn 0.6541 0.2471 -0.7149
vn -0.0099 -1.0000 -0.0011
vn -0.6692 -0.3223 -0.6695
vn -0.0115 -0.9999 0.0013
vn -0.6693 -0.3217 0.6698
vn -0.0040 -1.0000 0.0040
vn 0.0144 0.9999 0.0026
vn 0.0151 0.9999 0.0079
vn 0.0135 0.9999 0.0070
vn -0.6684 0.3230 0.6700
vn -0.0680 -0.2838 -0.9565
vn -0.0055 -1.0000 -0.0055
vn -0.6854 -0.2488 -0.6844
vn -0.0679 0.2867 -0.9556
vn 0.0057 1.0000 0.0001
vn -0.0683 0.2524 -0.9652
vn -0.0170 -0.1039 0.9944
vn -0.4072 0.3446 0.8459
vn -0.7654 0.1108 0.6340
vn -0.9335 -0.3420 0.1079
vn -0.9538 -0.3006 -0.0014
vn -0.0137 -0.9999 -0.0000
vn -0.9605 -0.2651 -0.0843
vn -0.5905 0.5792 0.5620
vn -0.0228 0.0312 -0.9993
vn -0.0810 0.8431 -0.5316
vn -0.8010 0.4425 0.4033
vn 0.0034 1.0000 0.0025
vn -0.9832 0.1755 0.0501
vn -0.9719 0.2188 -0.0871
vn -0.0678 0.2867 -0.9556
vn -0.0003 0.2643 0.9644
vn -0.9514 0.2907 0.1014
vn -0.8009 0.4426 0.4033
vn 0.0124 0.9999 0.0081
vn -0.0050 -0.7086 0.7056
vn -0.9998 -0.0177 -0.0132
vn -0.7376 -0.0164 -0.6751
vn -0.0262 -0.0033 -0.9997
vn 0.9998 -0.0002 0.0201
vn 0.9999 -0.0070 -0.0076
vn -0.9998 -0.0075 -0.0186
vn -0.9998 0.0001 0.0204
vn -0.2644 0.0005 0.9644
vn -0.9997 0.0261 -0.0021
vn 1.0000 0.0030 -0.0029
vn 0.3221 0.6692 -0.6696
vn 0.2864 0.9528 0.1012
vn 0.9999 0.0115 0.0013
vn 0.3215 0.6693 0.6698
vn 1.0000 0.0042 0.0037
vn -0.9999 -0.0135 0.0070
vn -0.3229 0.6685 0.6700
vn 0.9999 0.0010 -0.0134
vn -0.2866 0.0679 -0.9556
vn -0.1109 0.7654 0.6340
vn -0.3446 0.4072 0.8458
vn 0.1040 0.0171 0.9944
vn 0.3418 0.9336 0.1080
vn 0.9986 0.0098 0.0520
vn 0.9999 0.0136 -0.0001
vn 0.9999 0.0138 -0.0013
vn -0.8432 0.0811 -0.5314
vn -0.0313 0.0226 -0.9993
vn -0.5792 0.5905 0.5620
vn -0.4427 0.8009 0.4033
vn -1.0000 -0.0034 0.0024
vn -0.3267 0.6678 -0.6688
vn 0.0529 -0.7598 0.6480
vn 0.0700 -0.9962 0.0524
vn -0.0762 0.9970 0.0116
vn 0.0026 0.0265 -0.9996
vn -0.0409 0.7645 -0.6433
vn 0.5445 -0.3450 -0.7645
vn 0.0519 -0.9986 -0.0097
vn 0.4746 0.0666 -0.8777
vn -0.0078 0.0079 0.9999
vn -0.6583 0.6630 0.3566
vn -0.0148 0.0205 -0.9997
vn 0.9962 -0.0701 0.0524
vn -0.9970 0.0762 0.0116
vn -0.0266 -0.0026 -0.9996
vn -0.7646 0.0409 -0.6432
vn -0.0666 -0.4745 -0.8777
vn -0.3855 0.3843 0.8389
vn -0.0079 0.0078 0.9999
vn -0.6630 0.6582 0.3566
vn -0.9965 0.0828 0.0117
vn -0.0266 -0.0025 -0.9996
vn -0.7070 0.7070 0.0202
vn -0.7069 0.7068 0.0270
vn 0.2654 -0.2656 -0.9268
vn -0.0043 0.0044 1.0000
vn 0.7051 -0.7051 0.0754
vn -0.4552 0.4552 -0.7652
vn 0.4910 -0.4909 -0.7197
vn -0.3915 0.3913 0.8328
vn -0.3914 0.3914 0.8328
vn -0.6730 0.6733 0.3061
vn -0.6735 0.6729 0.3061
vn -0.0078 0.0084 -0.9999
vn -0.0080 0.0083 -0.9999
vn 0.0176 -0.9998 -0.0132
vn 0.0033 -0.0262 -0.9997
vn 0.0005 0.2643 -0.9644
vn 0.0001 0.9998 0.0203
vn 0.3654 0.2457 -0.8979
vn 0.0070 0.9999 -0.0077
vn -0.0001 -0.9998 -0.0207
vn 0.3654 -0.2460 -0.8978
vn -0.0000 -0.9998 -0.0203
vn 0.6540 -0.2472 -0.7150
vn -0.0262 -0.9997 -0.0022
vn -0.9527 0.2866 -0.1011
vn -0.6692 0.3223 -0.6696
vn -0.9527 0.2865 0.1011
vn -0.6693 0.3217 0.6698
vn -0.0040 1.0000 0.0040
vn 0.0152 -0.9999 0.0079
vn 0.0135 -0.9999 0.0071
vn -0.6684 -0.3229 0.6700
vn -0.0680 0.2839 -0.9564
vn -0.6854 0.2488 -0.6843
vn 0.0057 -1.0000 0.0002
vn -0.0678 -0.2866 -0.9556
vn -0.0000 -1.0000 -0.0054
vn 0.0029 -1.0000 -0.0019
vn -0.0184 0.7748 0.6319
vn -0.9538 0.3005 -0.0014
vn -0.9335 0.3421 0.1079
vn -0.0099 0.9986 0.0519
vn -0.0137 0.9999 -0.0000
vn -0.0138 0.9999 -0.0013
vn -0.0810 -0.8431 -0.5316
vn -0.0226 -0.0313 -0.9993
vn -0.5906 -0.5793 0.5619
vn -0.8009 -0.4426 0.4034
vn 0.0034 -1.0000 0.0024
vn -0.0684 -0.2523 -0.9652
vn -0.5906 -0.5792 0.5619
vn -0.6684 -0.3228 0.6700
vn -0.0050 0.7086 0.7056
vn -0.7376 0.0164 -0.6751
vn -0.0231 0.0025 -0.9997
vn 0.2456 0.3654 -0.8979
vn 0.9998 0.0075 -0.0187
vn -0.9998 0.0001 -0.0203
vn -0.9998 -0.0002 0.0201
vn -0.9998 -0.0000 0.0204
vn -0.9997 -0.0261 -0.0022
vn 0.2865 -0.9527 -0.1011
vn 1.0000 -0.0099 -0.0010
vn 0.2864 -0.9527 0.1012
vn 0.3215 -0.6694 0.6698
vn 1.0000 -0.0039 0.0040
vn -0.9999 0.0144 0.0024
vn 0.9999 -0.0009 -0.0134
vn 0.2489 -0.6854 -0.6843
vn -1.0000 0.0001 -0.0055
vn -1.0000 0.0029 -0.0020
vn 0.1039 -0.0171 0.9944
vn 0.7748 -0.0184 0.6319
vn 0.9999 -0.0137 -0.0000
vn -0.0313 -0.0227 -0.9993
vn -0.8432 -0.0811 -0.5315
vn -1.0000 0.0034 0.0025
vn -1.0000 -0.0006 0.0001
vn -0.2154 -0.9765 -0.0024
vn -0.2912 -0.9513 -0.1009
vn -0.3266 -0.6679 -0.6687
vn -0.4427 -0.8009 0.4032
vn 0.0352 -0.0006 0.9994
vn 0.0529 0.7598 0.6480
vn 0.0701 0.9962 0.0523
vn 0.5445 0.3451 -0.7645
vn 0.4745 -0.0666 -0.8777
vn -0.3843 -0.3855 0.8389
vn -0.0078 -0.0079 0.9999
vn -0.0148 -0.0205 -0.9997
vn -0.6583 -0.6630 0.3565
vn -0.6583 -0.6630 0.3564
vn 0.0910 0.9958 -0.0005
vn 0.7598 0.0530 0.6480
vn 0.9962 0.0701 0.0524
vn -0.0080 -0.0077 0.9999
vn -0.3855 -0.3843 0.8388
vn -0.6630 -0.6583 0.3566
vn -0.9968 -0.0800 0.0049
vn 0.7071 0.7071 -0.0032
vn 0.7067 0.7068 -0.0327
vn -0.7069 -0.7070 0.0201
vn -0.7069 -0.7068 0.0270
vn -0.0043 -0.0044 1.0000
vn -0.7066 -0.7065 -0.0405
vn -0.4551 -0.4552 -0.7653
vn -0.6733 -0.6730 0.3062
vn -0.6732 -0.6731 0.3062
vn -0.6731 -0.6732 0.3062
vn -0.0081 -0.0081 -0.9999
vt 0.112498 0.017262
vt 0.111407 0.017263
vt 0.111408 0.006626
vt 0.112498 0.006625
vt 0.106716 0.005970
vt 0.110442 0.005970
vt 0.110442 0.017917
vt 0.106716 0.017917
vt 0.117189 0.017917
vt 0.113464 0.017918
vt 0.113464 0.005971
vt 0.117189 0.005970
vt 0.110724 0.005679
vt 0.113181 0.005679
vt 0.110725 0.021935
vt 0.110725 0.018209
vt 0.113182 0.018208
vt 0.113182 0.021934
vt 0.113180 0.001953
vt 0.110724 0.001954
vt 0.127464 0.017262
vt 0.126373 0.017262
vt 0.126373 0.006624
vt 0.127465 0.006624
vt 0.121682 0.005969
vt 0.125408 0.005969
vt 0.125408 0.017917
vt 0.121682 0.017917
vt 0.132155 0.017917
vt 0.128430 0.017916
vt 0.128430 0.005970
vt 0.132155 0.005969
vt 0.125691 0.005678
vt 0.128147 0.005679
vt 0.125692 0.021933
vt 0.125691 0.018208
vt 0.128147 0.018208
vt 0.128147 0.021934
vt 0.128147 0.001953
vt 0.125691 0.001953
vt 0.419077 0.020065
vt 0.419031 0.026000
vt 0.418899 0.026000
vt 0.418945 0.020066
vt 0.418767 0.025999
vt 0.418814 0.020067
vt 0.421336 0.020039
vt 0.421301 0.025999
vt 0.421169 0.025999
vt 0.421205 0.020041
vt 0.421038 0.025999
vt 0.421074 0.020043
vt 0.426731 0.025928
vt 0.426730 0.019920
vt 0.421370 0.014100
vt 0.426733 0.013884
vt 0.421313 0.008178
vt 0.426737 0.007753
vt 0.420907 0.002261
vt 0.426765 0.001359
vt 0.426751 0.098556
vt 0.420855 0.097550
vt 0.421318 0.091780
vt 0.426742 0.092175
vt 0.421386 0.085868
vt 0.426735 0.086038
vt 0.421353 0.079924
vt 0.426732 0.079994
vt 0.421313 0.073961
vt 0.426733 0.073983
vt 0.421290 0.067982
vt 0.426735 0.067978
vt 0.421282 0.061989
vt 0.426736 0.061972
vt 0.421279 0.055988
vt 0.426737 0.055965
vt 0.421279 0.049982
vt 0.426737 0.049957
vt 0.421277 0.043977
vt 0.426736 0.043948
vt 0.421277 0.037974
vt 0.426735 0.037940
vt 0.421283 0.031979
vt 0.426734 0.031933
vt 0.793422 0.305438
vt 0.787841 0.305438
vt 0.790632 0.291411
vt 0.798578 0.303303
vt 0.802524 0.299357
vt 0.804659 0.294201
vt 0.804659 0.288621
vt 0.802524 0.283465
vt 0.798578 0.279519
vt 0.793422 0.277383
vt 0.787841 0.277383
vt 0.782686 0.279518
vt 0.778740 0.283464
vt 0.776604 0.288620
vt 0.776604 0.294201
vt 0.778740 0.299357
vt 0.782685 0.303303
vt 0.420371 0.025999
vt 0.420411 0.020052
vt 0.419125 0.014199
vt 0.420451 0.014146
vt 0.419062 0.008450
vt 0.420389 0.008295
vt 0.418525 0.002874
vt 0.419921 0.002594
vt 0.419875 0.097244
vt 0.418475 0.096966
vt 0.419062 0.091473
vt 0.420392 0.091641
vt 0.419145 0.085751
vt 0.420468 0.085809
vt 0.419097 0.079892
vt 0.420429 0.079906
vt 0.419045 0.073959
vt 0.420384 0.073959
vt 0.419016 0.067985
vt 0.420358 0.067983
vt 0.419006 0.061992
vt 0.420348 0.061989
vt 0.419004 0.055989
vt 0.420346 0.055987
vt 0.419003 0.049983
vt 0.420346 0.049981
vt 0.419001 0.043976
vt 0.420345 0.043975
vt 0.419001 0.037972
vt 0.420344 0.037971
vt 0.419008 0.031976
vt 0.420351 0.031976
vt 0.417692 0.025992
vt 0.416503 0.025982
vt 0.416553 0.020062
vt 0.417741 0.020068
vt 0.416606 0.014274
vt 0.417793 0.014247
vt 0.416538 0.008736
vt 0.417722 0.008617
vt 0.415992 0.003575
vt 0.417172 0.003374
vt 0.417136 0.096476
vt 0.415949 0.096276
vt 0.416542 0.091161
vt 0.417726 0.091289
vt 0.416630 0.085659
vt 0.417814 0.085687
vt 0.416575 0.079885
vt 0.417762 0.079879
vt 0.416518 0.073971
vt 0.417706 0.073960
vt 0.416486 0.067994
vt 0.417675 0.067987
vt 0.416475 0.061994
vt 0.417664 0.061991
vt 0.416473 0.055988
vt 0.417662 0.055986
vt 0.416472 0.049981
vt 0.417661 0.049979
vt 0.416471 0.043973
vt 0.417660 0.043972
vt 0.416470 0.037965
vt 0.417660 0.037966
vt 0.416478 0.031963
vt 0.417667 0.031968
vt 0.417956 0.025993
vt 0.418005 0.020067
vt 0.418055 0.014237
vt 0.418863 0.014211
vt 0.417986 0.008584
vt 0.418800 0.008485
vt 0.417434 0.003290
vt 0.418254 0.002958
vt 0.418205 0.096885
vt 0.417399 0.096557
vt 0.417990 0.091324
vt 0.418800 0.091435
vt 0.418077 0.085699
vt 0.418883 0.085736
vt 0.418025 0.079880
vt 0.418833 0.079889
vt 0.417970 0.073958
vt 0.418781 0.073959
vt 0.417939 0.067985
vt 0.418752 0.067986
vt 0.417929 0.061990
vt 0.418741 0.061992
vt 0.417926 0.055986
vt 0.418739 0.055989
vt 0.417926 0.049979
vt 0.418739 0.049983
vt 0.417925 0.043972
vt 0.418737 0.043976
vt 0.417924 0.037967
vt 0.418737 0.037971
vt 0.417931 0.031969
vt 0.418744 0.031975
vt 0.420635 0.025999
vt 0.420673 0.020047
vt 0.420711 0.014131
vt 0.421110 0.014115
vt 0.420651 0.008259
vt 0.421052 0.008212
vt 0.420198 0.002508
vt 0.420625 0.002342
vt 0.420574 0.097479
vt 0.420152 0.097321
vt 0.420654 0.091683
vt 0.421056 0.091738
vt 0.420729 0.085828
vt 0.421127 0.085849
vt 0.420691 0.079911
vt 0.421091 0.079918
vt 0.420647 0.073959
vt 0.421050 0.073961
vt 0.420622 0.067982
vt 0.421026 0.067983
vt 0.420613 0.061989
vt 0.421017 0.061990
vt 0.420610 0.055987
vt 0.421015 0.055988
vt 0.420610 0.049981
vt 0.421014 0.049982
vt 0.420609 0.043975
vt 0.421013 0.043976
vt 0.420609 0.037972
vt 0.421013 0.037973
vt 0.420615 0.031977
vt 0.421019 0.031978
vt 0.416370 0.025981
vt 0.416421 0.020060
vt 0.793452 0.305590
vt 0.787811 0.305590
vt 0.416474 0.014276
vt 0.798664 0.303432
vt 0.416406 0.008749
vt 0.802652 0.299443
vt 0.415862 0.003605
vt 0.804811 0.294231
vt 0.415819 0.096245
vt 0.416410 0.091148
vt 0.804811 0.288590
vt 0.416498 0.085657
vt 0.802652 0.283379
vt 0.416443 0.079886
vt 0.798664 0.279390
vt 0.416385 0.073972
vt 0.793452 0.277231
vt 0.416354 0.067995
vt 0.787811 0.277231
vt 0.416343 0.061995
vt 0.782600 0.279390
vt 0.416340 0.055988
vt 0.778611 0.283378
vt 0.416340 0.049981
vt 0.776452 0.288590
vt 0.416339 0.043972
vt 0.776452 0.294231
vt 0.416338 0.037964
vt 0.778611 0.299443
vt 0.416346 0.031962
vt 0.782600 0.303432
vt 0.417824 0.025993
vt 0.417799 0.031968
vt 0.417873 0.020068
vt 0.417924 0.014243
vt 0.417854 0.008601
vt 0.417304 0.003340
vt 0.417268 0.096509
vt 0.417858 0.091306
vt 0.417945 0.085693
vt 0.417894 0.079879
vt 0.417838 0.073959
vt 0.417808 0.067986
vt 0.417797 0.061990
vt 0.417794 0.055986
vt 0.417794 0.049979
vt 0.417793 0.043972
vt 0.417792 0.037966
vt 0.420503 0.025999
vt 0.420483 0.031977
vt 0.420542 0.020050
vt 0.420582 0.014138
vt 0.420520 0.008277
vt 0.420060 0.002558
vt 0.420015 0.097275
vt 0.420523 0.091662
vt 0.420599 0.085818
vt 0.420560 0.079908
vt 0.420516 0.073959
vt 0.420491 0.067982
vt 0.420481 0.061989
vt 0.420479 0.055987
vt 0.420478 0.049981
vt 0.420477 0.043975
vt 0.420477 0.037972
vt 0.418994 0.014205
vt 0.418931 0.008468
vt 0.418388 0.002909
vt 0.418339 0.096933
vt 0.418931 0.091454
vt 0.419014 0.085743
vt 0.418965 0.079890
vt 0.418913 0.073959
vt 0.418884 0.067986
vt 0.418873 0.061992
vt 0.418871 0.055989
vt 0.418871 0.049982
vt 0.418869 0.043976
vt 0.418869 0.037971
vt 0.418876 0.031975
vt 0.421240 0.014107
vt 0.421182 0.008195
vt 0.420765 0.002293
vt 0.420714 0.097523
vt 0.421187 0.091759
vt 0.421256 0.085859
vt 0.421222 0.079921
vt 0.421181 0.073961
vt 0.421158 0.067982
vt 0.421149 0.061989
vt 0.421147 0.055988
vt 0.421146 0.049982
vt 0.421145 0.043976
vt 0.421145 0.037974
vt 0.421151 0.031979
vt 0.983066 0.189944
vt 0.983256 0.188632
vt 0.983300 0.188643
vt 0.983110 0.189950
vt 0.983554 0.187328
vt 0.983513 0.187314
vt 0.983903 0.186001
vt 0.983864 0.185982
vt 0.982926 0.191250
vt 0.982971 0.191255
vt 0.984409 0.184656
vt 0.984370 0.184624
vt 0.982831 0.192556
vt 0.982876 0.192558
vt 0.984011 0.204321
vt 0.984538 0.205636
vt 0.984500 0.205667
vt 0.983972 0.204342
vt 0.982777 0.193861
vt 0.982822 0.193862
vt 0.983635 0.203006
vt 0.983595 0.203020
vt 0.982761 0.195167
vt 0.982805 0.195166
vt 0.983358 0.201695
vt 0.983316 0.201705
vt 0.982784 0.196473
vt 0.982828 0.196472
vt 0.983150 0.200387
vt 0.983108 0.200395
vt 0.982848 0.197780
vt 0.982893 0.197776
vt 0.982998 0.199081
vt 0.982954 0.199087
vt 0.984615 0.187683
vt 0.984392 0.188892
vt 0.984347 0.188882
vt 0.984572 0.187668
vt 0.984174 0.190120
vt 0.984219 0.190126
vt 0.984900 0.186517
vt 0.984859 0.186496
vt 0.984047 0.191372
vt 0.984091 0.191377
vt 0.985257 0.185419
vt 0.985226 0.185398
vt 0.983957 0.192632
vt 0.984001 0.192635
vt 0.985006 0.203797
vt 0.985395 0.204896
vt 0.985363 0.204916
vt 0.984967 0.203818
vt 0.983905 0.193897
vt 0.983951 0.193898
vt 0.984695 0.202634
vt 0.984652 0.202648
vt 0.983891 0.195165
vt 0.983936 0.195164
vt 0.984450 0.201427
vt 0.984406 0.201439
vt 0.983913 0.196432
vt 0.983958 0.196430
vt 0.984262 0.200197
vt 0.984216 0.200204
vt 0.983973 0.197696
vt 0.984019 0.197692
vt 0.984119 0.198949
vt 0.984074 0.198955
vt 0.983920 0.187445
vt 0.983676 0.188725
vt 0.983633 0.188716
vt 0.983876 0.187432
vt 0.983450 0.190002
vt 0.983493 0.190009
vt 0.983313 0.191290
vt 0.983357 0.191294
vt 0.983231 0.189968
vt 0.983418 0.188668
vt 0.983461 0.188678
vt 0.983274 0.189975
vt 0.983711 0.187378
vt 0.983668 0.187364
vt 0.983092 0.191267
vt 0.983137 0.191272
vt 0.984051 0.186073
vt 0.984011 0.186053
vt 0.984246 0.186172
vt 0.984207 0.186152
vt 0.984548 0.184783
vt 0.984511 0.184750
vt 0.984731 0.184934
vt 0.984692 0.184908
vt 0.984156 0.204246
vt 0.984678 0.205514
vt 0.984640 0.205545
vt 0.984117 0.204267
vt 0.984350 0.204144
vt 0.984860 0.205370
vt 0.984822 0.205395
vt 0.984311 0.204165
vt 0.983791 0.202952
vt 0.983750 0.202966
vt 0.983998 0.202879
vt 0.983956 0.202893
vt 0.983520 0.201656
vt 0.983477 0.201667
vt 0.983735 0.201602
vt 0.983690 0.201613
vt 0.983315 0.200358
vt 0.983271 0.200367
vt 0.983534 0.200321
vt 0.983489 0.200328
vt 0.983164 0.199061
vt 0.983121 0.199067
vt 0.983386 0.199033
vt 0.983341 0.199039
vt 0.983059 0.197763
vt 0.983014 0.197767
vt 0.983282 0.197746
vt 0.983236 0.197749
vt 0.982997 0.196465
vt 0.982951 0.196466
vt 0.983219 0.196454
vt 0.983175 0.196457
vt 0.982974 0.195166
vt 0.982928 0.195166
vt 0.983196 0.195164
vt 0.983151 0.195164
vt 0.982989 0.193867
vt 0.982944 0.193866
vt 0.983212 0.193872
vt 0.983167 0.193871
vt 0.983042 0.192569
vt 0.982999 0.192567
vt 0.983265 0.192582
vt 0.983221 0.192580
vt 0.984350 0.186225
vt 0.984030 0.187482
vt 0.983988 0.187467
vt 0.984311 0.186205
vt 0.983746 0.188741
vt 0.983790 0.188751
vt 0.983564 0.190019
vt 0.983609 0.190025
vt 0.984807 0.186471
vt 0.984517 0.187651
vt 0.984474 0.187637
vt 0.984766 0.186449
vt 0.984247 0.188861
vt 0.984292 0.188870
vt 0.984075 0.190105
vt 0.984119 0.190112
vt 0.983431 0.191302
vt 0.983475 0.191306
vt 0.983944 0.191361
vt 0.983990 0.191366
vt 0.984823 0.185014
vt 0.984789 0.184981
vt 0.985186 0.185371
vt 0.985156 0.185344
vt 0.983338 0.192586
vt 0.983382 0.192590
vt 0.983854 0.192627
vt 0.983899 0.192629
vt 0.984453 0.204089
vt 0.984953 0.205295
vt 0.984918 0.205325
vt 0.984414 0.204110
vt 0.984915 0.203845
vt 0.985322 0.204939
vt 0.985291 0.204966
vt 0.984875 0.203866
vt 0.983285 0.193875
vt 0.983329 0.193875
vt 0.983803 0.193895
vt 0.983848 0.193896
vt 0.984109 0.202840
vt 0.984066 0.202854
vt 0.984597 0.202668
vt 0.984556 0.202684
vt 0.983270 0.195163
vt 0.983314 0.195163
vt 0.983788 0.195166
vt 0.983833 0.195166
vt 0.983847 0.201574
vt 0.983804 0.201585
vt 0.984350 0.201453
vt 0.984307 0.201463
vt 0.983292 0.196451
vt 0.983337 0.196450
vt 0.983810 0.196436
vt 0.983856 0.196434
vt 0.983649 0.200300
vt 0.983605 0.200308
vt 0.984160 0.200214
vt 0.984116 0.200222
vt 0.983355 0.197740
vt 0.983399 0.197736
vt 0.983872 0.197705
vt 0.983916 0.197701
vt 0.983501 0.199020
vt 0.983458 0.199026
vt 0.984018 0.198962
vt 0.983973 0.198968
vt 0.983862 0.187426
vt 0.983617 0.188712
vt 0.983572 0.188702
vt 0.983819 0.187413
vt 0.983389 0.189992
vt 0.983433 0.189999
vt 0.983253 0.191283
vt 0.983297 0.191288
vt 0.983785 0.187402
vt 0.983538 0.188695
vt 0.983495 0.188684
vt 0.983743 0.187388
vt 0.983308 0.189980
vt 0.983353 0.189986
vt 0.983172 0.191275
vt 0.983216 0.191279
vt 0.984121 0.186108
vt 0.984082 0.186089
vt 0.984193 0.186145
vt 0.984153 0.186125
vt 0.984613 0.184841
vt 0.984576 0.184807
vt 0.984679 0.184899
vt 0.984642 0.184868
vt 0.984226 0.204211
vt 0.984743 0.205459
vt 0.984706 0.205490
vt 0.984187 0.204230
vt 0.984297 0.204172
vt 0.984808 0.205403
vt 0.984772 0.205432
vt 0.984258 0.204193
vt 0.983866 0.202926
vt 0.983824 0.202941
vt 0.983942 0.202899
vt 0.983900 0.202914
vt 0.983596 0.201636
vt 0.983553 0.201647
vt 0.983675 0.201616
vt 0.983631 0.201628
vt 0.983394 0.200346
vt 0.983349 0.200353
vt 0.983473 0.200330
vt 0.983430 0.200339
vt 0.983243 0.199051
vt 0.983199 0.199057
vt 0.983325 0.199041
vt 0.983280 0.199047
vt 0.983139 0.197757
vt 0.983094 0.197761
vt 0.983221 0.197751
vt 0.983176 0.197754
vt 0.983076 0.196461
vt 0.983032 0.196463
vt 0.983157 0.196457
vt 0.983114 0.196460
vt 0.983054 0.195166
vt 0.983008 0.195166
vt 0.983134 0.195164
vt 0.983090 0.195165
vt 0.983069 0.193869
vt 0.983024 0.193868
vt 0.983150 0.193871
vt 0.983105 0.193870
vt 0.983122 0.192574
vt 0.983078 0.192572
vt 0.983203 0.192579
vt 0.983160 0.192576
vt 0.992411 0.189800
vt 0.992566 0.188722
vt 0.992278 0.190872
vt 0.992741 0.187629
vt 0.992171 0.191939
vt 0.992922 0.186512
vt 0.992095 0.193006
vt 0.992922 0.203686
vt 0.992735 0.202594
vt 0.992047 0.194070
vt 0.992558 0.201518
vt 0.992031 0.195134
vt 0.992403 0.200451
vt 0.992045 0.196197
vt 0.992271 0.199387
vt 0.992091 0.197261
vt 0.992165 0.198324
vt 0.975423 0.187390
vt 0.975712 0.185870
vt 0.975183 0.188929
vt 0.976037 0.184378
vt 0.974995 0.190481
vt 0.976373 0.182932
vt 0.974860 0.192042
vt 0.976398 0.207500
vt 0.976045 0.206023
vt 0.974780 0.193608
vt 0.975714 0.204515
vt 0.974753 0.195177
vt 0.975425 0.202983
vt 0.974782 0.196748
vt 0.975185 0.201436
vt 0.974863 0.198316
vt 0.974997 0.199879
vt 0.962160 0.220461
vt 0.961970 0.221771
vt 0.961927 0.221762
vt 0.962116 0.220454
vt 0.961671 0.223076
vt 0.961713 0.223089
vt 0.961323 0.224403
vt 0.961361 0.224421
vt 0.962300 0.219154
vt 0.962254 0.219149
vt 0.960816 0.225747
vt 0.960855 0.225780
vt 0.962394 0.217847
vt 0.962349 0.217845
vt 0.961217 0.206082
vt 0.960689 0.204767
vt 0.960728 0.204737
vt 0.961254 0.206061
vt 0.962450 0.216542
vt 0.962405 0.216541
vt 0.961591 0.207397
vt 0.961633 0.207383
vt 0.962466 0.215236
vt 0.962421 0.215237
vt 0.961868 0.208709
vt 0.961911 0.208698
vt 0.962443 0.213931
vt 0.962398 0.213932
vt 0.962075 0.210016
vt 0.962119 0.210009
vt 0.962379 0.212624
vt 0.962334 0.212628
vt 0.962228 0.211322
vt 0.962273 0.211317
vt 0.960612 0.222721
vt 0.960835 0.221511
vt 0.960878 0.221522
vt 0.960655 0.222735
vt 0.961051 0.220284
vt 0.961007 0.220277
vt 0.960325 0.223887
vt 0.960366 0.223908
vt 0.961181 0.219031
vt 0.961135 0.219027
vt 0.959969 0.224985
vt 0.960000 0.225005
vt 0.961269 0.217771
vt 0.961224 0.217769
vt 0.960220 0.206606
vt 0.959831 0.205507
vt 0.959864 0.205488
vt 0.960260 0.206585
vt 0.961321 0.216506
vt 0.961276 0.216505
vt 0.960533 0.207770
vt 0.960576 0.207755
vt 0.961335 0.215238
vt 0.961291 0.215240
vt 0.960776 0.208976
vt 0.960821 0.208964
vt 0.961313 0.213972
vt 0.961268 0.213973
vt 0.960966 0.210206
vt 0.961011 0.210199
vt 0.961253 0.212708
vt 0.961208 0.212711
vt 0.961108 0.211454
vt 0.961152 0.211448
vt 0.961307 0.222959
vt 0.961550 0.221679
vt 0.961593 0.221688
vt 0.961348 0.222972
vt 0.961777 0.220403
vt 0.961732 0.220395
vt 0.961912 0.219113
vt 0.961868 0.219110
vt 0.961996 0.220435
vt 0.961809 0.221736
vt 0.961765 0.221725
vt 0.961952 0.220429
vt 0.961516 0.223026
vt 0.961557 0.223040
vt 0.962133 0.219137
vt 0.962089 0.219132
vt 0.961176 0.224331
vt 0.961215 0.224350
vt 0.960979 0.224231
vt 0.961018 0.224251
vt 0.960678 0.225620
vt 0.960714 0.225653
vt 0.960495 0.225469
vt 0.960533 0.225496
vt 0.961070 0.206157
vt 0.960550 0.204890
vt 0.960587 0.204858
vt 0.961109 0.206136
vt 0.960876 0.206259
vt 0.960367 0.205032
vt 0.960405 0.205009
vt 0.960916 0.206238
vt 0.961435 0.207451
vt 0.961477 0.207437
vt 0.961228 0.207524
vt 0.961270 0.207510
vt 0.961708 0.208748
vt 0.961751 0.208738
vt 0.961493 0.208801
vt 0.961536 0.208790
vt 0.961911 0.210045
vt 0.961956 0.210037
vt 0.961692 0.210083
vt 0.961738 0.210075
vt 0.962063 0.211342
vt 0.962107 0.211337
vt 0.961842 0.211370
vt 0.961886 0.211364
vt 0.962167 0.212640
vt 0.962212 0.212637
vt 0.961945 0.212658
vt 0.961989 0.212654
vt 0.962230 0.213939
vt 0.962274 0.213937
vt 0.962008 0.213949
vt 0.962051 0.213947
vt 0.962253 0.215238
vt 0.962298 0.215238
vt 0.962030 0.215240
vt 0.962075 0.215240
vt 0.962238 0.216537
vt 0.962283 0.216538
vt 0.962015 0.216531
vt 0.962060 0.216533
vt 0.962183 0.217834
vt 0.962228 0.217837
vt 0.961960 0.217822
vt 0.962006 0.217824
vt 0.960876 0.224178
vt 0.961196 0.222922
vt 0.961239 0.222936
vt 0.960916 0.224199
vt 0.961479 0.221663
vt 0.961436 0.221654
vt 0.961661 0.220385
vt 0.961618 0.220378
vt 0.960418 0.223933
vt 0.960710 0.222752
vt 0.960752 0.222766
vt 0.960459 0.223954
vt 0.960979 0.221544
vt 0.960935 0.221534
vt 0.961152 0.220299
vt 0.961108 0.220292
vt 0.961796 0.219102
vt 0.961752 0.219098
vt 0.961281 0.219042
vt 0.961237 0.219038
vt 0.960402 0.225390
vt 0.960437 0.225422
vt 0.960041 0.225032
vt 0.960071 0.225059
vt 0.961888 0.217817
vt 0.961843 0.217813
vt 0.961371 0.217777
vt 0.961326 0.217774
vt 0.960774 0.206315
vt 0.960274 0.205108
vt 0.960309 0.205078
vt 0.960813 0.206293
vt 0.960312 0.206558
vt 0.959906 0.205464
vt 0.959935 0.205438
vt 0.960352 0.206537
vt 0.961942 0.216529
vt 0.961897 0.216528
vt 0.961423 0.216508
vt 0.961378 0.216507
vt 0.961119 0.207565
vt 0.961161 0.207549
vt 0.960629 0.207736
vt 0.960671 0.207720
vt 0.961957 0.215240
vt 0.961912 0.215240
vt 0.961439 0.215238
vt 0.961393 0.215238
vt 0.961380 0.208830
vt 0.961422 0.208819
vt 0.960876 0.208951
vt 0.960920 0.208940
vt 0.961935 0.213952
vt 0.961890 0.213953
vt 0.961415 0.213968
vt 0.961370 0.213969
vt 0.961577 0.210104
vt 0.961622 0.210095
vt 0.961066 0.210189
vt 0.961111 0.210182
vt 0.961872 0.212664
vt 0.961827 0.212667
vt 0.961356 0.212700
vt 0.961309 0.212702
vt 0.961725 0.211384
vt 0.961769 0.211378
vt 0.961210 0.211442
vt 0.961254 0.211435
vt 0.961364 0.222977
vt 0.961610 0.221691
vt 0.961653 0.221702
vt 0.961406 0.222991
vt 0.961838 0.220411
vt 0.961794 0.220405
vt 0.961974 0.219121
vt 0.961929 0.219116
vt 0.961441 0.223002
vt 0.961688 0.221709
vt 0.961732 0.221719
vt 0.961482 0.223015
vt 0.961918 0.220423
vt 0.961873 0.220417
vt 0.962054 0.219128
vt 0.962009 0.219124
vt 0.961105 0.224295
vt 0.961145 0.224315
vt 0.961033 0.224258
vt 0.961073 0.224278
vt 0.960612 0.225562
vt 0.960649 0.225597
vt 0.960547 0.225505
vt 0.960583 0.225535
vt 0.961002 0.206194
vt 0.960485 0.204945
vt 0.960520 0.204913
vt 0.961040 0.206173
vt 0.960930 0.206231
vt 0.960420 0.205000
vt 0.960455 0.204972
vt 0.960968 0.206211
vt 0.961362 0.207478
vt 0.961402 0.207463
vt 0.961286 0.207504
vt 0.961327 0.207490
vt 0.961630 0.208767
vt 0.961674 0.208757
vt 0.961552 0.208786
vt 0.961596 0.208776
vt 0.961833 0.210058
vt 0.961877 0.210051
vt 0.961753 0.210073
vt 0.961798 0.210064
vt 0.961982 0.211352
vt 0.962027 0.211346
vt 0.961903 0.211362
vt 0.961948 0.211356
vt 0.962088 0.212646
vt 0.962132 0.212643
vt 0.962006 0.212653
vt 0.962051 0.212649
vt 0.962151 0.213942
vt 0.962195 0.213940
vt 0.962069 0.213946
vt 0.962113 0.213944
vt 0.962174 0.215239
vt 0.962218 0.215238
vt 0.962091 0.215240
vt 0.962137 0.215238
vt 0.962158 0.216534
vt 0.962203 0.216536
vt 0.962076 0.216532
vt 0.962121 0.216534
vt 0.962103 0.217829
vt 0.962148 0.217833
vt 0.962022 0.217825
vt 0.962067 0.217827
vt 0.952816 0.220603
vt 0.952659 0.221682
vt 0.952949 0.219532
vt 0.952485 0.222774
vt 0.953054 0.218465
vt 0.952304 0.223891
vt 0.953131 0.217398
vt 0.952304 0.206717
vt 0.952491 0.207809
vt 0.953179 0.216333
vt 0.952667 0.208885
vt 0.953196 0.215268
vt 0.952824 0.209952
vt 0.953182 0.214205
vt 0.952957 0.211016
vt 0.953137 0.213141
vt 0.953061 0.212079
vt 0.969802 0.223014
vt 0.969513 0.224534
vt 0.970043 0.221475
vt 0.969189 0.226026
vt 0.970231 0.219923
vt 0.968853 0.227472
vt 0.970367 0.218362
vt 0.968828 0.202904
vt 0.969184 0.204381
vt 0.970446 0.216796
vt 0.969513 0.205889
vt 0.970472 0.215227
vt 0.969801 0.207421
vt 0.970445 0.213656
vt 0.970042 0.208968
vt 0.970364 0.212088
vt 0.970231 0.210524
vt 0.441214 0.079924
vt 0.440085 0.080074
vt 0.440219 0.079342
vt 0.441242 0.079559
vt 0.440414 0.078630
vt 0.441372 0.079206
vt 0.256780 0.733425
vt 0.247498 0.783334
vt 0.247197 0.783114
vt 0.256419 0.733405
vt 0.451237 0.129822
vt 0.439713 0.080146
vt 0.451564 0.129731
vt 0.456475 0.059559
vt 0.440107 0.078411
vt 0.456109 0.059446
vt 0.263394 0.801406
vt 0.247365 0.783687
vt 0.263389 0.800847
vt 0.457023 0.060480
vt 0.457365 0.059536
vt 0.457365 0.060402
vt 0.458264 0.059539
vt 0.457686 0.060451
vt 0.264076 0.733420
vt 0.264078 0.800826
vt 0.263730 0.800989
vt 0.263739 0.733425
vt 0.263403 0.733429
vt 0.475796 0.077129
vt 0.458630 0.059403
vt 0.476092 0.076894
vt 0.280104 0.783688
vt 0.264077 0.801390
vt 0.279959 0.783349
vt 0.453198 0.129781
vt 0.452587 0.130655
vt 0.452053 0.130230
vt 0.452890 0.129605
vt 0.452728 0.129358
vt 0.256839 0.733070
vt 0.263398 0.733065
vt 0.460007 0.131381
vt 0.452507 0.130969
vt 0.460033 0.131016
vt 0.460723 0.129764
vt 0.460822 0.130978
vt 0.460428 0.131002
vt 0.460371 0.129787
vt 0.460019 0.129797
vt 0.270700 0.733402
vt 0.264067 0.733056
vt 0.270663 0.733044
vt 0.468318 0.130304
vt 0.460853 0.131343
vt 0.468212 0.129999
vt 0.474876 0.077772
vt 0.476057 0.077813
vt 0.475006 0.078114
vt 0.476232 0.078528
vt 0.475097 0.078468
vt 0.469134 0.128958
vt 0.476611 0.078551
vt 0.469469 0.129017
vt 0.271059 0.733372
vt 0.280264 0.783153
vt 0.467983 0.128674
vt 0.468706 0.129506
vt 0.467811 0.128965
vt 0.467536 0.129137
vt 0.457118 0.060875
vt 0.441681 0.079408
vt 0.457073 0.061447
vt 0.441876 0.079684
vt 0.474417 0.078281
vt 0.457725 0.061418
vt 0.457627 0.060847
vt 0.474587 0.077993
vt 0.460001 0.129037
vt 0.457392 0.061280
vt 0.460336 0.129021
vt 0.460672 0.129005
vt 0.467271 0.128617
vt 0.474729 0.078434
vt 0.467630 0.128623
vt 0.453393 0.129204
vt 0.460010 0.129419
vt 0.453325 0.129494
vt 0.460695 0.129387
vt 0.467380 0.128888
vt 0.441579 0.079861
vt 0.453047 0.129265
vt 0.439916 0.079275
vt 0.247142 0.783446
vt 0.457370 0.059249
vt 0.263739 0.801538
vt 0.451866 0.130419
vt 0.256536 0.733103
vt 0.460432 0.131366
vt 0.263729 0.733062
vt 0.476346 0.077724
vt 0.280314 0.783466
vt 0.468908 0.129677
vt 0.270961 0.733090
vt 0.457371 0.060745
vt 0.474760 0.078184
vt 0.460353 0.129405
vt 0.467612 0.128828
vt 0.441512 0.079612
vt 0.453082 0.129457
vt 0.016577 0.120243
vt 0.016544 0.124913
vt 0.016150 0.124924
vt 0.016162 0.120215
vt 0.015787 0.119840
vt 0.011079 0.119856
vt 0.011090 0.119462
vt 0.015759 0.119425
vt 0.089318 0.125727
vt 0.017122 0.125733
vt 0.016716 0.125313
vt 0.089738 0.125299
vt 0.089916 0.124899
vt 0.004982 0.113615
vt 0.010261 0.118864
vt 0.010108 0.119274
vt 0.004825 0.114003
vt 0.022008 0.131175
vt 0.016734 0.125894
vt 0.022395 0.131017
vt 0.011061 0.016531
vt 0.010689 0.119284
vt 0.010662 0.016703
vt 0.010241 0.017110
vt 0.090700 0.119411
vt 0.095371 0.119443
vt 0.095382 0.119838
vt 0.090672 0.119826
vt 0.090297 0.120202
vt 0.090311 0.124910
vt 0.089882 0.120230
vt 0.096170 0.017111
vt 0.096190 0.118865
vt 0.095770 0.119272
vt 0.095742 0.016691
vt 0.095341 0.016513
vt 0.084065 0.131005
vt 0.089727 0.125880
vt 0.084454 0.131163
vt 0.101632 0.113978
vt 0.096352 0.119253
vt 0.101474 0.113591
vt 0.015731 0.016564
vt 0.011049 0.016137
vt 0.015758 0.016148
vt 0.016134 0.015773
vt 0.016120 0.011065
vt 0.016515 0.011076
vt 0.016549 0.015745
vt 0.022366 0.004969
vt 0.017113 0.010247
vt 0.016704 0.010094
vt 0.021977 0.004812
vt 0.004798 0.021996
vt 0.010079 0.016722
vt 0.004957 0.022383
vt 0.089888 0.011061
vt 0.016693 0.010675
vt 0.089715 0.010662
vt 0.089309 0.010242
vt 0.089854 0.015732
vt 0.090281 0.011050
vt 0.090269 0.015759
vt 0.090644 0.016134
vt 0.095353 0.016118
vt 0.090672 0.016549
vt 0.101448 0.022359
vt 0.096323 0.016701
vt 0.101605 0.021971
vt 0.084423 0.004799
vt 0.089697 0.010080
vt 0.084036 0.004957
vt 0.002367 0.112045
vt 0.004176 0.112971
vt 0.004071 0.113347
vt 0.002284 0.112428
vt 0.023612 0.133701
vt 0.022664 0.131931
vt 0.023038 0.131826
vt 0.023991 0.133593
vt 0.004585 0.113247
vt 0.004558 0.022751
vt 0.004148 0.023027
vt 0.083421 0.131813
vt 0.022758 0.131416
vt 0.083698 0.131403
vt 0.082494 0.133621
vt 0.083796 0.131917
vt 0.082858 0.133713
vt 0.104183 0.112383
vt 0.102388 0.113323
vt 0.102284 0.112948
vt 0.104091 0.112020
vt 0.102256 0.023003
vt 0.101873 0.113224
vt 0.101846 0.022727
vt 0.104064 0.023929
vt 0.102360 0.022628
vt 0.104155 0.023565
vt 0.082828 0.002248
vt 0.083767 0.004043
vt 0.083392 0.004148
vt 0.082464 0.002340
vt 0.023009 0.004162
vt 0.083668 0.004558
vt 0.022733 0.004571
vt 0.023937 0.002353
vt 0.022635 0.004058
vt 0.023573 0.002262
vt 0.002248 0.023591
vt 0.004043 0.022652
vt 0.002340 0.023955
vt 0.001980 0.111911
vt 0.001953 0.024089
vt 0.010606 0.530267
vt 0.010566 0.402454
vt 0.011152 0.402510
vt 0.011191 0.530210
vt 0.095817 0.402483
vt 0.011119 0.401899
vt 0.095873 0.401897
vt 0.082361 0.134008
vt 0.024116 0.134000
vt 0.095853 0.530187
vt 0.096403 0.402426
vt 0.096439 0.530244
vt 0.104451 0.024063
vt 0.104478 0.111886
vt 0.095910 0.530774
vt 0.011135 0.530796
vt 0.024070 0.001966
vt 0.082331 0.001953
vt 0.016558 0.016571
vt 0.016585 0.119417
vt 0.016172 0.119420
vt 0.016144 0.016568
vt 0.016582 0.119830
vt 0.089877 0.119817
vt 0.089873 0.119404
vt 0.090287 0.119406
vt 0.090259 0.016555
vt 0.089846 0.016557
vt 0.016554 0.016158
vt 0.089849 0.016145
vt 0.010611 0.119689
vt 0.016316 0.125393
vt 0.090143 0.125378
vt 0.095850 0.119671
vt 0.016287 0.010597
vt 0.010581 0.016304
vt 0.095820 0.016285
vt 0.090115 0.010582
vt 0.022380 0.131557
vt 0.004446 0.113630
vt 0.102014 0.113605
vt 0.084080 0.131544
vt 0.084049 0.004417
vt 0.101986 0.022345
vt 0.004417 0.022369
vt 0.022351 0.004431
vt 0.010642 0.401971
vt 0.001987 0.112244
vt 0.023791 0.133998
vt 0.104473 0.112204
vt 0.096336 0.401964
vt 0.082678 0.134003
vt 0.082648 0.001958
vt 0.096373 0.530707
vt 0.104445 0.023745
vt 0.001958 0.023771
vt 0.010673 0.530730
vt 0.023753 0.001972
vt 0.016203 0.119798
vt 0.090256 0.119785
vt 0.016176 0.016190
vt 0.090228 0.016176
vt 0.843017 0.792969
vt 0.840798 0.792755
vt 0.841377 0.791418
vt 0.843232 0.792286
vt 0.842062 0.790149
vt 0.843637 0.791669
vt 0.378778 0.002660
vt 0.343158 0.095397
vt 0.342658 0.094866
vt 0.378091 0.002495
vt 0.840058 0.892519
vt 0.840058 0.792727
vt 0.840720 0.892491
vt 0.881113 0.760896
vt 0.841575 0.789595
vt 0.880466 0.760517
vt 0.367315 0.135826
vt 0.342777 0.096026
vt 0.367505 0.134749
vt 0.881750 0.762894
vt 0.882820 0.761246
vt 0.882437 0.762895
vt 0.884531 0.761648
vt 0.883026 0.763130
vt 0.392818 0.005246
vt 0.368839 0.134953
vt 0.368110 0.135145
vt 0.392168 0.005137
vt 0.391520 0.005024
vt 0.910175 0.802931
vt 0.885290 0.761551
vt 0.910843 0.802616
vt 0.405774 0.107679
vt 0.368637 0.136039
vt 0.405614 0.106974
vt 0.843815 0.893308
vt 0.842263 0.894704
vt 0.841433 0.893659
vt 0.843306 0.892837
vt 0.843105 0.892294
vt 0.379018 0.001998
vt 0.391639 0.004322
vt 0.856088 0.899369
vt 0.841973 0.895267
vt 0.856298 0.898685
vt 0.858167 0.896604
vt 0.857819 0.898960
vt 0.857056 0.898831
vt 0.857486 0.896491
vt 0.856810 0.896355
vt 0.405572 0.007569
vt 0.392932 0.004544
vt 0.405629 0.006867
vt 0.872406 0.900991
vt 0.857716 0.899671
vt 0.872340 0.900363
vt 0.908137 0.803752
vt 0.910370 0.804352
vt 0.908233 0.804461
vt 0.910387 0.805791
vt 0.908250 0.805176
vt 0.874559 0.898786
vt 0.911099 0.806003
vt 0.875168 0.899048
vt 0.406272 0.007638
vt 0.406272 0.106706
vt 0.872489 0.897735
vt 0.873498 0.899642
vt 0.872031 0.898215
vt 0.871431 0.898421
vt 0.881756 0.763688
vt 0.844135 0.792192
vt 0.881417 0.764759
vt 0.844384 0.792804
vt 0.907038 0.804519
vt 0.882673 0.764992
vt 0.882740 0.763861
vt 0.907488 0.804044
vt 0.857111 0.894898
vt 0.882100 0.764582
vt 0.857758 0.895016
vt 0.858405 0.895133
vt 0.871155 0.897312
vt 0.907563 0.804949
vt 0.871839 0.897482
vt 0.844442 0.892294
vt 0.856960 0.895630
vt 0.844185 0.892817
vt 0.858281 0.895872
vt 0.871245 0.897878
vt 0.843740 0.793010
vt 0.843756 0.892257
vt 0.840829 0.791158
vt 0.342433 0.095484
vt 0.882958 0.760701
vt 0.367933 0.136204
vt 0.840994 0.893936
vt 0.378422 0.001953
vt 0.856906 0.899527
vt 0.392279 0.004435
vt 0.910959 0.804308
vt 0.406258 0.107326
vt 0.873808 0.900057
vt 0.406186 0.007061
vt 0.882296 0.763552
vt 0.907734 0.804485
vt 0.857619 0.895755
vt 0.871712 0.897866
vt 0.843723 0.792505
vt 0.843736 0.892639
vt 0.030571 0.767635
vt 0.030505 0.776775
vt 0.029733 0.776796
vt 0.029758 0.767582
vt 0.029024 0.766847
vt 0.019811 0.766878
vt 0.019832 0.766107
vt 0.028969 0.766035
vt 0.172915 0.778368
vt 0.031637 0.778378
vt 0.030842 0.777556
vt 0.173737 0.777530
vt 0.174086 0.776747
vt 0.007882 0.754665
vt 0.018211 0.764937
vt 0.017912 0.765738
vt 0.007574 0.755425
vt 0.041199 0.789029
vt 0.030878 0.778695
vt 0.041956 0.788719
vt 0.019776 0.564685
vt 0.019049 0.765758
vt 0.018994 0.565021
vt 0.018172 0.565817
vt 0.175620 0.766007
vt 0.184759 0.766071
vt 0.184781 0.766843
vt 0.175566 0.766820
vt 0.174830 0.767555
vt 0.174857 0.776768
vt 0.174018 0.767609
vt 0.186323 0.565819
vt 0.186364 0.764939
vt 0.185541 0.765735
vt 0.185485 0.564997
vt 0.184702 0.564648
vt 0.162636 0.788696
vt 0.173716 0.778666
vt 0.163397 0.789005
vt 0.197012 0.755376
vt 0.186680 0.765698
vt 0.196704 0.754619
vt 0.028916 0.564748
vt 0.019754 0.563913
vt 0.028968 0.563936
vt 0.029705 0.563201
vt 0.029677 0.553988
vt 0.030449 0.554009
vt 0.030517 0.563146
vt 0.041898 0.542060
vt 0.031620 0.552388
vt 0.030819 0.552089
vt 0.041137 0.541751
vt 0.007522 0.575379
vt 0.017855 0.565057
vt 0.007832 0.576137
vt 0.174029 0.553981
vt 0.030797 0.553226
vt 0.173693 0.553199
vt 0.172897 0.552377
vt 0.173964 0.563120
vt 0.174801 0.553959
vt 0.174776 0.563174
vt 0.175510 0.563908
vt 0.184724 0.563876
vt 0.175565 0.564720
vt 0.196653 0.576090
vt 0.186622 0.565017
vt 0.196960 0.575329
vt 0.163336 0.541726
vt 0.173657 0.552061
vt 0.162578 0.542036
vt 0.002763 0.751593
vt 0.006302 0.753406
vt 0.006098 0.754139
vt 0.002601 0.752343
vt 0.044336 0.793972
vt 0.042482 0.790508
vt 0.043215 0.790303
vt 0.045079 0.793760
vt 0.007103 0.753946
vt 0.007051 0.576856
vt 0.006248 0.577396
vt 0.161376 0.790276
vt 0.042668 0.789499
vt 0.161917 0.789475
vt 0.159562 0.793815
vt 0.162110 0.790480
vt 0.160274 0.793994
vt 0.202005 0.752255
vt 0.198492 0.754093
vt 0.198287 0.753360
vt 0.201825 0.751544
vt 0.198232 0.577349
vt 0.197484 0.753899
vt 0.197431 0.576809
vt 0.201772 0.579162
vt 0.198437 0.576616
vt 0.201950 0.578450
vt 0.160214 0.536735
vt 0.162053 0.540246
vt 0.161320 0.540452
vt 0.159503 0.536915
vt 0.043158 0.540480
vt 0.161859 0.541255
vt 0.042617 0.541281
vt 0.044972 0.536941
vt 0.042425 0.540276
vt 0.044261 0.536762
vt 0.002531 0.578500
vt 0.006043 0.576663
vt 0.002711 0.579212
vt 0.002006 0.751332
vt 0.001953 0.579474
vt 0.817662 0.757943
vt 0.817609 0.586154
vt 0.818396 0.586229
vt 0.818449 0.757867
vt 0.932193 0.586192
vt 0.818352 0.585408
vt 0.932268 0.585405
vt 0.159301 0.794572
vt 0.045324 0.794555
vt 0.932240 0.757837
vt 0.932980 0.586116
vt 0.933029 0.757912
vt 0.202529 0.579423
vt 0.202582 0.751282
vt 0.932317 0.758624
vt 0.818373 0.758654
vt 0.045234 0.536183
vt 0.159242 0.536157
vt 0.030532 0.564762
vt 0.030586 0.766019
vt 0.029778 0.766025
vt 0.029724 0.564757
vt 0.030581 0.766827
vt 0.174008 0.766801
vt 0.174003 0.765994
vt 0.174811 0.765998
vt 0.174757 0.564731
vt 0.173948 0.564736
vt 0.030526 0.563954
vt 0.173954 0.563928
vt 0.018896 0.766552
vt 0.030060 0.777713
vt 0.174530 0.777684
vt 0.185698 0.766516
vt 0.030004 0.553072
vt 0.018837 0.564240
vt 0.185639 0.564203
vt 0.174474 0.553043
vt 0.041926 0.789776
vt 0.006832 0.754694
vt 0.197760 0.754646
vt 0.162665 0.789750
vt 0.162606 0.540979
vt 0.197706 0.576061
vt 0.006775 0.576110
vt 0.041870 0.541006
vt 0.817711 0.585504
vt 0.002021 0.751982
vt 0.044688 0.794553
vt 0.202571 0.751903
vt 0.932890 0.585494
vt 0.159922 0.794562
vt 0.159863 0.536168
vt 0.932939 0.758535
vt 0.202518 0.578801
vt 0.001964 0.578853
vt 0.817752 0.758565
vt 0.044612 0.536194
vt 0.029840 0.766765
vt 0.174749 0.766739
vt 0.029786 0.564017
vt 0.174695 0.563990
vt 0.982018 0.250047
vt 0.989566 0.251081
vt 0.989460 0.251798
vt 0.981891 0.250766
vt 0.990200 0.246640
vt 0.982632 0.245600
vt 0.982704 0.245168
vt 0.990262 0.246205
vt 0.981379 0.275880
vt 0.988851 0.274262
vt 0.989894 0.277888
vt 0.982693 0.279895
vt 0.983210 0.281100
vt 0.982980 0.280502
vt 0.990120 0.278487
vt 0.990341 0.279080
vt 0.982769 0.244607
vt 0.990341 0.245642
vt 0.982120 0.249424
vt 0.982191 0.248867
vt 0.989741 0.249893
vt 0.989659 0.250455
vt 0.982232 0.248432
vt 0.989802 0.249460
vt 0.981158 0.274634
vt 0.988598 0.273220
vt 0.988720 0.256764
vt 0.981184 0.255886
vt 0.987289 0.310850
vt 0.987289 0.311498
vt 0.979691 0.311498
vt 0.979691 0.310850
vt 0.979691 0.315881
vt 0.979691 0.315508
vt 0.987289 0.315508
vt 0.987289 0.315881
vt 0.987289 0.283978
vt 0.987289 0.287967
vt 0.979691 0.287967
vt 0.979691 0.283978
vt 0.987289 0.283402
vt 0.979691 0.283402
vt 0.979691 0.282976
vt 0.987289 0.282976
vt 0.987289 0.316253
vt 0.979691 0.316253
vt 0.987289 0.312295
vt 0.979691 0.312295
vt 0.979691 0.311923
vt 0.987289 0.311923
vt 0.979691 0.312668
vt 0.987289 0.312668
vt 0.987289 0.289130
vt 0.979691 0.289130
vt 0.987289 0.305769
vt 0.979691 0.305769
vt 0.981564 0.250655
vt 0.981713 0.249973
vt 0.982240 0.245436
vt 0.982356 0.245062
vt 0.979268 0.283978
vt 0.979268 0.287967
vt 0.978938 0.287967
vt 0.978938 0.283978
vt 0.982900 0.281070
vt 0.982750 0.280648
vt 0.982412 0.244671
vt 0.981811 0.249437
vt 0.981811 0.248951
vt 0.981790 0.248543
vt 0.981072 0.275759
vt 0.980835 0.274697
vt 0.449302 0.002376
vt 0.449302 0.005215
vt 0.448903 0.005215
vt 0.448903 0.002376
vt 0.982606 0.280221
vt 0.979557 0.255648
vt 0.980267 0.250531
vt 0.980597 0.250579
vt 0.979885 0.255697
vt 0.980763 0.275806
vt 0.980874 0.275961
vt 0.980644 0.276279
vt 0.981029 0.276146
vt 0.982283 0.279947
vt 0.981910 0.280112
vt 0.982316 0.280239
vt 0.982401 0.280493
vt 0.447197 0.005638
vt 0.447197 0.005215
vt 0.447595 0.005215
vt 0.447595 0.005638
vt 0.448461 0.005215
vt 0.448038 0.005215
vt 0.448038 0.002376
vt 0.448461 0.002376
vt 0.447595 0.001953
vt 0.447595 0.002376
vt 0.447197 0.002376
vt 0.447197 0.001953
vt 0.455102 0.004794
vt 0.454680 0.004794
vt 0.454680 0.001953
vt 0.455102 0.001953
vt 0.981155 0.249874
vt 0.981574 0.249940
vt 0.981522 0.250267
vt 0.981102 0.250203
vt 0.981035 0.250644
vt 0.981453 0.250705
vt 0.980746 0.255824
vt 0.980325 0.255763
vt 0.979268 0.305769
vt 0.979268 0.310850
vt 0.978495 0.283978
vt 0.978495 0.287967
vt 0.448038 0.001953
vt 0.448038 0.005638
vt 0.988186 0.261637
vt 0.988123 0.262317
vt 0.980448 0.261864
vt 0.980500 0.261098
vt 0.980468 0.267095
vt 0.980459 0.266630
vt 0.987950 0.266450
vt 0.987967 0.266856
vt 0.988050 0.268564
vt 0.988337 0.272193
vt 0.980917 0.273380
vt 0.980392 0.269076
vt 0.988010 0.267969
vt 0.980448 0.268367
vt 0.980467 0.267695
vt 0.987987 0.267382
vt 0.988036 0.263436
vt 0.980321 0.263123
vt 0.980396 0.262528
vt 0.988072 0.262909
vt 0.980235 0.263585
vt 0.988012 0.263840
vt 0.979691 0.300040
vt 0.987289 0.300040
vt 0.987289 0.300689
vt 0.979691 0.300689
vt 0.987289 0.296030
vt 0.979691 0.296030
vt 0.979691 0.295657
vt 0.987289 0.295657
vt 0.979691 0.290294
vt 0.987289 0.290294
vt 0.987289 0.294284
vt 0.979691 0.294284
vt 0.979691 0.295284
vt 0.979691 0.294860
vt 0.987289 0.294860
vt 0.987289 0.295284
vt 0.979691 0.299615
vt 0.979691 0.299242
vt 0.987289 0.299242
vt 0.987289 0.299615
vt 0.979691 0.298869
vt 0.987289 0.298869
vt 0.980137 0.261848
vt 0.980159 0.261122
vt 0.980107 0.267218
vt 0.980037 0.266802
vt 0.978938 0.290294
vt 0.979268 0.290294
vt 0.979268 0.294284
vt 0.978938 0.294284
vt 0.980174 0.268291
vt 0.980174 0.267730
vt 0.980038 0.262882
vt 0.980111 0.262416
vt 0.979980 0.263175
vt 0.980693 0.273617
vt 0.979245 0.266825
vt 0.978857 0.266907
vt 0.978495 0.264048
vt 0.978891 0.263962
vt 0.980172 0.268804
vt 0.979195 0.260881
vt 0.978866 0.260831
vt 0.980414 0.273729
vt 0.980437 0.273546
vt 0.979989 0.269232
vt 0.980500 0.273307
vt 0.980096 0.273372
vt 0.979584 0.269265
vt 0.979893 0.268953
vt 0.979844 0.268685
vt 0.980827 0.266478
vt 0.980978 0.266873
vt 0.980601 0.267021
vt 0.979785 0.263772
vt 0.980059 0.266688
vt 0.979665 0.266748
vt 0.979342 0.263865
vt 0.979767 0.263436
vt 0.979697 0.263168
vt 0.462162 0.004798
vt 0.462162 0.001953
vt 0.462584 0.001953
vt 0.462584 0.004798
vt 0.979986 0.261458
vt 0.979932 0.261787
vt 0.979512 0.261719
vt 0.979564 0.261391
vt 0.980058 0.261021
vt 0.979636 0.260952
vt 0.979268 0.300689
vt 0.978495 0.294284
vt 0.978495 0.290294
vt 0.979539 0.263628
vt 0.980172 0.267117
vt 0.989502 0.212119
vt 0.997051 0.213154
vt 0.996944 0.213869
vt 0.989376 0.212837
vt 0.997684 0.208712
vt 0.990117 0.207671
vt 0.990189 0.207240
vt 0.997746 0.208278
vt 0.988863 0.237951
vt 0.996336 0.236333
vt 0.997380 0.239959
vt 0.990176 0.241965
vt 0.990695 0.243170
vt 0.990464 0.242574
vt 0.997604 0.240558
vt 0.997824 0.241152
vt 0.990255 0.206678
vt 0.997824 0.207713
vt 0.989604 0.211497
vt 0.989676 0.210940
vt 0.997224 0.211966
vt 0.997143 0.212526
vt 0.989716 0.210505
vt 0.997285 0.211533
vt 0.988643 0.236706
vt 0.996082 0.235292
vt 0.996204 0.218836
vt 0.988668 0.217957
vt 0.987288 0.346007
vt 0.987288 0.346655
vt 0.979691 0.346655
vt 0.979691 0.346007
vt 0.979691 0.351040
vt 0.979691 0.350666
vt 0.987288 0.350666
vt 0.987288 0.351040
vt 0.987288 0.319132
vt 0.987288 0.323121
vt 0.979691 0.323121
vt 0.979691 0.319132
vt 0.987288 0.318555
vt 0.979691 0.318555
vt 0.979691 0.318131
vt 0.987288 0.318131
vt 0.987288 0.351411
vt 0.979691 0.351411
vt 0.987288 0.347453
vt 0.979691 0.347453
vt 0.979691 0.347081
vt 0.987288 0.347081
vt 0.979691 0.347826
vt 0.987288 0.347826
vt 0.987288 0.324286
vt 0.979691 0.324286
vt 0.987288 0.340927
vt 0.979691 0.340927
vt 0.989047 0.212726
vt 0.989198 0.212044
vt 0.989724 0.207508
vt 0.989840 0.207133
vt 0.979268 0.319132
vt 0.979268 0.323121
vt 0.978937 0.323121
vt 0.978937 0.319132
vt 0.990385 0.243140
vt 0.990234 0.242720
vt 0.989896 0.206742
vt 0.989296 0.211509
vt 0.989296 0.211022
vt 0.989273 0.210615
vt 0.988557 0.237831
vt 0.988319 0.236770
vt 0.441819 0.002376
vt 0.441819 0.005216
vt 0.441420 0.005216
vt 0.441420 0.002376
vt 0.990090 0.242293
vt 0.987042 0.217721
vt 0.987751 0.212603
vt 0.988080 0.212651
vt 0.987370 0.217770
vt 0.988249 0.237877
vt 0.988359 0.238033
vt 0.988128 0.238350
vt 0.988513 0.238219
vt 0.989767 0.242018
vt 0.989396 0.242183
vt 0.989801 0.242310
vt 0.989885 0.242564
vt 0.439713 0.005640
vt 0.439713 0.005216
vt 0.440113 0.005216
vt 0.440113 0.005640
vt 0.440978 0.005216
vt 0.440555 0.005216
vt 0.440555 0.002376
vt 0.440978 0.002376
vt 0.440113 0.001953
vt 0.440113 0.002376
vt 0.439713 0.002376
vt 0.439713 0.001953
vt 0.454680 0.006672
vt 0.455102 0.006672
vt 0.455102 0.009515
vt 0.454680 0.009515
vt 0.988638 0.211945
vt 0.989058 0.212011
vt 0.989007 0.212340
vt 0.988586 0.212275
vt 0.988518 0.212716
vt 0.988938 0.212776
vt 0.988229 0.217895
vt 0.987810 0.217834
vt 0.979268 0.340927
vt 0.979268 0.346007
vt 0.978495 0.319132
vt 0.978495 0.323121
vt 0.440555 0.001953
vt 0.440555 0.005640
vt 0.995672 0.223709
vt 0.995607 0.224388
vt 0.987933 0.223936
vt 0.987984 0.223170
vt 0.987953 0.229167
vt 0.987944 0.228701
vt 0.995433 0.228521
vt 0.995452 0.228927
vt 0.995533 0.230637
vt 0.995822 0.234265
vt 0.988400 0.235451
vt 0.987876 0.231148
vt 0.995493 0.230041
vt 0.987931 0.230438
vt 0.987952 0.229765
vt 0.995471 0.229454
vt 0.995520 0.225508
vt 0.987805 0.225195
vt 0.987879 0.224601
vt 0.995558 0.224981
vt 0.987720 0.225656
vt 0.995496 0.225912
vt 0.979691 0.335196
vt 0.987288 0.335196
vt 0.987288 0.335844
vt 0.979691 0.335844
vt 0.987288 0.331185
vt 0.979691 0.331185
vt 0.979691 0.330812
vt 0.987288 0.330812
vt 0.979691 0.325449
vt 0.987288 0.325449
vt 0.987288 0.329438
vt 0.979691 0.329438
vt 0.979691 0.330440
vt 0.979691 0.330014
vt 0.987288 0.330014
vt 0.987288 0.330440
vt 0.979691 0.334771
vt 0.979691 0.334399
vt 0.987288 0.334399
vt 0.987288 0.334771
vt 0.979691 0.334026
vt 0.987288 0.334026
vt 0.987622 0.223919
vt 0.987644 0.223195
vt 0.987591 0.229290
vt 0.987520 0.228875
vt 0.978937 0.325449
vt 0.979268 0.325449
vt 0.979268 0.329438
vt 0.978937 0.329438
vt 0.987658 0.230363
vt 0.987658 0.229802
vt 0.987523 0.224953
vt 0.987596 0.224487
vt 0.987463 0.225247
vt 0.988178 0.235688
vt 0.986729 0.228897
vt 0.986340 0.228977
vt 0.985978 0.226120
vt 0.986375 0.226034
vt 0.987656 0.230876
vt 0.986680 0.222953
vt 0.986350 0.222903
vt 0.987898 0.235801
vt 0.987922 0.235618
vt 0.987473 0.231303
vt 0.987984 0.235379
vt 0.987580 0.235444
vt 0.987067 0.231337
vt 0.987377 0.231025
vt 0.987329 0.230756
vt 0.988311 0.228549
vt 0.988463 0.228945
vt 0.988085 0.229093
vt 0.987270 0.225843
vt 0.987544 0.228760
vt 0.987150 0.228819
vt 0.986827 0.225936
vt 0.987251 0.225508
vt 0.987181 0.225239
vt 0.469646 0.004792
vt 0.469646 0.001953
vt 0.470069 0.001953
vt 0.470069 0.004792
vt 0.987469 0.223531
vt 0.987417 0.223858
vt 0.986997 0.223791
vt 0.987049 0.223462
vt 0.987542 0.223093
vt 0.987120 0.223024
vt 0.979268 0.335844
vt 0.978495 0.329438
vt 0.978495 0.325449
vt 0.987023 0.225699
vt 0.987656 0.229189
vt 0.844447 0.085128
vt 0.790258 0.085133
vt 0.790263 0.031629
vt 0.844437 0.031604
vt 0.809004 0.446818
vt 0.863185 0.446839
vt 0.863168 0.515263
vt 0.809000 0.515256
vt 0.809033 0.339775
vt 0.863195 0.339835
vt 0.863188 0.393335
vt 0.809014 0.393303
vt 0.844450 0.207075
vt 0.790307 0.207043
vt 0.790275 0.138638
vt 0.844453 0.138642
vt 0.575351 0.759700
vt 0.571187 0.715767
vt 0.579483 0.715766
vt 0.749471 0.446807
vt 0.789258 0.446814
vt 0.789262 0.515249
vt 0.749485 0.515233
vt 0.789291 0.339765
vt 0.789267 0.393294
vt 0.749480 0.393283
vt 0.749507 0.339762
vt 0.903968 0.031608
vt 0.903986 0.085124
vt 0.864195 0.085126
vt 0.864185 0.031598
vt 0.903994 0.138650
vt 0.903958 0.207089
vt 0.864185 0.207078
vt 0.864202 0.138644
vt 0.934722 0.413815
vt 0.953371 0.413816
vt 0.953370 0.482236
vt 0.934725 0.482246
vt 0.953427 0.045723
vt 0.972064 0.045736
vt 0.972071 0.099898
vt 0.953421 0.099899
vt 0.953423 0.119646
vt 0.972076 0.119643
vt 0.972077 0.159417
vt 0.953436 0.159442
vt 0.974431 0.689021
vt 0.974434 0.757430
vt 0.955792 0.757432
vt 0.955789 0.689018
vt 0.974444 0.582007
vt 0.974436 0.635511
vt 0.955787 0.635514
vt 0.955785 0.582022
vt 0.590549 0.657785
vt 0.609191 0.657783
vt 0.609171 0.681566
vt 0.590506 0.681543
vt 0.590499 0.715766
vt 0.609153 0.715770
vt 0.609140 0.759681
vt 0.590500 0.759692
vt 0.934718 0.360297
vt 0.934715 0.306776
vt 0.953367 0.306788
vt 0.953366 0.360300
vt 0.590504 0.689974
vt 0.609163 0.689991
vt 0.609158 0.697400
vt 0.590503 0.697388
vt 0.609156 0.705520
vt 0.590501 0.705511
vt 0.919555 0.360297
vt 0.919558 0.306783
vt 0.919560 0.413817
vt 0.919567 0.482244
vt 0.938256 0.099900
vt 0.938272 0.045712
vt 0.938260 0.119654
vt 0.938280 0.159451
vt 0.989595 0.689022
vt 0.989593 0.757427
vt 0.989605 0.582002
vt 0.989602 0.635508
vt 0.590554 0.634175
vt 0.609187 0.634178
vt 0.583025 0.661763
vt 0.582976 0.676279
vt 0.583013 0.653383
vt 0.583068 0.638727
vt 0.582957 0.661686
vt 0.585036 0.657614
vt 0.576229 0.661648
vt 0.576089 0.661671
vt 0.573789 0.657636
vt 0.576227 0.657536
vt 0.582235 0.681531
vt 0.582748 0.676367
vt 0.582908 0.676340
vt 0.585565 0.681534
vt 0.582951 0.653457
vt 0.579514 0.661644
vt 0.579514 0.661817
vt 0.576381 0.661828
vt 0.389713 0.401817
vt 0.392872 0.401754
vt 0.392878 0.401927
vt 0.389798 0.401992
vt 0.406252 0.425490
vt 0.406251 0.411300
vt 0.406425 0.411200
vt 0.406425 0.425593
vt 0.582823 0.676012
vt 0.582854 0.662013
vt 0.396164 0.411452
vt 0.395960 0.401827
vt 0.396134 0.401833
vt 0.396337 0.411466
vt 0.396474 0.411600
vt 0.406229 0.411128
vt 0.396502 0.411771
vt 0.396514 0.425364
vt 0.396160 0.411788
vt 0.396331 0.411782
vt 0.396689 0.425362
vt 0.396863 0.425366
vt 0.393123 0.411455
vt 0.396161 0.411621
vt 0.393127 0.411630
vt 0.393131 0.411807
vt 0.396800 0.435324
vt 0.396532 0.425702
vt 0.396706 0.425678
vt 0.396974 0.435310
vt 0.406236 0.425664
vt 0.396841 0.425538
vt 0.393476 0.425498
vt 0.396522 0.425532
vt 0.393479 0.425673
vt 0.393483 0.425849
vt 0.389764 0.411940
vt 0.380043 0.411959
vt 0.380043 0.411784
vt 0.389784 0.411767
vt 0.389913 0.411627
vt 0.389622 0.402018
vt 0.390086 0.411604
vt 0.380523 0.426110
vt 0.379849 0.411856
vt 0.380697 0.426106
vt 0.390084 0.425537
vt 0.389937 0.411942
vt 0.390259 0.425526
vt 0.390108 0.411941
vt 0.390432 0.425518
vt 0.393715 0.435379
vt 0.396873 0.435497
vt 0.393719 0.435552
vt 0.579485 0.676199
vt 0.582610 0.676189
vt 0.579486 0.676372
vt 0.390113 0.425709
vt 0.380718 0.426278
vt 0.390459 0.435465
vt 0.390257 0.425840
vt 0.390429 0.425855
vt 0.390633 0.435469
vt 0.423283 0.100193
vt 0.420199 0.100089
vt 0.420079 0.099909
vt 0.423289 0.100018
vt 0.579547 0.638825
vt 0.576366 0.638823
vt 0.576033 0.638652
vt 0.579546 0.638646
vt 0.419698 0.110048
vt 0.409955 0.109583
vt 0.409977 0.109406
vt 0.419726 0.109871
vt 0.419859 0.109738
vt 0.420025 0.100096
vt 0.420033 0.109722
vt 0.409781 0.123832
vt 0.409781 0.109446
vt 0.409955 0.123836
vt 0.435529 0.124411
vt 0.436174 0.110186
vt 0.436358 0.110075
vt 0.435698 0.124522
vt 0.582853 0.653121
vt 0.582882 0.639028
vt 0.426104 0.109853
vt 0.426366 0.100281
vt 0.426542 0.100276
vt 0.426276 0.109877
vt 0.426406 0.110016
vt 0.436140 0.110004
vt 0.426426 0.110194
vt 0.425799 0.123840
vt 0.426083 0.110195
vt 0.426254 0.110196
vt 0.425974 0.123847
vt 0.426147 0.123858
vt 0.423065 0.109715
vt 0.426092 0.110022
vt 0.423061 0.109891
vt 0.423057 0.110073
vt 0.419352 0.123717
vt 0.419869 0.110058
vt 0.419526 0.123714
vt 0.420040 0.110064
vt 0.419700 0.123715
vt 0.425574 0.133832
vt 0.425800 0.124184
vt 0.425975 0.124169
vt 0.425749 0.133827
vt 0.435506 0.124589
vt 0.426117 0.124035
vt 0.422757 0.123824
vt 0.425798 0.124013
vt 0.422753 0.124003
vt 0.422750 0.124178
vt 0.419373 0.123894
vt 0.409968 0.124013
vt 0.419246 0.133604
vt 0.419510 0.124038
vt 0.419683 0.124062
vt 0.419421 0.133617
vt 0.422489 0.133727
vt 0.425642 0.134009
vt 0.422484 0.133900
vt 0.579515 0.653308
vt 0.582645 0.653307
vt 0.582800 0.653491
vt 0.579514 0.653488
vt 0.571201 0.657741
vt 0.576031 0.661721
vt 0.575970 0.675906
vt 0.571179 0.681531
vt 0.576459 0.653477
vt 0.576134 0.653336
vt 0.579549 0.634158
vt 0.571254 0.634139
vt 0.582802 0.657544
vt 0.582794 0.661651
vt 0.579513 0.657541
vt 0.579486 0.681530
vt 0.576737 0.681530
vt 0.576429 0.676369
vt 0.396027 0.401651
vt 0.582638 0.661828
vt 0.390098 0.411772
vt 0.390432 0.425686
vt 0.576184 0.661998
vt 0.576142 0.675904
vt 0.576105 0.676230
vt 0.574944 0.681529
vt 0.576434 0.676197
vt 0.390643 0.435644
vt 0.426501 0.100084
vt 0.582722 0.638855
vt 0.420038 0.109891
vt 0.419693 0.123890
vt 0.575999 0.653003
vt 0.576206 0.638991
vt 0.576172 0.653000
vt 0.576462 0.653302
vt 0.419422 0.133793
vt 0.582792 0.661883
vt 0.406404 0.411059
vt 0.396189 0.401655
vt 0.396312 0.411633
vt 0.396675 0.425513
vt 0.576237 0.661878
vt 0.389562 0.401833
vt 0.379857 0.411722
vt 0.389947 0.411792
vt 0.582765 0.676138
vt 0.397034 0.435486
vt 0.406408 0.425731
vt 0.390279 0.425675
vt 0.576228 0.676110
vt 0.380554 0.426329
vt 0.390423 0.435633
vt 0.576303 0.638923
vt 0.419981 0.099969
vt 0.409849 0.109351
vt 0.582784 0.638942
vt 0.436287 0.109966
vt 0.426595 0.100139
vt 0.426243 0.110041
vt 0.419887 0.109904
vt 0.425952 0.124002
vt 0.419540 0.123869
vt 0.582794 0.653252
vt 0.425799 0.134005
vt 0.435674 0.124665
vt 0.576256 0.653213
vt 0.409803 0.124060
vt 0.419202 0.133770
vt 0.344172 0.008857
vt 0.346242 0.005762
vt 0.345515 0.009414
vt 0.346967 0.009414
vt 0.343145 0.007831
vt 0.348310 0.008858
vt 0.342590 0.006488
vt 0.349337 0.007831
vt 0.342590 0.005035
vt 0.349893 0.006488
vt 0.343146 0.003692
vt 0.349893 0.005036
vt 0.344173 0.002665
vt 0.349338 0.003693
vt 0.345515 0.002110
vt 0.348311 0.002666
vt 0.346969 0.002110
vt 0.978913 0.371803
vt 0.989997 0.372010
vt 0.989960 0.373568
vt 0.978874 0.373313
vt 0.978944 0.370295
vt 0.990026 0.370449
vt 0.989912 0.375124
vt 0.978823 0.374824
vt 0.978966 0.368787
vt 0.990046 0.368887
vt 0.989847 0.376676
vt 0.978756 0.376339
vt 0.978980 0.367281
vt 0.990056 0.367325
vt 0.989745 0.378214
vt 0.978652 0.377863
vt 0.978983 0.365775
vt 0.990058 0.365763
vt 0.978651 0.353686
vt 0.989693 0.353312
vt 0.989801 0.354850
vt 0.978756 0.355209
vt 0.978978 0.364267
vt 0.990050 0.364200
vt 0.989873 0.356401
vt 0.978820 0.356724
vt 0.978965 0.362760
vt 0.990034 0.362637
vt 0.989929 0.357957
vt 0.978871 0.358236
vt 0.978942 0.361253
vt 0.990008 0.361075
vt 0.989974 0.359516
vt 0.978911 0.359746
vt 0.008858 0.007830
vt 0.005761 0.005762
vt 0.009414 0.006488
vt 0.009413 0.005035
vt 0.007830 0.008857
vt 0.008856 0.003693
vt 0.006488 0.009413
vt 0.007830 0.002666
vt 0.005036 0.009414
vt 0.006487 0.002110
vt 0.003693 0.008858
vt 0.005035 0.002111
vt 0.002666 0.007831
vt 0.003692 0.002666
vt 0.002109 0.006489
vt 0.002665 0.003694
vt 0.002110 0.005035
vt 0.877852 0.297249
vt 0.888938 0.297504
vt 0.888889 0.299061
vt 0.877801 0.298761
vt 0.877892 0.295739
vt 0.888976 0.295946
vt 0.888825 0.300612
vt 0.877734 0.300276
vt 0.877923 0.294232
vt 0.889004 0.294386
vt 0.888724 0.302151
vt 0.877630 0.301800
vt 0.877945 0.292724
vt 0.889023 0.292824
vt 0.877628 0.277622
vt 0.888670 0.277249
vt 0.888779 0.278787
vt 0.877733 0.279147
vt 0.877958 0.291218
vt 0.889034 0.291262
vt 0.888851 0.280338
vt 0.877799 0.280661
vt 0.877961 0.289712
vt 0.889037 0.289699
vt 0.888907 0.281894
vt 0.877849 0.282173
vt 0.877955 0.288205
vt 0.889029 0.288136
vt 0.888952 0.283452
vt 0.877890 0.283683
vt 0.877943 0.286698
vt 0.889012 0.286574
vt 0.888987 0.285012
vt 0.877920 0.285190
vt 0.583314 0.707097
vt 0.583630 0.705509
vt 0.581070 0.709340
vt 0.579483 0.709656
vt 0.571183 0.705507
vt 0.575335 0.705507
vt 0.575651 0.707094
vt 0.571183 0.697380
vt 0.575651 0.703920
vt 0.583314 0.703923
vt 0.583632 0.689987
vt 0.583316 0.691574
vt 0.583318 0.688399
vt 0.571181 0.689965
vt 0.575336 0.689984
vt 0.575652 0.691571
vt 0.575653 0.688397
vt 0.579482 0.697382
vt 0.579483 0.694133
vt 0.581070 0.693818
vt 0.580990 0.697383
vt 0.577977 0.697383
vt 0.577895 0.693816
vt 0.582417 0.692919
vt 0.582265 0.697383
vt 0.576699 0.697382
vt 0.576550 0.692917
vt 0.576550 0.708441
vt 0.577896 0.709340
vt 0.582419 0.687053
vt 0.581073 0.686153
vt 0.579486 0.685837
vt 0.577898 0.686152
vt 0.576551 0.687051
vt 0.582415 0.702576
vt 0.581070 0.701677
vt 0.579483 0.701361
vt 0.577895 0.701677
vt 0.576550 0.702575
vt 0.582415 0.708441
vt 0.344083 0.008991
vt 0.343012 0.007919
vt 0.978666 0.374817
vt 0.978717 0.373308
vt 0.978756 0.371799
vt 0.345483 0.009570
vt 0.978788 0.370292
vt 0.346999 0.009570
vt 0.342433 0.006519
vt 0.978599 0.376328
vt 0.978809 0.368786
vt 0.348398 0.008991
vt 0.342433 0.005004
vt 0.978495 0.377836
vt 0.978823 0.367279
vt 0.349470 0.007920
vt 0.343013 0.003604
vt 0.978599 0.355220
vt 0.978495 0.353712
vt 0.978826 0.365774
vt 0.350049 0.006520
vt 0.344085 0.002533
vt 0.978665 0.356731
vt 0.978820 0.364269
vt 0.350049 0.005005
vt 0.345485 0.001953
vt 0.978715 0.358241
vt 0.978808 0.362763
vt 0.349471 0.003605
vt 0.347000 0.001954
vt 0.978755 0.359749
vt 0.978785 0.361256
vt 0.348399 0.002533
vt 0.990154 0.372012
vt 0.990117 0.373572
vt 0.583170 0.688460
vt 0.582306 0.687165
vt 0.990068 0.375130
vt 0.583472 0.689986
vt 0.581013 0.686301
vt 0.990183 0.370451
vt 0.990005 0.376686
vt 0.583169 0.691512
vt 0.579485 0.685996
vt 0.990202 0.368889
vt 0.989900 0.378241
vt 0.582304 0.692806
vt 0.577958 0.686300
vt 0.990213 0.367325
vt 0.989846 0.353285
vt 0.989958 0.354837
vt 0.581010 0.693670
vt 0.576663 0.687164
vt 0.990214 0.365761
vt 0.990030 0.356393
vt 0.579483 0.693974
vt 0.575800 0.688457
vt 0.990208 0.364197
vt 0.990086 0.357951
vt 0.577957 0.693669
vt 0.575495 0.689983
vt 0.990192 0.362634
vt 0.990131 0.359511
vt 0.576663 0.692804
vt 0.575799 0.691511
vt 0.990165 0.361072
vt 0.008990 0.007919
vt 0.007919 0.008990
vt 0.877577 0.300264
vt 0.877644 0.298753
vt 0.877695 0.297245
vt 0.009570 0.006519
vt 0.877735 0.295736
vt 0.009570 0.005004
vt 0.006520 0.009571
vt 0.877473 0.301773
vt 0.877767 0.294229
vt 0.008990 0.003604
vt 0.005004 0.009571
vt 0.877577 0.279158
vt 0.877473 0.277649
vt 0.877788 0.292722
vt 0.007918 0.002533
vt 0.003605 0.008991
vt 0.877642 0.280669
vt 0.877801 0.291216
vt 0.006518 0.001953
vt 0.002532 0.007920
vt 0.877692 0.282178
vt 0.877804 0.289710
vt 0.005003 0.001953
vt 0.001953 0.006520
vt 0.877733 0.283686
vt 0.877799 0.288205
vt 0.003604 0.002534
vt 0.001953 0.005005
vt 0.877764 0.285193
vt 0.877786 0.286700
vt 0.002532 0.003604
vt 0.889095 0.297509
vt 0.889046 0.299067
vt 0.583166 0.703984
vt 0.582302 0.702689
vt 0.888983 0.300622
vt 0.583469 0.705509
vt 0.581008 0.701824
vt 0.889132 0.295949
vt 0.888880 0.302177
vt 0.583166 0.707035
vt 0.579482 0.701521
vt 0.889160 0.294388
vt 0.888825 0.277222
vt 0.888936 0.278775
vt 0.582302 0.708329
vt 0.577956 0.701824
vt 0.889181 0.292825
vt 0.889008 0.280330
vt 0.581009 0.709192
vt 0.576663 0.702688
vt 0.889191 0.291262
vt 0.889063 0.281888
vt 0.579483 0.709496
vt 0.575798 0.703981
vt 0.889193 0.289699
vt 0.889110 0.283448
vt 0.577956 0.709193
vt 0.575494 0.705509
vt 0.889185 0.288135
vt 0.889144 0.285009
vt 0.576663 0.708328
vt 0.575798 0.707034
vt 0.889169 0.286572
vt 0.728522 0.515253
vt 0.728469 0.582598
vt 0.727812 0.582616
vt 0.727864 0.515255
vt 0.997992 0.757425
vt 0.998047 0.824979
vt 0.997387 0.824979
vt 0.997333 0.757426
vt 0.930542 0.159457
vt 0.930533 0.180357
vt 0.929875 0.180375
vt 0.929883 0.159460
vt 0.749382 0.583477
vt 0.728439 0.583256
vt 0.749389 0.582818
vt 0.972119 0.180395
vt 0.989839 0.180295
vt 0.989864 0.180952
vt 0.972126 0.181053
vt 0.955794 0.825686
vt 0.937991 0.825672
vt 0.937996 0.825014
vt 0.955794 0.825027
vt 0.953405 0.549812
vt 0.971193 0.549755
vt 0.971196 0.550411
vt 0.953408 0.550471
vt 0.972143 0.001972
vt 0.989918 0.002149
vt 0.989888 0.002806
vt 0.972135 0.002630
vt 0.571282 0.624991
vt 0.567688 0.625002
vt 0.567661 0.624348
vt 0.571312 0.624330
vt 0.993747 0.552363
vt 0.997394 0.552373
vt 0.997380 0.553030
vt 0.993661 0.553020
vt 0.906292 0.582712
vt 0.906204 0.515262
vt 0.906862 0.515265
vt 0.906951 0.582730
vt 0.911147 0.549828
vt 0.911168 0.482243
vt 0.911827 0.482243
vt 0.911806 0.549828
vt 0.747179 0.031620
vt 0.747191 0.085140
vt 0.746533 0.085140
vt 0.746520 0.031616
vt 0.971810 0.306800
vt 0.971811 0.360301
vt 0.971152 0.360301
vt 0.971151 0.306800
vt 0.567614 0.759703
vt 0.567602 0.802697
vt 0.566944 0.802713
vt 0.566956 0.759705
vt 0.863271 0.310177
vt 0.906166 0.310276
vt 0.906144 0.310935
vt 0.863267 0.310836
vt 0.609216 0.802775
vt 0.626970 0.802596
vt 0.626999 0.803253
vt 0.609225 0.803434
vt 0.953397 0.277160
vt 0.971191 0.277196
vt 0.971187 0.277854
vt 0.953397 0.277819
vt 0.790261 0.002676
vt 0.747270 0.002627
vt 0.747249 0.001969
vt 0.790258 0.002018
vt 0.627604 0.759695
vt 0.627627 0.802614
vt 0.626945 0.759694
vt 0.924914 0.031603
vt 0.924948 0.002713
vt 0.925605 0.002696
vt 0.925573 0.031601
vt 0.937346 0.582017
vt 0.937353 0.553087
vt 0.938009 0.553086
vt 0.938004 0.582017
vt 0.955784 0.553027
vt 0.938007 0.552430
vt 0.955784 0.552368
vt 0.609184 0.624375
vt 0.626933 0.624344
vt 0.626913 0.625001
vt 0.609182 0.625035
vt 0.930543 0.002731
vt 0.930527 0.045703
vt 0.929868 0.045701
vt 0.929884 0.002715
vt 0.906318 0.583368
vt 0.863175 0.583519
vt 0.863170 0.582860
vt 0.864193 0.274704
vt 0.904001 0.274676
vt 0.904009 0.275334
vt 0.864194 0.275363
vt 0.990527 0.119645
vt 0.990545 0.159436
vt 0.989887 0.159433
vt 0.989868 0.119645
vt 0.919550 0.549850
vt 0.919550 0.550511
vt 0.911794 0.550483
vt 0.930509 0.002075
vt 0.938269 0.001979
vt 0.938277 0.002638
vt 0.575356 0.802787
vt 0.590545 0.802807
vt 0.590546 0.803466
vt 0.575347 0.803447
vt 0.919538 0.277168
vt 0.934712 0.277126
vt 0.934712 0.277784
vt 0.919538 0.277827
vt 0.892506 0.002595
vt 0.868275 0.002626
vt 0.868360 0.001969
vt 0.892276 0.001953
vt 0.627627 0.657668
vt 0.627620 0.681589
vt 0.626960 0.681555
vt 0.626954 0.657765
vt 0.860081 0.002628
vt 0.852316 0.002620
vt 0.852479 0.001970
vt 0.859995 0.001972
vt 0.627614 0.689949
vt 0.627605 0.697465
vt 0.626937 0.697397
vt 0.626953 0.689985
vt 0.728518 0.446809
vt 0.728530 0.393274
vt 0.728562 0.339750
vt 0.579563 0.625010
vt 0.924936 0.085119
vt 0.924947 0.138659
vt 0.924920 0.207125
vt 0.953463 0.180413
vt 0.590563 0.625025
vt 0.938286 0.180418
vt 0.930517 0.119658
vt 0.930512 0.099902
vt 0.911823 0.413819
vt 0.911817 0.360297
vt 0.911818 0.306784
vt 0.567616 0.715766
vt 0.567587 0.681525
vt 0.567636 0.657722
vt 0.567694 0.634120
vt 0.997351 0.582002
vt 0.997346 0.635508
vt 0.997338 0.689025
vt 0.567601 0.697378
vt 0.567590 0.689961
vt 0.567588 0.705507
vt 0.728537 0.310862
vt 0.738025 0.310760
vt 0.760977 0.310750
vt 0.785210 0.310786
vt 0.793404 0.310789
vt 0.801172 0.310782
vt 0.809068 0.310802
vt 0.819042 0.310785
vt 0.911804 0.277843
vt 0.834452 0.002624
vt 0.844421 0.002640
vt 0.915458 0.002607
vt 0.974454 0.553020
vt 0.985602 0.553020
vt 0.924920 0.274475
vt 0.844423 0.274701
vt 0.790195 0.274693
vt 0.934730 0.549879
vt 0.808977 0.582874
vt 0.789206 0.582869
vt 0.989643 0.824994
vt 0.974468 0.825009
vt 0.747257 0.274410
vt 0.747197 0.207107
vt 0.747202 0.138668
vt 0.906291 0.339806
vt 0.906265 0.393317
vt 0.906250 0.446843
vt 0.953454 0.002612
vt 0.971155 0.413817
vt 0.971150 0.482224
vt 0.989868 0.045720
vt 0.989863 0.099897
vt 0.938006 0.757443
vt 0.937998 0.689017
vt 0.937996 0.635508
vt 0.626945 0.634161
vt 0.626948 0.705518
vt 0.626923 0.715772
vt 0.929859 0.119658
vt 0.789202 0.583528
vt 0.937338 0.825014
vt 0.937347 0.757441
vt 0.925579 0.207127
vt 0.925579 0.274494
vt 0.727861 0.446810
vt 0.727871 0.393273
vt 0.998005 0.635508
vt 0.997996 0.689024
vt 0.990545 0.002788
vt 0.990526 0.045719
vt 0.790188 0.275351
vt 0.747231 0.275067
vt 0.746599 0.274431
vt 0.746538 0.207110
vt 0.971808 0.482224
vt 0.971851 0.549756
vt 0.998038 0.553032
vt 0.998009 0.582002
vt 0.727903 0.339747
vt 0.727880 0.310845
vt 0.937340 0.689017
vt 0.925605 0.138660
vt 0.937338 0.635508
vt 0.925593 0.085120
vt 0.911164 0.413819
vt 0.911158 0.360297
vt 0.906923 0.393318
vt 0.906908 0.446844
vt 0.746543 0.138667
vt 0.971813 0.413817
vt 0.906802 0.310909
vt 0.906951 0.339802
vt 0.911159 0.306784
vt 0.911147 0.277842
vt 0.728508 0.310207
vt 0.737786 0.310119
vt 0.567017 0.634210
vt 0.567032 0.624980
vt 0.834249 0.001978
vt 0.627594 0.715688
vt 0.997399 0.825641
vt 0.989644 0.825653
vt 0.938281 0.181075
vt 0.930504 0.181011
vt 0.929855 0.099902
vt 0.808977 0.583531
vt 0.566944 0.715682
vt 0.566930 0.705507
vt 0.809070 0.310143
vt 0.819246 0.310140
vt 0.844420 0.001981
vt 0.627607 0.705519
vt 0.761208 0.310110
vt 0.566962 0.657622
vt 0.627569 0.624972
vt 0.627619 0.634252
vt 0.915698 0.001966
vt 0.924976 0.002057
vt 0.924950 0.275133
vt 0.990496 0.180317
vt 0.934730 0.550538
vt 0.953454 0.001953
vt 0.974469 0.825668
vt 0.953465 0.181072
vt 0.974454 0.552362
vt 0.590564 0.624368
vt 0.985516 0.552360
vt 0.579528 0.624350
vt 0.911797 0.277187
vt 0.567570 0.803353
vt 0.785124 0.310130
vt 0.566926 0.681559
vt 0.793489 0.310132
vt 0.566929 0.689926
vt 0.844422 0.275360
vt 0.990521 0.099896
vt 0.801010 0.310132
vt 0.566935 0.697446
vt 0.971842 0.277854
vt 0.746613 0.002601
vt 0.997962 0.825553
vt 0.727913 0.583144
vt 0.929978 0.180903
vt 0.937438 0.825557
vt 0.990391 0.180845
vt 0.925477 0.275022
vt 0.990444 0.002260
vt 0.971756 0.550303
vt 0.746704 0.274958
vt 0.997945 0.552469
vt 0.567135 0.624453
vt 0.727982 0.310317
vt 0.906694 0.310382
vt 0.567044 0.803241
vt 0.911244 0.277288
vt 0.746721 0.002073
vt 0.971748 0.277302
vt 0.627526 0.803143
vt 0.937461 0.552545
vt 0.925504 0.002167
vt 0.627460 0.624446
vt 0.929984 0.002186
vt 0.906846 0.583260
vt 0.911242 0.550376
vt 0.473178 0.541750
vt 0.472191 0.541804
vt 0.471810 0.541372
vt 0.472427 0.540784
vt 0.471375 0.540995
vt 0.471456 0.540028
vt 0.470769 0.679008
vt 0.471258 0.610651
vt 0.471722 0.610652
vt 0.471229 0.679013
vt 0.472183 0.610657
vt 0.471688 0.679013
vt 0.292385 0.541330
vt 0.336985 0.541110
vt 0.336989 0.541570
vt 0.292425 0.541755
vt 0.336987 0.542031
vt 0.292455 0.542181
vt 0.469920 0.816643
vt 0.469842 0.815691
vt 0.470271 0.815318
vt 0.470876 0.815900
vt 0.470648 0.814892
vt 0.471619 0.814956
vt 0.381146 0.814540
vt 0.425531 0.814702
vt 0.425530 0.815158
vt 0.381146 0.814996
vt 0.425530 0.815614
vt 0.381140 0.815456
vt 0.290717 0.814332
vt 0.291686 0.814277
vt 0.292063 0.814701
vt 0.291451 0.815276
vt 0.292485 0.815073
vt 0.292399 0.816027
vt 0.292440 0.610280
vt 0.292431 0.678480
vt 0.291975 0.678484
vt 0.291980 0.610279
vt 0.291515 0.678483
vt 0.291520 0.610279
vt 0.292305 0.540369
vt 0.291961 0.541707
vt 0.291347 0.541129
vt 0.291584 0.542137
vt 0.290608 0.542082
vt 0.472696 0.679021
vt 0.473199 0.610660
vt 0.473659 0.610661
vt 0.473156 0.679026
vt 0.634496 0.742892
vt 0.634737 0.675070
vt 0.634956 0.675000
vt 0.634955 0.742894
vt 0.381137 0.816455
vt 0.425527 0.816617
vt 0.425527 0.817073
vt 0.381136 0.816915
vt 0.723983 0.879834
vt 0.679359 0.879805
vt 0.679356 0.879345
vt 0.723980 0.879374
vt 0.290507 0.678484
vt 0.290563 0.746545
vt 0.290107 0.746544
vt 0.290051 0.678484
vt 0.813655 0.742876
vt 0.813730 0.811135
vt 0.813270 0.811133
vt 0.813196 0.742874
vt 0.336983 0.540102
vt 0.292278 0.539908
vt 0.336979 0.539642
vt 0.768301 0.606197
vt 0.812879 0.606084
vt 0.812878 0.606544
vt 0.768304 0.606657
vt 0.337048 0.610293
vt 0.336991 0.678501
vt 0.336763 0.815303
vt 0.336760 0.816307
vt 0.290512 0.610280
vt 0.471191 0.747111
vt 0.472195 0.747118
vt 0.292482 0.746540
vt 0.336910 0.746554
vt 0.291567 0.746544
vt 0.426488 0.540950
vt 0.381691 0.541020
vt 0.381689 0.540012
vt 0.426486 0.539937
vt 0.426157 0.678749
vt 0.381561 0.678583
vt 0.381707 0.610334
vt 0.426436 0.610437
vt 0.425827 0.746833
vt 0.381363 0.746652
vt 0.724012 0.811144
vt 0.679412 0.811119
vt 0.679459 0.742961
vt 0.724002 0.742964
vt 0.679403 0.674939
vt 0.723916 0.674869
vt 0.768585 0.742932
vt 0.768471 0.674783
vt 0.813052 0.674686
vt 0.768624 0.811146
vt 0.426488 0.541410
vt 0.381690 0.541481
vt 0.426486 0.541874
vt 0.381693 0.541941
vt 0.470735 0.747106
vt 0.470276 0.747101
vt 0.292554 0.814229
vt 0.336769 0.814392
vt 0.336769 0.814848
vt 0.292519 0.814654
vt 0.292022 0.746544
vt 0.723728 0.606789
vt 0.679191 0.606962
vt 0.679188 0.606502
vt 0.723724 0.606330
vt 0.381690 0.539548
vt 0.426488 0.539473
vt 0.634816 0.811059
vt 0.634357 0.811062
vt 0.472655 0.747119
vt 0.768616 0.879394
vt 0.813261 0.879416
vt 0.813264 0.879875
vt 0.768614 0.879853
vt 0.336760 0.816762
vt 0.292377 0.816486
vt 0.813512 0.674688
vt 0.290051 0.610279
vt 0.471636 0.541543
vt 0.471340 0.541428
vt 0.471748 0.541830
vt 0.471310 0.541852
vt 0.470099 0.815144
vt 0.470214 0.814866
vt 0.469811 0.815265
vt 0.469781 0.814844
vt 0.292233 0.814529
vt 0.292120 0.814251
vt 0.292133 0.541881
vt 0.292022 0.542159
vt 0.634335 0.606797
vt 0.634729 0.606725
vt 0.634727 0.607185
vt 0.634273 0.607184
vt 0.472862 0.540293
vt 0.473643 0.541738
vt 0.471478 0.539564
vt 0.634346 0.879694
vt 0.634273 0.879304
vt 0.634733 0.879301
vt 0.634731 0.879760
vt 0.471301 0.816374
vt 0.469941 0.817104
vt 0.472079 0.814970
vt 0.813654 0.879808
vt 0.813726 0.879413
vt 0.291025 0.815749
vt 0.290256 0.814344
vt 0.290913 0.540651
vt 0.290145 0.542068
vt 0.813265 0.606151
vt 0.813337 0.606541
vt 0.642079 0.887957
vt 0.629249 0.893282
vt 0.628987 0.892876
vt 0.641345 0.887603
vt 0.628771 0.892450
vt 0.641087 0.887213
vt 0.653285 0.924760
vt 0.729239 0.923089
vt 0.729244 0.923319
vt 0.653287 0.924991
vt 0.639518 0.924897
vt 0.639568 0.925126
vt 0.640669 0.933079
vt 0.653373 0.932788
vt 0.653379 0.933017
vt 0.640705 0.933307
vt 0.729431 0.931344
vt 0.729426 0.931115
vt 0.636672 0.924761
vt 0.636674 0.924915
vt 0.633543 0.924874
vt 0.633600 0.925146
vt 0.653279 0.924327
vt 0.639515 0.924476
vt 0.639556 0.924246
vt 0.653276 0.924095
vt 0.636662 0.924321
vt 0.636662 0.924473
vt 0.729228 0.922660
vt 0.729224 0.922431
vt 0.640825 0.916170
vt 0.653057 0.916059
vt 0.653062 0.916287
vt 0.640800 0.916399
vt 0.729043 0.914630
vt 0.729037 0.914401
vt 0.633475 0.924357
vt 0.633459 0.924077
vt 0.633060 0.942653
vt 0.633401 0.940289
vt 0.633621 0.940370
vt 0.633307 0.942628
vt 0.636562 0.935294
vt 0.636381 0.935149
vt 0.638317 0.933837
vt 0.638196 0.933623
vt 0.635459 0.906721
vt 0.635334 0.908820
vt 0.635105 0.908855
vt 0.635238 0.906624
vt 0.636987 0.914257
vt 0.637190 0.914144
vt 0.638458 0.915904
vt 0.638586 0.915700
vt 0.634243 0.944738
vt 0.634036 0.944852
vt 0.640474 0.951783
vt 0.640682 0.951679
vt 0.641136 0.953584
vt 0.641368 0.953594
vt 0.636806 0.905039
vt 0.636940 0.905230
vt 0.645418 0.901544
vt 0.645286 0.901353
vt 0.646858 0.900041
vt 0.646635 0.899949
vt 0.632239 0.963295
vt 0.631291 0.963544
vt 0.631209 0.963323
vt 0.632099 0.963109
vt 0.635976 0.960537
vt 0.632897 0.962990
vt 0.632740 0.962841
vt 0.635808 0.960378
vt 0.640676 0.955528
vt 0.640482 0.955402
vt 0.641983 0.887415
vt 0.641169 0.886990
vt 0.641379 0.886848
vt 0.642279 0.887322
vt 0.642883 0.887786
vt 0.642653 0.887896
vt 0.644121 0.891637
vt 0.644323 0.891529
vt 0.646659 0.897987
vt 0.646887 0.897945
vt 0.634610 0.944520
vt 0.641060 0.951477
vt 0.641034 0.955775
vt 0.636351 0.960838
vt 0.653392 0.933446
vt 0.640756 0.933734
vt 0.729441 0.931773
vt 0.636899 0.935548
vt 0.634021 0.940527
vt 0.633734 0.942590
vt 0.641788 0.953618
vt 0.631152 0.963940
vt 0.632371 0.963796
vt 0.633267 0.963305
vt 0.638525 0.934215
vt 0.631400 0.896626
vt 0.625948 0.950700
vt 0.621449 0.954704
vt 0.621958 0.954088
vt 0.622473 0.953477
vt 0.282231 0.823685
vt 0.281977 0.824096
vt 0.269049 0.819033
vt 0.269776 0.818665
vt 0.282438 0.823255
vt 0.270025 0.818269
vt 0.149439 0.856095
vt 0.149440 0.855866
vt 0.258591 0.856033
vt 0.258593 0.856264
vt 0.272348 0.855895
vt 0.272302 0.856125
vt 0.258652 0.864287
vt 0.258654 0.864058
vt 0.271360 0.864095
vt 0.271329 0.864323
vt 0.149420 0.864119
vt 0.149421 0.863890
vt 0.275189 0.855703
vt 0.275190 0.855856
vt 0.278319 0.855752
vt 0.278267 0.856025
vt 0.272297 0.855245
vt 0.272343 0.855474
vt 0.258588 0.855601
vt 0.258587 0.855371
vt 0.275190 0.855262
vt 0.275193 0.855413
vt 0.149442 0.855436
vt 0.149442 0.855207
vt 0.258639 0.847566
vt 0.258639 0.847337
vt 0.270867 0.847200
vt 0.270897 0.847429
vt 0.149462 0.847408
vt 0.149462 0.847179
vt 0.278387 0.854955
vt 0.278376 0.855235
vt 0.278547 0.871240
vt 0.278766 0.871155
vt 0.279154 0.873512
vt 0.278906 0.873492
vt 0.275508 0.866226
vt 0.275687 0.866077
vt 0.273726 0.864805
vt 0.273843 0.864588
vt 0.276438 0.839776
vt 0.276208 0.839746
vt 0.276041 0.837651
vt 0.276260 0.837550
vt 0.274665 0.845212
vt 0.274459 0.845103
vt 0.273229 0.846888
vt 0.273095 0.846687
vt 0.278223 0.875729
vt 0.278014 0.875619
vt 0.271931 0.882788
vt 0.271720 0.882688
vt 0.271307 0.884602
vt 0.271075 0.884617
vt 0.274532 0.836191
vt 0.274661 0.835997
vt 0.265985 0.832678
vt 0.266114 0.832484
vt 0.264516 0.831205
vt 0.264737 0.831108
vt 0.281430 0.894133
vt 0.281352 0.894355
vt 0.280400 0.894125
vt 0.280536 0.893937
vt 0.279889 0.893683
vt 0.279735 0.893835
vt 0.276607 0.891446
vt 0.276772 0.891283
vt 0.271806 0.886535
vt 0.271998 0.886405
vt 0.269725 0.817911
vt 0.269938 0.818048
vt 0.269134 0.818489
vt 0.268836 0.818402
vt 0.268474 0.818984
vt 0.268241 0.818878
vt 0.267083 0.822752
vt 0.266878 0.822648
vt 0.264673 0.829149
vt 0.264444 0.829111
vt 0.277642 0.875409
vt 0.271339 0.882495
vt 0.271453 0.886790
vt 0.276239 0.891754
vt 0.258648 0.864716
vt 0.271287 0.864751
vt 0.149419 0.864548
vt 0.275177 0.866487
vt 0.278150 0.871405
vt 0.278478 0.873461
vt 0.270655 0.884649
vt 0.281499 0.894747
vt 0.280278 0.894629
vt 0.279373 0.894157
vt 0.273526 0.865187
vt 0.279895 0.827481
vt 0.286423 0.881410
vt 0.291006 0.885317
vt 0.290484 0.884714
vt 0.289955 0.884114
vt 0.617016 0.951092
vt 0.617007 0.950091
vt 0.617284 0.949332
vt 0.619996 0.946021
vt 0.624658 0.899311
vt 0.623274 0.895708
vt 0.623469 0.894669
vt 0.623265 0.895231
vt 0.632966 0.925061
vt 0.632718 0.925425
vt 0.633404 0.924364
vt 0.618255 0.965020
vt 0.618217 0.964792
vt 0.628626 0.881891
vt 0.628708 0.881680
vt 0.628601 0.909066
vt 0.618305 0.965316
vt 0.626453 0.938337
vt 0.630915 0.930179
vt 0.631851 0.918714
vt 0.295344 0.880611
vt 0.295359 0.881611
vt 0.295050 0.879861
vt 0.292270 0.876612
vt 0.287996 0.826400
vt 0.286685 0.830029
vt 0.287780 0.825366
vt 0.287996 0.825924
vt 0.278900 0.855928
vt 0.279156 0.856287
vt 0.278448 0.855240
vt 0.294449 0.895331
vt 0.294416 0.895559
vt 0.282284 0.812491
vt 0.282371 0.812700
vt 0.282942 0.839857
vt 0.294371 0.895856
vt 0.285671 0.869066
vt 0.281048 0.861003
vt 0.279886 0.849563
vt 0.625033 0.937691
vt 0.618746 0.945124
vt 0.287073 0.868397
vt 0.293495 0.875696
vt 0.282288 0.860045
vt 0.629664 0.929248
vt 0.280654 0.856052
vt 0.631214 0.925220
vt 0.627065 0.909346
vt 0.630397 0.919228
vt 0.284481 0.840106
vt 0.281349 0.850048
vt 0.631876 0.923883
vt 0.279965 0.854729
vt 0.631822 0.924138
vt 0.280024 0.854983
vt 0.615690 0.949416
vt 0.615566 0.950565
vt 0.296651 0.879900
vt 0.296797 0.881051
vt 0.616806 0.964944
vt 0.295863 0.895451
vt 0.296321 0.879054
vt 0.616007 0.948569
vt 0.288148 0.830528
vt 0.623206 0.899839
vt 0.289462 0.826696
vt 0.621815 0.896033
vt 0.621916 0.894795
vt 0.621793 0.895483
vt 0.289334 0.825461
vt 0.289472 0.826146
vt 0.280425 0.855681
vt 0.631436 0.924845
vt 0.616839 0.965175
vt 0.295835 0.895684
vt 0.616881 0.965474
vt 0.295799 0.895984
vt 0.627379 0.881169
vt 0.627297 0.881380
vt 0.283603 0.811954
vt 0.283689 0.812164
vt 0.253791 0.940157
vt 0.254034 0.939739
vt 0.267100 0.944453
vt 0.266384 0.944841
vt 0.253596 0.940593
vt 0.266144 0.945244
vt 0.352507 0.905043
vt 0.352513 0.905272
vt 0.276564 0.907167
vt 0.276556 0.906936
vt 0.262806 0.907676
vt 0.262846 0.907445
vt 0.276271 0.898914
vt 0.276275 0.899143
vt 0.263571 0.899449
vt 0.263596 0.899219
vt 0.352317 0.897018
vt 0.352322 0.897247
vt 0.259970 0.907945
vt 0.259965 0.907791
vt 0.256839 0.907981
vt 0.256883 0.907706
vt 0.262874 0.908325
vt 0.262822 0.908097
vt 0.276578 0.907600
vt 0.276586 0.907831
vt 0.259981 0.908386
vt 0.259973 0.908234
vt 0.352522 0.905701
vt 0.352528 0.905931
vt 0.276739 0.915641
vt 0.276744 0.915870
vt 0.264521 0.916332
vt 0.264485 0.916105
vt 0.352713 0.913731
vt 0.352718 0.913961
vt 0.256793 0.908780
vt 0.256796 0.908499
vt 0.256186 0.892499
vt 0.255970 0.892589
vt 0.255518 0.890244
vt 0.255765 0.890257
vt 0.259364 0.897430
vt 0.259189 0.897584
vt 0.261185 0.898803
vt 0.261075 0.899022
vt 0.259150 0.923908
vt 0.259381 0.923932
vt 0.259605 0.926022
vt 0.259388 0.926129
vt 0.260777 0.918423
vt 0.260985 0.918527
vt 0.262168 0.916709
vt 0.262306 0.916906
vt 0.256390 0.888002
vt 0.256601 0.888107
vt 0.262494 0.880776
vt 0.262706 0.880870
vt 0.263069 0.878945
vt 0.263302 0.878924
vt 0.261154 0.927441
vt 0.261030 0.927639
vt 0.269796 0.930725
vt 0.269672 0.930922
vt 0.271305 0.932158
vt 0.271087 0.932261
vt 0.252695 0.869685
vt 0.252766 0.869460
vt 0.253725 0.869665
vt 0.253594 0.869857
vt 0.254247 0.870094
vt 0.254397 0.869938
vt 0.257588 0.872243
vt 0.257427 0.872410
vt 0.262519 0.877025
vt 0.262330 0.877160
vt 0.266453 0.945594
vt 0.266237 0.945463
vt 0.267030 0.945000
vt 0.267330 0.945078
vt 0.267676 0.944487
vt 0.267912 0.944586
vt 0.268966 0.940682
vt 0.269174 0.940780
vt 0.271203 0.934219
vt 0.271433 0.934250
vt 0.256979 0.888306
vt 0.263093 0.881053
vt 0.262865 0.876761
vt 0.257948 0.871925
vt 0.276264 0.898485
vt 0.263627 0.898791
vt 0.352307 0.896588
vt 0.259688 0.897160
vt 0.256579 0.892322
vt 0.256195 0.890276
vt 0.263720 0.878880
vt 0.252608 0.869072
vt 0.253832 0.869158
vt 0.254751 0.869606
vt 0.261375 0.898415
vt 0.256025 0.936297
vt 0.248035 0.882542
vt 0.243352 0.878755
vt 0.243889 0.879345
vt 0.244433 0.879932
vt 0.030022 0.818435
vt 0.017068 0.823432
vt 0.016816 0.823019
vt 0.029296 0.818063
vt 0.016612 0.822588
vt 0.029050 0.817666
vt 0.040290 0.855487
vt 0.040287 0.855718
vt 0.026535 0.855280
vt 0.026578 0.855510
vt 0.027480 0.863485
vt 0.040187 0.863512
vt 0.040188 0.863741
vt 0.027510 0.863714
vt 0.023694 0.855073
vt 0.023692 0.855227
vt 0.020564 0.855106
vt 0.020614 0.855380
vt 0.040295 0.855056
vt 0.026541 0.854859
vt 0.026588 0.854630
vt 0.040297 0.854825
vt 0.023695 0.854632
vt 0.023691 0.854784
vt 0.028058 0.846593
vt 0.040285 0.846792
vt 0.040285 0.847021
vt 0.028028 0.846821
vt 0.020509 0.854589
vt 0.020500 0.854308
vt 0.019637 0.872861
vt 0.020037 0.870507
vt 0.020254 0.870593
vt 0.019884 0.872843
vt 0.023321 0.865595
vt 0.023142 0.865445
vt 0.025110 0.864182
vt 0.024994 0.863966
vt 0.022934 0.837017
vt 0.022756 0.839111
vt 0.022525 0.839140
vt 0.022715 0.836915
vt 0.024272 0.844585
vt 0.024478 0.844477
vt 0.025699 0.846268
vt 0.025833 0.846068
vt 0.020765 0.874975
vt 0.020555 0.875084
vt 0.026810 0.882177
vt 0.027020 0.882078
vt 0.027424 0.883994
vt 0.027657 0.884010
vt 0.024323 0.835371
vt 0.024451 0.835565
vt 0.033015 0.832096
vt 0.032887 0.831901
vt 0.034492 0.830630
vt 0.034271 0.830532
vt 0.018281 0.893468
vt 0.017326 0.893692
vt 0.017250 0.893470
vt 0.018145 0.893279
vt 0.022088 0.890810
vt 0.018946 0.893181
vt 0.018794 0.893028
vt 0.021923 0.890646
vt 0.026915 0.885924
vt 0.026723 0.885793
vt 0.029940 0.817891
vt 0.029137 0.817445
vt 0.029350 0.817310
vt 0.030238 0.817806
vt 0.030830 0.818285
vt 0.030597 0.818389
vt 0.031968 0.822164
vt 0.032175 0.822061
vt 0.034345 0.828573
vt 0.034575 0.828537
vt 0.021138 0.874767
vt 0.027402 0.881886
vt 0.027266 0.886181
vt 0.022454 0.891119
vt 0.040190 0.864169
vt 0.027551 0.864141
vt 0.023651 0.865858
vt 0.020651 0.870760
vt 0.020312 0.872815
vt 0.028076 0.884045
vt 0.017177 0.894084
vt 0.018399 0.893972
vt 0.019307 0.893505
vt 0.025309 0.864566
vt 0.019132 0.826828
vt 0.012324 0.880721
vt 0.007722 0.884604
vt 0.008246 0.884003
vt 0.008778 0.883406
vt 0.239133 0.883571
vt 0.239094 0.882571
vt 0.239445 0.884316
vt 0.242310 0.887496
vt 0.247952 0.937597
vt 0.249164 0.933932
vt 0.248195 0.938625
vt 0.247965 0.938074
vt 0.256254 0.907820
vt 0.255988 0.907468
vt 0.256724 0.908496
vt 0.239647 0.868829
vt 0.239675 0.868600
vt 0.254041 0.951353
vt 0.253948 0.951146
vt 0.252644 0.924002
vt 0.239711 0.868302
vt 0.249122 0.894867
vt 0.253964 0.902805
vt 0.255437 0.914213
vt 0.003389 0.880874
vt 0.003408 0.879874
vt 0.003706 0.879126
vt 0.006504 0.875892
vt 0.012329 0.829341
vt 0.011037 0.825705
vt 0.011258 0.824673
vt 0.011040 0.825229
vt 0.019983 0.855279
vt 0.019725 0.855637
vt 0.020437 0.854594
vt 0.004256 0.894827
vt 0.004224 0.894599
vt 0.016733 0.812034
vt 0.016820 0.811825
vt 0.016022 0.839188
vt 0.004300 0.895124
vt 0.013143 0.868381
vt 0.017807 0.860343
vt 0.019028 0.848909
vt 0.247734 0.895580
vt 0.241104 0.888451
vt 0.005284 0.874969
vt 0.011744 0.867705
vt 0.016573 0.859379
vt 0.252759 0.903794
vt 0.018226 0.855394
vt 0.254495 0.907744
vt 0.251097 0.923795
vt 0.253962 0.913767
vt 0.017562 0.849387
vt 0.014481 0.839429
vt 0.255220 0.909048
vt 0.018922 0.854075
vt 0.255155 0.908796
vt 0.018863 0.854328
vt 0.237848 0.884307
vt 0.237670 0.883166
vt 0.001953 0.880306
vt 0.002105 0.879156
vt 0.238231 0.868745
vt 0.002810 0.894711
vt 0.002439 0.878312
vt 0.238205 0.885139
vt 0.010864 0.829832
vt 0.247688 0.933473
vt 0.009570 0.825994
vt 0.246478 0.937341
vt 0.246638 0.938572
vt 0.246483 0.937892
vt 0.009562 0.825443
vt 0.009703 0.824759
vt 0.018458 0.855024
vt 0.254735 0.908109
vt 0.238253 0.868512
vt 0.002836 0.894944
vt 0.238282 0.868211
vt 0.002871 0.895244
vt 0.252736 0.951927
vt 0.252645 0.951719
vt 0.015418 0.811491
vt 0.015503 0.811281
vt 0.439687 0.940363
vt 0.452515 0.935034
vt 0.452777 0.935440
vt 0.440422 0.940717
vt 0.452993 0.935866
vt 0.440680 0.941107
vt 0.428465 0.903567
vt 0.428463 0.903335
vt 0.442232 0.903424
vt 0.442182 0.903195
vt 0.441079 0.895242
vt 0.428374 0.895539
vt 0.428368 0.895310
vt 0.441042 0.895014
vt 0.445078 0.903558
vt 0.445076 0.903404
vt 0.448207 0.903445
vt 0.448150 0.903172
vt 0.428472 0.904000
vt 0.442236 0.903845
vt 0.442195 0.904075
vt 0.428475 0.904232
vt 0.445088 0.903999
vt 0.445088 0.903847
vt 0.440930 0.912152
vt 0.428698 0.912268
vt 0.428692 0.912039
vt 0.440955 0.911922
vt 0.448275 0.903961
vt 0.448292 0.904241
vt 0.448686 0.885666
vt 0.448345 0.888030
vt 0.448125 0.887950
vt 0.448439 0.885691
vt 0.445185 0.893026
vt 0.445367 0.893171
vt 0.443430 0.894484
vt 0.443552 0.894697
vt 0.446300 0.921597
vt 0.446425 0.919498
vt 0.446655 0.919464
vt 0.446522 0.921694
vt 0.444768 0.914062
vt 0.444565 0.914176
vt 0.443298 0.912415
vt 0.443169 0.912620
vt 0.447501 0.883582
vt 0.447708 0.883468
vt 0.441267 0.876539
vt 0.441059 0.876643
vt 0.440606 0.874738
vt 0.440372 0.874728
vt 0.444954 0.923279
vt 0.444820 0.923088
vt 0.436343 0.926778
vt 0.436476 0.926969
vt 0.434904 0.928281
vt 0.435127 0.928373
vt 0.449498 0.865024
vt 0.450447 0.864775
vt 0.450528 0.864995
vt 0.449639 0.865209
vt 0.445762 0.867783
vt 0.448840 0.865329
vt 0.448997 0.865478
vt 0.445931 0.867943
vt 0.441063 0.872794
vt 0.441258 0.872920
vt 0.439783 0.940906
vt 0.440597 0.941330
vt 0.440387 0.941471
vt 0.439488 0.940998
vt 0.438883 0.940535
vt 0.439113 0.940425
vt 0.437645 0.936684
vt 0.437441 0.936792
vt 0.435103 0.930335
vt 0.434875 0.930377
vt 0.447134 0.883799
vt 0.440682 0.876845
vt 0.440705 0.872547
vt 0.445387 0.867482
vt 0.428354 0.894881
vt 0.440991 0.894587
vt 0.444848 0.892771
vt 0.447724 0.887792
vt 0.448011 0.885730
vt 0.439952 0.874704
vt 0.450585 0.864379
vt 0.449367 0.864523
vt 0.448471 0.865014
vt 0.443222 0.894105
vt 0.450364 0.931691
vt 0.455793 0.877617
vt 0.460291 0.873611
vt 0.459783 0.874227
vt 0.459268 0.874839
vt 0.561781 0.884300
vt 0.561361 0.884060
vt 0.565982 0.870968
vt 0.566375 0.871682
vt 0.562218 0.884492
vt 0.566779 0.871918
vt 0.524928 0.752682
vt 0.525156 0.752675
vt 0.528655 0.861770
vt 0.528424 0.861780
vt 0.529254 0.875514
vt 0.529023 0.875477
vt 0.520407 0.862108
vt 0.520636 0.862102
vt 0.521027 0.874802
vt 0.520797 0.874779
vt 0.516907 0.752932
vt 0.517136 0.752925
vt 0.529542 0.878349
vt 0.529388 0.878354
vt 0.529598 0.881478
vt 0.529323 0.881435
vt 0.529903 0.875442
vt 0.529675 0.875496
vt 0.529087 0.861753
vt 0.529317 0.861744
vt 0.529983 0.878334
vt 0.529831 0.878343
vt 0.525585 0.752662
vt 0.525814 0.752655
vt 0.537118 0.861533
vt 0.537347 0.861526
vt 0.537895 0.873742
vt 0.537667 0.873779
vt 0.533609 0.752412
vt 0.533838 0.752405
vt 0.530397 0.881519
vt 0.530117 0.881517
vt 0.514126 0.882223
vt 0.514218 0.882439
vt 0.511876 0.882904
vt 0.511887 0.882657
vt 0.519035 0.879019
vt 0.519190 0.879193
vt 0.520397 0.877190
vt 0.520616 0.877300
vt 0.545503 0.879058
vt 0.545524 0.878826
vt 0.547612 0.878588
vt 0.547721 0.878804
vt 0.540009 0.877469
vt 0.540112 0.877260
vt 0.538286 0.876091
vt 0.538483 0.875951
vt 0.509628 0.882048
vt 0.509731 0.881835
vt 0.502364 0.875994
vt 0.502457 0.875781
vt 0.500530 0.875431
vt 0.500508 0.875199
vt 0.549020 0.877030
vt 0.549218 0.877153
vt 0.552241 0.868370
vt 0.552440 0.868491
vt 0.553663 0.866852
vt 0.553767 0.867069
vt 0.491342 0.885864
vt 0.491118 0.885795
vt 0.491315 0.884835
vt 0.491507 0.884965
vt 0.491740 0.884310
vt 0.491583 0.884161
vt 0.493867 0.880955
vt 0.494035 0.881115
vt 0.498615 0.875994
vt 0.498751 0.876181
vt 0.567126 0.871606
vt 0.566997 0.871823
vt 0.566529 0.871034
vt 0.566605 0.870734
vt 0.566012 0.870391
vt 0.566109 0.870155
vt 0.562199 0.869129
vt 0.562296 0.868921
vt 0.555723 0.866939
vt 0.555753 0.866708
vt 0.509928 0.881457
vt 0.502638 0.875393
vt 0.498349 0.875650
vt 0.493547 0.880597
vt 0.519979 0.862118
vt 0.520368 0.874750
vt 0.516478 0.752945
vt 0.518763 0.878696
vt 0.513947 0.881831
vt 0.511904 0.882228
vt 0.500462 0.874781
vt 0.490730 0.885955
vt 0.490808 0.884730
vt 0.491249 0.883810
vt 0.520008 0.877003
vt 0.557907 0.882095
vt 0.504223 0.890433
vt 0.500470 0.895142
vt 0.501057 0.894601
vt 0.501639 0.894053
vt 0.464726 0.877221
vt 0.464735 0.878222
vt 0.464458 0.878981
vt 0.461748 0.882293
vt 0.457104 0.929004
vt 0.458488 0.932607
vt 0.458295 0.933645
vt 0.458498 0.933083
vt 0.448784 0.903257
vt 0.449033 0.902893
vt 0.448347 0.903954
vt 0.463482 0.863294
vt 0.463520 0.863521
vt 0.453142 0.946425
vt 0.453059 0.946636
vt 0.453158 0.919249
vt 0.463431 0.862998
vt 0.455294 0.889980
vt 0.450833 0.898139
vt 0.449902 0.909603
vt 0.505319 0.899323
vt 0.504320 0.899370
vt 0.506059 0.899003
vt 0.509212 0.896117
vt 0.559262 0.890154
vt 0.555592 0.888968
vt 0.560289 0.889904
vt 0.559739 0.890138
vt 0.529442 0.882064
vt 0.529091 0.882331
vt 0.530114 0.881589
vt 0.490577 0.898917
vt 0.490348 0.898891
vt 0.572970 0.883973
vt 0.572764 0.884067
vt 0.545641 0.885560
vt 0.490049 0.898856
vt 0.516536 0.889270
vt 0.524441 0.884382
vt 0.535838 0.882836
vt 0.456713 0.890625
vt 0.462998 0.883190
vt 0.517251 0.890649
vt 0.510170 0.897310
vt 0.525439 0.885588
vt 0.452085 0.899069
vt 0.529377 0.883822
vt 0.450537 0.903098
vt 0.454692 0.918969
vt 0.451356 0.909088
vt 0.545446 0.887107
vt 0.535402 0.884314
vt 0.449875 0.904434
vt 0.530676 0.883089
vt 0.449928 0.904180
vt 0.530425 0.883156
vt 0.466052 0.878897
vt 0.466176 0.877748
vt 0.506072 0.900605
vt 0.504927 0.900789
vt 0.464931 0.863369
vt 0.490504 0.900334
vt 0.506907 0.900247
vt 0.465736 0.879744
vt 0.555142 0.890447
vt 0.458557 0.928475
vt 0.559017 0.891629
vt 0.459948 0.932281
vt 0.459848 0.933518
vt 0.459970 0.932831
vt 0.560247 0.891460
vt 0.559568 0.891621
vt 0.529740 0.883581
vt 0.450314 0.903473
vt 0.464898 0.863138
vt 0.490271 0.900314
vt 0.464855 0.862839
vt 0.489969 0.900288
vt 0.454389 0.947147
vt 0.454471 0.946935
vt 0.573552 0.885273
vt 0.573345 0.885366
vt 0.827979 0.888251
vt 0.827736 0.888669
vt 0.814673 0.883947
vt 0.815390 0.883560
vt 0.828175 0.887816
vt 0.815629 0.883157
vt 0.805188 0.921230
vt 0.805197 0.921461
vt 0.818947 0.920727
vt 0.818907 0.920958
vt 0.805478 0.929483
vt 0.805474 0.929253
vt 0.818178 0.928954
vt 0.818153 0.929183
vt 0.821783 0.920460
vt 0.821788 0.920613
vt 0.824915 0.920426
vt 0.824869 0.920700
vt 0.818879 0.920078
vt 0.818931 0.920306
vt 0.805174 0.920797
vt 0.805166 0.920565
vt 0.821773 0.920018
vt 0.821780 0.920170
vt 0.805018 0.912756
vt 0.805012 0.912527
vt 0.817237 0.912070
vt 0.817272 0.912298
vt 0.824962 0.919627
vt 0.824958 0.919907
vt 0.825559 0.935908
vt 0.825775 0.935818
vt 0.826227 0.938163
vt 0.825978 0.938149
vt 0.822384 0.930975
vt 0.822558 0.930821
vt 0.820563 0.929601
vt 0.820674 0.929382
vt 0.822612 0.904497
vt 0.822381 0.904474
vt 0.822158 0.902383
vt 0.822374 0.902276
vt 0.820981 0.909981
vt 0.820773 0.909877
vt 0.819589 0.911695
vt 0.819451 0.911497
vt 0.825353 0.940404
vt 0.825141 0.940300
vt 0.819243 0.947627
vt 0.819032 0.947533
vt 0.818667 0.949458
vt 0.818435 0.949479
vt 0.820609 0.900963
vt 0.820734 0.900766
vt 0.811969 0.897675
vt 0.812093 0.897477
vt 0.810461 0.896240
vt 0.810679 0.896138
vt 0.829036 0.958724
vt 0.828965 0.958948
vt 0.828006 0.958744
vt 0.828138 0.958552
vt 0.827484 0.958314
vt 0.827335 0.958470
vt 0.824145 0.956163
vt 0.824305 0.955996
vt 0.819217 0.951378
vt 0.819405 0.951243
vt 0.815320 0.882807
vt 0.815536 0.882939
vt 0.814743 0.883401
vt 0.814443 0.883322
vt 0.814097 0.883913
vt 0.813861 0.883814
vt 0.812805 0.887718
vt 0.812596 0.887620
vt 0.810564 0.894180
vt 0.810333 0.894148
vt 0.824763 0.940100
vt 0.818645 0.947350
vt 0.818871 0.951642
vt 0.823784 0.956481
vt 0.805484 0.929911
vt 0.818121 0.929612
vt 0.822060 0.931245
vt 0.825165 0.936084
vt 0.825549 0.938130
vt 0.818017 0.949522
vt 0.829123 0.959337
vt 0.827898 0.959250
vt 0.826980 0.958802
vt 0.820374 0.929989
vt 0.825744 0.892110
vt 0.833704 0.945870
vt 0.838385 0.949660
vt 0.837849 0.949069
vt 0.837305 0.948482
vt 0.558554 0.632063
vt 0.553124 0.619285
vt 0.553527 0.619019
vt 0.558901 0.631325
vt 0.553952 0.618800
vt 0.559290 0.631064
vt 0.521868 0.643574
vt 0.521637 0.643579
vt 0.521613 0.629819
vt 0.521384 0.629871
vt 0.513444 0.631040
vt 0.513845 0.643741
vt 0.513616 0.643749
vt 0.513217 0.631078
vt 0.521724 0.626973
vt 0.521570 0.626976
vt 0.521585 0.623846
vt 0.521314 0.623905
vt 0.522300 0.643564
vt 0.522034 0.629811
vt 0.522264 0.629851
vt 0.522531 0.643559
vt 0.522165 0.626959
vt 0.522013 0.626961
vt 0.530346 0.631050
vt 0.530559 0.643277
vt 0.530330 0.643284
vt 0.530117 0.631027
vt 0.522101 0.623774
vt 0.522380 0.623755
vt 0.503809 0.623519
vt 0.506175 0.623839
vt 0.506097 0.624060
vt 0.503836 0.623766
vt 0.511195 0.626955
vt 0.511340 0.626772
vt 0.512668 0.628696
vt 0.512880 0.628573
vt 0.539744 0.625605
vt 0.537645 0.625498
vt 0.537609 0.625269
vt 0.539839 0.625383
vt 0.532225 0.627198
vt 0.532340 0.627400
vt 0.530591 0.628681
vt 0.530796 0.628808
vt 0.501734 0.624719
vt 0.501619 0.624513
vt 0.494742 0.631005
vt 0.494848 0.631211
vt 0.492947 0.631680
vt 0.492939 0.631913
vt 0.541436 0.626937
vt 0.541246 0.627073
vt 0.545002 0.635515
vt 0.545192 0.635381
vt 0.546517 0.636941
vt 0.546607 0.636718
vt 0.483168 0.622863
vt 0.482912 0.621917
vt 0.483131 0.621834
vt 0.483352 0.622721
vt 0.485954 0.626577
vt 0.483478 0.623519
vt 0.483625 0.623361
vt 0.486112 0.626408
vt 0.491001 0.631236
vt 0.491125 0.631040
vt 0.559095 0.631962
vt 0.559514 0.631145
vt 0.559656 0.631354
vt 0.559190 0.632257
vt 0.558732 0.632865
vt 0.558619 0.632636
vt 0.554893 0.634134
vt 0.555003 0.634336
vt 0.548567 0.636725
vt 0.548612 0.636953
vt 0.501955 0.625085
vt 0.495053 0.631587
vt 0.490756 0.631596
vt 0.485657 0.626954
vt 0.513187 0.643765
vt 0.512791 0.631133
vt 0.510944 0.627294
vt 0.505943 0.624462
vt 0.503879 0.624193
vt 0.492918 0.632332
vt 0.482515 0.621781
vt 0.482668 0.622999
vt 0.483166 0.623891
vt 0.512291 0.628907
vt 0.549799 0.621462
vt 0.495706 0.616478
vt 0.491669 0.612009
vt 0.492288 0.612514
vt 0.492902 0.613025
vt 0.842607 0.944845
vt 0.842645 0.945846
vt 0.842295 0.944100
vt 0.839432 0.940919
vt 0.833816 0.890814
vt 0.832603 0.894478
vt 0.833574 0.889786
vt 0.833804 0.890337
vt 0.825499 0.920586
vt 0.825765 0.920938
vt 0.825029 0.919910
vt 0.842084 0.959587
vt 0.842056 0.959816
vt 0.827735 0.877054
vt 0.827828 0.877262
vt 0.829118 0.904407
vt 0.842019 0.960114
vt 0.832624 0.933543
vt 0.827787 0.925602
vt 0.826319 0.914194
vt 0.495250 0.607553
vt 0.496249 0.607538
vt 0.497008 0.607811
vt 0.500334 0.610497
vt 0.547058 0.614747
vt 0.550648 0.613334
vt 0.551688 0.613519
vt 0.551124 0.613320
vt 0.521392 0.623271
vt 0.521027 0.623025
vt 0.522093 0.623703
vt 0.481334 0.608894
vt 0.481561 0.608853
vt 0.564503 0.618565
vt 0.564715 0.618646
vt 0.537341 0.618770
vt 0.481039 0.608947
vt 0.508067 0.616877
vt 0.516258 0.621267
vt 0.527727 0.622102
vt 0.834013 0.932832
vt 0.840639 0.939964
vt 0.501216 0.609246
vt 0.508695 0.615457
vt 0.517181 0.620001
vt 0.828993 0.924615
vt 0.521219 0.621520
vt 0.827258 0.920663
vt 0.830665 0.904614
vt 0.827794 0.914641
vt 0.527200 0.620654
vt 0.537049 0.617239
vt 0.826534 0.919359
vt 0.522561 0.622171
vt 0.826599 0.919611
vt 0.522305 0.622120
vt 0.843891 0.944110
vt 0.844069 0.945251
vt 0.495768 0.606099
vt 0.496923 0.606211
vt 0.843500 0.959672
vt 0.481401 0.607444
vt 0.497778 0.606517
vt 0.843535 0.943279
vt 0.546518 0.613300
vt 0.834078 0.894938
vt 0.550311 0.611877
vt 0.835290 0.891071
vt 0.835131 0.889839
vt 0.835287 0.890520
vt 0.550860 0.611851
vt 0.551548 0.611969
vt 0.521595 0.621739
vt 0.827019 0.920299
vt 0.843477 0.959905
vt 0.481170 0.607478
vt 0.843449 0.960206
vt 0.480870 0.607523
vt 0.829040 0.876482
vt 0.829131 0.876689
vt 0.565001 0.617233
vt 0.565214 0.617312
vt 0.611408 0.005017
vt 0.518292 0.004656
vt 0.519062 0.003305
vt 0.611414 0.003755
vt 0.519840 0.002854
vt 0.611421 0.002854
vt 0.515540 0.306257
vt 0.514598 0.004747
vt 0.516453 0.005107
vt 0.517392 0.305896
vt 0.519224 0.306347
vt 0.610960 0.308149
vt 0.520865 0.308149
vt 0.520045 0.307699
vt 0.610965 0.307248
vt 0.610969 0.305987
vt 0.691880 0.602103
vt 0.692671 0.313087
vt 0.694486 0.312221
vt 0.693693 0.602970
vt 0.696347 0.313174
vt 0.695541 0.602017
vt 0.602388 0.310748
vt 0.691331 0.310748
vt 0.691986 0.310748
vt 0.602382 0.310748
vt 0.602374 0.313087
vt 0.602559 0.602103
vt 0.691183 0.604442
vt 0.602558 0.604442
vt 0.690511 0.604442
vt 0.602556 0.604442
vt 0.702615 0.306347
vt 0.704526 0.004656
vt 0.706366 0.005107
vt 0.704436 0.305896
vt 0.708224 0.004747
vt 0.706273 0.306257
vt 0.509549 0.602017
vt 0.507898 0.313174
vt 0.509760 0.312221
vt 0.511404 0.602970
vt 0.511590 0.313087
vt 0.513209 0.602103
vt 0.703756 0.003305
vt 0.702981 0.002854
vt 0.700997 0.308149
vt 0.701810 0.307699
vt 0.512899 0.310748
vt 0.512254 0.310748
vt 0.513924 0.604442
vt 0.514603 0.604442
vt 0.517523 0.002764
vt 0.514685 0.003755
vt 0.519697 0.003665
vt 0.518614 0.308239
vt 0.520754 0.307248
vt 0.515646 0.307248
vt 0.693380 0.310748
vt 0.691460 0.311875
vt 0.696282 0.311875
vt 0.692671 0.604442
vt 0.695495 0.603316
vt 0.690643 0.603316
vt 0.705238 0.002764
vt 0.703091 0.004116
vt 0.708158 0.003936
vt 0.703341 0.308239
vt 0.706206 0.307068
vt 0.701115 0.307068
vt 0.510709 0.310748
vt 0.507922 0.311875
vt 0.512741 0.311875
vt 0.512565 0.604442
vt 0.514500 0.603316
vt 0.509634 0.603316
vt 0.482995 0.004296
vt 0.483343 0.002764
vt 0.483835 0.002764
vt 0.483625 0.004566
vt 0.484343 0.002584
vt 0.484253 0.004747
vt 0.527990 0.308149
vt 0.528025 0.308239
vt 0.527902 0.308239
vt 0.527889 0.308149
vt 0.527745 0.308329
vt 0.527830 0.308239
vt 0.722817 0.313087
vt 0.722792 0.310748
vt 0.723511 0.310748
vt 0.723424 0.313174
vt 0.481745 0.006459
vt 0.480870 0.002944
vt 0.481690 0.002854
vt 0.482374 0.006369
vt 0.483343 0.304365
vt 0.482781 0.308059
vt 0.481894 0.308149
vt 0.482711 0.304274
vt 0.722340 0.602017
vt 0.722177 0.604442
vt 0.721625 0.604356
vt 0.721734 0.602017
vt 0.696629 0.002764
vt 0.696730 0.002764
vt 0.696846 0.002764
vt 0.696718 0.002764
vt 0.696868 0.003034
vt 0.696762 0.002764
vt 0.737493 0.307158
vt 0.736956 0.308239
vt 0.736459 0.308239
vt 0.736865 0.306798
vt 0.736099 0.307969
vt 0.736242 0.306437
vt 0.483144 0.602017
vt 0.483166 0.604442
vt 0.482472 0.604442
vt 0.482536 0.602017
vt 0.738773 0.304365
vt 0.739394 0.308239
vt 0.738539 0.307969
vt 0.738141 0.304455
vt 0.740440 0.006278
vt 0.741034 0.002854
vt 0.741872 0.002674
vt 0.741070 0.006369
vt 0.480920 0.313087
vt 0.480870 0.310748
vt 0.481573 0.310748
vt 0.481530 0.313087
vt 0.526226 0.002764
vt 0.526178 0.002584
vt 0.485239 0.306527
vt 0.485338 0.308239
vt 0.686501 0.604356
vt 0.686544 0.604356
vt 0.738572 0.004747
vt 0.738476 0.003034
vt 0.693946 0.308239
vt 0.693941 0.308059
vt 0.516531 0.310748
vt 0.516413 0.310748
vt 0.483981 0.307248
vt 0.611514 0.002764
vt 0.611516 0.002764
vt 0.526359 0.002764
vt 0.527796 0.002674
vt 0.611517 0.002584
vt 0.687813 0.310748
vt 0.602462 0.310748
vt 0.602506 0.604442
vt 0.610898 0.308239
vt 0.610897 0.308420
vt 0.529402 0.308329
vt 0.610900 0.308239
vt 0.739831 0.004206
vt 0.695187 0.002674
vt 0.518383 0.604442
vt 0.693793 0.308239
vt 0.692389 0.308239
vt 0.526515 0.002764
vt 0.526488 0.002854
vt 0.687909 0.310748
vt 0.484592 0.308239
vt 0.528538 0.308059
vt 0.693621 0.308239
vt 0.693089 0.307969
vt 0.739626 0.002764
vt 0.696330 0.002764
vt 0.518345 0.604442
vt 0.526269 0.002764
vt 0.611515 0.002764
vt 0.526400 0.002764
vt 0.484611 0.306888
vt 0.484955 0.308239
vt 0.527882 0.002223
vt 0.611517 0.001953
vt 0.602467 0.310748
vt 0.687870 0.310748
vt 0.687822 0.310748
vt 0.526585 0.002764
vt 0.686553 0.604442
vt 0.602509 0.604442
vt 0.610898 0.308870
vt 0.529491 0.308780
vt 0.528550 0.308239
vt 0.686512 0.604442
vt 0.739201 0.004476
vt 0.739022 0.002764
vt 0.693891 0.308239
vt 0.693754 0.308239
vt 0.518328 0.604442
vt 0.518526 0.604442
vt 0.693027 0.308239
vt 0.692301 0.308420
vt 0.695097 0.002494
vt 0.696162 0.002764
vt 0.516353 0.310748
vt 0.516476 0.310748
vt 0.239599 0.138140
vt 0.331029 0.141418
vt 0.330900 0.144309
vt 0.239565 0.141160
vt 0.330769 0.147188
vt 0.239531 0.144180
vt 0.474029 0.143153
vt 0.336493 0.146946
vt 0.336369 0.144067
vt 0.473933 0.140220
vt 0.336650 0.003736
vt 0.333955 0.141822
vt 0.333691 0.003531
vt 0.330853 0.269890
vt 0.333618 0.147100
vt 0.333817 0.269900
vt 0.336782 0.269911
vt 0.328772 0.537774
vt 0.329492 0.399742
vt 0.332550 0.399414
vt 0.331794 0.537637
vt 0.471856 0.402360
vt 0.334946 0.397270
vt 0.335082 0.394277
vt 0.471972 0.399373
vt 0.145648 0.392011
vt 0.236940 0.394764
vt 0.236888 0.397766
vt 0.145532 0.394918
vt 0.236835 0.400766
vt 0.145415 0.397840
vt 0.139911 0.269194
vt 0.142047 0.145651
vt 0.144854 0.145836
vt 0.142873 0.269207
vt 0.147666 0.145948
vt 0.145836 0.269220
vt 0.146335 0.002940
vt 0.147478 0.140208
vt 0.144440 0.140564
vt 0.143329 0.003105
vt 0.006282 0.135380
vt 0.142232 0.142667
vt 0.006113 0.138361
vt 0.002206 0.395210
vt 0.139889 0.392212
vt 0.139993 0.395094
vt 0.002286 0.398144
vt 0.138499 0.532676
vt 0.142546 0.397408
vt 0.141395 0.532912
vt 0.001953 0.267137
vt 0.474777 0.271111
vt 0.238255 0.269770
vt 0.240048 0.001953
vt 0.234173 0.537950
vt 0.329360 0.393988
vt 0.332222 0.394100
vt 0.147575 0.143073
vt 0.329425 0.396869
vt 0.142780 0.392079
vt 0.333436 0.144574
vt 0.332013 0.396653
vt 0.145027 0.143293
vt 0.142952 0.394619
s 1
usemtl 1004
f 1/1/1 2/2/1 3/3/1
f 3/3/1 4/4/1 1/1/1
f 5/5/2 6/6/2 7/7/2
f 7/7/2 8/8/2 5/5/2
f 9/9/3 10/10/3 11/11/3
f 11/11/3 12/12/3 9/9/3
f 13/4/4 14/3/4 15/13/5
f 15/13/5 16/14/5 13/4/4
f 17/15/6 18/16/7 19/17/7
f 19/17/7 20/18/6 17/15/6
f 21/3/8 22/2/8 23/7/8
f 23/7/8 24/6/8 21/3/8
f 25/1/9 26/4/9 27/11/9
f 27/11/9 28/10/9 25/1/9
f 29/19/10 16/14/5 15/13/5
f 15/13/5 30/20/10 29/19/10
f 31/2/11 32/1/11 19/17/7
f 19/17/7 18/16/7 31/2/11
f 33/21/1 34/22/1 35/23/1
f 35/23/1 36/24/1 33/21/1
f 37/25/2 38/26/2 39/27/2
f 39/27/2 40/28/2 37/25/2
f 41/29/3 42/30/3 43/31/3
f 43/31/3 44/32/3 41/29/3
f 45/24/12 46/23/12 47/33/5
f 47/33/5 48/34/5 45/24/12
f 49/35/6 50/36/7 51/37/7
f 51/37/7 52/38/6 49/35/6
f 53/23/8 54/22/8 55/27/8
f 55/27/8 56/26/8 53/23/8
f 57/21/13 58/24/9 59/31/9
f 59/31/9 60/30/13 57/21/13
f 61/39/10 48/34/5 47/33/5
f 47/33/5 62/40/10 61/39/10
f 63/22/14 64/21/11 51/37/7
f 51/37/7 50/36/7 63/22/14
f 65/41/15 66/42/16 67/43/15
f 67/43/15 68/44/17 65/41/15
f 69/44/18 70/43/19 71/45/20
f 71/45/20 72/46/21 69/44/18
f 73/47/22 74/48/23 75/49/24
f 75/49/24 76/50/25 73/47/22
f 76/50/25 75/49/24 77/51/26
f 77/51/26 78/52/27 76/50/25
f 79/53/28 74/48/23 73/47/22
f 73/47/22 80/54/29 79/53/28
f 80/54/29 73/47/22 81/55/30
f 81/55/30 82/56/31 80/54/29
f 82/56/31 81/55/30 83/57/32
f 83/57/32 84/58/6 82/56/31
f 84/58/6 83/57/32 85/59/33
f 85/59/33 86/60/34 84/58/6
f 87/61/34 88/62/33 89/63/35
f 89/63/35 90/64/36 87/61/34
f 90/64/36 89/63/35 91/65/37
f 91/65/37 92/66/38 90/64/36
f 92/66/38 91/65/37 93/67/39
f 93/67/39 94/68/40 92/66/38
f 94/68/40 93/67/39 95/69/41
f 95/69/41 96/70/42 94/68/40
f 96/70/42 95/69/41 97/71/43
f 97/71/43 98/72/44 96/70/42
f 98/72/44 97/71/43 99/73/45
f 99/73/45 100/74/46 98/72/44
f 100/74/46 99/73/45 101/75/47
f 101/75/47 102/76/10 100/74/46
f 102/76/10 101/75/47 103/77/48
f 103/77/48 104/78/49 102/76/10
f 104/78/49 103/77/48 105/79/50
f 105/79/50 106/80/51 104/78/49
f 106/80/51 105/79/50 107/81/52
f 107/81/52 108/82/53 106/80/51
f 108/82/53 107/81/52 109/83/54
f 109/83/54 110/84/1 108/82/53
f 110/84/1 109/83/54 74/48/23
f 74/48/23 79/53/28 110/84/1
f 111/85/55 112/86/56 113/87/3
f 114/88/57 111/85/55 113/87/3
f 115/89/58 114/88/57 113/87/3
f 116/90/59 115/89/58 113/87/3
f 117/91/60 116/90/59 113/87/3
f 118/92/61 117/91/60 113/87/3
f 119/93/62 118/92/61 113/87/3
f 120/94/63 119/93/62 113/87/3
f 121/95/64 120/94/63 113/87/3
f 122/96/65 121/95/64 113/87/3
f 123/97/66 122/96/65 113/87/3
f 124/98/67 123/97/66 113/87/3
f 125/99/68 124/98/67 113/87/3
f 126/100/69 125/99/68 113/87/3
f 127/101/70 126/100/69 113/87/3
f 112/86/56 127/101/70 113/87/3
f 128/102/71 129/42/72 130/41/73
f 130/41/73 131/103/74 128/102/71
f 131/103/74 130/41/73 132/104/75
f 132/104/75 133/105/76 131/103/74
f 133/105/76 132/104/75 134/106/77
f 134/106/77 135/107/78 133/105/76
f 135/107/78 134/106/77 136/108/79
f 136/108/79 137/109/80 135/107/78
f 138/110/80 139/111/81 140/112/82
f 140/112/82 141/113/83 138/110/80
f 141/113/83 140/112/82 142/114/84
f 142/114/84 143/115/85 141/113/83
f 143/115/85 142/114/84 144/116/86
f 144/116/86 145/117/87 143/115/85
f 145/117/87 144/116/86 146/118/88
f 146/118/88 147/119/89 145/117/87
f 147/119/89 146/118/88 148/120/90
f 148/120/90 149/121/91 147/119/89
f 149/121/91 148/120/90 150/122/92
f 150/122/92 151/123/93 149/121/91
f 151/123/93 150/122/92 152/124/94
f 152/124/94 153/125/95 151/123/93
f 153/125/95 152/124/94 154/126/96
f 154/126/96 155/127/97 153/125/95
f 155/127/97 154/126/96 156/128/98
f 156/128/98 157/129/99 155/127/97
f 157/129/99 156/128/98 158/130/100
f 158/130/100 159/131/101 157/129/99
f 159/131/101 158/130/100 160/132/102
f 160/132/102 161/133/103 159/131/101
f 161/133/103 160/132/102 129/42/72
f 129/42/72 128/102/71 161/133/103
f 162/134/104 163/135/105 164/136/106
f 164/136/106 165/137/107 162/134/104
f 165/137/107 164/136/106 166/138/108
f 166/138/108 167/139/109 165/137/107
f 167/139/109 166/138/108 168/140/110
f 168/140/110 169/141/111 167/139/109
f 169/141/111 168/140/110 170/142/112
f 170/142/112 171/143/113 169/141/111
f 172/144/113 173/145/112 174/146/114
f 174/146/114 175/147/115 172/144/113
f 175/147/115 174/146/114 176/148/116
f 176/148/116 177/149/117 175/147/115
f 177/149/117 176/148/116 178/150/118
f 178/150/118 179/151/119 177/149/117
f 179/151/119 178/150/118 180/152/120
f 180/152/120 181/153/121 179/151/119
f 181/153/121 180/152/120 182/154/122
f 182/154/122 183/155/123 181/153/121
f 183/155/123 182/154/122 184/156/124
f 184/156/124 185/157/125 183/155/123
f 185/157/125 184/156/124 186/158/126
f 186/158/126 187/159/127 185/157/125
f 187/159/127 186/158/126 188/160/128
f 188/160/128 189/161/129 187/159/127
f 189/161/129 188/160/128 190/162/130
f 190/162/130 191/163/131 189/161/129
f 191/163/131 190/162/130 192/164/132
f 192/164/132 193/165/133 191/163/131
f 193/165/133 192/164/132 194/166/134
f 194/166/134 195/167/135 193/165/133
f 195/167/135 194/166/134 163/135/105
f 163/135/105 162/134/104 195/167/135
f 71/45/20 196/168/136 197/169/137
f 197/169/137 72/46/21 71/45/20
f 72/46/21 197/169/137 198/170/138
f 198/170/138 199/171/139 72/46/21
f 199/171/139 198/170/138 200/172/140
f 200/172/140 201/173/141 199/171/139
f 201/173/141 200/172/140 202/174/142
f 202/174/142 203/175/143 201/173/141
f 204/176/143 205/177/144 206/178/145
f 206/178/145 207/179/146 204/176/143
f 207/179/146 206/178/145 208/180/147
f 208/180/147 209/181/148 207/179/146
f 209/181/148 208/180/147 210/182/149
f 210/182/149 211/183/150 209/181/148
f 211/183/150 210/182/149 212/184/151
f 212/184/151 213/185/152 211/183/150
f 213/185/152 212/184/151 214/186/153
f 214/186/153 215/187/154 213/185/152
f 215/187/154 214/186/153 216/188/155
f 216/188/155 217/189/156 215/187/154
f 217/189/156 216/188/155 218/190/157
f 218/190/157 219/191/158 217/189/156
f 219/191/158 218/190/157 220/192/159
f 220/192/159 221/193/160 219/191/158
f 221/193/160 220/192/159 222/194/161
f 222/194/161 223/195/162 221/193/160
f 223/195/162 222/194/161 224/196/163
f 224/196/163 225/197/164 223/195/162
f 225/197/164 224/196/163 226/198/165
f 226/198/165 227/199/166 225/197/164
f 227/199/166 226/198/165 196/168/136
f 196/168/136 71/45/20 227/199/166
f 77/51/26 228/200/167 229/201/168
f 229/201/168 78/52/27 77/51/26
f 78/52/27 229/201/168 230/202/169
f 230/202/169 231/203/170 78/52/27
f 231/203/170 230/202/169 232/204/171
f 232/204/171 233/205/172 231/203/170
f 233/205/172 232/204/171 234/206/173
f 234/206/173 235/207/174 233/205/172
f 236/208/174 237/209/173 238/210/175
f 238/210/175 239/211/176 236/208/174
f 239/211/176 238/210/175 240/212/177
f 240/212/177 241/213/178 239/211/176
f 241/213/178 240/212/177 242/214/179
f 242/214/179 243/215/180 241/213/178
f 243/215/180 242/214/179 244/216/181
f 244/216/181 245/217/182 243/215/180
f 245/217/182 244/216/181 246/218/183
f 246/218/183 247/219/184 245/217/182
f 247/219/184 246/218/183 248/220/185
f 248/220/185 249/221/186 247/219/184
f 249/221/186 248/220/185 250/222/187
f 250/222/187 251/223/188 249/221/186
f 251/223/188 250/222/187 252/224/189
f 252/224/189 253/225/190 251/223/188
f 253/225/190 252/224/189 254/226/191
f 254/226/191 255/227/192 253/225/190
f 255/227/192 254/226/191 256/228/193
f 256/228/193 257/229/194 255/227/192
f 257/229/194 256/228/193 258/230/195
f 258/230/195 259/231/196 257/229/194
f 259/231/196 258/230/195 228/200/167
f 228/200/167 77/51/26 259/231/196
f 164/136/106 163/135/105 260/232/197
f 260/232/197 261/233/198 164/136/106
f 262/234/198 263/235/199 112/86/56
f 112/86/56 111/85/55 262/234/198
f 166/138/108 164/136/106 261/233/198
f 261/233/198 264/236/200 166/138/108
f 265/237/200 262/234/198 111/85/55
f 111/85/55 114/88/57 265/237/200
f 168/140/110 166/138/108 264/236/200
f 264/236/200 266/238/201 168/140/110
f 267/239/201 265/237/200 114/88/57
f 114/88/57 115/89/58 267/239/201
f 170/142/112 168/140/110 266/238/201
f 266/238/201 268/240/202 170/142/112
f 269/241/202 267/239/201 115/89/58
f 115/89/58 116/90/59 269/241/202
f 174/146/114 173/145/112 270/242/203
f 270/242/203 271/243/204 174/146/114
f 272/244/204 269/241/202 116/90/59
f 116/90/59 117/91/60 272/244/204
f 176/148/116 174/146/114 271/243/204
f 271/243/204 273/245/205 176/148/116
f 274/246/205 272/244/204 117/91/60
f 117/91/60 118/92/61 274/246/205
f 178/150/118 176/148/116 273/245/205
f 273/245/205 275/247/206 178/150/118
f 276/248/206 274/246/205 118/92/61
f 118/92/61 119/93/62 276/248/206
f 180/152/120 178/150/118 275/247/206
f 275/247/206 277/249/207 180/152/120
f 278/250/207 276/248/206 119/93/62
f 119/93/62 120/94/63 278/250/207
f 182/154/122 180/152/120 277/249/207
f 277/249/207 279/251/208 182/154/122
f 280/252/208 278/250/207 120/94/63
f 120/94/63 121/95/64 280/252/208
f 184/156/124 182/154/122 279/251/208
f 279/251/208 281/253/209 184/156/124
f 282/254/210 280/252/208 121/95/64
f 121/95/64 122/96/65 282/254/210
f 186/158/126 184/156/124 281/253/209
f 281/253/209 283/255/211 186/158/126
f 284/256/211 282/254/210 122/96/65
f 122/96/65 123/97/66 284/256/211
f 188/160/128 186/158/126 283/255/211
f 283/255/211 285/257/212 188/160/128
f 286/258/212 284/256/211 123/97/66
f 123/97/66 124/98/67 286/258/212
f 190/162/130 188/160/128 285/257/212
f 285/257/212 287/259/213 190/162/130
f 288/260/213 286/258/212 124/98/67
f 124/98/67 125/99/68 288/260/213
f 192/164/132 190/162/130 287/259/213
f 287/259/213 289/261/214 192/164/132
f 290/262/215 288/260/213 125/99/68
f 125/99/68 126/100/69 290/262/215
f 194/166/134 192/164/132 289/261/214
f 289/261/214 291/263/216 194/166/134
f 292/264/216 290/262/215 126/100/69
f 126/100/69 127/101/70 292/264/216
f 127/101/70 112/86/56 263/235/199
f 263/235/199 292/264/216 127/101/70
f 291/263/216 260/232/197 163/135/105
f 163/135/105 194/166/134 291/263/216
f 195/167/135 162/134/104 293/265/217
f 293/265/217 294/266/218 195/167/135
f 294/266/218 293/265/217 196/168/136
f 196/168/136 226/198/165 294/266/218
f 197/169/137 196/168/136 293/265/217
f 293/265/217 295/267/219 197/169/137
f 295/267/219 293/265/217 162/134/104
f 162/134/104 165/137/107 295/267/219
f 198/170/138 197/169/137 295/267/219
f 295/267/219 296/268/220 198/170/138
f 296/268/220 295/267/219 165/137/107
f 165/137/107 167/139/109 296/268/220
f 200/172/140 198/170/138 296/268/220
f 296/268/220 297/269/221 200/172/140
f 297/269/221 296/268/220 167/139/109
f 167/139/109 169/141/111 297/269/221
f 202/174/142 200/172/140 297/269/221
f 297/269/221 298/270/222 202/174/142
f 298/270/222 297/269/221 169/141/111
f 169/141/111 171/143/113 298/270/222
f 206/178/145 205/177/144 299/271/222
f 299/271/222 300/272/223 206/178/145
f 300/272/223 299/271/222 172/144/113
f 172/144/113 175/147/115 300/272/223
f 208/180/147 206/178/145 300/272/223
f 300/272/223 301/273/224 208/180/147
f 301/273/224 300/272/223 175/147/115
f 175/147/115 177/149/117 301/273/224
f 210/182/149 208/180/147 301/273/224
f 301/273/224 302/274/225 210/182/149
f 302/274/225 301/273/224 177/149/117
f 177/149/117 179/151/119 302/274/225
f 212/184/151 210/182/149 302/274/225
f 302/274/225 303/275/226 212/184/151
f 303/275/226 302/274/225 179/151/119
f 179/151/119 181/153/121 303/275/226
f 214/186/153 212/184/151 303/275/226
f 303/275/226 304/276/227 214/186/153
f 304/276/227 303/275/226 181/153/121
f 181/153/121 183/155/123 304/276/227
f 216/188/155 214/186/153 304/276/227
f 304/276/227 305/277/228 216/188/155
f 305/277/228 304/276/227 183/155/123
f 183/155/123 185/157/125 305/277/228
f 218/190/157 216/188/155 305/277/228
f 305/277/228 306/278/229 218/190/157
f 306/278/229 305/277/228 185/157/125
f 185/157/125 187/159/127 306/278/229
f 220/192/159 218/190/157 306/278/229
f 306/278/229 307/279/230 220/192/159
f 307/279/230 306/278/229 187/159/127
f 187/159/127 189/161/129 307/279/230
f 222/194/161 220/192/159 307/279/230
f 307/279/230 308/280/231 222/194/161
f 308/280/231 307/279/230 189/161/129
f 189/161/129 191/163/131 308/280/231
f 224/196/163 222/194/161 308/280/231
f 308/280/231 309/281/232 224/196/163
f 309/281/232 308/280/231 191/163/131
f 191/163/131 193/165/133 309/281/232
f 226/198/165 224/196/163 309/281/232
f 309/281/232 294/266/218 226/198/165
f 294/266/218 309/281/232 193/165/133
f 193/165/133 195/167/135 294/266/218
f 161/133/103 128/102/71 310/282/233
f 310/282/233 311/283/234 161/133/103
f 311/283/234 310/282/233 228/200/167
f 228/200/167 258/230/195 311/283/234
f 229/201/168 228/200/167 310/282/233
f 310/282/233 312/284/235 229/201/168
f 312/284/235 310/282/233 128/102/71
f 128/102/71 131/103/74 312/284/235
f 230/202/169 229/201/168 312/284/235
f 312/284/235 313/285/220 230/202/169
f 313/285/220 312/284/235 131/103/74
f 131/103/74 133/105/76 313/285/220
f 232/204/171 230/202/169 313/285/220
f 313/285/220 314/286/236 232/204/171
f 314/286/236 313/285/220 133/105/76
f 133/105/76 135/107/78 314/286/236
f 234/206/173 232/204/171 314/286/236
f 314/286/236 315/287/237 234/206/173
f 315/287/237 314/286/236 135/107/78
f 135/107/78 137/109/80 315/287/237
f 238/210/175 237/209/173 316/288/237
f 316/288/237 317/289/238 238/210/175
f 317/289/238 316/288/237 138/110/80
f 138/110/80 141/113/83 317/289/238
f 240/212/177 238/210/175 317/289/238
f 317/289/238 318/290/239 240/212/177
f 318/290/239 317/289/238 141/113/83
f 141/113/83 143/115/85 318/290/239
f 242/214/179 240/212/177 318/290/239
f 318/290/239 319/291/240 242/214/179
f 319/291/240 318/290/239 143/115/85
f 143/115/85 145/117/87 319/291/240
f 244/216/181 242/214/179 319/291/240
f 319/291/240 320/292/241 244/216/181
f 320/292/241 319/291/240 145/117/87
f 145/117/87 147/119/89 320/292/241
f 246/218/183 244/216/181 320/292/241
f 320/292/241 321/293/242 246/218/183
f 321/293/242 320/292/241 147/119/89
f 147/119/89 149/121/91 321/293/242
f 248/220/185 246/218/183 321/293/242
f 321/293/242 322/294/228 248/220/185
f 322/294/228 321/293/242 149/121/91
f 149/121/91 151/123/93 322/294/228
f 250/222/187 248/220/185 322/294/228
f 322/294/228 323/295/243 250/222/187
f 323/295/243 322/294/228 151/123/93
f 151/123/93 153/125/95 323/295/243
f 252/224/189 250/222/187 323/295/243
f 323/295/243 324/296/244 252/224/189
f 324/296/244 323/295/243 153/125/95
f 153/125/95 155/127/97 324/296/244
f 254/226/191 252/224/189 324/296/244
f 324/296/244 325/297/231 254/226/191
f 325/297/231 324/296/244 155/127/97
f 155/127/97 157/129/99 325/297/231
f 256/228/193 254/226/191 325/297/231
f 325/297/231 326/298/245 256/228/193
f 326/298/245 325/297/231 157/129/99
f 157/129/99 159/131/101 326/298/245
f 258/230/195 256/228/193 326/298/245
f 326/298/245 311/283/234 258/230/195
f 311/283/234 326/298/245 159/131/101
f 159/131/101 161/133/103 311/283/234
f 132/104/75 130/41/73 69/44/18
f 69/44/18 327/299/246 132/104/75
f 327/299/246 69/44/18 72/46/21
f 72/46/21 199/171/139 327/299/246
f 134/106/77 132/104/75 327/299/246
f 327/299/246 328/300/247 134/106/77
f 328/300/247 327/299/246 199/171/139
f 199/171/139 201/173/141 328/300/247
f 136/108/79 134/106/77 328/300/247
f 328/300/247 329/301/248 136/108/79
f 329/301/248 328/300/247 201/173/141
f 201/173/141 203/175/143 329/301/248
f 140/112/82 139/111/81 330/302/248
f 330/302/248 331/303/204 140/112/82
f 331/303/204 330/302/248 204/176/143
f 204/176/143 207/179/146 331/303/204
f 142/114/84 140/112/82 331/303/204
f 331/303/204 332/304/249 142/114/84
f 332/304/249 331/303/204 207/179/146
f 207/179/146 209/181/148 332/304/249
f 144/116/86 142/114/84 332/304/249
f 332/304/249 333/305/250 144/116/86
f 333/305/250 332/304/249 209/181/148
f 209/181/148 211/183/150 333/305/250
f 146/118/88 144/116/86 333/305/250
f 333/305/250 334/306/251 146/118/88
f 334/306/251 333/305/250 211/183/150
f 211/183/150 213/185/152 334/306/251
f 148/120/90 146/118/88 334/306/251
f 334/306/251 335/307/252 148/120/90
f 335/307/252 334/306/251 213/185/152
f 213/185/152 215/187/154 335/307/252
f 150/122/92 148/120/90 335/307/252
f 335/307/252 336/308/253 150/122/92
f 336/308/253 335/307/252 215/187/154
f 215/187/154 217/189/156 336/308/253
f 152/124/94 150/122/92 336/308/253
f 336/308/253 337/309/254 152/124/94
f 337/309/254 336/308/253 217/189/156
f 217/189/156 219/191/158 337/309/254
f 154/126/96 152/124/94 337/309/254
f 337/309/254 338/310/255 154/126/96
f 338/310/255 337/309/254 219/191/158
f 219/191/158 221/193/160 338/310/255
f 156/128/98 154/126/96 338/310/255
f 338/310/255 339/311/256 156/128/98
f 339/311/256 338/310/255 221/193/160
f 221/193/160 223/195/162 339/311/256
f 158/130/100 156/128/98 339/311/256
f 339/311/256 340/312/257 158/130/100
f 340/312/257 339/311/256 223/195/162
f 223/195/162 225/197/164 340/312/257
f 160/132/102 158/130/100 340/312/257
f 340/312/257 341/313/258 160/132/102
f 341/313/258 340/312/257 225/197/164
f 225/197/164 227/199/166 341/313/258
f 227/199/166 71/45/20 70/43/19
f 70/43/19 341/313/258 227/199/166
f 341/313/258 70/43/19 129/42/72
f 129/42/72 160/132/102 341/313/258
f 81/55/30 73/47/22 76/50/25
f 76/50/25 342/314/259 81/55/30
f 342/314/259 76/50/25 78/52/27
f 78/52/27 231/203/170 342/314/259
f 83/57/32 81/55/30 342/314/259
f 342/314/259 343/315/260 83/57/32
f 343/315/260 342/314/259 231/203/170
f 231/203/170 233/205/172 343/315/260
f 85/59/33 83/57/32 343/315/260
f 343/315/260 344/316/261 85/59/33
f 344/316/261 343/315/260 233/205/172
f 233/205/172 235/207/174 344/316/261
f 89/63/35 88/62/33 345/317/261
f 345/317/261 346/318/262 89/63/35
f 346/318/262 345/317/261 236/208/174
f 236/208/174 239/211/176 346/318/262
f 91/65/37 89/63/35 346/318/262
f 346/318/262 347/319/249 91/65/37
f 347/319/249 346/318/262 239/211/176
f 239/211/176 241/213/178 347/319/249
f 93/67/39 91/65/37 347/319/249
f 347/319/249 348/320/263 93/67/39
f 348/320/263 347/319/249 241/213/178
f 241/213/178 243/215/180 348/320/263
f 95/69/41 93/67/39 348/320/263
f 348/320/263 349/321/264 95/69/41
f 349/321/264 348/320/263 243/215/180
f 243/215/180 245/217/182 349/321/264
f 97/71/43 95/69/41 349/321/264
f 349/321/264 350/322/265 97/71/43
f 350/322/265 349/321/264 245/217/182
f 245/217/182 247/219/184 350/322/265
f 99/73/45 97/71/43 350/322/265
f 350/322/265 351/323/253 99/73/45
f 351/323/253 350/322/265 247/219/184
f 247/219/184 249/221/186 351/323/253
f 101/75/47 99/73/45 351/323/253
f 351/323/253 352/324/266 101/75/47
f 352/324/266 351/323/253 249/221/186
f 249/221/186 251/223/188 352/324/266
f 103/77/48 101/75/47 352/324/266
f 352/324/266 353/325/267 103/77/48
f 353/325/267 352/324/266 251/223/188
f 251/223/188 253/225/190 353/325/267
f 105/79/50 103/77/48 353/325/267
f 353/325/267 354/326/268 105/79/50
f 354/326/268 353/325/267 253/225/190
f 253/225/190 255/227/192 354/326/268
f 107/81/52 105/79/50 354/326/268
f 354/326/268 355/327/257 107/81/52
f 355/327/257 354/326/268 255/227/192
f 255/227/192 257/229/194 355/327/257
f 109/83/54 107/81/52 355/327/257
f 355/327/257 356/328/269 109/83/54
f 356/328/269 355/327/257 257/229/194
f 257/229/194 259/231/196 356/328/269
f 259/231/196 77/51/26 75/49/24
f 75/49/24 356/328/269 259/231/196
f 356/328/269 75/49/24 74/48/23
f 74/48/23 109/83/54 356/328/269
f 357/304/270 358/114/271 359/112/272
f 359/112/272 360/303/204 357/304/270
f 361/181/148 357/304/270 360/303/204
f 360/303/204 362/179/146 361/181/148
f 363/319/270 364/65/273 365/63/35
f 365/63/35 366/318/274 363/319/270
f 367/213/275 363/319/270 366/318/274
f 366/318/274 368/211/276 367/213/275
f 365/63/35 364/65/273 369/66/38
f 369/66/38 370/64/36 365/63/35
f 371/62/277 365/63/35 370/64/36
f 370/64/36 372/61/34 371/62/277
f 373/57/32 374/59/33 375/60/278
f 375/60/278 376/58/6 373/57/32
f 377/55/30 373/57/32 376/58/6
f 376/58/6 378/56/31 377/55/30
f 379/47/22 377/55/30 378/56/31
f 378/56/31 380/54/29 379/47/22
f 381/48/279 379/47/22 380/54/29
f 380/54/29 382/53/28 381/48/279
f 383/83/54 381/48/279 382/53/28
f 382/53/28 384/84/1 383/83/54
f 385/81/280 383/83/54 384/84/1
f 384/84/1 386/82/53 385/81/280
f 387/79/281 385/81/280 386/82/53
f 386/82/53 388/80/51 387/79/281
f 389/77/48 387/79/281 388/80/51
f 388/80/51 390/78/49 389/77/48
f 391/75/47 389/77/48 390/78/49
f 390/78/49 392/76/10 391/75/47
f 393/73/45 391/75/47 392/76/10
f 392/76/10 394/74/46 393/73/45
f 395/71/43 393/73/45 394/74/46
f 394/74/46 396/72/44 395/71/43
f 397/69/41 395/71/43 396/72/44
f 396/72/44 398/70/42 397/69/41
f 399/67/39 397/69/41 398/70/42
f 398/70/42 400/68/40 399/67/39
f 364/65/273 399/67/39 400/68/40
f 400/68/40 369/66/38 364/65/273
f 401/91/282 402/87/3 403/92/283
f 404/90/59 402/87/3 401/91/282
f 405/89/58 402/87/3 404/90/59
f 406/88/284 402/87/3 405/89/58
f 407/85/55 402/87/3 406/88/284
f 408/86/56 402/87/3 407/85/55
f 409/101/285 402/87/3 408/86/56
f 410/100/69 402/87/3 409/101/285
f 411/99/286 402/87/3 410/100/69
f 412/98/287 402/87/3 411/99/286
f 413/97/66 402/87/3 412/98/287
f 414/96/288 402/87/3 413/97/66
f 415/95/289 402/87/3 414/96/288
f 416/94/290 402/87/3 415/95/289
f 417/93/291 402/87/3 416/94/290
f 403/92/283 402/87/3 417/93/291
f 359/112/272 358/114/271 418/115/85
f 418/115/85 419/113/292 359/112/272
f 420/111/81 359/112/272 419/113/292
f 419/113/292 421/110/80 420/111/81
f 422/106/77 423/108/79 424/109/80
f 424/109/80 425/107/78 422/106/77
f 426/104/293 422/106/77 425/107/78
f 425/107/78 427/105/294 426/104/293
f 428/41/73 426/104/293 427/105/294
f 427/105/294 429/103/74 428/41/73
f 430/42/295 428/41/73 429/103/74
f 429/103/74 431/102/296 430/42/295
f 432/132/297 430/42/295 431/102/296
f 431/102/296 433/133/103 432/132/297
f 434/130/100 432/132/297 433/133/103
f 433/133/103 435/131/101 434/130/100
f 436/128/298 434/130/100 435/131/101
f 435/131/101 437/129/299 436/128/298
f 438/126/96 436/128/298 437/129/299
f 437/129/299 439/127/97 438/126/96
f 440/124/94 438/126/96 439/127/97
f 439/127/97 441/125/95 440/124/94
f 442/122/300 440/124/94 441/125/95
f 441/125/95 443/123/301 442/122/300
f 444/120/90 442/122/300 443/123/301
f 443/123/301 445/121/302 444/120/90
f 446/118/303 444/120/90 445/121/302
f 445/121/302 447/119/89 446/118/303
f 448/116/86 446/118/303 447/119/89
f 447/119/89 449/117/304 448/116/86
f 358/114/271 448/116/86 449/117/304
f 449/117/304 418/115/85 358/114/271
f 450/146/305 451/148/306 452/149/117
f 452/149/117 453/147/307 450/146/305
f 454/145/112 450/146/305 453/147/307
f 453/147/307 455/144/308 454/145/112
f 456/140/110 457/142/112 458/143/308
f 458/143/308 459/141/309 456/140/110
f 460/138/108 456/140/110 459/141/309
f 459/141/309 461/139/310 460/138/108
f 462/136/106 460/138/108 461/139/310
f 461/139/310 463/137/107 462/136/106
f 464/135/105 462/136/106 463/137/107
f 463/137/107 465/134/311 464/135/105
f 466/166/134 464/135/105 465/134/311
f 465/134/311 467/167/135 466/166/134
f 468/164/132 466/166/134 467/167/135
f 467/167/135 469/165/312 468/164/132
f 470/162/313 468/164/132 469/165/312
f 469/165/312 471/163/131 470/162/313
f 472/160/128 470/162/313 471/163/131
f 471/163/131 473/161/314 472/160/128
f 474/158/126 472/160/128 473/161/314
f 473/161/314 475/159/315 474/158/126
f 476/156/124 474/158/126 475/159/315
f 475/159/315 477/157/125 476/156/124
f 478/154/122 476/156/124 477/157/125
f 477/157/125 479/155/123 478/154/122
f 480/152/120 478/154/122 479/155/123
f 479/155/123 481/153/316 480/152/120
f 482/150/118 480/152/120 481/153/316
f 481/153/316 483/151/317 482/150/118
f 451/148/306 482/150/118 483/151/317
f 483/151/317 452/149/117 451/148/306
f 484/178/145 485/180/147 361/181/148
f 361/181/148 362/179/146 484/178/145
f 486/177/318 484/178/145 362/179/146
f 362/179/146 487/176/143 486/177/318
f 488/172/140 489/174/142 490/175/319
f 490/175/319 491/173/141 488/172/140
f 492/170/320 488/172/140 491/173/141
f 491/173/141 493/171/139 492/170/320
f 494/169/137 492/170/320 493/171/139
f 493/171/139 495/46/321 494/169/137
f 496/168/136 494/169/137 495/46/321
f 495/46/321 497/45/20 496/168/136
f 498/198/165 496/168/136 497/45/20
f 497/45/20 499/199/166 498/198/165
f 500/196/322 498/198/165 499/199/166
f 499/199/166 501/197/164 500/196/322
f 502/194/161 500/196/322 501/197/164
f 501/197/164 503/195/323 502/194/161
f 504/192/324 502/194/161 503/195/323
f 503/195/323 505/193/160 504/192/324
f 506/190/157 504/192/324 505/193/160
f 505/193/160 507/191/158 506/190/157
f 508/188/325 506/190/157 507/191/158
f 507/191/158 509/189/326 508/188/325
f 510/186/153 508/188/325 509/189/326
f 509/189/326 511/187/154 510/186/153
f 512/184/327 510/186/153 511/187/154
f 511/187/154 513/185/152 512/184/327
f 514/182/149 512/184/327 513/185/152
f 513/185/152 515/183/150 514/182/149
f 485/180/147 514/182/149 515/183/150
f 515/183/150 361/181/148 485/180/147
f 516/210/175 517/212/177 367/213/275
f 367/213/275 368/211/276 516/210/175
f 518/209/173 516/210/175 368/211/276
f 368/211/276 519/208/328 518/209/173
f 520/204/171 521/206/173 522/207/174
f 522/207/174 523/205/172 520/204/171
f 524/202/169 520/204/171 523/205/172
f 523/205/172 525/203/170 524/202/169
f 526/201/168 524/202/169 525/203/170
f 525/203/170 527/52/329 526/201/168
f 528/200/167 526/201/168 527/52/329
f 527/52/329 529/51/26 528/200/167
f 530/230/195 528/200/167 529/51/26
f 529/51/26 531/231/330 530/230/195
f 532/228/331 530/230/195 531/231/330
f 531/231/330 533/229/332 532/228/331
f 534/226/191 532/228/331 533/229/332
f 533/229/332 535/227/333 534/226/191
f 536/224/334 534/226/191 535/227/333
f 535/227/333 537/225/335 536/224/334
f 538/222/187 536/224/334 537/225/335
f 537/225/335 539/223/336 538/222/187
f 540/220/185 538/222/187 539/223/336
f 539/223/336 541/221/337 540/220/185
f 542/218/183 540/220/185 541/221/337
f 541/221/337 543/219/338 542/218/183
f 544/216/181 542/218/183 543/219/338
f 543/219/338 545/217/339 544/216/181
f 546/214/340 544/216/181 545/217/339
f 545/217/339 547/215/341 546/214/340
f 517/212/177 546/214/340 547/215/341
f 547/215/341 367/213/275 517/212/177
f 548/245/205 451/148/306 450/146/305
f 450/146/305 549/243/204 548/245/205
f 403/92/283 550/246/342 551/244/204
f 551/244/204 401/91/282 403/92/283
f 549/243/204 450/146/305 454/145/112
f 454/145/112 552/242/202 549/243/204
f 401/91/282 551/244/204 553/241/343
f 553/241/343 404/90/59 401/91/282
f 554/240/202 457/142/112 456/140/110
f 456/140/110 555/238/201 554/240/202
f 404/90/59 553/241/343 556/239/201
f 556/239/201 405/89/58 404/90/59
f 555/238/201 456/140/110 460/138/108
f 460/138/108 557/236/200 555/238/201
f 405/89/58 556/239/201 558/237/344
f 558/237/344 406/88/284 405/89/58
f 557/236/200 460/138/108 462/136/106
f 462/136/106 559/233/198 557/236/200
f 406/88/284 558/237/344 560/234/198
f 560/234/198 407/85/55 406/88/284
f 559/233/198 462/136/106 464/135/105
f 464/135/105 561/232/199 559/233/198
f 407/85/55 560/234/198 562/235/199
f 562/235/199 408/86/56 407/85/55
f 561/232/199 464/135/105 466/166/134
f 466/166/134 563/263/216 561/232/199
f 408/86/56 562/235/199 564/264/216
f 564/264/216 409/101/285 408/86/56
f 563/263/216 466/166/134 468/164/132
f 468/164/132 565/261/214 563/263/216
f 409/101/285 564/264/216 566/262/345
f 566/262/345 410/100/69 409/101/285
f 565/261/214 468/164/132 470/162/313
f 470/162/313 567/259/213 565/261/214
f 410/100/69 566/262/345 568/260/213
f 568/260/213 411/99/286 410/100/69
f 567/259/213 470/162/313 472/160/128
f 472/160/128 569/257/212 567/259/213
f 411/99/286 568/260/213 570/258/212
f 570/258/212 412/98/287 411/99/286
f 569/257/212 472/160/128 474/158/126
f 474/158/126 571/255/211 569/257/212
f 412/98/287 570/258/212 572/256/211
f 572/256/211 413/97/66 412/98/287
f 571/255/211 474/158/126 476/156/124
f 476/156/124 573/253/209 571/255/211
f 413/97/66 572/256/211 574/254/209
f 574/254/209 414/96/288 413/97/66
f 573/253/209 476/156/124 478/154/122
f 478/154/122 575/251/208 573/253/209
f 414/96/288 574/254/209 576/252/208
f 576/252/208 415/95/289 414/96/288
f 575/251/208 478/154/122 480/152/120
f 480/152/120 577/249/207 575/251/208
f 415/95/289 576/252/208 578/250/207
f 578/250/207 416/94/290 415/95/289
f 577/249/207 480/152/120 482/150/118
f 482/150/118 579/247/206 577/249/207
f 416/94/290 578/250/207 580/248/206
f 580/248/206 417/93/291 416/94/290
f 550/246/342 403/92/283 417/93/291
f 417/93/291 580/248/206 550/246/342
f 451/148/306 548/245/205 579/247/206
f 579/247/206 482/150/118 451/148/306
f 581/273/346 452/149/117 483/151/317
f 483/151/317 582/274/225 581/273/346
f 485/180/147 581/273/346 582/274/225
f 582/274/225 514/182/149 485/180/147
f 581/273/346 485/180/147 484/178/145
f 484/178/145 583/272/347 581/273/346
f 452/149/117 581/273/346 583/272/347
f 583/272/347 453/147/307 452/149/117
f 583/272/347 484/178/145 486/177/318
f 486/177/318 584/271/222 583/272/347
f 453/147/307 583/272/347 584/271/222
f 584/271/222 455/144/308 453/147/307
f 585/270/348 489/174/142 488/172/140
f 488/172/140 586/269/349 585/270/348
f 458/143/308 585/270/348 586/269/349
f 586/269/349 459/141/309 458/143/308
f 586/269/349 488/172/140 492/170/320
f 492/170/320 587/268/350 586/269/349
f 459/141/309 586/269/349 587/268/350
f 587/268/350 461/139/310 459/141/309
f 587/268/350 492/170/320 494/169/137
f 494/169/137 588/267/351 587/268/350
f 461/139/310 587/268/350 588/267/351
f 588/267/351 463/137/107 461/139/310
f 588/267/351 494/169/137 496/168/136
f 496/168/136 589/265/352 588/267/351
f 463/137/107 588/267/351 589/265/352
f 589/265/352 465/134/311 463/137/107
f 589/265/352 496/168/136 498/198/165
f 498/198/165 590/266/353 589/265/352
f 465/134/311 589/265/352 590/266/353
f 590/266/353 467/167/135 465/134/311
f 590/266/353 498/198/165 500/196/322
f 500/196/322 591/281/245 590/266/353
f 467/167/135 590/266/353 591/281/245
f 591/281/245 469/165/312 467/167/135
f 591/281/245 500/196/322 502/194/161
f 502/194/161 592/280/354 591/281/245
f 469/165/312 591/281/245 592/280/354
f 592/280/354 471/163/131 469/165/312
f 592/280/354 502/194/161 504/192/324
f 504/192/324 593/279/355 592/280/354
f 471/163/131 592/280/354 593/279/355
f 593/279/355 473/161/314 471/163/131
f 593/279/355 504/192/324 506/190/157
f 506/190/157 594/278/229 593/279/355
f 473/161/314 593/279/355 594/278/229
f 594/278/229 475/159/315 473/161/314
f 594/278/229 506/190/157 508/188/325
f 508/188/325 595/277/356 594/278/229
f 475/159/315 594/278/229 595/277/356
f 595/277/356 477/157/125 475/159/315
f 595/277/356 508/188/325 510/186/153
f 510/186/153 596/276/357 595/277/356
f 477/157/125 595/277/356 596/276/357
f 596/276/357 479/155/123 477/157/125
f 596/276/357 510/186/153 512/184/327
f 512/184/327 597/275/358 596/276/357
f 479/155/123 596/276/357 597/275/358
f 597/275/358 481/153/316 479/155/123
f 597/275/358 512/184/327 514/182/149
f 514/182/149 582/274/225 597/275/358
f 481/153/316 597/275/358 582/274/225
f 582/274/225 483/151/317 481/153/316
f 598/290/359 418/115/85 449/117/304
f 449/117/304 599/291/360 598/290/359
f 517/212/177 598/290/359 599/291/360
f 599/291/360 546/214/340 517/212/177
f 598/290/359 517/212/177 516/210/175
f 516/210/175 600/289/361 598/290/359
f 418/115/85 598/290/359 600/289/361
f 600/289/361 419/113/292 418/115/85
f 600/289/361 516/210/175 518/209/173
f 518/209/173 601/288/237 600/289/361
f 419/113/292 600/289/361 601/288/237
f 601/288/237 421/110/80 419/113/292
f 602/287/237 521/206/173 520/204/171
f 520/204/171 603/286/362 602/287/237
f 424/109/80 602/287/237 603/286/362
f 603/286/362 425/107/78 424/109/80
f 603/286/362 520/204/171 524/202/169
f 524/202/169 604/285/363 603/286/362
f 425/107/78 603/286/362 604/285/363
f 604/285/363 427/105/294 425/107/78
f 604/285/363 524/202/169 526/201/168
f 526/201/168 605/284/364 604/285/363
f 427/105/294 604/285/363 605/284/364
f 605/284/364 429/103/74 427/105/294
f 605/284/364 526/201/168 528/200/167
f 528/200/167 606/282/365 605/284/364
f 429/103/74 605/284/364 606/282/365
f 606/282/365 431/102/296 429/103/74
f 606/282/365 528/200/167 530/230/195
f 530/230/195 607/283/234 606/282/365
f 431/102/296 606/282/365 607/283/234
f 607/283/234 433/133/103 431/102/296
f 607/283/234 530/230/195 532/228/331
f 532/228/331 608/298/366 607/283/234
f 433/133/103 607/283/234 608/298/366
f 608/298/366 435/131/101 433/133/103
f 608/298/366 532/228/331 534/226/191
f 534/226/191 609/297/367 608/298/366
f 435/131/101 608/298/366 609/297/367
f 609/297/367 437/129/299 435/131/101
f 609/297/367 534/226/191 536/224/334
f 536/224/334 610/296/368 609/297/367
f 437/129/299 609/297/367 610/296/368
f 610/296/368 439/127/97 437/129/299
f 610/296/368 536/224/334 538/222/187
f 538/222/187 611/295/369 610/296/368
f 439/127/97 610/296/368 611/295/369
f 611/295/369 441/125/95 439/127/97
f 611/295/369 538/222/187 540/220/185
f 540/220/185 612/294/370 611/295/369
f 441/125/95 611/295/369 612/294/370
f 612/294/370 443/123/301 441/125/95
f 612/294/370 540/220/185 542/218/183
f 542/218/183 613/293/371 612/294/370
f 443/123/301 612/294/370 613/293/371
f 613/293/371 445/121/302 443/123/301
f 613/293/371 542/218/183 544/216/181
f 544/216/181 614/292/372 613/293/371
f 445/121/302 613/293/371 614/292/372
f 614/292/372 447/119/89 445/121/302
f 614/292/372 544/216/181 546/214/340
f 546/214/340 599/291/360 614/292/372
f 447/119/89 614/292/372 599/291/360
f 599/291/360 449/117/304 447/119/89
f 360/303/204 359/112/272 420/111/81
f 420/111/81 615/302/261 360/303/204
f 362/179/146 360/303/204 615/302/261
f 615/302/261 487/176/143 362/179/146
f 616/301/248 423/108/79 422/106/77
f 422/106/77 617/300/247 616/301/248
f 490/175/319 616/301/248 617/300/247
f 617/300/247 491/173/141 490/175/319
f 617/300/247 422/106/77 426/104/293
f 426/104/293 618/299/246 617/300/247
f 491/173/141 617/300/247 618/299/246
f 618/299/246 493/171/139 491/173/141
f 618/299/246 426/104/293 428/41/73
f 428/41/73 619/44/25 618/299/246
f 493/171/139 618/299/246 619/44/25
f 619/44/25 495/46/321 493/171/139
f 619/44/25 428/41/73 430/42/295
f 430/42/295 620/43/373 619/44/25
f 495/46/321 619/44/25 620/43/373
f 620/43/373 497/45/20 495/46/321
f 620/43/373 430/42/295 432/132/297
f 432/132/297 621/313/374 620/43/373
f 497/45/20 620/43/373 621/313/374
f 621/313/374 499/199/166 497/45/20
f 621/313/374 432/132/297 434/130/100
f 434/130/100 622/312/375 621/313/374
f 499/199/166 621/313/374 622/312/375
f 622/312/375 501/197/164 499/199/166
f 622/312/375 434/130/100 436/128/298
f 436/128/298 623/311/376 622/312/375
f 501/197/164 622/312/375 623/311/376
f 623/311/376 503/195/323 501/197/164
f 623/311/376 436/128/298 438/126/96
f 438/126/96 624/310/377 623/311/376
f 503/195/323 623/311/376 624/310/377
f 624/310/377 505/193/160 503/195/323
f 624/310/377 438/126/96 440/124/94
f 440/124/94 625/309/254 624/310/377
f 505/193/160 624/310/377 625/309/254
f 625/309/254 507/191/158 505/193/160
f 625/309/254 440/124/94 442/122/300
f 442/122/300 626/308/378 625/309/254
f 507/191/158 625/309/254 626/308/378
f 626/308/378 509/189/326 507/191/158
f 626/308/378 442/122/300 444/120/90
f 444/120/90 627/307/379 626/308/378
f 509/189/326 626/308/378 627/307/379
f 627/307/379 511/187/154 509/189/326
f 627/307/379 444/120/90 446/118/303
f 446/118/303 628/306/207 627/307/379
f 511/187/154 627/307/379 628/306/207
f 628/306/207 513/185/152 511/187/154
f 628/306/207 446/118/303 448/116/86
f 448/116/86 629/305/380 628/306/207
f 513/185/152 628/306/207 629/305/380
f 629/305/380 515/183/150 513/185/152
f 357/304/270 361/181/148 515/183/150
f 515/183/150 629/305/380 357/304/270
f 358/114/271 357/304/270 629/305/380
f 629/305/380 448/116/86 358/114/271
f 366/318/274 365/63/35 371/62/277
f 371/62/277 630/317/261 366/318/274
f 368/211/276 366/318/274 630/317/261
f 630/317/261 519/208/328 368/211/276
f 631/316/261 374/59/33 373/57/32
f 373/57/32 632/315/260 631/316/261
f 522/207/174 631/316/261 632/315/260
f 632/315/260 523/205/172 522/207/174
f 632/315/260 373/57/32 377/55/30
f 377/55/30 633/314/246 632/315/260
f 523/205/172 632/315/260 633/314/246
f 633/314/246 525/203/170 523/205/172
f 633/314/246 377/55/30 379/47/22
f 379/47/22 634/50/381 633/314/246
f 525/203/170 633/314/246 634/50/381
f 634/50/381 527/52/329 525/203/170
f 634/50/381 379/47/22 381/48/279
f 381/48/279 635/49/373 634/50/381
f 527/52/329 634/50/381 635/49/373
f 635/49/373 529/51/26 527/52/329
f 635/49/373 381/48/279 383/83/54
f 383/83/54 636/328/374 635/49/373
f 529/51/26 635/49/373 636/328/374
f 636/328/374 531/231/330 529/51/26
f 636/328/374 383/83/54 385/81/280
f 385/81/280 637/327/382 636/328/374
f 531/231/330 636/328/374 637/327/382
f 637/327/382 533/229/332 531/231/330
f 637/327/382 385/81/280 387/79/281
f 387/79/281 638/326/383 637/327/382
f 533/229/332 637/327/382 638/326/383
f 638/326/383 535/227/333 533/229/332
f 638/326/383 387/79/281 389/77/48
f 389/77/48 639/325/384 638/326/383
f 535/227/333 638/326/383 639/325/384
f 639/325/384 537/225/335 535/227/333
f 639/325/384 389/77/48 391/75/47
f 391/75/47 640/324/254 639/325/384
f 537/225/335 639/325/384 640/324/254
f 640/324/254 539/223/336 537/225/335
f 640/324/254 391/75/47 393/73/45
f 393/73/45 641/323/385 640/324/254
f 539/223/336 640/324/254 641/323/385
f 641/323/385 541/221/337 539/223/336
f 641/323/385 393/73/45 395/71/43
f 395/71/43 642/322/386 641/323/385
f 541/221/337 641/323/385 642/322/386
f 642/322/386 543/219/338 541/221/337
f 642/322/386 395/71/43 397/69/41
f 397/69/41 643/321/264 642/322/386
f 543/219/338 642/322/386 643/321/264
f 643/321/264 545/217/339 543/219/338
f 643/321/264 397/69/41 399/67/39
f 399/67/39 644/320/380 643/321/264
f 545/217/339 643/321/264 644/320/380
f 644/320/380 547/215/341 545/217/339
f 363/319/270 367/213/275 547/215/341
f 547/215/341 644/320/380 363/319/270
f 364/65/273 363/319/270 644/320/380
f 644/320/380 399/67/39 364/65/273
f 645/329/387 646/330/388 647/331/389
f 647/331/389 648/332/390 645/329/387
f 649/333/391 650/331/392 651/330/393
f 651/330/393 652/334/394 649/333/391
f 653/335/395 649/333/391 652/334/394
f 652/334/394 654/336/396 653/335/395
f 655/337/397 656/329/398 657/332/399
f 657/332/399 658/338/400 655/337/397
f 659/339/401 653/335/395 654/336/396
f 654/336/396 660/340/402 659/339/401
f 661/341/403 655/337/397 658/338/400
f 658/338/400 662/342/404 661/341/403
f 663/343/405 664/344/401 665/345/402
f 665/345/402 666/346/406 663/343/405
f 667/347/407 661/341/403 662/342/404
f 662/342/404 668/348/408 667/347/407
f 669/349/409 663/343/405 666/346/406
f 666/346/406 670/350/410 669/349/409
f 671/351/411 667/347/407 668/348/408
f 668/348/408 672/352/412 671/351/411
f 673/353/413 669/349/409 670/350/410
f 670/350/410 674/354/414 673/353/413
f 675/355/415 671/351/411 672/352/412
f 672/352/412 676/356/416 675/355/415
f 677/357/417 673/353/413 674/354/414
f 674/354/414 678/358/418 677/357/417
f 679/359/419 675/355/415 676/356/416
f 676/356/416 680/360/420 679/359/419
f 681/361/421 677/357/417 678/358/418
f 678/358/418 682/362/422 681/361/421
f 682/362/422 679/359/419 680/360/420
f 680/360/420 681/361/421 682/362/422
f 683/363/423 684/364/424 685/365/424
f 685/365/424 686/366/423 683/363/423
f 687/367/425 685/365/424 684/364/424
f 684/364/424 688/368/426 687/367/425
f 689/369/3 683/363/423 686/366/423
f 686/366/423 690/370/3 689/369/3
f 691/371/10 687/367/425 688/368/426
f 688/368/426 692/372/10 691/371/10
f 693/373/427 689/369/3 690/370/3
f 690/370/3 694/374/427 693/373/427
f 695/375/428 691/371/10 692/372/10
f 692/372/10 696/376/428 695/375/428
f 697/377/429 698/378/427 699/379/427
f 699/379/427 700/380/429 697/377/429
f 701/381/430 695/375/428 696/376/428
f 696/376/428 702/382/430 701/381/430
f 703/383/431 697/377/429 700/380/429
f 700/380/429 704/384/432 703/383/431
f 705/385/433 701/381/430 702/382/430
f 702/382/430 706/386/433 705/385/433
f 707/387/6 703/383/431 704/384/432
f 704/384/432 708/388/6 707/387/6
f 709/389/2 705/385/433 706/386/433
f 706/386/433 710/390/2 709/389/2
f 711/391/434 707/387/6 708/388/6
f 708/388/6 712/392/435 711/391/434
f 713/393/436 709/389/2 710/390/2
f 710/390/2 714/394/436 713/393/436
f 715/395/437 711/391/434 712/392/435
f 712/392/435 716/396/437 715/395/437
f 716/396/437 713/393/436 714/394/436
f 714/394/436 715/395/437 716/396/437
f 717/397/438 718/398/439 719/399/440
f 719/399/440 720/400/441 717/397/438
f 721/401/442 719/399/440 718/398/439
f 718/398/439 722/402/443 721/401/442
f 723/403/444 721/401/442 722/402/443
f 722/402/443 724/404/445 723/403/444
f 725/405/446 726/406/447 727/407/448
f 727/407/448 728/408/449 725/405/446
f 729/409/450 727/407/448 726/406/447
f 726/406/447 730/410/451 729/409/450
f 731/411/452 725/405/446 728/408/449
f 728/408/449 732/412/453 731/411/452
f 733/413/454 729/409/450 730/410/451
f 730/410/451 734/414/455 733/413/454
f 735/415/456 717/397/438 720/400/441
f 720/400/441 736/416/457 735/415/456
f 737/417/458 733/413/454 734/414/455
f 734/414/455 738/418/459 737/417/458
f 739/419/460 735/415/456 736/416/457
f 736/416/457 740/420/461 739/419/460
f 741/421/462 742/422/458 743/423/463
f 743/423/463 744/424/464 741/421/462
f 745/425/465 746/426/466 747/427/461
f 747/427/461 748/428/467 745/425/465
f 749/429/468 741/421/462 744/424/464
f 744/424/464 750/430/469 749/429/468
f 751/431/470 745/425/465 748/428/467
f 748/428/467 752/432/471 751/431/470
f 753/433/472 749/429/468 750/430/469
f 750/430/469 754/434/473 753/433/472
f 755/435/474 751/431/470 752/432/471
f 752/432/471 756/436/475 755/435/474
f 757/437/476 753/433/472 754/434/473
f 754/434/473 758/438/477 757/437/476
f 759/439/478 755/435/474 756/436/475
f 756/436/475 760/440/479 759/439/478
f 761/441/480 757/437/476 758/438/477
f 758/438/477 762/442/481 761/441/480
f 763/443/482 759/439/478 760/440/479
f 760/440/479 764/444/483 763/443/482
f 765/445/484 761/441/480 762/442/481
f 762/442/481 766/446/485 765/445/484
f 767/447/486 763/443/482 764/444/483
f 764/444/483 768/448/487 767/447/486
f 769/449/488 765/445/484 766/446/485
f 766/446/485 770/450/489 769/449/488
f 771/451/490 767/447/486 768/448/487
f 768/448/487 772/452/491 771/451/490
f 773/453/492 769/449/488 770/450/489
f 770/450/489 774/454/493 773/453/492
f 775/455/494 771/451/490 772/452/491
f 772/452/491 776/456/495 775/455/494
f 777/457/496 773/453/492 774/454/493
f 774/454/493 778/458/497 777/457/496
f 779/459/498 775/455/494 776/456/495
f 776/456/495 780/460/499 779/459/498
f 781/461/500 777/457/496 778/458/497
f 778/458/497 782/462/501 781/461/500
f 783/463/502 779/459/498 780/460/499
f 780/460/499 784/464/503 783/463/502
f 732/412/453 781/461/500 782/462/501
f 782/462/501 731/411/452 732/412/453
f 724/404/445 783/463/502 784/464/503
f 784/464/503 723/403/444 724/404/445
f 785/465/504 786/466/505 787/467/506
f 787/467/506 788/468/507 785/465/504
f 789/469/508 787/467/506 786/466/505
f 786/466/505 790/470/509 789/469/508
f 791/471/510 789/469/508 790/470/509
f 790/470/509 792/472/511 791/471/510
f 793/473/512 794/474/513 795/475/514
f 795/475/514 796/476/515 793/473/512
f 797/477/516 795/475/514 794/474/513
f 794/474/513 798/478/517 797/477/516
f 799/479/518 797/477/516 798/478/517
f 798/478/517 800/480/519 799/479/518
f 801/481/520 791/471/510 792/472/511
f 792/472/511 802/482/521 801/481/520
f 803/483/522 799/479/518 800/480/519
f 800/480/519 804/484/523 803/483/522
f 805/485/524 785/465/504 788/468/507
f 788/468/507 806/486/525 805/485/524
f 807/487/526 793/473/512 796/476/515
f 796/476/515 808/488/527 807/487/526
f 809/489/528 801/481/520 802/482/521
f 802/482/521 810/490/529 809/489/528
f 811/491/530 803/483/522 804/484/523
f 804/484/523 812/492/531 811/491/530
f 813/493/532 814/494/524 815/495/525
f 815/495/525 816/496/533 813/493/532
f 817/497/534 818/498/526 819/499/527
f 819/499/527 820/500/535 817/497/534
f 821/501/536 809/489/528 810/490/529
f 810/490/529 822/502/537 821/501/536
f 823/503/538 811/491/530 812/492/531
f 812/492/531 824/504/539 823/503/538
f 825/505/540 813/493/532 816/496/533
f 816/496/533 826/506/541 825/505/540
f 827/507/542 817/497/534 820/500/535
f 820/500/535 828/508/543 827/507/542
f 829/509/544 821/501/536 822/502/537
f 822/502/537 830/510/545 829/509/544
f 831/511/546 823/503/538 824/504/539
f 824/504/539 832/512/547 831/511/546
f 833/513/548 825/505/540 826/506/541
f 826/506/541 834/514/549 833/513/548
f 835/515/550 827/507/542 828/508/543
f 828/508/543 836/516/551 835/515/550
f 837/517/552 829/509/544 830/510/545
f 830/510/545 838/518/553 837/517/552
f 839/519/554 831/511/546 832/512/547
f 832/512/547 840/520/555 839/519/554
f 841/521/556 833/513/548 834/514/549
f 834/514/549 842/522/557 841/521/556
f 843/523/558 835/515/550 836/516/551
f 836/516/551 844/524/559 843/523/558
f 845/525/560 837/517/552 838/518/553
f 838/518/553 846/526/561 845/525/560
f 847/527/562 839/519/554 840/520/555
f 840/520/555 848/528/563 847/527/562
f 849/529/564 841/521/556 842/522/557
f 842/522/557 850/530/565 849/529/564
f 851/531/566 843/523/558 844/524/559
f 844/524/559 852/532/567 851/531/566
f 850/530/565 845/525/560 846/526/561
f 846/526/561 849/529/564 850/530/565
f 852/532/567 847/527/562 848/528/563
f 848/528/563 851/531/566 852/532/567
f 853/533/568 854/534/569 855/535/570
f 855/535/570 856/536/571 853/533/568
f 857/537/572 855/535/570 854/534/569
f 854/534/569 858/538/573 857/537/572
f 859/539/574 857/537/572 858/538/573
f 858/538/573 860/540/575 859/539/574
f 861/541/576 862/542/577 863/543/578
f 863/543/578 864/544/579 861/541/576
f 865/545/580 863/543/578 862/542/577
f 862/542/577 866/546/581 865/545/580
f 867/547/582 865/545/580 866/546/581
f 866/546/581 868/548/583 867/547/582
f 869/549/584 861/541/576 864/544/579
f 864/544/579 870/550/585 869/549/584
f 871/551/586 853/533/568 856/536/571
f 856/536/571 872/552/587 871/551/586
f 873/553/588 869/549/584 870/550/585
f 870/550/585 874/554/589 873/553/588
f 875/555/590 871/551/586 872/552/587
f 872/552/587 876/556/591 875/555/590
f 877/557/592 878/558/588 879/559/589
f 879/559/589 880/560/593 877/557/592
f 881/561/594 882/562/590 883/563/591
f 883/563/591 884/564/595 881/561/594
f 885/565/596 877/557/592 880/560/593
f 880/560/593 886/566/597 885/565/596
f 887/567/598 881/561/594 884/564/595
f 884/564/595 888/568/599 887/567/598
f 889/569/600 885/565/596 886/566/597
f 886/566/597 890/570/601 889/569/600
f 891/571/602 887/567/598 888/568/599
f 888/568/599 892/572/603 891/571/602
f 893/573/604 889/569/600 890/570/601
f 890/570/601 894/574/605 893/573/604
f 895/575/606 891/571/602 892/572/603
f 892/572/603 896/576/607 895/575/606
f 897/577/608 893/573/604 894/574/605
f 894/574/605 898/578/609 897/577/608
f 899/579/610 895/575/606 896/576/607
f 896/576/607 900/580/611 899/579/610
f 901/581/612 897/577/608 898/578/609
f 898/578/609 902/582/613 901/581/612
f 903/583/614 899/579/610 900/580/611
f 900/580/611 904/584/615 903/583/614
f 905/585/616 901/581/612 902/582/613
f 902/582/613 906/586/617 905/585/616
f 907/587/618 903/583/614 904/584/615
f 904/584/615 908/588/619 907/587/618
f 909/589/620 905/585/616 906/586/617
f 906/586/617 910/590/621 909/589/620
f 911/591/622 907/587/618 908/588/619
f 908/588/619 912/592/623 911/591/622
f 913/593/624 909/589/620 910/590/621
f 910/590/621 914/594/625 913/593/624
f 915/595/626 911/591/622 912/592/623
f 912/592/623 916/596/627 915/595/626
f 917/597/628 913/593/624 914/594/625
f 914/594/625 918/598/629 917/597/628
f 919/599/630 915/595/626 916/596/627
f 916/596/627 920/600/631 919/599/630
f 868/548/583 917/597/628 918/598/629
f 918/598/629 867/547/582 868/548/583
f 860/540/575 919/599/630 920/600/631
f 920/600/631 859/539/574 860/540/575
f 921/601/632 684/364/424 683/363/423
f 683/363/423 922/602/423 921/601/632
f 923/603/426 688/368/426 684/364/424
f 684/364/424 921/601/632 923/603/426
f 922/602/423 683/363/423 689/369/3
f 689/369/3 924/604/3 922/602/423
f 925/605/10 692/372/10 688/368/426
f 688/368/426 923/603/426 925/605/10
f 924/604/3 689/369/3 693/373/427
f 693/373/427 926/606/427 924/604/3
f 927/607/428 696/376/428 692/372/10
f 692/372/10 925/605/10 927/607/428
f 928/608/427 698/378/427 697/377/429
f 697/377/429 929/609/429 928/608/427
f 930/610/430 702/382/430 696/376/428
f 696/376/428 927/607/428 930/610/430
f 929/609/429 697/377/429 703/383/431
f 703/383/431 931/611/633 929/609/429
f 932/612/433 706/386/433 702/382/430
f 702/382/430 930/610/430 932/612/433
f 931/611/633 703/383/431 707/387/6
f 707/387/6 933/613/6 931/611/633
f 934/614/2 710/390/2 706/386/433
f 706/386/433 932/612/433 934/614/2
f 933/613/6 707/387/6 711/391/434
f 711/391/434 935/615/434 933/613/6
f 936/616/634 714/394/436 710/390/2
f 710/390/2 934/614/2 936/616/634
f 935/615/434 711/391/434 715/395/437
f 715/395/437 937/617/437 935/615/434
f 937/617/437 715/395/437 714/394/436
f 714/394/436 936/616/634 937/617/437
f 652/334/394 651/330/393 938/618/635
f 938/618/635 939/619/634 652/334/394
f 651/330/393 656/329/398 940/620/636
f 940/620/636 938/618/635 651/330/393
f 654/336/396 652/334/394 939/619/634
f 939/619/634 941/621/2 654/336/396
f 656/329/398 655/337/397 942/622/6
f 942/622/6 940/620/636 656/329/398
f 660/340/402 654/336/396 941/621/2
f 941/621/2 943/623/637 660/340/402
f 655/337/397 661/341/403 944/624/638
f 944/624/638 942/622/6 655/337/397
f 666/346/406 665/345/402 945/625/433
f 945/625/433 946/626/430 666/346/406
f 661/341/403 667/347/407 947/627/429
f 947/627/429 944/624/638 661/341/403
f 670/350/410 666/346/406 946/626/430
f 946/626/430 948/628/639 670/350/410
f 667/347/407 671/351/411 949/629/427
f 949/629/427 947/627/429 667/347/407
f 674/354/414 670/350/410 948/628/639
f 948/628/639 950/630/10 674/354/414
f 671/351/411 675/355/415 951/631/3
f 951/631/3 949/629/427 671/351/411
f 678/358/418 674/354/414 950/630/10
f 950/630/10 952/632/425 678/358/418
f 675/355/415 679/359/419 953/633/423
f 953/633/423 951/631/3 675/355/415
f 682/362/422 678/358/418 952/632/425
f 952/632/425 954/634/424 682/362/422
f 679/359/419 682/362/422 954/634/424
f 954/634/424 953/633/423 679/359/419
f 866/546/581 862/542/577 855/535/570
f 855/535/570 857/537/572 866/546/581
f 856/536/571 855/535/570 862/542/577
f 862/542/577 861/541/576 856/536/571
f 872/552/587 856/536/571 861/541/576
f 861/541/576 869/549/584 872/552/587
f 876/556/591 872/552/587 869/549/584
f 869/549/584 873/553/588 876/556/591
f 884/564/595 883/563/591 878/558/588
f 878/558/588 877/557/592 884/564/595
f 888/568/599 884/564/595 877/557/592
f 877/557/592 885/565/596 888/568/599
f 892/572/603 888/568/599 885/565/596
f 885/565/596 889/569/600 892/572/603
f 896/576/607 892/572/603 889/569/600
f 889/569/600 893/573/604 896/576/607
f 900/580/611 896/576/607 893/573/604
f 893/573/604 897/577/608 900/580/611
f 904/584/615 900/580/611 897/577/608
f 897/577/608 901/581/612 904/584/615
f 908/588/619 904/584/615 901/581/612
f 901/581/612 905/585/616 908/588/619
f 912/592/623 908/588/619 905/585/616
f 905/585/616 909/589/620 912/592/623
f 916/596/627 912/592/623 909/589/620
f 909/589/620 913/593/624 916/596/627
f 920/600/631 916/596/627 913/593/624
f 913/593/624 917/597/628 920/600/631
f 859/539/574 920/600/631 917/597/628
f 917/597/628 868/548/583 859/539/574
f 857/537/572 859/539/574 868/548/583
f 868/548/583 866/546/581 857/537/572
f 797/477/516 790/470/509 786/466/505
f 786/466/505 795/475/514 797/477/516
f 799/479/518 792/472/511 790/470/509
f 790/470/509 797/477/516 799/479/518
f 795/475/514 786/466/505 785/465/504
f 785/465/504 796/476/515 795/475/514
f 803/483/522 802/482/521 792/472/511
f 792/472/511 799/479/518 803/483/522
f 796/476/515 785/465/504 805/485/524
f 805/485/524 808/488/527 796/476/515
f 811/491/530 810/490/529 802/482/521
f 802/482/521 803/483/522 811/491/530
f 819/499/527 814/494/524 813/493/532
f 813/493/532 820/500/535 819/499/527
f 823/503/538 822/502/537 810/490/529
f 810/490/529 811/491/530 823/503/538
f 820/500/535 813/493/532 825/505/540
f 825/505/540 828/508/543 820/500/535
f 831/511/546 830/510/545 822/502/537
f 822/502/537 823/503/538 831/511/546
f 828/508/543 825/505/540 833/513/548
f 833/513/548 836/516/551 828/508/543
f 839/519/554 838/518/553 830/510/545
f 830/510/545 831/511/546 839/519/554
f 836/516/551 833/513/548 841/521/556
f 841/521/556 844/524/559 836/516/551
f 847/527/562 846/526/561 838/518/553
f 838/518/553 839/519/554 847/527/562
f 844/524/559 841/521/556 849/529/564
f 849/529/564 852/532/567 844/524/559
f 852/532/567 849/529/564 846/526/561
f 846/526/561 847/527/562 852/532/567
f 726/406/447 650/331/392 649/333/391
f 649/333/391 730/410/451 726/406/447
f 730/410/451 649/333/391 653/335/395
f 653/335/395 734/414/455 730/410/451
f 734/414/455 653/335/395 659/339/401
f 659/339/401 738/418/459 734/414/455
f 743/423/463 664/344/401 663/343/405
f 663/343/405 744/424/464 743/423/463
f 744/424/464 663/343/405 669/349/409
f 669/349/409 750/430/469 744/424/464
f 750/430/469 669/349/409 673/353/413
f 673/353/413 754/434/473 750/430/469
f 754/434/473 673/353/413 677/357/417
f 677/357/417 758/438/477 754/434/473
f 758/438/477 677/357/417 681/361/421
f 681/361/421 762/442/481 758/438/477
f 762/442/481 681/361/421 680/360/420
f 680/360/420 766/446/485 762/442/481
f 766/446/485 680/360/420 676/356/416
f 676/356/416 770/450/489 766/446/485
f 770/450/489 676/356/416 672/352/412
f 672/352/412 774/454/493 770/450/489
f 774/454/493 672/352/412 668/348/408
f 668/348/408 778/458/497 774/454/493
f 778/458/497 668/348/408 662/342/404
f 662/342/404 782/462/501 778/458/497
f 782/462/501 662/342/404 658/338/400
f 658/338/400 731/411/452 782/462/501
f 731/411/452 658/338/400 657/332/399
f 657/332/399 725/405/446 731/411/452
f 725/405/446 657/332/399 650/331/392
f 650/331/392 726/406/447 725/405/446
f 789/469/508 718/398/439 717/397/438
f 717/397/438 787/467/506 789/469/508
f 794/474/513 686/366/423 685/365/424
f 685/365/424 798/478/517 794/474/513
f 791/471/510 722/402/443 718/398/439
f 718/398/439 789/469/508 791/471/510
f 798/478/517 685/365/424 687/367/425
f 687/367/425 800/480/519 798/478/517
f 787/467/506 717/397/438 735/415/456
f 735/415/456 788/468/507 787/467/506
f 793/473/512 690/370/3 686/366/423
f 686/366/423 794/474/513 793/473/512
f 801/481/520 724/404/445 722/402/443
f 722/402/443 791/471/510 801/481/520
f 800/480/519 687/367/425 691/371/10
f 691/371/10 804/484/523 800/480/519
f 788/468/507 735/415/456 739/419/460
f 739/419/460 806/486/525 788/468/507
f 807/487/526 694/374/427 690/370/3
f 690/370/3 793/473/512 807/487/526
f 809/489/528 783/463/502 724/404/445
f 724/404/445 801/481/520 809/489/528
f 804/484/523 691/371/10 695/375/428
f 695/375/428 812/492/531 804/484/523
f 815/495/525 746/426/466 745/425/465
f 745/425/465 816/496/533 815/495/525
f 817/497/534 700/380/429 699/379/427
f 699/379/427 818/498/526 817/497/534
f 821/501/536 779/459/498 783/463/502
f 783/463/502 809/489/528 821/501/536
f 812/492/531 695/375/428 701/381/430
f 701/381/430 824/504/539 812/492/531
f 816/496/533 745/425/465 751/431/470
f 751/431/470 826/506/541 816/496/533
f 827/507/542 704/384/432 700/380/429
f 700/380/429 817/497/534 827/507/542
f 829/509/544 775/455/494 779/459/498
f 779/459/498 821/501/536 829/509/544
f 824/504/539 701/381/430 705/385/433
f 705/385/433 832/512/547 824/504/539
f 826/506/541 751/431/470 755/435/474
f 755/435/474 834/514/549 826/506/541
f 835/515/550 708/388/6 704/384/432
f 704/384/432 827/507/542 835/515/550
f 837/517/552 771/451/490 775/455/494
f 775/455/494 829/509/544 837/517/552
f 832/512/547 705/385/433 709/389/2
f 709/389/2 840/520/555 832/512/547
f 834/514/549 755/435/474 759/439/478
f 759/439/478 842/522/557 834/514/549
f 843/523/558 712/392/435 708/388/6
f 708/388/6 835/515/550 843/523/558
f 845/525/560 767/447/486 771/451/490
f 771/451/490 837/517/552 845/525/560
f 840/520/555 709/389/2 713/393/436
f 713/393/436 848/528/563 840/520/555
f 842/522/557 759/439/478 763/443/482
f 763/443/482 850/530/565 842/522/557
f 851/531/566 716/396/437 712/392/435
f 712/392/435 843/523/558 851/531/566
f 850/530/565 763/443/482 767/447/486
f 767/447/486 845/525/560 850/530/565
f 848/528/563 713/393/436 716/396/437
f 716/396/437 851/531/566 848/528/563
f 854/534/569 719/399/440 721/401/442
f 721/401/442 858/538/573 854/534/569
f 865/545/580 728/408/449 727/407/448
f 727/407/448 863/543/578 865/545/580
f 863/543/578 727/407/448 729/409/450
f 729/409/450 864/544/579 863/543/578
f 853/533/568 720/400/441 719/399/440
f 719/399/440 854/534/569 853/533/568
f 864/544/579 729/409/450 733/413/454
f 733/413/454 870/550/585 864/544/579
f 871/551/586 736/416/457 720/400/441
f 720/400/441 853/533/568 871/551/586
f 870/550/585 733/413/454 737/417/458
f 737/417/458 874/554/589 870/550/585
f 875/555/590 740/420/461 736/416/457
f 736/416/457 871/551/586 875/555/590
f 879/559/589 742/422/458 741/421/462
f 741/421/462 880/560/593 879/559/589
f 881/561/594 748/428/467 747/427/461
f 747/427/461 882/562/590 881/561/594
f 880/560/593 741/421/462 749/429/468
f 749/429/468 886/566/597 880/560/593
f 887/567/598 752/432/471 748/428/467
f 748/428/467 881/561/594 887/567/598
f 886/566/597 749/429/468 753/433/472
f 753/433/472 890/570/601 886/566/597
f 891/571/602 756/436/475 752/432/471
f 752/432/471 887/567/598 891/571/602
f 890/570/601 753/433/472 757/437/476
f 757/437/476 894/574/605 890/570/601
f 895/575/606 760/440/479 756/436/475
f 756/436/475 891/571/602 895/575/606
f 894/574/605 757/437/476 761/441/480
f 761/441/480 898/578/609 894/574/605
f 899/579/610 764/444/483 760/440/479
f 760/440/479 895/575/606 899/579/610
f 898/578/609 761/441/480 765/445/484
f 765/445/484 902/582/613 898/578/609
f 903/583/614 768/448/487 764/444/483
f 764/444/483 899/579/610 903/583/614
f 902/582/613 765/445/484 769/449/488
f 769/449/488 906/586/617 902/582/613
f 907/587/618 772/452/491 768/448/487
f 768/448/487 903/583/614 907/587/618
f 906/586/617 769/449/488 773/453/492
f 773/453/492 910/590/621 906/586/617
f 911/591/622 776/456/495 772/452/491
f 772/452/491 907/587/618 911/591/622
f 910/590/621 773/453/492 777/457/496
f 777/457/496 914/594/625 910/590/621
f 915/595/626 780/460/499 776/456/495
f 776/456/495 911/591/622 915/595/626
f 914/594/625 777/457/496 781/461/500
f 781/461/500 918/598/629 914/594/625
f 919/599/630 784/464/503 780/460/499
f 780/460/499 915/595/626 919/599/630
f 918/598/629 781/461/500 732/412/453
f 732/412/453 867/547/582 918/598/629
f 860/540/575 723/403/444 784/464/503
f 784/464/503 919/599/630 860/540/575
f 867/547/582 732/412/453 728/408/449
f 728/408/449 865/545/580 867/547/582
f 858/538/573 721/401/442 723/403/444
f 723/403/444 860/540/575 858/538/573
f 955/635/640 956/636/641 957/637/641
f 957/637/641 958/638/640 955/635/640
f 959/639/642 960/637/392 961/636/393
f 961/636/393 962/640/643 959/639/642
f 963/641/395 959/639/642 962/640/643
f 962/640/643 964/642/644 963/641/395
f 965/643/397 966/635/398 967/638/399
f 967/638/399 968/644/645 965/643/397
f 969/645/401 963/641/395 964/642/644
f 964/642/644 970/646/402 969/645/401
f 971/647/646 965/643/397 968/644/645
f 968/644/645 972/648/647 971/647/646
f 973/649/648 974/650/649 975/651/402
f 975/651/402 976/652/650 973/649/648
f 977/653/407 971/647/646 972/648/647
f 972/648/647 978/654/651 977/653/407
f 979/655/652 973/649/648 976/652/650
f 976/652/650 980/656/653 979/655/652
f 981/657/654 977/653/407 978/654/651
f 978/654/651 982/658/412 981/657/654
f 983/659/413 979/655/652 980/656/653
f 980/656/653 984/660/414 983/659/413
f 985/661/415 981/657/654 982/658/412
f 982/658/412 986/662/655 985/661/415
f 987/663/417 983/659/413 984/660/414
f 984/660/414 988/664/656 987/663/417
f 989/665/657 985/661/415 986/662/655
f 986/662/655 990/666/420 989/665/657
f 991/667/658 987/663/417 988/664/656
f 988/664/656 992/668/422 991/667/658
f 992/668/422 989/665/657 990/666/420
f 990/666/420 991/667/658 992/668/422
f 993/669/423 994/670/632 995/671/632
f 995/671/632 996/672/423 993/669/423
f 997/673/659 995/671/632 994/670/632
f 994/670/632 998/674/425 997/673/659
f 999/675/3 993/669/423 996/672/423
f 996/672/423 1000/676/3 999/675/3
f 1001/677/10 997/673/659 998/674/425
f 998/674/425 1002/678/10 1001/677/10
f 1003/679/427 999/675/3 1000/676/3
f 1000/676/3 1004/680/427 1003/679/427
f 1005/681/639 1001/677/10 1002/678/10
f 1002/678/10 1006/682/639 1005/681/639
f 1007/683/660 1008/684/427 1009/685/427
f 1009/685/427 1010/686/661 1007/683/660
f 1011/687/430 1005/681/639 1006/682/639
f 1006/682/639 1012/688/430 1011/687/430
f 1013/689/431 1007/683/660 1010/686/661
f 1010/686/661 1014/690/431 1013/689/431
f 1015/691/662 1011/687/430 1012/688/430
f 1012/688/430 1016/692/662 1015/691/662
f 1017/693/6 1013/689/431 1014/690/431
f 1014/690/431 1018/694/6 1017/693/6
f 1019/695/2 1015/691/662 1016/692/662
f 1016/692/662 1020/696/2 1019/695/2
f 1021/697/663 1017/693/6 1018/694/6
f 1018/694/6 1022/698/663 1021/697/663
f 1023/699/634 1019/695/2 1020/696/2
f 1020/696/2 1024/700/634 1023/699/634
f 1025/701/635 1021/697/663 1022/698/663
f 1022/698/663 1026/702/664 1025/701/635
f 1026/702/664 1023/699/634 1024/700/634
f 1024/700/634 1025/701/635 1026/702/664
f 1027/703/438 1028/704/439 1029/705/665
f 1029/705/665 1030/706/666 1027/703/438
f 1031/707/442 1029/705/665 1028/704/439
f 1028/704/439 1032/708/443 1031/707/442
f 1033/709/667 1031/707/442 1032/708/443
f 1032/708/443 1034/710/445 1033/709/667
f 1035/711/446 1036/712/668 1037/713/669
f 1037/713/669 1038/714/670 1035/711/446
f 1039/715/450 1037/713/669 1036/712/668
f 1036/712/668 1040/716/671 1039/715/450
f 1041/717/452 1035/711/446 1038/714/670
f 1038/714/670 1042/718/453 1041/717/452
f 1043/719/454 1039/715/450 1040/716/671
f 1040/716/671 1044/720/455 1043/719/454
f 1045/721/672 1027/703/438 1030/706/666
f 1030/706/666 1046/722/673 1045/721/672
f 1047/723/674 1043/719/454 1044/720/455
f 1044/720/455 1048/724/463 1047/723/674
f 1049/725/466 1045/721/672 1046/722/673
f 1046/722/673 1050/726/461 1049/725/466
f 1051/727/462 1052/728/674 1053/729/459
f 1053/729/459 1054/730/675 1051/727/462
f 1055/731/465 1056/732/466 1057/733/461
f 1057/733/461 1058/734/676 1055/731/465
f 1059/735/677 1051/727/462 1054/730/675
f 1054/730/675 1060/736/678 1059/735/677
f 1061/737/470 1055/731/465 1058/734/676
f 1058/734/676 1062/738/679 1061/737/470
f 1063/739/472 1059/735/677 1060/736/678
f 1060/736/678 1064/740/680 1063/739/472
f 1065/741/474 1061/737/470 1062/738/679
f 1062/738/679 1066/742/475 1065/741/474
f 1067/743/476 1063/739/472 1064/740/680
f 1064/740/680 1068/744/681 1067/743/476
f 1069/745/478 1065/741/474 1066/742/475
f 1066/742/475 1070/746/479 1069/745/478
f 1071/747/480 1067/743/476 1068/744/681
f 1068/744/681 1072/748/481 1071/747/480
f 1073/749/482 1069/745/478 1070/746/479
f 1070/746/479 1074/750/682 1073/749/482
f 1075/751/484 1071/747/480 1072/748/481
f 1072/748/481 1076/752/485 1075/751/484
f 1077/753/486 1073/749/482 1074/750/682
f 1074/750/682 1078/754/683 1077/753/486
f 1079/755/488 1075/751/484 1076/752/485
f 1076/752/485 1080/756/684 1079/755/488
f 1081/757/490 1077/753/486 1078/754/683
f 1078/754/683 1082/758/685 1081/757/490
f 1083/759/492 1079/755/488 1080/756/684
f 1080/756/684 1084/760/686 1083/759/492
f 1085/761/494 1081/757/490 1082/758/685
f 1082/758/685 1086/762/687 1085/761/494
f 1087/763/496 1083/759/492 1084/760/686
f 1084/760/686 1088/764/688 1087/763/496
f 1089/765/498 1085/761/494 1086/762/687
f 1086/762/687 1090/766/689 1089/765/498
f 1091/767/500 1087/763/496 1088/764/688
f 1088/764/688 1092/768/690 1091/767/500
f 1093/769/502 1089/765/498 1090/766/689
f 1090/766/689 1094/770/691 1093/769/502
f 1042/718/453 1091/767/500 1092/768/690
f 1092/768/690 1041/717/452 1042/718/453
f 1034/710/445 1093/769/502 1094/770/691
f 1094/770/691 1033/709/667 1034/710/445
f 1095/771/504 1096/772/505 1097/773/692
f 1097/773/692 1098/774/693 1095/771/504
f 1099/775/694 1097/773/692 1096/772/505
f 1096/772/505 1100/776/509 1099/775/694
f 1101/777/510 1099/775/694 1100/776/509
f 1100/776/509 1102/778/695 1101/777/510
f 1103/779/512 1104/780/513 1105/781/514
f 1105/781/514 1106/782/696 1103/779/512
f 1107/783/516 1105/781/514 1104/780/513
f 1104/780/513 1108/784/517 1107/783/516
f 1109/785/697 1107/783/516 1108/784/517
f 1108/784/517 1110/786/519 1109/785/697
f 1111/787/520 1101/777/510 1102/778/695
f 1102/778/695 1112/788/521 1111/787/520
f 1113/789/522 1109/785/697 1110/786/519
f 1110/786/519 1114/790/523 1113/789/522
f 1115/791/524 1095/771/504 1098/774/693
f 1098/774/693 1116/792/525 1115/791/524
f 1117/793/526 1103/779/512 1106/782/696
f 1106/782/696 1118/794/698 1117/793/526
f 1119/795/699 1111/787/520 1112/788/521
f 1112/788/521 1120/796/700 1119/795/699
f 1121/797/701 1113/789/522 1114/790/523
f 1114/790/523 1122/798/531 1121/797/701
f 1123/799/532 1124/800/524 1125/801/525
f 1125/801/525 1126/802/702 1123/799/532
f 1127/803/534 1128/804/526 1129/805/703
f 1129/805/703 1130/806/704 1127/803/534
f 1131/807/536 1119/795/699 1120/796/700
f 1120/796/700 1132/808/537 1131/807/536
f 1133/809/705 1121/797/701 1122/798/531
f 1122/798/531 1134/810/539 1133/809/705
f 1135/811/540 1123/799/532 1126/802/702
f 1126/802/702 1136/812/706 1135/811/540
f 1137/813/542 1127/803/534 1130/806/704
f 1130/806/704 1138/814/543 1137/813/542
f 1139/815/707 1131/807/536 1132/808/537
f 1132/808/537 1140/816/545 1139/815/707
f 1141/817/546 1133/809/705 1134/810/539
f 1134/810/539 1142/818/547 1141/817/546
f 1143/819/548 1135/811/540 1136/812/706
f 1136/812/706 1144/820/549 1143/819/548
f 1145/821/550 1137/813/542 1138/814/543
f 1138/814/543 1146/822/708 1145/821/550
f 1147/823/709 1139/815/707 1140/816/545
f 1140/816/545 1148/824/710 1147/823/709
f 1149/825/554 1141/817/546 1142/818/547
f 1142/818/547 1150/826/555 1149/825/554
f 1151/827/556 1143/819/548 1144/820/549
f 1144/820/549 1152/828/711 1151/827/556
f 1153/829/558 1145/821/550 1146/822/708
f 1146/822/708 1154/830/712 1153/829/558
f 1155/831/713 1147/823/709 1148/824/710
f 1148/824/710 1156/832/714 1155/831/713
f 1157/833/715 1149/825/554 1150/826/555
f 1150/826/555 1158/834/716 1157/833/715
f 1159/835/564 1151/827/556 1152/828/711
f 1152/828/711 1160/836/717 1159/835/564
f 1161/837/566 1153/829/558 1154/830/712
f 1154/830/712 1162/838/718 1161/837/566
f 1160/836/717 1155/831/713 1156/832/714
f 1156/832/714 1159/835/564 1160/836/717
f 1162/838/718 1157/833/715 1158/834/716
f 1158/834/716 1161/837/566 1162/838/718
f 1163/839/568 1164/840/569 1165/841/570
f 1165/841/570 1166/842/571 1163/839/568
f 1167/843/572 1165/841/570 1164/840/569
f 1164/840/569 1168/844/573 1167/843/572
f 1169/845/574 1167/843/572 1168/844/573
f 1168/844/573 1170/846/575 1169/845/574
f 1171/847/719 1172/848/720 1173/849/578
f 1173/849/578 1174/850/579 1171/847/719
f 1175/851/721 1173/849/578 1172/848/720
f 1172/848/720 1176/852/722 1175/851/721
f 1177/853/582 1175/851/721 1176/852/722
f 1176/852/722 1178/854/583 1177/853/582
f 1179/855/584 1171/847/719 1174/850/579
f 1174/850/579 1180/856/723 1179/855/584
f 1181/857/586 1163/839/568 1166/842/571
f 1166/842/571 1182/858/724 1181/857/586
f 1183/859/588 1179/855/584 1180/856/723
f 1180/856/723 1184/860/589 1183/859/588
f 1185/861/590 1181/857/586 1182/858/724
f 1182/858/724 1186/862/591 1185/861/590
f 1187/863/592 1188/864/725 1189/865/589
f 1189/865/589 1190/866/593 1187/863/592
f 1191/867/594 1192/868/590 1193/869/591
f 1193/869/591 1194/870/595 1191/867/594
f 1195/871/596 1187/863/592 1190/866/593
f 1190/866/593 1196/872/726 1195/871/596
f 1197/873/598 1191/867/594 1194/870/595
f 1194/870/595 1198/874/599 1197/873/598
f 1199/875/727 1195/871/596 1196/872/726
f 1196/872/726 1200/876/601 1199/875/727
f 1201/877/602 1197/873/598 1198/874/599
f 1198/874/599 1202/878/603 1201/877/602
f 1203/879/604 1199/875/727 1200/876/601
f 1200/876/601 1204/880/728 1203/879/604
f 1205/881/729 1201/877/602 1202/878/603
f 1202/878/603 1206/882/730 1205/881/729
f 1207/883/608 1203/879/604 1204/880/728
f 1204/880/728 1208/884/609 1207/883/608
f 1209/885/610 1205/881/729 1206/882/730
f 1206/882/730 1210/886/611 1209/885/610
f 1211/887/612 1207/883/608 1208/884/609
f 1208/884/609 1212/888/731 1211/887/612
f 1213/889/614 1209/885/610 1210/886/611
f 1210/886/611 1214/890/732 1213/889/614
f 1215/891/616 1211/887/612 1212/888/731
f 1212/888/731 1216/892/617 1215/891/616
f 1217/893/618 1213/889/614 1214/890/732
f 1214/890/732 1218/894/619 1217/893/618
f 1219/895/620 1215/891/616 1216/892/617
f 1216/892/617 1220/896/621 1219/895/620
f 1221/897/733 1217/893/618 1218/894/619
f 1218/894/619 1222/898/623 1221/897/733
f 1223/899/624 1219/895/620 1220/896/621
f 1220/896/621 1224/900/625 1223/899/624
f 1225/901/626 1221/897/733 1222/898/623
f 1222/898/623 1226/902/627 1225/901/626
f 1227/903/734 1223/899/624 1224/900/625
f 1224/900/625 1228/904/629 1227/903/734
f 1229/905/735 1225/901/626 1226/902/627
f 1226/902/627 1230/906/736 1229/905/735
f 1178/854/583 1227/903/734 1228/904/629
f 1228/904/629 1177/853/582 1178/854/583
f 1170/846/575 1229/905/735 1230/906/736
f 1230/906/736 1169/845/574 1170/846/575
f 1231/907/632 994/670/632 993/669/423
f 993/669/423 1232/908/737 1231/907/632
f 1233/909/425 998/674/425 994/670/632
f 994/670/632 1231/907/632 1233/909/425
f 1232/908/737 993/669/423 999/675/3
f 999/675/3 1234/910/3 1232/908/737
f 1235/911/10 1002/678/10 998/674/425
f 998/674/425 1233/909/425 1235/911/10
f 1234/910/3 999/675/3 1003/679/427
f 1003/679/427 1236/912/427 1234/910/3
f 1237/913/639 1006/682/639 1002/678/10
f 1002/678/10 1235/911/10 1237/913/639
f 1238/914/427 1008/684/427 1007/683/660
f 1007/683/660 1239/915/661 1238/914/427
f 1240/916/430 1012/688/430 1006/682/639
f 1006/682/639 1237/913/639 1240/916/430
f 1239/915/661 1007/683/660 1013/689/431
f 1013/689/431 1241/917/431 1239/915/661
f 1242/918/662 1016/692/662 1012/688/430
f 1012/688/430 1240/916/430 1242/918/662
f 1241/917/431 1013/689/431 1017/693/6
f 1017/693/6 1243/919/6 1241/917/431
f 1244/920/2 1020/696/2 1016/692/662
f 1016/692/662 1242/918/662 1244/920/2
f 1243/919/6 1017/693/6 1021/697/663
f 1021/697/663 1245/921/663 1243/919/6
f 1246/922/634 1024/700/634 1020/696/2
f 1020/696/2 1244/920/2 1246/922/634
f 1245/921/663 1021/697/663 1025/701/635
f 1025/701/635 1247/923/635 1245/921/663
f 1247/923/635 1025/701/635 1024/700/634
f 1024/700/634 1246/922/634 1247/923/635
f 962/640/643 961/636/393 1248/924/635
f 1248/924/635 1249/925/634 962/640/643
f 961/636/393 966/635/398 1250/926/738
f 1250/926/738 1248/924/635 961/636/393
f 964/642/644 962/640/643 1249/925/634
f 1249/925/634 1251/927/2 964/642/644
f 966/635/398 965/643/397 1252/928/6
f 1252/928/6 1250/926/738 966/635/398
f 970/646/402 964/642/644 1251/927/2
f 1251/927/2 1253/929/433 970/646/402
f 965/643/397 971/647/646 1254/930/432
f 1254/930/432 1252/928/6 965/643/397
f 976/652/650 975/651/402 1255/931/433
f 1255/931/433 1256/932/739 976/652/650
f 971/647/646 977/653/407 1257/933/429
f 1257/933/429 1254/930/432 971/647/646
f 980/656/653 976/652/650 1256/932/739
f 1256/932/739 1258/934/740 980/656/653
f 977/653/407 981/657/654 1259/935/427
f 1259/935/427 1257/933/429 977/653/407
f 984/660/414 980/656/653 1258/934/740
f 1258/934/740 1260/936/10 984/660/414
f 981/657/654 985/661/415 1261/937/3
f 1261/937/3 1259/935/427 981/657/654
f 988/664/656 984/660/414 1260/936/10
f 1260/936/10 1262/938/659 988/664/656
f 985/661/415 989/665/657 1263/939/423
f 1263/939/423 1261/937/3 985/661/415
f 992/668/422 988/664/656 1262/938/659
f 1262/938/659 1264/940/632 992/668/422
f 989/665/657 992/668/422 1264/940/632
f 1264/940/632 1263/939/423 989/665/657
f 1176/852/722 1172/848/720 1165/841/570
f 1165/841/570 1167/843/572 1176/852/722
f 1166/842/571 1165/841/570 1172/848/720
f 1172/848/720 1171/847/719 1166/842/571
f 1182/858/724 1166/842/571 1171/847/719
f 1171/847/719 1179/855/584 1182/858/724
f 1186/862/591 1182/858/724 1179/855/584
f 1179/855/584 1183/859/588 1186/862/591
f 1194/870/595 1193/869/591 1188/864/725
f 1188/864/725 1187/863/592 1194/870/595
f 1198/874/599 1194/870/595 1187/863/592
f 1187/863/592 1195/871/596 1198/874/599
f 1202/878/603 1198/874/599 1195/871/596
f 1195/871/596 1199/875/727 1202/878/603
f 1206/882/730 1202/878/603 1199/875/727
f 1199/875/727 1203/879/604 1206/882/730
f 1210/886/611 1206/882/730 1203/879/604
f 1203/879/604 1207/883/608 1210/886/611
f 1214/890/732 1210/886/611 1207/883/608
f 1207/883/608 1211/887/612 1214/890/732
f 1218/894/619 1214/890/732 1211/887/612
f 1211/887/612 1215/891/616 1218/894/619
f 1222/898/623 1218/894/619 1215/891/616
f 1215/891/616 1219/895/620 1222/898/623
f 1226/902/627 1222/898/623 1219/895/620
f 1219/895/620 1223/899/624 1226/902/627
f 1230/906/736 1226/902/627 1223/899/624
f 1223/899/624 1227/903/734 1230/906/736
f 1169/845/574 1230/906/736 1227/903/734
f 1227/903/734 1178/854/583 1169/845/574
f 1167/843/572 1169/845/574 1178/854/583
f 1178/854/583 1176/852/722 1167/843/572
f 1107/783/516 1100/776/509 1096/772/505
f 1096/772/505 1105/781/514 1107/783/516
f 1109/785/697 1102/778/695 1100/776/509
f 1100/776/509 1107/783/516 1109/785/697
f 1105/781/514 1096/772/505 1095/771/504
f 1095/771/504 1106/782/696 1105/781/514
f 1113/789/522 1112/788/521 1102/778/695
f 1102/778/695 1109/785/697 1113/789/522
f 1106/782/696 1095/771/504 1115/791/524
f 1115/791/524 1118/794/698 1106/782/696
f 1121/797/701 1120/796/700 1112/788/521
f 1112/788/521 1113/789/522 1121/797/701
f 1129/805/703 1124/800/524 1123/799/532
f 1123/799/532 1130/806/704 1129/805/703
f 1133/809/705 1132/808/537 1120/796/700
f 1120/796/700 1121/797/701 1133/809/705
f 1130/806/704 1123/799/532 1135/811/540
f 1135/811/540 1138/814/543 1130/806/704
f 1141/817/546 1140/816/545 1132/808/537
f 1132/808/537 1133/809/705 1141/817/546
f 1138/814/543 1135/811/540 1143/819/548
f 1143/819/548 1146/822/708 1138/814/543
f 1149/825/554 1148/824/710 1140/816/545
f 1140/816/545 1141/817/546 1149/825/554
f 1146/822/708 1143/819/548 1151/827/556
f 1151/827/556 1154/830/712 1146/822/708
f 1157/833/715 1156/832/714 1148/824/710
f 1148/824/710 1149/825/554 1157/833/715
f 1154/830/712 1151/827/556 1159/835/564
f 1159/835/564 1162/838/718 1154/830/712
f 1162/838/718 1159/835/564 1156/832/714
f 1156/832/714 1157/833/715 1162/838/718
f 1036/712/668 960/637/392 959/639/642
f 959/639/642 1040/716/671 1036/712/668
f 1040/716/671 959/639/642 963/641/395
f 963/641/395 1044/720/455 1040/716/671
f 1044/720/455 963/641/395 969/645/401
f 969/645/401 1048/724/463 1044/720/455
f 1053/729/459 974/650/649 973/649/648
f 973/649/648 1054/730/675 1053/729/459
f 1054/730/675 973/649/648 979/655/652
f 979/655/652 1060/736/678 1054/730/675
f 1060/736/678 979/655/652 983/659/413
f 983/659/413 1064/740/680 1060/736/678
f 1064/740/680 983/659/413 987/663/417
f 987/663/417 1068/744/681 1064/740/680
f 1068/744/681 987/663/417 991/667/658
f 991/667/658 1072/748/481 1068/744/681
f 1072/748/481 991/667/658 990/666/420
f 990/666/420 1076/752/485 1072/748/481
f 1076/752/485 990/666/420 986/662/655
f 986/662/655 1080/756/684 1076/752/485
f 1080/756/684 986/662/655 982/658/412
f 982/658/412 1084/760/686 1080/756/684
f 1084/760/686 982/658/412 978/654/651
f 978/654/651 1088/764/688 1084/760/686
f 1088/764/688 978/654/651 972/648/647
f 972/648/647 1092/768/690 1088/764/688
f 1092/768/690 972/648/647 968/644/645
f 968/644/645 1041/717/452 1092/768/690
f 1041/717/452 968/644/645 967/638/399
f 967/638/399 1035/711/446 1041/717/452
f 1035/711/446 967/638/399 960/637/392
f 960/637/392 1036/712/668 1035/711/446
f 1099/775/694 1028/704/439 1027/703/438
f 1027/703/438 1097/773/692 1099/775/694
f 1104/780/513 996/672/423 995/671/632
f 995/671/632 1108/784/517 1104/780/513
f 1101/777/510 1032/708/443 1028/704/439
f 1028/704/439 1099/775/694 1101/777/510
f 1108/784/517 995/671/632 997/673/659
f 997/673/659 1110/786/519 1108/784/517
f 1097/773/692 1027/703/438 1045/721/672
f 1045/721/672 1098/774/693 1097/773/692
f 1103/779/512 1000/676/3 996/672/423
f 996/672/423 1104/780/513 1103/779/512
f 1111/787/520 1034/710/445 1032/708/443
f 1032/708/443 1101/777/510 1111/787/520
f 1110/786/519 997/673/659 1001/677/10
f 1001/677/10 1114/790/523 1110/786/519
f 1098/774/693 1045/721/672 1049/725/466
f 1049/725/466 1116/792/525 1098/774/693
f 1117/793/526 1004/680/427 1000/676/3
f 1000/676/3 1103/779/512 1117/793/526
f 1119/795/699 1093/769/502 1034/710/445
f 1034/710/445 1111/787/520 1119/795/699
f 1114/790/523 1001/677/10 1005/681/639
f 1005/681/639 1122/798/531 1114/790/523
f 1125/801/525 1056/732/466 1055/731/465
f 1055/731/465 1126/802/702 1125/801/525
f 1127/803/534 1010/686/661 1009/685/427
f 1009/685/427 1128/804/526 1127/803/534
f 1131/807/536 1089/765/498 1093/769/502
f 1093/769/502 1119/795/699 1131/807/536
f 1122/798/531 1005/681/639 1011/687/430
f 1011/687/430 1134/810/539 1122/798/531
f 1126/802/702 1055/731/465 1061/737/470
f 1061/737/470 1136/812/706 1126/802/702
f 1137/813/542 1014/690/431 1010/686/661
f 1010/686/661 1127/803/534 1137/813/542
f 1139/815/707 1085/761/494 1089/765/498
f 1089/765/498 1131/807/536 1139/815/707
f 1134/810/539 1011/687/430 1015/691/662
f 1015/691/662 1142/818/547 1134/810/539
f 1136/812/706 1061/737/470 1065/741/474
f 1065/741/474 1144/820/549 1136/812/706
f 1145/821/550 1018/694/6 1014/690/431
f 1014/690/431 1137/813/542 1145/821/550
f 1147/823/709 1081/757/490 1085/761/494
f 1085/761/494 1139/815/707 1147/823/709
f 1142/818/547 1015/691/662 1019/695/2
f 1019/695/2 1150/826/555 1142/818/547
f 1144/820/549 1065/741/474 1069/745/478
f 1069/745/478 1152/828/711 1144/820/549
f 1153/829/558 1022/698/663 1018/694/6
f 1018/694/6 1145/821/550 1153/829/558
f 1155/831/713 1077/753/486 1081/757/490
f 1081/757/490 1147/823/709 1155/831/713
f 1150/826/555 1019/695/2 1023/699/634
f 1023/699/634 1158/834/716 1150/826/555
f 1152/828/711 1069/745/478 1073/749/482
f 1073/749/482 1160/836/717 1152/828/711
f 1161/837/566 1026/702/664 1022/698/663
f 1022/698/663 1153/829/558 1161/837/566
f 1160/836/717 1073/749/482 1077/753/486
f 1077/753/486 1155/831/713 1160/836/717
f 1158/834/716 1023/699/634 1026/702/664
f 1026/702/664 1161/837/566 1158/834/716
f 1164/840/569 1029/705/665 1031/707/442
f 1031/707/442 1168/844/573 1164/840/569
f 1175/851/721 1038/714/670 1037/713/669
f 1037/713/669 1173/849/578 1175/851/721
f 1173/849/578 1037/713/669 1039/715/450
f 1039/715/450 1174/850/579 1173/849/578
f 1163/839/568 1030/706/666 1029/705/665
f 1029/705/665 1164/840/569 1163/839/568
f 1174/850/579 1039/715/450 1043/719/454
f 1043/719/454 1180/856/723 1174/850/579
f 1181/857/586 1046/722/673 1030/706/666
f 1030/706/666 1163/839/568 1181/857/586
f 1180/856/723 1043/719/454 1047/723/674
f 1047/723/674 1184/860/589 1180/856/723
f 1185/861/590 1050/726/461 1046/722/673
f 1046/722/673 1181/857/586 1185/861/590
f 1189/865/589 1052/728/674 1051/727/462
f 1051/727/462 1190/866/593 1189/865/589
f 1191/867/594 1058/734/676 1057/733/461
f 1057/733/461 1192/868/590 1191/867/594
f 1190/866/593 1051/727/462 1059/735/677
f 1059/735/677 1196/872/726 1190/866/593
f 1197/873/598 1062/738/679 1058/734/676
f 1058/734/676 1191/867/594 1197/873/598
f 1196/872/726 1059/735/677 1063/739/472
f 1063/739/472 1200/876/601 1196/872/726
f 1201/877/602 1066/742/475 1062/738/679
f 1062/738/679 1197/873/598 1201/877/602
f 1200/876/601 1063/739/472 1067/743/476
f 1067/743/476 1204/880/728 1200/876/601
f 1205/881/729 1070/746/479 1066/742/475
f 1066/742/475 1201/877/602 1205/881/729
f 1204/880/728 1067/743/476 1071/747/480
f 1071/747/480 1208/884/609 1204/880/728
f 1209/885/610 1074/750/682 1070/746/479
f 1070/746/479 1205/881/729 1209/885/610
f 1208/884/609 1071/747/480 1075/751/484
f 1075/751/484 1212/888/731 1208/884/609
f 1213/889/614 1078/754/683 1074/750/682
f 1074/750/682 1209/885/610 1213/889/614
f 1212/888/731 1075/751/484 1079/755/488
f 1079/755/488 1216/892/617 1212/888/731
f 1217/893/618 1082/758/685 1078/754/683
f 1078/754/683 1213/889/614 1217/893/618
f 1216/892/617 1079/755/488 1083/759/492
f 1083/759/492 1220/896/621 1216/892/617
f 1221/897/733 1086/762/687 1082/758/685
f 1082/758/685 1217/893/618 1221/897/733
f 1220/896/621 1083/759/492 1087/763/496
f 1087/763/496 1224/900/625 1220/896/621
f 1225/901/626 1090/766/689 1086/762/687
f 1086/762/687 1221/897/733 1225/901/626
f 1224/900/625 1087/763/496 1091/767/500
f 1091/767/500 1228/904/629 1224/900/625
f 1229/905/735 1094/770/691 1090/766/689
f 1090/766/689 1225/901/626 1229/905/735
f 1228/904/629 1091/767/500 1042/718/453
f 1042/718/453 1177/853/582 1228/904/629
f 1170/846/575 1033/709/667 1094/770/691
f 1094/770/691 1229/905/735 1170/846/575
f 1177/853/582 1042/718/453 1038/714/670
f 1038/714/670 1175/851/721 1177/853/582
f 1168/844/573 1031/707/442 1033/709/667
f 1033/709/667 1170/846/575 1168/844/573
f 1265/941/741 1266/942/742 1267/943/743
f 1267/943/743 1268/944/744 1265/941/741
f 1268/944/744 1267/943/743 1269/945/745
f 1269/945/745 1270/946/746 1268/944/744
f 1271/947/747 1272/948/748 1273/949/749
f 1273/949/749 1274/950/750 1271/947/747
f 1275/951/751 1276/952/752 1266/942/742
f 1266/942/742 1277/953/753 1275/951/751
f 1278/954/754 1269/945/745 1279/955/755
f 1279/955/755 1280/956/756 1278/954/754
f 1281/957/757 1282/958/755 1272/948/748
f 1272/948/748 1283/959/758 1281/957/757
f 1284/960/759 1278/954/754 1285/961/760
f 1285/961/760 1286/962/761 1284/960/759
f 1286/962/761 1285/961/760 1287/963/762
f 1287/963/762 1288/964/763 1286/962/761
f 1289/965/764 1290/966/765 1291/967/766
f 1291/967/766 1292/968/767 1289/965/764
f 1292/968/767 1291/967/766 1283/959/758
f 1283/959/758 1293/969/768 1292/968/767
f 1294/970/769 1287/963/762 1295/971/770
f 1295/971/770 1296/972/771 1294/970/769
f 1297/973/771 1298/974/770 1290/966/765
f 1290/966/765 1299/975/772 1297/973/771
f 1300/976/773 1301/977/774 1302/978/775
f 1302/978/775 1303/979/776 1300/976/773
f 1303/979/776 1302/978/775 1277/953/753
f 1277/953/753 1304/980/777 1303/979/776
f 1293/969/768 1271/947/747 1305/981/778
f 1305/981/778 1306/982/779 1293/969/768
f 1307/983/779 1308/984/780 1301/977/774
f 1301/977/774 1309/985/781 1307/983/779
f 1310/986/782 1311/987/783 1312/988/784
f 1312/988/784 1313/989/785 1310/986/782
f 1313/989/785 1312/988/784 1309/985/781
f 1309/985/781 1314/990/786 1313/989/785
f 1315/991/787 1289/965/764 1316/992/788
f 1316/992/788 1317/993/789 1315/991/787
f 1318/994/789 1319/995/790 1311/987/783
f 1311/987/783 1320/996/791 1318/994/789
f 1321/997/792 1294/970/769 1322/998/793
f 1322/998/793 1323/999/794 1321/997/792
f 1323/999/794 1322/998/793 1324/1000/795
f 1324/1000/795 1325/1001/796 1323/999/794
f 1326/1002/797 1324/1000/795 1327/1003/798
f 1327/1003/798 1328/1004/799 1326/1002/797
f 1329/1005/799 1330/1006/800 1299/975/772
f 1299/975/772 1315/991/787 1329/1005/799
f 1331/1007/801 1326/1002/797 1332/1008/802
f 1332/1008/802 1333/1009/803 1331/1007/801
f 1333/1009/803 1332/1008/802 1320/996/791
f 1320/996/791 1334/1010/804 1333/1009/803
f 1270/946/746 1284/960/759 1335/1011/805
f 1335/1011/805 1336/1012/806 1270/946/746
f 1336/1012/806 1335/1011/805 1337/1013/807
f 1337/1013/807 1338/1014/808 1336/1012/806
f 1339/1015/809 1340/1016/810 1341/1017/811
f 1341/1017/811 1342/1018/812 1339/1015/809
f 1342/1018/812 1341/1017/811 1288/964/763
f 1288/964/763 1321/997/792 1342/1018/812
f 1343/1019/813 1337/1013/807 1344/1020/814
f 1344/1020/814 1345/1021/815 1343/1019/813
f 1345/1021/815 1344/1020/814 1340/1016/810
f 1340/1016/810 1346/1022/816 1345/1021/815
f 1347/1023/817 1339/1015/809 1348/1024/818
f 1348/1024/818 1349/1025/819 1347/1023/817
f 1349/1025/819 1348/1024/818 1325/1001/796
f 1325/1001/796 1331/1007/801 1349/1025/819
f 1350/1026/820 1343/1019/813 1351/1027/821
f 1351/1027/821 1352/1028/822 1350/1026/820
f 1352/1028/822 1351/1027/821 1314/990/786
f 1314/990/786 1300/976/773 1352/1028/822
f 1334/1010/804 1310/986/782 1353/1029/823
f 1353/1029/823 1354/1030/824 1334/1010/804
f 1354/1030/824 1353/1029/823 1346/1022/816
f 1346/1022/816 1347/1023/817 1354/1030/824
f 1304/980/777 1265/941/741 1355/1031/825
f 1355/1031/825 1356/1032/826 1304/980/777
f 1356/1032/826 1355/1031/825 1338/1014/808
f 1338/1014/808 1350/1026/820 1356/1032/826
f 1340/1016/810 1339/1015/809 1347/1023/817
f 1347/1023/817 1346/1022/816 1340/1016/810
f 1337/1013/807 1343/1019/813 1350/1026/820
f 1350/1026/820 1338/1014/808 1337/1013/807
f 1315/991/787 1299/975/772 1290/966/765
f 1290/966/765 1289/965/764 1315/991/787
f 1271/947/747 1293/969/768 1283/959/758
f 1283/959/758 1272/948/748 1271/947/747
f 1287/963/762 1294/970/769 1321/997/792
f 1321/997/792 1288/964/763 1287/963/762
f 1320/996/791 1311/987/783 1310/986/782
f 1310/986/782 1334/1010/804 1320/996/791
f 1324/1000/795 1326/1002/797 1331/1007/801
f 1331/1007/801 1325/1001/796 1324/1000/795
f 1269/945/745 1278/954/754 1284/960/759
f 1284/960/759 1270/946/746 1269/945/745
f 1277/953/753 1266/942/742 1265/941/741
f 1265/941/741 1304/980/777 1277/953/753
f 1309/985/781 1301/977/774 1300/976/773
f 1300/976/773 1314/990/786 1309/985/781
f 1357/1033/827 1279/955/755 1269/945/745
f 1269/945/745 1267/943/743 1357/1033/827
f 1357/1033/827 1267/943/743 1266/942/742
f 1266/942/742 1276/952/752 1357/1033/827
f 1358/1034/827 1273/949/749 1272/948/748
f 1272/948/748 1282/958/755 1358/1034/827
f 1359/1035/828 1295/971/770 1287/963/762
f 1287/963/762 1285/961/760 1359/1035/828
f 1359/1035/828 1285/961/760 1278/954/754
f 1278/954/754 1280/956/756 1359/1035/828
f 1360/1036/828 1281/957/757 1283/959/758
f 1283/959/758 1291/967/766 1360/1036/828
f 1360/1036/828 1291/967/766 1290/966/765
f 1290/966/765 1298/974/770 1360/1036/828
f 1361/1037/829 1275/951/751 1277/953/753
f 1277/953/753 1302/978/775 1361/1037/829
f 1361/1037/829 1302/978/775 1301/977/774
f 1301/977/774 1308/984/780 1361/1037/829
f 1362/1038/830 1305/981/778 1271/947/747
f 1271/947/747 1274/950/750 1362/1038/830
f 1363/1039/831 1307/983/779 1309/985/781
f 1309/985/781 1312/988/784 1363/1039/831
f 1363/1039/831 1312/988/784 1311/987/783
f 1311/987/783 1319/995/790 1363/1039/831
f 1364/1040/831 1316/992/788 1289/965/764
f 1289/965/764 1292/968/767 1364/1040/831
f 1364/1040/831 1292/968/767 1293/969/768
f 1293/969/768 1306/982/779 1364/1040/831
f 1365/1041/832 1327/1003/798 1324/1000/795
f 1324/1000/795 1322/998/793 1365/1041/832
f 1365/1041/832 1322/998/793 1294/970/769
f 1294/970/769 1296/972/771 1365/1041/832
f 1366/1042/833 1297/973/771 1299/975/772
f 1299/975/772 1330/1006/800 1366/1042/833
f 1367/1043/834 1318/994/789 1320/996/791
f 1320/996/791 1332/1008/802 1367/1043/834
f 1367/1043/834 1332/1008/802 1326/1002/797
f 1326/1002/797 1328/1004/799 1367/1043/834
f 1368/1044/835 1329/1005/799 1315/991/787
f 1315/991/787 1317/993/789 1368/1044/835
f 1369/1045/836 1344/1020/814 1337/1013/807
f 1337/1013/807 1335/1011/805 1369/1045/836
f 1369/1045/836 1335/1011/805 1284/960/759
f 1284/960/759 1286/962/761 1369/1045/836
f 1369/1045/836 1286/962/761 1288/964/763
f 1288/964/763 1341/1017/811 1369/1045/836
f 1369/1045/836 1341/1017/811 1340/1016/810
f 1340/1016/810 1344/1020/814 1369/1045/836
f 1370/1046/837 1323/999/794 1325/1001/796
f 1325/1001/796 1348/1024/818 1370/1046/837
f 1370/1046/837 1348/1024/818 1339/1015/809
f 1339/1015/809 1342/1018/812 1370/1046/837
f 1370/1046/837 1342/1018/812 1321/997/792
f 1321/997/792 1323/999/794 1370/1046/837
f 1371/1047/838 1313/989/785 1314/990/786
f 1314/990/786 1351/1027/821 1371/1047/838
f 1371/1047/838 1351/1027/821 1343/1019/813
f 1343/1019/813 1345/1021/815 1371/1047/838
f 1371/1047/838 1345/1021/815 1346/1022/816
f 1346/1022/816 1353/1029/823 1371/1047/838
f 1371/1047/838 1353/1029/823 1310/986/782
f 1310/986/782 1313/989/785 1371/1047/838
f 1372/1048/839 1354/1030/824 1347/1023/817
f 1347/1023/817 1349/1025/819 1372/1048/839
f 1372/1048/839 1349/1025/819 1331/1007/801
f 1331/1007/801 1333/1009/803 1372/1048/839
f 1372/1048/839 1333/1009/803 1334/1010/804
f 1334/1010/804 1354/1030/824 1372/1048/839
f 1373/1049/840 1336/1012/806 1338/1014/808
f 1338/1014/808 1355/1031/825 1373/1049/840
f 1373/1049/840 1355/1031/825 1265/941/741
f 1265/941/741 1268/944/744 1373/1049/840
f 1373/1049/840 1268/944/744 1270/946/746
f 1270/946/746 1336/1012/806 1373/1049/840
f 1374/1050/841 1356/1032/826 1350/1026/820
f 1350/1026/820 1352/1028/822 1374/1050/841
f 1374/1050/841 1352/1028/822 1300/976/773
f 1300/976/773 1303/979/776 1374/1050/841
f 1374/1050/841 1303/979/776 1304/980/777
f 1304/980/777 1356/1032/826 1374/1050/841
f 1375/1051/842 1376/1052/843 1377/1053/844
f 1377/1053/844 1378/1054/845 1375/1051/842
f 1379/1055/845 1380/1056/844 1381/1057/846
f 1381/1057/846 1382/1058/847 1379/1055/845
f 1383/1059/848 1384/1060/849 1385/1061/850
f 1385/1061/850 1386/1062/851 1383/1059/848
f 1386/1062/851 1385/1061/850 1376/1052/843
f 1376/1052/843 1387/1063/852 1386/1062/851
f 1388/1064/853 1389/1065/854 1390/1066/855
f 1390/1066/855 1391/1067/856 1388/1064/853
f 1392/1068/857 1393/1069/855 1384/1060/849
f 1384/1060/849 1394/1070/858 1392/1068/857
f 1395/1071/859 1381/1057/846 1396/1072/860
f 1396/1072/860 1397/1073/861 1395/1071/859
f 1397/1073/861 1396/1072/860 1389/1065/854
f 1389/1065/854 1398/1074/862 1397/1073/861
f 1399/1075/863 1400/1076/864 1401/1077/865
f 1401/1077/865 1402/1078/866 1399/1075/863
f 1403/1079/867 1404/1080/865 1387/1063/852
f 1387/1063/852 1405/1081/868 1403/1079/867
f 1406/1082/869 1407/1083/870 1408/1084/871
f 1408/1084/871 1409/1085/872 1406/1082/869
f 1409/1085/872 1408/1084/871 1400/1076/864
f 1400/1076/864 1410/1086/873 1409/1085/872
f 1411/1087/874 1383/1059/848 1412/1088/875
f 1412/1088/875 1413/1089/876 1411/1087/874
f 1414/1090/876 1415/1091/875 1407/1083/870
f 1407/1083/870 1416/1092/877 1414/1090/876
f 1417/1093/878 1395/1071/859 1418/1094/879
f 1418/1094/879 1419/1095/880 1417/1093/878
f 1420/1096/881 1421/1097/882 1422/1098/883
f 1422/1098/883 1423/1099/884 1420/1096/881
f 1424/1100/885 1425/1101/886 1426/1102/887
f 1426/1102/887 1427/1103/888 1424/1100/885
f 1428/1104/888 1429/1105/887 1398/1074/862
f 1398/1074/862 1430/1106/889 1428/1104/888
f 1431/1107/890 1422/1098/883 1432/1108/891
f 1432/1108/891 1433/1109/892 1431/1107/890
f 1433/1109/892 1432/1108/891 1425/1101/886
f 1425/1101/886 1434/1110/893 1433/1109/892
f 1435/1111/894 1431/1107/890 1436/1112/895
f 1436/1112/895 1437/1113/896 1435/1111/894
f 1438/1114/897 1439/1115/898 1410/1086/873
f 1410/1086/873 1440/1116/899 1438/1114/897
f 1441/1117/900 1406/1082/869 1442/1118/901
f 1442/1118/901 1443/1119/902 1441/1117/900
f 1444/1120/902 1445/1121/903 1434/1110/893
f 1434/1110/893 1446/1122/904 1444/1120/902
f 1447/1123/905 1448/1124/906 1449/1125/907
f 1449/1125/907 1450/1126/908 1447/1123/905
f 1451/1127/908 1452/1128/909 1453/1129/910
f 1453/1129/910 1454/1130/911 1451/1127/908
f 1430/1106/889 1388/1064/853 1455/1131/912
f 1455/1131/912 1456/1132/913 1430/1106/889
f 1456/1132/913 1455/1131/912 1448/1124/906
f 1448/1124/906 1457/1133/914 1456/1132/913
f 1458/1134/915 1453/1129/910 1459/1135/916
f 1459/1135/916 1460/1136/917 1458/1134/915
f 1460/1136/917 1459/1135/916 1394/1070/858
f 1394/1070/858 1411/1087/874 1460/1136/917
f 1461/1137/918 1458/1134/915 1462/1138/919
f 1462/1138/919 1463/1139/920 1461/1137/918
f 1464/1140/920 1465/1141/921 1466/1142/922
f 1466/1142/922 1467/1143/923 1464/1140/920
f 1468/1144/924 1466/1142/922 1469/1145/925
f 1469/1145/925 1470/1146/926 1468/1144/924
f 1470/1146/926 1469/1145/925 1416/1092/877
f 1416/1092/877 1441/1117/900 1470/1146/926
f 1471/1147/927 1468/1144/924 1472/1148/928
f 1472/1148/928 1473/1149/929 1471/1147/927
f 1474/1150/930 1475/1151/928 1476/1152/931
f 1476/1152/931 1477/1153/932 1474/1150/930
f 1478/1154/933 1476/1152/931 1479/1155/934
f 1479/1155/934 1480/1156/935 1478/1154/933
f 1480/1156/935 1479/1155/934 1446/1122/904
f 1446/1122/904 1424/1100/885 1480/1156/935
f 1481/1157/936 1478/1154/933 1482/1158/937
f 1482/1158/937 1483/1159/938 1481/1157/936
f 1484/1160/939 1485/1161/940 1457/1133/914
f 1457/1133/914 1486/1162/941 1484/1160/939
f 1486/1162/941 1447/1123/905 1487/1163/942
f 1487/1163/942 1488/1164/943 1486/1162/941
f 1489/1165/944 1490/1166/942 1491/1167/945
f 1491/1167/945 1492/1168/946 1489/1165/944
f 1493/1169/947 1491/1167/945 1494/1170/948
f 1494/1170/948 1495/1171/949 1493/1169/947
f 1496/1172/950 1497/1173/948 1454/1130/911
f 1454/1130/911 1461/1137/918 1496/1172/950
f 1498/1174/951 1493/1169/947 1499/1175/952
f 1499/1175/952 1500/1176/953 1498/1174/951
f 1501/1177/953 1502/1178/952 1467/1143/923
f 1467/1143/923 1471/1147/927 1501/1177/953
f 1492/1168/946 1498/1174/951 1503/1179/954
f 1503/1179/954 1504/1180/955 1492/1168/946
f 1505/1181/956 1506/1182/957 1477/1153/932
f 1477/1153/932 1481/1157/936 1505/1181/956
f 1507/1183/958 1508/1184/959 1509/1185/960
f 1509/1185/960 1510/1186/961 1507/1183/958
f 1510/1186/961 1509/1185/960 1382/1058/847
f 1382/1058/847 1417/1093/878 1510/1186/961
f 1405/1081/868 1375/1051/842 1511/1187/962
f 1511/1187/962 1512/1188/963 1405/1081/868
f 1512/1188/963 1511/1187/962 1508/1184/959
f 1508/1184/959 1513/1189/964 1512/1188/963
f 1440/1116/899 1399/1075/863 1514/1190/965
f 1514/1190/965 1515/1191/966 1440/1116/899
f 1515/1191/966 1514/1190/965 1513/1189/964
f 1513/1189/964 1516/1192/967 1515/1191/966
f 1516/1192/967 1507/1183/958 1517/1193/968
f 1517/1193/968 1518/1194/969 1516/1192/967
f 1518/1194/969 1517/1193/968 1423/1099/884
f 1423/1099/884 1435/1111/894 1518/1194/969
f 1492/1168/946 1491/1167/945 1493/1169/947
f 1493/1169/947 1498/1174/951 1492/1168/946
f 1394/1070/858 1384/1060/849 1383/1059/848
f 1383/1059/848 1411/1087/874 1394/1070/858
f 1416/1092/877 1407/1083/870 1406/1082/869
f 1406/1082/869 1441/1117/900 1416/1092/877
f 1446/1122/904 1434/1110/893 1425/1101/886
f 1425/1101/886 1424/1100/885 1446/1122/904
f 1430/1106/889 1398/1074/862 1389/1065/854
f 1389/1065/854 1388/1064/853 1430/1106/889
f 1454/1130/911 1453/1129/910 1458/1134/915
f 1458/1134/915 1461/1137/918 1454/1130/911
f 1467/1143/923 1466/1142/922 1468/1144/924
f 1468/1144/924 1471/1147/927 1467/1143/923
f 1477/1153/932 1476/1152/931 1478/1154/933
f 1478/1154/933 1481/1157/936 1477/1153/932
f 1486/1162/941 1457/1133/914 1448/1124/906
f 1448/1124/906 1447/1123/905 1486/1162/941
f 1405/1081/868 1387/1063/852 1376/1052/843
f 1376/1052/843 1375/1051/842 1405/1081/868
f 1423/1099/884 1422/1098/883 1431/1107/890
f 1431/1107/890 1435/1111/894 1423/1099/884
f 1382/1058/847 1381/1057/846 1395/1071/859
f 1395/1071/859 1417/1093/878 1382/1058/847
f 1440/1116/899 1410/1086/873 1400/1076/864
f 1400/1076/864 1399/1075/863 1440/1116/899
f 1516/1192/967 1513/1189/964 1508/1184/959
f 1508/1184/959 1507/1183/958 1516/1192/967
f 1519/1195/970 1396/1072/860 1381/1057/846
f 1381/1057/846 1380/1056/844 1519/1195/970
f 1520/1196/970 1377/1053/844 1376/1052/843
f 1376/1052/843 1385/1061/850 1520/1196/970
f 1520/1196/970 1385/1061/850 1384/1060/849
f 1384/1060/849 1393/1069/855 1520/1196/970
f 1519/1195/970 1390/1066/855 1389/1065/854
f 1389/1065/854 1396/1072/860 1519/1195/970
f 1521/1197/971 1386/1062/851 1387/1063/852
f 1387/1063/852 1404/1080/865 1521/1197/971
f 1522/1198/971 1401/1077/865 1400/1076/864
f 1400/1076/864 1408/1084/871 1522/1198/971
f 1522/1198/971 1408/1084/871 1407/1083/870
f 1407/1083/870 1415/1091/875 1522/1198/971
f 1521/1197/971 1412/1088/875 1383/1059/848
f 1383/1059/848 1386/1062/851 1521/1197/971
f 1523/1199/972 1432/1108/891 1422/1098/883
f 1422/1098/883 1421/1097/882 1523/1199/972
f 1524/1200/972 1418/1094/879 1395/1071/859
f 1395/1071/859 1397/1073/861 1524/1200/972
f 1524/1200/972 1397/1073/861 1398/1074/862
f 1398/1074/862 1429/1105/887 1524/1200/972
f 1523/1199/972 1426/1102/887 1425/1101/886
f 1425/1101/886 1432/1108/891 1523/1199/972
f 1525/1201/973 1409/1085/872 1410/1086/873
f 1410/1086/873 1439/1115/898 1525/1201/973
f 1526/1202/974 1436/1112/895 1431/1107/890
f 1431/1107/890 1433/1109/892 1526/1202/974
f 1526/1202/974 1433/1109/892 1434/1110/893
f 1434/1110/893 1445/1121/903 1526/1202/974
f 1525/1201/973 1442/1118/901 1406/1082/869
f 1406/1082/869 1409/1085/872 1525/1201/973
f 1527/1203/975 1459/1135/916 1453/1129/910
f 1453/1129/910 1452/1128/909 1527/1203/975
f 1528/1204/976 1449/1125/907 1448/1124/906
f 1448/1124/906 1455/1131/912 1528/1204/976
f 1528/1204/976 1455/1131/912 1388/1064/853
f 1388/1064/853 1391/1067/856 1528/1204/976
f 1527/1203/975 1392/1068/857 1394/1070/858
f 1394/1070/858 1459/1135/916 1527/1203/975
f 1529/1205/977 1469/1145/925 1466/1142/922
f 1466/1142/922 1465/1141/921 1529/1205/977
f 1530/1206/977 1462/1138/919 1458/1134/915
f 1458/1134/915 1460/1136/917 1530/1206/977
f 1530/1206/977 1460/1136/917 1411/1087/874
f 1411/1087/874 1413/1089/876 1530/1206/977
f 1529/1205/977 1414/1090/876 1416/1092/877
f 1416/1092/877 1469/1145/925 1529/1205/977
f 1531/1207/978 1479/1155/934 1476/1152/931
f 1476/1152/931 1475/1151/928 1531/1207/978
f 1532/1208/979 1472/1148/928 1468/1144/924
f 1468/1144/924 1470/1146/926 1532/1208/979
f 1532/1208/979 1470/1146/926 1441/1117/900
f 1441/1117/900 1443/1119/902 1532/1208/979
f 1531/1207/978 1444/1120/902 1446/1122/904
f 1446/1122/904 1479/1155/934 1531/1207/978
f 1533/1209/980 1456/1132/913 1457/1133/914
f 1457/1133/914 1485/1161/940 1533/1209/980
f 1534/1210/980 1482/1158/937 1478/1154/933
f 1478/1154/933 1480/1156/935 1534/1210/980
f 1534/1210/980 1480/1156/935 1424/1100/885
f 1424/1100/885 1427/1103/888 1534/1210/980
f 1533/1209/980 1428/1104/888 1430/1106/889
f 1430/1106/889 1456/1132/913 1533/1209/980
f 1535/1211/981 1494/1170/948 1491/1167/945
f 1491/1167/945 1490/1166/942 1535/1211/981
f 1536/1212/982 1487/1163/942 1447/1123/905
f 1447/1123/905 1450/1126/908 1536/1212/982
f 1537/1213/983 1451/1127/908 1454/1130/911
f 1454/1130/911 1497/1173/948 1537/1213/983
f 1538/1214/984 1464/1140/920 1467/1143/923
f 1467/1143/923 1502/1178/952 1538/1214/984
f 1539/1215/985 1499/1175/952 1493/1169/947
f 1493/1169/947 1495/1171/949 1539/1215/985
f 1540/1216/984 1496/1172/950 1461/1137/918
f 1461/1137/918 1463/1139/920 1540/1216/984
f 1541/1217/986 1474/1150/930 1477/1153/932
f 1477/1153/932 1506/1182/957 1541/1217/986
f 1542/1218/986 1503/1179/954 1498/1174/951
f 1498/1174/951 1500/1176/953 1542/1218/986
f 1543/1219/986 1501/1177/953 1471/1147/927
f 1471/1147/927 1473/1149/929 1543/1219/986
f 1544/1220/987 1484/1160/939 1486/1162/941
f 1486/1162/941 1488/1164/943 1544/1220/987
f 1545/1221/988 1489/1165/944 1492/1168/946
f 1492/1168/946 1504/1180/955 1545/1221/988
f 1546/1222/988 1505/1181/956 1481/1157/936
f 1481/1157/936 1483/1159/938 1546/1222/988
f 1547/1223/989 1379/1055/845 1382/1058/847
f 1382/1058/847 1509/1185/960 1547/1223/989
f 1547/1223/989 1509/1185/960 1508/1184/959
f 1508/1184/959 1511/1187/962 1547/1223/989
f 1547/1223/989 1511/1187/962 1375/1051/842
f 1375/1051/842 1378/1054/845 1547/1223/989
f 1548/1224/990 1512/1188/963 1513/1189/964
f 1513/1189/964 1514/1190/965 1548/1224/990
f 1548/1224/990 1514/1190/965 1399/1075/863
f 1399/1075/863 1402/1078/866 1548/1224/990
f 1548/1224/990 1403/1079/867 1405/1081/868
f 1405/1081/868 1512/1188/963 1548/1224/990
f 1549/1225/991 1517/1193/968 1507/1183/958
f 1507/1183/958 1510/1186/961 1549/1225/991
f 1549/1225/991 1510/1186/961 1417/1093/878
f 1417/1093/878 1419/1095/880 1549/1225/991
f 1549/1225/991 1420/1096/881 1423/1099/884
f 1423/1099/884 1517/1193/968 1549/1225/991
f 1550/1226/992 1438/1114/897 1440/1116/899
f 1440/1116/899 1515/1191/966 1550/1226/992
f 1550/1226/992 1515/1191/966 1516/1192/967
f 1516/1192/967 1518/1194/969 1550/1226/992
f 1550/1226/992 1518/1194/969 1435/1111/894
f 1435/1111/894 1437/1113/896 1550/1226/992
f 1551/1227/993 1552/1228/994 1553/1229/995
f 1553/1229/995 1554/1230/996 1551/1227/993
f 1554/1230/996 1553/1229/995 1555/1231/997
f 1555/1231/997 1556/1232/998 1554/1230/996
f 1557/1233/999 1558/1234/1000 1559/1235/1001
f 1559/1235/1001 1560/1236/1002 1557/1233/999
f 1561/1237/1002 1562/1238/1003 1552/1228/994
f 1552/1228/994 1563/1239/1004 1561/1237/1002
f 1564/1240/1005 1555/1231/997 1565/1241/1006
f 1565/1241/1006 1566/1242/1007 1564/1240/1005
f 1567/1243/1007 1568/1244/1006 1558/1234/1000
f 1558/1234/1000 1569/1245/1008 1567/1243/1007
f 1570/1246/1009 1564/1240/1005 1571/1247/1010
f 1571/1247/1010 1572/1248/1011 1570/1246/1009
f 1572/1248/1011 1571/1247/1010 1573/1249/1012
f 1573/1249/1012 1574/1250/1013 1572/1248/1011
f 1575/1251/1014 1576/1252/1015 1577/1253/1016
f 1577/1253/1016 1578/1254/1017 1575/1251/1014
f 1578/1254/1017 1577/1253/1016 1569/1245/1008
f 1569/1245/1008 1579/1255/1018 1578/1254/1017
f 1580/1256/1019 1573/1249/1012 1581/1257/1020
f 1581/1257/1020 1582/1258/1021 1580/1256/1019
f 1583/1259/1021 1584/1260/1020 1576/1252/1015
f 1576/1252/1015 1585/1261/1022 1583/1259/1021
f 1586/1262/1023 1587/1263/1024 1588/1264/1025
f 1588/1264/1025 1589/1265/1026 1586/1262/1023
f 1589/1265/1026 1588/1264/1025 1563/1239/1004
f 1563/1239/1004 1590/1266/1027 1589/1265/1026
f 1579/1255/1018 1557/1233/999 1591/1267/1028
f 1591/1267/1028 1592/1268/1029 1579/1255/1018
f 1593/1269/1030 1594/1270/1028 1587/1263/1024
f 1587/1263/1024 1595/1271/1031 1593/1269/1030
f 1596/1272/1032 1597/1273/1033 1598/1274/1034
f 1598/1274/1034 1599/1275/1035 1596/1272/1032
f 1599/1275/1035 1598/1274/1034 1595/1271/1031
f 1595/1271/1031 1600/1276/1036 1599/1275/1035
f 1601/1277/1037 1575/1251/1014 1602/1278/1038
f 1602/1278/1038 1603/1279/1039 1601/1277/1037
f 1604/1280/1040 1605/1281/1038 1597/1273/1033
f 1597/1273/1033 1606/1282/1041 1604/1280/1040
f 1607/1283/1042 1580/1256/1019 1608/1284/1043
f 1608/1284/1043 1609/1285/1044 1607/1283/1042
f 1609/1285/1044 1608/1284/1043 1610/1286/1045
f 1610/1286/1045 1611/1287/1046 1609/1285/1044
f 1612/1288/1047 1610/1286/1045 1613/1289/1048
f 1613/1289/1048 1614/1290/1049 1612/1288/1047
f 1615/1291/1049 1616/1292/1048 1585/1261/1022
f 1585/1261/1022 1601/1277/1037 1615/1291/1049
f 1617/1293/1050 1612/1288/1047 1618/1294/1051
f 1618/1294/1051 1619/1295/1052 1617/1293/1050
f 1619/1295/1052 1618/1294/1051 1606/1282/1041
f 1606/1282/1041 1620/1296/1053 1619/1295/1052
f 1556/1232/998 1570/1246/1009 1621/1297/1054
f 1621/1297/1054 1622/1298/1055 1556/1232/998
f 1622/1298/1055 1621/1297/1054 1623/1299/1056
f 1623/1299/1056 1624/1300/1057 1622/1298/1055
f 1625/1301/1058 1626/1302/1059 1627/1303/1060
f 1627/1303/1060 1628/1304/1061 1625/1301/1058
f 1628/1304/1061 1627/1303/1060 1574/1250/1013
f 1574/1250/1013 1607/1283/1042 1628/1304/1061
f 1629/1305/1062 1623/1299/1056 1630/1306/1063
f 1630/1306/1063 1631/1307/1064 1629/1305/1062
f 1631/1307/1064 1630/1306/1063 1626/1302/1059
f 1626/1302/1059 1632/1308/1065 1631/1307/1064
f 1633/1309/1066 1625/1301/1058 1634/1310/1067
f 1634/1310/1067 1635/1311/1068 1633/1309/1066
f 1635/1311/1068 1634/1310/1067 1611/1287/1046
f 1611/1287/1046 1617/1293/1050 1635/1311/1068
f 1636/1312/1069 1629/1305/1062 1637/1313/1070
f 1637/1313/1070 1638/1314/1071 1636/1312/1069
f 1638/1314/1071 1637/1313/1070 1600/1276/1036
f 1600/1276/1036 1586/1262/1023 1638/1314/1071
f 1620/1296/1053 1596/1272/1032 1639/1315/1072
f 1639/1315/1072 1640/1316/1073 1620/1296/1053
f 1640/1316/1073 1639/1315/1072 1632/1308/1065
f 1632/1308/1065 1633/1309/1066 1640/1316/1073
f 1590/1266/1027 1551/1227/993 1641/1317/1074
f 1641/1317/1074 1642/1318/1075 1590/1266/1027
f 1642/1318/1075 1641/1317/1074 1624/1300/1057
f 1624/1300/1057 1636/1312/1069 1642/1318/1075
f 1626/1302/1059 1625/1301/1058 1633/1309/1066
f 1633/1309/1066 1632/1308/1065 1626/1302/1059
f 1623/1299/1056 1629/1305/1062 1636/1312/1069
f 1636/1312/1069 1624/1300/1057 1623/1299/1056
f 1601/1277/1037 1585/1261/1022 1576/1252/1015
f 1576/1252/1015 1575/1251/1014 1601/1277/1037
f 1557/1233/999 1579/1255/1018 1569/1245/1008
f 1569/1245/1008 1558/1234/1000 1557/1233/999
f 1573/1249/1012 1580/1256/1019 1607/1283/1042
f 1607/1283/1042 1574/1250/1013 1573/1249/1012
f 1606/1282/1041 1597/1273/1033 1596/1272/1032
f 1596/1272/1032 1620/1296/1053 1606/1282/1041
f 1610/1286/1045 1612/1288/1047 1617/1293/1050
f 1617/1293/1050 1611/1287/1046 1610/1286/1045
f 1555/1231/997 1564/1240/1005 1570/1246/1009
f 1570/1246/1009 1556/1232/998 1555/1231/997
f 1563/1239/1004 1552/1228/994 1551/1227/993
f 1551/1227/993 1590/1266/1027 1563/1239/1004
f 1595/1271/1031 1587/1263/1024 1586/1262/1023
f 1586/1262/1023 1600/1276/1036 1595/1271/1031
f 1643/1319/1076 1565/1241/1006 1555/1231/997
f 1555/1231/997 1553/1229/995 1643/1319/1076
f 1643/1319/1076 1553/1229/995 1552/1228/994
f 1552/1228/994 1562/1238/1003 1643/1319/1076
f 1644/1320/1077 1559/1235/1001 1558/1234/1000
f 1558/1234/1000 1568/1244/1006 1644/1320/1077
f 1645/1321/1078 1581/1257/1020 1573/1249/1012
f 1573/1249/1012 1571/1247/1010 1645/1321/1078
f 1645/1321/1078 1571/1247/1010 1564/1240/1005
f 1564/1240/1005 1566/1242/1007 1645/1321/1078
f 1646/1322/1078 1567/1243/1007 1569/1245/1008
f 1569/1245/1008 1577/1253/1016 1646/1322/1078
f 1646/1322/1078 1577/1253/1016 1576/1252/1015
f 1576/1252/1015 1584/1260/1020 1646/1322/1078
f 1647/1323/1079 1561/1237/1002 1563/1239/1004
f 1563/1239/1004 1588/1264/1025 1647/1323/1079
f 1647/1323/1079 1588/1264/1025 1587/1263/1024
f 1587/1263/1024 1594/1270/1028 1647/1323/1079
f 1648/1324/1079 1591/1267/1028 1557/1233/999
f 1557/1233/999 1560/1236/1002 1648/1324/1079
f 1649/1325/1080 1593/1269/1030 1595/1271/1031
f 1595/1271/1031 1598/1274/1034 1649/1325/1080
f 1649/1325/1080 1598/1274/1034 1597/1273/1033
f 1597/1273/1033 1605/1281/1038 1649/1325/1080
f 1650/1326/1081 1602/1278/1038 1575/1251/1014
f 1575/1251/1014 1578/1254/1017 1650/1326/1081
f 1650/1326/1081 1578/1254/1017 1579/1255/1018
f 1579/1255/1018 1592/1268/1029 1650/1326/1081
f 1651/1327/1082 1613/1289/1048 1610/1286/1045
f 1610/1286/1045 1608/1284/1043 1651/1327/1082
f 1651/1327/1082 1608/1284/1043 1580/1256/1019
f 1580/1256/1019 1582/1258/1021 1651/1327/1082
f 1652/1328/1083 1583/1259/1021 1585/1261/1022
f 1585/1261/1022 1616/1292/1048 1652/1328/1083
f 1653/1329/1084 1604/1280/1040 1606/1282/1041
f 1606/1282/1041 1618/1294/1051 1653/1329/1084
f 1653/1329/1084 1618/1294/1051 1612/1288/1047
f 1612/1288/1047 1614/1290/1049 1653/1329/1084
f 1654/1330/1084 1615/1291/1049 1601/1277/1037
f 1601/1277/1037 1603/1279/1039 1654/1330/1084
f 1655/1331/1085 1630/1306/1063 1623/1299/1056
f 1623/1299/1056 1621/1297/1054 1655/1331/1085
f 1655/1331/1085 1621/1297/1054 1570/1246/1009
f 1570/1246/1009 1572/1248/1011 1655/1331/1085
f 1655/1331/1085 1572/1248/1011 1574/1250/1013
f 1574/1250/1013 1627/1303/1060 1655/1331/1085
f 1655/1331/1085 1627/1303/1060 1626/1302/1059
f 1626/1302/1059 1630/1306/1063 1655/1331/1085
f 1656/1332/1086 1609/1285/1044 1611/1287/1046
f 1611/1287/1046 1634/1310/1067 1656/1332/1086
f 1656/1332/1086 1634/1310/1067 1625/1301/1058
f 1625/1301/1058 1628/1304/1061 1656/1332/1086
f 1656/1332/1086 1628/1304/1061 1607/1283/1042
f 1607/1283/1042 1609/1285/1044 1656/1332/1086
f 1657/1333/1087 1599/1275/1035 1600/1276/1036
f 1600/1276/1036 1637/1313/1070 1657/1333/1087
f 1657/1333/1087 1637/1313/1070 1629/1305/1062
f 1629/1305/1062 1631/1307/1064 1657/1333/1087
f 1657/1333/1087 1631/1307/1064 1632/1308/1065
f 1632/1308/1065 1639/1315/1072 1657/1333/1087
f 1657/1333/1087 1639/1315/1072 1596/1272/1032
f 1596/1272/1032 1599/1275/1035 1657/1333/1087
f 1658/1334/1088 1640/1316/1073 1633/1309/1066
f 1633/1309/1066 1635/1311/1068 1658/1334/1088
f 1658/1334/1088 1635/1311/1068 1617/1293/1050
f 1617/1293/1050 1619/1295/1052 1658/1334/1088
f 1658/1334/1088 1619/1295/1052 1620/1296/1053
f 1620/1296/1053 1640/1316/1073 1658/1334/1088
f 1659/1335/1089 1622/1298/1055 1624/1300/1057
f 1624/1300/1057 1641/1317/1074 1659/1335/1089
f 1659/1335/1089 1641/1317/1074 1551/1227/993
f 1551/1227/993 1554/1230/996 1659/1335/1089
f 1659/1335/1089 1554/1230/996 1556/1232/998
f 1556/1232/998 1622/1298/1055 1659/1335/1089
f 1660/1336/1090 1642/1318/1075 1636/1312/1069
f 1636/1312/1069 1638/1314/1071 1660/1336/1090
f 1660/1336/1090 1638/1314/1071 1586/1262/1023
f 1586/1262/1023 1589/1265/1026 1660/1336/1090
f 1660/1336/1090 1589/1265/1026 1590/1266/1027
f 1590/1266/1027 1642/1318/1075 1660/1336/1090
f 1661/1337/1091 1662/1338/1092 1663/1339/1093
f 1663/1339/1093 1664/1340/1094 1661/1337/1091
f 1665/1341/1095 1666/1342/1093 1667/1343/1096
f 1667/1343/1096 1668/1344/1097 1665/1341/1095
f 1669/1345/1098 1670/1346/1099 1671/1347/1100
f 1671/1347/1100 1672/1348/1101 1669/1345/1098
f 1672/1348/1101 1671/1347/1100 1662/1338/1092
f 1662/1338/1092 1673/1349/1102 1672/1348/1101
f 1674/1350/1103 1675/1351/1104 1676/1352/1105
f 1676/1352/1105 1677/1353/1106 1674/1350/1103
f 1678/1354/1107 1679/1355/1108 1670/1346/1099
f 1670/1346/1099 1680/1356/1109 1678/1354/1107
f 1681/1357/1110 1667/1343/1096 1682/1358/1111
f 1682/1358/1111 1683/1359/1112 1681/1357/1110
f 1683/1359/1112 1682/1358/1111 1675/1351/1104
f 1675/1351/1104 1684/1360/1113 1683/1359/1112
f 1685/1361/1114 1686/1362/1115 1687/1363/1116
f 1687/1363/1116 1688/1364/1117 1685/1361/1114
f 1689/1365/1117 1690/1366/1118 1673/1349/1102
f 1673/1349/1102 1691/1367/1119 1689/1365/1117
f 1692/1368/1120 1693/1369/1121 1694/1370/1122
f 1694/1370/1122 1695/1371/1123 1692/1368/1120
f 1695/1371/1123 1694/1370/1122 1686/1362/1115
f 1686/1362/1115 1696/1372/1124 1695/1371/1123
f 1697/1373/1125 1669/1345/1098 1698/1374/1126
f 1698/1374/1126 1699/1375/1127 1697/1373/1125
f 1700/1376/1127 1701/1377/1128 1693/1369/1121
f 1693/1369/1121 1702/1378/1129 1700/1376/1127
f 1703/1379/1130 1681/1357/1110 1704/1380/1131
f 1704/1380/1131 1705/1381/1132 1703/1379/1130
f 1706/1382/1133 1707/1383/1131 1708/1384/1134
f 1708/1384/1134 1709/1385/1135 1706/1382/1133
f 1710/1386/1136 1711/1387/1137 1712/1388/1138
f 1712/1388/1138 1713/1389/1139 1710/1386/1136
f 1714/1390/1140 1715/1391/1138 1684/1360/1113
f 1684/1360/1113 1716/1392/1141 1714/1390/1140
f 1717/1393/1142 1708/1384/1134 1718/1394/1143
f 1718/1394/1143 1719/1395/1144 1717/1393/1142
f 1719/1395/1144 1718/1394/1143 1711/1387/1137
f 1711/1387/1137 1720/1396/1145 1719/1395/1144
f 1721/1397/1146 1717/1393/1142 1722/1398/1147
f 1722/1398/1147 1723/1399/1148 1721/1397/1146
f 1724/1400/1149 1725/1401/1147 1696/1372/1124
f 1696/1372/1124 1726/1402/1150 1724/1400/1149
f 1727/1403/1151 1692/1368/1120 1728/1404/1152
f 1728/1404/1152 1729/1405/1153 1727/1403/1151
f 1730/1406/1154 1731/1407/1152 1720/1396/1145
f 1720/1396/1145 1732/1408/1155 1730/1406/1154
f 1733/1409/1156 1734/1410/1157 1735/1411/1158
f 1735/1411/1158 1736/1412/1159 1733/1409/1156
f 1737/1413/1159 1738/1414/1158 1739/1415/1160
f 1739/1415/1160 1740/1416/1161 1737/1413/1159
f 1716/1392/1141 1674/1350/1103 1741/1417/1162
f 1741/1417/1162 1742/1418/1163 1716/1392/1141
f 1742/1418/1163 1741/1417/1162 1734/1410/1157
f 1734/1410/1157 1743/1419/1164 1742/1418/1163
f 1744/1420/1165 1739/1415/1160 1745/1421/1166
f 1745/1421/1166 1746/1422/1167 1744/1420/1165
f 1746/1422/1167 1745/1421/1166 1680/1356/1109
f 1680/1356/1109 1697/1373/1125 1746/1422/1167
f 1747/1423/1168 1744/1420/1165 1748/1424/1169
f 1748/1424/1169 1749/1425/1170 1747/1423/1168
f 1750/1426/1171 1751/1427/1172 1752/1428/1173
f 1752/1428/1173 1753/1429/1174 1750/1426/1171
f 1754/1430/1175 1752/1428/1173 1755/1431/1176
f 1755/1431/1176 1756/1432/1177 1754/1430/1175
f 1756/1432/1177 1755/1431/1176 1702/1378/1129
f 1702/1378/1129 1727/1403/1151 1756/1432/1177
f 1757/1433/1178 1754/1430/1175 1758/1434/1179
f 1758/1434/1179 1759/1435/1180 1757/1433/1178
f 1760/1436/1180 1761/1437/1181 1762/1438/1182
f 1762/1438/1182 1763/1439/1183 1760/1436/1180
f 1764/1440/1184 1762/1438/1182 1765/1441/1185
f 1765/1441/1185 1766/1442/1186 1764/1440/1184
f 1766/1442/1186 1765/1441/1185 1732/1408/1155
f 1732/1408/1155 1710/1386/1136 1766/1442/1186
f 1767/1443/1187 1764/1440/1184 1768/1444/1188
f 1768/1444/1188 1769/1445/1189 1767/1443/1187
f 1770/1446/1189 1771/1447/1190 1743/1419/1164
f 1743/1419/1164 1772/1448/1191 1770/1446/1189
f 1772/1448/1191 1733/1409/1156 1773/1449/1192
f 1773/1449/1192 1774/1450/1193 1772/1448/1191
f 1775/1451/1194 1776/1452/1195 1777/1453/1196
f 1777/1453/1196 1778/1454/1197 1775/1451/1194
f 1779/1455/1198 1777/1453/1196 1780/1456/1199
f 1780/1456/1199 1781/1457/1200 1779/1455/1198
f 1782/1458/1201 1783/1459/1199 1740/1416/1161
f 1740/1416/1161 1747/1423/1168 1782/1458/1201
f 1784/1460/1202 1779/1455/1198 1785/1461/1203
f 1785/1461/1203 1786/1462/1204 1784/1460/1202
f 1787/1463/1204 1788/1464/1203 1753/1429/1174
f 1753/1429/1174 1757/1433/1178 1787/1463/1204
f 1778/1454/1197 1784/1460/1202 1789/1465/1205
f 1789/1465/1205 1790/1466/1206 1778/1454/1197
f 1791/1467/1206 1792/1468/1205 1763/1439/1183
f 1763/1439/1183 1767/1443/1187 1791/1467/1206
f 1793/1469/1207 1794/1470/1208 1795/1471/1209
f 1795/1471/1209 1796/1472/1210 1793/1469/1207
f 1796/1472/1210 1795/1471/1209 1668/1344/1097
f 1668/1344/1097 1703/1379/1130 1796/1472/1210
f 1691/1367/1119 1661/1337/1091 1797/1473/1211
f 1797/1473/1211 1798/1474/1212 1691/1367/1119
f 1798/1474/1212 1797/1473/1211 1794/1470/1208
f 1794/1470/1208 1799/1475/1213 1798/1474/1212
f 1726/1402/1150 1685/1361/1114 1800/1476/1214
f 1800/1476/1214 1801/1477/1215 1726/1402/1150
f 1801/1477/1215 1800/1476/1214 1799/1475/1213
f 1799/1475/1213 1802/1478/1216 1801/1477/1215
f 1802/1478/1216 1793/1469/1207 1803/1479/1217
f 1803/1479/1217 1804/1480/1218 1802/1478/1216
f 1804/1480/1218 1803/1479/1217 1709/1385/1135
f 1709/1385/1135 1721/1397/1146 1804/1480/1218
f 1778/1454/1197 1777/1453/1196 1779/1455/1198
f 1779/1455/1198 1784/1460/1202 1778/1454/1197
f 1680/1356/1109 1670/1346/1099 1669/1345/1098
f 1669/1345/1098 1697/1373/1125 1680/1356/1109
f 1702/1378/1129 1693/1369/1121 1692/1368/1120
f 1692/1368/1120 1727/1403/1151 1702/1378/1129
f 1732/1408/1155 1720/1396/1145 1711/1387/1137
f 1711/1387/1137 1710/1386/1136 1732/1408/1155
f 1716/1392/1141 1684/1360/1113 1675/1351/1104
f 1675/1351/1104 1674/1350/1103 1716/1392/1141
f 1740/1416/1161 1739/1415/1160 1744/1420/1165
f 1744/1420/1165 1747/1423/1168 1740/1416/1161
f 1753/1429/1174 1752/1428/1173 1754/1430/1175
f 1754/1430/1175 1757/1433/1178 1753/1429/1174
f 1763/1439/1183 1762/1438/1182 1764/1440/1184
f 1764/1440/1184 1767/1443/1187 1763/1439/1183
f 1772/1448/1191 1743/1419/1164 1734/1410/1157
f 1734/1410/1157 1733/1409/1156 1772/1448/1191
f 1691/1367/1119 1673/1349/1102 1662/1338/1092
f 1662/1338/1092 1661/1337/1091 1691/1367/1119
f 1709/1385/1135 1708/1384/1134 1717/1393/1142
f 1717/1393/1142 1721/1397/1146 1709/1385/1135
f 1668/1344/1097 1667/1343/1096 1681/1357/1110
f 1681/1357/1110 1703/1379/1130 1668/1344/1097
f 1726/1402/1150 1696/1372/1124 1686/1362/1115
f 1686/1362/1115 1685/1361/1114 1726/1402/1150
f 1802/1478/1216 1799/1475/1213 1794/1470/1208
f 1794/1470/1208 1793/1469/1207 1802/1478/1216
f 1805/1481/1219 1682/1358/1111 1667/1343/1096
f 1667/1343/1096 1666/1342/1093 1805/1481/1219
f 1806/1482/1220 1663/1339/1093 1662/1338/1092
f 1662/1338/1092 1671/1347/1100 1806/1482/1220
f 1806/1482/1220 1671/1347/1100 1670/1346/1099
f 1670/1346/1099 1679/1355/1108 1806/1482/1220
f 1805/1481/1219 1676/1352/1105 1675/1351/1104
f 1675/1351/1104 1682/1358/1111 1805/1481/1219
f 1807/1483/1221 1672/1348/1101 1673/1349/1102
f 1673/1349/1102 1690/1366/1118 1807/1483/1221
f 1808/1484/1221 1687/1363/1116 1686/1362/1115
f 1686/1362/1115 1694/1370/1122 1808/1484/1221
f 1808/1484/1221 1694/1370/1122 1693/1369/1121
f 1693/1369/1121 1701/1377/1128 1808/1484/1221
f 1807/1483/1221 1698/1374/1126 1669/1345/1098
f 1669/1345/1098 1672/1348/1101 1807/1483/1221
f 1809/1485/1222 1718/1394/1143 1708/1384/1134
f 1708/1384/1134 1707/1383/1131 1809/1485/1222
f 1810/1486/1223 1704/1380/1131 1681/1357/1110
f 1681/1357/1110 1683/1359/1112 1810/1486/1223
f 1810/1486/1223 1683/1359/1112 1684/1360/1113
f 1684/1360/1113 1715/1391/1138 1810/1486/1223
f 1809/1485/1222 1712/1388/1138 1711/1387/1137
f 1711/1387/1137 1718/1394/1143 1809/1485/1222
f 1811/1487/1224 1695/1371/1123 1696/1372/1124
f 1696/1372/1124 1725/1401/1147 1811/1487/1224
f 1812/1488/1224 1722/1398/1147 1717/1393/1142
f 1717/1393/1142 1719/1395/1144 1812/1488/1224
f 1812/1488/1224 1719/1395/1144 1720/1396/1145
f 1720/1396/1145 1731/1407/1152 1812/1488/1224
f 1811/1487/1224 1728/1404/1152 1692/1368/1120
f 1692/1368/1120 1695/1371/1123 1811/1487/1224
f 1813/1489/1225 1745/1421/1166 1739/1415/1160
f 1739/1415/1160 1738/1414/1158 1813/1489/1225
f 1814/1490/1226 1735/1411/1158 1734/1410/1157
f 1734/1410/1157 1741/1417/1162 1814/1490/1226
f 1814/1490/1226 1741/1417/1162 1674/1350/1103
f 1674/1350/1103 1677/1353/1106 1814/1490/1226
f 1813/1489/1225 1678/1354/1107 1680/1356/1109
f 1680/1356/1109 1745/1421/1166 1813/1489/1225
f 1815/1491/1227 1755/1431/1176 1752/1428/1173
f 1752/1428/1173 1751/1427/1172 1815/1491/1227
f 1816/1492/1227 1748/1424/1169 1744/1420/1165
f 1744/1420/1165 1746/1422/1167 1816/1492/1227
f 1816/1492/1227 1746/1422/1167 1697/1373/1125
f 1697/1373/1125 1699/1375/1127 1816/1492/1227
f 1815/1491/1227 1700/1376/1127 1702/1378/1129
f 1702/1378/1129 1755/1431/1176 1815/1491/1227
f 1817/1493/1228 1765/1441/1185 1762/1438/1182
f 1762/1438/1182 1761/1437/1181 1817/1493/1228
f 1818/1494/1228 1758/1434/1179 1754/1430/1175
f 1754/1430/1175 1756/1432/1177 1818/1494/1228
f 1818/1494/1228 1756/1432/1177 1727/1403/1151
f 1727/1403/1151 1729/1405/1153 1818/1494/1228
f 1817/1493/1228 1730/1406/1154 1732/1408/1155
f 1732/1408/1155 1765/1441/1185 1817/1493/1228
f 1819/1495/1229 1742/1418/1163 1743/1419/1164
f 1743/1419/1164 1771/1447/1190 1819/1495/1229
f 1820/1496/1229 1768/1444/1188 1764/1440/1184
f 1764/1440/1184 1766/1442/1186 1820/1496/1229
f 1820/1496/1229 1766/1442/1186 1710/1386/1136
f 1710/1386/1136 1713/1389/1139 1820/1496/1229
f 1819/1495/1229 1714/1390/1140 1716/1392/1141
f 1716/1392/1141 1742/1418/1163 1819/1495/1229
f 1821/1497/1230 1780/1456/1199 1777/1453/1196
f 1777/1453/1196 1776/1452/1195 1821/1497/1230
f 1822/1498/1230 1773/1449/1192 1733/1409/1156
f 1733/1409/1156 1736/1412/1159 1822/1498/1230
f 1823/1499/1231 1737/1413/1159 1740/1416/1161
f 1740/1416/1161 1783/1459/1199 1823/1499/1231
f 1824/1500/1232 1750/1426/1171 1753/1429/1174
f 1753/1429/1174 1788/1464/1203 1824/1500/1232
f 1825/1501/1233 1785/1461/1203 1779/1455/1198
f 1779/1455/1198 1781/1457/1200 1825/1501/1233
f 1826/1502/1233 1782/1458/1201 1747/1423/1168
f 1747/1423/1168 1749/1425/1170 1826/1502/1233
f 1827/1503/1234 1760/1436/1180 1763/1439/1183
f 1763/1439/1183 1792/1468/1205 1827/1503/1234
f 1828/1504/1234 1789/1465/1205 1784/1460/1202
f 1784/1460/1202 1786/1462/1204 1828/1504/1234
f 1829/1505/1234 1787/1463/1204 1757/1433/1178
f 1757/1433/1178 1759/1435/1180 1829/1505/1234
f 1830/1506/1235 1770/1446/1189 1772/1448/1191
f 1772/1448/1191 1774/1450/1193 1830/1506/1235
f 1831/1507/1235 1775/1451/1194 1778/1454/1197
f 1778/1454/1197 1790/1466/1206 1831/1507/1235
f 1832/1508/1235 1791/1467/1206 1767/1443/1187
f 1767/1443/1187 1769/1445/1189 1832/1508/1235
f 1833/1509/1236 1665/1341/1095 1668/1344/1097
f 1668/1344/1097 1795/1471/1209 1833/1509/1236
f 1833/1509/1236 1795/1471/1209 1794/1470/1208
f 1794/1470/1208 1797/1473/1211 1833/1509/1236
f 1833/1509/1236 1797/1473/1211 1661/1337/1091
f 1661/1337/1091 1664/1340/1094 1833/1509/1236
f 1834/1510/1237 1798/1474/1212 1799/1475/1213
f 1799/1475/1213 1800/1476/1214 1834/1510/1237
f 1834/1510/1237 1800/1476/1214 1685/1361/1114
f 1685/1361/1114 1688/1364/1117 1834/1510/1237
f 1834/1510/1237 1689/1365/1117 1691/1367/1119
f 1691/1367/1119 1798/1474/1212 1834/1510/1237
f 1835/1511/1238 1803/1479/1217 1793/1469/1207
f 1793/1469/1207 1796/1472/1210 1835/1511/1238
f 1835/1511/1238 1796/1472/1210 1703/1379/1130
f 1703/1379/1130 1705/1381/1132 1835/1511/1238
f 1835/1511/1238 1706/1382/1133 1709/1385/1135
f 1709/1385/1135 1803/1479/1217 1835/1511/1238
f 1836/1512/1239 1724/1400/1149 1726/1402/1150
f 1726/1402/1150 1801/1477/1215 1836/1512/1239
f 1836/1512/1239 1801/1477/1215 1802/1478/1216
f 1802/1478/1216 1804/1480/1218 1836/1512/1239
f 1836/1512/1239 1804/1480/1218 1721/1397/1146
f 1721/1397/1146 1723/1399/1148 1836/1512/1239
f 1837/1513/1240 1838/1514/1241 1839/1515/1241
f 1839/1515/1241 1840/1516/1240 1837/1513/1240
f 1841/1517/1242 1842/1518/1242 1843/1519/1243
f 1843/1519/1243 1844/1520/1243 1841/1517/1242
f 1845/1521/2 1846/1522/2 1847/1523/1244
f 1847/1523/1244 1848/1524/1244 1845/1521/2
f 1849/1525/1245 1850/1526/1246 1851/1527/1247
f 1851/1527/1247 1852/1528/1245 1849/1525/1245
f 1843/1519/1243 1853/1529/1248 1854/1530/1248
f 1854/1530/1248 1844/1520/1243 1843/1519/1243
f 1855/1531/1249 1856/1532/1250 1857/1533/1250
f 1857/1533/1250 1858/1534/1251 1855/1531/1249
f 1859/1513/1252 1860/1531/1253 1861/1534/1253
f 1861/1534/1253 1862/1514/1254 1859/1513/1252
f 1857/1533/1250 1856/1532/1250 1863/1535/1255
f 1863/1535/1255 1864/1536/1255 1857/1533/1250
f 1865/1537/2 1866/1538/2 1846/1522/2
f 1846/1522/2 1845/1521/2 1865/1537/2
f 1863/1535/1255 1842/1518/1242 1841/1517/1242
f 1841/1517/1242 1864/1536/1255 1863/1535/1255
f 1848/1524/1244 1847/1523/1244 1851/1527/1247
f 1851/1527/1247 1850/1526/1246 1848/1524/1244
f 1867/1516/1256 1868/1515/1256 1869/1539/3
f 1869/1539/3 1870/1540/3 1867/1516/1256
f 1871/1541/2 1872/1542/1257 1873/1543/1257
f 1873/1543/1257 1874/1544/2 1871/1541/2
f 1875/1545/1258 1876/1546/6 1877/1547/6
f 1877/1547/6 1878/1548/1259 1875/1545/1258
f 1879/1549/3 1880/1550/3 1881/1551/3
f 1881/1551/3 1882/1552/3 1879/1549/3
f 1883/1553/1260 1884/1554/1260 1885/1555/1261
f 1885/1555/1261 1886/1556/1261 1883/1553/1260
f 1887/1557/1262 1888/1558/1263 1875/1545/1258
f 1875/1545/1258 1878/1548/1259 1887/1557/1262
f 1889/1559/1264 1890/1560/1265 1891/1561/1266
f 1891/1561/1266 1892/1562/1267 1889/1559/1264
f 1893/1562/1268 1894/1561/1269 1873/1543/1257
f 1873/1543/1257 1872/1542/1257 1893/1562/1268
f 1895/1563/6 1890/1560/1265 1889/1559/1264
f 1889/1559/1264 1896/1564/6 1895/1563/6
f 1880/1550/3 1897/1565/3 1898/1566/3
f 1898/1566/3 1881/1551/3 1880/1550/3
f 1877/1547/6 1876/1546/6 1895/1563/6
f 1895/1563/6 1896/1564/6 1877/1547/6
f 1883/1553/1260 1879/1549/3 1882/1552/3
f 1882/1552/3 1884/1554/1260 1883/1553/1260
f 1899/1567/2 1871/1541/2 1874/1544/2
f 1874/1544/2 1900/1568/2 1899/1567/2
f 1901/1569/1 1902/1570/1 1903/1513/1
f 1903/1513/1 1904/1516/1 1901/1569/1
f 1905/1571/1 1906/1572/1 1907/1519/1
f 1907/1519/1 1908/1518/1 1905/1571/1
f 1909/1573/1 1910/1574/1 1911/1575/1
f 1911/1575/1 1912/1576/1 1909/1573/1
f 1913/1577/1 1914/1578/1 1915/1526/1
f 1915/1526/1 1916/1525/1 1913/1577/1
f 1906/1572/1 1917/1579/1 1918/1529/1
f 1918/1529/1 1907/1519/1 1906/1572/1
f 1919/1580/1 1920/1581/1 1921/1532/1
f 1921/1532/1 1922/1531/1 1919/1580/1
f 1902/1570/1 1919/1580/1 1922/1531/1
f 1922/1531/1 1903/1513/1 1902/1570/1
f 1920/1581/1 1923/1582/1 1924/1535/1
f 1924/1535/1 1921/1532/1 1920/1581/1
f 1925/1583/1 1926/1584/1 1927/1537/1
f 1927/1537/1 1928/1521/1 1925/1583/1
f 1929/1585/1 1930/1586/1 1931/1587/1
f 1931/1587/1 1932/1588/1 1929/1585/1
f 1914/1578/1 1933/1589/1 1934/1524/1
f 1934/1524/1 1915/1526/1 1914/1578/1
f 1935/1590/1 1936/1591/1 1937/1592/1
f 1937/1592/1 1938/1593/1 1935/1590/1
f 1939/1594/6 1940/1583/6 1941/1521/6
f 1941/1521/6 1942/1595/6 1939/1594/6
f 1943/1596/2 1944/1597/2 1945/1598/2
f 1945/1598/2 1946/1599/2 1943/1596/2
f 1947/1600/10 1948/1524/10 1949/1589/10
f 1949/1589/10 1950/1601/10 1947/1600/10
f 1951/1573/3 1882/1552/3 1881/1551/3
f 1881/1551/3 1952/1574/3 1951/1573/3
f 1953/1602/2 1954/1603/2 1955/1604/2
f 1955/1604/2 1956/1605/2 1953/1602/2
f 1957/1606/10 1958/1607/10 1959/1608/10
f 1959/1608/10 1960/1609/10 1957/1606/10
f 1961/1610/3 1962/1611/3 1963/1612/3
f 1963/1612/3 1964/1613/3 1961/1610/3
f 1965/1614/6 1966/1615/6 1967/1616/6
f 1967/1616/6 1968/1617/6 1965/1614/6
f 1969/1618/10 1970/1619/10 1971/1620/10
f 1971/1620/10 1972/1621/10 1969/1618/10
f 1973/1622/3 1974/1623/3 1975/1624/3
f 1975/1624/3 1976/1625/3 1973/1622/3
f 1977/1626/2 1900/1568/2 1874/1544/2
f 1874/1544/2 1978/1627/2 1977/1626/2
f 1979/1597/40 1980/1521/40 1981/1524/40
f 1981/1524/40 1982/1598/40 1979/1597/40
f 1983/1598/10 1948/1524/10 1947/1600/10
f 1947/1600/10 1984/1599/10 1983/1598/10
f 1985/1628/1 1912/1576/1 1911/1575/1
f 1911/1575/1 1986/1629/1 1985/1628/1
f 1987/1596/6 1942/1595/6 1941/1521/6
f 1941/1521/6 1988/1597/6 1987/1596/6
f 1989/1607/40 1990/1604/40 1991/1611/40
f 1991/1611/40 1992/1608/40 1989/1607/40
f 1993/1608/3 1962/1611/3 1961/1610/3
f 1961/1610/3 1994/1630/3 1993/1608/3
f 1995/1609/1 1932/1588/1 1931/1587/1
f 1931/1587/1 1996/1606/1 1995/1609/1
f 1997/1631/2 1956/1605/2 1955/1604/2
f 1955/1604/2 1998/1607/2 1997/1631/2
f 1999/1623/40 2000/1516/40 2001/1540/40
f 2001/1540/40 2002/1624/40 1999/1623/40
f 2003/1625/1 1938/1593/1 1937/1592/1
f 1937/1592/1 2004/1622/1 2003/1625/1
f 2005/1622/10 1972/1621/10 1971/1620/10
f 1971/1620/10 2006/1623/10 2005/1622/10
f 2007/1632/1270 2008/1633/1271 2009/1634/1272
f 2009/1634/1272 2010/1635/1270 2007/1632/1270
f 2011/1636/1273 2012/1637/1274 2013/1638/1275
f 2013/1638/1275 2014/1639/1273 2011/1636/1273
f 2015/1640/1276 2016/1641/2 2017/1642/2
f 2017/1642/2 2018/1643/1276 2015/1640/1276
f 2019/1644/1277 2020/1645/1277 2021/1646/1278
f 2021/1646/1278 2022/1647/1278 2019/1644/1277
f 2023/1647/1279 2024/1646/1280 2011/1636/1273
f 2011/1636/1273 2014/1639/1273 2023/1647/1279
f 2025/1648/1281 2026/1649/1281 2027/1650/1282
f 2027/1650/1282 2028/1651/1283 2025/1648/1281
f 2029/1651/1284 2030/1650/1284 2009/1634/1272
f 2009/1634/1272 2008/1633/1271 2029/1651/1284
f 2031/1652/1285 2026/1649/1281 2025/1648/1281
f 2025/1648/1281 2032/1653/1285 2031/1652/1285
f 2016/1641/2 1866/1538/2 1865/1537/2
f 1865/1537/2 2017/1642/2 2016/1641/2
f 2013/1638/1275 2012/1637/1274 2031/1652/1285
f 2031/1652/1285 2032/1653/1285 2013/1638/1275
f 2019/1644/1277 2015/1640/1276 2018/1643/1276
f 2018/1643/1276 2020/1645/1277 2019/1644/1277
f 1869/1539/3 2007/1632/1270 2010/1635/1270
f 2010/1635/1270 1870/1540/3 1869/1539/3
f 2033/1654/1286 2034/1655/1286 2035/1656/2
f 2035/1656/2 2036/1657/2 2033/1654/1286
f 2037/1658/10 2038/1659/10 2039/1660/1287
f 2039/1660/1287 2040/1661/1288 2037/1658/10
f 2041/1662/3 2042/1663/3 2043/1664/3
f 2043/1664/3 2044/1665/3 2041/1662/3
f 2045/1666/1289 2046/1667/1290 2047/1668/1290
f 2047/1668/1290 2048/1669/1291 2045/1666/1289
f 2039/1660/1287 2049/1666/1292 2050/1669/1293
f 2050/1669/1293 2040/1661/1288 2039/1660/1287
f 2051/1670/1294 2052/1671/1295 2053/1672/1296
f 2053/1672/1296 2054/1673/1297 2051/1670/1294
f 2033/1654/1286 2055/1670/1298 2056/1673/1299
f 2056/1673/1299 2034/1655/1286 2033/1654/1286
f 2053/1672/1296 2052/1671/1295 2057/1674/10
f 2057/1674/10 2058/1675/10 2053/1672/1296
f 1898/1566/3 1897/1565/3 2042/1663/3
f 2042/1663/3 2041/1662/3 1898/1566/3
f 2057/1674/10 2038/1659/10 2037/1658/10
f 2037/1658/10 2058/1675/10 2057/1674/10
f 2044/1665/3 2043/1664/3 2047/1668/1290
f 2047/1668/1290 2046/1667/1290 2044/1665/3
f 2036/1657/2 2035/1656/2 1899/1567/2
f 1899/1567/2 1900/1568/2 2036/1657/2
f 2059/1634/1 2060/1676/1 2061/1677/1
f 2061/1677/1 2062/1635/1 2059/1634/1
f 2063/1636/1 2064/1678/1 2065/1679/1
f 2065/1679/1 2066/1637/1 2063/1636/1
f 2067/1680/1 2068/1681/1 2069/1682/1
f 2069/1682/1 2070/1683/1 2067/1680/1
f 2071/1645/1 2072/1684/1 2073/1685/1
f 2073/1685/1 2074/1646/1 2071/1645/1
f 2074/1646/1 2073/1685/1 2064/1678/1
f 2064/1678/1 2063/1636/1 2074/1646/1
f 2075/1649/1 2076/1686/1 2077/1687/1
f 2077/1687/1 2078/1650/1 2075/1649/1
f 2078/1650/1 2077/1687/1 2060/1676/1
f 2060/1676/1 2059/1634/1 2078/1650/1
f 2079/1652/1 2080/1688/1 2076/1686/1
f 2076/1686/1 2075/1649/1 2079/1652/1
f 1927/1537/1 1926/1584/1 2081/1689/1
f 2081/1689/1 2082/1642/1 1927/1537/1
f 2083/1690/1 2084/1691/1 2085/1692/1
f 2085/1692/1 2086/1693/1 2083/1690/1
f 2087/1643/1 2088/1694/1 2072/1684/1
f 2072/1684/1 2071/1645/1 2087/1643/1
f 2089/1695/1 2090/1696/1 1935/1590/1
f 1935/1590/1 1938/1593/1 2089/1695/1
f 2091/1642/10 2092/1689/10 2093/1697/10
f 2093/1697/10 2094/1698/10 2091/1642/10
f 2095/1699/2 2096/1700/2 2097/1701/2
f 2097/1701/2 2098/1702/2 2095/1699/2
f 2099/1694/6 2100/1643/6 2101/1703/6
f 2101/1703/6 2102/1704/6 2099/1694/6
f 2041/1662/3 2044/1665/3 2103/1682/3
f 2103/1682/3 2104/1681/3 2041/1662/3
f 2105/1637/2 2106/1705/2 2107/1706/2
f 2107/1706/2 2108/1707/2 2105/1637/2
f 2109/1708/6 2110/1709/6 2111/1710/6
f 2111/1710/6 2112/1711/6 2109/1708/6
f 2113/1688/3 2114/1652/3 2115/1712/3
f 2115/1712/3 2116/1713/3 2113/1688/3
f 2117/1714/10 2118/1715/10 2119/1716/10
f 2119/1716/10 2120/1717/10 2117/1714/10
f 2121/1718/6 2122/1719/6 2123/1720/6
f 2123/1720/6 2124/1721/6 2121/1718/6
f 1975/1624/3 2125/1722/3 2126/1723/3
f 2126/1723/3 1976/1625/3 1975/1624/3
f 2036/1657/2 1900/1568/2 1977/1626/2
f 1977/1626/2 2127/1724/2 2036/1657/2
f 2128/1643/40 2129/1642/40 2130/1700/40
f 2130/1700/40 2131/1699/40 2128/1643/40
f 2101/1703/6 2100/1643/6 2132/1699/6
f 2132/1699/6 2133/1702/6 2101/1703/6
f 2067/1680/1 2070/1683/1 2134/1725/1
f 2134/1725/1 2135/1726/1 2067/1680/1
f 2091/1642/10 2094/1698/10 2136/1701/10
f 2136/1701/10 2137/1700/10 2091/1642/10
f 2138/1652/40 2139/1637/40 2140/1709/40
f 2140/1709/40 2141/1708/40 2138/1652/40
f 2115/1712/3 2114/1652/3 2142/1708/3
f 2142/1708/3 2143/1727/3 2115/1712/3
f 2083/1690/1 2086/1693/1 2144/1711/1
f 2144/1711/1 2145/1710/1 2083/1690/1
f 2105/1637/2 2108/1707/2 2146/1728/2
f 2146/1728/2 2147/1709/2 2105/1637/2
f 2001/1540/40 2148/1635/40 2149/1722/40
f 2149/1722/40 2002/1624/40 2001/1540/40
f 2089/1695/1 1938/1593/1 2003/1625/1
f 2003/1625/1 2150/1723/1 2089/1695/1
f 2121/1718/6 2124/1721/6 2151/1723/6
f 2151/1723/6 2152/1722/6 2121/1718/6
f 2153/1729/1240 2154/1730/1241 2155/1731/1241
f 2155/1731/1241 2156/1732/1240 2153/1729/1240
f 2157/1733/1242 2158/1734/1242 2159/1735/1243
f 2159/1735/1243 2160/1736/1243 2157/1733/1242
f 2161/1737/2 2162/1738/2 2163/1739/1244
f 2163/1739/1244 2164/1740/1244 2161/1737/2
f 2165/1741/1245 2166/1742/1300 2167/1743/1246
f 2167/1743/1246 2168/1744/1245 2165/1741/1245
f 2159/1735/1243 2169/1745/1248 2170/1746/1301
f 2170/1746/1301 2160/1736/1243 2159/1735/1243
f 2171/1747/1302 2172/1748/1303 2173/1749/1303
f 2173/1749/1303 2174/1750/1304 2171/1747/1302
f 2175/1729/1252 2176/1747/1253 2177/1750/1253
f 2177/1750/1253 2178/1730/1254 2175/1729/1252
f 2173/1749/1303 2172/1748/1303 2179/1751/1255
f 2179/1751/1255 2180/1752/1255 2173/1749/1303
f 2181/1753/2 2182/1754/2 2162/1738/2
f 2162/1738/2 2161/1737/2 2181/1753/2
f 2179/1751/1255 2158/1734/1242 2157/1733/1242
f 2157/1733/1242 2180/1752/1255 2179/1751/1255
f 2164/1740/1244 2163/1739/1244 2167/1743/1246
f 2167/1743/1246 2166/1742/1300 2164/1740/1244
f 2183/1732/1256 2184/1731/1256 2185/1755/3
f 2185/1755/3 2186/1756/3 2183/1732/1256
f 2187/1757/2 2188/1758/1257 2189/1759/1257
f 2189/1759/1257 2190/1760/2 2187/1757/2
f 2191/1761/1259 2192/1762/6 2193/1763/6
f 2193/1763/6 2194/1764/1305 2191/1761/1259
f 2195/1765/3 2196/1766/3 2197/1767/3
f 2197/1767/3 2198/1768/3 2195/1765/3
f 2199/1769/1260 2200/1770/1260 2201/1771/1261
f 2201/1771/1261 2202/1772/1261 2199/1769/1260
f 2203/1773/1306 2204/1774/1307 2191/1761/1259
f 2191/1761/1259 2194/1764/1305 2203/1773/1306
f 2205/1775/1308 2206/1776/1309 2207/1777/1310
f 2207/1777/1310 2208/1778/1311 2205/1775/1308
f 2209/1778/1268 2210/1777/1269 2189/1759/1257
f 2189/1759/1257 2188/1758/1257 2209/1778/1268
f 2211/1779/6 2206/1776/1309 2205/1775/1308
f 2205/1775/1308 2212/1780/6 2211/1779/6
f 2196/1766/3 2213/1781/3 2214/1782/3
f 2214/1782/3 2197/1767/3 2196/1766/3
f 2193/1763/6 2192/1762/6 2211/1779/6
f 2211/1779/6 2212/1780/6 2193/1763/6
f 2199/1769/1260 2195/1765/3 2198/1768/3
f 2198/1768/3 2200/1770/1260 2199/1769/1260
f 2215/1783/2 2187/1757/2 2190/1760/2
f 2190/1760/2 2216/1784/2 2215/1783/2
f 2217/1785/1 2218/1786/1 2219/1729/1
f 2219/1729/1 2220/1732/1 2217/1785/1
f 2221/1787/1 2222/1788/1 2223/1735/1
f 2223/1735/1 2224/1734/1 2221/1787/1
f 2225/1789/1 2226/1790/1 2227/1791/1
f 2227/1791/1 2228/1792/1 2225/1789/1
f 2229/1793/1 2230/1794/1 2231/1742/1
f 2231/1742/1 2232/1741/1 2229/1793/1
f 2222/1788/1 2233/1795/1 2234/1745/1
f 2234/1745/1 2223/1735/1 2222/1788/1
f 2235/1796/1 2236/1797/1 2237/1748/1
f 2237/1748/1 2238/1747/1 2235/1796/1
f 2218/1786/1 2235/1796/1 2238/1747/1
f 2238/1747/1 2219/1729/1 2218/1786/1
f 2236/1797/1 2239/1798/1 2240/1751/1
f 2240/1751/1 2237/1748/1 2236/1797/1
f 2241/1799/1 2242/1800/1 2243/1753/1
f 2243/1753/1 2244/1737/1 2241/1799/1
f 2245/1801/1 2246/1802/1 2247/1803/1
f 2247/1803/1 2248/1804/1 2245/1801/1
f 2230/1794/1 2249/1805/1 2250/1740/1
f 2250/1740/1 2231/1742/1 2230/1794/1
f 2251/1806/1 2252/1807/1 2253/1808/1
f 2253/1808/1 2254/1809/1 2251/1806/1
f 2255/1810/6 2256/1799/6 2257/1737/6
f 2257/1737/6 2258/1811/6 2255/1810/6
f 2259/1812/2 2260/1813/2 2261/1814/2
f 2261/1814/2 2262/1815/2 2259/1812/2
f 2263/1816/10 2264/1740/10 2265/1805/10
f 2265/1805/10 2266/1817/10 2263/1816/10
f 2267/1789/3 2198/1768/3 2197/1767/3
f 2197/1767/3 2268/1790/3 2267/1789/3
f 2269/1818/2 2270/1819/2 2271/1820/2
f 2271/1820/2 2272/1821/2 2269/1818/2
f 2273/1822/10 2274/1823/10 2275/1824/10
f 2275/1824/10 2276/1825/10 2273/1822/10
f 2277/1826/3 2278/1827/3 2279/1828/3
f 2279/1828/3 2280/1829/3 2277/1826/3
f 2281/1830/6 2282/1831/6 2283/1832/6
f 2283/1832/6 2284/1833/6 2281/1830/6
f 2285/1834/10 2286/1835/10 2287/1836/10
f 2287/1836/10 2288/1837/10 2285/1834/10
f 2289/1838/3 2290/1839/3 2291/1840/3
f 2291/1840/3 2292/1841/3 2289/1838/3
f 2293/1842/2 2216/1784/2 2190/1760/2
f 2190/1760/2 2294/1843/2 2293/1842/2
f 2295/1813/40 2296/1737/40 2297/1740/40
f 2297/1740/40 2298/1814/40 2295/1813/40
f 2299/1814/10 2264/1740/10 2263/1816/10
f 2263/1816/10 2300/1815/10 2299/1814/10
f 2301/1844/1 2228/1792/1 2227/1791/1
f 2227/1791/1 2302/1845/1 2301/1844/1
f 2303/1812/6 2258/1811/6 2257/1737/6
f 2257/1737/6 2304/1813/6 2303/1812/6
f 2305/1823/40 2306/1820/40 2307/1827/40
f 2307/1827/40 2308/1824/40 2305/1823/40
f 2309/1824/3 2278/1827/3 2277/1826/3
f 2277/1826/3 2310/1846/3 2309/1824/3
f 2311/1825/1 2248/1804/1 2247/1803/1
f 2247/1803/1 2312/1822/1 2311/1825/1
f 2313/1847/2 2272/1821/2 2271/1820/2
f 2271/1820/2 2314/1823/2 2313/1847/2
f 2315/1839/40 2316/1732/40 2317/1756/40
f 2317/1756/40 2318/1840/40 2315/1839/40
f 2319/1841/1 2254/1809/1 2253/1808/1
f 2253/1808/1 2320/1838/1 2319/1841/1
f 2321/1838/10 2288/1837/10 2287/1836/10
f 2287/1836/10 2322/1839/10 2321/1838/10
f 2323/1848/1270 2324/1849/1271 2325/1850/1272
f 2325/1850/1272 2326/1851/1270 2323/1848/1270
f 2327/1852/1273 2328/1853/1275 2329/1854/1274
f 2329/1854/1274 2330/1855/1273 2327/1852/1273
f 2331/1856/1276 2332/1857/2 2333/1858/2
f 2333/1858/2 2334/1859/1276 2331/1856/1276
f 2335/1860/1277 2336/1861/1277 2337/1862/1278
f 2337/1862/1278 2338/1863/1278 2335/1860/1277
f 2339/1863/1312 2340/1862/1313 2327/1852/1273
f 2327/1852/1273 2330/1855/1273 2339/1863/1312
f 2341/1864/1314 2342/1865/1314 2343/1866/1283
f 2343/1866/1283 2344/1867/1315 2341/1864/1314
f 2345/1867/1284 2346/1866/1284 2325/1850/1272
f 2325/1850/1272 2324/1849/1271 2345/1867/1284
f 2347/1868/1285 2342/1865/1314 2341/1864/1314
f 2341/1864/1314 2348/1869/1316 2347/1868/1285
f 2332/1857/2 2182/1754/2 2181/1753/2
f 2181/1753/2 2333/1858/2 2332/1857/2
f 2329/1854/1274 2328/1853/1275 2347/1868/1285
f 2347/1868/1285 2348/1869/1316 2329/1854/1274
f 2335/1860/1277 2331/1856/1276 2334/1859/1276
f 2334/1859/1276 2336/1861/1277 2335/1860/1277
f 2185/1755/3 2323/1848/1270 2326/1851/1270
f 2326/1851/1270 2186/1756/3 2185/1755/3
f 2349/1870/1286 2350/1871/1286 2351/1872/2
f 2351/1872/2 2352/1873/2 2349/1870/1286
f 2353/1874/10 2354/1875/10 2355/1876/1317
f 2355/1876/1317 2356/1877/1287 2353/1874/10
f 2357/1878/3 2358/1879/3 2359/1880/3
f 2359/1880/3 2360/1881/3 2357/1878/3
f 2361/1882/1318 2362/1883/1290 2363/1884/1290
f 2363/1884/1290 2364/1885/1291 2361/1882/1318
f 2355/1876/1317 2365/1882/1293 2366/1885/1319
f 2366/1885/1319 2356/1877/1287 2355/1876/1317
f 2367/1886/1320 2368/1887/1321 2369/1888/1322
f 2369/1888/1322 2370/1889/1323 2367/1886/1320
f 2349/1870/1286 2371/1886/1324 2372/1889/1299
f 2372/1889/1299 2350/1871/1286 2349/1870/1286
f 2369/1888/1322 2368/1887/1321 2373/1890/10
f 2373/1890/10 2374/1891/10 2369/1888/1322
f 2214/1782/3 2213/1781/3 2358/1879/3
f 2358/1879/3 2357/1878/3 2214/1782/3
f 2373/1890/10 2354/1875/10 2353/1874/10
f 2353/1874/10 2374/1891/10 2373/1890/10
f 2360/1881/3 2359/1880/3 2363/1884/1290
f 2363/1884/1290 2362/1883/1290 2360/1881/3
f 2352/1873/2 2351/1872/2 2215/1783/2
f 2215/1783/2 2216/1784/2 2352/1873/2
f 2375/1850/1 2376/1892/1 2377/1893/1
f 2377/1893/1 2378/1851/1 2375/1850/1
f 2379/1852/1 2380/1894/1 2381/1895/1
f 2381/1895/1 2382/1853/1 2379/1852/1
f 2383/1896/1 2384/1897/1 2385/1898/1
f 2385/1898/1 2386/1899/1 2383/1896/1
f 2387/1861/1 2388/1900/1 2389/1901/1
f 2389/1901/1 2390/1862/1 2387/1861/1
f 2390/1862/1 2389/1901/1 2380/1894/1
f 2380/1894/1 2379/1852/1 2390/1862/1
f 2391/1865/1 2392/1902/1 2393/1903/1
f 2393/1903/1 2394/1866/1 2391/1865/1
f 2394/1866/1 2393/1903/1 2376/1892/1
f 2376/1892/1 2375/1850/1 2394/1866/1
f 2395/1868/1 2396/1904/1 2392/1902/1
f 2392/1902/1 2391/1865/1 2395/1868/1
f 2243/1753/1 2242/1800/1 2397/1905/1
f 2397/1905/1 2398/1858/1 2243/1753/1
f 2399/1906/1 2400/1907/1 2401/1908/1
f 2401/1908/1 2402/1909/1 2399/1906/1
f 2403/1859/1 2404/1910/1 2388/1900/1
f 2388/1900/1 2387/1861/1 2403/1859/1
f 2405/1911/1 2406/1912/1 2251/1806/1
f 2251/1806/1 2254/1809/1 2405/1911/1
f 2407/1858/10 2408/1905/10 2409/1913/10
f 2409/1913/10 2410/1914/10 2407/1858/10
f 2411/1915/2 2412/1916/2 2413/1917/2
f 2413/1917/2 2414/1918/2 2411/1915/2
f 2415/1910/6 2416/1859/6 2417/1919/6
f 2417/1919/6 2418/1920/6 2415/1910/6
f 2357/1878/3 2360/1881/3 2419/1898/3
f 2419/1898/3 2420/1897/3 2357/1878/3
f 2421/1853/2 2422/1921/2 2423/1922/2
f 2423/1922/2 2424/1923/2 2421/1853/2
f 2425/1924/6 2426/1925/6 2427/1926/6
f 2427/1926/6 2428/1927/6 2425/1924/6
f 2429/1904/3 2430/1868/3 2431/1928/3
f 2431/1928/3 2432/1929/3 2429/1904/3
f 2433/1930/10 2434/1931/10 2435/1932/10
f 2435/1932/10 2436/1933/10 2433/1930/10
f 2437/1934/6 2438/1935/6 2439/1936/6
f 2439/1936/6 2440/1937/6 2437/1934/6
f 2291/1840/3 2441/1938/3 2442/1939/3
f 2442/1939/3 2292/1841/3 2291/1840/3
f 2352/1873/2 2216/1784/2 2293/1842/2
f 2293/1842/2 2443/1940/2 2352/1873/2
f 2444/1859/40 2445/1858/40 2446/1916/40
f 2446/1916/40 2447/1915/40 2444/1859/40
f 2417/1919/6 2416/1859/6 2448/1915/6
f 2448/1915/6 2449/1918/6 2417/1919/6
f 2383/1896/1 2386/1899/1 2450/1941/1
f 2450/1941/1 2451/1942/1 2383/1896/1
f 2407/1858/10 2410/1914/10 2452/1917/10
f 2452/1917/10 2453/1916/10 2407/1858/10
f 2454/1868/40 2455/1853/40 2456/1925/40
f 2456/1925/40 2457/1924/40 2454/1868/40
f 2431/1928/3 2430/1868/3 2458/1924/3
f 2458/1924/3 2459/1943/3 2431/1928/3
f 2399/1906/1 2402/1909/1 2460/1927/1
f 2460/1927/1 2461/1926/1 2399/1906/1
f 2421/1853/2 2424/1923/2 2462/1944/2
f 2462/1944/2 2463/1925/2 2421/1853/2
f 2317/1756/40 2464/1851/40 2465/1938/40
f 2465/1938/40 2318/1840/40 2317/1756/40
f 2405/1911/1 2254/1809/1 2319/1841/1
f 2319/1841/1 2466/1939/1 2405/1911/1
f 2437/1934/6 2440/1937/6 2467/1939/6
f 2467/1939/6 2468/1938/6 2437/1934/6
f 2469/312/1325 2470/130/1326 2471/128/1327
f 2471/128/1327 2472/311/1328 2469/312/1325
f 2473/197/164 2474/312/1329 2475/311/1330
f 2475/311/1330 2476/195/162 2473/197/164
f 2477/327/1331 2478/81/52 2479/79/281
f 2479/79/281 2480/326/383 2477/327/1331
f 2481/229/1332 2477/327/1331 2480/326/383
f 2480/326/383 2482/227/192 2481/229/1332
f 2479/79/281 2478/81/52 2483/82/53
f 2483/82/53 2484/80/51 2479/79/281
f 2485/77/1333 2479/79/281 2484/80/51
f 2484/80/51 2486/78/49 2485/77/1333
f 2487/75/47 2485/77/1333 2486/78/49
f 2486/78/49 2488/76/10 2487/75/47
f 2489/73/45 2487/75/47 2488/76/10
f 2488/76/10 2490/74/46 2489/73/45
f 2491/71/43 2489/73/45 2490/74/46
f 2490/74/46 2492/72/44 2491/71/43
f 2493/69/1334 2491/71/43 2492/72/44
f 2492/72/44 2494/70/42 2493/69/1334
f 2495/67/39 2493/69/1334 2494/70/42
f 2494/70/42 2496/68/40 2495/67/39
f 2497/65/273 2495/67/39 2496/68/40
f 2496/68/40 2498/66/38 2497/65/273
f 2499/63/35 2497/65/273 2498/66/38
f 2498/66/38 2500/64/36 2499/63/35
f 2501/62/33 2499/63/35 2500/64/36
f 2500/64/36 2502/61/34 2501/62/33
f 2503/57/32 2504/59/33 2505/60/34
f 2505/60/34 2506/58/6 2503/57/32
f 2507/55/30 2503/57/32 2506/58/6
f 2506/58/6 2508/56/31 2507/55/30
f 2509/47/22 2507/55/30 2508/56/31
f 2508/56/31 2510/54/29 2509/47/22
f 2511/48/279 2509/47/22 2510/54/29
f 2510/54/29 2512/53/28 2511/48/279
f 2513/83/54 2511/48/279 2512/53/28
f 2512/53/28 2514/84/1 2513/83/54
f 2478/81/52 2513/83/54 2514/84/1
f 2514/84/1 2483/82/53 2478/81/52
f 2515/99/68 2516/87/3 2517/100/1335
f 2518/98/67 2516/87/3 2515/99/68
f 2519/97/66 2516/87/3 2518/98/67
f 2520/96/65 2516/87/3 2519/97/66
f 2521/95/1336 2516/87/3 2520/96/65
f 2522/94/63 2516/87/3 2521/95/1336
f 2523/93/291 2516/87/3 2522/94/63
f 2524/92/1337 2516/87/3 2523/93/291
f 2525/91/282 2516/87/3 2524/92/1337
f 2526/90/1338 2516/87/3 2525/91/282
f 2527/89/58 2516/87/3 2526/90/1338
f 2528/88/1339 2516/87/3 2527/89/58
f 2529/85/1340 2516/87/3 2528/88/1339
f 2530/86/1341 2516/87/3 2529/85/1340
f 2531/101/70 2516/87/3 2530/86/1341
f 2517/100/1335 2516/87/3 2531/101/70
f 2532/128/98 2533/130/1342 2534/131/101
f 2534/131/101 2535/129/1343 2532/128/98
f 2536/126/96 2532/128/98 2535/129/1343
f 2535/129/1343 2537/127/97 2536/126/96
f 2538/124/94 2536/126/96 2537/127/97
f 2537/127/97 2539/125/95 2538/124/94
f 2540/122/1344 2538/124/94 2539/125/95
f 2539/125/95 2541/123/1345 2540/122/1344
f 2542/120/90 2540/122/1344 2541/123/1345
f 2541/123/1345 2543/121/1346 2542/120/90
f 2544/118/1347 2542/120/90 2543/121/1346
f 2543/121/1346 2545/119/89 2544/118/1347
f 2546/116/86 2544/118/1347 2545/119/89
f 2545/119/89 2547/117/87 2546/116/86
f 2548/114/84 2546/116/86 2547/117/87
f 2547/117/87 2549/115/85 2548/114/84
f 2550/112/82 2548/114/84 2549/115/85
f 2549/115/85 2551/113/1348 2550/112/82
f 2552/111/79 2550/112/82 2551/113/1348
f 2551/113/1348 2553/110/80 2552/111/79
f 2554/106/77 2555/108/79 2556/109/80
f 2556/109/80 2557/107/1349 2554/106/77
f 2558/104/75 2554/106/77 2557/107/1349
f 2557/107/1349 2559/105/76 2558/104/75
f 2560/41/73 2558/104/75 2559/105/76
f 2559/105/76 2561/103/74 2560/41/73
f 2562/42/72 2560/41/73 2561/103/74
f 2561/103/74 2563/102/1350 2562/42/72
f 2564/132/102 2562/42/72 2563/102/1350
f 2563/102/1350 2565/133/1351 2564/132/102
f 2533/130/1342 2564/132/102 2565/133/1351
f 2565/133/1351 2534/131/101 2533/130/1342
f 2566/162/313 2567/164/1352 2568/165/133
f 2568/165/133 2569/163/131 2566/162/313
f 2570/160/128 2566/162/313 2569/163/131
f 2569/163/131 2571/161/314 2570/160/128
f 2572/158/126 2570/160/128 2571/161/314
f 2571/161/314 2573/159/127 2572/158/126
f 2574/156/124 2572/158/126 2573/159/127
f 2573/159/127 2575/157/125 2574/156/124
f 2576/154/122 2574/156/124 2575/157/125
f 2575/157/125 2577/155/123 2576/154/122
f 2578/152/120 2576/154/122 2577/155/123
f 2577/155/123 2579/153/121 2578/152/120
f 2580/150/118 2578/152/120 2579/153/121
f 2579/153/121 2581/151/119 2580/150/118
f 2582/148/116 2580/150/118 2581/151/119
f 2581/151/119 2583/149/1353 2582/148/116
f 2584/146/305 2582/148/116 2583/149/1353
f 2583/149/1353 2585/147/115 2584/146/305
f 2586/145/112 2584/146/305 2585/147/115
f 2585/147/115 2587/144/113 2586/145/112
f 2588/140/110 2589/142/112 2590/143/113
f 2590/143/113 2591/141/111 2588/140/110
f 2592/138/1354 2588/140/110 2591/141/111
f 2591/141/111 2593/139/109 2592/138/1354
f 2594/136/106 2592/138/1354 2593/139/109
f 2593/139/109 2595/137/107 2594/136/106
f 2596/135/105 2594/136/106 2595/137/107
f 2595/137/107 2597/134/311 2596/135/105
f 2598/166/134 2596/135/105 2597/134/311
f 2597/134/311 2599/167/135 2598/166/134
f 2567/164/1352 2598/166/134 2599/167/135
f 2599/167/135 2568/165/133 2567/164/1352
f 2600/194/161 2601/196/1355 2473/197/164
f 2473/197/164 2476/195/162 2600/194/161
f 2602/192/324 2600/194/161 2476/195/162
f 2476/195/162 2603/193/160 2602/192/324
f 2604/190/157 2602/192/324 2603/193/160
f 2603/193/160 2605/191/158 2604/190/157
f 2606/188/155 2604/190/157 2605/191/158
f 2605/191/158 2607/189/156 2606/188/155
f 2608/186/153 2606/188/155 2607/189/156
f 2607/189/156 2609/187/154 2608/186/153
f 2610/184/1356 2608/186/153 2609/187/154
f 2609/187/154 2611/185/1357 2610/184/1356
f 2612/182/149 2610/184/1356 2611/185/1357
f 2611/185/1357 2613/183/150 2612/182/149
f 2614/180/147 2612/182/149 2613/183/150
f 2613/183/150 2615/181/148 2614/180/147
f 2616/178/145 2614/180/147 2615/181/148
f 2615/181/148 2617/179/146 2616/178/145
f 2618/177/144 2616/178/145 2617/179/146
f 2617/179/146 2619/176/143 2618/177/144
f 2620/172/140 2621/174/318 2622/175/143
f 2622/175/143 2623/173/141 2620/172/140
f 2624/170/1358 2620/172/140 2623/173/141
f 2623/173/141 2625/171/139 2624/170/1358
f 2626/169/137 2624/170/1358 2625/171/139
f 2625/171/139 2627/46/321 2626/169/137
f 2628/168/1359 2626/169/137 2627/46/321
f 2627/46/321 2629/45/1360 2628/168/1359
f 2630/198/165 2628/168/1359 2629/45/1360
f 2629/45/1360 2631/199/1361 2630/198/165
f 2601/196/1355 2630/198/165 2631/199/1361
f 2631/199/1361 2473/197/164 2601/196/1355
f 2632/226/191 2633/228/193 2481/229/1332
f 2481/229/1332 2482/227/192 2632/226/191
f 2634/224/189 2632/226/191 2482/227/192
f 2482/227/192 2635/225/190 2634/224/189
f 2636/222/187 2634/224/189 2635/225/190
f 2635/225/190 2637/223/336 2636/222/187
f 2638/220/185 2636/222/187 2637/223/336
f 2637/223/336 2639/221/337 2638/220/185
f 2640/218/183 2638/220/185 2639/221/337
f 2639/221/337 2641/219/1362 2640/218/183
f 2642/216/181 2640/218/183 2641/219/1362
f 2641/219/1362 2643/217/182 2642/216/181
f 2644/214/179 2642/216/181 2643/217/182
f 2643/217/182 2645/215/341 2644/214/179
f 2646/212/177 2644/214/179 2645/215/341
f 2645/215/341 2647/213/275 2646/212/177
f 2648/210/175 2646/212/177 2647/213/275
f 2647/213/275 2649/211/276 2648/210/175
f 2650/209/173 2648/210/175 2649/211/276
f 2649/211/276 2651/208/174 2650/209/173
f 2652/204/171 2653/206/173 2654/207/174
f 2654/207/174 2655/205/172 2652/204/171
f 2656/202/169 2652/204/171 2655/205/172
f 2655/205/172 2657/203/1363 2656/202/169
f 2658/201/168 2656/202/169 2657/203/1363
f 2657/203/1363 2659/52/27 2658/201/168
f 2660/200/167 2658/201/168 2659/52/27
f 2659/52/27 2661/51/26 2660/200/167
f 2662/230/195 2660/200/167 2661/51/26
f 2661/51/26 2663/231/196 2662/230/195
f 2633/228/193 2662/230/195 2663/231/196
f 2663/231/196 2481/229/1332 2633/228/193
f 2664/261/214 2567/164/1352 2566/162/313
f 2566/162/313 2665/259/213 2664/261/214
f 2517/100/1335 2666/262/215 2667/260/213
f 2667/260/213 2515/99/68 2517/100/1335
f 2665/259/213 2566/162/313 2570/160/128
f 2570/160/128 2668/257/212 2665/259/213
f 2515/99/68 2667/260/213 2669/258/212
f 2669/258/212 2518/98/67 2515/99/68
f 2668/257/212 2570/160/128 2572/158/126
f 2572/158/126 2670/255/211 2668/257/212
f 2518/98/67 2669/258/212 2671/256/211
f 2671/256/211 2519/97/66 2518/98/67
f 2670/255/211 2572/158/126 2574/156/124
f 2574/156/124 2672/253/209 2670/255/211
f 2519/97/66 2671/256/211 2673/254/209
f 2673/254/209 2520/96/65 2519/97/66
f 2672/253/209 2574/156/124 2576/154/122
f 2576/154/122 2674/251/208 2672/253/209
f 2520/96/65 2673/254/209 2675/252/1364
f 2675/252/1364 2521/95/1336 2520/96/65
f 2674/251/208 2576/154/122 2578/152/120
f 2578/152/120 2676/249/207 2674/251/208
f 2521/95/1336 2675/252/1364 2677/250/207
f 2677/250/207 2522/94/63 2521/95/1336
f 2676/249/207 2578/152/120 2580/150/118
f 2580/150/118 2678/247/206 2676/249/207
f 2522/94/63 2677/250/207 2679/248/206
f 2679/248/206 2523/93/291 2522/94/63
f 2678/247/206 2580/150/118 2582/148/116
f 2582/148/116 2680/245/205 2678/247/206
f 2523/93/291 2679/248/206 2681/246/205
f 2681/246/205 2524/92/1337 2523/93/291
f 2680/245/205 2582/148/116 2584/146/305
f 2584/146/305 2682/243/204 2680/245/205
f 2524/92/1337 2681/246/205 2683/244/204
f 2683/244/204 2525/91/282 2524/92/1337
f 2682/243/204 2584/146/305 2586/145/112
f 2586/145/112 2684/242/202 2682/243/204
f 2525/91/282 2683/244/204 2685/241/202
f 2685/241/202 2526/90/1338 2525/91/282
f 2686/240/343 2589/142/112 2588/140/110
f 2588/140/110 2687/238/201 2686/240/343
f 2526/90/1338 2685/241/202 2688/239/201
f 2688/239/201 2527/89/58 2526/90/1338
f 2687/238/201 2588/140/110 2592/138/1354
f 2592/138/1354 2689/236/200 2687/238/201
f 2527/89/58 2688/239/201 2690/237/200
f 2690/237/200 2528/88/1339 2527/89/58
f 2689/236/200 2592/138/1354 2594/136/106
f 2594/136/106 2691/233/198 2689/236/200
f 2528/88/1339 2690/237/200 2692/234/198
f 2692/234/198 2529/85/1340 2528/88/1339
f 2691/233/198 2594/136/106 2596/135/105
f 2596/135/105 2693/232/199 2691/233/198
f 2529/85/1340 2692/234/198 2694/235/199
f 2694/235/199 2530/86/1341 2529/85/1340
f 2693/232/199 2596/135/105 2598/166/134
f 2598/166/134 2695/263/216 2693/232/199
f 2530/86/1341 2694/235/199 2696/264/216
f 2696/264/216 2531/101/70 2530/86/1341
f 2666/262/215 2517/100/1335 2531/101/70
f 2531/101/70 2696/264/216 2666/262/215
f 2567/164/1352 2664/261/214 2695/263/216
f 2695/263/216 2598/166/134 2567/164/1352
f 2697/281/1365 2568/165/133 2599/167/135
f 2599/167/135 2698/266/1366 2697/281/1365
f 2601/196/1355 2697/281/1365 2698/266/1366
f 2698/266/1366 2630/198/165 2601/196/1355
f 2697/281/1365 2601/196/1355 2600/194/161
f 2600/194/161 2699/280/1367 2697/281/1365
f 2568/165/133 2697/281/1365 2699/280/1367
f 2699/280/1367 2569/163/131 2568/165/133
f 2699/280/1367 2600/194/161 2602/192/324
f 2602/192/324 2700/279/1368 2699/280/1367
f 2569/163/131 2699/280/1367 2700/279/1368
f 2700/279/1368 2571/161/314 2569/163/131
f 2700/279/1368 2602/192/324 2604/190/157
f 2604/190/157 2701/278/1369 2700/279/1368
f 2571/161/314 2700/279/1368 2701/278/1369
f 2701/278/1369 2573/159/127 2571/161/314
f 2701/278/1369 2604/190/157 2606/188/155
f 2606/188/155 2702/277/1370 2701/278/1369
f 2573/159/127 2701/278/1369 2702/277/1370
f 2702/277/1370 2575/157/125 2573/159/127
f 2702/277/1370 2606/188/155 2608/186/153
f 2608/186/153 2703/276/242 2702/277/1370
f 2575/157/125 2702/277/1370 2703/276/242
f 2703/276/242 2577/155/123 2575/157/125
f 2703/276/242 2608/186/153 2610/184/1356
f 2610/184/1356 2704/275/1371 2703/276/242
f 2577/155/123 2703/276/242 2704/275/1371
f 2704/275/1371 2579/153/121 2577/155/123
f 2704/275/1371 2610/184/1356 2612/182/149
f 2612/182/149 2705/274/1372 2704/275/1371
f 2579/153/121 2704/275/1371 2705/274/1372
f 2705/274/1372 2581/151/119 2579/153/121
f 2705/274/1372 2612/182/149 2614/180/147
f 2614/180/147 2706/273/1373 2705/274/1372
f 2581/151/119 2705/274/1372 2706/273/1373
f 2706/273/1373 2583/149/1353 2581/151/119
f 2706/273/1373 2614/180/147 2616/178/145
f 2616/178/145 2707/272/1374 2706/273/1373
f 2583/149/1353 2706/273/1373 2707/272/1374
f 2707/272/1374 2585/147/115 2583/149/1353
f 2707/272/1374 2616/178/145 2618/177/144
f 2618/177/144 2708/271/348 2707/272/1374
f 2585/147/115 2707/272/1374 2708/271/348
f 2708/271/348 2587/144/113 2585/147/115
f 2709/270/222 2621/174/318 2620/172/140
f 2620/172/140 2710/269/1375 2709/270/222
f 2590/143/113 2709/270/222 2710/269/1375
f 2710/269/1375 2591/141/111 2590/143/113
f 2710/269/1375 2620/172/140 2624/170/1358
f 2624/170/1358 2711/268/1376 2710/269/1375
f 2591/141/111 2710/269/1375 2711/268/1376
f 2711/268/1376 2593/139/109 2591/141/111
f 2711/268/1376 2624/170/1358 2626/169/137
f 2626/169/137 2712/267/351 2711/268/1376
f 2593/139/109 2711/268/1376 2712/267/351
f 2712/267/351 2595/137/107 2593/139/109
f 2712/267/351 2626/169/137 2628/168/1359
f 2628/168/1359 2713/265/1377 2712/267/351
f 2595/137/107 2712/267/351 2713/265/1377
f 2713/265/1377 2597/134/311 2595/137/107
f 2713/265/1377 2628/168/1359 2630/198/165
f 2630/198/165 2698/266/1366 2713/265/1377
f 2597/134/311 2713/265/1377 2698/266/1366
f 2698/266/1366 2599/167/135 2597/134/311
f 2714/298/1378 2534/131/101 2565/133/1351
f 2565/133/1351 2715/283/1379 2714/298/1378
f 2633/228/193 2714/298/1378 2715/283/1379
f 2715/283/1379 2662/230/195 2633/228/193
f 2714/298/1378 2633/228/193 2632/226/191
f 2632/226/191 2716/297/354 2714/298/1378
f 2534/131/101 2714/298/1378 2716/297/354
f 2716/297/354 2535/129/1343 2534/131/101
f 2716/297/354 2632/226/191 2634/224/189
f 2634/224/189 2717/296/1380 2716/297/354
f 2535/129/1343 2716/297/354 2717/296/1380
f 2717/296/1380 2537/127/97 2535/129/1343
f 2717/296/1380 2634/224/189 2636/222/187
f 2636/222/187 2718/295/229 2717/296/1380
f 2537/127/97 2717/296/1380 2718/295/229
f 2718/295/229 2539/125/95 2537/127/97
f 2718/295/229 2636/222/187 2638/220/185
f 2638/220/185 2719/294/1381 2718/295/229
f 2539/125/95 2718/295/229 2719/294/1381
f 2719/294/1381 2541/123/1345 2539/125/95
f 2719/294/1381 2638/220/185 2640/218/183
f 2640/218/183 2720/293/1382 2719/294/1381
f 2541/123/1345 2719/294/1381 2720/293/1382
f 2720/293/1382 2543/121/1346 2541/123/1345
f 2720/293/1382 2640/218/183 2642/216/181
f 2642/216/181 2721/292/1383 2720/293/1382
f 2543/121/1346 2720/293/1382 2721/292/1383
f 2721/292/1383 2545/119/89 2543/121/1346
f 2721/292/1383 2642/216/181 2644/214/179
f 2644/214/179 2722/291/1384 2721/292/1383
f 2545/119/89 2721/292/1383 2722/291/1384
f 2722/291/1384 2547/117/87 2545/119/89
f 2722/291/1384 2644/214/179 2646/212/177
f 2646/212/177 2723/290/224 2722/291/1384
f 2547/117/87 2722/291/1384 2723/290/224
f 2723/290/224 2549/115/85 2547/117/87
f 2723/290/224 2646/212/177 2648/210/175
f 2648/210/175 2724/289/1385 2723/290/224
f 2549/115/85 2723/290/224 2724/289/1385
f 2724/289/1385 2551/113/1348 2549/115/85
f 2724/289/1385 2648/210/175 2650/209/173
f 2650/209/173 2725/288/237 2724/289/1385
f 2551/113/1348 2724/289/1385 2725/288/237
f 2725/288/237 2553/110/80 2551/113/1348
f 2726/287/237 2653/206/173 2652/204/171
f 2652/204/171 2727/286/1386 2726/287/237
f 2556/109/80 2726/287/237 2727/286/1386
f 2727/286/1386 2557/107/1349 2556/109/80
f 2727/286/1386 2652/204/171 2656/202/169
f 2656/202/169 2728/285/1387 2727/286/1386
f 2557/107/1349 2727/286/1386 2728/285/1387
f 2728/285/1387 2559/105/76 2557/107/1349
f 2728/285/1387 2656/202/169 2658/201/168
f 2658/201/168 2729/284/1388 2728/285/1387
f 2559/105/76 2728/285/1387 2729/284/1388
f 2729/284/1388 2561/103/74 2559/105/76
f 2729/284/1388 2658/201/168 2660/200/167
f 2660/200/167 2730/282/1377 2729/284/1388
f 2561/103/74 2729/284/1388 2730/282/1377
f 2730/282/1377 2563/102/1350 2561/103/74
f 2730/282/1377 2660/200/167 2662/230/195
f 2662/230/195 2715/283/1379 2730/282/1377
f 2563/102/1350 2730/282/1377 2715/283/1379
f 2715/283/1379 2565/133/1351 2563/102/1350
f 2475/311/1330 2532/128/98 2536/126/96
f 2536/126/96 2731/310/255 2475/311/1330
f 2476/195/162 2475/311/1330 2731/310/255
f 2731/310/255 2603/193/160 2476/195/162
f 2731/310/255 2536/126/96 2538/124/94
f 2538/124/94 2732/309/1389 2731/310/255
f 2603/193/160 2731/310/255 2732/309/1389
f 2732/309/1389 2605/191/158 2603/193/160
f 2732/309/1389 2538/124/94 2540/122/1344
f 2540/122/1344 2733/308/1390 2732/309/1389
f 2605/191/158 2732/309/1389 2733/308/1390
f 2733/308/1390 2607/189/156 2605/191/158
f 2733/308/1390 2540/122/1344 2542/120/90
f 2542/120/90 2734/307/208 2733/308/1390
f 2607/189/156 2733/308/1390 2734/307/208
f 2734/307/208 2609/187/154 2607/189/156
f 2734/307/208 2542/120/90 2544/118/1347
f 2544/118/1347 2735/306/1391 2734/307/208
f 2609/187/154 2734/307/208 2735/306/1391
f 2735/306/1391 2611/185/1357 2609/187/154
f 2735/306/1391 2544/118/1347 2546/116/86
f 2546/116/86 2736/305/1392 2735/306/1391
f 2611/185/1357 2735/306/1391 2736/305/1392
f 2736/305/1392 2613/183/150 2611/185/1357
f 2736/305/1392 2546/116/86 2548/114/84
f 2548/114/84 2737/304/1393 2736/305/1392
f 2613/183/150 2736/305/1392 2737/304/1393
f 2737/304/1393 2615/181/148 2613/183/150
f 2737/304/1393 2548/114/84 2550/112/82
f 2550/112/82 2738/303/1394 2737/304/1393
f 2615/181/148 2737/304/1393 2738/303/1394
f 2738/303/1394 2617/179/146 2615/181/148
f 2738/303/1394 2550/112/82 2552/111/79
f 2552/111/79 2739/302/261 2738/303/1394
f 2617/179/146 2738/303/1394 2739/302/261
f 2739/302/261 2619/176/143 2617/179/146
f 2740/301/248 2555/108/79 2554/106/77
f 2554/106/77 2741/300/247 2740/301/248
f 2622/175/143 2740/301/248 2741/300/247
f 2741/300/247 2623/173/141 2622/175/143
f 2741/300/247 2554/106/77 2558/104/75
f 2558/104/75 2742/299/1395 2741/300/247
f 2623/173/141 2741/300/247 2742/299/1395
f 2742/299/1395 2625/171/139 2623/173/141
f 2742/299/1395 2558/104/75 2560/41/73
f 2560/41/73 2743/44/1396 2742/299/1395
f 2625/171/139 2742/299/1395 2743/44/1396
f 2743/44/1396 2627/46/321 2625/171/139
f 2743/44/1396 2560/41/73 2562/42/72
f 2562/42/72 2744/43/1397 2743/44/1396
f 2627/46/321 2743/44/1396 2744/43/1397
f 2744/43/1397 2629/45/1360 2627/46/321
f 2744/43/1397 2562/42/72 2564/132/102
f 2564/132/102 2745/313/1398 2744/43/1397
f 2629/45/1360 2744/43/1397 2745/313/1398
f 2745/313/1398 2631/199/1361 2629/45/1360
f 2474/312/1329 2473/197/164 2631/199/1361
f 2631/199/1361 2745/313/1398 2474/312/1329
f 2533/130/1342 2474/312/1329 2745/313/1398
f 2745/313/1398 2564/132/102 2533/130/1342
f 2480/326/383 2479/79/281 2485/77/1333
f 2485/77/1333 2746/325/1399 2480/326/383
f 2482/227/192 2480/326/383 2746/325/1399
f 2746/325/1399 2635/225/190 2482/227/192
f 2746/325/1399 2485/77/1333 2487/75/47
f 2487/75/47 2747/324/254 2746/325/1399
f 2635/225/190 2746/325/1399 2747/324/254
f 2747/324/254 2637/223/336 2635/225/190
f 2747/324/254 2487/75/47 2489/73/45
f 2489/73/45 2748/323/385 2747/324/254
f 2637/223/336 2747/324/254 2748/323/385
f 2748/323/385 2639/221/337 2637/223/336
f 2748/323/385 2489/73/45 2491/71/43
f 2491/71/43 2749/322/1400 2748/323/385
f 2639/221/337 2748/323/385 2749/322/1400
f 2749/322/1400 2641/219/1362 2639/221/337
f 2749/322/1400 2491/71/43 2493/69/1334
f 2493/69/1334 2750/321/1401 2749/322/1400
f 2641/219/1362 2749/322/1400 2750/321/1401
f 2750/321/1401 2643/217/182 2641/219/1362
f 2750/321/1401 2493/69/1334 2495/67/39
f 2495/67/39 2751/320/263 2750/321/1401
f 2643/217/182 2750/321/1401 2751/320/263
f 2751/320/263 2645/215/341 2643/217/182
f 2751/320/263 2495/67/39 2497/65/273
f 2497/65/273 2752/319/1402 2751/320/263
f 2645/215/341 2751/320/263 2752/319/1402
f 2752/319/1402 2647/213/275 2645/215/341
f 2752/319/1402 2497/65/273 2499/63/35
f 2499/63/35 2753/318/1403 2752/319/1402
f 2647/213/275 2752/319/1402 2753/318/1403
f 2753/318/1403 2649/211/276 2647/213/275
f 2753/318/1403 2499/63/35 2501/62/33
f 2501/62/33 2754/317/261 2753/318/1403
f 2649/211/276 2753/318/1403 2754/317/261
f 2754/317/261 2651/208/174 2649/211/276
f 2755/316/1404 2504/59/33 2503/57/32
f 2503/57/32 2756/315/1405 2755/316/1404
f 2654/207/174 2755/316/1404 2756/315/1405
f 2756/315/1405 2655/205/172 2654/207/174
f 2756/315/1405 2503/57/32 2507/55/30
f 2507/55/30 2757/314/1406 2756/315/1405
f 2655/205/172 2756/315/1405 2757/314/1406
f 2757/314/1406 2657/203/1363 2655/205/172
f 2757/314/1406 2507/55/30 2509/47/22
f 2509/47/22 2758/50/1407 2757/314/1406
f 2657/203/1363 2757/314/1406 2758/50/1407
f 2758/50/1407 2659/52/27 2657/203/1363
f 2758/50/1407 2509/47/22 2511/48/279
f 2511/48/279 2759/49/1408 2758/50/1407
f 2659/52/27 2758/50/1407 2759/49/1408
f 2759/49/1408 2661/51/26 2659/52/27
f 2759/49/1408 2511/48/279 2513/83/54
f 2513/83/54 2760/328/269 2759/49/1408
f 2661/51/26 2759/49/1408 2760/328/269
f 2760/328/269 2663/231/196 2661/51/26
f 2477/327/1331 2481/229/1332 2663/231/196
f 2663/231/196 2760/328/269 2477/327/1331
f 2478/81/52 2477/327/1331 2760/328/269
f 2760/328/269 2513/83/54 2478/81/52
f 2761/1945/2 2762/1946/2 2763/1947/2
f 2763/1947/2 2764/1948/2 2761/1945/2
f 2765/1949/3 2766/1950/3 2767/1951/3
f 2767/1951/3 2768/1952/3 2765/1949/3
f 2769/1953/3 2770/1954/3 2771/1955/3
f 2771/1955/3 2772/1956/3 2769/1953/3
f 2773/1957/2 2774/1958/2 2775/1959/2
f 2775/1959/2 2776/1960/2 2773/1957/2
f 2777/1961/1 2778/1962/1 2779/1963/1
f 2780/1964/3 2781/1965/3 2782/1966/3
f 2782/1966/3 2783/1967/3 2780/1964/3
f 2784/1968/3 2785/1969/3 2786/1970/3
f 2786/1970/3 2787/1971/3 2784/1968/3
f 2788/1972/2 2789/1973/2 2790/1974/2
f 2790/1974/2 2791/1975/2 2788/1972/2
f 2792/1976/2 2793/1977/2 2794/1978/2
f 2794/1978/2 2795/1979/2 2792/1976/2
f 2796/1980/10 2797/1981/10 2798/1982/10
f 2798/1982/10 2799/1983/10 2796/1980/10
f 2800/1984/40 2801/1985/40 2802/1986/40
f 2802/1986/40 2803/1987/40 2800/1984/40
f 2804/1988/40 2805/1989/40 2806/1990/40
f 2806/1990/40 2807/1991/40 2804/1988/40
f 2808/1992/6 2809/1993/6 2810/1994/6
f 2810/1994/6 2811/1995/6 2808/1992/6
f 2812/1996/6 2813/1997/6 2814/1998/6
f 2814/1998/6 2815/1999/6 2812/1996/6
f 2816/2000/1 2817/2001/1 2818/2002/1
f 2818/2002/1 2819/2003/1 2816/2000/1
f 2820/2004/1 2821/2005/1 2822/2006/1
f 2822/2006/1 2823/2007/1 2820/2004/1
f 2824/2008/10 2825/2009/10 2826/2010/10
f 2826/2010/10 2827/2011/10 2824/2008/10
f 2769/1953/3 2772/1956/3 2785/1969/3
f 2785/1969/3 2784/1968/3 2769/1953/3
f 2781/1965/3 2765/1949/3 2768/1952/3
f 2768/1952/3 2782/1966/3 2781/1965/3
f 2803/1987/40 2802/1986/40 2805/1989/40
f 2805/1989/40 2804/1988/40 2803/1987/40
f 2795/1979/2 2794/1978/2 2773/1957/2
f 2773/1957/2 2776/1960/2 2795/1979/2
f 2791/1975/2 2790/1974/2 2761/1945/2
f 2761/1945/2 2764/1948/2 2791/1975/2
f 2828/2012/1 2829/2013/1 2830/2014/1
f 2830/2014/1 2831/2015/1 2828/2012/1
f 2831/2015/1 2830/2014/1 2832/2016/1
f 2832/2016/1 2833/2017/1 2831/2015/1
f 2820/2004/1 2823/2007/1 2777/1961/1
f 2777/1961/1 2779/1963/1 2820/2004/1
f 2834/2018/10 2835/2019/10 2825/2009/10
f 2825/2009/10 2824/2008/10 2834/2018/10
f 2836/2020/10 2796/1980/10 2799/1983/10
f 2799/1983/10 2837/2021/10 2836/2020/10
f 2838/2022/40 2839/2023/40 2800/1984/40
f 2800/1984/40 2803/1987/40 2838/2022/40
f 2803/1987/40 2804/1988/40 2840/2024/40
f 2840/2024/40 2838/2022/40 2803/1987/40
f 2804/1988/40 2807/1991/40 2841/2025/40
f 2841/2025/40 2840/2024/40 2804/1988/40
f 2842/2026/6 2843/2027/6 2809/1993/6
f 2809/1993/6 2808/1992/6 2842/2026/6
f 2844/2028/6 2845/2029/6 2813/1997/6
f 2813/1997/6 2812/1996/6 2844/2028/6
f 2846/2030/1 2847/2031/1 2817/2001/1
f 2817/2001/1 2816/2000/1 2846/2030/1
f 2833/2017/1 2832/2016/1 2821/2005/1
f 2821/2005/1 2820/2004/1 2833/2017/1
f 2819/2003/1 2818/2002/1 2829/2013/1
f 2829/2013/1 2828/2012/1 2819/2003/1
f 2848/2032/1409 2816/2000/1 2819/2003/1
f 2819/2003/1 2849/2033/1410 2848/2032/1409
f 2816/2000/1 2850/2034/1411 2851/2035/1412
f 2851/2035/1412 2846/2030/1 2816/2000/1
f 2848/2032/1409 2852/2036/1413 2853/2037/1
f 2853/2037/1 2816/2000/1 2848/2032/1409
f 2854/2038/1414 2855/2039/1415 2856/2040/1
f 2856/2040/1 2857/2041/1 2854/2038/1414
f 2792/1976/2 2795/1979/2 2790/1974/2
f 2790/1974/2 2789/1973/2 2792/1976/2
f 2795/1979/2 2776/1960/2 2761/1945/2
f 2761/1945/2 2790/1974/2 2795/1979/2
f 2776/1960/2 2775/1959/2 2762/1946/2
f 2762/1946/2 2761/1945/2 2776/1960/2
f 2796/1980/10 2824/2008/10 2827/2011/10
f 2827/2011/10 2797/1981/10 2796/1980/10
f 2836/2020/10 2834/2018/10 2824/2008/10
f 2824/2008/10 2796/1980/10 2836/2020/10
f 2766/1950/3 2765/1949/3 2772/1956/3
f 2772/1956/3 2771/1955/3 2766/1950/3
f 2765/1949/3 2781/1965/3 2785/1969/3
f 2785/1969/3 2772/1956/3 2765/1949/3
f 2781/1965/3 2780/1964/3 2786/1970/3
f 2786/1970/3 2785/1969/3 2781/1965/3
f 2842/2026/6 2808/1992/6 2813/1997/6
f 2813/1997/6 2845/2029/6 2842/2026/6
f 2808/1992/6 2811/1995/6 2814/1998/6
f 2814/1998/6 2813/1997/6 2808/1992/6
f 2858/2042/1 2859/2043/1416 2860/2044/1417
f 2860/2044/1417 2861/2045/1 2858/2042/1
f 2816/2000/1 2853/2037/1 2862/2046/1418
f 2862/2046/1418 2850/2034/1411 2816/2000/1
f 2854/2038/1414 2863/2047/1419 2864/2048/1420
f 2864/2048/1420 2865/2049/1421 2854/2038/1414
f 2866/2050/1422 2867/2051/1420 2868/2052/1423
f 2868/2052/1423 2869/2053/1424 2866/2050/1422
f 2870/2054/1425 2871/2055/1426 2872/2056/1427
f 2872/2056/1427 2873/2057/1428 2870/2054/1425
f 2874/2058/1429 2875/2059/1427 2848/2032/1409
f 2848/2032/1409 2849/2033/1410 2874/2058/1429
f 2876/2060/1430 2877/2061/1431 2878/2062/1432
f 2878/2062/1432 2879/2063/1433 2876/2060/1430
f 2880/2064/1433 2881/2065/1434 2871/2055/1426
f 2871/2055/1426 2882/2066/1435 2880/2064/1433
f 2883/2067/1436 2884/2068/1437 2885/2069/1438
f 2885/2069/1438 2886/2070/1439 2883/2067/1436
f 2886/2070/1439 2885/2069/1438 2882/2066/1435
f 2882/2066/1435 2887/2071/1440 2886/2070/1439
f 2888/2072/1441 2876/2060/1430 2889/2073/1442
f 2889/2073/1442 2890/2074/51 2888/2072/1441
f 2890/2074/51 2889/2073/1442 2884/2068/1437
f 2884/2068/1437 2891/2075/1443 2890/2074/51
f 2892/2076/1444 2893/2077/1445 2894/2078/1446
f 2894/2078/1446 2895/2079/1447 2892/2076/1444
f 2896/2080/1448 2897/2081/1446 2887/2071/1440
f 2887/2071/1440 2870/2054/1425 2896/2080/1448
f 2898/2082/1449 2883/2067/1436 2899/2083/1450
f 2899/2083/1450 2900/2084/1451 2898/2082/1449
f 2900/2084/1451 2899/2083/1450 2893/2077/1445
f 2893/2077/1445 2901/2085/1452 2900/2084/1451
f 2902/2086/1453 2903/2087/1454 2904/2088/1455
f 2904/2088/1455 2905/2089/1456 2902/2086/1453
f 2906/2090/1456 2907/2091/1455 2869/2053/1424
f 2869/2053/1424 2908/2092/1457 2906/2090/1456
f 2909/2093/1458 2910/2094/1459 2903/2087/1454
f 2903/2087/1454 2911/2095/1460 2909/2093/1458
f 2912/2096/1461 2902/2086/1453 2913/2097/1462
f 2913/2097/1462 2914/2098/1463 2912/2096/1461
f 2914/2098/1463 2913/2097/1462 2915/2099/1464
f 2915/2099/1464 2916/2100/1465 2914/2098/1463
f 2917/2101/1466 2892/2076/1444 2918/2102/1467
f 2918/2102/1467 2919/2103/1468 2917/2101/1466
f 2920/2104/1469 2921/2105/1467 2859/2043/1416
f 2859/2043/1416 2922/2106/1470 2920/2104/1469
f 2911/2095/1460 2912/2096/1461 2923/2107/1471
f 2923/2107/1471 2924/2108/1472 2911/2095/1460
f 2925/2109/1472 2926/2110/1471 2927/2111/1473
f 2927/2111/1473 2928/2112/1474 2925/2109/1472
f 2929/2113/1475 2930/2114/1476 2931/2115/1477
f 2931/2115/1477 2932/2116/1478 2929/2113/1475
f 2933/2117/1478 2934/2118/1477 2935/2119/1479
f 2935/2119/1479 2936/2120/1480 2933/2117/1478
f 2937/2121/1453 2938/2122/1481 2939/2123/1482
f 2939/2123/1482 2940/2124/1483 2937/2121/1453
f 2941/2125/1484 2942/2126/1482 2930/2114/1476
f 2930/2114/1476 2943/2127/1485 2941/2125/1484
f 2944/2128/1486 2945/2129/1487 2938/2122/1481
f 2938/2122/1481 2946/2130/1488 2944/2128/1486
f 2947/2131/1489 2948/2132/1490 2949/2133/1491
f 2949/2133/1491 2950/2134/1492 2947/2131/1489
f 2951/2135/1493 2952/2136/1491 2851/2035/1494
f 2851/2035/1494 2850/2034/1411 2951/2135/1493
f 2953/2137/1495 2954/2138/1496 2955/2139/1497
f 2955/2139/1497 2956/2140/1498 2953/2137/1495
f 2957/2141/1498 2958/2142/1497 2948/2132/1490
f 2948/2132/1490 2959/2143/1435 2957/2141/1498
f 2960/2144/1499 2961/2145/1437 2962/2146/1438
f 2962/2146/1438 2963/2147/1439 2960/2144/1499
f 2963/2147/1439 2962/2146/1438 2959/2143/1435
f 2959/2143/1435 2964/2148/1500 2963/2147/1439
f 2965/2149/1501 2953/2137/1495 2966/2150/1502
f 2966/2150/1502 2967/2151/1503 2965/2149/1501
f 2967/2151/1503 2966/2150/1502 2961/2145/1437
f 2961/2145/1437 2968/2152/1443 2967/2151/1503
f 2969/2153/1461 2937/2121/1453 2970/2154/1462
f 2970/2154/1462 2971/2155/1463 2969/2153/1461
f 2971/2155/1463 2970/2154/1462 2972/2156/1504
f 2972/2156/1504 2973/2157/1505 2971/2155/1463
f 2974/2158/1506 2975/2159/1507 2976/2160/1508
f 2976/2160/1508 2977/2161/1509 2974/2158/1506
f 2978/2162/1510 2979/2163/1508 2964/2148/1500
f 2964/2148/1500 2947/2131/1489 2978/2162/1510
f 2980/2164/1449 2960/2144/1499 2981/2165/1511
f 2981/2165/1511 2982/2166/1512 2980/2164/1449
f 2982/2166/1512 2981/2165/1511 2975/2159/1507
f 2975/2159/1507 2983/2167/1513 2982/2166/1512
f 2946/2130/1488 2969/2153/1461 2984/2168/1514
f 2984/2168/1514 2985/2169/1515 2946/2130/1488
f 2986/2170/1515 2987/2171/1514 2988/2172/1516
f 2988/2172/1516 2989/2173/1517 2986/2170/1515
f 2990/2174/1518 2974/2158/1506 2991/2175/1519
f 2991/2175/1519 2992/2176/1520 2990/2174/1518
f 2993/2177/1520 2994/2178/1521 2995/2179/1522
f 2995/2179/1522 2996/2180/1523 2993/2177/1520
f 2888/2072/1441 2868/2052/1423 2877/2061/1431
f 2877/2061/1431 2876/2060/1430 2888/2072/1441
f 2891/2075/1443 2884/2068/1437 2883/2067/1436
f 2883/2067/1436 2898/2082/1449 2891/2075/1443
f 2888/2072/1441 2908/2092/1457 2869/2053/1424
f 2869/2053/1424 2868/2052/1423 2888/2072/1441
f 2891/2075/1443 2898/2082/1449 2916/2100/1465
f 2916/2100/1465 2915/2099/1464 2891/2075/1443
f 2912/2096/1461 2911/2095/1460 2903/2087/1454
f 2903/2087/1454 2902/2086/1453 2912/2096/1461
f 2901/2085/1452 2893/2077/1445 2892/2076/1444
f 2892/2076/1444 2917/2101/1466 2901/2085/1452
f 2901/2085/1452 2917/2101/1466 2928/2112/1474
f 2928/2112/1474 2927/2111/1473 2901/2085/1452
f 2965/2149/1501 2943/2127/1485 2930/2114/1476
f 2930/2114/1476 2929/2113/1475 2965/2149/1501
f 2972/2156/1504 2968/2152/1443 2980/2164/1449
f 2980/2164/1449 2973/2157/1505 2972/2156/1504
f 2969/2153/1461 2946/2130/1488 2938/2122/1481
f 2938/2122/1481 2937/2121/1453 2969/2153/1461
f 2988/2172/1516 2983/2167/1513 2990/2174/1518
f 2990/2174/1518 2989/2173/1517 2988/2172/1516
f 2953/2137/1495 2965/2149/1501 2929/2113/1475
f 2929/2113/1475 2954/2138/1496 2953/2137/1495
f 2968/2152/1443 2961/2145/1437 2960/2144/1499
f 2960/2144/1499 2980/2164/1449 2968/2152/1443
f 2983/2167/1513 2975/2159/1507 2974/2158/1506
f 2974/2158/1506 2990/2174/1518 2983/2167/1513
f 2997/2181/1 2998/2182/1524 2999/2183/1525
f 2999/2183/1525 3000/2184/1 2997/2181/1
f 3001/2185/1526 2857/2041/1 2856/2040/1
f 2856/2040/1 3002/2186/1527 3001/2185/1526
f 2936/2120/1480 3003/2187/1 2846/2030/1
f 2846/2030/1 2851/2035/1494 2936/2120/1480
f 2935/2119/1528 3004/2188/1 3003/2187/1
f 3003/2187/1 2936/2120/1480 2935/2119/1479
f 3005/2189/1 3006/2190/1529 2863/2047/1419
f 2863/2047/1419 3007/2191/1 3005/2189/1
f 3007/2191/1 2863/2047/1419 2854/2038/1414
f 2854/2038/1414 2857/2041/1 3007/2191/1
f 3008/2192/1 2922/2106/1470 2859/2043/1416
f 2859/2043/1416 2858/2042/1 3008/2192/1
f 3008/2192/1 3009/2193/1 3010/2194/1530
f 3010/2194/1530 2922/2106/1470 3008/2192/1
f 2996/2180/1523 3007/2191/1 2857/2041/1
f 2857/2041/1 3001/2185/1526 2996/2180/1523
f 2995/2179/1522 3005/2189/1 3007/2191/1
f 3007/2191/1 2996/2180/1523 2995/2179/1522
f 2887/2071/1440 2882/2066/1435 2871/2055/1426
f 2871/2055/1426 2870/2054/1425 2887/2071/1440
f 2964/2148/1500 2959/2143/1435 2948/2132/1490
f 2948/2132/1490 2947/2131/1489 2964/2148/1500
f 2877/2061/1431 2868/2052/1423 2867/2051/1420
f 2867/2051/1420 3011/2195/1531 2877/2061/1431
f 3012/2196/1531 2864/2048/1420 2863/2047/1419
f 2863/2047/1419 3006/2190/1529 3012/2196/1531
f 2908/2092/1457 2888/2072/1441 2890/2074/51
f 2890/2074/51 3013/2197/1532 2908/2092/1457
f 3013/2197/1532 2890/2074/51 2891/2075/1443
f 2891/2075/1443 2915/2099/1464 3013/2197/1532
f 2916/2100/1465 2898/2082/1449 2900/2084/1451
f 2900/2084/1451 3014/2198/1533 2916/2100/1465
f 3014/2198/1533 2900/2084/1451 2901/2085/1452
f 2901/2085/1452 2927/2111/1473 3014/2198/1533
f 2999/2183/1525 2998/2182/1524 3015/2199/1459
f 3015/2199/1459 3016/2200/1458 2999/2183/1525
f 3000/2184/1 2999/2183/1525 3017/2201/1534
f 3017/2201/1534 3018/2202/1 3000/2184/1
f 3010/2194/1530 3019/2203/1535 2920/2104/1469
f 2920/2104/1469 2922/2106/1470 3010/2194/1530
f 2919/2103/1468 3020/2204/1536 2928/2112/1474
f 2928/2112/1474 2917/2101/1466 2919/2103/1468
f 2954/2138/1496 2929/2113/1475 2932/2116/1478
f 2932/2116/1478 3021/2205/1537 2954/2138/1496
f 3022/2206/1538 2933/2117/1478 2936/2120/1480
f 2936/2120/1480 2851/2035/1494 3022/2206/1538
f 2943/2127/1485 2965/2149/1501 2967/2151/1503
f 2967/2151/1503 3023/2207/1539 2943/2127/1485
f 3023/2207/1539 2967/2151/1503 2968/2152/1443
f 2968/2152/1443 2972/2156/1504 3023/2207/1539
f 2973/2157/1505 2980/2164/1449 2982/2166/1512
f 2982/2166/1512 3024/2208/1540 2973/2157/1505
f 3024/2208/1540 2982/2166/1512 2983/2167/1513
f 2983/2167/1513 2988/2172/1516 3024/2208/1540
f 3025/2209/1525 2935/2119/1479 3026/2210/1541
f 3026/2210/1541 3027/2211/1486 3025/2209/1525
f 3001/2185/1526 3028/2212/1542 2993/2177/1520
f 2993/2177/1520 2996/2180/1523 3001/2185/1526
f 2992/2176/1520 3029/2213/1543 2989/2173/1517
f 2989/2173/1517 2990/2174/1518 2992/2176/1520
f 3030/2214/1544 3012/2196/1531 3006/2190/1529
f 3006/2190/1529 2852/2036/1545 3030/2214/1544
f 3030/2214/1544 2852/2036/1545 2848/2032/1409
f 2848/2032/1409 2875/2059/1427 3030/2214/1544
f 3031/2215/1544 2872/2056/1427 2871/2055/1426
f 2871/2055/1426 2881/2065/1434 3031/2215/1544
f 3032/2216/1544 2878/2062/1432 2877/2061/1431
f 2877/2061/1431 3011/2195/1531 3032/2216/1544
f 3033/2217/1546 2880/2064/1433 2882/2066/1435
f 2882/2066/1435 2885/2069/1438 3033/2217/1546
f 3033/2217/1546 2885/2069/1438 2884/2068/1437
f 2884/2068/1437 2889/2073/1442 3033/2217/1546
f 3033/2217/1546 2889/2073/1442 2876/2060/1430
f 2876/2060/1430 2879/2063/1433 3033/2217/1546
f 3034/2218/1547 2886/2070/1439 2887/2071/1440
f 2887/2071/1440 2897/2081/1446 3034/2218/1547
f 3034/2218/1547 2894/2078/1446 2893/2077/1445
f 2893/2077/1445 2899/2083/1450 3034/2218/1547
f 3034/2218/1547 2899/2083/1450 2883/2067/1436
f 2883/2067/1436 2886/2070/1439 3034/2218/1547
f 3035/2219/1548 2855/2039/1415 2854/2038/1414
f 2854/2038/1414 2865/2049/1421 3035/2219/1548
f 3036/2220/1548 2866/2050/1422 2869/2053/1424
f 2869/2053/1424 2907/2091/1455 3036/2220/1548
f 3037/2221/1548 2904/2088/1455 2903/2087/1454
f 2903/2087/1454 2910/2094/1459 3037/2221/1548
f 3035/2219/1548 3015/2199/1459 2998/2182/1524
f 2998/2182/1524 2855/2039/1415 3035/2219/1548
f 3038/2222/1549 3013/2197/1532 2915/2099/1464
f 2915/2099/1464 2913/2097/1462 3038/2222/1549
f 3038/2222/1549 2913/2097/1462 2902/2086/1453
f 2902/2086/1453 2905/2089/1456 3038/2222/1549
f 3038/2222/1549 2906/2090/1456 2908/2092/1457
f 2908/2092/1457 3013/2197/1532 3038/2222/1549
f 3039/2223/1550 2860/2044/1417 2859/2043/1416
f 2859/2043/1416 2921/2105/1467 3039/2223/1550
f 3040/2224/1551 2918/2102/1467 2892/2076/1444
f 2892/2076/1444 2895/2079/1447 3040/2224/1551
f 3041/2225/1552 2896/2080/1448 2870/2054/1425
f 2870/2054/1425 2873/2057/1428 3041/2225/1552
f 3039/2223/1550 2874/2058/1429 2849/2033/1410
f 2849/2033/1410 2860/2044/1417 3039/2223/1550
f 3042/2226/1553 3014/2198/1533 2927/2111/1473
f 2927/2111/1473 2926/2110/1471 3042/2226/1553
f 3042/2226/1553 2923/2107/1471 2912/2096/1461
f 2912/2096/1461 2914/2098/1463 3042/2226/1553
f 3042/2226/1553 2914/2098/1463 2916/2100/1465
f 2916/2100/1465 3014/2198/1533 3042/2226/1553
f 3043/2227/1554 3017/2201/1534 2999/2183/1525
f 2999/2183/1525 3016/2200/1458 3043/2227/1554
f 3044/2228/1555 2909/2093/1458 2911/2095/1460
f 2911/2095/1460 2924/2108/1472 3044/2228/1555
f 3045/2229/1555 2925/2109/1472 2928/2112/1474
f 2928/2112/1474 3020/2204/1536 3045/2229/1555
f 3043/2227/1554 3019/2203/1535 3010/2194/1530
f 3010/2194/1530 3017/2201/1534 3043/2227/1554
f 3046/2230/1556 3026/2210/1541 2935/2119/1479
f 2935/2119/1479 2934/2118/1477 3046/2230/1556
f 3047/2231/1557 2931/2115/1477 2930/2114/1476
f 2930/2114/1476 2942/2126/1482 3047/2231/1557
f 3048/2232/1557 2939/2123/1482 2938/2122/1481
f 2938/2122/1481 2945/2129/1487 3048/2232/1557
f 3049/2233/1558 3022/2206/1538 2851/2035/1494
f 2851/2035/1494 2952/2136/1491 3049/2233/1558
f 3050/2234/1558 2949/2133/1491 2948/2132/1490
f 2948/2132/1490 2958/2142/1497 3050/2234/1558
f 3051/2235/1558 2955/2139/1497 2954/2138/1496
f 2954/2138/1496 3021/2205/1537 3051/2235/1558
f 3052/2236/1559 2957/2141/1498 2959/2143/1435
f 2959/2143/1435 2962/2146/1438 3052/2236/1559
f 3052/2236/1559 2962/2146/1438 2961/2145/1437
f 2961/2145/1437 2966/2150/1502 3052/2236/1559
f 3052/2236/1559 2966/2150/1502 2953/2137/1495
f 2953/2137/1495 2956/2140/1498 3052/2236/1559
f 3053/2237/1560 2941/2125/1484 2943/2127/1485
f 2943/2127/1485 3023/2207/1539 3053/2237/1560
f 3053/2237/1560 3023/2207/1539 2972/2156/1504
f 2972/2156/1504 2970/2154/1462 3053/2237/1560
f 3053/2237/1560 2970/2154/1462 2937/2121/1453
f 2937/2121/1453 2940/2124/1483 3053/2237/1560
f 3054/2238/1561 2963/2147/1439 2964/2148/1500
f 2964/2148/1500 2979/2163/1508 3054/2238/1561
f 3054/2238/1561 2976/2160/1508 2975/2159/1507
f 2975/2159/1507 2981/2165/1511 3054/2238/1561
f 3054/2238/1561 2981/2165/1511 2960/2144/1499
f 2960/2144/1499 2963/2147/1439 3054/2238/1561
f 3055/2239/1562 2971/2155/1463 2973/2157/1505
f 2973/2157/1505 3024/2208/1540 3055/2239/1562
f 3055/2239/1562 3024/2208/1540 2988/2172/1516
f 2988/2172/1516 2987/2171/1514 3055/2239/1562
f 3055/2239/1562 2984/2168/1514 2969/2153/1461
f 2969/2153/1461 2971/2155/1463 3055/2239/1562
f 3056/2240/1563 2862/2046/1564 2995/2179/1522
f 2995/2179/1522 2994/2178/1521 3056/2240/1563
f 3057/2241/1565 2991/2175/1519 2974/2158/1506
f 2974/2158/1506 2977/2161/1509 3057/2241/1565
f 3058/2242/1563 2978/2162/1510 2947/2131/1489
f 2947/2131/1489 2950/2134/1492 3058/2242/1563
f 3056/2240/1563 2951/2135/1493 2850/2034/1411
f 2850/2034/1411 2862/2046/1564 3056/2240/1563
f 3059/2243/1566 3002/2186/1527 3025/2209/1525
f 3025/2209/1525 3027/2211/1486 3059/2243/1566
f 3060/2244/1567 2944/2128/1486 2946/2130/1488
f 2946/2130/1488 2985/2169/1515 3060/2244/1567
f 3061/2245/1567 2986/2170/1515 2989/2173/1517
f 2989/2173/1517 3029/2213/1543 3061/2245/1567
f 3059/2243/1566 3028/2212/1542 3001/2185/1526
f 3001/2185/1526 3002/2186/1527 3059/2243/1566
f 3062/2246/1568 3063/2247/1 3064/2248/1569
f 3064/2248/1569 3063/2247/1 3065/2249/1570
f 3066/2250/1571 3063/2247/1 3062/2246/1568
f 3065/2249/1570 3063/2247/1 3067/2251/1572
f 3068/2252/1573 3063/2247/1 3066/2250/1571
f 3067/2251/1572 3063/2247/1 3069/2253/1574
f 3070/2254/1575 3063/2247/1 3068/2252/1573
f 3069/2253/1574 3063/2247/1 3071/2255/1576
f 3072/2256/1577 3063/2247/1 3070/2254/1575
f 3071/2255/1576 3063/2247/1 3073/2257/1578
f 3074/2258/1579 3063/2247/1 3072/2256/1577
f 3073/2257/1578 3063/2247/1 3075/2259/1580
f 3076/2260/1581 3063/2247/1 3074/2258/1579
f 3075/2259/1580 3063/2247/1 3077/2261/1582
f 3078/2262/1583 3063/2247/1 3076/2260/1581
f 3077/2261/1582 3063/2247/1 3078/2262/1583
f 3079/2263/1584 3080/2264/1585 3081/2265/1586
f 3081/2265/1586 3082/2266/1587 3079/2263/1584
f 3083/2267/1588 3084/2268/1589 3080/2264/1585
f 3080/2264/1585 3079/2263/1584 3083/2267/1588
f 3082/2266/1587 3081/2265/1586 3085/2269/1590
f 3085/2269/1590 3086/2270/1591 3082/2266/1587
f 3087/2271/1592 3088/2272/1593 3084/2268/1589
f 3084/2268/1589 3083/2267/1588 3087/2271/1592
f 3086/2270/1591 3085/2269/1590 3089/2273/1594
f 3089/2273/1594 3090/2274/1595 3086/2270/1591
f 3091/2275/1596 3092/2276/1597 3088/2272/1593
f 3088/2272/1593 3087/2271/1592 3091/2275/1596
f 3090/2274/1595 3089/2273/1594 3093/2277/1598
f 3093/2277/1598 3094/2278/1599 3090/2274/1595
f 3095/2279/1600 3096/2280/1601 3092/2276/1597
f 3092/2276/1597 3091/2275/1596 3095/2279/1600
f 3097/2281/1599 3098/2282/1598 3099/2283/1602
f 3099/2283/1602 3100/2284/1603 3097/2281/1599
f 3101/2285/1604 3102/2286/1605 3096/2280/1601
f 3096/2280/1601 3095/2279/1600 3101/2285/1604
f 3100/2284/1603 3099/2283/1602 3103/2287/1606
f 3103/2287/1606 3104/2288/1607 3100/2284/1603
f 3105/2289/1608 3106/2290/1609 3102/2286/1605
f 3102/2286/1605 3101/2285/1604 3105/2289/1608
f 3104/2288/1607 3103/2287/1606 3107/2291/1610
f 3107/2291/1610 3108/2292/1611 3104/2288/1607
f 3109/2293/1612 3110/2294/1613 3106/2290/1609
f 3106/2290/1609 3105/2289/1608 3109/2293/1612
f 3108/2292/1611 3107/2291/1610 3111/2295/1614
f 3111/2295/1614 3112/2296/1615 3108/2292/1611
f 3112/2296/1615 3111/2295/1614 3110/2294/1613
f 3110/2294/1613 3109/2293/1612 3112/2296/1615
f 3113/2297/1616 3114/2298/1 3115/2299/1569
f 3115/2299/1569 3114/2298/1 3116/2300/1570
f 3117/2301/1571 3114/2298/1 3113/2297/1616
f 3116/2300/1570 3114/2298/1 3118/2302/1572
f 3119/2303/1617 3114/2298/1 3117/2301/1571
f 3118/2302/1572 3114/2298/1 3120/2304/1574
f 3121/2305/1618 3114/2298/1 3119/2303/1617
f 3120/2304/1574 3114/2298/1 3122/2306/1619
f 3123/2307/1620 3114/2298/1 3121/2305/1618
f 3122/2306/1619 3114/2298/1 3124/2308/1578
f 3125/2309/1621 3114/2298/1 3123/2307/1620
f 3124/2308/1578 3114/2298/1 3126/2310/1580
f 3127/2311/1581 3114/2298/1 3125/2309/1621
f 3126/2310/1580 3114/2298/1 3128/2312/1622
f 3129/2313/1583 3114/2298/1 3127/2311/1581
f 3128/2312/1622 3114/2298/1 3129/2313/1583
f 3130/2314/1623 3131/2315/1624 3132/2316/1625
f 3132/2316/1625 3133/2317/1587 3130/2314/1623
f 3134/2318/1588 3135/2319/1589 3131/2315/1624
f 3131/2315/1624 3130/2314/1623 3134/2318/1588
f 3133/2317/1587 3132/2316/1625 3136/2320/1626
f 3136/2320/1626 3137/2321/1591 3133/2317/1587
f 3138/2322/1592 3139/2323/1593 3135/2319/1589
f 3135/2319/1589 3134/2318/1588 3138/2322/1592
f 3137/2321/1591 3136/2320/1626 3140/2324/1594
f 3140/2324/1594 3141/2325/1627 3137/2321/1591
f 3142/2326/1628 3143/2327/1629 3139/2323/1593
f 3139/2323/1593 3138/2322/1592 3142/2326/1628
f 3144/2328/1595 3145/2329/1630 3146/2330/1598
f 3146/2330/1598 3147/2331/1599 3144/2328/1595
f 3148/2332/1600 3149/2333/1601 3143/2327/1629
f 3143/2327/1629 3142/2326/1628 3148/2332/1600
f 3147/2331/1599 3146/2330/1598 3150/2334/1602
f 3150/2334/1602 3151/2335/1631 3147/2331/1599
f 3152/2336/1632 3153/2337/1605 3149/2333/1601
f 3149/2333/1601 3148/2332/1600 3152/2336/1632
f 3151/2335/1631 3150/2334/1602 3154/2338/1633
f 3154/2338/1633 3155/2339/1634 3151/2335/1631
f 3156/2340/1635 3157/2341/1636 3153/2337/1605
f 3153/2337/1605 3152/2336/1632 3156/2340/1635
f 3155/2339/1634 3154/2338/1633 3158/2342/1637
f 3158/2342/1637 3159/2343/1611 3155/2339/1634
f 3160/2344/1638 3161/2345/1639 3157/2341/1636
f 3157/2341/1636 3156/2340/1635 3160/2344/1638
f 3159/2343/1611 3158/2342/1637 3162/2346/1614
f 3162/2346/1614 3163/2347/1640 3159/2343/1611
f 3163/2347/1640 3162/2346/1614 3161/2345/1639
f 3161/2345/1639 3160/2344/1638 3163/2347/1640
f 2820/2004/1 3164/2348/1641 3165/2349/1642
f 3165/2349/1642 2833/2017/1 2820/2004/1
f 3166/2350/1643 2820/2004/1 2779/1963/1
f 2779/1963/1 3167/2351/1644 3166/2350/1643
f 3168/2352/1 3169/2353/1645 3170/2354/1646
f 3170/2354/1646 2778/1962/1 3168/2352/1
f 3171/2355/1 3172/2356/1647 3169/2353/1645
f 3169/2353/1645 3168/2352/1 3171/2355/1
f 2833/2017/1 3165/2349/1642 3173/2357/1648
f 3173/2357/1648 2831/2015/1 2833/2017/1
f 3174/2358/1649 2828/2012/1 2831/2015/1
f 2831/2015/1 3175/2359/1650 3174/2358/1649
f 3176/2360/1651 2819/2003/1 2828/2012/1
f 2828/2012/1 3174/2358/1649 3176/2360/1651
f 3177/2361/1 3178/2362/1652 3179/2363/1653
f 3179/2363/1653 3171/2355/1 3177/2361/1
f 3000/2184/1 3180/2364/1654 3178/2362/1652
f 3178/2362/1652 3177/2361/1 3000/2184/1
f 3181/2365/1 3182/2366/1655 3183/2367/1656
f 3183/2367/1656 3184/2368/1 3181/2365/1
f 3182/2366/1655 3181/2365/1 3185/2369/1
f 3185/2369/1 3186/2370/1657 3182/2366/1655
f 3187/2371/1658 3188/2372/1 3184/2368/1
f 3184/2368/1 3183/2367/1656 3187/2371/1658
f 3186/2370/1657 3185/2369/1 3189/2373/1
f 3189/2373/1 3190/2374/1659 3186/2370/1657
f 3191/2375/1660 3192/2376/1661 2778/1962/1
f 3191/2375/1660 2778/1962/1 3170/2354/1662
f 3187/2371/1658 3175/2359/1650 2831/2015/1
f 2831/2015/1 3188/2372/1 3187/2371/1658
f 3189/2373/1 3171/2355/1 3179/2363/1653
f 3179/2363/1653 3190/2374/1659 3189/2373/1
f 2861/2045/1 3193/2377/1663 3194/2378/1664
f 3194/2378/1664 2858/2042/1 2861/2045/1
f 3195/2379/1665 3008/2192/1 2858/2042/1
f 2858/2042/1 3194/2378/1664 3195/2379/1665
f 3196/2380/1666 3009/2193/1 3008/2192/1
f 3008/2192/1 3195/2379/1665 3196/2380/1666
f 3018/2202/1 3009/2193/1 3196/2380/1666
f 3196/2380/1666 3197/2381/1667 3018/2202/1
f 3198/2382/1668 3188/2372/1 2831/2015/1
f 2831/2015/1 3173/2357/1648 3198/2382/1668
f 3188/2372/1 3198/2382/1669 3199/2383/1670
f 3199/2383/1670 3184/2368/1 3188/2372/1
f 3200/2384/1671 3181/2365/1 3184/2368/1
f 3184/2368/1 3199/2383/1670 3200/2384/1671
f 3181/2365/1 3200/2384/1671 3201/2385/1672
f 3201/2385/1672 3185/2369/1 3181/2365/1
f 3185/2369/1 3201/2385/1672 3202/2386/1673
f 3202/2386/1673 3189/2373/1 3185/2369/1
f 3172/2356/1647 3171/2355/1 3189/2373/1
f 3189/2373/1 3202/2386/1673 3172/2356/1647
f 3180/2364/1654 3000/2184/1 3018/2202/1
f 3018/2202/1 3197/2381/1667 3180/2364/1654
f 2820/2004/1 3166/2350/1643 3203/2387/1674
f 2820/2004/1 3203/2387/1674 3164/2348/1641
f 3167/2351/1644 2779/1963/1 2778/1962/1
f 2778/1962/1 3192/2376/1661 3167/2351/1644
f 3066/2250/1571 3062/2246/1568 3204/2388/1675
f 3204/2388/1675 3205/2389/1676 3066/2250/1571
f 3206/2390/1676 3207/2391/1675 3082/2266/1587
f 3082/2266/1587 3086/2270/1591 3206/2390/1676
f 3079/2263/1584 3082/2266/1587 3207/2391/1675
f 3207/2391/1675 3208/2392/1677 3079/2263/1584
f 3209/2393/1677 3204/2388/1675 3062/2246/1568
f 3062/2246/1568 3064/2248/1569 3209/2393/1677
f 3083/2267/1588 3079/2263/1584 3208/2392/1677
f 3208/2392/1677 3210/2394/1678 3083/2267/1588
f 3211/2395/1679 3209/2393/1677 3064/2248/1569
f 3064/2248/1569 3065/2249/1570 3211/2395/1679
f 3068/2252/1573 3066/2250/1571 3205/2389/1676
f 3205/2389/1676 3212/2396/1680 3068/2252/1573
f 3213/2397/1681 3206/2390/1676 3086/2270/1591
f 3086/2270/1591 3090/2274/1595 3213/2397/1681
f 3087/2271/1592 3083/2267/1588 3210/2394/1678
f 3210/2394/1678 3214/2398/1682 3087/2271/1592
f 3215/2399/1682 3211/2395/1679 3065/2249/1570
f 3065/2249/1570 3067/2251/1572 3215/2399/1682
f 3070/2254/1575 3068/2252/1573 3212/2396/1680
f 3212/2396/1680 3216/2400/1683 3070/2254/1575
f 3217/2401/1683 3213/2397/1681 3090/2274/1595
f 3090/2274/1595 3094/2278/1599 3217/2401/1683
f 3091/2275/1596 3087/2271/1592 3214/2398/1682
f 3214/2398/1682 3218/2402/1684 3091/2275/1596
f 3219/2403/1684 3215/2399/1682 3067/2251/1572
f 3067/2251/1572 3069/2253/1574 3219/2403/1684
f 3072/2256/1577 3070/2254/1575 3216/2400/1683
f 3216/2400/1683 3220/2404/1685 3072/2256/1577
f 3221/2405/1686 3222/2406/1683 3097/2281/1599
f 3097/2281/1599 3100/2284/1603 3221/2405/1686
f 3095/2279/1600 3091/2275/1596 3218/2402/1684
f 3218/2402/1684 3223/2407/1687 3095/2279/1600
f 3224/2408/1687 3219/2403/1684 3069/2253/1574
f 3069/2253/1574 3071/2255/1576 3224/2408/1687
f 3074/2258/1579 3072/2256/1577 3220/2404/1685
f 3220/2404/1685 3225/2409/1688 3074/2258/1579
f 3226/2410/1688 3221/2405/1686 3100/2284/1603
f 3100/2284/1603 3104/2288/1607 3226/2410/1688
f 3101/2285/1604 3095/2279/1600 3223/2407/1687
f 3223/2407/1687 3227/2411/1689 3101/2285/1604
f 3228/2412/1690 3224/2408/1687 3071/2255/1576
f 3071/2255/1576 3073/2257/1578 3228/2412/1690
f 3076/2260/1581 3074/2258/1579 3225/2409/1688
f 3225/2409/1688 3229/2413/1691 3076/2260/1581
f 3230/2414/1691 3226/2410/1688 3104/2288/1607
f 3104/2288/1607 3108/2292/1611 3230/2414/1691
f 3105/2289/1608 3101/2285/1604 3227/2411/1689
f 3227/2411/1689 3231/2415/1692 3105/2289/1608
f 3232/2416/1692 3228/2412/1690 3073/2257/1578
f 3073/2257/1578 3075/2259/1580 3232/2416/1692
f 3078/2262/1583 3076/2260/1581 3229/2413/1691
f 3229/2413/1691 3233/2417/1693 3078/2262/1583
f 3234/2418/1693 3230/2414/1691 3108/2292/1611
f 3108/2292/1611 3112/2296/1615 3234/2418/1693
f 3109/2293/1612 3105/2289/1608 3231/2415/1692
f 3231/2415/1692 3235/2419/1694 3109/2293/1612
f 3236/2420/1694 3232/2416/1692 3075/2259/1580
f 3075/2259/1580 3077/2261/1582 3236/2420/1694
f 3112/2296/1615 3109/2293/1612 3235/2419/1694
f 3235/2419/1694 3234/2418/1693 3112/2296/1615
f 3233/2417/1693 3236/2420/1694 3077/2261/1582
f 3077/2261/1582 3078/2262/1583 3233/2417/1693
f 3081/2265/1586 3080/2264/1585 3237/2421/1695
f 3237/2421/1695 3238/2422/1696 3081/2265/1586
f 3239/2423/1697 3240/2424/1695 3193/2377/1663
f 3193/2377/1663 3176/2360/1651 3239/2423/1697
f 3085/2269/1590 3081/2265/1586 3238/2422/1696
f 3238/2422/1696 3241/2425/1698 3085/2269/1590
f 3242/2426/1698 3239/2423/1697 3176/2360/1651
f 3176/2360/1651 3174/2358/1649 3242/2426/1698
f 3194/2378/1664 3193/2377/1663 3240/2424/1695
f 3240/2424/1695 3243/2427/1699 3194/2378/1664
f 3244/2428/1699 3237/2421/1695 3080/2264/1585
f 3080/2264/1585 3084/2268/1589 3244/2428/1699
f 3089/2273/1594 3085/2269/1590 3241/2425/1698
f 3241/2425/1698 3245/2429/1700 3089/2273/1594
f 3246/2430/1700 3242/2426/1698 3174/2358/1649
f 3174/2358/1649 3175/2359/1650 3246/2430/1700
f 3195/2379/1665 3194/2378/1664 3243/2427/1699
f 3243/2427/1699 3247/2431/1701 3195/2379/1665
f 3248/2432/1701 3244/2428/1699 3084/2268/1589
f 3084/2268/1589 3088/2272/1593 3248/2432/1701
f 3093/2277/1598 3089/2273/1594 3245/2429/1700
f 3245/2429/1700 3249/2433/1702 3093/2277/1598
f 3250/2434/1702 3246/2430/1700 3175/2359/1650
f 3175/2359/1650 3187/2371/1658 3250/2434/1702
f 3196/2380/1666 3195/2379/1665 3247/2431/1701
f 3247/2431/1701 3251/2435/1703 3196/2380/1666
f 3252/2436/1704 3248/2432/1701 3088/2272/1593
f 3088/2272/1593 3092/2276/1597 3252/2436/1704
f 3099/2283/1602 3098/2282/1598 3253/2437/1702
f 3253/2437/1702 3254/2438/1705 3099/2283/1602
f 3255/2439/1705 3250/2434/1702 3187/2371/1658
f 3187/2371/1658 3183/2367/1656 3255/2439/1705
f 3197/2381/1667 3196/2380/1666 3251/2435/1703
f 3251/2435/1703 3256/2440/1706 3197/2381/1667
f 3257/2441/1706 3252/2436/1704 3092/2276/1597
f 3092/2276/1597 3096/2280/1601 3257/2441/1706
f 3103/2287/1606 3099/2283/1602 3254/2438/1705
f 3254/2438/1705 3258/2442/1707 3103/2287/1606
f 3259/2443/1707 3255/2439/1705 3183/2367/1656
f 3183/2367/1656 3182/2366/1655 3259/2443/1707
f 3180/2364/1654 3197/2381/1667 3256/2440/1706
f 3256/2440/1706 3260/2444/1708 3180/2364/1654
f 3261/2445/1708 3257/2441/1706 3096/2280/1601
f 3096/2280/1601 3102/2286/1605 3261/2445/1708
f 3107/2291/1610 3103/2287/1606 3258/2442/1707
f 3258/2442/1707 3262/2446/1709 3107/2291/1610
f 3263/2447/1709 3259/2443/1707 3182/2366/1655
f 3182/2366/1655 3186/2370/1657 3263/2447/1709
f 3178/2362/1652 3180/2364/1654 3260/2444/1708
f 3260/2444/1708 3264/2448/1710 3178/2362/1652
f 3265/2449/1710 3261/2445/1708 3102/2286/1605
f 3102/2286/1605 3106/2290/1609 3265/2449/1710
f 3111/2295/1614 3107/2291/1610 3262/2446/1709
f 3262/2446/1709 3266/2450/1711 3111/2295/1614
f 3267/2451/1711 3263/2447/1709 3186/2370/1657
f 3186/2370/1657 3190/2374/1659 3267/2451/1711
f 3179/2363/1653 3178/2362/1652 3264/2448/1710
f 3264/2448/1710 3268/2452/1712 3179/2363/1653
f 3269/2453/1712 3265/2449/1710 3106/2290/1609
f 3106/2290/1609 3110/2294/1613 3269/2453/1712
f 3190/2374/1659 3179/2363/1653 3268/2452/1712
f 3268/2452/1712 3267/2451/1711 3190/2374/1659
f 3266/2450/1711 3269/2453/1712 3110/2294/1613
f 3110/2294/1613 3111/2295/1614 3266/2450/1711
f 3117/2301/1571 3113/2297/1616 3270/2454/1713
f 3270/2454/1713 3271/2455/1714 3117/2301/1571
f 3272/2456/1676 3273/2457/1713 3133/2317/1587
f 3133/2317/1587 3137/2321/1591 3272/2456/1676
f 3130/2314/1623 3133/2317/1587 3273/2457/1713
f 3273/2457/1713 3274/2458/1715 3130/2314/1623
f 3275/2459/1715 3270/2454/1713 3113/2297/1616
f 3113/2297/1616 3115/2299/1569 3275/2459/1715
f 3134/2318/1588 3130/2314/1623 3274/2458/1715
f 3274/2458/1715 3276/2460/1679 3134/2318/1588
f 3277/2461/1679 3275/2459/1715 3115/2299/1569
f 3115/2299/1569 3116/2300/1570 3277/2461/1679
f 3119/2303/1617 3117/2301/1571 3271/2455/1714
f 3271/2455/1714 3278/2462/1680 3119/2303/1617
f 3279/2463/1680 3272/2456/1676 3137/2321/1591
f 3137/2321/1591 3141/2325/1627 3279/2463/1680
f 3138/2322/1592 3134/2318/1588 3276/2460/1679
f 3276/2460/1679 3280/2464/1682 3138/2322/1592
f 3281/2465/1682 3277/2461/1679 3116/2300/1570
f 3116/2300/1570 3118/2302/1572 3281/2465/1682
f 3121/2305/1618 3119/2303/1617 3278/2462/1680
f 3278/2462/1680 3282/2466/1683 3121/2305/1618
f 3283/2467/1683 3284/2468/1680 3144/2328/1595
f 3144/2328/1595 3147/2331/1599 3283/2467/1683
f 3142/2326/1628 3138/2322/1592 3280/2464/1682
f 3280/2464/1682 3285/2469/1684 3142/2326/1628
f 3286/2470/1684 3281/2465/1682 3118/2302/1572
f 3118/2302/1572 3120/2304/1574 3286/2470/1684
f 3123/2307/1620 3121/2305/1618 3282/2466/1683
f 3282/2466/1683 3287/2471/1686 3123/2307/1620
f 3288/2472/1685 3283/2467/1683 3147/2331/1599
f 3147/2331/1599 3151/2335/1631 3288/2472/1685
f 3148/2332/1600 3142/2326/1628 3285/2469/1684
f 3285/2469/1684 3289/2473/1687 3148/2332/1600
f 3290/2474/1687 3286/2470/1684 3120/2304/1574
f 3120/2304/1574 3122/2306/1619 3290/2474/1687
f 3125/2309/1621 3123/2307/1620 3287/2471/1686
f 3287/2471/1686 3291/2475/1688 3125/2309/1621
f 3292/2476/1688 3288/2472/1685 3151/2335/1631
f 3151/2335/1631 3155/2339/1634 3292/2476/1688
f 3152/2336/1632 3148/2332/1600 3289/2473/1687
f 3289/2473/1687 3293/2477/1689 3152/2336/1632
f 3294/2478/1716 3290/2474/1687 3122/2306/1619
f 3122/2306/1619 3124/2308/1578 3294/2478/1716
f 3127/2311/1581 3125/2309/1621 3291/2475/1688
f 3291/2475/1688 3295/2479/1691 3127/2311/1581
f 3296/2480/1717 3292/2476/1688 3155/2339/1634
f 3155/2339/1634 3159/2343/1611 3296/2480/1717
f 3156/2340/1635 3152/2336/1632 3293/2477/1689
f 3293/2477/1689 3297/2481/1692 3156/2340/1635
f 3298/2482/1692 3294/2478/1716 3124/2308/1578
f 3124/2308/1578 3126/2310/1580 3298/2482/1692
f 3129/2313/1583 3127/2311/1581 3295/2479/1691
f 3295/2479/1691 3299/2483/1693 3129/2313/1583
f 3300/2484/1693 3296/2480/1717 3159/2343/1611
f 3159/2343/1611 3163/2347/1640 3300/2484/1693
f 3160/2344/1638 3156/2340/1635 3297/2481/1692
f 3297/2481/1692 3301/2485/1718 3160/2344/1638
f 3302/2486/1694 3298/2482/1692 3126/2310/1580
f 3126/2310/1580 3128/2312/1622 3302/2486/1694
f 3163/2347/1640 3160/2344/1638 3301/2485/1718
f 3301/2485/1718 3300/2484/1693 3163/2347/1640
f 3299/2483/1693 3302/2486/1694 3128/2312/1622
f 3128/2312/1622 3129/2313/1583 3299/2483/1693
f 3132/2316/1625 3131/2315/1624 3303/2487/1695
f 3303/2487/1695 3304/2488/1696 3132/2316/1625
f 3305/2489/1696 3306/2490/1719 3198/2382/1669
f 3198/2382/1669 3173/2357/1648 3305/2489/1696
f 3136/2320/1626 3132/2316/1625 3304/2488/1696
f 3304/2488/1696 3307/2491/1698 3136/2320/1626
f 3308/2492/1698 3305/2489/1696 3173/2357/1648
f 3173/2357/1648 3165/2349/1642 3308/2492/1698
f 3199/2383/1670 3198/2382/1669 3306/2490/1719
f 3306/2490/1719 3309/2493/1699 3199/2383/1670
f 3310/2494/1699 3303/2487/1695 3131/2315/1624
f 3131/2315/1624 3135/2319/1589 3310/2494/1699
f 3140/2324/1594 3136/2320/1626 3307/2491/1698
f 3307/2491/1698 3311/2495/1700 3140/2324/1594
f 3312/2496/1700 3308/2492/1698 3165/2349/1642
f 3165/2349/1642 3164/2348/1641 3312/2496/1700
f 3200/2384/1671 3199/2383/1670 3309/2493/1699
f 3309/2493/1699 3313/2497/1720 3200/2384/1671
f 3314/2498/1720 3310/2494/1699 3135/2319/1589
f 3135/2319/1589 3139/2323/1593 3314/2498/1720
f 3146/2330/1598 3145/2329/1630 3315/2499/1700
f 3315/2499/1700 3316/2500/1702 3146/2330/1598
f 3317/2501/1702 3312/2496/1700 3164/2348/1641
f 3164/2348/1641 3203/2387/1674 3317/2501/1702
f 3201/2385/1672 3200/2384/1671 3313/2497/1720
f 3313/2497/1720 3318/2502/1703 3201/2385/1672
f 3319/2503/1721 3314/2498/1720 3139/2323/1593
f 3139/2323/1593 3143/2327/1629 3319/2503/1721
f 3150/2334/1602 3146/2330/1598 3316/2500/1702
f 3316/2500/1702 3320/2504/1705 3150/2334/1602
f 3321/2505/1705 3317/2501/1702 3203/2387/1674
f 3203/2387/1674 3166/2350/1643 3321/2505/1705
f 3202/2386/1673 3201/2385/1672 3318/2502/1703
f 3318/2502/1703 3322/2506/1706 3202/2386/1673
f 3323/2507/1706 3319/2503/1721 3143/2327/1629
f 3143/2327/1629 3149/2333/1601 3323/2507/1706
f 3154/2338/1633 3150/2334/1602 3320/2504/1705
f 3320/2504/1705 3324/2508/1707 3154/2338/1633
f 3325/2509/1707 3321/2505/1705 3166/2350/1643
f 3166/2350/1643 3167/2351/1644 3325/2509/1707
f 3172/2356/1647 3202/2386/1673 3322/2506/1706
f 3322/2506/1706 3326/2510/1722 3172/2356/1647
f 3327/2511/1723 3323/2507/1706 3149/2333/1601
f 3149/2333/1601 3153/2337/1605 3327/2511/1723
f 3158/2342/1637 3154/2338/1633 3324/2508/1707
f 3324/2508/1707 3328/2512/1709 3158/2342/1637
f 3329/2513/1709 3325/2509/1707 3167/2351/1644
f 3167/2351/1644 3192/2376/1661 3329/2513/1709
f 3169/2353/1645 3172/2356/1647 3326/2510/1722
f 3326/2510/1722 3330/2514/1710 3169/2353/1645
f 3331/2515/1710 3327/2511/1723 3153/2337/1605
f 3153/2337/1605 3157/2341/1636 3331/2515/1710
f 3162/2346/1614 3158/2342/1637 3328/2512/1709
f 3328/2512/1709 3332/2516/1711 3162/2346/1614
f 3333/2517/1711 3329/2513/1709 3192/2376/1661
f 3192/2376/1661 3191/2375/1660 3333/2517/1711
f 3170/2354/1662 3169/2353/1645 3330/2514/1710
f 3330/2514/1710 3334/2518/1724 3170/2354/1662
f 3335/2519/1724 3331/2515/1710 3157/2341/1636
f 3157/2341/1636 3161/2345/1639 3335/2519/1724
f 3191/2375/1660 3170/2354/1662 3334/2518/1724
f 3334/2518/1724 3333/2517/1711 3191/2375/1660
f 3332/2516/1711 3335/2519/1724 3161/2345/1639
f 3161/2345/1639 3162/2346/1614 3332/2516/1711
f 2819/2003/1 2861/2045/1 2860/2044/1417
f 2860/2044/1417 2849/2033/1410 2819/2003/1
f 3176/2360/1651 3193/2377/1663 2861/2045/1
f 2861/2045/1 2819/2003/1 3176/2360/1651
f 3018/2202/1 3017/2201/1534 3010/2194/1530
f 3010/2194/1530 3009/2193/1 3018/2202/1
f 3006/2190/1529 3005/2189/1 2853/2037/1
f 2853/2037/1 2852/2036/1545 3006/2190/1529
f 3005/2189/1 2995/2179/1522 2862/2046/1564
f 2862/2046/1418 2853/2037/1 3005/2189/1
f 3004/2188/1 2935/2119/1479 3025/2209/1525
f 3025/2209/1525 2997/2181/1 3004/2188/1
f 2998/2182/1524 2997/2181/1 2856/2040/1
f 2856/2040/1 2855/2039/1725 2998/2182/1524
f 3025/2209/1525 3002/2186/1527 2856/2040/1
f 2856/2040/1 2997/2181/1 3025/2209/1525
f 3336/2520/1726 3337/2521/1727 3338/2522/1728
f 3338/2522/1728 3339/2523/429 3336/2520/1726
f 3340/2524/429 3341/2525/1728 3342/2526/1729
f 3342/2526/1729 3343/2527/1730 3340/2524/429
f 3344/2528/1731 3345/2529/1732 3346/2530/1733
f 3346/2530/1733 3347/2531/1734 3344/2528/1731
f 3348/2532/1734 3349/2533/1733 3337/2521/1727
f 3337/2521/1727 3350/2534/1735 3348/2532/1734
f 3351/2535/1736 3352/2536/1737 3353/2537/1738
f 3353/2537/1738 3354/2538/36 3351/2535/1736
f 3355/2539/36 3356/2540/1739 3357/2541/1740
f 3357/2541/1740 3358/2542/1741 3355/2539/36
f 3359/2543/1742 3360/2544/1743 3361/2545/1744
f 3361/2545/1744 3362/2546/44 3359/2543/1742
f 3363/2547/44 3364/2548/1744 3365/2549/1745
f 3365/2549/1745 3366/2550/1746 3363/2547/44
f 3367/2551/1747 3368/2552/1748 3369/2553/1749
f 3369/2553/1749 3370/2554/1750 3367/2551/1747
f 3371/2555/1751 3372/2556/1749 3373/2557/1752
f 3373/2557/1752 3374/2558/1753 3371/2555/1751
f 3375/2559/1754 3376/2560/1755 3377/2561/632
f 3377/2561/632 3378/2562/1756 3375/2559/1754
f 3379/2563/1757 3380/2564/632 3381/2565/1758
f 3381/2565/1758 3382/2566/1759 3379/2563/1757
f 3383/2567/1760 3384/2568/1760 3385/2569/430
f 3385/2569/430 3386/2570/430 3383/2567/1760
f 3387/2571/430 3388/2572/430 3389/2573/1761
f 3389/2573/1761 3390/2574/1761 3387/2571/430
f 3391/2575/1762 3392/2576/1763 3393/2577/1764
f 3393/2577/1764 3394/2578/1765 3391/2575/1762
f 3395/2579/1765 3396/2580/1764 3397/2581/1766
f 3397/2581/1766 3398/2582/1767 3395/2579/1765
f 3399/2583/1768 3400/2584/1769 3401/2585/1770
f 3401/2585/1770 3402/2586/51 3399/2583/1768
f 3403/2587/51 3404/2588/1770 3405/2589/1771
f 3405/2589/1771 3406/2590/1772 3403/2587/51
f 3407/2591/1773 3408/2592/1774 3409/2593/1775
f 3409/2593/1775 3410/2594/1776 3407/2591/1773
f 3411/2595/1776 3412/2596/1775 3400/2584/1769
f 3400/2584/1769 3413/2597/1777 3411/2595/1776
f 3414/2598/1778 3415/2599/1779 3416/2600/1614
f 3416/2600/1614 3417/2601/635 3414/2598/1778
f 3418/2602/635 3419/2603/1614 3420/2604/1780
f 3420/2604/1780 3421/2605/1781 3418/2602/635
f 3422/2606/1782 3420/2604/1780 3423/2607/1783
f 3423/2607/1783 3424/2608/29 3422/2606/1782
f 3425/2609/29 3426/2610/1784 3427/2611/1785
f 3427/2611/1785 3428/2612/1786 3425/2609/29
f 3429/2613/1787 3430/2614/1788 3431/2615/1734
f 3431/2615/1734 3432/2616/1789 3429/2613/1787
f 3433/2617/1789 3434/2618/1734 3435/2619/1735
f 3435/2619/1735 3375/2559/1754 3433/2617/1789
f 3436/2620/1790 3437/2621/1790 3438/2622/1791
f 3438/2622/1791 3439/2623/1791 3436/2620/1790
f 3440/2624/1791 3441/2625/1791 3442/2626/1792
f 3442/2626/1792 3443/2627/1793 3440/2624/1791
f 3382/2566/1759 3444/2628/1742 3445/2629/44
f 3445/2629/44 3446/2630/1794 3382/2566/1759
f 3447/2631/1795 3448/2632/44 3449/2633/1796
f 3449/2633/1796 3429/2613/1787 3447/2631/1795
f 3450/2634/1797 3451/2635/1798 3452/2636/51
f 3452/2636/51 3453/2637/51 3450/2634/1797
f 3454/2638/51 3455/2639/51 3456/2640/1772
f 3456/2640/1772 3457/2641/1772 3454/2638/51
f 3458/2642/1799 3459/2643/1800 3460/2644/1801
f 3460/2644/1801 3461/2645/1802 3458/2642/1799
f 3462/2646/1802 3463/2647/1801 3464/2648/1803
f 3464/2648/1803 3465/2649/1804 3462/2646/1802
f 3466/2650/1805 3467/2651/1800 3468/2652/1806
f 3468/2652/1806 3469/2653/1807 3466/2650/1805
f 3470/2654/1807 3471/2655/1806 3472/2656/1808
f 3472/2656/1808 3473/2657/1777 3470/2654/1807
f 3474/2658/1726 2780/1964/3 2783/1967/3
f 2783/1967/3 3336/2520/1726 3474/2658/1726
f 3475/2659/1726 3476/2660/1809 2787/1971/3
f 2787/1971/3 2786/1970/3 3475/2659/1726
f 3367/2551/1747 3477/2661/1786 3003/2187/1
f 3003/2187/1 3004/2188/1 3367/2551/1747
f 3414/2598/1778 3478/2662/1810 2789/1973/2
f 2789/1973/2 2788/1972/2 3414/2598/1778
f 3479/2663/1810 3480/2664/1810 2793/1977/2
f 2793/1977/2 2792/1976/2 3479/2663/1810
f 3351/2535/1736 3481/2665/1736 2807/1991/40
f 2807/1991/40 2806/1990/40 3351/2535/1736
f 3482/2666/1786 3428/2612/1786 2847/2031/1
f 2847/2031/1 2846/2030/1 3482/2666/1786
f 3483/2667/1736 3345/2529/1732 3344/2528/1731
f 3344/2528/1731 2841/2025/40 3483/2667/1736
f 3344/2528/1731 3484/2668/1731 2840/2024/40
f 2840/2024/40 2841/2025/40 3344/2528/1731
f 3485/2669/1731 3430/2614/1788 2839/2023/40
f 2839/2023/40 2838/2022/40 3485/2669/1731
f 3486/2670/1758 2836/2020/10 2837/2021/10
f 2837/2021/10 3381/2565/1758 3486/2670/1758
f 3487/2671/1758 3488/2672/1811 2835/2019/10
f 2835/2019/10 2834/2018/10 3487/2671/1758
f 2778/1962/1 2777/1961/1 3391/2575/1762
f 3391/2575/1762 3489/2673/1812 2778/1962/1
f 3490/2674/1813 3491/2675/1814 2997/2181/1
f 2997/2181/1 3000/2184/1 3490/2674/1813
f 3368/2552/1748 3367/2551/1747 3004/2188/1
f 3004/2188/1 3492/2676/1815 3368/2552/1748
f 3493/2677/1816 3494/2678/1817 2845/2029/6
f 2845/2029/6 2844/2028/6 3493/2677/1816
f 3495/2679/1817 3343/2527/1730 2843/2027/6
f 2843/2027/6 2842/2026/6 3495/2679/1817
f 3496/2680/1818 3497/2681/1819 3177/2361/1
f 3177/2361/1 3171/2355/1 3496/2680/1818
f 3484/2668/1731 3485/2669/1731 2838/2022/40
f 2838/2022/40 2840/2024/40 3484/2668/1731
f 3498/2682/1818 3496/2680/1818 3171/2355/1
f 3171/2355/1 3168/2352/1 3498/2682/1818
f 3481/2665/1736 3483/2667/1736 2841/2025/40
f 2841/2025/40 2807/1991/40 3481/2665/1736
f 3477/2661/1786 3482/2666/1786 2846/2030/1
f 2846/2030/1 3003/2187/1 3477/2661/1786
f 3492/2676/1815 3004/2188/1 2997/2181/1
f 2997/2181/1 3491/2675/1814 3492/2676/1815
f 3489/2673/1812 3498/2682/1818 3168/2352/1
f 3168/2352/1 2778/1962/1 3489/2673/1812
f 3497/2681/1819 3490/2674/1813 3000/2184/1
f 3000/2184/1 3177/2361/1 3497/2681/1819
f 3476/2660/1809 3499/2683/1820 3500/2684/1821
f 3500/2684/1821 2787/1971/3 3476/2660/1809
f 2787/1971/3 3500/2684/1821 3501/2685/1822
f 3502/2686/1823 2784/1968/3 2787/1971/3
f 2787/1971/3 3501/2685/1822 3502/2686/1823
f 2784/1968/3 3502/2686/1823 3503/2687/1824
f 3504/2688/1823 2769/1953/3 2784/1968/3
f 2784/1968/3 3503/2687/1824 3504/2688/1823
f 2769/1953/3 3504/2688/1823 3505/2689/1825
f 2769/1953/3 3505/2689/1825 3506/2690/1826
f 3506/2690/1826 3398/2582/1767 2770/1954/3
f 2770/1954/3 2769/1953/3 3506/2690/1826
f 3507/2691/1827 3457/2641/1772 2835/2019/10
f 2835/2019/10 3488/2672/1811 3507/2691/1827
f 3457/2641/1772 3456/2640/1772 2825/2009/10
f 2825/2009/10 2835/2019/10 3457/2641/1772
f 3456/2640/1772 3406/2590/1772 2826/2010/10
f 2826/2010/10 2825/2009/10 3456/2640/1772
f 2764/1948/2 2763/1947/2 3407/2591/1773
f 3407/2591/1773 3508/2692/1828 2764/1948/2
f 2764/1948/2 3508/2692/1828 3509/2693/1829
f 2764/1948/2 3509/2693/1829 3467/2651/1800
f 3466/2650/1805 2791/1975/2 2764/1948/2
f 2764/1948/2 3467/2651/1800 3466/2650/1805
f 2791/1975/2 3466/2650/1805 3459/2643/1800
f 3458/2642/1799 2788/1972/2 2791/1975/2
f 2791/1975/2 3459/2643/1800 3458/2642/1799
f 2788/1972/2 3458/2642/1799 3510/2694/1830
f 3415/2599/1779 3414/2598/1778 2788/1972/2
f 2788/1972/2 3510/2694/1830 3415/2599/1779
f 3511/2695/1831 2812/1996/6 2815/1999/6
f 2815/1999/6 3422/2606/1782 3511/2695/1831
f 3512/2696/1832 2844/2028/6 2812/1996/6
f 2812/1996/6 3511/2695/1831 3512/2696/1832
f 2844/2028/6 3512/2696/1832 3374/2558/1753
f 3373/2557/1752 3493/2677/1816 2844/2028/6
f 2844/2028/6 3374/2558/1753 3373/2557/1752
f 3513/2697/1833 3437/2621/1790 2793/1977/2
f 2793/1977/2 3480/2664/1810 3513/2697/1833
f 3437/2621/1790 3436/2620/1790 2794/1978/2
f 2794/1978/2 2793/1977/2 3437/2621/1790
f 3436/2620/1790 3514/2698/1790 2773/1957/2
f 2773/1957/2 2794/1978/2 3436/2620/1790
f 3514/2698/1790 3515/2699/1790 2774/1958/2
f 2774/1958/2 2773/1957/2 3514/2698/1790
f 3516/2700/1742 2799/1983/10 2798/1982/10
f 2798/1982/10 3359/2543/1742 3516/2700/1742
f 3444/2628/1742 2837/2021/10 2799/1983/10
f 2799/1983/10 3516/2700/1742 3444/2628/1742
f 3382/2566/1759 3381/2565/1758 2837/2021/10
f 2837/2021/10 3444/2628/1742 3382/2566/1759
f 2768/1952/3 2767/1951/3 3435/2619/1735
f 3435/2619/1735 3517/2701/1735 2768/1952/3
f 3518/2702/1735 2782/1966/3 2768/1952/3
f 2768/1952/3 3517/2701/1735 3518/2702/1735
f 3350/2534/1735 2783/1967/3 2782/1966/3
f 2782/1966/3 3518/2702/1735 3350/2534/1735
f 3337/2521/1727 3336/2520/1726 2783/1967/3
f 2783/1967/3 3350/2534/1735 3337/2521/1727
f 3342/2526/1729 3519/2703/1741 2843/2027/6
f 2843/2027/6 3343/2527/1730 3342/2526/1729
f 3519/2703/1741 3520/2704/1741 2809/1993/6
f 2809/1993/6 2843/2027/6 3519/2703/1741
f 3520/2704/1741 3358/2542/1834 2810/1994/6
f 2810/1994/6 2809/1993/6 3520/2704/1741
f 3479/2663/1810 2792/1976/2 2789/1973/2
f 2789/1973/2 3478/2662/1810 3479/2663/1810
f 3486/2670/1758 3487/2671/1758 2834/2018/10
f 2834/2018/10 2836/2020/10 3486/2670/1758
f 3474/2658/1726 3475/2659/1726 2786/1970/3
f 2786/1970/3 2780/1964/3 3474/2658/1726
f 3495/2679/1817 2842/2026/6 2845/2029/6
f 2845/2029/6 3494/2678/1817 3495/2679/1817
f 3521/2705/1835 3522/2706/1760 2774/1958/2
f 2774/1958/2 3515/2699/1790 3521/2705/1835
f 3522/2706/1760 3523/2707/1760 2775/1959/2
f 2775/1959/2 2774/1958/2 3522/2706/1760
f 3523/2707/1760 3384/2568/1760 2762/1946/2
f 2762/1946/2 2775/1959/2 3523/2707/1760
f 3384/2568/1760 3383/2567/1760 2763/1947/2
f 2763/1947/2 2762/1946/2 3384/2568/1760
f 3383/2567/1760 3408/2592/1774 3407/2591/1773
f 3407/2591/1773 2763/1947/2 3383/2567/1760
f 3399/2583/1768 3451/2635/1798 2823/2007/1
f 2823/2007/1 2822/2006/1 3399/2583/1768
f 3451/2635/1798 3450/2634/1797 2777/1961/1
f 2777/1961/1 2823/2007/1 3451/2635/1798
f 3450/2634/1797 3392/2576/1763 3391/2575/1762
f 3391/2575/1762 2777/1961/1 3450/2634/1797
f 3397/2581/1766 3524/2708/1836 2770/1954/3
f 2770/1954/3 3398/2582/1767 3397/2581/1766
f 3524/2708/1836 3525/2709/1836 2771/1955/3
f 2771/1955/3 2770/1954/3 3524/2708/1836
f 3526/2710/1836 2766/1950/3 2771/1955/3
f 2771/1955/3 3525/2709/1836 3526/2710/1836
f 3526/2710/1836 3376/2560/1755 2767/1951/3
f 2767/1951/3 2766/1950/3 3526/2710/1836
f 3376/2560/1755 3375/2559/1754 3435/2619/1735
f 3435/2619/1735 2767/1951/3 3376/2560/1755
f 3429/2613/1787 3449/2633/1796 2839/2023/40
f 2839/2023/40 3430/2614/1788 3429/2613/1787
f 3449/2633/1796 3527/2711/1746 2800/1984/40
f 2800/1984/40 2839/2023/40 3449/2633/1796
f 3527/2711/1746 3366/2550/1746 2801/1985/40
f 2801/1985/40 2800/1984/40 3527/2711/1746
f 2797/1981/10 3528/2712/1761 3529/2713/1761
f 3529/2713/1761 2798/1982/10 2797/1981/10
f 3360/2544/1743 3359/2543/1742 2798/1982/10
f 2798/1982/10 3529/2713/1761 3360/2544/1743
f 3365/2549/1745 3530/2714/1792 2801/1985/40
f 2801/1985/40 3366/2550/1746 3365/2549/1745
f 3530/2714/1792 3531/2715/1792 2802/1986/40
f 2802/1986/40 2801/1985/40 3530/2714/1792
f 3531/2715/1792 3443/2627/1793 2805/1989/40
f 2805/1989/40 2802/1986/40 3531/2715/1792
f 3443/2627/1793 3442/2626/1792 2806/1990/40
f 2806/1990/40 2805/1989/40 3443/2627/1793
f 3352/2536/1737 3351/2535/1736 2806/1990/40
f 2806/1990/40 3442/2626/1792 3352/2536/1737
f 3358/2542/1741 3357/2541/1740 3532/2716/1837
f 3532/2716/1837 2810/1994/6 3358/2542/1741
f 3533/2717/1837 2811/1995/6 2810/1994/6
f 2810/1994/6 3532/2716/1837 3533/2717/1837
f 2811/1995/6 3533/2717/1837 3534/2718/1837
f 3534/2718/1837 2814/1998/6 2811/1995/6
f 3421/2605/1781 2815/1999/6 2814/1998/6
f 2814/1998/6 3534/2718/1837 3421/2605/1781
f 3420/2604/1780 3422/2606/1782 2815/1999/6
f 2815/1999/6 3421/2605/1781 3420/2604/1780
f 3427/2611/1785 3535/2719/1838 2847/2031/1
f 2847/2031/1 3428/2612/1786 3427/2611/1785
f 3535/2719/1838 3465/2649/1804 2817/2001/1
f 2817/2001/1 2847/2031/1 3535/2719/1838
f 3465/2649/1804 3464/2648/1803 2818/2002/1
f 2818/2002/1 2817/2001/1 3465/2649/1804
f 3464/2648/1803 3473/2657/1777 2829/2013/1
f 2829/2013/1 2818/2002/1 3464/2648/1803
f 3473/2657/1777 3472/2656/1808 2830/2014/1
f 2830/2014/1 2829/2013/1 3473/2657/1777
f 3472/2656/1808 3536/2720/1839 2832/2016/1
f 2832/2016/1 2830/2014/1 3472/2656/1808
f 3536/2720/1839 3537/2721/1840 2821/2005/1
f 2821/2005/1 2832/2016/1 3536/2720/1839
f 3537/2721/1840 3413/2597/1777 2822/2006/1
f 2822/2006/1 2821/2005/1 3537/2721/1840
f 3400/2584/1769 3399/2583/1768 2822/2006/1
f 2822/2006/1 3413/2597/1777 3400/2584/1769
f 3406/2590/1772 3405/2589/1771 3390/2574/1761
f 3390/2574/1761 2826/2010/10 3406/2590/1772
f 3389/2573/1761 2827/2011/10 2826/2010/10
f 2826/2010/10 3390/2574/1761 3389/2573/1761
f 3528/2712/1761 2797/1981/10 2827/2011/10
f 2827/2011/10 3389/2573/1761 3528/2712/1761
f 3484/2668/1731 3344/2528/1731 3347/2531/1734
f 3347/2531/1734 3538/2722/1734 3484/2668/1731
f 3539/2723/1734 3348/2532/1734 3350/2534/1735
f 3350/2534/1735 3518/2702/1735 3539/2723/1734
f 3532/2716/1837 3357/2541/1740 3540/2724/1841
f 3540/2724/1841 3541/2725/635 3532/2716/1837
f 3542/2726/635 3543/2727/1842 3513/2697/1833
f 3513/2697/1833 3480/2664/1810 3542/2726/635
f 3475/2659/1726 3474/2658/1726 3544/2728/429
f 3544/2728/429 3545/2729/429 3475/2659/1726
f 3546/2730/429 3547/2731/429 3495/2679/1817
f 3495/2679/1817 3494/2678/1817 3546/2730/429
f 3343/2527/1730 3495/2679/1817 3547/2731/429
f 3547/2731/429 3340/2524/429 3343/2527/1730
f 3339/2523/429 3544/2728/429 3474/2658/1726
f 3474/2658/1726 3336/2520/1726 3339/2523/429
f 3530/2714/1792 3365/2549/1745 3548/2732/1843
f 3548/2732/1843 3549/2733/1791 3530/2714/1792
f 3550/2734/1791 3551/2735/1843 3521/2705/1835
f 3521/2705/1835 3515/2699/1790 3550/2734/1791
f 3522/2706/1760 3521/2705/1835 3552/2736/1844
f 3552/2736/1844 3553/2737/430 3522/2706/1760
f 3554/2738/430 3555/2739/1844 3360/2544/1743
f 3360/2544/1743 3529/2713/1761 3554/2738/430
f 3493/2677/1816 3373/2557/1752 3556/2740/1598
f 3556/2740/1598 3557/2741/429 3493/2677/1816
f 3558/2742/429 3559/2743/1845 3499/2683/1820
f 3499/2683/1820 3476/2660/1809 3558/2742/429
f 3533/2717/1837 3532/2716/1837 3541/2725/635
f 3541/2725/635 3560/2744/635 3533/2717/1837
f 3561/2745/635 3542/2726/635 3480/2664/1810
f 3480/2664/1810 3479/2663/1810 3561/2745/635
f 3534/2718/1837 3533/2717/1837 3560/2744/635
f 3560/2744/635 3562/2746/635 3534/2718/1837
f 3563/2747/635 3561/2745/635 3479/2663/1810
f 3479/2663/1810 3478/2662/1810 3563/2747/635
f 3487/2671/1758 3486/2670/1758 3564/2748/632
f 3564/2748/632 3565/2749/632 3487/2671/1758
f 3566/2750/632 3567/2751/632 3526/2710/1836
f 3526/2710/1836 3525/2709/1836 3566/2750/632
f 3376/2560/1755 3526/2710/1836 3567/2751/632
f 3567/2751/632 3377/2561/632 3376/2560/1755
f 3380/2564/632 3564/2748/632 3486/2670/1758
f 3486/2670/1758 3381/2565/1758 3380/2564/632
f 3523/2707/1760 3522/2706/1760 3553/2737/430
f 3553/2737/430 3568/2752/430 3523/2707/1760
f 3569/2753/430 3554/2738/430 3529/2713/1761
f 3529/2713/1761 3528/2712/1761 3569/2753/430
f 3384/2568/1760 3523/2707/1760 3568/2752/430
f 3568/2752/430 3385/2569/430 3384/2568/1760
f 3388/2572/430 3569/2753/430 3528/2712/1761
f 3528/2712/1761 3389/2573/1761 3388/2572/430
f 3524/2708/1836 3397/2581/1766 3570/2754/1624
f 3570/2754/1624 3571/2755/632 3524/2708/1836
f 3572/2756/632 3573/2757/1624 3507/2691/1827
f 3507/2691/1827 3488/2672/1811 3572/2756/632
f 3500/2684/1821 3499/2683/1820 3574/2758/1846
f 3574/2758/1846 3575/2759/1847 3500/2684/1821
f 3576/2760/1848 3577/2761/1849 3368/2552/1748
f 3368/2552/1748 3492/2676/1815 3576/2760/1848
f 3508/2692/1828 3407/2591/1773 3410/2594/1776
f 3410/2594/1776 3578/2762/1850 3508/2692/1828
f 3579/2763/1850 3411/2595/1776 3413/2597/1777
f 3413/2597/1777 3537/2721/1840 3579/2763/1850
f 3519/2703/1741 3342/2526/1729 3580/2764/1851
f 3580/2764/1851 3581/2765/36 3519/2703/1741
f 3582/2766/36 3583/2767/1852 3345/2529/1732
f 3345/2529/1732 3483/2667/1736 3582/2766/36
f 3430/2614/1788 3485/2669/1731 3584/2768/1734
f 3584/2768/1734 3431/2615/1734 3430/2614/1788
f 3434/2618/1734 3585/2769/1734 3517/2701/1735
f 3517/2701/1735 3435/2619/1735 3434/2618/1734
f 3498/2682/1818 3489/2673/1812 3586/2770/1853
f 3586/2770/1853 3587/2771/1854 3498/2682/1818
f 3588/2772/1854 3589/2773/1853 3506/2690/1826
f 3506/2690/1826 3505/2689/1825 3588/2772/1854
f 3398/2582/1767 3506/2690/1826 3589/2773/1853
f 3589/2773/1853 3395/2579/1765 3398/2582/1767
f 3394/2578/1765 3586/2770/1853 3489/2673/1812
f 3489/2673/1812 3391/2575/1762 3394/2578/1765
f 3509/2693/1829 3508/2692/1828 3578/2762/1850
f 3578/2762/1850 3590/2774/1855 3509/2693/1829
f 3591/2775/1855 3579/2763/1850 3537/2721/1840
f 3537/2721/1840 3536/2720/1839 3591/2775/1855
f 3501/2685/1822 3500/2684/1821 3575/2759/1847
f 3575/2759/1847 3592/2776/1856 3501/2685/1822
f 3593/2777/1856 3576/2760/1848 3492/2676/1815
f 3492/2676/1815 3491/2675/1814 3593/2777/1856
f 3535/2719/1838 3427/2611/1785 3594/2778/1857
f 3594/2778/1857 3595/2779/1858 3535/2719/1838
f 3596/2780/1858 3597/2781/1857 3415/2599/1779
f 3415/2599/1779 3510/2694/1830 3596/2780/1858
f 3437/2621/1790 3513/2697/1833 3598/2782/1859
f 3598/2782/1859 3438/2622/1791 3437/2621/1790
f 3441/2625/1791 3599/2783/1859 3352/2536/1737
f 3352/2536/1737 3442/2626/1792 3441/2625/1791
f 3516/2700/1742 3359/2543/1742 3362/2546/44
f 3362/2546/44 3600/2784/44 3516/2700/1742
f 3601/2785/44 3363/2547/44 3366/2550/1746
f 3366/2550/1746 3527/2711/1746 3601/2785/44
f 3444/2628/1742 3516/2700/1742 3600/2784/44
f 3600/2784/44 3445/2629/44 3444/2628/1742
f 3448/2632/44 3601/2785/44 3527/2711/1746
f 3527/2711/1746 3449/2633/1796 3448/2632/44
f 3520/2704/1741 3519/2703/1741 3581/2765/36
f 3581/2765/36 3602/2786/36 3520/2704/1741
f 3603/2787/36 3582/2766/36 3483/2667/1736
f 3483/2667/1736 3481/2665/1736 3603/2787/36
f 3358/2542/1741 3520/2704/1741 3602/2786/36
f 3602/2786/36 3355/2539/36 3358/2542/1741
f 3354/2538/36 3603/2787/36 3481/2665/1736
f 3481/2665/1736 3351/2535/1736 3354/2538/36
f 3511/2695/1831 3422/2606/1782 3424/2608/29
f 3424/2608/29 3604/2788/1451 3511/2695/1831
f 3605/2789/1451 3425/2609/29 3428/2612/1786
f 3428/2612/1786 3482/2666/1786 3605/2789/1451
f 3512/2696/1832 3511/2695/1831 3604/2788/1451
f 3604/2788/1451 3606/2790/1451 3512/2696/1832
f 3607/2791/1451 3605/2789/1451 3482/2666/1786
f 3482/2666/1786 3477/2661/1786 3607/2791/1451
f 3451/2635/1798 3399/2583/1768 3402/2586/51
f 3402/2586/51 3452/2636/51 3451/2635/1798
f 3455/2639/51 3403/2587/51 3406/2590/1772
f 3406/2590/1772 3456/2640/1772 3455/2639/51
f 3457/2641/1772 3507/2691/1827 3608/2792/1860
f 3608/2792/1860 3454/2638/51 3457/2641/1772
f 3453/2637/51 3609/2793/1860 3392/2576/1763
f 3392/2576/1763 3450/2634/1797 3453/2637/51
f 3374/2558/1753 3512/2696/1832 3606/2790/1451
f 3606/2790/1451 3371/2555/1751 3374/2558/1753
f 3370/2554/1750 3607/2791/1451 3477/2661/1786
f 3477/2661/1786 3367/2551/1747 3370/2554/1750
f 3502/2686/1823 3501/2685/1822 3592/2776/1856
f 3592/2776/1856 3610/2794/1861 3502/2686/1823
f 3611/2795/1861 3593/2777/1856 3491/2675/1814
f 3491/2675/1814 3490/2674/1813 3611/2795/1861
f 3503/2687/1824 3502/2686/1823 3610/2794/1861
f 3610/2794/1861 3612/2796/1862 3503/2687/1824
f 3613/2797/1863 3611/2795/1861 3490/2674/1813
f 3490/2674/1813 3497/2681/1819 3613/2797/1863
f 3514/2698/1790 3436/2620/1790 3439/2623/1791
f 3439/2623/1791 3614/2798/1791 3514/2698/1790
f 3615/2799/1791 3440/2624/1791 3443/2627/1793
f 3443/2627/1793 3531/2715/1792 3615/2799/1791
f 3465/2649/1804 3535/2719/1838 3595/2779/1858
f 3595/2779/1858 3462/2646/1802 3465/2649/1804
f 3461/2645/1802 3596/2780/1858 3510/2694/1830
f 3510/2694/1830 3458/2642/1799 3461/2645/1802
f 3504/2688/1823 3503/2687/1824 3612/2796/1862
f 3612/2796/1862 3616/2800/1864 3504/2688/1823
f 3617/2801/1864 3613/2797/1863 3497/2681/1819
f 3497/2681/1819 3496/2680/1818 3617/2801/1864
f 3505/2689/1825 3504/2688/1823 3616/2800/1864
f 3616/2800/1864 3588/2772/1854 3505/2689/1825
f 3587/2771/1854 3617/2801/1864 3496/2680/1818
f 3496/2680/1818 3498/2682/1818 3587/2771/1854
f 3531/2715/1792 3530/2714/1792 3549/2733/1791
f 3549/2733/1791 3615/2799/1791 3531/2715/1792
f 3614/2798/1791 3550/2734/1791 3515/2699/1790
f 3515/2699/1790 3514/2698/1790 3614/2798/1791
f 3467/2651/1800 3509/2693/1829 3590/2774/1855
f 3590/2774/1855 3468/2652/1806 3467/2651/1800
f 3471/2655/1806 3591/2775/1855 3536/2720/1839
f 3536/2720/1839 3472/2656/1808 3471/2655/1806
f 3473/2657/1777 3464/2648/1803 3463/2647/1801
f 3463/2647/1801 3470/2654/1807 3473/2657/1777
f 3469/2653/1807 3460/2644/1801 3459/2643/1800
f 3459/2643/1800 3466/2650/1805 3469/2653/1807
f 3518/2702/1735 3517/2701/1735 3585/2769/1734
f 3585/2769/1734 3539/2723/1734 3518/2702/1735
f 3538/2722/1734 3584/2768/1734 3485/2669/1731
f 3485/2669/1731 3484/2668/1731 3538/2722/1734
f 3494/2678/1817 3493/2677/1816 3557/2741/429
f 3557/2741/429 3546/2730/429 3494/2678/1817
f 3545/2729/429 3558/2742/429 3476/2660/1809
f 3476/2660/1809 3475/2659/1726 3545/2729/429
f 3525/2709/1836 3524/2708/1836 3571/2755/632
f 3571/2755/632 3566/2750/632 3525/2709/1836
f 3565/2749/632 3572/2756/632 3488/2672/1811
f 3488/2672/1811 3487/2671/1758 3565/2749/632
f 3390/2574/1761 3405/2589/1771 3618/2802/1601
f 3618/2802/1601 3387/2571/430 3390/2574/1761
f 3386/2570/430 3619/2803/1601 3408/2592/1774
f 3408/2592/1774 3383/2567/1760 3386/2570/430
f 3421/2605/1781 3534/2718/1837 3562/2746/635
f 3562/2746/635 3418/2602/635 3421/2605/1781
f 3417/2601/635 3563/2747/635 3478/2662/1810
f 3478/2662/1810 3414/2598/1778 3417/2601/635
f 3620/2804/1865 3580/2764/1851 3342/2526/1729
f 3342/2526/1729 3341/2525/1728 3620/2804/1865
f 3621/2805/1866 3338/2522/1728 3337/2521/1727
f 3337/2521/1727 3349/2533/1733 3621/2805/1866
f 3622/2806/1867 3346/2530/1733 3345/2529/1732
f 3345/2529/1732 3583/2767/1852 3622/2806/1867
f 3623/2807/1868 3540/2724/1841 3357/2541/1740
f 3357/2541/1740 3356/2540/1739 3623/2807/1868
f 3624/2808/1869 3353/2537/1738 3352/2536/1737
f 3352/2536/1737 3599/2783/1859 3624/2808/1869
f 3625/2809/1870 3598/2782/1859 3513/2697/1833
f 3513/2697/1833 3543/2727/1842 3625/2809/1870
f 3626/2810/1871 3548/2732/1843 3365/2549/1745
f 3365/2549/1745 3364/2548/1744 3626/2810/1871
f 3627/2811/1872 3361/2545/1744 3360/2544/1743
f 3360/2544/1743 3555/2739/1844 3627/2811/1872
f 3628/2812/1873 3552/2736/1844 3521/2705/1835
f 3521/2705/1835 3551/2735/1843 3628/2812/1873
f 3629/2813/1874 3556/2740/1598 3373/2557/1752
f 3373/2557/1752 3372/2556/1749 3629/2813/1874
f 3630/2814/1875 3369/2553/1749 3368/2552/1748
f 3368/2552/1748 3577/2761/1849 3630/2814/1875
f 3631/2815/1875 3574/2758/1846 3499/2683/1820
f 3499/2683/1820 3559/2743/1845 3631/2815/1875
f 3632/2816/1876 3570/2754/1624 3397/2581/1766
f 3397/2581/1766 3396/2580/1764 3632/2816/1876
f 3633/2817/1876 3393/2577/1764 3392/2576/1763
f 3392/2576/1763 3609/2793/1860 3633/2817/1876
f 3634/2818/1876 3608/2792/1860 3507/2691/1827
f 3507/2691/1827 3573/2757/1624 3634/2818/1876
f 3635/2819/1877 3409/2593/1775 3408/2592/1774
f 3408/2592/1774 3619/2803/1601 3635/2819/1877
f 3636/2820/1878 3618/2802/1601 3405/2589/1771
f 3405/2589/1771 3404/2588/1770 3636/2820/1878
f 3637/2821/1877 3401/2585/1770 3400/2584/1769
f 3400/2584/1769 3412/2596/1775 3637/2821/1877
f 3638/2822/1879 3423/2607/1783 3420/2604/1780
f 3420/2604/1780 3419/2603/1614 3638/2822/1879
f 3639/2823/1879 3416/2600/1614 3415/2599/1779
f 3415/2599/1779 3597/2781/1857 3639/2823/1879
f 3640/2824/1879 3594/2778/1857 3427/2611/1785
f 3427/2611/1785 3426/2610/1784 3640/2824/1879
f 3641/2825/1880 3447/2631/1795 3429/2613/1787
f 3429/2613/1787 3432/2616/1789 3641/2825/1880
f 3642/2826/1881 3433/2617/1789 3375/2559/1754
f 3375/2559/1754 3378/2562/1756 3642/2826/1881
f 3643/2827/1881 3379/2563/1757 3382/2566/1759
f 3382/2566/1759 3446/2630/1794 3643/2827/1881
f 3644/2828/1882 3645/2829/1882 3646/2830/1882
f 3646/2830/1882 3647/2831/1882 3644/2828/1882
f 3648/2831/1883 3649/2830/1884 3650/2832/1885
f 3650/2832/1885 3651/2833/1886 3648/2831/1883
f 3652/2834/1887 3653/2835/1887 3654/2836/1888
f 3654/2836/1888 3655/2837/1889 3652/2834/1887
f 3656/2837/435 3657/2836/434 3658/2838/1890
f 3658/2838/1890 3659/2839/1890 3656/2837/435
f 3660/2840/1891 3661/2841/1892 3662/2842/1893
f 3662/2842/1893 3663/2843/1894 3660/2840/1891
f 3664/2843/1895 3665/2842/1896 3666/2844/1897
f 3666/2844/1897 3667/2845/1898 3664/2843/1895
f 3668/2846/1899 3669/2847/1900 3670/2848/1901
f 3670/2848/1901 3671/2849/1902 3668/2846/1899
f 3672/2849/1903 3673/2848/1904 3674/2850/1905
f 3674/2850/1905 3675/2851/1906 3672/2849/1903
f 3676/2852/1907 3677/2853/1908 3678/2854/1909
f 3678/2854/1909 3679/2855/1909 3676/2852/1907
f 3680/2855/1910 3681/2854/1910 3682/2856/1911
f 3682/2856/1911 3683/2857/1911 3680/2855/1910
f 3684/2858/1912 3685/2859/1913 3686/2860/1914
f 3686/2860/1914 3687/2861/1915 3684/2858/1912
f 3688/2861/1916 3689/2860/1917 3690/2862/1918
f 3690/2862/1918 3691/2863/1919 3688/2861/1916
f 3692/2864/1920 3693/2865/1920 3694/2866/1921
f 3694/2866/1921 3695/2867/1921 3692/2864/1920
f 3696/2867/1922 3697/2866/1922 3698/2868/1923
f 3698/2868/1923 3699/2869/1923 3696/2867/1922
f 3700/2870/1924 3660/2840/1891 3701/2871/1925
f 3701/2871/1925 3702/2872/1926 3700/2870/1924
f 3703/2872/1927 3704/2871/1928 3705/2873/1929
f 3705/2873/1929 3706/2874/1930 3703/2872/1927
f 3707/2875/1931 3708/2876/1931 3709/2877/633
f 3709/2877/633 3710/2878/633 3707/2875/1931
f 3711/2879/1932 3712/2880/1932 3713/2881/1933
f 3713/2881/1933 3714/2882/1933 3711/2879/1932
f 3715/2883/1934 3716/2884/1935 3717/2885/1936
f 3717/2885/1936 3718/2886/1936 3715/2883/1934
f 3719/2887/1937 3720/2888/1937 3721/2889/1938
f 3721/2889/1938 3722/2890/1939 3719/2887/1937
f 3723/2891/1940 3724/2892/1940 3725/2893/1941
f 3725/2893/1941 3726/2894/1942 3723/2891/1940
f 3727/2895/1943 3728/2896/1944 3729/2897/1945
f 3729/2897/1945 3730/2898/1945 3727/2895/1943
f 3731/2899/1946 3700/2870/1924 3732/2900/1947
f 3732/2900/1947 3733/2901/1948 3731/2899/1946
f 3734/2902/1949 3735/2903/1950 3736/2904/1951
f 3736/2904/1951 3737/2905/1952 3734/2902/1949
f 3693/2865/1920 3692/2864/1920 3738/2906/2
f 3738/2906/2 3739/2907/2 3693/2865/1920
f 3660/2840/1891 3700/2870/1924 3731/2899/1946
f 3731/2899/1946 3661/2841/1892 3660/2840/1891
f 3659/2839/1890 3658/2838/1890 3708/2876/1931
f 3708/2876/1931 3707/2875/1931 3659/2839/1890
f 3690/2862/1918 3740/2908/1953 3741/2909/1954
f 3741/2909/1954 3691/2863/1919 3690/2862/1918
f 3699/2869/1923 3698/2868/1923 3723/2891/1940
f 3723/2891/1940 3742/2910/1940 3699/2869/1923
f 3743/2911/1890 3659/2839/1890 3707/2875/1931
f 3707/2875/1931 3744/2912/1931 3743/2911/1890
f 3745/2913/1920 3693/2865/1920 3739/2907/2
f 3739/2907/2 3746/2914/2 3745/2913/1920
f 3698/2868/1923 3747/2915/1923 3724/2892/1940
f 3724/2892/1940 3723/2891/1940 3698/2868/1923
f 3748/2916/1892 3749/2917/1892 3750/2918/1946
f 3750/2918/1946 3751/2919/1946 3748/2916/1892
f 3752/2920/2 3753/2921/2 3754/2922/2
f 3754/2922/2 3755/2923/2 3752/2920/2
f 3753/2921/2 3752/2920/2 3756/2924/2
f 3756/2924/2 3757/2925/2 3753/2921/2
f 3683/2857/1911 3682/2856/1911 3716/2884/1935
f 3716/2884/1935 3715/2883/1934 3683/2857/1911
f 3758/2926/3 3759/2927/3 3760/2928/3
f 3760/2928/3 3761/2929/3 3758/2926/3
f 3761/2929/3 3760/2928/3 3762/2930/3
f 3762/2930/3 3763/2931/3 3761/2929/3
f 3730/2898/1945 3764/2932/3 3765/2933/3
f 3765/2933/3 3766/2934/1945 3730/2898/1945
f 3730/2898/1945 3729/2897/1945 3767/2935/3
f 3767/2935/3 3764/2932/3 3730/2898/1945
f 3749/2917/1892 3748/2916/1892 3768/2936/1955
f 3768/2936/1955 3769/2937/1893 3749/2917/1892
f 3770/2937/1896 3771/2936/1896 3772/2938/1897
f 3772/2938/1897 3773/2939/1897 3770/2937/1896
f 3659/2839/1890 3743/2911/1890 3774/2940/435
f 3774/2940/435 3656/2837/435 3659/2839/1890
f 3655/2837/1889 3775/2940/1956 3776/2941/1887
f 3776/2941/1887 3652/2834/1887 3655/2837/1889
f 3777/2942/1957 3778/2943/1907 3779/2944/1958
f 3779/2944/1958 3780/2945/1959 3777/2942/1957
f 3781/2945/1960 3782/2944/1910 3740/2908/1953
f 3740/2908/1953 3690/2862/1918 3781/2945/1960
f 3693/2865/1920 3745/2913/1920 3783/2946/1961
f 3783/2946/1961 3694/2866/1921 3693/2865/1920
f 3697/2866/1922 3784/2946/1922 3747/2915/1923
f 3747/2915/1923 3698/2868/1923 3697/2866/1922
f 3785/2947/1962 3786/2948/1952 3787/2949/1949
f 3787/2949/1949 3788/2950/1963 3785/2947/1962
f 3789/2951/1948 3790/2952/1948 3751/2919/1946
f 3751/2919/1946 3750/2918/1946 3789/2951/1948
f 3714/2882/1933 3791/2953/1933 3792/2954/1964
f 3792/2954/1964 3711/2879/1932 3714/2882/1933
f 3710/2878/633 3793/2955/638 3744/2912/1931
f 3744/2912/1931 3707/2875/1931 3710/2878/633
f 3794/2956/1938 3795/2957/1965 3796/2958/1966
f 3796/2958/1966 3797/2959/1937 3794/2956/1938
f 3798/2960/1936 3799/2961/1967 3691/2863/1919
f 3691/2863/1919 3741/2909/1954 3798/2960/1936
f 3730/2898/1945 3766/2934/1945 3800/2962/1944
f 3800/2962/1944 3727/2895/1943 3730/2898/1945
f 3726/2894/1942 3801/2963/1941 3742/2910/1940
f 3742/2910/1940 3723/2891/1940 3726/2894/1942
f 3802/2964/1968 3803/2965/1969 3650/2832/1885
f 3650/2832/1885 3649/2830/1884 3802/2964/1968
f 3804/2964/1970 3805/2830/1971 3806/2829/1972
f 3806/2829/1972 3807/2966/1973 3804/2964/1970
f 3808/2964/1974 3809/2966/1975 3810/2967/1976
f 3810/2967/1976 3811/2965/1977 3808/2964/1974
f 3812/2968/1978 3813/2969/1979 3674/2850/1905
f 3674/2850/1905 3673/2848/1904 3812/2968/1978
f 3814/2968/1980 3670/2848/1901 3669/2847/1900
f 3669/2847/1900 3815/2970/1981 3814/2968/1980
f 3816/2968/1982 3817/2970/1983 3818/2971/1984
f 3818/2971/1984 3819/2969/1985 3816/2968/1982
f 3820/2972/1986 3781/2945/1960 3690/2862/1918
f 3690/2862/1918 3689/2860/1917 3820/2972/1986
f 3821/2972/1987 3686/2860/1914 3685/2859/1913
f 3685/2859/1913 3822/2973/1988 3821/2972/1987
f 3823/2972/1989 3824/2973/1990 3777/2942/1957
f 3777/2942/1957 3780/2945/1959 3823/2972/1989
f 3825/2974/1991 3826/2975/1992 3705/2873/1929
f 3705/2873/1929 3704/2871/1928 3825/2974/1991
f 3827/2974/1993 3701/2871/1925 3660/2840/1891
f 3660/2840/1891 3663/2843/1894 3827/2974/1993
f 3828/2974/1994 3664/2843/1895 3667/2845/1898
f 3667/2845/1898 3829/2975/1995 3828/2974/1994
f 3830/2976/1996 3831/2977/1997 3832/2978/1998
f 3832/2978/1998 3833/2979/1999 3830/2976/1996
f 3834/2980/2000 3835/2981/2001 3836/2828/2002
f 3836/2828/2002 3837/2831/2003 3834/2980/2000
f 3838/2980/2004 3648/2831/1883 3651/2833/1886
f 3651/2833/1886 3839/2982/2005 3838/2980/2004
f 3840/2983/2006 3841/2984/2007 3842/2985/2008
f 3842/2985/2008 3843/2986/2009 3840/2983/2006
f 3844/2987/2010 3845/2988/2011 3668/2846/1899
f 3668/2846/1899 3671/2849/1902 3844/2987/2010
f 3846/2987/2012 3672/2849/1903 3675/2851/1906
f 3675/2851/1906 3847/2989/2013 3846/2987/2012
f 3848/2990/2014 3796/2958/1966 3795/2957/1965
f 3795/2957/1965 3849/2991/2015 3848/2990/2014
f 3850/2992/2016 3851/2993/2017 3684/2858/1912
f 3684/2858/1912 3687/2861/1915 3850/2992/2016
f 3852/2992/2018 3688/2861/1916 3691/2863/1919
f 3691/2863/1919 3799/2961/1967 3852/2992/2018
f 3853/2994/2019 3703/2872/1927 3706/2874/1930
f 3706/2874/1930 3854/2995/2020 3853/2994/2019
f 3855/2996/2021 3856/2997/2022 3736/2904/1951
f 3736/2904/1951 3735/2903/1950 3855/2996/2021
f 3857/2994/2023 3732/2900/1947 3700/2870/1924
f 3700/2870/1924 3702/2872/1926 3857/2994/2023
f 3743/2911/1890 3674/2850/1905 3813/2969/1979
f 3813/2969/1979 3774/2940/435 3743/2911/1890
f 3775/2940/1956 3819/2969/1985 3818/2971/1984
f 3818/2971/1984 3776/2941/1887 3775/2940/1956
f 3677/2853/1908 3676/2852/1908 3757/2925/2
f 3757/2925/2 3756/2924/2 3677/2853/1908
f 3777/2942/1957 3745/2913/1920 3746/2914/2
f 3746/2914/2 3778/2943/1907 3777/2942/1957
f 3745/2913/1920 3777/2942/1957 3824/2973/1990
f 3824/2973/1990 3783/2946/1961 3745/2913/1920
f 3784/2946/1922 3822/2973/1988 3685/2859/1913
f 3685/2859/1913 3747/2915/1923 3784/2946/1922
f 3685/2859/1913 3684/2858/1912 3724/2892/1940
f 3724/2892/1940 3747/2915/1923 3685/2859/1913
f 3724/2892/1940 3684/2858/1912 3851/2993/2017
f 3851/2993/2017 3725/2893/1941 3724/2892/1940
f 3728/2896/1944 3849/2991/2015 3795/2957/1965
f 3795/2957/1965 3729/2897/1945 3728/2896/1944
f 3795/2957/1965 3794/2956/1938 3767/2935/3
f 3767/2935/3 3729/2897/1945 3795/2957/1965
f 3722/2890/1939 3721/2889/2024 3759/2927/3
f 3759/2927/3 3758/2926/3 3722/2890/1939
f 3791/2953/1933 3842/2985/2008 3841/2984/2007
f 3841/2984/2007 3792/2954/1964 3791/2953/1933
f 3793/2955/638 3847/2989/2013 3675/2851/1906
f 3675/2851/1906 3744/2912/1931 3793/2955/638
f 3674/2850/1905 3743/2911/1890 3744/2912/1931
f 3744/2912/1931 3675/2851/1906 3674/2850/1905
f 3657/2836/434 3807/2966/1973 3806/2829/1972
f 3806/2829/1972 3658/2838/1890 3657/2836/434
f 3806/2829/1972 3836/2828/2002 3708/2876/1931
f 3708/2876/1931 3658/2838/1890 3806/2829/1972
f 3708/2876/1931 3836/2828/2002 3835/2981/2001
f 3835/2981/2001 3709/2877/633 3708/2876/1931
f 3712/2880/1932 3833/2979/1999 3832/2978/1998
f 3832/2978/1998 3713/2881/1933 3712/2880/1932
f 3785/2947/1952 3763/2931/3 3762/2930/3
f 3762/2930/3 3786/2948/1952 3785/2947/1952
f 3736/2904/1951 3766/2934/1945 3765/2933/3
f 3765/2933/3 3737/2905/1952 3736/2904/1951
f 3766/2934/1945 3736/2904/1951 3856/2997/2022
f 3856/2997/2022 3800/2962/1944 3766/2934/1945
f 3801/2963/1941 3854/2995/2020 3706/2874/1930
f 3706/2874/1930 3742/2910/1940 3801/2963/1941
f 3705/2873/1929 3699/2869/1923 3742/2910/1940
f 3742/2910/1940 3706/2874/1930 3705/2873/1929
f 3826/2975/1992 3696/2867/1922 3699/2869/1923
f 3699/2869/1923 3705/2873/1929 3826/2975/1992
f 3667/2845/1898 3692/2864/1920 3695/2867/1921
f 3695/2867/1921 3829/2975/1995 3667/2845/1898
f 3692/2864/1920 3667/2845/1898 3666/2844/1897
f 3666/2844/1897 3738/2906/2 3692/2864/1920
f 3773/2939/2025 3772/2938/2025 3755/2923/2
f 3755/2923/2 3754/2922/2 3773/2939/2025
f 3653/2835/1887 3810/2967/1976 3809/2966/1975
f 3809/2966/1975 3654/2836/1888 3653/2835/1887
f 3748/2916/1892 3650/2832/1885 3803/2965/1969
f 3803/2965/1969 3768/2936/1955 3748/2916/1892
f 3771/2936/1896 3811/2965/1977 3810/2967/1976
f 3810/2967/1976 3772/2938/1897 3771/2936/1896
f 3810/2967/1976 3653/2835/1887 3755/2923/2
f 3755/2923/2 3772/2938/1897 3810/2967/1976
f 3652/2834/1887 3752/2920/2 3755/2923/2
f 3755/2923/2 3653/2835/2026 3652/2834/1887
f 3652/2834/1887 3776/2941/1887 3756/2924/2
f 3756/2924/2 3752/2920/2 3652/2834/1887
f 3818/2971/1984 3677/2853/1908 3756/2924/2
f 3756/2924/2 3776/2941/1887 3818/2971/1984
f 3677/2853/1908 3818/2971/1984 3817/2970/1983
f 3817/2970/1983 3678/2854/1909 3677/2853/1908
f 3681/2854/1910 3815/2970/1981 3669/2847/1900
f 3669/2847/1900 3682/2856/1911 3681/2854/1910
f 3669/2847/1900 3668/2846/1899 3716/2884/1935
f 3716/2884/1935 3682/2856/1911 3669/2847/1900
f 3716/2884/1935 3668/2846/1899 3845/2988/2011
f 3845/2988/2011 3717/2885/1936 3716/2884/1935
f 3720/2888/1937 3843/2986/2009 3842/2985/2008
f 3842/2985/2008 3721/2889/1938 3720/2888/1937
f 3842/2985/2008 3791/2953/1933 3759/2927/3
f 3759/2927/3 3721/2889/1938 3842/2985/2008
f 3791/2953/1933 3714/2882/1933 3760/2928/3
f 3760/2928/3 3759/2927/3 3791/2953/1933
f 3760/2928/3 3714/2882/1933 3713/2881/1933
f 3713/2881/1933 3762/2930/3 3760/2928/3
f 3832/2978/1998 3786/2948/1952 3762/2930/3
f 3762/2930/3 3713/2881/1933 3832/2978/1998
f 3786/2948/1952 3832/2978/1998 3831/2977/1997
f 3831/2977/1997 3787/2949/1949 3786/2948/1952
f 3790/2952/1948 3839/2982/2005 3651/2833/1886
f 3651/2833/1886 3751/2919/1946 3790/2952/1948
f 3650/2832/1885 3748/2916/1892 3751/2919/1946
f 3751/2919/1946 3651/2833/1886 3650/2832/1885
f 3665/2842/1896 3770/2937/1896 3773/2939/1897
f 3773/2939/1897 3666/2844/1897 3665/2842/1896
f 3754/2922/2 3738/2906/2 3666/2844/2025
f 3666/2844/2025 3773/2939/2025 3754/2922/2
f 3753/2921/2 3739/2907/2 3738/2906/2
f 3738/2906/2 3754/2922/2 3753/2921/2
f 3757/2925/2 3746/2914/2 3739/2907/2
f 3739/2907/2 3753/2921/2 3757/2925/2
f 3676/2852/1908 3778/2943/2027 3746/2914/2
f 3746/2914/2 3757/2925/2 3676/2852/1908
f 3778/2943/1907 3676/2852/1907 3679/2855/1909
f 3679/2855/1909 3779/2944/1958 3778/2943/1907
f 3782/2944/1910 3680/2855/1910 3683/2857/1911
f 3683/2857/1911 3740/2908/1953 3782/2944/1910
f 3740/2908/1953 3683/2857/1911 3715/2883/1934
f 3715/2883/1934 3741/2909/1954 3740/2908/1953
f 3718/2886/1936 3798/2960/1936 3741/2909/1954
f 3741/2909/1954 3715/2883/1934 3718/2886/1936
f 3722/2890/1939 3794/2956/1938 3797/2959/1937
f 3797/2959/1937 3719/2887/1937 3722/2890/1939
f 3794/2956/2024 3722/2890/1939 3758/2926/3
f 3758/2926/3 3767/2935/3 3794/2956/2024
f 3761/2929/3 3764/2932/3 3767/2935/3
f 3767/2935/3 3758/2926/3 3761/2929/3
f 3764/2932/3 3761/2929/3 3763/2931/3
f 3763/2931/3 3765/2933/3 3764/2932/3
f 3785/2947/1952 3737/2905/1952 3765/2933/3
f 3765/2933/3 3763/2931/3 3785/2947/1952
f 3788/2950/1963 3734/2902/1949 3737/2905/1952
f 3737/2905/1952 3785/2947/1962 3788/2950/1963
f 3750/2918/1946 3731/2899/1946 3733/2901/1948
f 3733/2901/1948 3789/2951/1948 3750/2918/1946
f 3749/2917/1892 3661/2841/1892 3731/2899/1946
f 3731/2899/1946 3750/2918/1946 3749/2917/1892
f 3661/2841/1892 3749/2917/1892 3769/2937/1893
f 3769/2937/1893 3662/2842/1893 3661/2841/1892
f 3858/112/90 3859/111/1347 3860/302/1391
f 3860/302/1391 3861/303/2028 3858/112/90
f 3861/303/2028 3860/302/1391 3862/176/152
f 3862/176/152 3863/179/2029 3861/303/2028
f 3864/63/43 3865/62/41 3866/317/1391
f 3866/317/1391 3867/318/2030 3864/63/43
f 3867/318/2030 3866/317/1391 3868/208/182
f 3868/208/182 3869/211/2031 3867/318/2030
f 3870/61/42 3865/62/41 3864/63/43
f 3864/63/43 3871/64/44 3870/61/42
f 3871/64/44 3864/63/43 3872/65/45
f 3872/65/45 3873/66/46 3871/64/44
f 3873/66/46 3872/65/45 3874/67/47
f 3874/67/47 3875/68/10 3873/66/46
f 3875/68/10 3874/67/47 3876/69/48
f 3876/69/48 3877/70/49 3875/68/10
f 3877/70/49 3876/69/48 3878/71/50
f 3878/71/50 3879/72/51 3877/70/49
f 3879/72/51 3878/71/50 3880/73/52
f 3880/73/52 3881/74/53 3879/72/51
f 3881/74/53 3880/73/52 3882/75/54
f 3882/75/54 3883/76/1 3881/74/53
f 3883/76/1 3882/75/54 3884/77/279
f 3884/77/279 3885/78/28 3883/76/1
f 3885/78/28 3884/77/279 3886/79/22
f 3886/79/22 3887/80/29 3885/78/28
f 3887/80/29 3886/79/22 3888/81/2032
f 3888/81/2032 3889/82/31 3887/80/29
f 3889/82/31 3888/81/2032 3890/83/32
f 3890/83/32 3891/84/6 3889/82/31
f 3891/84/6 3890/83/32 3892/48/33
f 3892/48/33 3893/53/34 3891/84/6
f 3893/53/34 3892/48/33 3894/47/35
f 3894/47/35 3895/54/36 3893/53/34
f 3895/54/36 3894/47/35 3896/55/273
f 3896/55/273 3897/56/38 3895/54/36
f 3897/56/38 3896/55/273 3898/57/39
f 3898/57/39 3899/58/40 3897/56/38
f 3899/58/40 3898/57/39 3900/59/41
f 3900/59/41 3901/60/42 3899/58/40
f 3902/91/289 3903/90/63 3904/87/3
f 3905/92/2033 3902/91/289 3904/87/3
f 3906/93/66 3905/92/2033 3904/87/3
f 3907/94/67 3906/93/66 3904/87/3
f 3908/95/2034 3907/94/67 3904/87/3
f 3909/96/1335 3908/95/2034 3904/87/3
f 3910/97/70 3909/96/1335 3904/87/3
f 3911/98/56 3910/97/70 3904/87/3
f 3912/99/55 3911/98/56 3904/87/3
f 3913/100/284 3912/99/55 3904/87/3
f 3914/101/58 3913/100/284 3904/87/3
f 3915/86/2035 3914/101/58 3904/87/3
f 3916/85/282 3915/86/2035 3904/87/3
f 3917/88/1337 3916/85/282 3904/87/3
f 3918/89/291 3917/88/1337 3904/87/3
f 3903/90/63 3918/89/291 3904/87/3
f 3919/110/89 3859/111/1347 3858/112/90
f 3858/112/90 3920/113/302 3919/110/89
f 3920/113/302 3858/112/90 3921/114/92
f 3921/114/92 3922/115/93 3920/113/302
f 3922/115/93 3921/114/92 3923/116/94
f 3923/116/94 3924/117/95 3922/115/93
f 3924/117/95 3923/116/94 3925/118/96
f 3925/118/96 3926/119/97 3924/117/95
f 3926/119/97 3925/118/96 3927/120/98
f 3927/120/98 3928/121/99 3926/119/97
f 3928/121/99 3927/120/98 3929/122/100
f 3929/122/100 3930/123/101 3928/121/99
f 3930/123/101 3929/122/100 3931/124/102
f 3931/124/102 3932/125/2036 3930/123/101
f 3932/125/2036 3931/124/102 3933/126/72
f 3933/126/72 3934/127/2037 3932/125/2036
f 3934/127/2037 3933/126/72 3935/128/73
f 3935/128/73 3936/129/74 3934/127/2037
f 3936/129/74 3935/128/73 3937/130/2038
f 3937/130/2038 3938/131/76 3936/129/74
f 3938/131/76 3937/130/2038 3939/132/77
f 3939/132/77 3940/133/78 3938/131/76
f 3940/133/78 3939/132/77 3941/42/79
f 3941/42/79 3942/102/80 3940/133/78
f 3942/102/80 3941/42/79 3943/41/82
f 3943/41/82 3944/103/83 3942/102/80
f 3944/103/83 3943/41/82 3945/104/271
f 3945/104/271 3946/105/85 3944/103/83
f 3946/105/85 3945/104/271 3947/106/86
f 3947/106/86 3948/107/87 3946/105/85
f 3948/107/87 3947/106/86 3949/108/303
f 3949/108/303 3950/109/89 3948/107/87
f 3951/144/121 3952/145/120 3953/146/2039
f 3953/146/2039 3954/147/123 3951/144/121
f 3954/147/123 3953/146/2039 3955/148/124
f 3955/148/124 3956/149/125 3954/147/123
f 3956/149/125 3955/148/124 3957/150/126
f 3957/150/126 3958/151/127 3956/149/125
f 3958/151/127 3957/150/126 3959/152/128
f 3959/152/128 3960/153/129 3958/151/127
f 3960/153/129 3959/152/128 3961/154/313
f 3961/154/313 3962/155/131 3960/153/129
f 3962/155/131 3961/154/313 3963/156/132
f 3963/156/132 3964/157/133 3962/155/131
f 3964/157/133 3963/156/132 3965/158/134
f 3965/158/134 3966/159/135 3964/157/133
f 3966/159/135 3965/158/134 3967/160/105
f 3967/160/105 3968/161/104 3966/159/135
f 3968/161/104 3967/160/105 3969/162/106
f 3969/162/106 3970/163/107 3968/161/104
f 3970/163/107 3969/162/106 3971/164/108
f 3971/164/108 3972/165/109 3970/163/107
f 3972/165/109 3971/164/108 3973/166/110
f 3973/166/110 3974/167/111 3972/165/109
f 3974/167/111 3973/166/110 3975/135/112
f 3975/135/112 3976/134/113 3974/167/111
f 3976/134/113 3975/135/112 3977/136/305
f 3977/136/305 3978/137/115 3976/134/113
f 3978/137/115 3977/136/305 3979/138/116
f 3979/138/116 3980/139/1353 3978/137/115
f 3980/139/1353 3979/138/116 3981/140/118
f 3981/140/118 3982/141/119 3980/139/1353
f 3982/141/119 3981/140/118 3983/142/120
f 3983/142/120 3984/143/121 3982/141/119
f 3862/176/152 3985/177/1356 3986/178/153
f 3986/178/153 3863/179/2029 3862/176/152
f 3863/179/2029 3986/178/153 3987/180/155
f 3987/180/155 3988/181/156 3863/179/2029
f 3988/181/156 3987/180/155 3989/182/157
f 3989/182/157 3990/183/158 3988/181/156
f 3990/183/158 3989/182/157 3991/184/2040
f 3991/184/2040 3992/185/160 3990/183/158
f 3992/185/160 3991/184/2040 3993/186/2041
f 3993/186/2041 3994/187/162 3992/185/160
f 3994/187/162 3993/186/2041 3995/188/322
f 3995/188/322 3996/189/164 3994/187/162
f 3996/189/164 3995/188/322 3997/190/165
f 3997/190/165 3998/191/166 3996/189/164
f 3998/191/166 3997/190/165 3999/192/136
f 3999/192/136 4000/193/20 3998/191/166
f 4000/193/20 3999/192/136 4001/194/137
f 4001/194/137 4002/195/321 4000/193/20
f 4002/195/321 4001/194/137 4003/196/138
f 4003/196/138 4004/197/139 4002/195/321
f 4004/197/139 4003/196/138 4005/198/140
f 4005/198/140 4006/199/141 4004/197/139
f 4006/199/141 4005/198/140 4007/168/144
f 4007/168/144 4008/45/143 4006/199/141
f 4008/45/143 4007/168/144 4009/169/2042
f 4009/169/2042 4010/46/146 4008/45/143
f 4010/46/146 4009/169/2042 4011/170/147
f 4011/170/147 4012/171/148 4010/46/146
f 4012/171/148 4011/170/147 4013/172/149
f 4013/172/149 4014/173/150 4012/171/148
f 4014/173/150 4013/172/149 4015/174/151
f 4015/174/151 4016/175/152 4014/173/150
f 3868/208/182 4017/209/181 4018/210/183
f 4018/210/183 3869/211/2031 3868/208/182
f 3869/211/2031 4018/210/183 4019/212/185
f 4019/212/185 4020/213/337 3869/211/2031
f 4020/213/337 4019/212/185 4021/214/187
f 4021/214/187 4022/215/336 4020/213/337
f 4022/215/336 4021/214/187 4023/216/189
f 4023/216/189 4024/217/190 4022/215/336
f 4024/217/190 4023/216/189 4025/218/191
f 4025/218/191 4026/219/192 4024/217/190
f 4026/219/192 4025/218/191 4027/220/193
f 4027/220/193 4028/221/1332 4026/219/192
f 4028/221/1332 4027/220/193 4029/222/195
f 4029/222/195 4030/223/330 4028/221/1332
f 4030/223/330 4029/222/195 4031/224/167
f 4031/224/167 4032/225/2043 4030/223/330
f 4032/225/2043 4031/224/167 4033/226/168
f 4033/226/168 4034/227/27 4032/225/2043
f 4034/227/27 4033/226/168 4035/228/169
f 4035/228/169 4036/229/170 4034/227/27
f 4036/229/170 4035/228/169 4037/230/171
f 4037/230/171 4038/231/172 4036/229/170
f 4038/231/172 4037/230/171 4039/200/173
f 4039/200/173 4040/51/174 4038/231/172
f 4040/51/174 4039/200/173 4041/201/175
f 4041/201/175 4042/52/276 4040/51/174
f 4042/52/276 4041/201/175 4043/202/177
f 4043/202/177 4044/203/178 4042/52/276
f 4044/203/178 4043/202/177 4045/204/340
f 4045/204/340 4046/205/341 4044/203/178
f 4046/205/341 4045/204/340 4047/206/181
f 4047/206/181 4048/207/182 4046/205/341
f 3953/146/2039 3952/145/120 4049/242/207
f 4049/242/207 4050/243/208 3953/146/2039
f 4051/244/2044 4052/241/207 3903/90/63
f 3903/90/63 3902/91/289 4051/244/2044
f 3955/148/124 3953/146/2039 4050/243/208
f 4050/243/208 4053/245/209 3955/148/124
f 4054/246/209 4051/244/2044 3902/91/289
f 3902/91/289 3905/92/2033 4054/246/209
f 3957/150/126 3955/148/124 4053/245/209
f 4053/245/209 4055/247/211 3957/150/126
f 4056/248/211 4054/246/209 3905/92/2033
f 3905/92/2033 3906/93/66 4056/248/211
f 3959/152/128 3957/150/126 4055/247/211
f 4055/247/211 4057/249/212 3959/152/128
f 4058/250/212 4056/248/211 3906/93/66
f 3906/93/66 3907/94/67 4058/250/212
f 3961/154/313 3959/152/128 4057/249/212
f 4057/249/212 4059/251/213 3961/154/313
f 4060/252/213 4058/250/212 3907/94/67
f 3907/94/67 3908/95/2034 4060/252/213
f 3963/156/132 3961/154/313 4059/251/213
f 4059/251/213 4061/253/215 3963/156/132
f 4062/254/214 4060/252/213 3908/95/2034
f 3908/95/2034 3909/96/1335 4062/254/214
f 3965/158/134 3963/156/132 4061/253/215
f 4061/253/215 4063/255/216 3965/158/134
f 4064/256/216 4062/254/214 3909/96/1335
f 3909/96/1335 3910/97/70 4064/256/216
f 3967/160/105 3965/158/134 4063/255/216
f 4063/255/216 4065/257/199 3967/160/105
f 4066/258/199 4064/256/216 3910/97/70
f 3910/97/70 3911/98/56 4066/258/199
f 3969/162/106 3967/160/105 4065/257/199
f 4065/257/199 4067/259/198 3969/162/106
f 4068/260/198 4066/258/199 3911/98/56
f 3911/98/56 3912/99/55 4068/260/198
f 3971/164/108 3969/162/106 4067/259/198
f 4067/259/198 4069/261/200 3971/164/108
f 4070/262/200 4068/260/198 3912/99/55
f 3912/99/55 3913/100/284 4070/262/200
f 3973/166/110 3971/164/108 4069/261/200
f 4069/261/200 4071/263/201 3973/166/110
f 4072/264/201 4070/262/200 3913/100/284
f 3913/100/284 3914/101/58 4072/264/201
f 3975/135/112 3973/166/110 4071/263/201
f 4071/263/201 4073/232/202 3975/135/112
f 4074/235/202 4072/264/201 3914/101/58
f 3914/101/58 3915/86/2035 4074/235/202
f 3977/136/305 3975/135/112 4073/232/202
f 4073/232/202 4075/233/204 3977/136/305
f 4076/234/204 4074/235/202 3915/86/2035
f 3915/86/2035 3916/85/282 4076/234/204
f 3979/138/116 3977/136/305 4075/233/204
f 4075/233/204 4077/236/205 3979/138/116
f 4078/237/205 4076/234/204 3916/85/282
f 3916/85/282 3917/88/1337 4078/237/205
f 3981/140/118 3979/138/116 4077/236/205
f 4077/236/205 4079/238/206 3981/140/118
f 4080/239/206 4078/237/205 3917/88/1337
f 3917/88/1337 3918/89/291 4080/239/206
f 3918/89/291 3903/90/63 4052/241/207
f 4052/241/207 4080/239/206 3918/89/291
f 4079/238/206 4081/240/207 3983/142/120
f 3983/142/120 3981/140/118 4079/238/206
f 3982/141/119 3984/143/121 4082/270/1371
f 4082/270/1371 4083/269/1372 3982/141/119
f 4083/269/1372 4082/270/1371 4015/174/151
f 4015/174/151 4013/172/149 4083/269/1372
f 3986/178/153 3985/177/1356 4084/271/358
f 4084/271/358 4085/272/2045 3986/178/153
f 4085/272/2045 4084/271/358 3951/144/121
f 3951/144/121 3954/147/123 4085/272/2045
f 3987/180/155 3986/178/153 4085/272/2045
f 4085/272/2045 4086/273/228 3987/180/155
f 4086/273/228 4085/272/2045 3954/147/123
f 3954/147/123 3956/149/125 4086/273/228
f 3989/182/157 3987/180/155 4086/273/228
f 4086/273/228 4087/274/2046 3989/182/157
f 4087/274/2046 4086/273/228 3956/149/125
f 3956/149/125 3958/151/127 4087/274/2046
f 3991/184/2040 3989/182/157 4087/274/2046
f 4087/274/2046 4088/275/368 3991/184/2040
f 4088/275/368 4087/274/2046 3958/151/127
f 3958/151/127 3960/153/129 4088/275/368
f 3993/186/2041 3991/184/2040 4088/275/368
f 4088/275/368 4089/276/354 3993/186/2041
f 4089/276/354 4088/275/368 3960/153/129
f 3960/153/129 3962/155/131 4089/276/354
f 3995/188/322 3993/186/2041 4089/276/354
f 4089/276/354 4090/277/2047 3995/188/322
f 4090/277/2047 4089/276/354 3962/155/131
f 3962/155/131 3964/157/133 4090/277/2047
f 3997/190/165 3995/188/322 4090/277/2047
f 4090/277/2047 4091/278/2048 3997/190/165
f 4091/278/2048 4090/277/2047 3964/157/133
f 3964/157/133 3966/159/135 4091/278/2048
f 3999/192/136 3997/190/165 4091/278/2048
f 4091/278/2048 4092/279/217 3999/192/136
f 4092/279/217 4091/278/2048 3966/159/135
f 3966/159/135 3968/161/104 4092/279/217
f 4001/194/137 3999/192/136 4092/279/217
f 4092/279/217 4093/280/2049 4001/194/137
f 4093/280/2049 4092/279/217 3968/161/104
f 3968/161/104 3970/163/107 4093/280/2049
f 4003/196/138 4001/194/137 4093/280/2049
f 4093/280/2049 4094/281/1387 4003/196/138
f 4094/281/1387 4093/280/2049 3970/163/107
f 3970/163/107 3972/165/109 4094/281/1387
f 4005/198/140 4003/196/138 4094/281/1387
f 4094/281/1387 4095/266/2050 4005/198/140
f 4095/266/2050 4094/281/1387 3972/165/109
f 3972/165/109 3974/167/111 4095/266/2050
f 4007/168/144 4005/198/140 4095/266/2050
f 4095/266/2050 4096/265/2051 4007/168/144
f 4096/265/2051 4095/266/2050 3974/167/111
f 3974/167/111 3976/134/113 4096/265/2051
f 4009/169/2042 4007/168/144 4096/265/2051
f 4096/265/2051 4097/267/2052 4009/169/2042
f 4097/267/2052 4096/265/2051 3976/134/113
f 3976/134/113 3978/137/115 4097/267/2052
f 4011/170/147 4009/169/2042 4097/267/2052
f 4097/267/2052 4098/268/2053 4011/170/147
f 4098/268/2053 4097/267/2052 3978/137/115
f 3978/137/115 3980/139/1353 4098/268/2053
f 4013/172/149 4011/170/147 4098/268/2053
f 4098/268/2053 4083/269/1372 4013/172/149
f 4083/269/1372 4098/268/2053 3980/139/1353
f 3980/139/1353 3982/141/119 4083/269/1372
f 3948/107/87 3950/109/89 4099/287/2054
f 4099/287/2054 4100/286/240 3948/107/87
f 4100/286/240 4099/287/2054 4047/206/181
f 4047/206/181 4045/204/340 4100/286/240
f 4018/210/183 4017/209/181 4101/288/2054
f 4101/288/2054 4102/289/242 4018/210/183
f 4102/289/242 4101/288/2054 3919/110/89
f 3919/110/89 3920/113/302 4102/289/242
f 4019/212/185 4018/210/183 4102/289/242
f 4102/289/242 4103/290/1370 4019/212/185
f 4103/290/1370 4102/289/242 3920/113/302
f 3920/113/302 3922/115/93 4103/290/1370
f 4021/214/187 4019/212/185 4103/290/1370
f 4103/290/1370 4104/291/229 4021/214/187
f 4104/291/229 4103/290/1370 3922/115/93
f 3922/115/93 3924/117/95 4104/291/229
f 4023/216/189 4021/214/187 4104/291/229
f 4104/291/229 4105/292/2055 4023/216/189
f 4105/292/2055 4104/291/229 3924/117/95
f 3924/117/95 3926/119/97 4105/292/2055
f 4025/218/191 4023/216/189 4105/292/2055
f 4105/292/2055 4106/293/2056 4025/218/191
f 4106/293/2056 4105/292/2055 3926/119/97
f 3926/119/97 3928/121/99 4106/293/2056
f 4027/220/193 4025/218/191 4106/293/2056
f 4106/293/2056 4107/294/1378 4027/220/193
f 4107/294/1378 4106/293/2056 3928/121/99
f 3928/121/99 3930/123/101 4107/294/1378
f 4029/222/195 4027/220/193 4107/294/1378
f 4107/294/1378 4108/295/2057 4029/222/195
f 4108/295/2057 4107/294/1378 3930/123/101
f 3930/123/101 3932/125/2036 4108/295/2057
f 4031/224/167 4029/222/195 4108/295/2057
f 4108/295/2057 4109/296/2058 4031/224/167
f 4109/296/2058 4108/295/2057 3932/125/2036
f 3932/125/2036 3934/127/2037 4109/296/2058
f 4033/226/168 4031/224/167 4109/296/2058
f 4109/296/2058 4110/297/235 4033/226/168
f 4110/297/235 4109/296/2058 3934/127/2037
f 3934/127/2037 3936/129/74 4110/297/235
f 4035/228/169 4033/226/168 4110/297/235
f 4110/297/235 4111/298/350 4035/228/169
f 4111/298/350 4110/297/235 3936/129/74
f 3936/129/74 3938/131/76 4111/298/350
f 4037/230/171 4035/228/169 4111/298/350
f 4111/298/350 4112/283/2059 4037/230/171
f 4112/283/2059 4111/298/350 3938/131/76
f 3938/131/76 3940/133/78 4112/283/2059
f 4039/200/173 4037/230/171 4112/283/2059
f 4112/283/2059 4113/282/2060 4039/200/173
f 4113/282/2060 4112/283/2059 3940/133/78
f 3940/133/78 3942/102/80 4113/282/2060
f 4041/201/175 4039/200/173 4113/282/2060
f 4113/282/2060 4114/284/2061 4041/201/175
f 4114/284/2061 4113/282/2060 3942/102/80
f 3942/102/80 3944/103/83 4114/284/2061
f 4043/202/177 4041/201/175 4114/284/2061
f 4114/284/2061 4115/285/2062 4043/202/177
f 4115/285/2062 4114/284/2061 3944/103/83
f 3944/103/83 3946/105/85 4115/285/2062
f 4045/204/340 4043/202/177 4115/285/2062
f 4115/285/2062 4100/286/240 4045/204/340
f 4100/286/240 4115/285/2062 3946/105/85
f 3946/105/85 3948/107/87 4100/286/240
f 3921/114/92 3858/112/90 3861/303/2028
f 3861/303/2028 4116/304/2063 3921/114/92
f 4116/304/2063 3861/303/2028 3863/179/2029
f 3863/179/2029 3988/181/156 4116/304/2063
f 3923/116/94 3921/114/92 4116/304/2063
f 4116/304/2063 4117/305/266 3923/116/94
f 4117/305/266 4116/304/2063 3988/181/156
f 3988/181/156 3990/183/158 4117/305/266
f 3925/118/96 3923/116/94 4117/305/266
f 4117/305/266 4118/306/2064 3925/118/96
f 4118/306/2064 4117/305/266 3990/183/158
f 3990/183/158 3992/185/160 4118/306/2064
f 3927/120/98 3925/118/96 4118/306/2064
f 4118/306/2064 4119/307/1330 3927/120/98
f 4119/307/1330 4118/306/2064 3992/185/160
f 3992/185/160 3994/187/162 4119/307/1330
f 3929/122/100 3927/120/98 4119/307/1330
f 4119/307/1330 4120/308/1329 3929/122/100
f 4120/308/1329 4119/307/1330 3994/187/162
f 3994/187/162 3996/189/164 4120/308/1329
f 3931/124/102 3929/122/100 4120/308/1329
f 4120/308/1329 4121/309/374 3931/124/102
f 4121/309/374 4120/308/1329 3996/189/164
f 3996/189/164 3998/191/166 4121/309/374
f 3933/126/72 3931/124/102 4121/309/374
f 4121/309/374 4122/310/2065 3933/126/72
f 4122/310/2065 4121/309/374 3998/191/166
f 3998/191/166 4000/193/20 4122/310/2065
f 3935/128/73 3933/126/72 4122/310/2065
f 4122/310/2065 4123/311/2066 3935/128/73
f 4123/311/2066 4122/310/2065 4000/193/20
f 4000/193/20 4002/195/321 4123/311/2066
f 3937/130/2038 3935/128/73 4123/311/2066
f 4123/311/2066 4124/312/2067 3937/130/2038
f 4124/312/2067 4123/311/2066 4002/195/321
f 4002/195/321 4004/197/139 4124/312/2067
f 3939/132/77 3937/130/2038 4124/312/2067
f 4124/312/2067 4125/313/2068 3939/132/77
f 4125/313/2068 4124/312/2067 4004/197/139
f 4004/197/139 4006/199/141 4125/313/2068
f 3941/42/79 3939/132/77 4125/313/2068
f 4125/313/2068 4126/43/261 3941/42/79
f 4126/43/261 4125/313/2068 4006/199/141
f 4006/199/141 4008/45/143 4126/43/261
f 3943/41/82 3941/42/79 4126/43/261
f 4126/43/261 4127/44/262 3943/41/82
f 4127/44/262 4126/43/261 4008/45/143
f 4008/45/143 4010/46/146 4127/44/262
f 3945/104/271 3943/41/82 4127/44/262
f 4127/44/262 4128/299/342 3945/104/271
f 4128/299/342 4127/44/262 4010/46/146
f 4010/46/146 4012/171/148 4128/299/342
f 3947/106/86 3945/104/271 4128/299/342
f 4128/299/342 4129/300/380 3947/106/86
f 4129/300/380 4128/299/342 4012/171/148
f 4012/171/148 4014/173/150 4129/300/380
f 4014/173/150 4016/175/152 4130/301/1391
f 4130/301/1391 4129/300/380 4014/173/150
f 4129/300/380 4130/301/1391 3949/108/303
f 3949/108/303 3947/106/86 4129/300/380
f 3872/65/45 3864/63/43 3867/318/2030
f 3867/318/2030 4131/319/253 3872/65/45
f 4131/319/253 3867/318/2030 3869/211/2031
f 3869/211/2031 4020/213/337 4131/319/253
f 3874/67/47 3872/65/45 4131/319/253
f 4131/319/253 4132/320/254 3874/67/47
f 4132/320/254 4131/319/253 4020/213/337
f 4020/213/337 4022/215/336 4132/320/254
f 3876/69/48 3874/67/47 4132/320/254
f 4132/320/254 4133/321/1399 3876/69/48
f 4133/321/1399 4132/320/254 4022/215/336
f 4022/215/336 4024/217/190 4133/321/1399
f 3878/71/50 3876/69/48 4133/321/1399
f 4133/321/1399 4134/322/1330 3878/71/50
f 4134/322/1330 4133/321/1399 4024/217/190
f 4024/217/190 4026/219/192 4134/322/1330
f 3880/73/52 3878/71/50 4134/322/1330
f 4134/322/1330 4135/323/2069 3880/73/52
f 4135/323/2069 4134/322/1330 4026/219/192
f 4026/219/192 4028/221/1332 4135/323/2069
f 3882/75/54 3880/73/52 4135/323/2069
f 4135/323/2069 4136/324/2070 3882/75/54
f 4136/324/2070 4135/323/2069 4028/221/1332
f 4028/221/1332 4030/223/330 4136/324/2070
f 3884/77/279 3882/75/54 4136/324/2070
f 4136/324/2070 4137/325/373 3884/77/279
f 4137/325/373 4136/324/2070 4030/223/330
f 4030/223/330 4032/225/2043 4137/325/373
f 3886/79/22 3884/77/279 4137/325/373
f 4137/325/373 4138/326/2071 3886/79/22
f 4138/326/2071 4137/325/373 4032/225/2043
f 4032/225/2043 4034/227/27 4138/326/2071
f 3888/81/2032 3886/79/22 4138/326/2071
f 4138/326/2071 4139/327/259 3888/81/2032
f 4139/327/259 4138/326/2071 4034/227/27
f 4034/227/27 4036/229/170 4139/327/259
f 3890/83/32 3888/81/2032 4139/327/259
f 4139/327/259 4140/328/2072 3890/83/32
f 4140/328/2072 4139/327/259 4036/229/170
f 4036/229/170 4038/231/172 4140/328/2072
f 3892/48/33 3890/83/32 4140/328/2072
f 4140/328/2072 4141/49/261 3892/48/33
f 4141/49/261 4140/328/2072 4038/231/172
f 4038/231/172 4040/51/174 4141/49/261
f 3894/47/35 3892/48/33 4141/49/261
f 4141/49/261 4142/50/2073 3894/47/35
f 4142/50/2073 4141/49/261 4040/51/174
f 4040/51/174 4042/52/276 4142/50/2073
f 3896/55/273 3894/47/35 4142/50/2073
f 4142/50/2073 4143/314/249 3896/55/273
f 4143/314/249 4142/50/2073 4042/52/276
f 4042/52/276 4044/203/178 4143/314/249
f 3898/57/39 3896/55/273 4143/314/249
f 4143/314/249 4144/315/380 3898/57/39
f 4144/315/380 4143/314/249 4044/203/178
f 4044/203/178 4046/205/341 4144/315/380
f 4046/205/341 4048/207/182 4145/316/2074
f 4145/316/2074 4144/315/380 4046/205/341
f 4144/315/380 4145/316/2074 3900/59/41
f 3900/59/41 3898/57/39 4144/315/380
f 4146/2998/2075 4147/2999/2076 4148/3000/2077
f 4148/3000/2077 4149/3001/2078 4146/2998/2075
f 4149/3001/2078 4148/3000/2077 4150/3002/2079
f 4150/3002/2079 4151/3003/2080 4149/3001/2078
f 4152/3004/2081 4153/3005/2082 4154/3006/2083
f 4154/3006/2083 4155/3007/2084 4152/3004/2081
f 4156/3008/2085 4152/3004/2081 4155/3007/2084
f 4155/3007/2084 4157/3009/2086 4156/3008/2085
f 4158/3010/2087 4159/3011/2088 4160/3012/2089
f 4160/3012/2089 4161/3013/2090 4158/3010/2087
f 4162/3014/2091 4160/3012/2089 4159/3011/2088
f 4159/3011/2088 4163/3015/2092 4162/3014/2091
f 4164/3016/2093 4156/3008/2085 4157/3009/2086
f 4157/3009/2086 4165/3017/2094 4164/3016/2093
f 4166/3018/2095 4164/3016/2093 4165/3017/2094
f 4165/3017/2094 4167/3019/2096 4166/3018/2095
f 4168/3020/2097 4169/3021/2098 4170/3022/2099
f 4170/3022/2099 4171/3023/2100 4168/3020/2097
f 4172/3024/2101 4170/3022/2099 4169/3021/2098
f 4169/3021/2098 4173/3025/2102 4172/3024/2101
f 4174/3026/2103 4168/3020/2097 4171/3023/2100
f 4171/3023/2100 4175/3027/2104 4174/3026/2103
f 4176/3028/2105 4177/3029/2106 4178/3030/2107
f 4178/3030/2107 4179/3031/2108 4176/3028/2105
f 4180/3032/2109 4178/3030/2107 4177/3029/2106
f 4177/3029/2106 4181/3033/2110 4180/3032/2109
f 4173/3025/2102 4182/3034/2111 4183/3035/2112
f 4183/3035/2112 4172/3024/2101 4173/3025/2102
f 4184/3036/2113 4185/3037/2114 4186/3038/2115
f 4186/3038/2115 4187/3039/2116 4184/3036/2113
f 4188/3040/2117 4186/3038/2115 4185/3037/2114
f 4185/3037/2114 4189/3041/2118 4188/3040/2117
f 4190/3042/2119 4188/3040/2117 4189/3041/2118
f 4189/3041/2118 4191/3043/2120 4190/3042/2119
f 4192/3044/2121 4193/3045/2122 4194/3046/2123
f 4194/3046/2123 4195/3047/2124 4192/3044/2121
f 4196/3048/2125 4194/3046/2123 4193/3045/2122
f 4193/3045/2122 4197/3049/2126 4196/3048/2125
f 4198/3050/2127 4196/3048/2125 4197/3049/2126
f 4197/3049/2126 4199/3051/2128 4198/3050/2127
f 4187/3039/2116 4200/3052/2129 4201/3053/2130
f 4201/3053/2130 4184/3036/2113 4187/3039/2116
f 4202/3054/2131 4201/3053/2130 4200/3052/2129
f 4200/3052/2129 4203/3055/2132 4202/3054/2131
f 4204/3056/2133 4202/3054/2131 4203/3055/2132
f 4203/3055/2132 4205/3057/2134 4204/3056/2133
f 4195/3047/2124 4206/3058/2135 4207/3059/2136
f 4207/3059/2136 4192/3044/2121 4195/3047/2124
f 4208/3060/2137 4207/3059/2136 4206/3058/2135
f 4206/3058/2135 4209/3061/2138 4208/3060/2137
f 4210/3062/2139 4208/3060/2137 4209/3061/2138
f 4209/3061/2138 4211/3063/2140 4210/3062/2139
f 4212/3064/2141 4213/3065/2142 4214/3066/2143
f 4214/3066/2143 4215/3067/2144 4212/3064/2141
f 4216/3068/2145 4217/3069/2146 4218/3070/2147
f 4218/3070/2147 4219/3071/2148 4216/3068/2145
f 4215/3067/2144 4218/3070/2147 4217/3069/2146
f 4217/3069/2146 4212/3064/2141 4215/3067/2144
f 4220/3072/2149 4216/3068/2145 4219/3071/2148
f 4219/3071/2148 4221/3073/2150 4220/3072/2149
f 4222/3074/2151 4223/3075/2152 4224/3076/2153
f 4224/3076/2153 4225/3077/2154 4222/3074/2151
f 4225/3077/2154 4226/3078/2155 4227/3079/2156
f 4227/3079/2156 4222/3074/2151 4225/3077/2154
f 4228/3080/2157 4227/3079/2156 4226/3078/2155
f 4226/3078/2155 4229/3081/2158 4228/3080/2157
f 4230/3082/2159 4228/3080/2157 4229/3081/2158
f 4229/3081/2158 4231/3083/2160 4230/3082/2159
f 4191/3043/2120 4158/3010/2087 4161/3013/2090
f 4161/3013/2090 4190/3042/2119 4191/3043/2120
f 4199/3051/2128 4176/3028/2105 4179/3031/2108
f 4179/3031/2108 4198/3050/2127 4199/3051/2128
f 4221/3073/2150 4204/3056/2133 4205/3057/2134
f 4205/3057/2134 4220/3072/2149 4221/3073/2150
f 4211/3063/2140 4230/3082/2159 4231/3083/2160
f 4231/3083/2160 4210/3062/2139 4211/3063/2140
f 4179/3031/2108 4178/3030/2107 4171/3023/2100
f 4171/3023/2100 4170/3022/2099 4179/3031/2108
f 4171/3023/2100 4178/3030/2107 4180/3032/2109
f 4180/3032/2109 4175/3027/2104 4171/3023/2100
f 4155/3007/2084 4159/3011/2088 4158/3010/2087
f 4158/3010/2087 4157/3009/2086 4155/3007/2084
f 4154/3006/2083 4163/3015/2092 4159/3011/2088
f 4159/3011/2088 4155/3007/2084 4154/3006/2083
f 4203/3055/2132 4200/3052/2129 4232/3084/2136
f 4232/3084/2136 4233/3085/2137 4203/3055/2132
f 4216/3068/2145 4220/3072/2149 4234/3086/2160
f 4234/3086/2160 4235/3087/2161 4216/3068/2145
f 4161/3013/2090 4160/3012/2089 4236/3088/2106
f 4236/3088/2106 4237/3089/2105 4161/3013/2090
f 4152/3004/2081 4156/3008/2085 4169/3021/2098
f 4169/3021/2098 4168/3020/2097 4152/3004/2081
f 4236/3088/2106 4160/3012/2089 4162/3014/2091
f 4162/3014/2091 4238/3090/2106 4236/3088/2106
f 4153/3005/2082 4152/3004/2081 4168/3020/2097
f 4168/3020/2097 4174/3026/2103 4153/3005/2082
f 4186/3038/2115 4188/3040/2117 4239/3091/2126
f 4239/3091/2126 4240/3092/2122 4186/3038/2115
f 4164/3016/2093 4166/3018/2095 4182/3034/2111
f 4182/3034/2111 4173/3025/2102 4164/3016/2093
f 4156/3008/2085 4164/3016/2093 4173/3025/2102
f 4173/3025/2102 4169/3021/2098 4156/3008/2085
f 4232/3084/2136 4200/3052/2129 4187/3039/2116
f 4187/3039/2116 4241/3093/2121 4232/3084/2136
f 4241/3093/2121 4187/3039/2116 4186/3038/2115
f 4186/3038/2115 4240/3092/2122 4241/3093/2121
f 4234/3086/2160 4220/3072/2149 4205/3057/2134
f 4205/3057/2134 4242/3094/2162 4234/3086/2160
f 4242/3094/2162 4205/3057/2134 4203/3055/2132
f 4203/3055/2132 4233/3085/2137 4242/3094/2162
f 4243/3095/2153 4213/3065/2142 4212/3064/2141
f 4212/3064/2141 4244/3096/2163 4243/3095/2153
f 4244/3096/2163 4212/3064/2141 4217/3069/2146
f 4217/3069/2146 4245/3097/2155 4244/3096/2163
f 4239/3091/2126 4188/3040/2117 4190/3042/2119
f 4190/3042/2119 4246/3098/2128 4239/3091/2126
f 4246/3098/2128 4190/3042/2119 4161/3013/2090
f 4161/3013/2090 4237/3089/2105 4246/3098/2128
f 4230/3082/2159 4211/3063/2140 4247/3099/2164
f 4247/3099/2164 4228/3080/2157 4230/3082/2159
f 4165/3017/2094 4157/3009/2086 4158/3010/2087
f 4165/3017/2094 4158/3010/2087 4191/3043/2120
f 4191/3043/2120 4167/3019/2096 4165/3017/2094
f 4198/3050/2127 4179/3031/2108 4170/3022/2099
f 4198/3050/2127 4170/3022/2099 4172/3024/2101
f 4172/3024/2101 4183/3035/2112 4198/3050/2127
f 4248/3100/40 4204/3056/2133 4221/3073/2150
f 4221/3073/2150 4219/3071/2148 4248/3100/40
f 4215/3067/2144 4214/3066/2143 4249/3101/2165
f 4249/3101/2165 4250/3102/2166 4215/3067/2144
f 4218/3070/2147 4215/3067/2144 4250/3102/2166
f 4250/3102/2166 4251/3103/2167 4218/3070/2147
f 4217/3069/2146 4216/3068/2145 4235/3087/2161
f 4235/3087/2161 4245/3097/2155 4217/3069/2146
f 4251/3103/2167 4248/3100/40 4219/3071/2148
f 4219/3071/2148 4218/3070/2147 4251/3103/2167
f 4222/3074/2151 4149/3001/2078 4151/3003/2080
f 4151/3003/2080 4223/3075/2152 4222/3074/2151
f 4227/3079/2156 4146/2998/2075 4149/3001/2078
f 4149/3001/2078 4222/3074/2151 4227/3079/2156
f 4227/3079/2156 4228/3080/2157 4247/3099/2164
f 4227/3079/2156 4247/3099/2164 4147/2999/2076
f 4147/2999/2076 4146/2998/2075 4227/3079/2156
f 4209/3061/2138 4206/3058/2135 4247/3099/2164
f 4247/3099/2164 4211/3063/2140 4209/3061/2138
f 4202/3054/2131 4204/3056/2133 4248/3100/40
f 4248/3100/40 4201/3053/2130 4202/3054/2131
f 4252/3104/2168 4253/3105/2169 4254/3106/2170
f 4254/3106/2170 4255/3107/2171 4252/3104/2168
f 4256/3108/2172 4252/3104/2168 4255/3107/2171
f 4255/3107/2171 4257/3109/2173 4256/3108/2172
f 4258/3110/2174 4259/3111/2175 4260/3112/2176
f 4260/3112/2176 4261/3113/2177 4258/3110/2174
f 4261/3113/2177 4260/3112/2176 4262/3114/2178
f 4262/3114/2178 4263/3115/2179 4261/3113/2177
f 4264/3116/2180 4265/3117/2181 4266/3118/2182
f 4266/3118/2182 4267/3119/2183 4264/3116/2180
f 4265/3117/2181 4264/3116/2180 4268/3120/2180
f 4268/3120/2180 4269/3121/2184 4265/3117/2181
f 4263/3115/2179 4262/3114/2178 4270/3122/2185
f 4270/3122/2185 4271/3123/2186 4263/3115/2179
f 4271/3123/2186 4270/3122/2185 4272/3124/2187
f 4272/3124/2187 4273/3125/2188 4271/3123/2186
f 4274/3126/2189 4275/3127/2190 4276/3128/2191
f 4276/3128/2191 4277/3129/2192 4274/3126/2189
f 4275/3127/2190 4274/3126/2189 4278/3130/2193
f 4278/3130/2193 4279/3131/2194 4275/3127/2190
f 4277/3129/2192 4276/3128/2191 4280/3132/2195
f 4280/3132/2195 4281/3133/2196 4277/3129/2192
f 4282/3134/2197 4283/3135/2198 4284/3136/2199
f 4284/3136/2199 4285/3137/2200 4282/3134/2197
f 4283/3135/2198 4282/3134/2197 4286/3138/2201
f 4286/3138/2201 4287/3139/2198 4283/3135/2198
f 4288/3140/2202 4289/3141/2203 4279/3131/2194
f 4279/3131/2194 4278/3130/2193 4288/3140/2202
f 4290/3142/2204 4291/3143/2205 4292/3144/2206
f 4292/3144/2206 4293/3145/2207 4290/3142/2204
f 4291/3143/2205 4290/3142/2204 4294/3146/2208
f 4294/3146/2208 4295/3147/2209 4291/3143/2205
f 4295/3147/2209 4294/3146/2208 4296/3148/2210
f 4296/3148/2210 4297/3149/2211 4295/3147/2209
f 4298/3150/2212 4299/3151/2213 4300/3152/2214
f 4300/3152/2214 4301/3153/2215 4298/3150/2212
f 4299/3151/2213 4298/3150/2212 4302/3154/2216
f 4302/3154/2216 4303/3155/2217 4299/3151/2213
f 4303/3155/2217 4302/3154/2216 4304/3156/2218
f 4304/3156/2218 4305/3157/2219 4303/3155/2217
f 4306/3158/2220 4307/3159/2221 4293/3145/2207
f 4293/3145/2207 4292/3144/2206 4306/3158/2220
f 4307/3159/2221 4306/3158/2220 4308/3160/2222
f 4308/3160/2222 4309/3161/2223 4307/3159/2221
f 4309/3161/2223 4308/3160/2222 4310/3162/2224
f 4310/3162/2224 4311/3163/2225 4309/3161/2223
f 4312/3164/2226 4313/3165/2227 4301/3153/2215
f 4301/3153/2215 4300/3152/2214 4312/3164/2226
f 4313/3165/2227 4312/3164/2226 4314/3166/2228
f 4314/3166/2228 4315/3167/2229 4313/3165/2227
f 4315/3167/2229 4314/3166/2228 4316/3168/2230
f 4316/3168/2230 4317/3169/2231 4315/3167/2229
f 4318/3170/2232 4319/3171/2233 4320/3172/2234
f 4320/3172/2234 4321/3173/2235 4318/3170/2232
f 4322/3174/2236 4323/3175/2237 4324/3176/2238
f 4324/3176/2238 4325/3177/2239 4322/3174/2236
f 4323/3175/2237 4322/3174/2236 4321/3173/2235
f 4321/3173/2235 4320/3172/2234 4323/3175/2237
f 4325/3177/2239 4324/3176/2238 4326/3178/2240
f 4326/3178/2240 4327/3179/2241 4325/3177/2239
f 4328/3180/2242 4329/3181/2243 4330/3182/2244
f 4330/3182/2244 4331/3183/2245 4328/3180/2242
f 4332/3184/2246 4333/3185/2247 4331/3183/2245
f 4331/3183/2245 4330/3182/2244 4332/3184/2246
f 4333/3185/2247 4332/3184/2246 4334/3186/2248
f 4334/3186/2248 4335/3187/2249 4333/3185/2247
f 4335/3187/2249 4334/3186/2248 4336/3188/2250
f 4336/3188/2250 4337/3189/2251 4335/3187/2249
f 4267/3119/2183 4266/3118/2182 4297/3149/2211
f 4297/3149/2211 4296/3148/2210 4267/3119/2183
f 4285/3137/2200 4284/3136/2199 4305/3157/2219
f 4305/3157/2219 4304/3156/2218 4285/3137/2200
f 4311/3163/2225 4310/3162/2224 4327/3179/2241
f 4327/3179/2241 4326/3178/2240 4311/3163/2225
f 4337/3189/2251 4336/3188/2250 4317/3169/2231
f 4317/3169/2231 4316/3168/2230 4337/3189/2251
f 4277/3129/2192 4282/3134/2197 4285/3137/2200
f 4285/3137/2200 4274/3126/2189 4277/3129/2192
f 4286/3138/2201 4282/3134/2197 4277/3129/2192
f 4277/3129/2192 4281/3133/2196 4286/3138/2201
f 4266/3118/2182 4265/3117/2181 4261/3113/2177
f 4261/3113/2177 4263/3115/2179 4266/3118/2182
f 4265/3117/2181 4269/3121/2184 4258/3110/2174
f 4258/3110/2174 4261/3113/2177 4265/3117/2181
f 4338/3190/2252 4307/3159/2221 4309/3161/2223
f 4309/3161/2223 4339/3191/2228 4338/3190/2252
f 4340/3192/2251 4326/3178/2240 4324/3176/2238
f 4324/3176/2238 4341/3193/2249 4340/3192/2251
f 4342/3194/2198 4264/3116/2180 4267/3119/2183
f 4267/3119/2183 4343/3195/2199 4342/3194/2198
f 4275/3127/2190 4262/3114/2178 4260/3112/2176
f 4260/3112/2176 4276/3128/2191 4275/3127/2190
f 4268/3120/2180 4264/3116/2180 4342/3194/2198
f 4342/3194/2198 4344/3196/2198 4268/3120/2180
f 4276/3128/2191 4260/3112/2176 4259/3111/2175
f 4259/3111/2175 4280/3132/2195 4276/3128/2191
f 4345/3197/2253 4294/3146/2208 4290/3142/2204
f 4290/3142/2204 4346/3198/2213 4345/3197/2253
f 4289/3141/2203 4272/3124/2187 4270/3122/2185
f 4270/3122/2185 4279/3131/2194 4289/3141/2203
f 4279/3131/2194 4270/3122/2185 4262/3114/2178
f 4262/3114/2178 4275/3127/2190 4279/3131/2194
f 4293/3145/2207 4307/3159/2221 4338/3190/2252
f 4338/3190/2252 4347/3199/2254 4293/3145/2207
f 4290/3142/2204 4293/3145/2207 4347/3199/2254
f 4347/3199/2254 4346/3198/2213 4290/3142/2204
f 4311/3163/2225 4326/3178/2240 4340/3192/2251
f 4340/3192/2251 4348/3200/2230 4311/3163/2225
f 4309/3161/2223 4311/3163/2225 4348/3200/2230
f 4348/3200/2230 4339/3191/2228 4309/3161/2223
f 4320/3172/2234 4319/3171/2233 4349/3201/2242
f 4349/3201/2242 4350/3202/2245 4320/3172/2234
f 4323/3175/2237 4320/3172/2234 4350/3202/2245
f 4350/3202/2245 4351/3203/2247 4323/3175/2237
f 4296/3148/2210 4294/3146/2208 4345/3197/2253
f 4345/3197/2253 4352/3204/2219 4296/3148/2210
f 4267/3119/2183 4296/3148/2210 4352/3204/2219
f 4352/3204/2219 4343/3195/2199 4267/3119/2183
f 4353/3205/2255 4317/3169/2231 4336/3188/2250
f 4336/3188/2250 4334/3186/2248 4353/3205/2255
f 4266/3118/2182 4263/3115/2179 4271/3123/2186
f 4266/3118/2182 4271/3123/2186 4273/3125/2188
f 4273/3125/2188 4297/3149/2211 4266/3118/2182
f 4274/3126/2189 4285/3137/2200 4304/3156/2218
f 4274/3126/2189 4304/3156/2218 4288/3140/2202
f 4288/3140/2202 4278/3130/2193 4274/3126/2189
f 4327/3179/2241 4310/3162/2224 4354/3206/6
f 4354/3206/6 4325/3177/2239 4327/3179/2241
f 4355/3207/2256 4318/3170/2232 4321/3173/2235
f 4321/3173/2235 4356/3208/2257 4355/3207/2256
f 4356/3208/2257 4321/3173/2235 4322/3174/2236
f 4322/3174/2236 4357/3209/2258 4356/3208/2257
f 4341/3193/2249 4324/3176/2238 4323/3175/2237
f 4323/3175/2237 4351/3203/2247 4341/3193/2249
f 4325/3177/2239 4354/3206/6 4357/3209/2258
f 4357/3209/2258 4322/3174/2236 4325/3177/2239
f 4257/3109/2173 4255/3107/2171 4330/3182/2244
f 4330/3182/2244 4329/3181/2243 4257/3109/2173
f 4255/3107/2171 4254/3106/2170 4332/3184/2246
f 4332/3184/2246 4330/3182/2244 4255/3107/2171
f 4353/3205/2255 4334/3186/2248 4332/3184/2246
f 4353/3205/2255 4332/3184/2246 4254/3106/2170
f 4254/3106/2170 4253/3105/2169 4353/3205/2255
f 4353/3205/2255 4313/3165/2227 4315/3167/2229
f 4315/3167/2229 4317/3169/2231 4353/3205/2255
f 4354/3206/6 4310/3162/2224 4308/3160/2222
f 4308/3160/2222 4306/3158/2220 4354/3206/6
f 4249/3101/2165 4358/3210/2259 4359/3211/2260
f 4359/3211/2260 4250/3102/2166 4249/3101/2165
f 4250/3102/2166 4359/3211/2260 4360/3212/2261
f 4360/3212/2261 4251/3103/2167 4250/3102/2166
f 4360/3212/2261 4361/3213/2262 4248/3100/40
f 4248/3100/40 4251/3103/2167 4360/3212/2261
f 4362/3214/2263 4363/3215/2264 4147/2999/2076
f 4147/2999/2076 4247/3099/2164 4362/3214/2263
f 4364/3216/2265 4150/3002/2079 4148/3000/2077
f 4148/3000/2077 4365/3217/2266 4364/3216/2265
f 4365/3217/2266 4148/3000/2077 4147/2999/2076
f 4147/2999/2076 4363/3215/2264 4365/3217/2266
f 4366/3218/2267 4166/3018/2095 4167/3019/2096
f 4167/3019/2096 4367/3219/2268 4366/3218/2267
f 4368/3220/2269 4183/3035/2112 4182/3034/2111
f 4213/3065/2142 4369/3221/2270 4370/3222/2271
f 4370/3222/2271 4214/3066/2143 4213/3065/2142
f 4223/3075/2152 4371/3223/2272 4372/3224/2273
f 4372/3224/2273 4224/3076/2153 4223/3075/2152
f 4195/3047/2124 4194/3046/2123 4373/3225/2274
f 4373/3225/2274 4362/3214/2263 4195/3047/2124
f 4369/3221/2270 4213/3065/2142 4243/3095/2153
f 4243/3095/2153 4374/3226/2273 4369/3221/2270
f 4182/3034/2111 4166/3018/2095 4366/3218/2267
f 4366/3218/2267 4368/3220/2269 4182/3034/2111
f 4189/3041/2118 4185/3037/2114 4375/3227/2275
f 4375/3227/2275 4376/3228/2276 4189/3041/2118
f 4373/3225/2274 4194/3046/2123 4196/3048/2125
f 4196/3048/2125 4377/3229/2277 4373/3225/2274
f 4361/3213/2262 4375/3227/2275 4185/3037/2114
f 4185/3037/2114 4184/3036/2113 4361/3213/2262
f 4367/3219/2268 4167/3019/2096 4191/3043/2120
f 4367/3219/2268 4191/3043/2120 4189/3041/2118
f 4189/3041/2118 4376/3228/2276 4367/3219/2268
f 4183/3035/2112 4377/3229/2277 4196/3048/2125
f 4196/3048/2125 4198/3050/2127 4183/3035/2112
f 4184/3036/2113 4201/3053/2130 4248/3100/40
f 4248/3100/40 4361/3213/2262 4184/3036/2113
f 4358/3210/2259 4249/3101/2165 4214/3066/2143
f 4214/3066/2143 4370/3222/2271 4358/3210/2259
f 4195/3047/2124 4362/3214/2263 4247/3099/2164
f 4247/3099/2164 4206/3058/2135 4195/3047/2124
f 4151/3003/2278 4150/3002/2079 4364/3216/2279
f 4151/3003/2080 4364/3216/2265 4371/3223/2272
f 4371/3223/2272 4223/3075/2152 4151/3003/2080
f 4378/3230/2280 4379/3231/2281 4355/3207/2256
f 4355/3207/2256 4356/3208/2257 4378/3230/2280
f 4380/3232/2282 4378/3230/2280 4356/3208/2257
f 4356/3208/2257 4357/3209/2258 4380/3232/2282
f 4354/3206/6 4381/3233/2283 4380/3232/2282
f 4380/3232/2282 4357/3209/2258 4354/3206/6
f 4253/3105/2169 4382/3234/2284 4383/3235/2285
f 4383/3235/2285 4353/3205/2255 4253/3105/2169
f 4252/3104/2168 4256/3108/2172 4384/3236/2286
f 4384/3236/2286 4385/3237/2287 4252/3104/2168
f 4253/3105/2169 4252/3104/2168 4385/3237/2287
f 4385/3237/2287 4382/3234/2284 4253/3105/2169
f 4273/3125/2188 4272/3124/2187 4386/3238/2288
f 4386/3238/2288 4387/3239/2289 4273/3125/2188
f 4388/3240/2290 4289/3141/2203 4288/3140/2202
f 4389/3241/2291 4390/3242/2292 4319/3171/2233
f 4319/3171/2233 4318/3170/2232 4389/3241/2291
f 4391/3243/2293 4392/3244/2294 4329/3181/2243
f 4329/3181/2243 4328/3180/2242 4391/3243/2293
f 4393/3245/2295 4298/3150/2212 4301/3153/2215
f 4301/3153/2215 4383/3235/2285 4393/3245/2295
f 4349/3201/2242 4319/3171/2233 4390/3242/2292
f 4390/3242/2292 4394/3246/2293 4349/3201/2242
f 4386/3238/2288 4272/3124/2187 4289/3141/2203
f 4289/3141/2203 4388/3240/2290 4386/3238/2288
f 4395/3247/2296 4291/3143/2205 4295/3147/2209
f 4295/3147/2209 4396/3248/2297 4395/3247/2296
f 4302/3154/2216 4298/3150/2212 4393/3245/2295
f 4393/3245/2295 4397/3249/2298 4302/3154/2216
f 4291/3143/2205 4395/3247/2296 4381/3233/2283
f 4381/3233/2283 4292/3144/2206 4291/3143/2205
f 4297/3149/2211 4273/3125/2188 4387/3239/2289
f 4297/3149/2211 4387/3239/2289 4396/3248/2297
f 4396/3248/2297 4295/3147/2209 4297/3149/2211
f 4302/3154/2216 4397/3249/2298 4288/3140/2202
f 4288/3140/2202 4304/3156/2218 4302/3154/2216
f 4354/3206/6 4306/3158/2220 4292/3144/2206
f 4292/3144/2206 4381/3233/2283 4354/3206/6
f 4318/3170/2232 4355/3207/2256 4379/3231/2281
f 4379/3231/2281 4389/3241/2291 4318/3170/2232
f 4353/3205/2255 4383/3235/2285 4301/3153/2215
f 4301/3153/2215 4313/3165/2227 4353/3205/2255
f 4384/3236/2299 4256/3108/2172 4257/3109/2300
f 4384/3236/2286 4257/3109/2173 4329/3181/2243
f 4329/3181/2243 4392/3244/2294 4384/3236/2286
f 4398/3250/2301 4375/3227/2275 4361/3213/2262
f 4361/3213/2262 4399/3251/2302 4398/3250/2301
f 4395/3247/2296 4400/3252/2301 4401/3253/2302
f 4401/3253/2302 4381/3233/2283 4395/3247/2296
f 4400/3252/2301 4395/3247/2296 4396/3248/2297
f 4396/3248/2297 4402/3254/2303 4400/3252/2301
f 4375/3227/2275 4398/3250/2301 4403/3255/2304
f 4403/3255/2304 4376/3228/2276 4375/3227/2275
f 4402/3254/2303 4396/3248/2297 4387/3239/2289
f 4387/3239/2289 4404/3256/2305 4402/3254/2303
f 4376/3228/2276 4403/3255/2304 4405/3257/2305
f 4405/3257/2305 4367/3219/2268 4376/3228/2276
f 4406/3258/2306 4373/3225/2274 4377/3229/2277
f 4377/3229/2277 4407/3259/2307 4406/3258/2306
f 4393/3245/2295 4408/3260/2306 4409/3261/2308
f 4409/3261/2308 4397/3249/2298 4393/3245/2295
f 4407/3259/2307 4377/3229/2277 4183/3035/2112
f 4183/3035/2112 4410/3262/2309 4407/3259/2307
f 4397/3249/2298 4409/3261/2308 4411/3263/2310
f 4411/3263/2310 4288/3140/2202 4397/3249/2298
f 4410/3262/2309 4183/3035/2112 4368/3220/2269
f 4368/3220/2269 4412/3264/2311 4410/3262/2309
f 4288/3140/2202 4411/3263/2310 4413/3265/2312
f 4413/3265/2312 4388/3240/2290 4288/3140/2202
f 4414/3266/2313 4359/3211/2260 4358/3210/2259
f 4358/3210/2259 4415/3267/2314 4414/3266/2313
f 4378/3230/2280 4416/3268/2313 4417/3269/2315
f 4417/3269/2315 4379/3231/2281 4378/3230/2280
f 4415/3267/2314 4358/3210/2259 4370/3222/2271
f 4370/3222/2271 4418/3270/2316 4415/3267/2314
f 4379/3231/2281 4417/3269/2315 4419/3271/2317
f 4419/3271/2317 4389/3241/2291 4379/3231/2281
f 4416/3268/2313 4378/3230/2280 4380/3232/2282
f 4380/3232/2282 4420/3272/2318 4416/3268/2313
f 4359/3211/2260 4414/3266/2313 4421/3273/2318
f 4421/3273/2318 4360/3212/2261 4359/3211/2260
f 4420/3272/2318 4380/3232/2282 4381/3233/2283
f 4381/3233/2283 4401/3253/2302 4420/3272/2318
f 4360/3212/2261 4421/3273/2318 4399/3251/2302
f 4399/3251/2302 4361/3213/2262 4360/3212/2261
f 4408/3260/2306 4393/3245/2295 4383/3235/2285
f 4383/3235/2285 4422/3274/2319 4408/3260/2306
f 4373/3225/2274 4406/3258/2306 4423/3275/2320
f 4423/3275/2320 4362/3214/2263 4373/3225/2274
f 4422/3274/2319 4383/3235/2285 4382/3234/2284
f 4382/3234/2284 4424/3276/2321 4422/3274/2319
f 4362/3214/2263 4423/3275/2320 4425/3277/2321
f 4425/3277/2321 4363/3215/2264 4362/3214/2263
f 4426/3278/2322 4364/3216/2265 4365/3217/2266
f 4365/3217/2266 4427/3279/2323 4426/3278/2322
f 4384/3236/2286 4428/3280/2322 4429/3281/2324
f 4429/3281/2324 4385/3237/2287 4384/3236/2286
f 4424/3276/2321 4382/3234/2284 4385/3237/2287
f 4385/3237/2287 4429/3281/2324 4424/3276/2321
f 4363/3215/2264 4425/3277/2321 4427/3279/2323
f 4427/3279/2323 4365/3217/2266 4363/3215/2264
f 4404/3256/2305 4387/3239/2289 4386/3238/2288
f 4386/3238/2288 4430/3282/2325 4404/3256/2305
f 4367/3219/2268 4405/3257/2305 4431/3283/2325
f 4431/3283/2325 4366/3218/2267 4367/3219/2268
f 4430/3282/2325 4386/3238/2288 4388/3240/2290
f 4388/3240/2290 4413/3265/2312 4430/3282/2325
f 4366/3218/2267 4431/3283/2325 4412/3264/2311
f 4412/3264/2311 4368/3220/2269 4366/3218/2267
f 4418/3270/2316 4370/3222/2271 4369/3221/2270
f 4369/3221/2270 4432/3284/2326 4418/3270/2316
f 4389/3241/2291 4419/3271/2317 4433/3285/2327
f 4433/3285/2327 4390/3242/2292 4389/3241/2291
f 4432/3284/2326 4369/3221/2270 4374/3226/2273
f 4374/3226/2273 4434/3286/2328 4432/3284/2326
f 4390/3242/2292 4433/3285/2327 4435/3287/2329
f 4435/3287/2329 4394/3246/2293 4390/3242/2292
f 4436/3288/2330 4372/3224/2273 4371/3223/2272
f 4371/3223/2272 4437/3289/2331 4436/3288/2330
f 4391/3243/2293 4438/3290/2330 4439/3291/2332
f 4439/3291/2332 4392/3244/2294 4391/3243/2293
f 4428/3280/2322 4384/3236/2286 4392/3244/2294
f 4392/3244/2294 4439/3291/2332 4428/3280/2322
f 4364/3216/2265 4426/3278/2322 4437/3289/2331
f 4437/3289/2331 4371/3223/2272 4364/3216/2265
f 4440/3292/2333 4441/3293/2334 4442/3294/2335
f 4442/3294/2335 4443/3295/2336 4440/3292/2333
f 4444/3296/2337 4440/3292/2333 4443/3295/2336
f 4443/3295/2336 4445/3297/2338 4444/3296/2337
f 4446/3298/2339 4447/3299/2340 4448/3300/2097
f 4448/3300/2097 4449/3301/2100 4446/3298/2339
f 4449/3301/2100 4448/3300/2097 4450/3302/2341
f 4450/3302/2341 4451/3303/2099 4449/3301/2100
f 4452/3304/2106 4453/3305/2342 4454/3306/2343
f 4454/3306/2343 4455/3307/2105 4452/3304/2106
f 4453/3305/2342 4452/3304/2106 4456/3308/2344
f 4456/3308/2344 4457/3309/2345 4453/3305/2342
f 4451/3303/2099 4450/3302/2341 4458/3310/2346
f 4458/3310/2346 4459/3311/2347 4451/3303/2099
f 4459/3311/2347 4458/3310/2346 4460/3312/2348
f 4460/3312/2348 4461/3313/2349 4459/3311/2347
f 4462/3314/2350 4463/3315/2085 4464/3316/2351
f 4464/3316/2351 4465/3317/2084 4462/3314/2350
f 4463/3315/2085 4462/3314/2350 4466/3318/2352
f 4466/3318/2352 4467/3319/2353 4463/3315/2085
f 4465/3317/2084 4464/3316/2351 4468/3320/2354
f 4468/3320/2354 4469/3321/2355 4465/3317/2084
f 4470/3322/2356 4471/3323/2089 4472/3324/2357
f 4472/3324/2357 4473/3325/2087 4470/3322/2356
f 4471/3323/2089 4470/3322/2356 4474/3326/2358
f 4474/3326/2358 4475/3327/2091 4471/3323/2089
f 4476/3328/2359 4477/3329/2360 4467/3319/2353
f 4467/3319/2353 4466/3318/2352 4476/3328/2359
f 4478/3330/2361 4479/3331/2362 4480/3332/2363
f 4480/3332/2363 4481/3333/2364 4478/3330/2361
f 4479/3331/2362 4478/3330/2361 4482/3334/2365
f 4482/3334/2365 4483/3335/2366 4479/3331/2362
f 4483/3335/2366 4482/3334/2365 4484/3336/2367
f 4484/3336/2367 4485/3337/2368 4483/3335/2366
f 4486/3338/2369 4487/3339/2370 4488/3340/2371
f 4488/3340/2371 4489/3341/2372 4486/3338/2369
f 4487/3339/2370 4486/3338/2369 4490/3342/2373
f 4490/3342/2373 4491/3343/2374 4487/3339/2370
f 4491/3343/2374 4490/3342/2373 4492/3344/2375
f 4492/3344/2375 4493/3345/2376 4491/3343/2374
f 4494/3346/2377 4495/3347/2378 4481/3333/2364
f 4481/3333/2364 4480/3332/2363 4494/3346/2377
f 4495/3347/2378 4494/3346/2377 4496/3348/2379
f 4496/3348/2379 4497/3349/2380 4495/3347/2378
f 4497/3349/2380 4496/3348/2379 4498/3350/2381
f 4498/3350/2381 4499/3351/2382 4497/3349/2380
f 4500/3352/2383 4501/3353/2384 4489/3341/2372
f 4489/3341/2372 4488/3340/2371 4500/3352/2383
f 4501/3353/2384 4500/3352/2383 4502/3354/2385
f 4502/3354/2385 4503/3355/2386 4501/3353/2384
f 4503/3355/2386 4502/3354/2385 4504/3356/2387
f 4504/3356/2387 4505/3357/2388 4503/3355/2386
f 4506/3358/2389 4507/3359/2390 4508/3360/2391
f 4508/3360/2391 4509/3361/2392 4506/3358/2389
f 4510/3362/2393 4511/3363/2394 4512/3364/2395
f 4512/3364/2395 4513/3365/2396 4510/3362/2393
f 4511/3363/2394 4510/3362/2393 4509/3361/2392
f 4509/3361/2392 4508/3360/2391 4511/3363/2394
f 4513/3365/2396 4512/3364/2395 4514/3366/2397
f 4514/3366/2397 4515/3367/2398 4513/3365/2396
f 4516/3368/2399 4517/3369/2400 4518/3370/2401
f 4518/3370/2401 4519/3371/2402 4516/3368/2399
f 4520/3372/2403 4521/3373/2404 4519/3371/2402
f 4519/3371/2402 4518/3370/2401 4520/3372/2403
f 4521/3373/2404 4520/3372/2403 4522/3374/2405
f 4522/3374/2405 4523/3375/2406 4521/3373/2404
f 4523/3375/2406 4522/3374/2405 4524/3376/2407
f 4524/3376/2407 4525/3377/2408 4523/3375/2406
f 4455/3307/2105 4454/3306/2343 4485/3337/2368
f 4485/3337/2368 4484/3336/2367 4455/3307/2105
f 4473/3325/2087 4472/3324/2357 4493/3345/2376
f 4493/3345/2376 4492/3344/2375 4473/3325/2087
f 4499/3351/2382 4498/3350/2381 4515/3367/2398
f 4515/3367/2398 4514/3366/2397 4499/3351/2382
f 4525/3377/2408 4524/3376/2407 4505/3357/2388
f 4505/3357/2388 4504/3356/2387 4525/3377/2408
f 4465/3317/2084 4470/3322/2356 4473/3325/2087
f 4473/3325/2087 4462/3314/2350 4465/3317/2084
f 4474/3326/2358 4470/3322/2356 4465/3317/2084
f 4465/3317/2084 4469/3321/2355 4474/3326/2358
f 4454/3306/2343 4453/3305/2342 4449/3301/2100
f 4449/3301/2100 4451/3303/2099 4454/3306/2343
f 4453/3305/2342 4457/3309/2345 4446/3298/2339
f 4446/3298/2339 4449/3301/2100 4453/3305/2342
f 4526/3378/2409 4495/3347/2378 4497/3349/2380
f 4497/3349/2380 4527/3379/2385 4526/3378/2409
f 4528/3380/2408 4514/3366/2397 4512/3364/2395
f 4512/3364/2395 4529/3381/2410 4528/3380/2408
f 4530/3382/2089 4452/3304/2106 4455/3307/2105
f 4455/3307/2105 4531/3383/2357 4530/3382/2089
f 4463/3315/2085 4450/3302/2341 4448/3300/2097
f 4448/3300/2097 4464/3316/2351 4463/3315/2085
f 4456/3308/2344 4452/3304/2106 4530/3382/2089
f 4530/3382/2089 4532/3384/2411 4456/3308/2344
f 4464/3316/2351 4448/3300/2097 4447/3299/2340
f 4447/3299/2340 4468/3320/2354 4464/3316/2351
f 4533/3385/2412 4482/3334/2365 4478/3330/2361
f 4478/3330/2361 4534/3386/2370 4533/3385/2412
f 4477/3329/2360 4460/3312/2348 4458/3310/2346
f 4458/3310/2346 4467/3319/2353 4477/3329/2360
f 4467/3319/2353 4458/3310/2346 4450/3302/2341
f 4450/3302/2341 4463/3315/2085 4467/3319/2353
f 4481/3333/2364 4495/3347/2378 4526/3378/2409
f 4526/3378/2409 4535/3387/2371 4481/3333/2364
f 4478/3330/2361 4481/3333/2364 4535/3387/2371
f 4535/3387/2371 4534/3386/2370 4478/3330/2361
f 4499/3351/2382 4514/3366/2397 4528/3380/2408
f 4528/3380/2408 4536/3388/2387 4499/3351/2382
f 4497/3349/2380 4499/3351/2382 4536/3388/2387
f 4536/3388/2387 4527/3379/2385 4497/3349/2380
f 4508/3360/2391 4507/3359/2390 4537/3389/2399
f 4537/3389/2399 4538/3390/2402 4508/3360/2391
f 4511/3363/2394 4508/3360/2391 4538/3390/2402
f 4538/3390/2402 4539/3391/2404 4511/3363/2394
f 4484/3336/2367 4482/3334/2365 4533/3385/2412
f 4533/3385/2412 4540/3392/2413 4484/3336/2367
f 4455/3307/2105 4484/3336/2367 4540/3392/2413
f 4540/3392/2413 4531/3383/2357 4455/3307/2105
f 4541/3393/2414 4505/3357/2388 4524/3376/2407
f 4524/3376/2407 4522/3374/2405 4541/3393/2414
f 4454/3306/2343 4451/3303/2099 4459/3311/2347
f 4454/3306/2343 4459/3311/2347 4461/3313/2349
f 4461/3313/2349 4485/3337/2368 4454/3306/2343
f 4462/3314/2350 4473/3325/2087 4492/3344/2375
f 4462/3314/2350 4492/3344/2375 4476/3328/2359
f 4476/3328/2359 4466/3318/2352 4462/3314/2350
f 4515/3367/2398 4498/3350/2381 4542/3394/1
f 4542/3394/1 4513/3365/2396 4515/3367/2398
f 4543/3395/2415 4506/3358/2389 4509/3361/2392
f 4509/3361/2392 4544/3396/2416 4543/3395/2415
f 4544/3396/2416 4509/3361/2392 4510/3362/2393
f 4510/3362/2393 4545/3397/2417 4544/3396/2416
f 4529/3381/2410 4512/3364/2395 4511/3363/2394
f 4511/3363/2394 4539/3391/2404 4529/3381/2410
f 4513/3365/2396 4542/3394/1 4545/3397/2417
f 4545/3397/2417 4510/3362/2393 4513/3365/2396
f 4445/3297/2338 4443/3295/2336 4518/3370/2401
f 4518/3370/2401 4517/3369/2400 4445/3297/2338
f 4443/3295/2336 4442/3294/2335 4520/3372/2403
f 4520/3372/2403 4518/3370/2401 4443/3295/2336
f 4541/3393/2414 4522/3374/2405 4520/3372/2403
f 4541/3393/2414 4520/3372/2403 4442/3294/2335
f 4442/3294/2335 4441/3293/2334 4541/3393/2414
f 4541/3393/2414 4501/3353/2384 4503/3355/2386
f 4503/3355/2386 4505/3357/2388 4541/3393/2414
f 4542/3394/1 4498/3350/2381 4496/3348/2379
f 4496/3348/2379 4494/3346/2377 4542/3394/1
f 4546/3398/2418 4547/3399/2419 4548/3400/2420
f 4548/3400/2420 4549/3401/2421 4546/3398/2418
f 4549/3401/2421 4548/3400/2420 4550/3402/2422
f 4550/3402/2422 4551/3403/2423 4549/3401/2421
f 4552/3404/2424 4553/3111/2425 4554/3110/2426
f 4554/3110/2426 4555/3405/2427 4552/3404/2424
f 4556/3406/2428 4552/3404/2424 4555/3405/2427
f 4555/3405/2427 4557/3407/2179 4556/3406/2428
f 4558/3408/2429 4559/3409/2430 4560/3410/2431
f 4560/3410/2431 4561/3411/2432 4558/3408/2429
f 4562/3120/2431 4560/3410/2431 4559/3409/2430
f 4559/3409/2430 4563/3121/2433 4562/3120/2431
f 4564/3412/2434 4556/3406/2428 4557/3407/2179
f 4557/3407/2179 4565/3413/2435 4564/3412/2434
f 4566/3414/2436 4564/3412/2434 4565/3413/2435
f 4565/3413/2435 4567/3415/2437 4566/3414/2436
f 4568/3416/2438 4569/3417/2439 4570/3418/2189
f 4570/3418/2189 4571/3419/2440 4568/3416/2438
f 4572/3420/2441 4570/3418/2189 4569/3417/2439
f 4569/3417/2439 4573/3421/2442 4572/3420/2441
f 4574/3132/2443 4568/3416/2438 4571/3419/2440
f 4571/3419/2440 4575/3133/2196 4574/3132/2443
f 4576/3422/2444 4577/3423/2445 4578/3424/2446
f 4578/3424/2446 4579/3425/2447 4576/3422/2444
f 4580/3138/2448 4578/3424/2446 4577/3423/2445
f 4577/3423/2445 4581/3139/2449 4580/3138/2448
f 4573/3421/2442 4582/3426/2450 4583/3427/2451
f 4583/3427/2451 4572/3420/2441 4573/3421/2442
f 4584/3428/2452 4585/3429/2453 4586/3430/2454
f 4586/3430/2454 4587/3431/2455 4584/3428/2452
f 4588/3432/2456 4586/3430/2454 4585/3429/2453
f 4585/3429/2453 4589/3433/2457 4588/3432/2456
f 4590/3434/2458 4588/3432/2456 4589/3433/2457
f 4589/3433/2457 4591/3435/2459 4590/3434/2458
f 4592/3436/2460 4593/3437/2461 4594/3438/2462
f 4594/3438/2462 4595/3439/2463 4592/3436/2460
f 4596/3440/2464 4594/3438/2462 4593/3437/2461
f 4593/3437/2461 4597/3441/2465 4596/3440/2464
f 4598/3442/2466 4596/3440/2464 4597/3441/2465
f 4597/3441/2465 4599/3443/2467 4598/3442/2466
f 4587/3431/2455 4600/3444/2468 4601/3445/2469
f 4601/3445/2469 4584/3428/2452 4587/3431/2455
f 4602/3446/2470 4601/3445/2469 4600/3444/2468
f 4600/3444/2468 4603/3447/2471 4602/3446/2470
f 4604/3448/2472 4602/3446/2470 4603/3447/2471
f 4603/3447/2471 4605/3449/2473 4604/3448/2472
f 4595/3439/2463 4606/3450/2474 4607/3451/2475
f 4607/3451/2475 4592/3436/2460 4595/3439/2463
f 4608/3452/2476 4607/3451/2475 4606/3450/2474
f 4606/3450/2474 4609/3453/2477 4608/3452/2476
f 4610/3454/2478 4608/3452/2476 4609/3453/2477
f 4609/3453/2477 4611/3455/2479 4610/3454/2478
f 4612/3456/2480 4613/3457/2481 4614/3458/2482
f 4614/3458/2482 4615/3459/2483 4612/3456/2480
f 4616/3460/2484 4617/3461/2485 4618/3462/2486
f 4618/3462/2486 4619/3463/2487 4616/3460/2484
f 4615/3459/2483 4618/3462/2486 4617/3461/2485
f 4617/3461/2485 4612/3456/2480 4615/3459/2483
f 4620/3464/2488 4616/3460/2484 4619/3463/2487
f 4619/3463/2487 4621/3465/2489 4620/3464/2488
f 4622/3466/2490 4623/3467/2491 4624/3468/2492
f 4624/3468/2492 4625/3469/2493 4622/3466/2490
f 4625/3469/2493 4626/3470/2494 4627/3471/2495
f 4627/3471/2495 4622/3466/2490 4625/3469/2493
f 4628/3472/2496 4627/3471/2495 4626/3470/2494
f 4626/3470/2494 4629/3473/2497 4628/3472/2496
f 4630/3474/2498 4628/3472/2496 4629/3473/2497
f 4629/3473/2497 4631/3475/2499 4630/3474/2498
f 4591/3435/2459 4558/3408/2429 4561/3411/2432
f 4561/3411/2432 4590/3434/2458 4591/3435/2459
f 4599/3443/2467 4576/3422/2444 4579/3425/2447
f 4579/3425/2447 4598/3442/2466 4599/3443/2467
f 4621/3465/2489 4604/3448/2472 4605/3449/2473
f 4605/3449/2473 4620/3464/2488 4621/3465/2489
f 4611/3455/2479 4630/3474/2498 4631/3475/2499
f 4631/3475/2499 4610/3454/2478 4611/3455/2479
f 4579/3425/2447 4578/3424/2446 4571/3419/2440
f 4571/3419/2440 4570/3418/2189 4579/3425/2447
f 4571/3419/2440 4578/3424/2446 4580/3138/2448
f 4580/3138/2448 4575/3133/2196 4571/3419/2440
f 4555/3405/2427 4559/3409/2430 4558/3408/2429
f 4558/3408/2429 4557/3407/2179 4555/3405/2427
f 4554/3110/2426 4563/3121/2433 4559/3409/2430
f 4559/3409/2430 4555/3405/2427 4554/3110/2426
f 4603/3447/2471 4600/3444/2468 4632/3476/2500
f 4632/3476/2500 4633/3477/2476 4603/3447/2471
f 4616/3460/2484 4620/3464/2488 4634/3478/2499
f 4634/3478/2499 4635/3479/2497 4616/3460/2484
f 4561/3411/2432 4560/3410/2431 4636/3480/2445
f 4636/3480/2445 4637/3481/2444 4561/3411/2432
f 4552/3404/2424 4556/3406/2428 4569/3417/2439
f 4569/3417/2439 4568/3416/2438 4552/3404/2424
f 4636/3480/2445 4560/3410/2431 4562/3120/2431
f 4562/3120/2431 4638/3196/2445 4636/3480/2445
f 4553/3111/2425 4552/3404/2424 4568/3416/2438
f 4568/3416/2438 4574/3132/2443 4553/3111/2425
f 4586/3430/2454 4588/3432/2456 4639/3482/2465
f 4639/3482/2465 4640/3483/2461 4586/3430/2454
f 4564/3412/2434 4566/3414/2436 4582/3426/2450
f 4582/3426/2450 4573/3421/2442 4564/3412/2434
f 4556/3406/2428 4564/3412/2434 4573/3421/2442
f 4573/3421/2442 4569/3417/2439 4556/3406/2428
f 4632/3476/2500 4600/3444/2468 4587/3431/2455
f 4587/3431/2455 4641/3484/2501 4632/3476/2500
f 4641/3484/2501 4587/3431/2455 4586/3430/2454
f 4586/3430/2454 4640/3483/2461 4641/3484/2501
f 4634/3478/2499 4620/3464/2488 4605/3449/2473
f 4605/3449/2473 4642/3485/2502 4634/3478/2499
f 4642/3485/2502 4605/3449/2473 4603/3447/2471
f 4603/3447/2471 4633/3477/2476 4642/3485/2502
f 4643/3486/2492 4613/3457/2481 4612/3456/2480
f 4612/3456/2480 4644/3487/2503 4643/3486/2492
f 4644/3487/2503 4612/3456/2480 4617/3461/2485
f 4617/3461/2485 4645/3488/2494 4644/3487/2503
f 4639/3482/2465 4588/3432/2456 4590/3434/2458
f 4590/3434/2458 4646/3489/2504 4639/3482/2465
f 4646/3489/2504 4590/3434/2458 4561/3411/2432
f 4561/3411/2432 4637/3481/2444 4646/3489/2504
f 4630/3474/2498 4611/3455/2479 4647/3490/2505
f 4647/3490/2505 4628/3472/2496 4630/3474/2498
f 4565/3413/2435 4557/3407/2179 4558/3408/2429
f 4565/3413/2435 4558/3408/2429 4591/3435/2459
f 4591/3435/2459 4567/3415/2437 4565/3413/2435
f 4598/3442/2466 4579/3425/2447 4570/3418/2189
f 4598/3442/2466 4570/3418/2189 4572/3420/2441
f 4572/3420/2441 4583/3427/2451 4598/3442/2466
f 4648/3491/6 4604/3448/2472 4621/3465/2489
f 4621/3465/2489 4619/3463/2487 4648/3491/6
f 4615/3459/2483 4614/3458/2482 4649/3492/2506
f 4649/3492/2506 4650/3493/2507 4615/3459/2483
f 4618/3462/2486 4615/3459/2483 4650/3493/2507
f 4650/3493/2507 4651/3494/2508 4618/3462/2486
f 4617/3461/2485 4616/3460/2484 4635/3479/2497
f 4635/3479/2497 4645/3488/2494 4617/3461/2485
f 4651/3494/2508 4648/3491/6 4619/3463/2487
f 4619/3463/2487 4618/3462/2486 4651/3494/2508
f 4622/3466/2490 4549/3401/2421 4551/3403/2423
f 4551/3403/2423 4623/3467/2491 4622/3466/2490
f 4627/3471/2495 4546/3398/2418 4549/3401/2421
f 4549/3401/2421 4622/3466/2490 4627/3471/2495
f 4627/3471/2495 4628/3472/2496 4647/3490/2505
f 4627/3471/2495 4647/3490/2505 4547/3399/2419
f 4547/3399/2419 4546/3398/2418 4627/3471/2495
f 4609/3453/2477 4606/3450/2474 4647/3490/2505
f 4647/3490/2505 4611/3455/2479 4609/3453/2477
f 4602/3446/2470 4604/3448/2472 4648/3491/6
f 4648/3491/6 4601/3445/2469 4602/3446/2470
f 4652/3495/2509 4653/3496/2510 4543/3395/2415
f 4543/3395/2415 4544/3396/2416 4652/3495/2509
f 4654/3497/2511 4652/3495/2509 4544/3396/2416
f 4544/3396/2416 4545/3397/2417 4654/3497/2511
f 4542/3394/1 4655/3498/2512 4654/3497/2511
f 4654/3497/2511 4545/3397/2417 4542/3394/1
f 4441/3293/2334 4656/3499/2513 4657/3500/2514
f 4657/3500/2514 4541/3393/2414 4441/3293/2334
f 4440/3292/2333 4444/3296/2337 4658/3501/2515
f 4658/3501/2515 4659/3502/2516 4440/3292/2333
f 4441/3293/2334 4440/3292/2333 4659/3502/2516
f 4659/3502/2516 4656/3499/2513 4441/3293/2334
f 4461/3313/2349 4460/3312/2348 4660/3503/2517
f 4660/3503/2517 4661/3504/2518 4461/3313/2349
f 4662/3505/2519 4477/3329/2360 4476/3328/2359
f 4663/3506/2520 4664/3507/2521 4507/3359/2390
f 4507/3359/2390 4506/3358/2389 4663/3506/2520
f 4665/3508/2522 4666/3509/2523 4517/3369/2400
f 4517/3369/2400 4516/3368/2399 4665/3508/2522
f 4667/3510/2524 4486/3338/2369 4489/3341/2372
f 4489/3341/2372 4657/3500/2514 4667/3510/2524
f 4537/3389/2399 4507/3359/2390 4664/3507/2521
f 4664/3507/2521 4668/3511/2525 4537/3389/2399
f 4660/3503/2517 4460/3312/2348 4477/3329/2360
f 4477/3329/2360 4662/3505/2519 4660/3503/2517
f 4669/3512/2526 4479/3331/2362 4483/3335/2366
f 4483/3335/2366 4670/3513/2527 4669/3512/2526
f 4490/3342/2373 4486/3338/2369 4667/3510/2524
f 4667/3510/2524 4671/3514/2528 4490/3342/2373
f 4479/3331/2362 4669/3512/2526 4655/3498/2512
f 4655/3498/2512 4480/3332/2363 4479/3331/2362
f 4485/3337/2368 4461/3313/2349 4661/3504/2518
f 4485/3337/2368 4661/3504/2518 4670/3513/2527
f 4670/3513/2527 4483/3335/2366 4485/3337/2368
f 4490/3342/2373 4671/3514/2528 4476/3328/2359
f 4476/3328/2359 4492/3344/2375 4490/3342/2373
f 4542/3394/1 4494/3346/2377 4480/3332/2363
f 4480/3332/2363 4655/3498/2512 4542/3394/1
f 4506/3358/2389 4543/3395/2415 4653/3496/2510
f 4653/3496/2510 4663/3506/2520 4506/3358/2389
f 4541/3393/2414 4657/3500/2514 4489/3341/2372
f 4489/3341/2372 4501/3353/2384 4541/3393/2414
f 4658/3501/2529 4444/3296/2530 4445/3297/2531
f 4658/3501/2515 4445/3297/2338 4517/3369/2400
f 4517/3369/2400 4666/3509/2523 4658/3501/2515
f 4649/3492/2506 4672/3515/2532 4673/3516/2533
f 4673/3516/2533 4650/3493/2507 4649/3492/2506
f 4650/3493/2507 4673/3516/2533 4674/3517/2534
f 4674/3517/2534 4651/3494/2508 4650/3493/2507
f 4674/3517/2534 4675/3518/2535 4648/3491/6
f 4648/3491/6 4651/3494/2508 4674/3517/2534
f 4676/3519/2536 4677/3520/2537 4547/3399/2419
f 4547/3399/2419 4647/3490/2505 4676/3519/2536
f 4678/3521/2538 4550/3402/2422 4548/3400/2420
f 4548/3400/2420 4679/3522/2539 4678/3521/2538
f 4679/3522/2539 4548/3400/2420 4547/3399/2419
f 4547/3399/2419 4677/3520/2537 4679/3522/2539
f 4680/3523/2540 4566/3414/2436 4567/3415/2437
f 4567/3415/2437 4681/3524/2541 4680/3523/2540
f 4682/3525/2542 4583/3427/2451 4582/3426/2450
f 4613/3457/2481 4683/3526/2543 4684/3527/2520
f 4684/3527/2520 4614/3458/2482 4613/3457/2481
f 4623/3467/2491 4685/3528/2544 4686/3529/2545
f 4686/3529/2545 4624/3468/2492 4623/3467/2491
f 4595/3439/2463 4594/3438/2462 4687/3530/2546
f 4687/3530/2546 4676/3519/2536 4595/3439/2463
f 4683/3526/2543 4613/3457/2481 4643/3486/2492
f 4643/3486/2492 4688/3531/2547 4683/3526/2543
f 4582/3426/2450 4566/3414/2436 4680/3523/2540
f 4680/3523/2540 4682/3525/2542 4582/3426/2450
f 4589/3433/2457 4585/3429/2453 4689/3532/2548
f 4689/3532/2548 4690/3533/2549 4589/3433/2457
f 4687/3530/2546 4594/3438/2462 4596/3440/2464
f 4596/3440/2464 4691/3534/2550 4687/3530/2546
f 4675/3518/2535 4689/3532/2548 4585/3429/2453
f 4585/3429/2453 4584/3428/2452 4675/3518/2535
f 4681/3524/2541 4567/3415/2437 4591/3435/2459
f 4681/3524/2541 4591/3435/2459 4589/3433/2457
f 4589/3433/2457 4690/3533/2549 4681/3524/2541
f 4583/3427/2451 4691/3534/2550 4596/3440/2464
f 4596/3440/2464 4598/3442/2466 4583/3427/2451
f 4584/3428/2452 4601/3445/2469 4648/3491/6
f 4648/3491/6 4675/3518/2535 4584/3428/2452
f 4672/3515/2532 4649/3492/2506 4614/3458/2482
f 4614/3458/2482 4684/3527/2520 4672/3515/2532
f 4595/3439/2463 4676/3519/2536 4647/3490/2505
f 4647/3490/2505 4606/3450/2474 4595/3439/2463
f 4551/3403/2423 4550/3402/2422 4678/3521/2551
f 4551/3403/2423 4678/3521/2538 4685/3528/2544
f 4685/3528/2544 4623/3467/2491 4551/3403/2423
f 4655/3498/2512 4669/3512/2526 4692/3535/2552
f 4692/3535/2552 4693/3536/2553 4655/3498/2512
f 4694/3537/2553 4695/3538/2552 4689/3532/2548
f 4689/3532/2548 4675/3518/2535 4694/3537/2553
f 4690/3533/2549 4689/3532/2548 4695/3538/2552
f 4695/3538/2552 4696/3539/2554 4690/3533/2549
f 4697/3540/2554 4692/3535/2552 4669/3512/2526
f 4669/3512/2526 4670/3513/2527 4697/3540/2554
f 4681/3524/2541 4690/3533/2549 4696/3539/2554
f 4696/3539/2554 4698/3541/2555 4681/3524/2541
f 4699/3542/2556 4697/3540/2554 4670/3513/2527
f 4670/3513/2527 4661/3504/2518 4699/3542/2556
f 4671/3514/2528 4667/3510/2524 4700/3543/2557
f 4700/3543/2557 4701/3544/2558 4671/3514/2528
f 4702/3545/2559 4703/3546/2557 4687/3530/2546
f 4687/3530/2546 4691/3534/2550 4702/3545/2559
f 4476/3328/2359 4671/3514/2528 4701/3544/2558
f 4701/3544/2558 4704/3547/2560 4476/3328/2359
f 4705/3548/2561 4702/3545/2559 4691/3534/2550
f 4691/3534/2550 4583/3427/2451 4705/3548/2561
f 4662/3505/2519 4476/3328/2359 4704/3547/2560
f 4704/3547/2560 4706/3549/2562 4662/3505/2519
f 4707/3550/2563 4705/3548/2561 4583/3427/2451
f 4583/3427/2451 4682/3525/2542 4707/3550/2563
f 4653/3496/2510 4652/3495/2509 4708/3551/2564
f 4708/3551/2564 4709/3552/2565 4653/3496/2510
f 4710/3553/2565 4711/3554/2564 4673/3516/2533
f 4673/3516/2533 4672/3515/2532 4710/3553/2565
f 4663/3506/2520 4653/3496/2510 4709/3552/2565
f 4709/3552/2565 4712/3555/2566 4663/3506/2520
f 4713/3556/2567 4710/3553/2565 4672/3515/2532
f 4672/3515/2532 4684/3527/2520 4713/3556/2567
f 4674/3517/2534 4673/3516/2533 4711/3554/2564
f 4711/3554/2564 4714/3557/2568 4674/3517/2534
f 4715/3558/2568 4708/3551/2564 4652/3495/2509
f 4652/3495/2509 4654/3497/2511 4715/3558/2568
f 4675/3518/2535 4674/3517/2534 4714/3557/2568
f 4714/3557/2568 4694/3537/2553 4675/3518/2535
f 4693/3536/2553 4715/3558/2568 4654/3497/2511
f 4654/3497/2511 4655/3498/2512 4693/3536/2553
f 4676/3519/2536 4687/3530/2546 4703/3546/2557
f 4703/3546/2557 4716/3559/2569 4676/3519/2536
f 4717/3560/2570 4700/3543/2557 4667/3510/2524
f 4667/3510/2524 4657/3500/2514 4717/3560/2570
f 4677/3520/2537 4676/3519/2536 4716/3559/2569
f 4716/3559/2569 4718/3561/2571 4677/3520/2537
f 4719/3562/2571 4717/3560/2570 4657/3500/2514
f 4657/3500/2514 4656/3499/2513 4719/3562/2571
f 4659/3502/2516 4658/3501/2515 4720/3563/2572
f 4720/3563/2572 4721/3564/2573 4659/3502/2516
f 4722/3565/2573 4723/3566/2572 4678/3521/2538
f 4678/3521/2538 4679/3522/2539 4722/3565/2573
f 4679/3522/2539 4677/3520/2537 4718/3561/2571
f 4718/3561/2571 4722/3565/2573 4679/3522/2539
f 4721/3564/2573 4719/3562/2571 4656/3499/2513
f 4656/3499/2513 4659/3502/2516 4721/3564/2573
f 4680/3523/2540 4681/3524/2541 4698/3541/2555
f 4698/3541/2555 4724/3567/2574 4680/3523/2540
f 4725/3568/2574 4699/3542/2556 4661/3504/2518
f 4661/3504/2518 4660/3503/2517 4725/3568/2574
f 4682/3525/2542 4680/3523/2540 4724/3567/2574
f 4724/3567/2574 4707/3550/2563 4682/3525/2542
f 4706/3549/2562 4725/3568/2574 4660/3503/2517
f 4660/3503/2517 4662/3505/2519 4706/3549/2562
f 4664/3507/2521 4663/3506/2520 4712/3555/2566
f 4712/3555/2566 4726/3569/2575 4664/3507/2521
f 4727/3570/2576 4713/3556/2567 4684/3527/2520
f 4684/3527/2520 4683/3526/2543 4727/3570/2576
f 4668/3511/2525 4664/3507/2521 4726/3569/2575
f 4726/3569/2575 4728/3571/2577 4668/3511/2525
f 4729/3572/2578 4727/3570/2576 4683/3526/2543
f 4683/3526/2543 4688/3531/2547 4729/3572/2578
f 4666/3509/2523 4665/3508/2522 4730/3573/2579
f 4730/3573/2579 4731/3574/2580 4666/3509/2523
f 4732/3575/2581 4733/3576/2578 4686/3529/2545
f 4686/3529/2545 4685/3528/2544 4732/3575/2581
f 4685/3528/2544 4678/3521/2538 4723/3566/2572
f 4723/3566/2572 4732/3575/2581 4685/3528/2544
f 4731/3574/2580 4720/3563/2572 4658/3501/2515
f 4658/3501/2515 4666/3509/2523 4731/3574/2580
f 4734/3577/2582 4735/3578/2583 4736/3579/2584
f 4736/3579/2584 4737/3580/2585 4734/3577/2582
f 4737/3580/2585 4736/3579/2584 4738/3581/2586
f 4738/3581/2586 4739/3582/2587 4737/3580/2585
f 4740/3583/2588 4741/3299/2589 4742/3298/2590
f 4742/3298/2590 4743/3584/2591 4740/3583/2588
f 4744/3585/2592 4740/3583/2588 4743/3584/2591
f 4743/3584/2591 4745/3586/2099 4744/3585/2592
f 4746/3587/2593 4747/3588/2594 4748/3589/2595
f 4748/3589/2595 4749/3590/2596 4746/3587/2593
f 4750/3308/2597 4748/3589/2595 4747/3588/2594
f 4747/3588/2594 4751/3309/2345 4750/3308/2597
f 4752/3591/2598 4744/3585/2592 4745/3586/2099
f 4745/3586/2099 4753/3592/2599 4752/3591/2598
f 4754/3593/2600 4752/3591/2598 4753/3592/2599
f 4753/3592/2599 4755/3594/2601 4754/3593/2600
f 4756/3595/2602 4757/3596/2603 4758/3597/2350
f 4758/3597/2350 4759/3598/2604 4756/3595/2602
f 4760/3599/2605 4758/3597/2350 4757/3596/2603
f 4757/3596/2603 4761/3600/2606 4760/3599/2605
f 4762/3320/2607 4756/3595/2602 4759/3598/2604
f 4759/3598/2604 4763/3321/2608 4762/3320/2607
f 4764/3601/2609 4765/3602/2610 4766/3603/2611
f 4766/3603/2611 4767/3604/2612 4764/3601/2609
f 4768/3326/2613 4766/3603/2611 4765/3602/2610
f 4765/3602/2610 4769/3327/2614 4768/3326/2613
f 4761/3600/2606 4770/3605/2615 4771/3606/2616
f 4771/3606/2616 4760/3599/2605 4761/3600/2606
f 4772/3607/2617 4773/3608/2618 4774/3609/2619
f 4774/3609/2619 4775/3610/2620 4772/3607/2617
f 4776/3611/2621 4774/3609/2619 4773/3608/2618
f 4773/3608/2618 4777/3612/2622 4776/3611/2621
f 4778/3613/2623 4776/3611/2621 4777/3612/2622
f 4777/3612/2622 4779/3614/2624 4778/3613/2623
f 4780/3615/2625 4781/3616/2626 4782/3617/2627
f 4782/3617/2627 4783/3618/2628 4780/3615/2625
f 4784/3619/2629 4782/3617/2627 4781/3616/2626
f 4781/3616/2626 4785/3620/2630 4784/3619/2629
f 4786/3621/2631 4784/3619/2629 4785/3620/2630
f 4785/3620/2630 4787/3622/2632 4786/3621/2631
f 4775/3610/2620 4788/3623/2633 4789/3624/2634
f 4789/3624/2634 4772/3607/2617 4775/3610/2620
f 4790/3625/2635 4789/3624/2634 4788/3623/2633
f 4788/3623/2633 4791/3626/2636 4790/3625/2635
f 4792/3627/2637 4790/3625/2635 4791/3626/2636
f 4791/3626/2636 4793/3628/2638 4792/3627/2637
f 4783/3618/2628 4794/3629/2639 4795/3630/2640
f 4795/3630/2640 4780/3615/2625 4783/3618/2628
f 4796/3631/2641 4795/3630/2640 4794/3629/2639
f 4794/3629/2639 4797/3632/2642 4796/3631/2641
f 4798/3633/2643 4796/3631/2641 4797/3632/2642
f 4797/3632/2642 4799/3634/2644 4798/3633/2643
f 4800/3635/2645 4801/3636/2646 4802/3637/2647
f 4802/3637/2647 4803/3638/2648 4800/3635/2645
f 4804/3639/2649 4805/3640/2650 4806/3641/2651
f 4806/3641/2651 4807/3642/2652 4804/3639/2649
f 4803/3638/2648 4806/3641/2651 4805/3640/2650
f 4805/3640/2650 4800/3635/2645 4803/3638/2648
f 4808/3643/2653 4804/3639/2649 4807/3642/2652
f 4807/3642/2652 4809/3644/2654 4808/3643/2653
f 4810/3645/2655 4811/3646/2656 4812/3647/2657
f 4812/3647/2657 4813/3648/2658 4810/3645/2655
f 4813/3648/2658 4814/3649/2659 4815/3650/2660
f 4815/3650/2660 4810/3645/2655 4813/3648/2658
f 4816/3651/2661 4815/3650/2660 4814/3649/2659
f 4814/3649/2659 4817/3652/2662 4816/3651/2661
f 4818/3653/2663 4816/3651/2661 4817/3652/2662
f 4817/3652/2662 4819/3654/2664 4818/3653/2663
f 4779/3614/2624 4746/3587/2593 4749/3590/2596
f 4749/3590/2596 4778/3613/2623 4779/3614/2624
f 4787/3622/2632 4764/3601/2609 4767/3604/2612
f 4767/3604/2612 4786/3621/2631 4787/3622/2632
f 4809/3644/2654 4792/3627/2637 4793/3628/2638
f 4793/3628/2638 4808/3643/2653 4809/3644/2654
f 4799/3634/2644 4818/3653/2663 4819/3654/2664
f 4819/3654/2664 4798/3633/2643 4799/3634/2644
f 4767/3604/2612 4766/3603/2611 4759/3598/2604
f 4759/3598/2604 4758/3597/2350 4767/3604/2612
f 4759/3598/2604 4766/3603/2611 4768/3326/2613
f 4768/3326/2613 4763/3321/2608 4759/3598/2604
f 4743/3584/2591 4747/3588/2594 4746/3587/2593
f 4746/3587/2593 4745/3586/2099 4743/3584/2591
f 4742/3298/2590 4751/3309/2345 4747/3588/2594
f 4747/3588/2594 4743/3584/2591 4742/3298/2590
f 4791/3626/2636 4788/3623/2633 4820/3655/2640
f 4820/3655/2640 4821/3656/2665 4791/3626/2636
f 4804/3639/2649 4808/3643/2653 4822/3657/2664
f 4822/3657/2664 4823/3658/2662 4804/3639/2649
f 4749/3590/2596 4748/3589/2595 4824/3659/2610
f 4824/3659/2610 4825/3660/2609 4749/3590/2596
f 4740/3583/2588 4744/3585/2592 4757/3596/2603
f 4757/3596/2603 4756/3595/2602 4740/3583/2588
f 4824/3659/2610 4748/3589/2595 4750/3308/2597
f 4750/3308/2597 4826/3384/2610 4824/3659/2610
f 4741/3299/2589 4740/3583/2588 4756/3595/2602
f 4756/3595/2602 4762/3320/2607 4741/3299/2589
f 4774/3609/2619 4776/3611/2621 4827/3661/2666
f 4827/3661/2666 4828/3662/2667 4774/3609/2619
f 4752/3591/2598 4754/3593/2600 4770/3605/2615
f 4770/3605/2615 4761/3600/2606 4752/3591/2598
f 4744/3585/2592 4752/3591/2598 4761/3600/2606
f 4761/3600/2606 4757/3596/2603 4744/3585/2592
f 4820/3655/2640 4788/3623/2633 4775/3610/2620
f 4775/3610/2620 4829/3663/2625 4820/3655/2640
f 4829/3663/2625 4775/3610/2620 4774/3609/2619
f 4774/3609/2619 4828/3662/2667 4829/3663/2625
f 4822/3657/2664 4808/3643/2653 4793/3628/2638
f 4793/3628/2638 4830/3664/2668 4822/3657/2664
f 4830/3664/2668 4793/3628/2638 4791/3626/2636
f 4791/3626/2636 4821/3656/2665 4830/3664/2668
f 4831/3665/2669 4801/3636/2646 4800/3635/2645
f 4800/3635/2645 4832/3666/2658 4831/3665/2669
f 4832/3666/2658 4800/3635/2645 4805/3640/2650
f 4805/3640/2650 4833/3667/2659 4832/3666/2658
f 4827/3661/2666 4776/3611/2621 4778/3613/2623
f 4778/3613/2623 4834/3668/2670 4827/3661/2666
f 4834/3668/2670 4778/3613/2623 4749/3590/2596
f 4749/3590/2596 4825/3660/2609 4834/3668/2670
f 4818/3653/2663 4799/3634/2644 4835/3669/2671
f 4835/3669/2671 4816/3651/2661 4818/3653/2663
f 4753/3592/2599 4745/3586/2099 4746/3587/2593
f 4753/3592/2599 4746/3587/2593 4779/3614/2624
f 4779/3614/2624 4755/3594/2601 4753/3592/2599
f 4786/3621/2631 4767/3604/2612 4758/3597/2350
f 4786/3621/2631 4758/3597/2350 4760/3599/2605
f 4760/3599/2605 4771/3606/2616 4786/3621/2631
f 4836/3670/1 4792/3627/2637 4809/3644/2654
f 4809/3644/2654 4807/3642/2652 4836/3670/1
f 4803/3638/2648 4802/3637/2647 4837/3671/2672
f 4837/3671/2672 4838/3672/2673 4803/3638/2648
f 4806/3641/2651 4803/3638/2648 4838/3672/2673
f 4838/3672/2673 4839/3673/2674 4806/3641/2651
f 4805/3640/2650 4804/3639/2649 4823/3658/2662
f 4823/3658/2662 4833/3667/2659 4805/3640/2650
f 4839/3673/2674 4836/3670/1 4807/3642/2652
f 4807/3642/2652 4806/3641/2651 4839/3673/2674
f 4810/3645/2655 4737/3580/2585 4739/3582/2587
f 4739/3582/2587 4811/3646/2656 4810/3645/2655
f 4815/3650/2660 4734/3577/2582 4737/3580/2585
f 4737/3580/2585 4810/3645/2655 4815/3650/2660
f 4815/3650/2660 4816/3651/2661 4835/3669/2671
f 4815/3650/2660 4835/3669/2671 4735/3578/2583
f 4735/3578/2583 4734/3577/2582 4815/3650/2660
f 4797/3632/2642 4794/3629/2639 4835/3669/2671
f 4835/3669/2671 4799/3634/2644 4797/3632/2642
f 4790/3625/2635 4792/3627/2637 4836/3670/1
f 4836/3670/1 4789/3624/2634 4790/3625/2635
f 4840/3674/2675 4841/3675/2676 4842/3676/2677
f 4842/3676/2677 4843/3677/2678 4840/3674/2675
f 4844/3678/2679 4840/3674/2675 4843/3677/2678
f 4843/3677/2678 4845/3679/2680 4844/3678/2679
f 4846/3680/2681 4847/3681/2443 4848/3682/2438
f 4848/3682/2438 4849/3683/2192 4846/3680/2681
f 4849/3683/2192 4848/3682/2438 4850/3684/2682
f 4850/3684/2682 4851/3685/2189 4849/3683/2192
f 4852/3686/2445 4853/3687/2683 4854/3688/2447
f 4854/3688/2447 4855/3689/2444 4852/3686/2445
f 4853/3687/2683 4852/3686/2445 4856/3690/2684
f 4856/3690/2684 4857/3691/2448 4853/3687/2683
f 4851/3685/2189 4850/3684/2682 4858/3692/2685
f 4858/3692/2685 4859/3693/2441 4851/3685/2189
f 4859/3693/2441 4858/3692/2685 4860/3694/2686
f 4860/3694/2686 4861/3695/2687 4859/3693/2441
f 4862/3696/2179 4863/3697/2428 4864/3698/2424
f 4864/3698/2424 4865/3699/2177 4862/3696/2179
f 4863/3697/2428 4862/3696/2179 4866/3700/2688
f 4866/3700/2688 4867/3701/2689 4863/3697/2428
f 4865/3699/2177 4864/3698/2424 4868/3702/2690
f 4868/3702/2690 4869/3703/2426 4865/3699/2177
f 4870/3704/2691 4871/3705/2431 4872/3706/2432
f 4872/3706/2432 4873/3707/2429 4870/3704/2691
f 4871/3705/2431 4870/3704/2691 4874/3708/2692
f 4874/3708/2692 4875/3709/2693 4871/3705/2431
f 4876/3710/2694 4877/3711/2695 4867/3701/2689
f 4867/3701/2689 4866/3700/2688 4876/3710/2694
f 4878/3712/2696 4879/3713/2697 4880/3714/2698
f 4880/3714/2698 4881/3715/2699 4878/3712/2696
f 4879/3713/2697 4878/3712/2696 4882/3716/2700
f 4882/3716/2700 4883/3717/2701 4879/3713/2697
f 4883/3717/2701 4882/3716/2700 4884/3718/2702
f 4884/3718/2702 4885/3719/2703 4883/3717/2701
f 4886/3720/2704 4887/3721/2705 4888/3722/2706
f 4888/3722/2706 4889/3723/2707 4886/3720/2704
f 4887/3721/2705 4886/3720/2704 4890/3724/2708
f 4890/3724/2708 4891/3725/2709 4887/3721/2705
f 4891/3725/2709 4890/3724/2708 4892/3726/2710
f 4892/3726/2710 4893/3727/2711 4891/3725/2709
f 4894/3728/2712 4895/3729/2713 4881/3715/2699
f 4881/3715/2699 4880/3714/2698 4894/3728/2712
f 4895/3729/2713 4894/3728/2712 4896/3730/2714
f 4896/3730/2714 4897/3731/2715 4895/3729/2713
f 4897/3731/2715 4896/3730/2714 4898/3732/2716
f 4898/3732/2716 4899/3733/2717 4897/3731/2715
f 4900/3734/2718 4901/3735/2719 4889/3723/2707
f 4889/3723/2707 4888/3722/2706 4900/3734/2718
f 4901/3735/2719 4900/3734/2718 4902/3736/2720
f 4902/3736/2720 4903/3737/2721 4901/3735/2719
f 4903/3737/2721 4902/3736/2720 4904/3738/2722
f 4904/3738/2722 4905/3739/2723 4903/3737/2721
f 4906/3740/2724 4907/3741/2725 4908/3742/2726
f 4908/3742/2726 4909/3743/2727 4906/3740/2724
f 4910/3744/2728 4911/3745/2729 4912/3746/2730
f 4912/3746/2730 4913/3747/2731 4910/3744/2728
f 4911/3745/2729 4910/3744/2728 4909/3743/2727
f 4909/3743/2727 4908/3742/2726 4911/3745/2729
f 4913/3747/2731 4912/3746/2730 4914/3748/2732
f 4914/3748/2732 4915/3749/2733 4913/3747/2731
f 4916/3750/2734 4917/3751/2735 4918/3752/2736
f 4918/3752/2736 4919/3753/2737 4916/3750/2734
f 4920/3754/2738 4921/3755/2739 4919/3753/2737
f 4919/3753/2737 4918/3752/2736 4920/3754/2738
f 4921/3755/2739 4920/3754/2738 4922/3756/2740
f 4922/3756/2740 4923/3757/2741 4921/3755/2739
f 4923/3757/2741 4922/3756/2740 4924/3758/2742
f 4924/3758/2742 4925/3759/2743 4923/3757/2741
f 4855/3689/2444 4854/3688/2447 4885/3719/2703
f 4885/3719/2703 4884/3718/2702 4855/3689/2444
f 4873/3707/2429 4872/3706/2432 4893/3727/2711
f 4893/3727/2711 4892/3726/2710 4873/3707/2429
f 4899/3733/2717 4898/3732/2716 4915/3749/2733
f 4915/3749/2733 4914/3748/2732 4899/3733/2717
f 4925/3759/2743 4924/3758/2742 4905/3739/2723
f 4905/3739/2723 4904/3738/2722 4925/3759/2743
f 4865/3699/2177 4870/3704/2691 4873/3707/2429
f 4873/3707/2429 4862/3696/2179 4865/3699/2177
f 4874/3708/2692 4870/3704/2691 4865/3699/2177
f 4865/3699/2177 4869/3703/2426 4874/3708/2692
f 4854/3688/2447 4853/3687/2683 4849/3683/2192
f 4849/3683/2192 4851/3685/2189 4854/3688/2447
f 4853/3687/2683 4857/3691/2448 4846/3680/2681
f 4846/3680/2681 4849/3683/2192 4853/3687/2683
f 4926/3760/2744 4895/3729/2713 4897/3731/2715
f 4897/3731/2715 4927/3761/2720 4926/3760/2744
f 4928/3762/2743 4914/3748/2732 4912/3746/2730
f 4912/3746/2730 4929/3763/2741 4928/3762/2743
f 4930/3764/2431 4852/3686/2445 4855/3689/2444
f 4855/3689/2444 4931/3765/2432 4930/3764/2431
f 4863/3697/2428 4850/3684/2682 4848/3682/2438
f 4848/3682/2438 4864/3698/2424 4863/3697/2428
f 4856/3690/2684 4852/3686/2445 4930/3764/2431
f 4930/3764/2431 4932/3766/2431 4856/3690/2684
f 4864/3698/2424 4848/3682/2438 4847/3681/2443
f 4847/3681/2443 4868/3702/2690 4864/3698/2424
f 4933/3767/2745 4882/3716/2700 4878/3712/2696
f 4878/3712/2696 4934/3768/2746 4933/3767/2745
f 4877/3711/2695 4860/3694/2686 4858/3692/2685
f 4858/3692/2685 4867/3701/2689 4877/3711/2695
f 4867/3701/2689 4858/3692/2685 4850/3684/2682
f 4850/3684/2682 4863/3697/2428 4867/3701/2689
f 4881/3715/2699 4895/3729/2713 4926/3760/2744
f 4926/3760/2744 4935/3769/2706 4881/3715/2699
f 4878/3712/2696 4881/3715/2699 4935/3769/2706
f 4935/3769/2706 4934/3768/2746 4878/3712/2696
f 4899/3733/2717 4914/3748/2732 4928/3762/2743
f 4928/3762/2743 4936/3770/2722 4899/3733/2717
f 4897/3731/2715 4899/3733/2717 4936/3770/2722
f 4936/3770/2722 4927/3761/2720 4897/3731/2715
f 4908/3742/2726 4907/3741/2725 4937/3771/2747
f 4937/3771/2747 4938/3772/2737 4908/3742/2726
f 4911/3745/2729 4908/3742/2726 4938/3772/2737
f 4938/3772/2737 4939/3773/2739 4911/3745/2729
f 4884/3718/2702 4882/3716/2700 4933/3767/2745
f 4933/3767/2745 4940/3774/2711 4884/3718/2702
f 4855/3689/2444 4884/3718/2702 4940/3774/2711
f 4940/3774/2711 4931/3765/2432 4855/3689/2444
f 4941/3775/2748 4905/3739/2723 4924/3758/2742
f 4924/3758/2742 4922/3756/2740 4941/3775/2748
f 4854/3688/2447 4851/3685/2189 4859/3693/2441
f 4854/3688/2447 4859/3693/2441 4861/3695/2687
f 4861/3695/2687 4885/3719/2703 4854/3688/2447
f 4862/3696/2179 4873/3707/2429 4892/3726/2710
f 4862/3696/2179 4892/3726/2710 4876/3710/2694
f 4876/3710/2694 4866/3700/2688 4862/3696/2179
f 4915/3749/2733 4898/3732/2716 4942/3776/10
f 4942/3776/10 4913/3747/2731 4915/3749/2733
f 4943/3777/2749 4906/3740/2724 4909/3743/2727
f 4909/3743/2727 4944/3778/2750 4943/3777/2749
f 4944/3778/2750 4909/3743/2727 4910/3744/2728
f 4910/3744/2728 4945/3779/2751 4944/3778/2750
f 4929/3763/2741 4912/3746/2730 4911/3745/2729
f 4911/3745/2729 4939/3773/2739 4929/3763/2741
f 4913/3747/2731 4942/3776/10 4945/3779/2751
f 4945/3779/2751 4910/3744/2728 4913/3747/2731
f 4845/3679/2680 4843/3677/2678 4918/3752/2736
f 4918/3752/2736 4917/3751/2735 4845/3679/2680
f 4843/3677/2678 4842/3676/2677 4920/3754/2738
f 4920/3754/2738 4918/3752/2736 4843/3677/2678
f 4941/3775/2748 4922/3756/2740 4920/3754/2738
f 4941/3775/2748 4920/3754/2738 4842/3676/2677
f 4842/3676/2677 4841/3675/2676 4941/3775/2748
f 4941/3775/2748 4901/3735/2719 4903/3737/2721
f 4903/3737/2721 4905/3739/2723 4941/3775/2748
f 4942/3776/10 4898/3732/2716 4896/3730/2714
f 4896/3730/2714 4894/3728/2712 4942/3776/10
f 4837/3671/2672 4946/3780/2752 4947/3781/2753
f 4947/3781/2753 4838/3672/2673 4837/3671/2672
f 4838/3672/2673 4947/3781/2753 4948/3782/2754
f 4948/3782/2754 4839/3673/2674 4838/3672/2673
f 4948/3782/2754 4949/3783/2755 4836/3670/1
f 4836/3670/1 4839/3673/2674 4948/3782/2754
f 4950/3784/2756 4951/3785/2757 4735/3578/2583
f 4735/3578/2583 4835/3669/2671 4950/3784/2756
f 4952/3786/2758 4738/3581/2586 4736/3579/2584
f 4736/3579/2584 4953/3787/2759 4952/3786/2758
f 4953/3787/2759 4736/3579/2584 4735/3578/2583
f 4735/3578/2583 4951/3785/2757 4953/3787/2759
f 4954/3788/2760 4754/3593/2600 4755/3594/2601
f 4755/3594/2601 4955/3789/2761 4954/3788/2760
f 4956/3790/2762 4771/3606/2616 4770/3605/2615
f 4801/3636/2646 4957/3791/2763 4958/3792/2764
f 4958/3792/2764 4802/3637/2647 4801/3636/2646
f 4811/3646/2656 4959/3793/2765 4960/3794/2766
f 4960/3794/2766 4812/3647/2657 4811/3646/2656
f 4783/3618/2628 4782/3617/2627 4961/3795/2767
f 4961/3795/2767 4950/3784/2756 4783/3618/2628
f 4957/3791/2763 4801/3636/2646 4831/3665/2669
f 4831/3665/2669 4962/3796/2768 4957/3791/2763
f 4770/3605/2615 4754/3593/2600 4954/3788/2760
f 4954/3788/2760 4956/3790/2762 4770/3605/2615
f 4777/3612/2622 4773/3608/2618 4963/3797/2769
f 4963/3797/2769 4964/3798/2770 4777/3612/2622
f 4961/3795/2767 4782/3617/2627 4784/3619/2629
f 4784/3619/2629 4965/3799/2771 4961/3795/2767
f 4949/3783/2755 4963/3797/2769 4773/3608/2618
f 4773/3608/2618 4772/3607/2617 4949/3783/2755
f 4955/3789/2761 4755/3594/2601 4779/3614/2624
f 4955/3789/2761 4779/3614/2624 4777/3612/2622
f 4777/3612/2622 4964/3798/2770 4955/3789/2761
f 4771/3606/2616 4965/3799/2771 4784/3619/2629
f 4784/3619/2629 4786/3621/2631 4771/3606/2616
f 4772/3607/2617 4789/3624/2634 4836/3670/1
f 4836/3670/1 4949/3783/2755 4772/3607/2617
f 4946/3780/2752 4837/3671/2672 4802/3637/2647
f 4802/3637/2647 4958/3792/2764 4946/3780/2752
f 4783/3618/2628 4950/3784/2756 4835/3669/2671
f 4835/3669/2671 4794/3629/2639 4783/3618/2628
f 4739/3582/2587 4738/3581/2772 4952/3786/2773
f 4739/3582/2587 4952/3786/2758 4959/3793/2765
f 4959/3793/2765 4811/3646/2656 4739/3582/2587
f 4966/3800/2774 4967/3801/2775 4943/3777/2749
f 4943/3777/2749 4944/3778/2750 4966/3800/2774
f 4968/3802/2776 4966/3800/2774 4944/3778/2750
f 4944/3778/2750 4945/3779/2751 4968/3802/2776
f 4942/3776/10 4969/3803/2777 4968/3802/2776
f 4968/3802/2776 4945/3779/2751 4942/3776/10
f 4841/3675/2676 4970/3804/2778 4971/3805/2779
f 4971/3805/2779 4941/3775/2748 4841/3675/2676
f 4840/3674/2675 4844/3678/2679 4972/3806/2780
f 4972/3806/2780 4973/3807/2781 4840/3674/2675
f 4841/3675/2676 4840/3674/2675 4973/3807/2781
f 4973/3807/2781 4970/3804/2778 4841/3675/2676
f 4861/3695/2687 4860/3694/2686 4974/3808/2782
f 4974/3808/2782 4975/3809/2783 4861/3695/2687
f 4976/3810/2784 4877/3711/2695 4876/3710/2694
f 4977/3811/2785 4978/3812/2786 4907/3741/2725
f 4907/3741/2725 4906/3740/2724 4977/3811/2785
f 4979/3813/2787 4980/3814/2788 4917/3751/2735
f 4917/3751/2735 4916/3750/2734 4979/3813/2787
f 4981/3815/2789 4886/3720/2704 4889/3723/2707
f 4889/3723/2707 4971/3805/2779 4981/3815/2789
f 4937/3771/2747 4907/3741/2725 4978/3812/2786
f 4978/3812/2786 4982/3816/2787 4937/3771/2747
f 4974/3808/2782 4860/3694/2686 4877/3711/2695
f 4877/3711/2695 4976/3810/2784 4974/3808/2782
f 4983/3817/2790 4879/3713/2697 4883/3717/2701
f 4883/3717/2701 4984/3818/2791 4983/3817/2790
f 4890/3724/2708 4886/3720/2704 4981/3815/2789
f 4981/3815/2789 4985/3819/2792 4890/3724/2708
f 4879/3713/2697 4983/3817/2790 4969/3803/2777
f 4969/3803/2777 4880/3714/2698 4879/3713/2697
f 4885/3719/2703 4861/3695/2687 4975/3809/2783
f 4885/3719/2703 4975/3809/2783 4984/3818/2791
f 4984/3818/2791 4883/3717/2701 4885/3719/2703
f 4890/3724/2708 4985/3819/2792 4876/3710/2694
f 4876/3710/2694 4892/3726/2710 4890/3724/2708
f 4942/3776/10 4894/3728/2712 4880/3714/2698
f 4880/3714/2698 4969/3803/2777 4942/3776/10
f 4906/3740/2724 4943/3777/2749 4967/3801/2775
f 4967/3801/2775 4977/3811/2785 4906/3740/2724
f 4941/3775/2748 4971/3805/2779 4889/3723/2707
f 4889/3723/2707 4901/3735/2719 4941/3775/2748
f 4972/3806/2793 4844/3678/2679 4845/3679/2794
f 4972/3806/2780 4845/3679/2680 4917/3751/2735
f 4917/3751/2735 4980/3814/2788 4972/3806/2780
f 4986/3820/2795 4963/3797/2769 4949/3783/2755
f 4949/3783/2755 4987/3821/2796 4986/3820/2795
f 4983/3817/2790 4988/3822/2795 4989/3823/2796
f 4989/3823/2796 4969/3803/2777 4983/3817/2790
f 4988/3822/2795 4983/3817/2790 4984/3818/2791
f 4984/3818/2791 4990/3824/2797 4988/3822/2795
f 4963/3797/2769 4986/3820/2795 4991/3825/2797
f 4991/3825/2797 4964/3798/2770 4963/3797/2769
f 4990/3824/2797 4984/3818/2791 4975/3809/2783
f 4975/3809/2783 4992/3826/2798 4990/3824/2797
f 4964/3798/2770 4991/3825/2797 4993/3827/2798
f 4993/3827/2798 4955/3789/2761 4964/3798/2770
f 4994/3828/2799 4961/3795/2767 4965/3799/2771
f 4965/3799/2771 4995/3829/2800 4994/3828/2799
f 4981/3815/2789 4996/3830/2799 4997/3831/2801
f 4997/3831/2801 4985/3819/2792 4981/3815/2789
f 4995/3829/2800 4965/3799/2771 4771/3606/2616
f 4771/3606/2616 4998/3832/2802 4995/3829/2800
f 4985/3819/2792 4997/3831/2801 4999/3833/2802
f 4999/3833/2802 4876/3710/2694 4985/3819/2792
f 4998/3832/2802 4771/3606/2616 4956/3790/2762
f 4956/3790/2762 5000/3834/2803 4998/3832/2802
f 4876/3710/2694 4999/3833/2802 5001/3835/2803
f 5001/3835/2803 4976/3810/2784 4876/3710/2694
f 5002/3836/2804 4947/3781/2753 4946/3780/2752
f 4946/3780/2752 5003/3837/2805 5002/3836/2804
f 4966/3800/2774 5004/3838/2804 5005/3839/2806
f 5005/3839/2806 4967/3801/2775 4966/3800/2774
f 5003/3837/2805 4946/3780/2752 4958/3792/2764
f 4958/3792/2764 5006/3840/2807 5003/3837/2805
f 4967/3801/2775 5005/3839/2806 5007/3841/2808
f 5007/3841/2808 4977/3811/2785 4967/3801/2775
f 5004/3838/2804 4966/3800/2774 4968/3802/2776
f 4968/3802/2776 5008/3842/2809 5004/3838/2804
f 4947/3781/2753 5002/3836/2804 5009/3843/2810
f 5009/3843/2810 4948/3782/2754 4947/3781/2753
f 5008/3842/2809 4968/3802/2776 4969/3803/2777
f 4969/3803/2777 4989/3823/2796 5008/3842/2809
f 4948/3782/2754 5009/3843/2810 4987/3821/2796
f 4987/3821/2796 4949/3783/2755 4948/3782/2754
f 4996/3830/2799 4981/3815/2789 4971/3805/2779
f 4971/3805/2779 5010/3844/2811 4996/3830/2799
f 4961/3795/2767 4994/3828/2799 5011/3845/2811
f 5011/3845/2811 4950/3784/2756 4961/3795/2767
f 5010/3844/2811 4971/3805/2779 4970/3804/2778
f 4970/3804/2778 5012/3846/2812 5010/3844/2811
f 4950/3784/2756 5011/3845/2811 5013/3847/2812
f 5013/3847/2812 4951/3785/2757 4950/3784/2756
f 5014/3848/2813 4952/3786/2758 4953/3787/2759
f 4953/3787/2759 5015/3849/2814 5014/3848/2813
f 4972/3806/2780 5016/3850/2813 5017/3851/2814
f 5017/3851/2814 4973/3807/2781 4972/3806/2780
f 5012/3846/2812 4970/3804/2778 4973/3807/2781
f 4973/3807/2781 5017/3851/2814 5012/3846/2812
f 4951/3785/2757 5013/3847/2812 5015/3849/2814
f 5015/3849/2814 4953/3787/2759 4951/3785/2757
f 4992/3826/2798 4975/3809/2783 4974/3808/2782
f 4974/3808/2782 5018/3852/2815 4992/3826/2798
f 4955/3789/2761 4993/3827/2798 5019/3853/2816
f 5019/3853/2816 4954/3788/2760 4955/3789/2761
f 5018/3852/2815 4974/3808/2782 4976/3810/2784
f 4976/3810/2784 5001/3835/2803 5018/3852/2815
f 4954/3788/2760 5019/3853/2816 5000/3834/2803
f 5000/3834/2803 4956/3790/2762 4954/3788/2760
f 5006/3840/2807 4958/3792/2764 4957/3791/2763
f 4957/3791/2763 5020/3854/2817 5006/3840/2807
f 4977/3811/2785 5007/3841/2808 5021/3855/2818
f 5021/3855/2818 4978/3812/2786 4977/3811/2785
f 5020/3854/2817 4957/3791/2763 4962/3796/2768
f 4962/3796/2768 5022/3856/2819 5020/3854/2817
f 4978/3812/2786 5021/3855/2818 5023/3857/2820
f 5023/3857/2820 4982/3816/2787 4978/3812/2786
f 5024/3858/2821 4960/3794/2766 4959/3793/2765
f 4959/3793/2765 5025/3859/2822 5024/3858/2821
f 4979/3813/2787 5026/3860/2819 5027/3861/2823
f 5027/3861/2823 4980/3814/2788 4979/3813/2787
f 5016/3850/2813 4972/3806/2780 4980/3814/2788
f 4980/3814/2788 5027/3861/2823 5016/3850/2813
f 4952/3786/2758 5014/3848/2813 5025/3859/2822
f 5025/3859/2822 4959/3793/2765 4952/3786/2758
f 5028/3862/2824 5029/3863/2825 5030/3864/2826
f 5030/3864/2826 5031/3865/2827 5028/3862/2824
f 5032/3866/2828 5028/3862/2824 5031/3865/2827
f 5031/3865/2827 5033/3867/2829 5032/3866/2828
f 5034/3006/2830 5035/3005/2831 5036/3868/2832
f 5036/3868/2832 5037/3869/2084 5034/3006/2830
f 5037/3869/2084 5036/3868/2832 5038/3870/2603
f 5038/3870/2603 5039/3871/2833 5037/3869/2084
f 5040/3872/2610 5041/3873/2611 5042/3874/2612
f 5042/3874/2612 5043/3875/2609 5040/3872/2610
f 5041/3873/2611 5040/3872/2610 5044/3014/2834
f 5044/3014/2834 5045/3015/2613 5041/3873/2611
f 5039/3871/2833 5038/3870/2603 5046/3876/2835
f 5046/3876/2835 5047/3877/2836 5039/3871/2833
f 5047/3877/2836 5046/3876/2835 5048/3878/2837
f 5048/3878/2837 5049/3879/2838 5047/3877/2836
f 5050/3880/2099 5051/3881/2592 5052/3882/2839
f 5052/3882/2839 5053/3883/2100 5050/3880/2099
f 5051/3881/2592 5050/3880/2099 5054/3884/2840
f 5054/3884/2840 5055/3885/2841 5051/3881/2592
f 5053/3883/2100 5052/3882/2839 5056/3026/2842
f 5056/3026/2842 5057/3027/2843 5053/3883/2100
f 5058/3886/2844 5059/3887/2595 5060/3888/2596
f 5060/3888/2596 5061/3889/2593 5058/3886/2844
f 5059/3887/2595 5058/3886/2844 5062/3032/2845
f 5062/3032/2845 5063/3033/2597 5059/3887/2595
f 5064/3890/2846 5065/3891/2847 5055/3885/2841
f 5055/3885/2841 5054/3884/2840 5064/3890/2846
f 5066/3892/2848 5067/3893/2849 5068/3894/2850
f 5068/3894/2850 5069/3895/2851 5066/3892/2848
f 5067/3893/2849 5066/3892/2848 5070/3896/2852
f 5070/3896/2852 5071/3897/2853 5067/3893/2849
f 5071/3897/2853 5070/3896/2852 5072/3898/2854
f 5072/3898/2854 5073/3899/2855 5071/3897/2853
f 5074/3900/2856 5075/3901/2857 5076/3902/2858
f 5076/3902/2858 5077/3903/2859 5074/3900/2856
f 5075/3901/2857 5074/3900/2856 5078/3904/2860
f 5078/3904/2860 5079/3905/2861 5075/3901/2857
f 5079/3905/2861 5078/3904/2860 5080/3906/2862
f 5080/3906/2862 5081/3907/2863 5079/3905/2861
f 5082/3908/2864 5083/3909/2865 5069/3895/2851
f 5069/3895/2851 5068/3894/2850 5082/3908/2864
f 5083/3909/2865 5082/3908/2864 5084/3910/2866
f 5084/3910/2866 5085/3911/2867 5083/3909/2865
f 5085/3911/2867 5084/3910/2866 5086/3912/2868
f 5086/3912/2868 5087/3913/2869 5085/3911/2867
f 5088/3914/2870 5089/3915/2871 5077/3903/2859
f 5077/3903/2859 5076/3902/2858 5088/3914/2870
f 5089/3915/2871 5088/3914/2870 5090/3916/2872
f 5090/3916/2872 5091/3917/2138 5089/3915/2871
f 5091/3917/2138 5090/3916/2872 5092/3918/2873
f 5092/3918/2873 5093/3919/2874 5091/3917/2138
f 5094/3920/2875 5095/3921/2876 5096/3922/2877
f 5096/3922/2877 5097/3923/2878 5094/3920/2875
f 5098/3924/2879 5099/3925/2880 5100/3926/2881
f 5100/3926/2881 5101/3927/2882 5098/3924/2879
f 5099/3925/2880 5098/3924/2879 5097/3923/2878
f 5097/3923/2878 5096/3922/2877 5099/3925/2880
f 5101/3927/2882 5100/3926/2881 5102/3928/2883
f 5102/3928/2883 5103/3929/2884 5101/3927/2882
f 5104/3930/2885 5105/3931/2886 5106/3932/2887
f 5106/3932/2887 5107/3933/2888 5104/3930/2885
f 5108/3934/2889 5109/3935/2890 5107/3933/2888
f 5107/3933/2888 5106/3932/2887 5108/3934/2889
f 5109/3935/2890 5108/3934/2889 5110/3936/2891
f 5110/3936/2891 5111/3937/2892 5109/3935/2890
f 5111/3937/2892 5110/3936/2891 5112/3938/2893
f 5112/3938/2893 5113/3939/2894 5111/3937/2892
f 5043/3875/2609 5042/3874/2612 5073/3899/2855
f 5073/3899/2855 5072/3898/2854 5043/3875/2609
f 5061/3889/2593 5060/3888/2596 5081/3907/2863
f 5081/3907/2863 5080/3906/2862 5061/3889/2593
f 5087/3913/2869 5086/3912/2868 5103/3929/2884
f 5103/3929/2884 5102/3928/2883 5087/3913/2869
f 5113/3939/2894 5112/3938/2893 5093/3919/2874
f 5093/3919/2874 5092/3918/2873 5113/3939/2894
f 5053/3883/2100 5058/3886/2844 5061/3889/2593
f 5061/3889/2593 5050/3880/2099 5053/3883/2100
f 5062/3032/2845 5058/3886/2844 5053/3883/2100
f 5053/3883/2100 5057/3027/2843 5062/3032/2845
f 5042/3874/2612 5041/3873/2611 5037/3869/2084
f 5037/3869/2084 5039/3871/2833 5042/3874/2612
f 5041/3873/2611 5045/3015/2613 5034/3006/2830
f 5034/3006/2830 5037/3869/2084 5041/3873/2611
f 5114/3940/2870 5083/3909/2865 5085/3911/2867
f 5085/3911/2867 5115/3941/2895 5114/3940/2870
f 5116/3942/2894 5102/3928/2883 5100/3926/2881
f 5100/3926/2881 5117/3943/2896 5116/3942/2894
f 5118/3944/2595 5040/3872/2610 5043/3875/2609
f 5043/3875/2609 5119/3945/2596 5118/3944/2595
f 5051/3881/2592 5038/3870/2603 5036/3868/2832
f 5036/3868/2832 5052/3882/2839 5051/3881/2592
f 5044/3014/2834 5040/3872/2610 5118/3944/2595
f 5118/3944/2595 5120/3090/2595 5044/3014/2834
f 5052/3882/2839 5036/3868/2832 5035/3005/2831
f 5035/3005/2831 5056/3026/2842 5052/3882/2839
f 5121/3946/2897 5070/3896/2852 5066/3892/2848
f 5066/3892/2848 5122/3947/2857 5121/3946/2897
f 5065/3891/2847 5048/3878/2837 5046/3876/2835
f 5046/3876/2835 5055/3885/2841 5065/3891/2847
f 5055/3885/2841 5046/3876/2835 5038/3870/2603
f 5038/3870/2603 5051/3881/2592 5055/3885/2841
f 5069/3895/2851 5083/3909/2865 5114/3940/2870
f 5114/3940/2870 5123/3948/2898 5069/3895/2851
f 5066/3892/2848 5069/3895/2851 5123/3948/2898
f 5123/3948/2898 5122/3947/2857 5066/3892/2848
f 5087/3913/2869 5102/3928/2883 5116/3942/2894
f 5116/3942/2894 5124/3949/2899 5087/3913/2869
f 5085/3911/2867 5087/3913/2869 5124/3949/2899
f 5124/3949/2899 5115/3941/2895 5085/3911/2867
f 5096/3922/2877 5095/3921/2876 5125/3950/2900
f 5125/3950/2900 5126/3951/2901 5096/3922/2877
f 5099/3925/2880 5096/3922/2877 5126/3951/2901
f 5126/3951/2901 5127/3952/2902 5099/3925/2880
f 5072/3898/2854 5070/3896/2852 5121/3946/2897
f 5121/3946/2897 5128/3953/2903 5072/3898/2854
f 5043/3875/2609 5072/3898/2854 5128/3953/2903
f 5128/3953/2903 5119/3945/2596 5043/3875/2609
f 5129/3954/2904 5093/3919/2874 5112/3938/2893
f 5112/3938/2893 5110/3936/2891 5129/3954/2904
f 5042/3874/2612 5039/3871/2833 5047/3877/2836
f 5042/3874/2612 5047/3877/2836 5049/3879/2838
f 5049/3879/2838 5073/3899/2855 5042/3874/2612
f 5050/3880/2099 5061/3889/2593 5080/3906/2862
f 5050/3880/2099 5080/3906/2862 5064/3890/2846
f 5064/3890/2846 5054/3884/2840 5050/3880/2099
f 5103/3929/2884 5086/3912/2868 5130/3955/40
f 5130/3955/40 5101/3927/2882 5103/3929/2884
f 5131/3956/2905 5094/3920/2875 5097/3923/2878
f 5097/3923/2878 5132/3957/2906 5131/3956/2905
f 5132/3957/2906 5097/3923/2878 5098/3924/2879
f 5098/3924/2879 5133/3958/2907 5132/3957/2906
f 5117/3943/2896 5100/3926/2881 5099/3925/2880
f 5099/3925/2880 5127/3952/2902 5117/3943/2896
f 5101/3927/2882 5130/3955/40 5133/3958/2907
f 5133/3958/2907 5098/3924/2879 5101/3927/2882
f 5033/3867/2829 5031/3865/2827 5106/3932/2887
f 5106/3932/2887 5105/3931/2886 5033/3867/2829
f 5031/3865/2827 5030/3864/2826 5108/3934/2889
f 5108/3934/2889 5106/3932/2887 5031/3865/2827
f 5129/3954/2904 5110/3936/2891 5108/3934/2889
f 5129/3954/2904 5108/3934/2889 5030/3864/2826
f 5030/3864/2826 5029/3863/2825 5129/3954/2904
f 5129/3954/2904 5089/3915/2871 5091/3917/2138
f 5091/3917/2138 5093/3919/2874 5129/3954/2904
f 5130/3955/40 5086/3912/2868 5084/3910/2866
f 5084/3910/2866 5082/3908/2864 5130/3955/40
f 5134/3959/2908 5135/3960/2909 5136/3961/2910
f 5136/3961/2910 5137/3962/2911 5134/3959/2908
f 5137/3962/2911 5136/3961/2910 5138/3963/2912
f 5138/3963/2912 5139/3964/2913 5137/3962/2911
f 5140/3965/2191 5141/3681/2914 5142/3680/2681
f 5142/3680/2681 5143/3966/2915 5140/3965/2191
f 5144/3967/2190 5140/3965/2191 5143/3966/2915
f 5143/3966/2915 5145/3968/2189 5144/3967/2190
f 5146/3969/2916 5147/3970/2446 5148/3971/2198
f 5148/3971/2198 5149/3972/2199 5146/3969/2916
f 5150/3690/2917 5148/3971/2198 5147/3970/2446
f 5147/3970/2446 5151/3691/2918 5150/3690/2917
f 5152/3973/2919 5144/3967/2190 5145/3968/2189
f 5145/3968/2189 5153/3974/2920 5152/3973/2919
f 5154/3975/2921 5152/3973/2919 5153/3974/2920
f 5153/3974/2920 5155/3976/2922 5154/3975/2921
f 5156/3977/2176 5157/3978/2178 5158/3979/2179
f 5158/3979/2179 5159/3980/2177 5156/3977/2176
f 5160/3981/2923 5158/3979/2179 5157/3978/2178
f 5157/3978/2178 5161/3982/2924 5160/3981/2923
f 5162/3702/2925 5156/3977/2176 5159/3980/2177
f 5159/3980/2177 5163/3703/2426 5162/3702/2925
f 5164/3983/2183 5165/3984/2180 5166/3985/2926
f 5166/3985/2926 5167/3986/2182 5164/3983/2183
f 5168/3708/2184 5166/3985/2926 5165/3984/2180
f 5165/3984/2180 5169/3709/2927 5168/3708/2184
f 5161/3982/2924 5170/3987/2928 5171/3988/2929
f 5171/3988/2929 5160/3981/2923 5161/3982/2924
f 5172/3989/2930 5173/3990/2931 5174/3991/2932
f 5174/3991/2932 5175/3992/2933 5172/3989/2930
f 5176/3993/2934 5174/3991/2932 5173/3990/2931
f 5173/3990/2931 5177/3994/2935 5176/3993/2934
f 5178/3995/2936 5176/3993/2934 5177/3994/2935
f 5177/3994/2935 5179/3996/2937 5178/3995/2936
f 5180/3997/2938 5181/3998/2939 5182/3999/2940
f 5182/3999/2940 5183/4000/2941 5180/3997/2938
f 5184/4001/2942 5182/3999/2940 5181/3998/2939
f 5181/3998/2939 5185/4002/2943 5184/4001/2942
f 5186/4003/2944 5184/4001/2942 5185/4002/2943
f 5185/4002/2943 5187/4004/2945 5186/4003/2944
f 5175/3992/2933 5188/4005/2946 5189/4006/2947
f 5189/4006/2947 5172/3989/2930 5175/3992/2933
f 5190/4007/2948 5189/4006/2947 5188/4005/2946
f 5188/4005/2946 5191/4008/2949 5190/4007/2948
f 5192/4009/2950 5190/4007/2948 5191/4008/2949
f 5191/4008/2949 5193/4010/2951 5192/4009/2950
f 5183/4000/2941 5194/4011/2952 5195/4012/2953
f 5195/4012/2953 5180/3997/2938 5183/4000/2941
f 5196/4013/2954 5195/4012/2953 5194/4011/2952
f 5194/4011/2952 5197/4014/2721 5196/4013/2954
f 5198/4015/2955 5196/4013/2954 5197/4014/2721
f 5197/4014/2721 5199/4016/2956 5198/4015/2955
f 5200/4017/2957 5201/4018/2958 5202/4019/2959
f 5202/4019/2959 5203/4020/2960 5200/4017/2957
f 5204/4021/2961 5205/4022/2962 5206/4023/2963
f 5206/4023/2963 5207/4024/2964 5204/4021/2961
f 5203/4020/2960 5206/4023/2963 5205/4022/2962
f 5205/4022/2962 5200/4017/2957 5203/4020/2960
f 5208/4025/2965 5204/4021/2961 5207/4024/2964
f 5207/4024/2964 5209/4026/2966 5208/4025/2965
f 5210/4027/2967 5211/4028/2968 5212/4029/2969
f 5212/4029/2969 5213/4030/2970 5210/4027/2967
f 5213/4030/2970 5214/4031/2971 5215/4032/2972
f 5215/4032/2972 5210/4027/2967 5213/4030/2970
f 5216/4033/2973 5215/4032/2972 5214/4031/2971
f 5214/4031/2971 5217/4034/2974 5216/4033/2973
f 5218/4035/2975 5216/4033/2973 5217/4034/2974
f 5217/4034/2974 5219/4036/2976 5218/4035/2975
f 5179/3996/2937 5146/3969/2916 5149/3972/2199
f 5149/3972/2199 5178/3995/2936 5179/3996/2937
f 5187/4004/2945 5164/3983/2183 5167/3986/2182
f 5167/3986/2182 5186/4003/2944 5187/4004/2945
f 5209/4026/2966 5192/4009/2950 5193/4010/2951
f 5193/4010/2951 5208/4025/2965 5209/4026/2966
f 5199/4016/2956 5218/4035/2975 5219/4036/2976
f 5219/4036/2976 5198/4015/2955 5199/4016/2956
f 5167/3986/2182 5166/3985/2926 5159/3980/2177
f 5159/3980/2177 5158/3979/2179 5167/3986/2182
f 5159/3980/2177 5166/3985/2926 5168/3708/2184
f 5168/3708/2184 5163/3703/2426 5159/3980/2177
f 5143/3966/2915 5147/3970/2446 5146/3969/2916
f 5146/3969/2916 5145/3968/2189 5143/3966/2915
f 5142/3680/2681 5151/3691/2918 5147/3970/2446
f 5147/3970/2446 5143/3966/2915 5142/3680/2681
f 5191/4008/2949 5188/4005/2946 5220/4037/2977
f 5220/4037/2977 5221/4038/2954 5191/4008/2949
f 5204/4021/2961 5208/4025/2965 5222/4039/2976
f 5222/4039/2976 5223/4040/2974 5204/4021/2961
f 5149/3972/2199 5148/3971/2198 5224/4041/2180
f 5224/4041/2180 5225/4042/2183 5149/3972/2199
f 5140/3965/2191 5144/3967/2190 5157/3978/2178
f 5157/3978/2178 5156/3977/2176 5140/3965/2191
f 5224/4041/2180 5148/3971/2198 5150/3690/2917
f 5150/3690/2917 5226/3766/2180 5224/4041/2180
f 5141/3681/2914 5140/3965/2191 5156/3977/2176
f 5156/3977/2176 5162/3702/2925 5141/3681/2914
f 5174/3991/2932 5176/3993/2934 5227/4043/2978
f 5227/4043/2978 5228/4044/2939 5174/3991/2932
f 5152/3973/2919 5154/3975/2921 5170/3987/2928
f 5170/3987/2928 5161/3982/2924 5152/3973/2919
f 5144/3967/2190 5152/3973/2919 5161/3982/2924
f 5161/3982/2924 5157/3978/2178 5144/3967/2190
f 5220/4037/2977 5188/4005/2946 5175/3992/2933
f 5175/3992/2933 5229/4045/2979 5220/4037/2977
f 5229/4045/2979 5175/3992/2933 5174/3991/2932
f 5174/3991/2932 5228/4044/2939 5229/4045/2979
f 5222/4039/2976 5208/4025/2965 5193/4010/2951
f 5193/4010/2951 5230/4046/2980 5222/4039/2976
f 5230/4046/2980 5193/4010/2951 5191/4008/2949
f 5191/4008/2949 5221/4038/2954 5230/4046/2980
f 5231/4047/2981 5201/4018/2958 5200/4017/2957
f 5200/4017/2957 5232/4048/2970 5231/4047/2981
f 5232/4048/2970 5200/4017/2957 5205/4022/2962
f 5205/4022/2962 5233/4049/2982 5232/4048/2970
f 5227/4043/2978 5176/3993/2934 5178/3995/2936
f 5178/3995/2936 5234/4050/2945 5227/4043/2978
f 5234/4050/2945 5178/3995/2936 5149/3972/2199
f 5149/3972/2199 5225/4042/2183 5234/4050/2945
f 5218/4035/2975 5199/4016/2956 5235/4051/2983
f 5235/4051/2983 5216/4033/2973 5218/4035/2975
f 5153/3974/2920 5145/3968/2189 5146/3969/2916
f 5153/3974/2920 5146/3969/2916 5179/3996/2937
f 5179/3996/2937 5155/3976/2922 5153/3974/2920
f 5186/4003/2944 5167/3986/2182 5158/3979/2179
f 5186/4003/2944 5158/3979/2179 5160/3981/2923
f 5160/3981/2923 5171/3988/2929 5186/4003/2944
f 5236/4052/10 5192/4009/2950 5209/4026/2966
f 5209/4026/2966 5207/4024/2964 5236/4052/10
f 5203/4020/2960 5202/4019/2959 5237/4053/2984
f 5237/4053/2984 5238/4054/2985 5203/4020/2960
f 5206/4023/2963 5203/4020/2960 5238/4054/2985
f 5238/4054/2985 5239/4055/2986 5206/4023/2963
f 5205/4022/2962 5204/4021/2961 5223/4040/2974
f 5223/4040/2974 5233/4049/2982 5205/4022/2962
f 5239/4055/2986 5236/4052/10 5207/4024/2964
f 5207/4024/2964 5206/4023/2963 5239/4055/2986
f 5210/4027/2967 5137/3962/2911 5139/3964/2913
f 5139/3964/2913 5211/4028/2968 5210/4027/2967
f 5215/4032/2972 5134/3959/2908 5137/3962/2911
f 5137/3962/2911 5210/4027/2967 5215/4032/2972
f 5215/4032/2972 5216/4033/2973 5235/4051/2983
f 5215/4032/2972 5235/4051/2983 5135/3960/2909
f 5135/3960/2909 5134/3959/2908 5215/4032/2972
f 5197/4014/2721 5194/4011/2952 5235/4051/2983
f 5235/4051/2983 5199/4016/2956 5197/4014/2721
f 5190/4007/2948 5192/4009/2950 5236/4052/10
f 5236/4052/10 5189/4006/2947 5190/4007/2948
f 5240/4056/2987 5241/4057/2988 5131/3956/2905
f 5131/3956/2905 5132/3957/2906 5240/4056/2987
f 5242/4058/2989 5240/4056/2987 5132/3957/2906
f 5132/3957/2906 5133/3958/2907 5242/4058/2989
f 5130/3955/40 5243/4059/2990 5242/4058/2989
f 5242/4058/2989 5133/3958/2907 5130/3955/40
f 5029/3863/2825 5244/4060/2991 5245/4061/2992
f 5245/4061/2992 5129/3954/2904 5029/3863/2825
f 5028/3862/2824 5032/3866/2828 5246/4062/2993
f 5246/4062/2993 5247/4063/2994 5028/3862/2824
f 5029/3863/2825 5028/3862/2824 5247/4063/2994
f 5247/4063/2994 5244/4060/2991 5029/3863/2825
f 5049/3879/2838 5048/3878/2837 5248/4064/2995
f 5248/4064/2995 5249/4065/2996 5049/3879/2838
f 5250/4066/2997 5065/3891/2847 5064/3890/2846
f 5251/4067/2998 5252/4068/2999 5095/3921/2876
f 5095/3921/2876 5094/3920/2875 5251/4067/2998
f 5253/4069/3000 5254/4070/3001 5105/3931/2886
f 5105/3931/2886 5104/3930/2885 5253/4069/3000
f 5255/4071/3002 5074/3900/2856 5077/3903/2859
f 5077/3903/2859 5245/4061/2992 5255/4071/3002
f 5125/3950/2900 5095/3921/2876 5252/4068/2999
f 5252/4068/2999 5256/4072/3000 5125/3950/2900
f 5248/4064/2995 5048/3878/2837 5065/3891/2847
f 5065/3891/2847 5250/4066/2997 5248/4064/2995
f 5257/4073/3003 5067/3893/2849 5071/3897/2853
f 5071/3897/2853 5258/4074/3004 5257/4073/3003
f 5078/3904/2860 5074/3900/2856 5255/4071/3002
f 5255/4071/3002 5259/4075/3005 5078/3904/2860
f 5067/3893/2849 5257/4073/3003 5243/4059/2990
f 5243/4059/2990 5068/3894/2850 5067/3893/2849
f 5073/3899/2855 5049/3879/2838 5249/4065/2996
f 5073/3899/2855 5249/4065/2996 5258/4074/3004
f 5258/4074/3004 5071/3897/2853 5073/3899/2855
f 5078/3904/2860 5259/4075/3005 5064/3890/2846
f 5064/3890/2846 5080/3906/2862 5078/3904/2860
f 5130/3955/40 5082/3908/2864 5068/3894/2850
f 5068/3894/2850 5243/4059/2990 5130/3955/40
f 5094/3920/2875 5131/3956/2905 5241/4057/2988
f 5241/4057/2988 5251/4067/2998 5094/3920/2875
f 5129/3954/2904 5245/4061/2992 5077/3903/2859
f 5077/3903/2859 5089/3915/2871 5129/3954/2904
f 5246/4062/3006 5032/3866/2828 5033/3867/2829
f 5246/4062/2993 5033/3867/2829 5105/3931/2886
f 5105/3931/2886 5254/4070/3001 5246/4062/2993
f 5237/4053/2984 5260/4076/3007 5261/4077/3008
f 5261/4077/3008 5238/4054/2985 5237/4053/2984
f 5238/4054/2985 5261/4077/3008 5262/4078/3009
f 5262/4078/3009 5239/4055/2986 5238/4054/2985
f 5262/4078/3009 5263/4079/3010 5236/4052/10
f 5236/4052/10 5239/4055/2986 5262/4078/3009
f 5264/4080/3011 5265/4081/3012 5135/3960/2909
f 5135/3960/2909 5235/4051/2983 5264/4080/3011
f 5266/4082/3013 5138/3963/2912 5136/3961/2910
f 5136/3961/2910 5267/4083/3014 5266/4082/3013
f 5267/4083/3014 5136/3961/2910 5135/3960/2909
f 5135/3960/2909 5265/4081/3012 5267/4083/3014
f 5268/4084/3015 5154/3975/2921 5155/3976/2922
f 5155/3976/2922 5269/4085/3016 5268/4084/3015
f 5270/4086/3017 5171/3988/2929 5170/3987/2928
f 5201/4018/2958 5271/4087/3018 5272/4088/3019
f 5272/4088/3019 5202/4019/2959 5201/4018/2958
f 5211/4028/2968 5273/4089/3020 5274/4090/3021
f 5274/4090/3021 5212/4029/2969 5211/4028/2968
f 5183/4000/2941 5182/3999/2940 5275/4091/3022
f 5275/4091/3022 5264/4080/3011 5183/4000/2941
f 5271/4087/3018 5201/4018/2958 5231/4047/2981
f 5231/4047/2981 5276/4092/3021 5271/4087/3018
f 5170/3987/2928 5154/3975/2921 5268/4084/3015
f 5268/4084/3015 5270/4086/3017 5170/3987/2928
f 5177/3994/2935 5173/3990/2931 5277/4093/3023
f 5277/4093/3023 5278/4094/3024 5177/3994/2935
f 5275/4091/3022 5182/3999/2940 5184/4001/2942
f 5184/4001/2942 5279/4095/3025 5275/4091/3022
f 5263/4079/3010 5277/4093/3023 5173/3990/2931
f 5173/3990/2931 5172/3989/2930 5263/4079/3010
f 5269/4085/3016 5155/3976/2922 5179/3996/2937
f 5269/4085/3016 5179/3996/2937 5177/3994/2935
f 5177/3994/2935 5278/4094/3024 5269/4085/3016
f 5171/3988/2929 5279/4095/3025 5184/4001/2942
f 5184/4001/2942 5186/4003/2944 5171/3988/2929
f 5172/3989/2930 5189/4006/2947 5236/4052/10
f 5236/4052/10 5263/4079/3010 5172/3989/2930
f 5260/4076/3007 5237/4053/2984 5202/4019/2959
f 5202/4019/2959 5272/4088/3019 5260/4076/3007
f 5183/4000/2941 5264/4080/3011 5235/4051/2983
f 5235/4051/2983 5194/4011/2952 5183/4000/2941
f 5139/3964/2913 5138/3963/3026 5266/4082/3027
f 5139/3964/2913 5266/4082/3013 5273/4089/3020
f 5273/4089/3020 5211/4028/2968 5139/3964/2913
f 5243/4059/2990 5257/4073/3003 5280/4096/3028
f 5280/4096/3028 5281/4097/3029 5243/4059/2990
f 5282/4098/3029 5283/4099/3028 5277/4093/3023
f 5277/4093/3023 5263/4079/3010 5282/4098/3029
f 5278/4094/3024 5277/4093/3023 5283/4099/3028
f 5283/4099/3028 5284/4100/3030 5278/4094/3024
f 5285/4101/3030 5280/4096/3028 5257/4073/3003
f 5257/4073/3003 5258/4074/3004 5285/4101/3030
f 5269/4085/3016 5278/4094/3024 5284/4100/3030
f 5284/4100/3030 5286/4102/3031 5269/4085/3016
f 5287/4103/3032 5285/4101/3030 5258/4074/3004
f 5258/4074/3004 5249/4065/2996 5287/4103/3032
f 5259/4075/3005 5255/4071/3002 5288/4104/3033
f 5288/4104/3033 5289/4105/3034 5259/4075/3005
f 5290/4106/3035 5291/4107/3033 5275/4091/3022
f 5275/4091/3022 5279/4095/3025 5290/4106/3035
f 5064/3890/2846 5259/4075/3005 5289/4105/3034
f 5289/4105/3034 5292/4108/3036 5064/3890/2846
f 5293/4109/3036 5290/4106/3035 5279/4095/3025
f 5279/4095/3025 5171/3988/2929 5293/4109/3036
f 5250/4066/2997 5064/3890/2846 5292/4108/3036
f 5292/4108/3036 5294/4110/3037 5250/4066/2997
f 5295/4111/3037 5293/4109/3036 5171/3988/2929
f 5171/3988/2929 5270/4086/3017 5295/4111/3037
f 5241/4057/2988 5240/4056/2987 5296/4112/3038
f 5296/4112/3038 5297/4113/3039 5241/4057/2988
f 5298/4114/3040 5299/4115/3041 5261/4077/3008
f 5261/4077/3008 5260/4076/3007 5298/4114/3040
f 5251/4067/2998 5241/4057/2988 5297/4113/3039
f 5297/4113/3039 5300/4116/3042 5251/4067/2998
f 5301/4117/3042 5298/4114/3040 5260/4076/3007
f 5260/4076/3007 5272/4088/3019 5301/4117/3042
f 5262/4078/3009 5261/4077/3008 5299/4115/3041
f 5299/4115/3041 5302/4118/3043 5262/4078/3009
f 5303/4119/3043 5296/4112/3038 5240/4056/2987
f 5240/4056/2987 5242/4058/2989 5303/4119/3043
f 5263/4079/3010 5262/4078/3009 5302/4118/3043
f 5302/4118/3043 5282/4098/3029 5263/4079/3010
f 5281/4097/3029 5303/4119/3043 5242/4058/2989
f 5242/4058/2989 5243/4059/2990 5281/4097/3029
f 5264/4080/3011 5275/4091/3022 5291/4107/3033
f 5291/4107/3033 5304/4120/3044 5264/4080/3011
f 5305/4121/3044 5288/4104/3033 5255/4071/3002
f 5255/4071/3002 5245/4061/2992 5305/4121/3044
f 5265/4081/3012 5264/4080/3011 5304/4120/3044
f 5304/4120/3044 5306/4122/3045 5265/4081/3012
f 5307/4123/3045 5305/4121/3044 5245/4061/2992
f 5245/4061/2992 5244/4060/2991 5307/4123/3045
f 5247/4063/2994 5246/4062/2993 5308/4124/3046
f 5308/4124/3046 5309/4125/3047 5247/4063/2994
f 5310/4126/3047 5311/4127/3046 5266/4082/3013
f 5266/4082/3013 5267/4083/3014 5310/4126/3047
f 5267/4083/3014 5265/4081/3012 5306/4122/3045
f 5306/4122/3045 5310/4126/3047 5267/4083/3014
f 5309/4125/3047 5307/4123/3045 5244/4060/2991
f 5244/4060/2991 5247/4063/2994 5309/4125/3047
f 5268/4084/3015 5269/4085/3016 5286/4102/3031
f 5286/4102/3031 5312/4128/3048 5268/4084/3015
f 5313/4129/3048 5287/4103/3032 5249/4065/2996
f 5249/4065/2996 5248/4064/2995 5313/4129/3048
f 5270/4086/3017 5268/4084/3015 5312/4128/3048
f 5312/4128/3048 5295/4111/3037 5270/4086/3017
f 5294/4110/3037 5313/4129/3048 5248/4064/2995
f 5248/4064/2995 5250/4066/2997 5294/4110/3037
f 5252/4068/2999 5251/4067/2998 5300/4116/3042
f 5300/4116/3042 5314/4130/3049 5252/4068/2999
f 5315/4131/3050 5301/4117/3042 5272/4088/3019
f 5272/4088/3019 5271/4087/3018 5315/4131/3050
f 5256/4072/3000 5252/4068/2999 5314/4130/3049
f 5314/4130/3049 5316/4132/3051 5256/4072/3000
f 5317/4133/3052 5315/4131/3050 5271/4087/3018
f 5271/4087/3018 5276/4092/3021 5317/4133/3052
f 5254/4070/3001 5253/4069/3000 5318/4134/3051
f 5318/4134/3051 5319/4135/3053 5254/4070/3001
f 5320/4136/3054 5321/4137/3055 5274/4090/3021
f 5274/4090/3021 5273/4089/3020 5320/4136/3054
f 5273/4089/3020 5266/4082/3013 5311/4127/3046
f 5311/4127/3046 5320/4136/3054 5273/4089/3020
f 5319/4135/3053 5308/4124/3046 5246/4062/2993
f 5246/4062/2993 5254/4070/3001 5319/4135/3053
f 5322/4138/1908 5323/4139/3056 5324/4140/3057
f 5324/4140/3057 5325/4141/3058 5322/4138/1908
f 5325/4141/3058 5324/4140/3057 5326/4142/3059
f 5326/4142/3059 5327/4143/3060 5325/4141/3058
f 5328/4144/3061 5329/4145/3062 5330/4146/3063
f 5330/4146/3063 5331/4147/3064 5328/4144/3061
f 5331/4147/3064 5330/4146/3063 5323/4139/3056
f 5323/4139/3056 5332/4148/3065 5331/4147/3064
f 5333/4149/3066 5334/4150/3067 5335/4151/3068
f 5335/4151/3068 5336/4152/8 5333/4149/3066
f 5336/4152/8 5335/4151/3068 5332/4148/3065
f 5332/4148/3065 5337/4153/3069 5336/4152/8
f 5338/4154/3070 5339/4155/3071 5340/4156/3072
f 5340/4156/3072 5341/4157/3073 5338/4154/3070
f 5341/4157/3073 5340/4156/3072 5342/4158/3074
f 5342/4158/3074 5343/4159/3075 5341/4157/3073
f 5344/4160/3076 5345/4161/3077 5346/4162/3078
f 5346/4162/3078 5347/4163/3079 5344/4160/3076
f 5347/4163/3079 5346/4162/3078 5339/4155/3071
f 5339/4155/3071 5348/4164/1962 5347/4163/3079
f 5349/4165/3080 5338/4154/3070 5350/4166/3081
f 5350/4166/3081 5351/4167/3082 5349/4165/3080
f 5351/4167/3082 5350/4166/3081 5352/4168/3083
f 5352/4168/3083 5353/4169/3084 5351/4167/3082
f 5354/4170/3085 5355/4171/3086 5356/4172/3087
f 5356/4172/3087 5357/4173/3088 5354/4170/3085
f 5357/4173/3088 5356/4172/3087 5358/4174/3089
f 5358/4174/3089 5359/4175/3090 5357/4173/3088
f 5360/4176/3091 5361/4177/3092 5362/4178/3093
f 5362/4178/3093 5363/4179/3094 5360/4176/3091
f 5363/4179/3094 5362/4178/3093 5364/4180/3095
f 5364/4180/3095 5365/4181/3096 5363/4179/3094
f 5348/4164/1962 5339/4155/3071 5338/4154/3070
f 5338/4154/3070 5349/4165/3080 5348/4164/1962
f 5332/4148/3065 5323/4139/3056 5322/4138/1908
f 5322/4138/1908 5337/4153/3069 5332/4148/3065
f 5365/4181/3096 5364/4180/3095 5348/4164/1962
f 5348/4164/1962 5349/4165/3080 5365/4181/3096
f 5322/4138/1908 5355/4171/3086 5354/4170/3085
f 5354/4170/3085 5337/4153/3069 5322/4138/1908
f 5355/4171/3086 5322/4138/1908 5325/4141/3058
f 5325/4141/3058 5366/4182/3097 5355/4171/3086
f 5366/4182/3097 5325/4141/3058 5327/4143/3060
f 5327/4143/3060 5367/4183/3098 5366/4182/3097
f 5368/4184/3099 5333/4149/3066 5336/4152/8
f 5336/4152/8 5369/4185/3100 5368/4184/3099
f 5369/4185/3100 5336/4152/8 5337/4153/3069
f 5337/4153/3069 5354/4170/3085 5369/4185/3100
f 5370/4186/3101 5344/4160/3076 5347/4163/3079
f 5347/4163/3079 5371/4187/3102 5370/4186/3101
f 5371/4187/3102 5347/4163/3079 5348/4164/1962
f 5348/4164/1962 5364/4180/3095 5371/4187/3102
f 5365/4181/3096 5349/4165/3080 5351/4167/3082
f 5351/4167/3082 5372/4188/3103 5365/4181/3096
f 5372/4188/3103 5351/4167/3082 5353/4169/3084
f 5353/4169/3084 5373/4189/3104 5372/4188/3103
f 5374/4190/1868 5330/4146/3063 5329/4145/3062
f 5329/4145/3062 5375/4191/3105 5374/4190/1868
f 5376/4190/1868 5377/4192/3105 5378/4142/3106
f 5326/4142/3059 5324/4140/3057 5374/4190/1868
f 5374/4190/1868 5324/4140/3057 5323/4139/3056
f 5323/4139/3056 5330/4146/3063 5374/4190/1868
f 5379/4193/3107 5335/4151/3068 5334/4150/3067
f 5380/4150/3067 5381/4194/3108 5382/4193/3107
f 5379/4193/3107 5383/4195/3108 5328/4144/3061
f 5328/4144/3061 5331/4147/3064 5379/4193/3107
f 5379/4193/3107 5331/4147/3064 5332/4148/3065
f 5332/4148/3065 5335/4151/3068 5379/4193/3107
f 5384/4196/3109 5346/4162/3078 5345/4161/3077
f 5385/4161/3110 5386/4197/3111 5387/4196/3112
f 5384/4196/3109 5388/4198/3111 5342/4158/3074
f 5342/4158/3074 5340/4156/3072 5384/4196/3109
f 5384/4196/3109 5340/4156/3072 5339/4155/3071
f 5339/4155/3071 5346/4162/3078 5384/4196/3109
f 5389/4199/3113 5341/4157/3073 5343/4159/3075
f 5343/4159/3075 5390/4200/3114 5389/4199/3113
f 5391/4199/3115 5392/4201/3114 5393/4168/3116
f 5352/4168/3083 5350/4166/3081 5389/4199/3113
f 5389/4199/3113 5350/4166/3081 5338/4154/3070
f 5338/4154/3070 5341/4157/3073 5389/4199/3113
f 5394/4202/3117 5366/4182/3097 5367/4183/3098
f 5395/4183/3098 5396/4203/3118 5397/4202/3117
f 5394/4202/3117 5398/4204/3118 5358/4174/3089
f 5358/4174/3089 5356/4172/3087 5394/4202/3117
f 5394/4202/3117 5356/4172/3087 5355/4171/3086
f 5355/4171/3086 5366/4182/3097 5394/4202/3117
f 5399/4205/3119 5357/4173/3088 5359/4175/3090
f 5359/4175/3090 5400/4206/3120 5399/4205/3119
f 5401/4205/3119 5402/4207/3121 5403/4184/3099
f 5368/4184/3099 5369/4185/3100 5399/4205/3119
f 5399/4205/3119 5369/4185/3100 5354/4170/3085
f 5354/4170/3085 5357/4173/3088 5399/4205/3119
f 5404/4208/3122 5362/4178/3093 5361/4177/3092
f 5361/4177/3092 5405/4209/3123 5404/4208/3122
f 5406/4208/3122 5407/4210/3124 5408/4186/3101
f 5370/4186/3101 5371/4187/3102 5404/4208/3122
f 5404/4208/3122 5371/4187/3102 5364/4180/3095
f 5364/4180/3095 5362/4178/3093 5404/4208/3122
f 5409/4211/3125 5372/4188/3103 5373/4189/3104
f 5410/4189/3104 5411/4212/3126 5412/4211/3125
f 5409/4211/3125 5413/4213/3126 5360/4176/3091
f 5360/4176/3091 5363/4179/3094 5409/4211/3125
f 5409/4211/3125 5363/4179/3094 5365/4181/3096
f 5365/4181/3096 5372/4188/3103 5409/4211/3125
f 5414/4214/3127 5415/4215/3128 5416/4216/3129
f 5416/4216/3129 5417/4217/3130 5414/4214/3127
f 5417/4217/3130 5416/4216/3129 5418/4218/3131
f 5418/4218/3131 5419/4219/3132 5417/4217/3130
f 5420/4220/3133 5421/4221/3134 5422/4222/3135
f 5422/4222/3135 5423/4223/3136 5420/4220/3133
f 5423/4223/3136 5422/4222/3135 5424/4224/3137
f 5425/4224/3138 5426/4225/3139 5427/4223/3136
f 5428/4226/3140 5429/4227/3141 5430/4228/3142
f 5430/4228/3142 5431/4229/3143 5428/4226/3140
f 5432/4230/3144 5433/4231/3145 5434/4232/3146
f 5434/4232/3146 5435/4233/3147 5432/4230/3144
f 5436/4234/3148 5437/4235/3149 5438/4236/3150
f 5438/4236/3150 5439/4237/3151 5436/4234/3148
f 5440/4238/3152 5441/4239/3153 5442/4240/3154
f 5442/4240/3154 5443/4241/3155 5440/4238/3152
f 5444/4242/3156 5445/4243/3157 5446/4244/3158
f 5446/4244/3158 5447/4245/3159 5444/4242/3156
f 5447/4245/3159 5446/4244/3158 5448/4246/3160
f 5449/4246/3160 5450/4247/3161 5451/4245/3162
f 5452/4248/3163 5453/4249/3164 5454/4250/3165
f 5454/4250/3165 5455/4251/3166 5452/4248/3163
f 5455/4251/3166 5454/4250/3165 5456/4252/3167
f 5456/4252/3167 5457/4253/3168 5455/4251/3166
f 5458/4254/3169 5459/4255/3170 5460/4256/3171
f 5460/4256/3171 5461/4257/3172 5458/4254/3169
f 5462/4258/3173 5463/4259/3174 5464/4260/3175
f 5464/4260/3175 5465/4261/3176 5462/4258/3173
f 5466/4262/3177 5467/4263/3178 5468/4264/3179
f 5468/4264/3179 5469/4265/3180 5466/4262/3177
f 5470/4266/3180 5471/4267/3181 5472/4268/3182
f 5472/4268/3182 5473/4269/3183 5470/4266/3180
f 5474/4270/3184 5378/4142/3106 5377/4192/3105
f 5475/4192/3105 5476/4271/3131 5477/4270/3185
f 5418/4218/3131 5375/4191/3105 5329/4145/3062
f 5329/4145/3062 5419/4219/3132 5418/4218/3131
f 5478/4272/3186 5328/4144/3061 5383/4195/3108
f 5383/4195/3108 5479/4273/3187 5478/4272/3186
f 5480/4224/3188 5381/4194/3108 5380/4150/3067
f 5334/4150/3067 5481/4225/3139 5482/4224/3138
f 5483/4274/3189 5393/4168/3116 5392/4201/3114
f 5484/4201/3190 5485/4275/3154 5486/4274/3189
f 5442/4240/3154 5390/4200/3114 5343/4159/3075
f 5343/4159/3075 5443/4241/3155 5442/4240/3154
f 5487/4276/3191 5358/4174/3089 5398/4204/3118
f 5398/4204/3118 5488/4277/3160 5487/4276/3191
f 5449/4246/3160 5396/4203/3118 5395/4183/3098
f 5395/4183/3098 5450/4247/3161 5449/4246/3160
f 5489/4278/3192 5403/4184/3099 5402/4207/3121
f 5402/4207/3121 5490/4279/3167 5489/4278/3192
f 5456/4252/3167 5400/4206/3120 5359/4175/3090
f 5359/4175/3090 5457/4253/3168 5456/4252/3167
f 5491/4280/3193 5408/4186/3101 5407/4210/3124
f 5492/4210/3194 5493/4281/3182 5494/4280/3195
f 5472/4268/3182 5405/4209/3123 5361/4177/3092
f 5361/4177/3092 5473/4269/3183 5472/4268/3182
f 5443/4241/3155 5343/4159/3075 5342/4158/3074
f 5342/4158/3074 5428/4226/3140 5443/4241/3155
f 5329/4145/3062 5328/4144/3061 5478/4272/3186
f 5478/4272/3186 5419/4219/3132 5329/4145/3062
f 5414/4214/3127 5495/4282/3196 5436/4234/3148
f 5436/4234/3148 5435/4233/3147 5414/4214/3127
f 5327/4143/3060 5326/4142/3059 5477/4270/3185
f 5477/4270/3185 5496/4283/3197 5327/4143/3060
f 5497/4284/3198 5498/4285/3199 5499/4286/3200
f 5499/4286/3200 5500/4287/3201 5497/4284/3198
f 5501/4288/3202 5385/4161/3110 5344/4160/3076
f 5344/4160/3076 5502/4289/3203 5501/4288/3202
f 5483/4274/3189 5503/4290/3204 5504/4169/3205
f 5504/4169/3205 5393/4168/3116 5483/4274/3189
f 5505/4220/3206 5506/4291/3207 5507/4292/3208
f 5507/4292/3208 5508/4293/3209 5505/4220/3206
f 5334/4150/3067 5333/4149/3066 5509/4294/3210
f 5509/4294/3210 5481/4225/3139 5334/4150/3067
f 5361/4177/3092 5360/4176/3091 5458/4254/3169
f 5458/4254/3169 5473/4269/3183 5361/4177/3092
f 5457/4253/3168 5359/4175/3090 5358/4174/3089
f 5358/4174/3089 5487/4276/3191 5457/4253/3168
f 5465/4261/3176 5452/4248/3163 5510/4295/3211
f 5510/4295/3211 5466/4262/3177 5465/4261/3176
f 5511/4247/3161 5367/4183/3098 5327/4143/3060
f 5327/4143/3060 5496/4283/3197 5511/4247/3161
f 5512/4296/3212 5444/4242/3156 5497/4284/3198
f 5497/4284/3198 5500/4287/3201 5512/4296/3212
f 5344/4160/3076 5408/4186/3101 5491/4280/3193
f 5491/4280/3193 5502/4289/3203 5344/4160/3076
f 5504/4169/3205 5503/4290/3204 5513/4297/3213
f 5513/4297/3213 5410/4189/3104 5504/4169/3205
f 5507/4292/3208 5506/4291/3207 5514/4298/3214
f 5515/4298/3214 5516/4299/3215 5517/4292/3208
f 5509/4294/3210 5333/4149/3066 5368/4184/3099
f 5368/4184/3099 5518/4278/3192 5509/4294/3210
f 5519/4286/3200 5520/4285/3216 5521/4300/3128
f 5521/4300/3128 5522/4301/3146 5519/4286/3200
f 5434/4232/3146 5415/4215/3128 5414/4214/3127
f 5414/4214/3127 5435/4233/3147 5434/4232/3146
f 5428/4226/3140 5342/4158/3074 5388/4198/3111
f 5388/4198/3111 5429/4227/3141 5428/4226/3140
f 5523/4302/3217 5386/4197/3111 5385/4161/3110
f 5385/4161/3110 5501/4288/3202 5523/4302/3217
f 5524/4234/3218 5525/4282/3219 5526/4303/3134
f 5527/4303/3134 5437/4235/3149 5436/4234/3148
f 5528/4304/3149 5421/4221/3134 5420/4220/3133
f 5529/4220/3133 5530/4293/3209 5531/4304/3149
f 5516/4299/3215 5515/4298/3214 5532/4305/3220
f 5532/4305/3220 5533/4306/3221 5516/4299/3215
f 5464/4260/3175 5453/4249/3164 5452/4248/3163
f 5452/4248/3163 5465/4261/3176 5464/4260/3175
f 5466/4262/3177 5510/4295/3211 5534/4307/3157
f 5534/4307/3157 5467/4263/3178 5466/4262/3177
f 5535/4308/3178 5445/4243/3157 5444/4242/3156
f 5536/4242/3222 5537/4296/3212 5538/4308/3223
f 5458/4254/3169 5360/4176/3091 5413/4213/3126
f 5413/4213/3126 5459/4255/3170 5458/4254/3169
f 5539/4309/3170 5411/4212/3126 5410/4189/3104
f 5410/4189/3104 5513/4297/3213 5539/4309/3170
f 5496/4283/3197 5477/4270/3185 5540/4310/3224
f 5540/4310/3224 5541/4311/3225 5496/4283/3197
f 5541/4311/3225 5540/4310/3224 5498/4285/3199
f 5498/4285/3199 5497/4284/3198 5541/4311/3225
f 5542/4300/3128 5498/4285/3199 5540/4310/3224
f 5540/4310/3224 5543/4312/3129 5542/4300/3128
f 5543/4312/3129 5540/4310/3224 5477/4270/3185
f 5477/4270/3185 5476/4271/3131 5543/4312/3129
f 5495/4282/3196 5414/4214/3127 5417/4217/3130
f 5417/4217/3130 5544/4313/3226 5495/4282/3196
f 5544/4313/3226 5417/4217/3130 5419/4219/3132
f 5419/4219/3132 5478/4272/3186 5544/4313/3226
f 5545/4303/3134 5495/4282/3196 5544/4313/3226
f 5544/4313/3226 5546/4314/3135 5545/4303/3134
f 5546/4314/3135 5544/4313/3226 5478/4272/3186
f 5478/4272/3186 5479/4273/3187 5546/4314/3135
f 5547/4291/3207 5548/4220/3133 5427/4223/3136
f 5427/4223/3136 5549/4294/3227 5547/4291/3207
f 5549/4294/3227 5427/4223/3136 5426/4225/3139
f 5426/4225/3139 5550/4294/3210 5549/4294/3227
f 5500/4287/3201 5499/4286/3200 5551/4315/3228
f 5551/4315/3228 5552/4316/3229 5500/4287/3201
f 5553/4317/3230 5554/4318/3228 5501/4288/3202
f 5501/4288/3202 5502/4289/3203 5553/4317/3230
f 5523/4302/3217 5501/4288/3202 5554/4318/3228
f 5554/4318/3228 5555/4319/3145 5523/4302/3217
f 5556/4320/3231 5551/4315/3228 5499/4286/3200
f 5499/4286/3200 5557/4301/3146 5556/4320/3231
f 5558/4290/3232 5559/4274/3189 5560/4321/3233
f 5561/4321/3233 5562/4322/3234 5503/4290/3204
f 5563/4323/3234 5564/4324/3235 5508/4293/3209
f 5508/4293/3209 5507/4292/3208 5563/4323/3234
f 5565/4304/3149 5508/4293/3209 5564/4324/3235
f 5564/4324/3235 5566/4325/3150 5565/4304/3149
f 5567/4326/3150 5568/4321/3235 5569/4274/3189
f 5486/4274/3189 5485/4275/3154 5570/4326/3150
f 5443/4241/3155 5428/4226/3140 5431/4229/3143
f 5431/4229/3143 5440/4238/3152 5443/4241/3155
f 5439/4237/3151 5432/4230/3144 5435/4233/3147
f 5435/4233/3147 5436/4234/3148 5439/4237/3151
f 5534/4307/3157 5510/4295/3211 5571/4327/3236
f 5571/4327/3236 5572/4328/3158 5534/4307/3157
f 5572/4328/3158 5571/4327/3236 5487/4276/3191
f 5487/4276/3191 5488/4277/3160 5572/4328/3158
f 5532/4305/3220 5515/4298/3214 5573/4329/3237
f 5573/4329/3237 5574/4330/3238 5532/4305/3220
f 5574/4330/3238 5573/4329/3237 5489/4278/3192
f 5489/4278/3192 5490/4279/3167 5574/4330/3238
f 5457/4253/3168 5487/4276/3191 5571/4327/3236
f 5571/4327/3236 5455/4251/3166 5457/4253/3168
f 5455/4251/3166 5571/4327/3236 5510/4295/3211
f 5510/4295/3211 5452/4248/3163 5455/4251/3166
f 5539/4309/3170 5513/4297/3213 5575/4331/3239
f 5575/4331/3239 5576/4332/3240 5539/4309/3170
f 5577/4333/3174 5578/4334/3241 5579/4299/3215
f 5579/4299/3215 5580/4306/3221 5577/4333/3174
f 5581/4308/3223 5512/4296/3212 5582/4335/3242
f 5583/4335/3243 5584/4336/3181 5585/4308/3178
f 5586/4337/3181 5587/4338/3242 5491/4280/3193
f 5491/4280/3193 5588/4281/3182 5586/4337/3181
f 5473/4269/3183 5458/4254/3169 5461/4257/3172
f 5461/4257/3172 5470/4266/3180 5473/4269/3183
f 5469/4265/3180 5462/4258/3173 5465/4261/3176
f 5465/4261/3176 5466/4262/3177 5469/4265/3180
f 5497/4284/3198 5444/4242/3156 5447/4245/3159
f 5447/4245/3159 5541/4311/3225 5497/4284/3198
f 5541/4311/3225 5447/4245/3159 5511/4247/3161
f 5511/4247/3161 5496/4283/3197 5541/4311/3225
f 5502/4289/3203 5491/4280/3193 5587/4338/3242
f 5587/4338/3242 5553/4317/3230 5502/4289/3203
f 5552/4316/3229 5582/4335/3242 5512/4296/3212
f 5512/4296/3212 5500/4287/3201 5552/4316/3229
f 5507/4292/3208 5579/4299/3215 5578/4334/3241
f 5578/4334/3241 5563/4323/3234 5507/4292/3208
f 5562/4322/3234 5575/4331/3239 5513/4297/3213
f 5513/4297/3213 5503/4290/3204 5562/4322/3234
f 5550/4294/3210 5489/4278/3192 5573/4329/3237
f 5573/4329/3237 5549/4294/3227 5550/4294/3210
f 5549/4294/3227 5573/4329/3237 5515/4298/3214
f 5515/4298/3214 5547/4291/3207 5549/4294/3227
f 5589/4339/3244 5590/4340/3245 5591/4341/3246
f 5591/4341/3246 5592/4342/3225 5589/4339/3244
f 5592/4342/3225 5591/4341/3246 5593/4343/3247
f 5593/4343/3247 5594/4344/3248 5592/4342/3225
f 5595/4345/3249 5596/4346/3250 5597/4347/3251
f 5597/4347/3251 5598/4348/3252 5595/4345/3249
f 5599/4349/3252 5600/4350/3251 5590/4340/3245
f 5590/4340/3245 5601/4351/3253 5599/4349/3252
f 5602/4352/3254 5593/4343/3247 5603/4353/3255
f 5603/4353/3255 5604/4354/429 5602/4352/3254
f 5604/4354/429 5603/4353/3255 5596/4346/3250
f 5596/4346/3250 5605/4355/3256 5604/4354/429
f 5606/4356/3257 5607/4357/3258 5608/4358/3259
f 5608/4358/3259 5609/4359/29 5606/4356/3257
f 5610/4360/29 5611/4361/3259 5612/4362/3260
f 5612/4362/3260 5613/4363/3261 5610/4360/29
f 5614/4364/3262 5615/4365/3263 5616/4366/9
f 5616/4366/9 5617/4367/3264 5614/4364/3262
f 5617/4367/3264 5616/4366/9 5618/4368/3265
f 5618/4368/3265 5619/4369/3266 5617/4367/3264
f 5620/4370/3267 5621/4371/3268 5622/4372/3269
f 5622/4372/3269 5623/4373/632 5620/4370/3267
f 5623/4373/632 5622/4372/3269 5624/4374/3270
f 5624/4374/3270 5625/4375/3271 5623/4373/632
f 5626/4376/3272 5627/4377/3273 5628/4378/3274
f 5628/4378/3274 5629/4379/3275 5626/4376/3272
f 5630/4380/3276 5631/4381/3277 5621/4371/3268
f 5621/4371/3268 5632/4382/3278 5630/4380/3276
f 5633/4383/3279 5634/4384/3280 5635/4385/3281
f 5635/4385/3281 5636/4386/51 5633/4383/3279
f 5637/4387/51 5638/4388/3282 5619/4369/3266
f 5619/4369/3266 5639/4389/3283 5637/4387/51
f 5620/4370/3267 5634/4384/3280 5633/4383/3279
f 5633/4383/3279 5640/4390/10 5620/4370/3267
f 5613/4363/3261 5612/4362/3260 5605/4355/3256
f 5605/4355/3256 5641/4391/6 5613/4363/3261
f 5614/4364/3262 5625/4375/3271 5642/4392/3
f 5642/4392/3 5615/4365/3263 5614/4364/3262
f 5626/4376/3272 5643/4393/3284 5589/4339/3244
f 5589/4339/3244 5627/4377/3273 5626/4376/3272
f 5619/4369/3266 5618/4368/3265 5644/4394/1
f 5644/4394/1 5639/4389/3283 5619/4369/3266
f 5601/4351/3253 5590/4340/3245 5589/4339/3244
f 5589/4339/3244 5643/4393/3284 5601/4351/3253
f 5602/4352/3254 5645/4395/3285 5615/4365/3263
f 5615/4365/3263 5642/4392/3 5602/4352/3254
f 5618/4368/3265 5607/4357/3258 5606/4356/3257
f 5606/4356/3257 5644/4394/1 5618/4368/3265
f 5621/4371/3268 5620/4370/3267 5640/4390/10
f 5640/4390/10 5632/4382/3278 5621/4371/3268
f 5624/4374/3270 5594/4344/3248 5642/4392/3
f 5642/4392/3 5625/4375/3271 5624/4374/3270
f 5593/4343/3247 5602/4352/3254 5642/4392/3
f 5642/4392/3 5594/4344/3248 5593/4343/3247
f 5595/4345/3249 5641/4391/6 5605/4355/3256
f 5605/4355/3256 5596/4346/3250 5595/4345/3249
f 5645/4395/3285 5602/4352/3254 5604/4354/429
f 5604/4354/429 5646/4396/3286 5645/4395/3285
f 5646/4396/3286 5604/4354/429 5605/4355/3256
f 5605/4355/3256 5612/4362/3260 5646/4396/3286
f 5627/4377/3273 5589/4339/3244 5592/4342/3225
f 5592/4342/3225 5647/4397/3287 5627/4377/3273
f 5647/4397/3287 5592/4342/3225 5594/4344/3248
f 5594/4344/3248 5624/4374/3270 5647/4397/3287
f 5615/4365/3263 5645/4395/3285 5648/4398/3288
f 5648/4398/3288 5616/4366/9 5615/4365/3263
f 5616/4366/9 5648/4398/3288 5607/4357/3258
f 5607/4357/3258 5618/4368/3265 5616/4366/9
f 5634/4384/3280 5620/4370/3267 5623/4373/632
f 5623/4373/632 5649/4399/3289 5634/4384/3280
f 5649/4399/3289 5623/4373/632 5625/4375/3271
f 5625/4375/3271 5614/4364/3262 5649/4399/3289
f 5650/4400/3290 5603/4353/3255 5593/4343/3247
f 5593/4343/3247 5591/4341/3246 5650/4400/3290
f 5650/4400/3290 5591/4341/3246 5590/4340/3245
f 5590/4340/3245 5600/4350/3251 5650/4400/3290
f 5650/4400/3290 5597/4347/3251 5596/4346/3250
f 5596/4346/3250 5603/4353/3255 5650/4400/3290
f 5651/4401/3291 5648/4398/3288 5645/4395/3285
f 5645/4395/3285 5646/4396/3286 5651/4401/3291
f 5651/4401/3291 5646/4396/3286 5612/4362/3260
f 5612/4362/3260 5611/4361/3259 5651/4401/3291
f 5651/4401/3291 5608/4358/3259 5607/4357/3258
f 5607/4357/3258 5648/4398/3288 5651/4401/3291
f 5652/4402/3292 5628/4378/3274 5627/4377/3273
f 5627/4377/3273 5647/4397/3287 5652/4402/3292
f 5652/4402/3292 5647/4397/3287 5624/4374/3270
f 5624/4374/3270 5622/4372/3269 5652/4402/3292
f 5652/4402/3292 5622/4372/3269 5621/4371/3268
f 5621/4371/3268 5631/4381/3277 5652/4402/3292
f 5653/4403/3293 5635/4385/3281 5634/4384/3280
f 5634/4384/3280 5649/4399/3289 5653/4403/3293
f 5653/4403/3293 5649/4399/3289 5614/4364/3262
f 5614/4364/3262 5617/4367/3264 5653/4403/3293
f 5653/4403/3293 5617/4367/3264 5619/4369/3266
f 5619/4369/3266 5638/4388/3282 5653/4403/3293
f 5654/4341/3294 5655/4340/3295 5656/4339/3296
f 5656/4339/3296 5657/4342/13 5654/4341/3294
f 5658/4343/3297 5654/4341/3294 5657/4342/13
f 5657/4342/13 5659/4344/3263 5658/4343/3297
f 5660/4347/3298 5661/4346/3299 5662/4345/3261
f 5662/4345/3261 5663/4348/3300 5660/4347/3298
f 5655/4340/3295 5664/4350/3301 5665/4349/3302
f 5665/4349/3302 5666/4351/3303 5655/4340/3295
f 5667/4353/3304 5658/4343/3297 5668/4352/3254
f 5668/4352/3254 5669/4354/429 5667/4353/3304
f 5661/4346/3299 5667/4353/3304 5669/4354/429
f 5669/4354/429 5670/4355/3256 5661/4346/3299
f 5671/4358/3305 5672/4357/3306 5673/4356/3307
f 5673/4356/3307 5674/4359/36 5671/4358/3305
f 5675/4362/3308 5676/4361/3309 5677/4360/36
f 5677/4360/36 5678/4363/3310 5675/4362/3308
f 5679/4366/1734 5680/4365/3311 5681/4364/3270
f 5681/4364/3270 5682/4367/3312 5679/4366/1734
f 5683/4368/3313 5679/4366/1734 5682/4367/3312
f 5682/4367/3312 5684/4369/3314 5683/4368/3313
f 5685/4372/3315 5686/4371/3316 5687/4370/3317
f 5687/4370/3317 5688/4373/632 5685/4372/3315
f 5689/4374/3318 5685/4372/3315 5688/4373/632
f 5688/4373/632 5690/4375/3319 5689/4374/3318
f 5691/4378/3320 5692/4377/3321 5693/4376/3322
f 5693/4376/3322 5694/4379/3323 5691/4378/3320
f 5686/4371/3316 5695/4381/3320 5696/4380/3324
f 5696/4380/3324 5697/4382/3325 5686/4371/3316
f 5698/4385/3326 5699/4384/3327 5700/4383/3328
f 5700/4383/3328 5701/4386/44 5698/4385/3326
f 5684/4369/3314 5702/4388/3277 5703/4387/44
f 5703/4387/44 5704/4389/3329 5684/4369/3314
f 5700/4383/3328 5699/4384/3327 5687/4370/3317
f 5687/4370/3317 5705/4390/10 5700/4383/3328
f 5670/4355/3256 5675/4362/3308 5678/4363/3310
f 5678/4363/3310 5706/4391/6 5670/4355/3256
f 5707/4392/3 5690/4375/3319 5681/4364/3270
f 5681/4364/3270 5680/4365/3311 5707/4392/3
f 5656/4339/3296 5708/4393/3330 5693/4376/3322
f 5693/4376/3322 5692/4377/3321 5656/4339/3296
f 5709/4394/40 5683/4368/3313 5684/4369/3314
f 5684/4369/3314 5704/4389/3329 5709/4394/40
f 5656/4339/3296 5655/4340/3295 5666/4351/3303
f 5666/4351/3303 5708/4393/3330 5656/4339/3296
f 5680/4365/3311 5710/4395/3247 5668/4352/3254
f 5668/4352/3254 5707/4392/3 5680/4365/3311
f 5673/4356/3307 5672/4357/3306 5683/4368/3313
f 5683/4368/3313 5709/4394/40 5673/4356/3307
f 5705/4390/10 5687/4370/3317 5686/4371/3316
f 5686/4371/3316 5697/4382/3325 5705/4390/10
f 5707/4392/3 5659/4344/3263 5689/4374/3318
f 5689/4374/3318 5690/4375/3319 5707/4392/3
f 5707/4392/3 5668/4352/3254 5658/4343/3297
f 5658/4343/3297 5659/4344/3263 5707/4392/3
f 5670/4355/3256 5706/4391/6 5662/4345/3261
f 5662/4345/3261 5661/4346/3299 5670/4355/3256
f 5669/4354/429 5668/4352/3254 5710/4395/3247
f 5710/4395/3247 5711/4396/3331 5669/4354/429
f 5670/4355/3256 5669/4354/429 5711/4396/3331
f 5711/4396/3331 5675/4362/3308 5670/4355/3256
f 5657/4342/13 5656/4339/3296 5692/4377/3321
f 5692/4377/3321 5712/4397/3332 5657/4342/13
f 5659/4344/3263 5657/4342/13 5712/4397/3332
f 5712/4397/3332 5689/4374/3318 5659/4344/3263
f 5713/4398/3333 5710/4395/3247 5680/4365/3311
f 5680/4365/3311 5679/4366/1734 5713/4398/3333
f 5672/4357/3306 5713/4398/3333 5679/4366/1734
f 5679/4366/1734 5683/4368/3313 5672/4357/3306
f 5688/4373/632 5687/4370/3317 5699/4384/3327
f 5699/4384/3327 5714/4399/3334 5688/4373/632
f 5690/4375/3319 5688/4373/632 5714/4399/3334
f 5714/4399/3334 5681/4364/3270 5690/4375/3319
f 5658/4343/3297 5667/4353/3304 5715/4400/3335
f 5715/4400/3335 5654/4341/3294 5658/4343/3297
f 5655/4340/3295 5654/4341/3294 5715/4400/3335
f 5715/4400/3335 5664/4350/3301 5655/4340/3295
f 5661/4346/3299 5660/4347/3298 5715/4400/3335
f 5715/4400/3335 5667/4353/3304 5661/4346/3299
f 5710/4395/3247 5713/4398/3333 5716/4401/1865
f 5716/4401/1865 5711/4396/3331 5710/4395/3247
f 5675/4362/3308 5711/4396/3331 5716/4401/1865
f 5716/4401/1865 5676/4361/3309 5675/4362/3308
f 5672/4357/3306 5671/4358/3305 5716/4401/1865
f 5716/4401/1865 5713/4398/3333 5672/4357/3306
f 5692/4377/3321 5691/4378/3320 5717/4402/3293
f 5717/4402/3293 5712/4397/3332 5692/4377/3321
f 5689/4374/3318 5712/4397/3332 5717/4402/3293
f 5717/4402/3293 5685/4372/3315 5689/4374/3318
f 5686/4371/3316 5685/4372/3315 5717/4402/3293
f 5717/4402/3293 5695/4381/3320 5686/4371/3316
f 5699/4384/3327 5698/4385/3326 5718/4403/3336
f 5718/4403/3336 5714/4399/3334 5699/4384/3327
f 5681/4364/3270 5714/4399/3334 5718/4403/3336
f 5718/4403/3336 5682/4367/3312 5681/4364/3270
f 5684/4369/3314 5682/4367/3312 5718/4403/3336
f 5718/4403/3336 5702/4388/3277 5684/4369/3314
f 5719/4140/3337 5720/4139/3338 5721/4138/2025
f 5721/4138/2025 5722/4141/3339 5719/4140/3337
f 5723/4142/3340 5719/4140/3337 5722/4141/3339
f 5722/4141/3339 5724/4143/3066 5723/4142/3340
f 5725/4146/3341 5726/4145/3061 5727/4144/3062
f 5727/4144/3062 5728/4147/3342 5725/4146/3341
f 5720/4139/3338 5725/4146/3341 5728/4147/3342
f 5728/4147/3342 5729/4148/3343 5720/4139/3338
f 5730/4151/3344 5731/4150/3059 5732/4149/3060
f 5732/4149/3060 5733/4152/3345 5730/4151/3344
f 5729/4148/3343 5730/4151/3344 5733/4152/3345
f 5733/4152/3345 5734/4153/3346 5729/4148/3343
f 5735/4156/3347 5736/4155/3348 5737/4154/3349
f 5737/4154/3349 5738/4157/3350 5735/4156/3347
f 5739/4158/3351 5735/4156/3347 5738/4157/3350
f 5738/4157/3350 5740/4159/3352 5739/4158/3351
f 5741/4162/3353 5742/4161/3354 5743/4160/3355
f 5743/4160/3355 5744/4163/3356 5741/4162/3353
f 5736/4155/3348 5741/4162/3353 5744/4163/3356
f 5744/4163/3356 5745/4164/1938 5736/4155/3348
f 5746/4166/3357 5737/4154/3349 5747/4165/3358
f 5747/4165/3358 5748/4167/3079 5746/4166/3357
f 5749/4168/3359 5746/4166/3357 5748/4167/3079
f 5748/4167/3079 5750/4169/3360 5749/4168/3359
f 5751/4172/3361 5752/4171/3362 5753/4170/3363
f 5753/4170/3363 5754/4173/3364 5751/4172/3361
f 5755/4174/3090 5751/4172/3361 5754/4173/3364
f 5754/4173/3364 5756/4175/3089 5755/4174/3090
f 5757/4178/3365 5758/4177/3366 5759/4176/3367
f 5759/4176/3367 5760/4179/3368 5757/4178/3365
f 5761/4180/3369 5757/4178/3365 5760/4179/3368
f 5760/4179/3368 5762/4181/3370 5761/4180/3369
f 5737/4154/3349 5736/4155/3348 5745/4164/1938
f 5745/4164/1938 5747/4165/3358 5737/4154/3349
f 5721/4138/2025 5720/4139/3338 5729/4148/3343
f 5729/4148/3343 5734/4153/3346 5721/4138/2025
f 5745/4164/1938 5761/4180/3369 5762/4181/3370
f 5762/4181/3370 5747/4165/3358 5745/4164/1938
f 5753/4170/3363 5752/4171/3362 5721/4138/2025
f 5721/4138/2025 5734/4153/3346 5753/4170/3363
f 5722/4141/3339 5721/4138/2025 5752/4171/3362
f 5752/4171/3362 5763/4182/3100 5722/4141/3339
f 5724/4143/3066 5722/4141/3339 5763/4182/3100
f 5763/4182/3100 5764/4183/3371 5724/4143/3066
f 5733/4152/3345 5732/4149/3060 5765/4184/3372
f 5765/4184/3372 5766/4185/3373 5733/4152/3345
f 5734/4153/3346 5733/4152/3345 5766/4185/3373
f 5766/4185/3373 5753/4170/3363 5734/4153/3346
f 5744/4163/3356 5743/4160/3355 5767/4186/3374
f 5767/4186/3374 5768/4187/3375 5744/4163/3356
f 5745/4164/1938 5744/4163/3356 5768/4187/3375
f 5768/4187/3375 5761/4180/3369 5745/4164/1938
f 5748/4167/3079 5747/4165/3358 5762/4181/3370
f 5762/4181/3370 5769/4188/3376 5748/4167/3079
f 5750/4169/3360 5748/4167/3079 5769/4188/3376
f 5769/4188/3376 5770/4189/3377 5750/4169/3360
f 5726/4145/3061 5725/4146/3341 5771/4190/3378
f 5771/4190/3378 5772/4191/3379 5726/4145/3061
f 5773/4142/3380 5774/4192/3381 5775/4190/3378
f 5771/4190/3378 5719/4140/3337 5723/4142/3340
f 5720/4139/3338 5719/4140/3337 5771/4190/3378
f 5771/4190/3378 5725/4146/3341 5720/4139/3338
f 5731/4150/3059 5730/4151/3344 5776/4193/1868
f 5777/4193/1870 5778/4194/3382 5779/4150/3106
f 5727/4144/3062 5780/4195/3382 5776/4193/1868
f 5776/4193/1868 5728/4147/3342 5727/4144/3062
f 5729/4148/3343 5728/4147/3342 5776/4193/1868
f 5776/4193/1868 5730/4151/3344 5729/4148/3343
f 5742/4161/3354 5741/4162/3353 5781/4196/3383
f 5782/4196/3383 5783/4197/3384 5784/4161/3354
f 5739/4158/3351 5785/4198/3385 5781/4196/3383
f 5781/4196/3383 5735/4156/3347 5739/4158/3351
f 5736/4155/3348 5735/4156/3347 5781/4196/3383
f 5781/4196/3383 5741/4162/3353 5736/4155/3348
f 5740/4159/3352 5738/4157/3350 5786/4199/3386
f 5786/4199/3386 5787/4200/3387 5740/4159/3352
f 5788/4168/3388 5789/4201/3389 5790/4199/3386
f 5786/4199/3386 5746/4166/3357 5749/4168/3359
f 5737/4154/3349 5746/4166/3357 5786/4199/3386
f 5786/4199/3386 5738/4157/3350 5737/4154/3349
f 5764/4183/3371 5763/4182/3100 5791/4202/3390
f 5792/4202/3390 5793/4203/3391 5794/4183/3392
f 5755/4174/3090 5795/4204/3393 5791/4202/3390
f 5791/4202/3390 5751/4172/3361 5755/4174/3090
f 5752/4171/3362 5751/4172/3361 5791/4202/3390
f 5791/4202/3390 5763/4182/3100 5752/4171/3362
f 5756/4175/3089 5754/4173/3364 5796/4205/1871
f 5796/4205/1871 5797/4206/3394 5756/4175/3089
f 5798/4184/3395 5799/4207/3396 5800/4205/3397
f 5796/4205/1871 5766/4185/3373 5765/4184/3372
f 5753/4170/3363 5766/4185/3373 5796/4205/1871
f 5796/4205/1871 5754/4173/3364 5753/4170/3363
f 5758/4177/3366 5757/4178/3365 5801/4208/3398
f 5801/4208/3398 5802/4209/3399 5758/4177/3366
f 5803/4186/3374 5804/4210/3399 5805/4208/3398
f 5801/4208/3398 5768/4187/3375 5767/4186/3374
f 5761/4180/3369 5768/4187/3375 5801/4208/3398
f 5801/4208/3398 5757/4178/3365 5761/4180/3369
f 5770/4189/3377 5769/4188/3376 5806/4211/3400
f 5807/4211/3400 5808/4212/3401 5809/4189/3402
f 5759/4176/3367 5810/4213/3401 5806/4211/3400
f 5806/4211/3400 5760/4179/3368 5759/4176/3367
f 5762/4181/3370 5760/4179/3368 5806/4211/3400
f 5806/4211/3400 5769/4188/3376 5762/4181/3370
f 5811/4216/3403 5812/4215/3404 5813/4214/3405
f 5813/4214/3405 5814/4217/3406 5811/4216/3403
f 5815/4218/3407 5811/4216/3403 5814/4217/3406
f 5814/4217/3406 5816/4219/3186 5815/4218/3407
f 5817/4222/3408 5818/4221/3409 5819/4220/3410
f 5819/4220/3410 5820/4223/3411 5817/4222/3408
f 5821/4224/3412 5817/4222/3408 5820/4223/3411
f 5822/4223/3411 5823/4225/3185 5824/4224/3413
f 5825/4228/3414 5826/4227/3415 5827/4226/3155
f 5827/4226/3155 5828/4229/3416 5825/4228/3414
f 5829/4232/3417 5830/4231/3414 5831/4230/3418
f 5831/4230/3418 5832/4233/3419 5829/4232/3417
f 5833/4236/3420 5834/4235/3421 5835/4234/3422
f 5835/4234/3422 5836/4237/3423 5833/4236/3420
f 5837/4240/3424 5838/4239/3425 5839/4238/3423
f 5839/4238/3423 5840/4241/3140 5837/4240/3424
f 5841/4244/3426 5842/4243/3427 5843/4242/3428
f 5843/4242/3428 5844/4245/3429 5841/4244/3426
f 5845/4246/3430 5841/4244/3426 5844/4245/3429
f 5846/4245/3431 5847/4247/3432 5848/4246/3430
f 5849/4250/3433 5850/4249/3434 5851/4248/3435
f 5851/4248/3435 5852/4251/3436 5849/4250/3433
f 5853/4252/3437 5849/4250/3433 5852/4251/3436
f 5852/4251/3436 5854/4253/3191 5853/4252/3437
f 5855/4256/3438 5856/4255/3439 5857/4254/3183
f 5857/4254/3183 5858/4257/3440 5855/4256/3438
f 5859/4260/3441 5860/4259/3438 5861/4258/3440
f 5861/4258/3440 5862/4261/3442 5859/4260/3441
f 5863/4264/3443 5864/4263/3444 5865/4262/3445
f 5865/4262/3445 5866/4265/3446 5863/4264/3443
f 5867/4268/3447 5868/4267/3443 5869/4266/3446
f 5869/4266/3446 5870/4269/3169 5867/4268/3447
f 5774/4192/3381 5773/4142/3380 5871/4270/3448
f 5872/4270/3139 5873/4271/3407 5874/4192/3381
f 5726/4145/3061 5772/4191/3379 5815/4218/3407
f 5815/4218/3407 5816/4219/3186 5726/4145/3061
f 5780/4195/3382 5727/4144/3062 5875/4272/3449
f 5875/4272/3449 5876/4273/3413 5780/4195/3382
f 5779/4150/3106 5778/4194/3382 5877/4224/3412
f 5878/4224/3413 5879/4225/3185 5731/4150/3059
f 5789/4201/3389 5788/4168/3388 5880/4274/3450
f 5881/4274/3450 5882/4275/3424 5883/4201/3389
f 5740/4159/3352 5787/4200/3387 5837/4240/3424
f 5837/4240/3424 5840/4241/3140 5740/4159/3352
f 5795/4204/3393 5755/4174/3090 5884/4276/3168
f 5884/4276/3168 5885/4277/3430 5795/4204/3393
f 5794/4183/3392 5793/4203/3391 5848/4246/3430
f 5848/4246/3430 5847/4247/3432 5794/4183/3392
f 5799/4207/3396 5798/4184/3395 5886/4278/3451
f 5886/4278/3451 5887/4279/3437 5799/4207/3396
f 5756/4175/3089 5797/4206/3394 5853/4252/3437
f 5853/4252/3437 5854/4253/3191 5756/4175/3089
f 5804/4210/3399 5803/4186/3374 5888/4280/3452
f 5889/4280/3452 5890/4281/3447 5891/4210/3453
f 5758/4177/3366 5802/4209/3399 5867/4268/3447
f 5867/4268/3447 5870/4269/3169 5758/4177/3366
f 5739/4158/3351 5740/4159/3352 5840/4241/3140
f 5840/4241/3140 5827/4226/3155 5739/4158/3351
f 5875/4272/3449 5727/4144/3062 5726/4145/3061
f 5726/4145/3061 5816/4219/3186 5875/4272/3449
f 5835/4234/3422 5892/4282/3454 5813/4214/3405
f 5813/4214/3405 5832/4233/3419 5835/4234/3422
f 5872/4270/3139 5723/4142/3340 5724/4143/3066
f 5724/4143/3066 5893/4283/3210 5872/4270/3139
f 5894/4286/3455 5895/4285/3456 5896/4284/3457
f 5896/4284/3457 5897/4287/3458 5894/4286/3455
f 5743/4160/3355 5784/4161/3354 5898/4288/3459
f 5898/4288/3459 5899/4289/3460 5743/4160/3355
f 5900/4169/3461 5901/4290/3462 5880/4274/3450
f 5880/4274/3450 5788/4168/3388 5900/4169/3461
f 5902/4292/3463 5903/4291/3464 5904/4220/3410
f 5904/4220/3410 5905/4293/3465 5902/4292/3463
f 5906/4294/3466 5732/4149/3060 5731/4150/3059
f 5731/4150/3059 5879/4225/3185 5906/4294/3466
f 5857/4254/3183 5759/4176/3367 5758/4177/3366
f 5758/4177/3366 5870/4269/3169 5857/4254/3183
f 5755/4174/3090 5756/4175/3089 5854/4253/3191
f 5854/4253/3191 5884/4276/3168 5755/4174/3090
f 5907/4295/3467 5851/4248/3435 5862/4261/3442
f 5862/4261/3442 5865/4262/3445 5907/4295/3467
f 5724/4143/3066 5764/4183/3371 5908/4247/3468
f 5908/4247/3468 5893/4283/3210 5724/4143/3066
f 5896/4284/3457 5843/4242/3428 5909/4296/3469
f 5909/4296/3469 5897/4287/3458 5896/4284/3457
f 5888/4280/3452 5803/4186/3374 5743/4160/3355
f 5743/4160/3355 5899/4289/3460 5888/4280/3452
f 5910/4297/3470 5901/4290/3462 5900/4169/3461
f 5900/4169/3461 5809/4189/3402 5910/4297/3470
f 5911/4298/3471 5903/4291/3464 5902/4292/3463
f 5912/4292/3463 5913/4299/3472 5914/4298/3471
f 5765/4184/3372 5732/4149/3060 5906/4294/3466
f 5906/4294/3466 5915/4278/3451 5765/4184/3372
f 5916/4300/3404 5917/4285/3473 5918/4286/3474
f 5918/4286/3474 5919/4301/3417 5916/4300/3404
f 5813/4214/3405 5812/4215/3404 5829/4232/3417
f 5829/4232/3417 5832/4233/3419 5813/4214/3405
f 5785/4198/3385 5739/4158/3351 5827/4226/3155
f 5827/4226/3155 5826/4227/3415 5785/4198/3385
f 5784/4161/3354 5783/4197/3384 5920/4302/3415
f 5920/4302/3415 5898/4288/3459 5784/4161/3354
f 5921/4303/3409 5922/4282/3475 5923/4234/3422
f 5835/4234/3422 5834/4235/3421 5924/4303/3409
f 5819/4220/3410 5818/4221/3409 5925/4304/3421
f 5926/4304/3476 5927/4293/3465 5928/4220/3410
f 5929/4305/3434 5914/4298/3471 5913/4299/3472
f 5913/4299/3472 5930/4306/3441 5929/4305/3434
f 5851/4248/3435 5850/4249/3434 5859/4260/3441
f 5859/4260/3441 5862/4261/3442 5851/4248/3435
f 5931/4307/3477 5907/4295/3467 5865/4262/3445
f 5865/4262/3445 5864/4263/3444 5931/4307/3477
f 5843/4242/3428 5842/4243/3427 5932/4308/3444
f 5933/4308/3478 5934/4296/3469 5935/4242/3479
f 5810/4213/3401 5759/4176/3367 5857/4254/3183
f 5857/4254/3183 5856/4255/3439 5810/4213/3401
f 5809/4189/3402 5808/4212/3401 5936/4309/3439
f 5936/4309/3439 5910/4297/3470 5809/4189/3402
f 5937/4310/3480 5872/4270/3139 5893/4283/3210
f 5893/4283/3210 5938/4311/3481 5937/4310/3480
f 5895/4285/3456 5937/4310/3480 5938/4311/3481
f 5938/4311/3481 5896/4284/3457 5895/4285/3456
f 5937/4310/3480 5895/4285/3456 5939/4300/3404
f 5939/4300/3404 5940/4312/3403 5937/4310/3480
f 5872/4270/3139 5937/4310/3480 5940/4312/3403
f 5940/4312/3403 5873/4271/3407 5872/4270/3139
f 5814/4217/3406 5813/4214/3405 5892/4282/3454
f 5892/4282/3454 5941/4313/3482 5814/4217/3406
f 5816/4219/3186 5814/4217/3406 5941/4313/3482
f 5941/4313/3482 5875/4272/3449 5816/4219/3186
f 5941/4313/3482 5892/4282/3454 5942/4303/3409
f 5942/4303/3409 5943/4314/3408 5941/4313/3482
f 5875/4272/3449 5941/4313/3482 5943/4314/3408
f 5943/4314/3408 5876/4273/3413 5875/4272/3449
f 5822/4223/3411 5944/4220/3483 5945/4291/3464
f 5945/4291/3464 5946/4294/1734 5822/4223/3411
f 5823/4225/3185 5822/4223/3411 5946/4294/1734
f 5946/4294/1734 5947/4294/3466 5823/4225/3185
f 5948/4315/3484 5894/4286/3455 5897/4287/3458
f 5897/4287/3458 5949/4316/3485 5948/4315/3484
f 5898/4288/3459 5950/4318/3484 5951/4317/3486
f 5951/4317/3486 5899/4289/3460 5898/4288/3459
f 5950/4318/3484 5898/4288/3459 5920/4302/3415
f 5920/4302/3415 5952/4319/3487 5950/4318/3484
f 5894/4286/3455 5948/4315/3484 5953/4320/3414
f 5953/4320/3414 5954/4301/3417 5894/4286/3455
f 5955/4321/3488 5956/4274/3489 5957/4290/3462
f 5901/4290/3462 5958/4322/3490 5959/4321/3491
f 5905/4293/3465 5960/4324/3488 5961/4323/3490
f 5961/4323/3490 5902/4292/3463 5905/4293/3465
f 5960/4324/3488 5905/4293/3465 5962/4304/3492
f 5962/4304/3492 5963/4325/3420 5960/4324/3488
f 5964/4274/3450 5965/4321/3493 5966/4326/3420
f 5967/4326/3420 5882/4275/3424 5881/4274/3450
f 5828/4229/3416 5827/4226/3155 5840/4241/3140
f 5840/4241/3140 5839/4238/3423 5828/4229/3416
f 5832/4233/3419 5831/4230/3418 5836/4237/3423
f 5836/4237/3423 5835/4234/3422 5832/4233/3419
f 5968/4327/3494 5907/4295/3467 5931/4307/3477
f 5931/4307/3477 5969/4328/3426 5968/4327/3494
f 5884/4276/3168 5968/4327/3494 5969/4328/3426
f 5969/4328/3426 5885/4277/3430 5884/4276/3168
f 5970/4329/3495 5914/4298/3471 5929/4305/3434
f 5929/4305/3434 5971/4330/3433 5970/4329/3495
f 5886/4278/3451 5970/4329/3495 5971/4330/3433
f 5971/4330/3433 5887/4279/3437 5886/4278/3451
f 5968/4327/3494 5884/4276/3168 5854/4253/3191
f 5854/4253/3191 5852/4251/3436 5968/4327/3494
f 5907/4295/3467 5968/4327/3494 5852/4251/3436
f 5852/4251/3436 5851/4248/3435 5907/4295/3467
f 5972/4331/3496 5910/4297/3470 5936/4309/3439
f 5936/4309/3439 5973/4332/3497 5972/4331/3496
f 5974/4299/3472 5975/4334/3498 5976/4333/3499
f 5976/4333/3499 5977/4306/3500 5974/4299/3472
f 5978/4335/3501 5909/4296/3469 5979/4308/3444
f 5980/4308/3478 5981/4336/3502 5982/4335/3503
f 5888/4280/3452 5983/4338/3501 5984/4337/3504
f 5984/4337/3504 5985/4281/3447 5888/4280/3452
f 5858/4257/3440 5857/4254/3183 5870/4269/3169
f 5870/4269/3169 5869/4266/3446 5858/4257/3440
f 5862/4261/3442 5861/4258/3440 5866/4265/3446
f 5866/4265/3446 5865/4262/3445 5862/4261/3442
f 5844/4245/3429 5843/4242/3428 5896/4284/3457
f 5896/4284/3457 5938/4311/3481 5844/4245/3429
f 5908/4247/3468 5844/4245/3429 5938/4311/3481
f 5938/4311/3481 5893/4283/3210 5908/4247/3468
f 5983/4338/3501 5888/4280/3452 5899/4289/3460
f 5899/4289/3460 5951/4317/3486 5983/4338/3501
f 5909/4296/3469 5978/4335/3501 5949/4316/3485
f 5949/4316/3485 5897/4287/3458 5909/4296/3469
f 5975/4334/3498 5974/4299/3472 5902/4292/3463
f 5902/4292/3463 5961/4323/3490 5975/4334/3498
f 5910/4297/3470 5972/4331/3496 5958/4322/3490
f 5958/4322/3490 5901/4290/3462 5910/4297/3470
f 5970/4329/3495 5886/4278/3451 5947/4294/3466
f 5947/4294/3466 5946/4294/1734 5970/4329/3495
f 5914/4298/3471 5970/4329/3495 5946/4294/1734
f 5946/4294/1734 5945/4291/3464 5914/4298/3471
f 5986/3000/3505 5987/2999/2334 5988/2998/2335
f 5988/2998/2335 5989/3001/3506 5986/3000/3505
f 5990/3002/3507 5986/3000/3505 5989/3001/3506
f 5989/3001/3506 5991/3003/2338 5990/3002/3507
f 5992/3006/3508 5993/3005/2340 5994/3004/3509
f 5994/3004/3509 5995/3007/2100 5992/3006/3508
f 5995/3007/2100 5994/3004/3509 5996/3008/2341
f 5996/3008/2341 5997/3009/2099 5995/3007/2100
f 5998/3012/2106 5999/3011/2107 6000/3010/2108
f 6000/3010/2108 6001/3013/2105 5998/3012/2106
f 5999/3011/2107 5998/3012/2106 6002/3014/2344
f 6002/3014/2344 6003/3015/2345 5999/3011/2107
f 5997/3009/2099 5996/3008/2341 6004/3016/3510
f 6004/3016/3510 6005/3017/2347 5997/3009/2099
f 6005/3017/2347 6004/3016/3510 6006/3018/3511
f 6006/3018/3511 6007/3019/2349 6005/3017/2347
f 6008/3022/2086 6009/3021/2085 6010/3020/2351
f 6010/3020/2351 6011/3023/2084 6008/3022/2086
f 6009/3021/2085 6008/3022/2086 6012/3024/2352
f 6012/3024/2352 6013/3025/3512 6009/3021/2085
f 6011/3023/2084 6010/3020/2351 6014/3026/2082
f 6014/3026/2082 6015/3027/2355 6011/3023/2084
f 6016/3030/3513 6017/3029/2089 6018/3028/2357
f 6018/3028/2357 6019/3031/2087 6016/3030/3513
f 6017/3029/2089 6016/3030/3513 6020/3032/3514
f 6020/3032/3514 6021/3033/3515 6017/3029/2089
f 6022/3035/3516 6023/3034/2360 6013/3025/3512
f 6013/3025/3512 6012/3024/2352 6022/3035/3516
f 6024/3038/3517 6025/3037/2362 6026/3036/2363
f 6026/3036/2363 6027/3039/2364 6024/3038/3517
f 6025/3037/2362 6024/3038/3517 6028/3040/3518
f 6028/3040/3518 6029/3041/3519 6025/3037/2362
f 6029/3041/3519 6028/3040/3518 6030/3042/3520
f 6030/3042/3520 6031/3043/3521 6029/3041/3519
f 6032/3046/2369 6033/3045/3522 6034/3044/3523
f 6034/3044/3523 6035/3047/3524 6032/3046/2369
f 6033/3045/3522 6032/3046/2369 6036/3048/2373
f 6036/3048/2373 6037/3049/2374 6033/3045/3522
f 6037/3049/2374 6036/3048/2373 6038/3050/2375
f 6038/3050/2375 6039/3051/2376 6037/3049/2374
f 6040/3053/3525 6041/3052/3526 6027/3039/2364
f 6027/3039/2364 6026/3036/2363 6040/3053/3525
f 6041/3052/3526 6040/3053/3525 6042/3054/2379
f 6042/3054/2379 6043/3055/2380 6041/3052/3526
f 6043/3055/2380 6042/3054/2379 6044/3056/2381
f 6044/3056/2381 6045/3057/3527 6043/3055/2380
f 6046/3059/3528 6047/3058/3529 6035/3047/3524
f 6035/3047/3524 6034/3044/3523 6046/3059/3528
f 6047/3058/3529 6046/3059/3528 6048/3060/2385
f 6048/3060/2385 6049/3061/2386 6047/3058/3529
f 6049/3061/2386 6048/3060/2385 6050/3062/3530
f 6050/3062/3530 6051/3063/2388 6049/3061/2386
f 6052/3066/2389 6053/3065/3531 6054/3064/3532
f 6054/3064/3532 6055/3067/3533 6052/3066/2389
f 6056/3070/2393 6057/3069/2394 6058/3068/2395
f 6058/3068/2395 6059/3071/3534 6056/3070/2393
f 6057/3069/2394 6056/3070/2393 6055/3067/3533
f 6055/3067/3533 6054/3064/3532 6057/3069/2394
f 6059/3071/3534 6058/3068/2395 6060/3072/2397
f 6060/3072/2397 6061/3073/2398 6059/3071/3534
f 6062/3076/3535 6063/3075/2400 6064/3074/2401
f 6064/3074/2401 6065/3077/3536 6062/3076/3535
f 6066/3079/2403 6067/3078/3537 6065/3077/3536
f 6065/3077/3536 6064/3074/2401 6066/3079/2403
f 6067/3078/3537 6066/3079/2403 6068/3080/3538
f 6068/3080/3538 6069/3081/2406 6067/3078/3537
f 6069/3081/2406 6068/3080/3538 6070/3082/3539
f 6070/3082/3539 6071/3083/2408 6069/3081/2406
f 6001/3013/2105 6000/3010/2108 6031/3043/3521
f 6031/3043/3521 6030/3042/3520 6001/3013/2105
f 6019/3031/2087 6018/3028/2357 6039/3051/2376
f 6039/3051/2376 6038/3050/2375 6019/3031/2087
f 6045/3057/3527 6044/3056/2381 6061/3073/2398
f 6061/3073/2398 6060/3072/2397 6045/3057/3527
f 6071/3083/2408 6070/3082/3539 6051/3063/2388
f 6051/3063/2388 6050/3062/3530 6071/3083/2408
f 6011/3023/2084 6016/3030/3513 6019/3031/2087
f 6019/3031/2087 6008/3022/2086 6011/3023/2084
f 6020/3032/3514 6016/3030/3513 6011/3023/2084
f 6011/3023/2084 6015/3027/2355 6020/3032/3514
f 6000/3010/2108 5999/3011/2107 5995/3007/2100
f 5995/3007/2100 5997/3009/2099 6000/3010/2108
f 5999/3011/2107 6003/3015/2345 5992/3006/3508
f 5992/3006/3508 5995/3007/2100 5999/3011/2107
f 6072/3084/3528 6041/3052/3526 6043/3055/2380
f 6043/3055/2380 6073/3085/2385 6072/3084/3528
f 6074/3086/2408 6060/3072/2397 6058/3068/2395
f 6058/3068/2395 6075/3087/2410 6074/3086/2408
f 6076/3088/2089 5998/3012/2106 6001/3013/2105
f 6001/3013/2105 6077/3089/2357 6076/3088/2089
f 6009/3021/2085 5996/3008/2341 5994/3004/3509
f 5994/3004/3509 6010/3020/2351 6009/3021/2085
f 6002/3014/2344 5998/3012/2106 6076/3088/2089
f 6076/3088/2089 6078/3090/2411 6002/3014/2344
f 6010/3020/2351 5994/3004/3509 5993/3005/2340
f 5993/3005/2340 6014/3026/2082 6010/3020/2351
f 6079/3091/2412 6028/3040/3518 6024/3038/3517
f 6024/3038/3517 6080/3092/3522 6079/3091/2412
f 6023/3034/2360 6006/3018/3511 6004/3016/3510
f 6004/3016/3510 6013/3025/3512 6023/3034/2360
f 6013/3025/3512 6004/3016/3510 5996/3008/2341
f 5996/3008/2341 6009/3021/2085 6013/3025/3512
f 6027/3039/2364 6041/3052/3526 6072/3084/3528
f 6072/3084/3528 6081/3093/3523 6027/3039/2364
f 6024/3038/3517 6027/3039/2364 6081/3093/3523
f 6081/3093/3523 6080/3092/3522 6024/3038/3517
f 6045/3057/3527 6060/3072/2397 6074/3086/2408
f 6074/3086/2408 6082/3094/3530 6045/3057/3527
f 6043/3055/2380 6045/3057/3527 6082/3094/3530
f 6082/3094/3530 6073/3085/2385 6043/3055/2380
f 6054/3064/3532 6053/3065/3531 6083/3095/3540
f 6083/3095/3540 6084/3096/3536 6054/3064/3532
f 6057/3069/2394 6054/3064/3532 6084/3096/3536
f 6084/3096/3536 6085/3097/3537 6057/3069/2394
f 6030/3042/3520 6028/3040/3518 6079/3091/2412
f 6079/3091/2412 6086/3098/2376 6030/3042/3520
f 6001/3013/2105 6030/3042/3520 6086/3098/2376
f 6086/3098/2376 6077/3089/2357 6001/3013/2105
f 6087/3099/2414 6051/3063/2388 6070/3082/3539
f 6070/3082/3539 6068/3080/3538 6087/3099/2414
f 6000/3010/2108 5997/3009/2099 6005/3017/2347
f 6000/3010/2108 6005/3017/2347 6007/3019/2349
f 6007/3019/2349 6031/3043/3521 6000/3010/2108
f 6008/3022/2086 6019/3031/2087 6038/3050/2375
f 6008/3022/2086 6038/3050/2375 6022/3035/3516
f 6022/3035/3516 6012/3024/2352 6008/3022/2086
f 6061/3073/2398 6044/3056/2381 6088/3100/1
f 6088/3100/1 6059/3071/3534 6061/3073/2398
f 6089/3101/2415 6052/3066/2389 6055/3067/3533
f 6055/3067/3533 6090/3102/2416 6089/3101/2415
f 6090/3102/2416 6055/3067/3533 6056/3070/2393
f 6056/3070/2393 6091/3103/2417 6090/3102/2416
f 6075/3087/2410 6058/3068/2395 6057/3069/2394
f 6057/3069/2394 6085/3097/3537 6075/3087/2410
f 6059/3071/3534 6088/3100/1 6091/3103/2417
f 6091/3103/2417 6056/3070/2393 6059/3071/3534
f 5991/3003/2338 5989/3001/3506 6064/3074/2401
f 6064/3074/2401 6063/3075/2400 5991/3003/2338
f 5989/3001/3506 5988/2998/2335 6066/3079/2403
f 6066/3079/2403 6064/3074/2401 5989/3001/3506
f 6087/3099/2414 6068/3080/3538 6066/3079/2403
f 6087/3099/2414 6066/3079/2403 5988/2998/2335
f 5988/2998/2335 5987/2999/2334 6087/3099/2414
f 6087/3099/2414 6047/3058/3529 6049/3061/2386
f 6049/3061/2386 6051/3063/2388 6087/3099/2414
f 6088/3100/1 6044/3056/2381 6042/3054/2379
f 6042/3054/2379 6040/3053/3525 6088/3100/1
f 6092/3106/2418 6093/3105/2419 6094/3104/2420
f 6094/3104/2420 6095/3107/2421 6092/3106/2418
f 6095/3107/2421 6094/3104/2420 6096/3108/3541
f 6096/3108/3541 6097/3109/2423 6095/3107/2421
f 6098/3112/2424 6099/3111/2425 6100/3110/2426
f 6100/3110/2426 6101/3113/2427 6098/3112/2424
f 6102/3114/2428 6098/3112/2424 6101/3113/2427
f 6101/3113/2427 6103/3115/2179 6102/3114/2428
f 6104/3118/2429 6105/3117/2430 6106/3116/2431
f 6106/3116/2431 6107/3119/2432 6104/3118/2429
f 6108/3120/2431 6106/3116/2431 6105/3117/2430
f 6105/3117/2430 6109/3121/3542 6108/3120/2431
f 6110/3122/3543 6102/3114/2428 6103/3115/2179
f 6103/3115/2179 6111/3123/3544 6110/3122/3543
f 6112/3124/2436 6110/3122/3543 6111/3123/3544
f 6111/3123/3544 6113/3125/2437 6112/3124/2436
f 6114/3128/2438 6115/3127/2682 6116/3126/2189
f 6116/3126/2189 6117/3129/2192 6114/3128/2438
f 6118/3130/2441 6116/3126/2189 6115/3127/2682
f 6115/3127/2682 6119/3131/2442 6118/3130/2441
f 6120/3132/2443 6114/3128/2438 6117/3129/2192
f 6117/3129/2192 6121/3133/2196 6120/3132/2443
f 6122/3136/2444 6123/3135/2445 6124/3134/2683
f 6124/3134/2683 6125/3137/2447 6122/3136/2444
f 6126/3138/2448 6124/3134/2683 6123/3135/2445
f 6123/3135/2445 6127/3139/2449 6126/3138/2448
f 6119/3131/2442 6128/3141/2450 6129/3140/3545
f 6129/3140/3545 6118/3130/2441 6119/3131/2442
f 6130/3144/2452 6131/3143/2453 6132/3142/2454
f 6132/3142/2454 6133/3145/2455 6130/3144/2452
f 6134/3146/2456 6132/3142/2454 6131/3143/2453
f 6131/3143/2453 6135/3147/2457 6134/3146/2456
f 6136/3148/3546 6134/3146/2456 6135/3147/2457
f 6135/3147/2457 6137/3149/3547 6136/3148/3546
f 6138/3152/2501 6139/3151/2461 6140/3150/3548
f 6140/3150/3548 6141/3153/3549 6138/3152/2501
f 6142/3154/3550 6140/3150/3548 6139/3151/2461
f 6139/3151/2461 6143/3155/3551 6142/3154/3550
f 6144/3156/2466 6142/3154/3550 6143/3155/3551
f 6143/3155/3551 6145/3157/2467 6144/3156/2466
f 6133/3145/2455 6146/3159/2468 6147/3158/3552
f 6147/3158/3552 6130/3144/2452 6133/3145/2455
f 6148/3160/3553 6147/3158/3552 6146/3159/2468
f 6146/3159/2468 6149/3161/2471 6148/3160/3553
f 6150/3162/3554 6148/3160/3553 6149/3161/2471
f 6149/3161/2471 6151/3163/2473 6150/3162/3554
f 6141/3153/3549 6152/3165/3555 6153/3164/2500
f 6153/3164/2500 6138/3152/2501 6141/3153/3549
f 6154/3166/2476 6153/3164/2500 6152/3165/3555
f 6152/3165/3555 6155/3167/3556 6154/3166/2476
f 6156/3168/2502 6154/3166/2476 6155/3167/3556
f 6155/3167/3556 6157/3169/2479 6156/3168/2502
f 6158/3172/3557 6159/3171/3558 6160/3170/2482
f 6160/3170/2482 6161/3173/3559 6158/3172/3557
f 6162/3176/2484 6163/3175/3560 6164/3174/3561
f 6164/3174/3561 6165/3177/2487 6162/3176/2484
f 6161/3173/3559 6164/3174/3561 6163/3175/3560
f 6163/3175/3560 6158/3172/3557 6161/3173/3559
f 6166/3178/3562 6162/3176/2484 6165/3177/2487
f 6165/3177/2487 6167/3179/2489 6166/3178/3562
f 6168/3182/3563 6169/3181/3564 6170/3180/3565
f 6170/3180/3565 6171/3183/2503 6168/3182/3563
f 6171/3183/2503 6172/3185/3566 6173/3184/2495
f 6173/3184/2495 6168/3182/3563 6171/3183/2503
f 6174/3186/3567 6173/3184/2495 6172/3185/3566
f 6172/3185/3566 6175/3187/2497 6174/3186/3567
f 6176/3188/2498 6174/3186/3567 6175/3187/2497
f 6175/3187/2497 6177/3189/2499 6176/3188/2498
f 6137/3149/3547 6104/3118/2429 6107/3119/2432
f 6107/3119/2432 6136/3148/3546 6137/3149/3547
f 6145/3157/2467 6122/3136/2444 6125/3137/2447
f 6125/3137/2447 6144/3156/2466 6145/3157/2467
f 6167/3179/2489 6150/3162/3554 6151/3163/2473
f 6151/3163/2473 6166/3178/3562 6167/3179/2489
f 6157/3169/2479 6176/3188/2498 6177/3189/2499
f 6177/3189/2499 6156/3168/2502 6157/3169/2479
f 6125/3137/2447 6124/3134/2683 6117/3129/2192
f 6117/3129/2192 6116/3126/2189 6125/3137/2447
f 6117/3129/2192 6124/3134/2683 6126/3138/2448
f 6126/3138/2448 6121/3133/2196 6117/3129/2192
f 6101/3113/2427 6105/3117/2430 6104/3118/2429
f 6104/3118/2429 6103/3115/2179 6101/3113/2427
f 6100/3110/2426 6109/3121/3542 6105/3117/2430
f 6105/3117/2430 6101/3113/2427 6100/3110/2426
f 6149/3161/2471 6146/3159/2468 6178/3190/2500
f 6178/3190/2500 6179/3191/2476 6149/3161/2471
f 6162/3176/2484 6166/3178/3562 6180/3192/2499
f 6180/3192/2499 6181/3193/2497 6162/3176/2484
f 6107/3119/2432 6106/3116/2431 6182/3194/2445
f 6182/3194/2445 6183/3195/2444 6107/3119/2432
f 6098/3112/2424 6102/3114/2428 6115/3127/2682
f 6115/3127/2682 6114/3128/2438 6098/3112/2424
f 6182/3194/2445 6106/3116/2431 6108/3120/2431
f 6108/3120/2431 6184/3196/2445 6182/3194/2445
f 6099/3111/2425 6098/3112/2424 6114/3128/2438
f 6114/3128/2438 6120/3132/2443 6099/3111/2425
f 6132/3142/2454 6134/3146/2456 6185/3197/3568
f 6185/3197/3568 6186/3198/2461 6132/3142/2454
f 6110/3122/3543 6112/3124/2436 6128/3141/2450
f 6128/3141/2450 6119/3131/2442 6110/3122/3543
f 6102/3114/2428 6110/3122/3543 6119/3131/2442
f 6119/3131/2442 6115/3127/2682 6102/3114/2428
f 6178/3190/2500 6146/3159/2468 6133/3145/2455
f 6133/3145/2455 6187/3199/2460 6178/3190/2500
f 6187/3199/2460 6133/3145/2455 6132/3142/2454
f 6132/3142/2454 6186/3198/2461 6187/3199/2460
f 6180/3192/2499 6166/3178/3562 6151/3163/2473
f 6151/3163/2473 6188/3200/3569 6180/3192/2499
f 6188/3200/3569 6151/3163/2473 6149/3161/2471
f 6149/3161/2471 6179/3191/2476 6188/3200/3569
f 6189/3201/3565 6159/3171/3558 6158/3172/3557
f 6158/3172/3557 6190/3202/2503 6189/3201/3565
f 6190/3202/2503 6158/3172/3557 6163/3175/3560
f 6163/3175/3560 6191/3203/2494 6190/3202/2503
f 6185/3197/3568 6134/3146/2456 6136/3148/3546
f 6136/3148/3546 6192/3204/2504 6185/3197/3568
f 6192/3204/2504 6136/3148/3546 6107/3119/2432
f 6107/3119/2432 6183/3195/2444 6192/3204/2504
f 6176/3188/2498 6157/3169/2479 6193/3205/2505
f 6193/3205/2505 6174/3186/3567 6176/3188/2498
f 6111/3123/3544 6103/3115/2179 6104/3118/2429
f 6111/3123/3544 6104/3118/2429 6137/3149/3547
f 6137/3149/3547 6113/3125/2437 6111/3123/3544
f 6144/3156/2466 6125/3137/2447 6116/3126/2189
f 6144/3156/2466 6116/3126/2189 6118/3130/2441
f 6118/3130/2441 6129/3140/3545 6144/3156/2466
f 6194/3206/6 6150/3162/3554 6167/3179/2489
f 6167/3179/2489 6165/3177/2487 6194/3206/6
f 6161/3173/3559 6160/3170/2482 6195/3207/2506
f 6195/3207/2506 6196/3208/2507 6161/3173/3559
f 6164/3174/3561 6161/3173/3559 6196/3208/2507
f 6196/3208/2507 6197/3209/2508 6164/3174/3561
f 6163/3175/3560 6162/3176/2484 6181/3193/2497
f 6181/3193/2497 6191/3203/2494 6163/3175/3560
f 6197/3209/2508 6194/3206/6 6165/3177/2487
f 6165/3177/2487 6164/3174/3561 6197/3209/2508
f 6168/3182/3563 6095/3107/2421 6097/3109/2423
f 6097/3109/2423 6169/3181/3564 6168/3182/3563
f 6173/3184/2495 6092/3106/2418 6095/3107/2421
f 6095/3107/2421 6168/3182/3563 6173/3184/2495
f 6173/3184/2495 6174/3186/3567 6193/3205/2505
f 6173/3184/2495 6193/3205/2505 6093/3105/2419
f 6093/3105/2419 6092/3106/2418 6173/3184/2495
f 6155/3167/3556 6152/3165/3555 6193/3205/2505
f 6193/3205/2505 6157/3169/2479 6155/3167/3556
f 6148/3160/3553 6150/3162/3554 6194/3206/6
f 6194/3206/6 6147/3158/3552 6148/3160/3553
f 6198/3211/3570 6199/3210/2510 6089/3101/2415
f 6089/3101/2415 6090/3102/2416 6198/3211/3570
f 6200/3212/2511 6198/3211/3570 6090/3102/2416
f 6090/3102/2416 6091/3103/2417 6200/3212/2511
f 6088/3100/1 6201/3213/2512 6200/3212/2511
f 6200/3212/2511 6091/3103/2417 6088/3100/1
f 5987/2999/2334 6202/3215/3571 6203/3214/3572
f 6203/3214/3572 6087/3099/2414 5987/2999/2334
f 5986/3000/3505 5990/3002/3507 6204/3216/2515
f 6204/3216/2515 6205/3217/3573 5986/3000/3505
f 5987/2999/2334 5986/3000/3505 6205/3217/3573
f 6205/3217/3573 6202/3215/3571 5987/2999/2334
f 6007/3019/2349 6006/3018/3511 6206/3218/3574
f 6206/3218/3574 6207/3219/2518 6007/3019/2349
f 6208/3220/2519 6023/3034/2360 6022/3035/3516
f 6209/3222/2520 6210/3221/3575 6053/3065/3531
f 6053/3065/3531 6052/3066/2389 6209/3222/2520
f 6211/3224/3576 6212/3223/2523 6063/3075/2400
f 6063/3075/2400 6062/3076/3535 6211/3224/3576
f 6213/3225/3577 6032/3046/2369 6035/3047/3524
f 6035/3047/3524 6203/3214/3572 6213/3225/3577
f 6083/3095/3540 6053/3065/3531 6210/3221/3575
f 6210/3221/3575 6214/3226/2525 6083/3095/3540
f 6206/3218/3574 6006/3018/3511 6023/3034/2360
f 6023/3034/2360 6208/3220/2519 6206/3218/3574
f 6215/3227/2526 6025/3037/2362 6029/3041/3519
f 6029/3041/3519 6216/3228/3578 6215/3227/2526
f 6036/3048/2373 6032/3046/2369 6213/3225/3577
f 6213/3225/3577 6217/3229/2528 6036/3048/2373
f 6025/3037/2362 6215/3227/2526 6201/3213/2512
f 6201/3213/2512 6026/3036/2363 6025/3037/2362
f 6031/3043/3521 6007/3019/2349 6207/3219/2518
f 6031/3043/3521 6207/3219/2518 6216/3228/3578
f 6216/3228/3578 6029/3041/3519 6031/3043/3521
f 6036/3048/2373 6217/3229/2528 6022/3035/3516
f 6022/3035/3516 6038/3050/2375 6036/3048/2373
f 6088/3100/1 6040/3053/3525 6026/3036/2363
f 6026/3036/2363 6201/3213/2512 6088/3100/1
f 6052/3066/2389 6089/3101/2415 6199/3210/2510
f 6199/3210/2510 6209/3222/2520 6052/3066/2389
f 6087/3099/2414 6203/3214/3572 6035/3047/3524
f 6035/3047/3524 6047/3058/3529 6087/3099/2414
f 6204/3216/2529 5990/3002/2530 5991/3003/2338
f 6204/3216/2515 5991/3003/2338 6063/3075/2400
f 6063/3075/2400 6212/3223/2523 6204/3216/2515
f 6195/3207/2506 6218/3231/3579 6219/3230/3580
f 6219/3230/3580 6196/3208/2507 6195/3207/2506
f 6196/3208/2507 6219/3230/3580 6220/3232/2534
f 6220/3232/2534 6197/3209/2508 6196/3208/2507
f 6220/3232/2534 6221/3233/2535 6194/3206/6
f 6194/3206/6 6197/3209/2508 6220/3232/2534
f 6222/3235/2536 6223/3234/2537 6093/3105/2419
f 6093/3105/2419 6193/3205/2505 6222/3235/2536
f 6224/3236/2538 6096/3108/3541 6094/3104/2420
f 6094/3104/2420 6225/3237/3581 6224/3236/2538
f 6225/3237/3581 6094/3104/2420 6093/3105/2419
f 6093/3105/2419 6223/3234/2537 6225/3237/3581
f 6226/3238/2540 6112/3124/2436 6113/3125/2437
f 6113/3125/2437 6227/3239/3582 6226/3238/2540
f 6228/3240/2542 6129/3140/3545 6128/3141/2450
f 6159/3171/3558 6229/3242/3583 6230/3241/3584
f 6230/3241/3584 6160/3170/2482 6159/3171/3558
f 6169/3181/3564 6231/3244/2544 6232/3243/2545
f 6232/3243/2545 6170/3180/3565 6169/3181/3564
f 6141/3153/3549 6140/3150/3548 6233/3245/3585
f 6233/3245/3585 6222/3235/2536 6141/3153/3549
f 6229/3242/3583 6159/3171/3558 6189/3201/3565
f 6189/3201/3565 6234/3246/3586 6229/3242/3583
f 6128/3141/2450 6112/3124/2436 6226/3238/2540
f 6226/3238/2540 6228/3240/2542 6128/3141/2450
f 6135/3147/2457 6131/3143/2453 6235/3247/2548
f 6235/3247/2548 6236/3248/2549 6135/3147/2457
f 6233/3245/3585 6140/3150/3548 6142/3154/3550
f 6142/3154/3550 6237/3249/2550 6233/3245/3585
f 6221/3233/2535 6235/3247/2548 6131/3143/2453
f 6131/3143/2453 6130/3144/2452 6221/3233/2535
f 6227/3239/3582 6113/3125/2437 6137/3149/3547
f 6227/3239/3582 6137/3149/3547 6135/3147/2457
f 6135/3147/2457 6236/3248/2549 6227/3239/3582
f 6129/3140/3545 6237/3249/2550 6142/3154/3550
f 6142/3154/3550 6144/3156/2466 6129/3140/3545
f 6130/3144/2452 6147/3158/3552 6194/3206/6
f 6194/3206/6 6221/3233/2535 6130/3144/2452
f 6218/3231/3579 6195/3207/2506 6160/3170/2482
f 6160/3170/2482 6230/3241/3584 6218/3231/3579
f 6141/3153/3549 6222/3235/2536 6193/3205/2505
f 6193/3205/2505 6152/3165/3555 6141/3153/3549
f 6097/3109/2423 6096/3108/2422 6224/3236/2551
f 6097/3109/2423 6224/3236/2538 6231/3244/2544
f 6231/3244/2544 6169/3181/3564 6097/3109/2423
f 6201/3213/2512 6215/3227/2526 6238/3250/2552
f 6238/3250/2552 6239/3251/2553 6201/3213/2512
f 6240/3253/2553 6241/3252/3587 6235/3247/2548
f 6235/3247/2548 6221/3233/2535 6240/3253/2553
f 6236/3248/2549 6235/3247/2548 6241/3252/3587
f 6241/3252/3587 6242/3254/2554 6236/3248/2549
f 6243/3255/2554 6238/3250/2552 6215/3227/2526
f 6215/3227/2526 6216/3228/3578 6243/3255/2554
f 6227/3239/3582 6236/3248/2549 6242/3254/2554
f 6242/3254/2554 6244/3256/2556 6227/3239/3582
f 6245/3257/2555 6243/3255/2554 6216/3228/3578
f 6216/3228/3578 6207/3219/2518 6245/3257/2555
f 6217/3229/2528 6213/3225/3577 6246/3258/2557
f 6246/3258/2557 6247/3259/2558 6217/3229/2528
f 6248/3261/2559 6249/3260/2557 6233/3245/3585
f 6233/3245/3585 6237/3249/2550 6248/3261/2559
f 6022/3035/3516 6217/3229/2528 6247/3259/2558
f 6247/3259/2558 6250/3262/2561 6022/3035/3516
f 6251/3263/2561 6248/3261/2559 6237/3249/2550
f 6237/3249/2550 6129/3140/3545 6251/3263/2561
f 6208/3220/2519 6022/3035/3516 6250/3262/2561
f 6250/3262/2561 6252/3264/2563 6208/3220/2519
f 6253/3265/2562 6251/3263/2561 6129/3140/3545
f 6129/3140/3545 6228/3240/2542 6253/3265/2562
f 6199/3210/2510 6198/3211/3570 6254/3266/2564
f 6254/3266/2564 6255/3267/3588 6199/3210/2510
f 6256/3269/2565 6257/3268/2564 6219/3230/3580
f 6219/3230/3580 6218/3231/3579 6256/3269/2565
f 6209/3222/2520 6199/3210/2510 6255/3267/3588
f 6255/3267/3588 6258/3270/3589 6209/3222/2520
f 6259/3271/2566 6256/3269/2565 6218/3231/3579
f 6218/3231/3579 6230/3241/3584 6259/3271/2566
f 6220/3232/2534 6219/3230/3580 6257/3268/2564
f 6257/3268/2564 6260/3272/3590 6220/3232/2534
f 6261/3273/2568 6254/3266/2564 6198/3211/3570
f 6198/3211/3570 6200/3212/2511 6261/3273/2568
f 6221/3233/2535 6220/3232/2534 6260/3272/3590
f 6260/3272/3590 6240/3253/2553 6221/3233/2535
f 6239/3251/2553 6261/3273/2568 6200/3212/2511
f 6200/3212/2511 6201/3213/2512 6239/3251/2553
f 6222/3235/2536 6233/3245/3585 6249/3260/2557
f 6249/3260/2557 6262/3274/2569 6222/3235/2536
f 6263/3275/2569 6246/3258/2557 6213/3225/3577
f 6213/3225/3577 6203/3214/3572 6263/3275/2569
f 6223/3234/2537 6222/3235/2536 6262/3274/2569
f 6262/3274/2569 6264/3276/2571 6223/3234/2537
f 6265/3277/2571 6263/3275/2569 6203/3214/3572
f 6203/3214/3572 6202/3215/3571 6265/3277/2571
f 6205/3217/3573 6204/3216/2515 6266/3278/2572
f 6266/3278/2572 6267/3279/2573 6205/3217/3573
f 6268/3281/2573 6269/3280/2572 6224/3236/2538
f 6224/3236/2538 6225/3237/3581 6268/3281/2573
f 6225/3237/3581 6223/3234/2537 6264/3276/2571
f 6264/3276/2571 6268/3281/2573 6225/3237/3581
f 6267/3279/2573 6265/3277/2571 6202/3215/3571
f 6202/3215/3571 6205/3217/3573 6267/3279/2573
f 6226/3238/2540 6227/3239/3582 6244/3256/2556
f 6244/3256/2556 6270/3282/2574 6226/3238/2540
f 6271/3283/2574 6245/3257/2555 6207/3219/2518
f 6207/3219/2518 6206/3218/3574 6271/3283/2574
f 6228/3240/2542 6226/3238/2540 6270/3282/2574
f 6270/3282/2574 6253/3265/2562 6228/3240/2542
f 6252/3264/2563 6271/3283/2574 6206/3218/3574
f 6206/3218/3574 6208/3220/2519 6252/3264/2563
f 6210/3221/3575 6209/3222/2520 6258/3270/3589
f 6258/3270/3589 6272/3284/2575 6210/3221/3575
f 6273/3285/2576 6259/3271/2566 6230/3241/3584
f 6230/3241/3584 6229/3242/3583 6273/3285/2576
f 6214/3226/2525 6210/3221/3575 6272/3284/2575
f 6272/3284/2575 6274/3286/3591 6214/3226/2525
f 6275/3287/2579 6273/3285/2576 6229/3242/3583
f 6229/3242/3583 6234/3246/3586 6275/3287/2579
f 6212/3223/2523 6211/3224/3576 6276/3288/2579
f 6276/3288/2579 6277/3289/3592 6212/3223/2523
f 6278/3291/3593 6279/3290/3594 6232/3243/2545
f 6232/3243/2545 6231/3244/2544 6278/3291/3593
f 6231/3244/2544 6224/3236/2538 6269/3280/2572
f 6269/3280/2572 6278/3291/3593 6231/3244/2544
f 6277/3289/3592 6266/3278/2572 6204/3216/2515
f 6204/3216/2515 6212/3223/2523 6277/3289/3592
f 6280/3294/3595 6281/3293/2076 6282/3292/3596
f 6282/3292/3596 6283/3295/3597 6280/3294/3595
f 6283/3295/3597 6282/3292/3596 6284/3296/3598
f 6284/3296/3598 6285/3297/3599 6283/3295/3597
f 6286/3300/2081 6287/3299/2082 6288/3298/2083
f 6288/3298/2083 6289/3301/2604 6286/3300/2081
f 6290/3302/3600 6286/3300/2081 6289/3301/2604
f 6289/3301/2604 6291/3303/2086 6290/3302/3600
f 6292/3306/2087 6293/3305/2088 6294/3304/2089
f 6294/3304/2089 6295/3307/2357 6292/3306/2087
f 6296/3308/2091 6294/3304/2089 6293/3305/2088
f 6293/3305/2088 6297/3309/2358 6296/3308/2091
f 6298/3310/3601 6290/3302/3600 6291/3303/2086
f 6291/3303/2086 6299/3311/2352 6298/3310/3601
f 6300/3312/3602 6298/3310/3601 6299/3311/2352
f 6299/3311/2352 6301/3313/2096 6300/3312/3602
f 6302/3316/2097 6303/3315/2341 6304/3314/3603
f 6304/3314/3603 6305/3317/3604 6302/3316/2097
f 6306/3318/3605 6304/3314/3603 6303/3315/2341
f 6303/3315/2341 6307/3319/3606 6306/3318/3605
f 6308/3320/2340 6302/3316/2097 6305/3317/3604
f 6305/3317/3604 6309/3321/3607 6308/3320/2340
f 6310/3324/2105 6311/3323/2106 6312/3322/2342
f 6312/3322/2342 6313/3325/2108 6310/3324/2105
f 6314/3326/2345 6312/3322/2342 6311/3323/2106
f 6311/3323/2106 6315/3327/3608 6314/3326/2345
f 6307/3319/3606 6316/3329/3609 6317/3328/2112
f 6317/3328/2112 6306/3318/3605 6307/3319/3606
f 6318/3332/2113 6319/3331/3610 6320/3330/2115
f 6320/3330/2115 6321/3333/2116 6318/3332/2113
f 6322/3334/2117 6320/3330/2115 6319/3331/3610
f 6319/3331/3610 6323/3335/2118 6322/3334/2117
f 6324/3336/2119 6322/3334/2117 6323/3335/2118
f 6323/3335/2118 6325/3337/3611 6324/3336/2119
f 6326/3340/3612 6327/3339/2122 6328/3338/2123
f 6328/3338/2123 6329/3341/2124 6326/3340/3612
f 6330/3342/3613 6328/3338/2123 6327/3339/2122
f 6327/3339/2122 6331/3343/2126 6330/3342/3613
f 6332/3344/2127 6330/3342/3613 6331/3343/2126
f 6331/3343/2126 6333/3345/2128 6332/3344/2127
f 6321/3333/2116 6334/3347/2129 6335/3346/2130
f 6335/3346/2130 6318/3332/2113 6321/3333/2116
f 6336/3348/2131 6335/3346/2130 6334/3347/2129
f 6334/3347/2129 6337/3349/2132 6336/3348/2131
f 6338/3350/2133 6336/3348/2131 6337/3349/2132
f 6337/3349/2132 6339/3351/3614 6338/3350/2133
f 6329/3341/2124 6340/3353/2135 6341/3352/3615
f 6341/3352/3615 6326/3340/3612 6329/3341/2124
f 6342/3354/3616 6341/3352/3615 6340/3353/2135
f 6340/3353/2135 6343/3355/2138 6342/3354/3616
f 6344/3356/2162 6342/3354/3616 6343/3355/2138
f 6343/3355/2138 6345/3357/2140 6344/3356/2162
f 6346/3360/3617 6347/3359/2142 6348/3358/3618
f 6348/3358/3618 6349/3361/3619 6346/3360/3617
f 6350/3364/2145 6351/3363/2146 6352/3362/2147
f 6352/3362/2147 6353/3365/3620 6350/3364/2145
f 6349/3361/3619 6352/3362/2147 6351/3363/2146
f 6351/3363/2146 6346/3360/3617 6349/3361/3619
f 6354/3366/2149 6350/3364/2145 6353/3365/3620
f 6353/3365/3620 6355/3367/3621 6354/3366/2149
f 6356/3370/3622 6357/3369/3623 6358/3368/3624
f 6358/3368/3624 6359/3371/3625 6356/3370/3622
f 6359/3371/3625 6360/3373/2155 6361/3372/3626
f 6361/3372/3626 6356/3370/3622 6359/3371/3625
f 6362/3374/3627 6361/3372/3626 6360/3373/2155
f 6360/3373/2155 6363/3375/2161 6362/3374/3627
f 6364/3376/2159 6362/3374/3627 6363/3375/2161
f 6363/3375/2161 6365/3377/2160 6364/3376/2159
f 6325/3337/3611 6292/3306/2087 6295/3307/2357
f 6295/3307/2357 6324/3336/2119 6325/3337/3611
f 6333/3345/2128 6310/3324/2105 6313/3325/2108
f 6313/3325/2108 6332/3344/2127 6333/3345/2128
f 6355/3367/3621 6338/3350/2133 6339/3351/3614
f 6339/3351/3614 6354/3366/2149 6355/3367/3621
f 6345/3357/2140 6364/3376/2159 6365/3377/2160
f 6365/3377/2160 6344/3356/2162 6345/3357/2140
f 6313/3325/2108 6312/3322/2342 6305/3317/3604
f 6305/3317/3604 6304/3314/3603 6313/3325/2108
f 6305/3317/3604 6312/3322/2342 6314/3326/2345
f 6314/3326/2345 6309/3321/3607 6305/3317/3604
f 6289/3301/2604 6293/3305/2088 6292/3306/2087
f 6292/3306/2087 6291/3303/2086 6289/3301/2604
f 6288/3298/2083 6297/3309/2358 6293/3305/2088
f 6293/3305/2088 6289/3301/2604 6288/3298/2083
f 6337/3349/2132 6334/3347/2129 6366/3378/3615
f 6366/3378/3615 6367/3379/3628 6337/3349/2132
f 6350/3364/2145 6354/3366/2149 6368/3380/2160
f 6368/3380/2160 6369/3381/2161 6350/3364/2145
f 6295/3307/2357 6294/3304/2089 6370/3382/2106
f 6370/3382/2106 6371/3383/2105 6295/3307/2357
f 6286/3300/2081 6290/3302/3600 6303/3315/2341
f 6303/3315/2341 6302/3316/2097 6286/3300/2081
f 6370/3382/2106 6294/3304/2089 6296/3308/2091
f 6296/3308/2091 6372/3384/2106 6370/3382/2106
f 6287/3299/2082 6286/3300/2081 6302/3316/2097
f 6302/3316/2097 6308/3320/2340 6287/3299/2082
f 6320/3330/2115 6322/3334/2117 6373/3385/3629
f 6373/3385/3629 6374/3386/2122 6320/3330/2115
f 6298/3310/3601 6300/3312/3602 6316/3329/3609
f 6316/3329/3609 6307/3319/3606 6298/3310/3601
f 6290/3302/3600 6298/3310/3601 6307/3319/3606
f 6307/3319/3606 6303/3315/2341 6290/3302/3600
f 6366/3378/3615 6334/3347/2129 6321/3333/2116
f 6321/3333/2116 6375/3387/2121 6366/3378/3615
f 6375/3387/2121 6321/3333/2116 6320/3330/2115
f 6320/3330/2115 6374/3386/2122 6375/3387/2121
f 6368/3380/2160 6354/3366/2149 6339/3351/3614
f 6339/3351/3614 6376/3388/3630 6368/3380/2160
f 6376/3388/3630 6339/3351/3614 6337/3349/2132
f 6337/3349/2132 6367/3379/3628 6376/3388/3630
f 6377/3389/3631 6347/3359/2142 6346/3360/3617
f 6346/3360/3617 6378/3390/2163 6377/3389/3631
f 6378/3390/2163 6346/3360/3617 6351/3363/2146
f 6351/3363/2146 6379/3391/2155 6378/3390/2163
f 6373/3385/3629 6322/3334/2117 6324/3336/2119
f 6324/3336/2119 6380/3392/2128 6373/3385/3629
f 6380/3392/2128 6324/3336/2119 6295/3307/2357
f 6295/3307/2357 6371/3383/2105 6380/3392/2128
f 6364/3376/2159 6345/3357/2140 6381/3393/2164
f 6381/3393/2164 6362/3374/3627 6364/3376/2159
f 6299/3311/2352 6291/3303/2086 6292/3306/2087
f 6299/3311/2352 6292/3306/2087 6325/3337/3611
f 6325/3337/3611 6301/3313/2096 6299/3311/2352
f 6332/3344/2127 6313/3325/2108 6304/3314/3603
f 6332/3344/2127 6304/3314/3603 6306/3318/3605
f 6306/3318/3605 6317/3328/2112 6332/3344/2127
f 6382/3394/40 6338/3350/2133 6355/3367/3621
f 6355/3367/3621 6353/3365/3620 6382/3394/40
f 6349/3361/3619 6348/3358/3618 6383/3395/2165
f 6383/3395/2165 6384/3396/3632 6349/3361/3619
f 6352/3362/2147 6349/3361/3619 6384/3396/3632
f 6384/3396/3632 6385/3397/2167 6352/3362/2147
f 6351/3363/2146 6350/3364/2145 6369/3381/2161
f 6369/3381/2161 6379/3391/2155 6351/3363/2146
f 6385/3397/2167 6382/3394/40 6353/3365/3620
f 6353/3365/3620 6352/3362/2147 6385/3397/2167
f 6356/3370/3622 6283/3295/3597 6285/3297/3599
f 6285/3297/3599 6357/3369/3623 6356/3370/3622
f 6361/3372/3626 6280/3294/3595 6283/3295/3597
f 6283/3295/3597 6356/3370/3622 6361/3372/3626
f 6361/3372/3626 6362/3374/3627 6381/3393/2164
f 6361/3372/3626 6381/3393/2164 6281/3293/2076
f 6281/3293/2076 6280/3294/3595 6361/3372/3626
f 6343/3355/2138 6340/3353/2135 6381/3393/2164
f 6381/3393/2164 6345/3357/2140 6343/3355/2138
f 6336/3348/2131 6338/3350/2133 6382/3394/40
f 6382/3394/40 6335/3346/2130 6336/3348/2131
f 6386/3400/2168 6387/3399/2169 6388/3398/3633
f 6388/3398/3633 6389/3401/2171 6386/3400/2168
f 6390/3402/2172 6386/3400/2168 6389/3401/2171
f 6389/3401/2171 6391/3403/2173 6390/3402/2172
f 6392/3110/3634 6393/3111/2175 6394/3404/2176
f 6394/3404/2176 6395/3405/2177 6392/3110/3634
f 6395/3405/2177 6394/3404/2176 6396/3406/2178
f 6396/3406/2178 6397/3407/2179 6395/3405/2177
f 6398/3410/2180 6399/3409/2926 6400/3408/2182
f 6400/3408/2182 6401/3411/2183 6398/3410/2180
f 6399/3409/2926 6398/3410/2180 6402/3120/2180
f 6402/3120/2180 6403/3121/2184 6399/3409/2926
f 6397/3407/2179 6396/3406/2178 6404/3412/3635
f 6404/3412/3635 6405/3413/2186 6397/3407/2179
f 6405/3413/2186 6404/3412/3635 6406/3414/2187
f 6406/3414/2187 6407/3415/3636 6405/3413/2186
f 6408/3418/2189 6409/3417/2190 6410/3416/2191
f 6410/3416/2191 6411/3419/2192 6408/3418/2189
f 6409/3417/2190 6408/3418/2189 6412/3420/2193
f 6412/3420/2193 6413/3421/2194 6409/3417/2190
f 6411/3419/2192 6410/3416/2191 6414/3132/2195
f 6414/3132/2195 6415/3133/2196 6411/3419/2192
f 6416/3424/3637 6417/3423/2198 6418/3422/2199
f 6418/3422/2199 6419/3425/2916 6416/3424/3637
f 6417/3423/2198 6416/3424/3637 6420/3138/3638
f 6420/3138/3638 6421/3139/2198 6417/3423/2198
f 6422/3427/2202 6423/3426/2203 6413/3421/2194
f 6413/3421/2194 6412/3420/2193 6422/3427/2202
f 6424/3430/2204 6425/3429/2205 6426/3428/2206
f 6426/3428/2206 6427/3431/3639 6424/3430/2204
f 6425/3429/2205 6424/3430/2204 6428/3432/2208
f 6428/3432/2208 6429/3433/2209 6425/3429/2205
f 6429/3433/2209 6428/3432/2208 6430/3434/2210
f 6430/3434/2210 6431/3435/3640 6429/3433/2209
f 6432/3438/3641 6433/3437/3642 6434/3436/3643
f 6434/3436/3643 6435/3439/2215 6432/3438/3641
f 6433/3437/3642 6432/3438/3641 6436/3440/2216
f 6436/3440/2216 6437/3441/3644 6433/3437/3642
f 6437/3441/3644 6436/3440/2216 6438/3442/2218
f 6438/3442/2218 6439/3443/3645 6437/3441/3644
f 6440/3445/3646 6441/3444/2221 6427/3431/3639
f 6427/3431/3639 6426/3428/2206 6440/3445/3646
f 6441/3444/2221 6440/3445/3646 6442/3446/2222
f 6442/3446/2222 6443/3447/2223 6441/3444/2221
f 6443/3447/2223 6442/3446/2222 6444/3448/3647
f 6444/3448/3647 6445/3449/2225 6443/3447/2223
f 6446/3451/2226 6447/3450/2227 6435/3439/2215
f 6435/3439/2215 6434/3436/3643 6446/3451/2226
f 6447/3450/2227 6446/3451/2226 6448/3452/2228
f 6448/3452/2228 6449/3453/3556 6447/3450/2227
f 6449/3453/3556 6448/3452/2228 6450/3454/2230
f 6450/3454/2230 6451/3455/2231 6449/3453/3556
f 6452/3458/3648 6453/3457/2233 6454/3456/2234
f 6454/3456/2234 6455/3459/2235 6452/3458/3648
f 6456/3462/3649 6457/3461/2237 6458/3460/2238
f 6458/3460/2238 6459/3463/2239 6456/3462/3649
f 6457/3461/2237 6456/3462/3649 6455/3459/2235
f 6455/3459/2235 6454/3456/2234 6457/3461/2237
f 6459/3463/2239 6458/3460/2238 6460/3464/2240
f 6460/3464/2240 6461/3465/3650 6459/3463/2239
f 6462/3468/3651 6463/3467/2243 6464/3466/2244
f 6464/3466/2244 6465/3469/3652 6462/3468/3651
f 6466/3471/3653 6467/3470/3654 6465/3469/3652
f 6465/3469/3652 6464/3466/2244 6466/3471/3653
f 6467/3470/3654 6466/3471/3653 6468/3472/3655
f 6468/3472/3655 6469/3473/2249 6467/3470/3654
f 6469/3473/2249 6468/3472/3655 6470/3474/3656
f 6470/3474/3656 6471/3475/2251 6469/3473/2249
f 6401/3411/2183 6400/3408/2182 6431/3435/3640
f 6431/3435/3640 6430/3434/2210 6401/3411/2183
f 6419/3425/2916 6418/3422/2199 6439/3443/3645
f 6439/3443/3645 6438/3442/2218 6419/3425/2916
f 6445/3449/2225 6444/3448/3647 6461/3465/3650
f 6461/3465/3650 6460/3464/2240 6445/3449/2225
f 6471/3475/2251 6470/3474/3656 6451/3455/2231
f 6451/3455/2231 6450/3454/2230 6471/3475/2251
f 6411/3419/2192 6416/3424/3637 6419/3425/2916
f 6419/3425/2916 6408/3418/2189 6411/3419/2192
f 6420/3138/3638 6416/3424/3637 6411/3419/2192
f 6411/3419/2192 6415/3133/2196 6420/3138/3638
f 6400/3408/2182 6399/3409/2926 6395/3405/2177
f 6395/3405/2177 6397/3407/2179 6400/3408/2182
f 6399/3409/2926 6403/3121/2184 6392/3110/3634
f 6392/3110/3634 6395/3405/2177 6399/3409/2926
f 6472/3476/2226 6441/3444/2221 6443/3447/2223
f 6443/3447/2223 6473/3477/2228 6472/3476/2226
f 6474/3478/2251 6460/3464/2240 6458/3460/2238
f 6458/3460/2238 6475/3479/2249 6474/3478/2251
f 6476/3480/2198 6398/3410/2180 6401/3411/2183
f 6401/3411/2183 6477/3481/2199 6476/3480/2198
f 6409/3417/2190 6396/3406/2178 6394/3404/2176
f 6394/3404/2176 6410/3416/2191 6409/3417/2190
f 6402/3120/2180 6398/3410/2180 6476/3480/2198
f 6476/3480/2198 6478/3196/2198 6402/3120/2180
f 6410/3416/2191 6394/3404/2176 6393/3111/2175
f 6393/3111/2175 6414/3132/2195 6410/3416/2191
f 6479/3482/2217 6428/3432/2208 6424/3430/2204
f 6424/3430/2204 6480/3483/3642 6479/3482/2217
f 6423/3426/2203 6406/3414/2187 6404/3412/3635
f 6404/3412/3635 6413/3421/2194 6423/3426/2203
f 6413/3421/2194 6404/3412/3635 6396/3406/2178
f 6396/3406/2178 6409/3417/2190 6413/3421/2194
f 6427/3431/3639 6441/3444/2221 6472/3476/2226
f 6472/3476/2226 6481/3484/2214 6427/3431/3639
f 6424/3430/2204 6427/3431/3639 6481/3484/2214
f 6481/3484/2214 6480/3483/3642 6424/3430/2204
f 6445/3449/2225 6460/3464/2240 6474/3478/2251
f 6474/3478/2251 6482/3485/2230 6445/3449/2225
f 6443/3447/2223 6445/3449/2225 6482/3485/2230
f 6482/3485/2230 6473/3477/2228 6443/3447/2223
f 6454/3456/2234 6453/3457/2233 6483/3486/3657
f 6483/3486/3657 6484/3487/3652 6454/3456/2234
f 6457/3461/2237 6454/3456/2234 6484/3487/3652
f 6484/3487/3652 6485/3488/2247 6457/3461/2237
f 6430/3434/2210 6428/3432/2208 6479/3482/2217
f 6479/3482/2217 6486/3489/3645 6430/3434/2210
f 6401/3411/2183 6430/3434/2210 6486/3489/3645
f 6486/3489/3645 6477/3481/2199 6401/3411/2183
f 6487/3490/2255 6451/3455/2231 6470/3474/3656
f 6470/3474/3656 6468/3472/3655 6487/3490/2255
f 6400/3408/2182 6397/3407/2179 6405/3413/2186
f 6400/3408/2182 6405/3413/2186 6407/3415/3636
f 6407/3415/3636 6431/3435/3640 6400/3408/2182
f 6408/3418/2189 6419/3425/2916 6438/3442/2218
f 6408/3418/2189 6438/3442/2218 6422/3427/2202
f 6422/3427/2202 6412/3420/2193 6408/3418/2189
f 6461/3465/3650 6444/3448/3647 6488/3491/6
f 6488/3491/6 6459/3463/2239 6461/3465/3650
f 6489/3492/3658 6452/3458/3648 6455/3459/2235
f 6455/3459/2235 6490/3493/2257 6489/3492/3658
f 6490/3493/2257 6455/3459/2235 6456/3462/3649
f 6456/3462/3649 6491/3494/2258 6490/3493/2257
f 6475/3479/2249 6458/3460/2238 6457/3461/2237
f 6457/3461/2237 6485/3488/2247 6475/3479/2249
f 6459/3463/2239 6488/3491/6 6491/3494/2258
f 6491/3494/2258 6456/3462/3649 6459/3463/2239
f 6391/3403/2173 6389/3401/2171 6464/3466/2244
f 6464/3466/2244 6463/3467/2243 6391/3403/2173
f 6389/3401/2171 6388/3398/3633 6466/3471/3653
f 6466/3471/3653 6464/3466/2244 6389/3401/2171
f 6487/3490/2255 6468/3472/3655 6466/3471/3653
f 6487/3490/2255 6466/3471/3653 6388/3398/3633
f 6388/3398/3633 6387/3399/2169 6487/3490/2255
f 6487/3490/2255 6447/3450/2227 6449/3453/3556
f 6449/3453/3556 6451/3455/2231 6487/3490/2255
f 6488/3491/6 6444/3448/3647 6442/3446/2222
f 6442/3446/2222 6440/3445/3646 6488/3491/6
f 6383/3395/2165 6492/3496/2259 6493/3495/2260
f 6493/3495/2260 6384/3396/3632 6383/3395/2165
f 6384/3396/3632 6493/3495/2260 6494/3497/3659
f 6494/3497/3659 6385/3397/2167 6384/3396/3632
f 6494/3497/3659 6495/3498/2262 6382/3394/40
f 6382/3394/40 6385/3397/2167 6494/3497/3659
f 6496/3500/2263 6497/3499/3660 6281/3293/2076
f 6281/3293/2076 6381/3393/2164 6496/3500/2263
f 6498/3501/3661 6284/3296/3598 6282/3292/3596
f 6282/3292/3596 6499/3502/2266 6498/3501/3661
f 6499/3502/2266 6282/3292/3596 6281/3293/2076
f 6281/3293/2076 6497/3499/3660 6499/3502/2266
f 6500/3503/3662 6300/3312/3602 6301/3313/2096
f 6301/3313/2096 6501/3504/3663 6500/3503/3662
f 6502/3505/3664 6317/3328/2112 6316/3329/3609
f 6347/3359/2142 6503/3507/3665 6504/3506/3666
f 6504/3506/3666 6348/3358/3618 6347/3359/2142
f 6357/3369/3623 6505/3509/3667 6506/3508/3668
f 6506/3508/3668 6358/3368/3624 6357/3369/3623
f 6329/3341/2124 6328/3338/2123 6507/3510/3669
f 6507/3510/3669 6496/3500/2263 6329/3341/2124
f 6503/3507/3665 6347/3359/2142 6377/3389/3631
f 6377/3389/3631 6508/3511/3668 6503/3507/3665
f 6316/3329/3609 6300/3312/3602 6500/3503/3662
f 6500/3503/3662 6502/3505/3664 6316/3329/3609
f 6323/3335/2118 6319/3331/3610 6509/3512/2275
f 6509/3512/2275 6510/3513/3670 6323/3335/2118
f 6507/3510/3669 6328/3338/2123 6330/3342/3613
f 6330/3342/3613 6511/3514/3671 6507/3510/3669
f 6495/3498/2262 6509/3512/2275 6319/3331/3610
f 6319/3331/3610 6318/3332/2113 6495/3498/2262
f 6501/3504/3663 6301/3313/2096 6325/3337/3611
f 6501/3504/3663 6325/3337/3611 6323/3335/2118
f 6323/3335/2118 6510/3513/3670 6501/3504/3663
f 6317/3328/2112 6511/3514/3671 6330/3342/3613
f 6330/3342/3613 6332/3344/2127 6317/3328/2112
f 6318/3332/2113 6335/3346/2130 6382/3394/40
f 6382/3394/40 6495/3498/2262 6318/3332/2113
f 6492/3496/2259 6383/3395/2165 6348/3358/3618
f 6348/3358/3618 6504/3506/3666 6492/3496/2259
f 6329/3341/2124 6496/3500/2263 6381/3393/2164
f 6381/3393/2164 6340/3353/2135 6329/3341/2124
f 6285/3297/3599 6284/3296/3598 6498/3501/2279
f 6285/3297/3599 6498/3501/3661 6505/3509/3667
f 6505/3509/3667 6357/3369/3623 6285/3297/3599
f 6512/3516/3672 6513/3515/3673 6489/3492/3658
f 6489/3492/3658 6490/3493/2257 6512/3516/3672
f 6514/3517/3674 6512/3516/3672 6490/3493/2257
f 6490/3493/2257 6491/3494/2258 6514/3517/3674
f 6488/3491/6 6515/3518/2283 6514/3517/3674
f 6514/3517/3674 6491/3494/2258 6488/3491/6
f 6387/3399/2169 6516/3520/2284 6517/3519/3675
f 6517/3519/3675 6487/3490/2255 6387/3399/2169
f 6386/3400/2168 6390/3402/2172 6518/3521/3676
f 6518/3521/3676 6519/3522/3677 6386/3400/2168
f 6387/3399/2169 6386/3400/2168 6519/3522/3677
f 6519/3522/3677 6516/3520/2284 6387/3399/2169
f 6407/3415/3636 6406/3414/2187 6520/3523/2288
f 6520/3523/2288 6521/3524/2289 6407/3415/3636
f 6522/3525/2290 6423/3426/2203 6422/3427/2202
f 6523/3527/3666 6524/3526/3678 6453/3457/2233
f 6453/3457/2233 6452/3458/3648 6523/3527/3666
f 6525/3529/3679 6526/3528/2294 6463/3467/2243
f 6463/3467/2243 6462/3468/3651 6525/3529/3679
f 6527/3530/2295 6432/3438/3641 6435/3439/2215
f 6435/3439/2215 6517/3519/3675 6527/3530/2295
f 6483/3486/3657 6453/3457/2233 6524/3526/3678
f 6524/3526/3678 6528/3531/3679 6483/3486/3657
f 6520/3523/2288 6406/3414/2187 6423/3426/2203
f 6423/3426/2203 6522/3525/2290 6520/3523/2288
f 6529/3532/2296 6425/3429/2205 6429/3433/2209
f 6429/3433/2209 6530/3533/2297 6529/3532/2296
f 6436/3440/2216 6432/3438/3641 6527/3530/2295
f 6527/3530/2295 6531/3534/2298 6436/3440/2216
f 6425/3429/2205 6529/3532/2296 6515/3518/2283
f 6515/3518/2283 6426/3428/2206 6425/3429/2205
f 6431/3435/3640 6407/3415/3636 6521/3524/2289
f 6431/3435/3640 6521/3524/2289 6530/3533/2297
f 6530/3533/2297 6429/3433/2209 6431/3435/3640
f 6436/3440/2216 6531/3534/2298 6422/3427/2202
f 6422/3427/2202 6438/3442/2218 6436/3440/2216
f 6488/3491/6 6440/3445/3646 6426/3428/2206
f 6426/3428/2206 6515/3518/2283 6488/3491/6
f 6452/3458/3648 6489/3492/3658 6513/3515/3673
f 6513/3515/3673 6523/3527/3666 6452/3458/3648
f 6487/3490/2255 6517/3519/3675 6435/3439/2215
f 6435/3439/2215 6447/3450/2227 6487/3490/2255
f 6518/3521/3680 6390/3402/2172 6391/3403/2173
f 6518/3521/3676 6391/3403/2173 6463/3467/2243
f 6463/3467/2243 6526/3528/2294 6518/3521/3676
f 6532/3535/2301 6509/3512/2275 6495/3498/2262
f 6495/3498/2262 6533/3536/2302 6532/3535/2301
f 6529/3532/2296 6534/3538/2301 6535/3537/2302
f 6535/3537/2302 6515/3518/2283 6529/3532/2296
f 6534/3538/2301 6529/3532/2296 6530/3533/2297
f 6530/3533/2297 6536/3539/3681 6534/3538/2301
f 6509/3512/2275 6532/3535/2301 6537/3540/2304
f 6537/3540/2304 6510/3513/3670 6509/3512/2275
f 6536/3539/3681 6530/3533/2297 6521/3524/2289
f 6521/3524/2289 6538/3541/3682 6536/3539/3681
f 6510/3513/3670 6537/3540/2304 6539/3542/3682
f 6539/3542/3682 6501/3504/3663 6510/3513/3670
f 6540/3543/2306 6507/3510/3669 6511/3514/3671
f 6511/3514/3671 6541/3544/3683 6540/3543/2306
f 6527/3530/2295 6542/3546/2306 6543/3545/3684
f 6543/3545/3684 6531/3534/2298 6527/3530/2295
f 6541/3544/3683 6511/3514/3671 6317/3328/2112
f 6317/3328/2112 6544/3547/2310 6541/3544/3683
f 6531/3534/2298 6543/3545/3684 6545/3548/2309
f 6545/3548/2309 6422/3427/2202 6531/3534/2298
f 6544/3547/2310 6317/3328/2112 6502/3505/3664
f 6502/3505/3664 6546/3549/2311 6544/3547/2310
f 6422/3427/2202 6545/3548/2309 6547/3550/2311
f 6547/3550/2311 6522/3525/2290 6422/3427/2202
f 6548/3551/2313 6493/3495/2260 6492/3496/2259
f 6492/3496/2259 6549/3552/2314 6548/3551/2313
f 6512/3516/3672 6550/3554/2313 6551/3553/2315
f 6551/3553/2315 6513/3515/3673 6512/3516/3672
f 6549/3552/2314 6492/3496/2259 6504/3506/3666
f 6504/3506/3666 6552/3555/3685 6549/3552/2314
f 6513/3515/3673 6551/3553/2315 6553/3556/2316
f 6553/3556/2316 6523/3527/3666 6513/3515/3673
f 6550/3554/2313 6512/3516/3672 6514/3517/3674
f 6514/3517/3674 6554/3557/2318 6550/3554/2313
f 6493/3495/2260 6548/3551/2313 6555/3558/3686
f 6555/3558/3686 6494/3497/3659 6493/3495/2260
f 6554/3557/2318 6514/3517/3674 6515/3518/2283
f 6515/3518/2283 6535/3537/2302 6554/3557/2318
f 6494/3497/3659 6555/3558/3686 6533/3536/2302
f 6533/3536/2302 6495/3498/2262 6494/3497/3659
f 6542/3546/2306 6527/3530/2295 6517/3519/3675
f 6517/3519/3675 6556/3559/3687 6542/3546/2306
f 6507/3510/3669 6540/3543/2306 6557/3560/3687
f 6557/3560/3687 6496/3500/2263 6507/3510/3669
f 6556/3559/3687 6517/3519/3675 6516/3520/2284
f 6516/3520/2284 6558/3561/2321 6556/3559/3687
f 6496/3500/2263 6557/3560/3687 6559/3562/2321
f 6559/3562/2321 6497/3499/3660 6496/3500/2263
f 6560/3563/2322 6498/3501/3661 6499/3502/2266
f 6499/3502/2266 6561/3564/2324 6560/3563/2322
f 6518/3521/3676 6562/3566/2322 6563/3565/2324
f 6563/3565/2324 6519/3522/3677 6518/3521/3676
f 6558/3561/2321 6516/3520/2284 6519/3522/3677
f 6519/3522/3677 6563/3565/2324 6558/3561/2321
f 6497/3499/3660 6559/3562/2321 6561/3564/2324
f 6561/3564/2324 6499/3502/2266 6497/3499/3660
f 6538/3541/3682 6521/3524/2289 6520/3523/2288
f 6520/3523/2288 6564/3567/2325 6538/3541/3682
f 6501/3504/3663 6539/3542/3682 6565/3568/2325
f 6565/3568/2325 6500/3503/3662 6501/3504/3663
f 6564/3567/2325 6520/3523/2288 6522/3525/2290
f 6522/3525/2290 6547/3550/2311 6564/3567/2325
f 6500/3503/3662 6565/3568/2325 6546/3549/2311
f 6546/3549/2311 6502/3505/3664 6500/3503/3662
f 6552/3555/3685 6504/3506/3666 6503/3507/3665
f 6503/3507/3665 6566/3569/2326 6552/3555/3685
f 6523/3527/3666 6553/3556/2316 6567/3570/3688
f 6567/3570/3688 6524/3526/3678 6523/3527/3666
f 6566/3569/2326 6503/3507/3665 6508/3511/3668
f 6508/3511/3668 6568/3571/3689 6566/3569/2326
f 6524/3526/3678 6567/3570/3688 6569/3572/3690
f 6569/3572/3690 6528/3531/3679 6524/3526/3678
f 6570/3573/2330 6506/3508/3668 6505/3509/3667
f 6505/3509/3667 6571/3574/3691 6570/3573/2330
f 6525/3529/3679 6572/3576/3692 6573/3575/2332
f 6573/3575/2332 6526/3528/2294 6525/3529/3679
f 6562/3566/2322 6518/3521/3676 6526/3528/2294
f 6526/3528/2294 6573/3575/2332 6562/3566/2322
f 6498/3501/3661 6560/3563/2322 6571/3574/3691
f 6571/3574/3691 6505/3509/3667 6498/3501/3661
f 6574/3579/3693 6575/3578/2825 6576/3577/2826
f 6576/3577/2826 6577/3580/3694 6574/3579/3693
f 6578/3581/2828 6574/3579/3693 6577/3580/3694
f 6577/3580/3694 6579/3582/2829 6578/3581/2828
f 6580/3298/2830 6581/3299/2831 6582/3583/2832
f 6582/3583/2832 6583/3584/2084 6580/3298/2830
f 6583/3584/2084 6582/3583/2832 6584/3585/2603
f 6584/3585/2603 6585/3586/2086 6583/3584/2084
f 6586/3589/2610 6587/3588/2611 6588/3587/3695
f 6588/3587/3695 6589/3590/2609 6586/3589/2610
f 6587/3588/2611 6586/3589/2610 6590/3308/2834
f 6590/3308/2834 6591/3309/2613 6587/3588/2611
f 6585/3586/2086 6584/3585/2603 6592/3591/3696
f 6592/3591/3696 6593/3592/2836 6585/3586/2086
f 6593/3592/2836 6592/3591/3696 6594/3593/3697
f 6594/3593/3697 6595/3594/2838 6593/3592/2836
f 6596/3597/2099 6597/3596/2592 6598/3595/2588
f 6598/3595/2588 6599/3598/2100 6596/3597/2099
f 6597/3596/2592 6596/3597/2099 6600/3599/2840
f 6600/3599/2840 6601/3600/3698 6597/3596/2592
f 6599/3598/2100 6598/3595/2588 6602/3320/3699
f 6602/3320/3699 6603/3321/2843 6599/3598/2100
f 6604/3603/2844 6605/3602/3700 6606/3601/2596
f 6606/3601/2596 6607/3604/2593 6604/3603/2844
f 6605/3602/3700 6604/3603/2844 6608/3326/2845
f 6608/3326/2845 6609/3327/2597 6605/3602/3700
f 6610/3606/3701 6611/3605/3702 6601/3600/3698
f 6601/3600/3698 6600/3599/2840 6610/3606/3701
f 6612/3609/2848 6613/3608/3703 6614/3607/2850
f 6614/3607/2850 6615/3610/3704 6612/3609/2848
f 6613/3608/3703 6612/3609/2848 6616/3611/2852
f 6616/3611/2852 6617/3612/3705 6613/3608/3703
f 6617/3612/3705 6616/3611/2852 6618/3613/3706
f 6618/3613/3706 6619/3614/3707 6617/3612/3705
f 6620/3617/3708 6621/3616/2857 6622/3615/2898
f 6622/3615/2898 6623/3618/3709 6620/3617/3708
f 6621/3616/2857 6620/3617/3708 6624/3619/3710
f 6624/3619/3710 6625/3620/2861 6621/3616/2857
f 6625/3620/2861 6624/3619/3710 6626/3621/2862
f 6626/3621/2862 6627/3622/3711 6625/3620/2861
f 6628/3624/2864 6629/3623/3712 6615/3610/3704
f 6615/3610/3704 6614/3607/2850 6628/3624/2864
f 6629/3623/3712 6628/3624/2864 6630/3625/2866
f 6630/3625/2866 6631/3626/2867 6629/3623/3712
f 6631/3626/2867 6630/3625/2866 6632/3627/3713
f 6632/3627/3713 6633/3628/3714 6631/3626/2867
f 6634/3630/3715 6635/3629/3716 6623/3618/3709
f 6623/3618/3709 6622/3615/2898 6634/3630/3715
f 6635/3629/3716 6634/3630/3715 6636/3631/3717
f 6636/3631/3717 6637/3632/2138 6635/3629/3716
f 6637/3632/2138 6636/3631/3717 6638/3633/2899
f 6638/3633/2899 6639/3634/2874 6637/3632/2138
f 6640/3637/3718 6641/3636/3719 6642/3635/3720
f 6642/3635/3720 6643/3638/2878 6640/3637/3718
f 6644/3641/2879 6645/3640/3721 6646/3639/3722
f 6646/3639/3722 6647/3642/3723 6644/3641/2879
f 6645/3640/3721 6644/3641/2879 6643/3638/2878
f 6643/3638/2878 6642/3635/3720 6645/3640/3721
f 6647/3642/3723 6646/3639/3722 6648/3643/3724
f 6648/3643/3724 6649/3644/2884 6647/3642/3723
f 6650/3647/3725 6651/3646/3726 6652/3645/3727
f 6652/3645/3727 6653/3648/3728 6650/3647/3725
f 6654/3650/3729 6655/3649/3730 6653/3648/3728
f 6653/3648/3728 6652/3645/3727 6654/3650/3729
f 6655/3649/3730 6654/3650/3729 6656/3651/2891
f 6656/3651/2891 6657/3652/2892 6655/3649/3730
f 6657/3652/2892 6656/3651/2891 6658/3653/2893
f 6658/3653/2893 6659/3654/3731 6657/3652/2892
f 6589/3590/2609 6588/3587/3695 6619/3614/3707
f 6619/3614/3707 6618/3613/3706 6589/3590/2609
f 6607/3604/2593 6606/3601/2596 6627/3622/3711
f 6627/3622/3711 6626/3621/2862 6607/3604/2593
f 6633/3628/3714 6632/3627/3713 6649/3644/2884
f 6649/3644/2884 6648/3643/3724 6633/3628/3714
f 6659/3654/3731 6658/3653/2893 6639/3634/2874
f 6639/3634/2874 6638/3633/2899 6659/3654/3731
f 6599/3598/2100 6604/3603/2844 6607/3604/2593
f 6607/3604/2593 6596/3597/2099 6599/3598/2100
f 6608/3326/2845 6604/3603/2844 6599/3598/2100
f 6599/3598/2100 6603/3321/2843 6608/3326/2845
f 6588/3587/3695 6587/3588/2611 6583/3584/2084
f 6583/3584/2084 6585/3586/2086 6588/3587/3695
f 6587/3588/2611 6591/3309/2613 6580/3298/2830
f 6580/3298/2830 6583/3584/2084 6587/3588/2611
f 6660/3655/3732 6629/3623/3712 6631/3626/2867
f 6631/3626/2867 6661/3656/2895 6660/3655/3732
f 6662/3657/2894 6648/3643/3724 6646/3639/3722
f 6646/3639/3722 6663/3658/2892 6662/3657/2894
f 6664/3659/3700 6586/3589/2610 6589/3590/2609
f 6589/3590/2609 6665/3660/2596 6664/3659/3700
f 6597/3596/2592 6584/3585/2603 6582/3583/2832
f 6582/3583/2832 6598/3595/2588 6597/3596/2592
f 6590/3308/2834 6586/3589/2610 6664/3659/3700
f 6664/3659/3700 6666/3384/3733 6590/3308/2834
f 6598/3595/2588 6582/3583/2832 6581/3299/2831
f 6581/3299/2831 6602/3320/3699 6598/3595/2588
f 6667/3661/3734 6616/3611/2852 6612/3609/2848
f 6612/3609/2848 6668/3662/2857 6667/3661/3734
f 6611/3605/3702 6594/3593/3697 6592/3591/3696
f 6592/3591/3696 6601/3600/3698 6611/3605/3702
f 6601/3600/3698 6592/3591/3696 6584/3585/2603
f 6584/3585/2603 6597/3596/2592 6601/3600/3698
f 6615/3610/3704 6629/3623/3712 6660/3655/3732
f 6660/3655/3732 6669/3663/2898 6615/3610/3704
f 6612/3609/2848 6615/3610/3704 6669/3663/2898
f 6669/3663/2898 6668/3662/2857 6612/3609/2848
f 6633/3628/3714 6648/3643/3724 6662/3657/2894
f 6662/3657/2894 6670/3664/2899 6633/3628/3714
f 6631/3626/2867 6633/3628/3714 6670/3664/2899
f 6670/3664/2899 6661/3656/2895 6631/3626/2867
f 6642/3635/3720 6641/3636/3719 6671/3665/3725
f 6671/3665/3725 6672/3666/3735 6642/3635/3720
f 6645/3640/3721 6642/3635/3720 6672/3666/3735
f 6672/3666/3735 6673/3667/3730 6645/3640/3721
f 6618/3613/3706 6616/3611/2852 6667/3661/3734
f 6667/3661/3734 6674/3668/3711 6618/3613/3706
f 6589/3590/2609 6618/3613/3706 6674/3668/3711
f 6674/3668/3711 6665/3660/2596 6589/3590/2609
f 6675/3669/3736 6639/3634/2874 6658/3653/2893
f 6658/3653/2893 6656/3651/2891 6675/3669/3736
f 6588/3587/3695 6585/3586/2086 6593/3592/2836
f 6588/3587/3695 6593/3592/2836 6595/3594/2838
f 6595/3594/2838 6619/3614/3707 6588/3587/3695
f 6596/3597/2099 6607/3604/2593 6626/3621/2862
f 6596/3597/2099 6626/3621/2862 6610/3606/3701
f 6610/3606/3701 6600/3599/2840 6596/3597/2099
f 6649/3644/2884 6632/3627/3713 6676/3670/40
f 6676/3670/40 6647/3642/3723 6649/3644/2884
f 6677/3671/2905 6640/3637/3718 6643/3638/2878
f 6643/3638/2878 6678/3672/3737 6677/3671/2905
f 6678/3672/3737 6643/3638/2878 6644/3641/2879
f 6644/3641/2879 6679/3673/2907 6678/3672/3737
f 6663/3658/2892 6646/3639/3722 6645/3640/3721
f 6645/3640/3721 6673/3667/3730 6663/3658/2892
f 6647/3642/3723 6676/3670/40 6679/3673/2907
f 6679/3673/2907 6644/3641/2879 6647/3642/3723
f 6579/3582/2829 6577/3580/3694 6652/3645/3727
f 6652/3645/3727 6651/3646/3726 6579/3582/2829
f 6577/3580/3694 6576/3577/2826 6654/3650/3729
f 6654/3650/3729 6652/3645/3727 6577/3580/3694
f 6675/3669/3736 6656/3651/2891 6654/3650/3729
f 6675/3669/3736 6654/3650/3729 6576/3577/2826
f 6576/3577/2826 6575/3578/2825 6675/3669/3736
f 6675/3669/3736 6635/3629/3716 6637/3632/2138
f 6637/3632/2138 6639/3634/2874 6675/3669/3736
f 6676/3670/40 6632/3627/3713 6630/3625/2866
f 6630/3625/2866 6628/3624/2864 6676/3670/40
f 6680/3676/3738 6681/3675/2909 6682/3674/3739
f 6682/3674/3739 6683/3677/2911 6680/3676/3738
f 6683/3677/2911 6682/3674/3739 6684/3678/3026
f 6684/3678/3026 6685/3679/3740 6683/3677/2911
f 6686/3682/2191 6687/3681/2195 6688/3680/2681
f 6688/3680/2681 6689/3683/2192 6686/3682/2191
f 6690/3684/2190 6686/3682/2191 6689/3683/2192
f 6689/3683/2192 6691/3685/2189 6690/3684/2190
f 6692/3688/2916 6693/3687/3741 6694/3686/2198
f 6694/3686/2198 6695/3689/2199 6692/3688/2916
f 6696/3690/2917 6694/3686/2198 6693/3687/3741
f 6693/3687/3741 6697/3691/2448 6696/3690/2917
f 6698/3692/2919 6690/3684/2190 6691/3685/2189
f 6691/3685/2189 6699/3693/2193 6698/3692/2919
f 6700/3694/2921 6698/3692/2919 6699/3693/2193
f 6699/3693/2193 6701/3695/3742 6700/3694/2921
f 6702/3698/2176 6703/3697/2178 6704/3696/2179
f 6704/3696/2179 6705/3699/2177 6702/3698/2176
f 6706/3700/3743 6704/3696/2179 6703/3697/2178
f 6703/3697/2178 6707/3701/2924 6706/3700/3743
f 6708/3702/2925 6702/3698/2176 6705/3699/2177
f 6705/3699/2177 6709/3703/2174 6708/3702/2925
f 6710/3706/2183 6711/3705/2180 6712/3704/2926
f 6712/3704/2926 6713/3707/2182 6710/3706/2183
f 6714/3708/3744 6712/3704/2926 6711/3705/2180
f 6711/3705/2180 6715/3709/3745 6714/3708/3744
f 6707/3701/2924 6716/3711/2928 6717/3710/3746
f 6717/3710/3746 6706/3700/3743 6707/3701/2924
f 6718/3714/3747 6719/3713/2931 6720/3712/2932
f 6720/3712/2932 6721/3715/3748 6718/3714/3747
f 6722/3716/3749 6720/3712/2932 6719/3713/2931
f 6719/3713/2931 6723/3717/3750 6722/3716/3749
f 6724/3718/3751 6722/3716/3749 6723/3717/3750
f 6723/3717/3750 6725/3719/3752 6724/3718/3751
f 6726/3722/2979 6727/3721/2939 6728/3720/2940
f 6728/3720/2940 6729/3723/2941 6726/3722/2979
f 6730/3724/3753 6728/3720/2940 6727/3721/2939
f 6727/3721/2939 6731/3725/2978 6730/3724/3753
f 6732/3726/2944 6730/3724/3753 6731/3725/2978
f 6731/3725/2978 6733/3727/3754 6732/3726/2944
f 6721/3715/3748 6734/3729/2946 6735/3728/3755
f 6735/3728/3755 6718/3714/3747 6721/3715/3748
f 6736/3730/2948 6735/3728/3755 6734/3729/2946
f 6734/3729/2946 6737/3731/2949 6736/3730/2948
f 6738/3732/2950 6736/3730/2948 6737/3731/2949
f 6737/3731/2949 6739/3733/2951 6738/3732/2950
f 6729/3723/2941 6740/3735/2952 6741/3734/3756
f 6741/3734/3756 6726/3722/2979 6729/3723/2941
f 6742/3736/2954 6741/3734/3756 6740/3735/2952
f 6740/3735/2952 6743/3737/2721 6742/3736/2954
f 6744/3738/2980 6742/3736/2954 6743/3737/2721
f 6743/3737/2721 6745/3739/2956 6744/3738/2980
f 6746/3742/3757 6747/3741/3758 6748/3740/3759
f 6748/3740/3759 6749/3743/2960 6746/3742/3757
f 6750/3746/2961 6751/3745/3760 6752/3744/3761
f 6752/3744/3761 6753/3747/3762 6750/3746/2961
f 6749/3743/2960 6752/3744/3761 6751/3745/3760
f 6751/3745/3760 6746/3742/3757 6749/3743/2960
f 6754/3748/2965 6750/3746/2961 6753/3747/3762
f 6753/3747/3762 6755/3749/3763 6754/3748/2965
f 6756/3752/3764 6757/3751/3765 6758/3750/3766
f 6758/3750/3766 6759/3753/3767 6756/3752/3764
f 6759/3753/3767 6760/3755/2982 6761/3754/3768
f 6761/3754/3768 6756/3752/3764 6759/3753/3767
f 6762/3756/2973 6761/3754/3768 6760/3755/2982
f 6760/3755/2982 6763/3757/2974 6762/3756/2973
f 6764/3758/2975 6762/3756/2973 6763/3757/2974
f 6763/3757/2974 6765/3759/2976 6764/3758/2975
f 6725/3719/3752 6692/3688/2916 6695/3689/2199
f 6695/3689/2199 6724/3718/3751 6725/3719/3752
f 6733/3727/3754 6710/3706/2183 6713/3707/2182
f 6713/3707/2182 6732/3726/2944 6733/3727/3754
f 6755/3749/3763 6738/3732/2950 6739/3733/2951
f 6739/3733/2951 6754/3748/2965 6755/3749/3763
f 6745/3739/2956 6764/3758/2975 6765/3759/2976
f 6765/3759/2976 6744/3738/2980 6745/3739/2956
f 6713/3707/2182 6712/3704/2926 6705/3699/2177
f 6705/3699/2177 6704/3696/2179 6713/3707/2182
f 6705/3699/2177 6712/3704/2926 6714/3708/3744
f 6714/3708/3744 6709/3703/2174 6705/3699/2177
f 6689/3683/2192 6693/3687/3741 6692/3688/2916
f 6692/3688/2916 6691/3685/2189 6689/3683/2192
f 6688/3680/2681 6697/3691/2448 6693/3687/3741
f 6693/3687/3741 6689/3683/2192 6688/3680/2681
f 6737/3731/2949 6734/3729/2946 6766/3760/2953
f 6766/3760/2953 6767/3761/2954 6737/3731/2949
f 6750/3746/2961 6754/3748/2965 6768/3762/2976
f 6768/3762/2976 6769/3763/2974 6750/3746/2961
f 6695/3689/2199 6694/3686/2198 6770/3764/2180
f 6770/3764/2180 6771/3765/2183 6695/3689/2199
f 6686/3682/2191 6690/3684/2190 6703/3697/2178
f 6703/3697/2178 6702/3698/2176 6686/3682/2191
f 6770/3764/2180 6694/3686/2198 6696/3690/2917
f 6696/3690/2917 6772/3766/2180 6770/3764/2180
f 6687/3681/2195 6686/3682/2191 6702/3698/2176
f 6702/3698/2176 6708/3702/2925 6687/3681/2195
f 6720/3712/2932 6722/3716/3749 6773/3767/2978
f 6773/3767/2978 6774/3768/2939 6720/3712/2932
f 6698/3692/2919 6700/3694/2921 6716/3711/2928
f 6716/3711/2928 6707/3701/2924 6698/3692/2919
f 6690/3684/2190 6698/3692/2919 6707/3701/2924
f 6707/3701/2924 6703/3697/2178 6690/3684/2190
f 6766/3760/2953 6734/3729/2946 6721/3715/3748
f 6721/3715/3748 6775/3769/3769 6766/3760/2953
f 6775/3769/3769 6721/3715/3748 6720/3712/2932
f 6720/3712/2932 6774/3768/2939 6775/3769/3769
f 6768/3762/2976 6754/3748/2965 6739/3733/2951
f 6739/3733/2951 6776/3770/2980 6768/3762/2976
f 6776/3770/2980 6739/3733/2951 6737/3731/2949
f 6737/3731/2949 6767/3761/2954 6776/3770/2980
f 6777/3771/3766 6747/3741/3758 6746/3742/3757
f 6746/3742/3757 6778/3772/3767 6777/3771/3766
f 6778/3772/3767 6746/3742/3757 6751/3745/3760
f 6751/3745/3760 6779/3773/2971 6778/3772/3767
f 6773/3767/2978 6722/3716/3749 6724/3718/3751
f 6724/3718/3751 6780/3774/2945 6773/3767/2978
f 6780/3774/2945 6724/3718/3751 6695/3689/2199
f 6695/3689/2199 6771/3765/2183 6780/3774/2945
f 6764/3758/2975 6745/3739/2956 6781/3775/2983
f 6781/3775/2983 6762/3756/2973 6764/3758/2975
f 6699/3693/2193 6691/3685/2189 6692/3688/2916
f 6699/3693/2193 6692/3688/2916 6725/3719/3752
f 6725/3719/3752 6701/3695/3742 6699/3693/2193
f 6732/3726/2944 6713/3707/2182 6704/3696/2179
f 6732/3726/2944 6704/3696/2179 6706/3700/3743
f 6706/3700/3743 6717/3710/3746 6732/3726/2944
f 6782/3776/10 6738/3732/2950 6755/3749/3763
f 6755/3749/3763 6753/3747/3762 6782/3776/10
f 6749/3743/2960 6748/3740/3759 6783/3777/2984
f 6783/3777/2984 6784/3778/2985 6749/3743/2960
f 6752/3744/3761 6749/3743/2960 6784/3778/2985
f 6784/3778/2985 6785/3779/2986 6752/3744/3761
f 6751/3745/3760 6750/3746/2961 6769/3763/2974
f 6769/3763/2974 6779/3773/2971 6751/3745/3760
f 6785/3779/2986 6782/3776/10 6753/3747/3762
f 6753/3747/3762 6752/3744/3761 6785/3779/2986
f 6756/3752/3764 6683/3677/2911 6685/3679/3740
f 6685/3679/3740 6757/3751/3765 6756/3752/3764
f 6761/3754/3768 6680/3676/3738 6683/3677/2911
f 6683/3677/2911 6756/3752/3764 6761/3754/3768
f 6761/3754/3768 6762/3756/2973 6781/3775/2983
f 6761/3754/3768 6781/3775/2983 6681/3675/2909
f 6681/3675/2909 6680/3676/3738 6761/3754/3768
f 6743/3737/2721 6740/3735/2952 6781/3775/2983
f 6781/3775/2983 6745/3739/2956 6743/3737/2721
f 6736/3730/2948 6738/3732/2950 6782/3776/10
f 6782/3776/10 6735/3728/3755 6736/3730/2948
f 6786/3781/3770 6787/3780/2988 6677/3671/2905
f 6677/3671/2905 6678/3672/3737 6786/3781/3770
f 6788/3782/3771 6786/3781/3770 6678/3672/3737
f 6678/3672/3737 6679/3673/2907 6788/3782/3771
f 6676/3670/40 6789/3783/2990 6788/3782/3771
f 6788/3782/3771 6679/3673/2907 6676/3670/40
f 6575/3578/2825 6790/3785/2991 6791/3784/3772
f 6791/3784/3772 6675/3669/3736 6575/3578/2825
f 6574/3579/3693 6578/3581/2828 6792/3786/3773
f 6792/3786/3773 6793/3787/3774 6574/3579/3693
f 6575/3578/2825 6574/3579/3693 6793/3787/3774
f 6793/3787/3774 6790/3785/2991 6575/3578/2825
f 6595/3594/2838 6594/3593/3697 6794/3788/3775
f 6794/3788/3775 6795/3789/3776 6595/3594/2838
f 6796/3790/3777 6611/3605/3702 6610/3606/3701
f 6797/3792/3778 6798/3791/2999 6641/3636/3719
f 6641/3636/3719 6640/3637/3718 6797/3792/3778
f 6799/3794/3779 6800/3793/3780 6651/3646/3726
f 6651/3646/3726 6650/3647/3725 6799/3794/3779
f 6801/3795/3002 6620/3617/3708 6623/3618/3709
f 6623/3618/3709 6791/3784/3772 6801/3795/3002
f 6671/3665/3725 6641/3636/3719 6798/3791/2999
f 6798/3791/2999 6802/3796/3000 6671/3665/3725
f 6794/3788/3775 6594/3593/3697 6611/3605/3702
f 6611/3605/3702 6796/3790/3777 6794/3788/3775
f 6803/3797/3003 6613/3608/3703 6617/3612/3705
f 6617/3612/3705 6804/3798/3004 6803/3797/3003
f 6624/3619/3710 6620/3617/3708 6801/3795/3002
f 6801/3795/3002 6805/3799/3005 6624/3619/3710
f 6613/3608/3703 6803/3797/3003 6789/3783/2990
f 6789/3783/2990 6614/3607/2850 6613/3608/3703
f 6619/3614/3707 6595/3594/2838 6795/3789/3776
f 6619/3614/3707 6795/3789/3776 6804/3798/3004
f 6804/3798/3004 6617/3612/3705 6619/3614/3707
f 6624/3619/3710 6805/3799/3005 6610/3606/3701
f 6610/3606/3701 6626/3621/2862 6624/3619/3710
f 6676/3670/40 6628/3624/2864 6614/3607/2850
f 6614/3607/2850 6789/3783/2990 6676/3670/40
f 6640/3637/3718 6677/3671/2905 6787/3780/2988
f 6787/3780/2988 6797/3792/3778 6640/3637/3718
f 6675/3669/3736 6791/3784/3772 6623/3618/3709
f 6623/3618/3709 6635/3629/3716 6675/3669/3736
f 6792/3786/3006 6578/3581/2828 6579/3582/2829
f 6792/3786/3773 6579/3582/2829 6651/3646/3726
f 6651/3646/3726 6800/3793/3780 6792/3786/3773
f 6783/3777/2984 6806/3801/3007 6807/3800/3008
f 6807/3800/3008 6784/3778/2985 6783/3777/2984
f 6784/3778/2985 6807/3800/3008 6808/3802/3781
f 6808/3802/3781 6785/3779/2986 6784/3778/2985
f 6808/3802/3781 6809/3803/3010 6782/3776/10
f 6782/3776/10 6785/3779/2986 6808/3802/3781
f 6810/3805/3782 6811/3804/3012 6681/3675/2909
f 6681/3675/2909 6781/3775/2983 6810/3805/3782
f 6812/3806/3783 6684/3678/3026 6682/3674/3739
f 6682/3674/3739 6813/3807/3784 6812/3806/3783
f 6813/3807/3784 6682/3674/3739 6681/3675/2909
f 6681/3675/2909 6811/3804/3012 6813/3807/3784
f 6814/3808/3015 6700/3694/2921 6701/3695/3742
f 6701/3695/3742 6815/3809/3016 6814/3808/3015
f 6816/3810/3785 6717/3710/3746 6716/3711/2928
f 6747/3741/3758 6817/3812/3786 6818/3811/3787
f 6818/3811/3787 6748/3740/3759 6747/3741/3758
f 6757/3751/3765 6819/3814/3020 6820/3813/3788
f 6820/3813/3788 6758/3750/3766 6757/3751/3765
f 6729/3723/2941 6728/3720/2940 6821/3815/3022
f 6821/3815/3022 6810/3805/3782 6729/3723/2941
f 6817/3812/3786 6747/3741/3758 6777/3771/3766
f 6777/3771/3766 6822/3816/3021 6817/3812/3786
f 6716/3711/2928 6700/3694/2921 6814/3808/3015
f 6814/3808/3015 6816/3810/3785 6716/3711/2928
f 6723/3717/3750 6719/3713/2931 6823/3817/3023
f 6823/3817/3023 6824/3818/3024 6723/3717/3750
f 6821/3815/3022 6728/3720/2940 6730/3724/3753
f 6730/3724/3753 6825/3819/3789 6821/3815/3022
f 6809/3803/3010 6823/3817/3023 6719/3713/2931
f 6719/3713/2931 6718/3714/3747 6809/3803/3010
f 6815/3809/3016 6701/3695/3742 6725/3719/3752
f 6815/3809/3016 6725/3719/3752 6723/3717/3750
f 6723/3717/3750 6824/3818/3024 6815/3809/3016
f 6717/3710/3746 6825/3819/3789 6730/3724/3753
f 6730/3724/3753 6732/3726/2944 6717/3710/3746
f 6718/3714/3747 6735/3728/3755 6782/3776/10
f 6782/3776/10 6809/3803/3010 6718/3714/3747
f 6806/3801/3007 6783/3777/2984 6748/3740/3759
f 6748/3740/3759 6818/3811/3787 6806/3801/3007
f 6729/3723/2941 6810/3805/3782 6781/3775/2983
f 6781/3775/2983 6740/3735/2952 6729/3723/2941
f 6685/3679/3740 6684/3678/3026 6812/3806/3790
f 6685/3679/3740 6812/3806/3783 6819/3814/3020
f 6819/3814/3020 6757/3751/3765 6685/3679/3740
f 6789/3783/2990 6803/3797/3003 6826/3820/3028
f 6826/3820/3028 6827/3821/3029 6789/3783/2990
f 6828/3823/3029 6829/3822/3028 6823/3817/3023
f 6823/3817/3023 6809/3803/3010 6828/3823/3029
f 6824/3818/3024 6823/3817/3023 6829/3822/3028
f 6829/3822/3028 6830/3824/3030 6824/3818/3024
f 6831/3825/3030 6826/3820/3028 6803/3797/3003
f 6803/3797/3003 6804/3798/3004 6831/3825/3030
f 6815/3809/3016 6824/3818/3024 6830/3824/3030
f 6830/3824/3030 6832/3826/3032 6815/3809/3016
f 6833/3827/3032 6831/3825/3030 6804/3798/3004
f 6804/3798/3004 6795/3789/3776 6833/3827/3032
f 6805/3799/3005 6801/3795/3002 6834/3828/3033
f 6834/3828/3033 6835/3829/3791 6805/3799/3005
f 6836/3831/3791 6837/3830/3033 6821/3815/3022
f 6821/3815/3022 6825/3819/3789 6836/3831/3791
f 6610/3606/3701 6805/3799/3005 6835/3829/3791
f 6835/3829/3791 6838/3832/3036 6610/3606/3701
f 6839/3833/3792 6836/3831/3791 6825/3819/3789
f 6825/3819/3789 6717/3710/3746 6839/3833/3792
f 6796/3790/3777 6610/3606/3701 6838/3832/3036
f 6838/3832/3036 6840/3834/3037 6796/3790/3777
f 6841/3835/3793 6839/3833/3792 6717/3710/3746
f 6717/3710/3746 6816/3810/3785 6841/3835/3793
f 6787/3780/2988 6786/3781/3770 6842/3836/3038
f 6842/3836/3038 6843/3837/3039 6787/3780/2988
f 6844/3839/3039 6845/3838/3038 6807/3800/3008
f 6807/3800/3008 6806/3801/3007 6844/3839/3039
f 6797/3792/3778 6787/3780/2988 6843/3837/3039
f 6843/3837/3039 6846/3840/3794 6797/3792/3778
f 6847/3841/3042 6844/3839/3039 6806/3801/3007
f 6806/3801/3007 6818/3811/3787 6847/3841/3042
f 6808/3802/3781 6807/3800/3008 6845/3838/3038
f 6845/3838/3038 6848/3842/3043 6808/3802/3781
f 6849/3843/3795 6842/3836/3038 6786/3781/3770
f 6786/3781/3770 6788/3782/3771 6849/3843/3795
f 6809/3803/3010 6808/3802/3781 6848/3842/3043
f 6848/3842/3043 6828/3823/3029 6809/3803/3010
f 6827/3821/3029 6849/3843/3795 6788/3782/3771
f 6788/3782/3771 6789/3783/2990 6827/3821/3029
f 6810/3805/3782 6821/3815/3022 6837/3830/3033
f 6837/3830/3033 6850/3844/3044 6810/3805/3782
f 6851/3845/3044 6834/3828/3033 6801/3795/3002
f 6801/3795/3002 6791/3784/3772 6851/3845/3044
f 6811/3804/3012 6810/3805/3782 6850/3844/3044
f 6850/3844/3044 6852/3846/3045 6811/3804/3012
f 6853/3847/3045 6851/3845/3044 6791/3784/3772
f 6791/3784/3772 6790/3785/2991 6853/3847/3045
f 6793/3787/3774 6792/3786/3773 6854/3848/3046
f 6854/3848/3046 6855/3849/3796 6793/3787/3774
f 6856/3851/3796 6857/3850/3046 6812/3806/3783
f 6812/3806/3783 6813/3807/3784 6856/3851/3796
f 6813/3807/3784 6811/3804/3012 6852/3846/3045
f 6852/3846/3045 6856/3851/3796 6813/3807/3784
f 6855/3849/3796 6853/3847/3045 6790/3785/2991
f 6790/3785/2991 6793/3787/3774 6855/3849/3796
f 6814/3808/3015 6815/3809/3016 6832/3826/3032
f 6832/3826/3032 6858/3852/3797 6814/3808/3015
f 6859/3853/3048 6833/3827/3032 6795/3789/3776
f 6795/3789/3776 6794/3788/3775 6859/3853/3048
f 6816/3810/3785 6814/3808/3015 6858/3852/3797
f 6858/3852/3797 6841/3835/3793 6816/3810/3785
f 6840/3834/3037 6859/3853/3048 6794/3788/3775
f 6794/3788/3775 6796/3790/3777 6840/3834/3037
f 6798/3791/2999 6797/3792/3778 6846/3840/3794
f 6846/3840/3794 6860/3854/3798 6798/3791/2999
f 6861/3855/3799 6847/3841/3042 6818/3811/3787
f 6818/3811/3787 6817/3812/3786 6861/3855/3799
f 6802/3796/3000 6798/3791/2999 6860/3854/3798
f 6860/3854/3798 6862/3856/3051 6802/3796/3000
f 6863/3857/3800 6861/3855/3799 6817/3812/3786
f 6817/3812/3786 6822/3816/3021 6863/3857/3800
f 6800/3793/3780 6799/3794/3779 6864/3858/3801
f 6864/3858/3801 6865/3859/3802 6800/3793/3780
f 6866/3861/3803 6867/3860/3051 6820/3813/3788
f 6820/3813/3788 6819/3814/3020 6866/3861/3803
f 6819/3814/3020 6812/3806/3783 6857/3850/3046
f 6857/3850/3046 6866/3861/3803 6819/3814/3020
f 6865/3859/3802 6854/3848/3046 6792/3786/3773
f 6792/3786/3773 6800/3793/3780 6865/3859/3802
f 6868/3864/3804 6869/3863/2583 6870/3862/2584
f 6870/3862/2584 6871/3865/2585 6868/3864/3804
f 6871/3865/2585 6870/3862/2584 6872/3866/2586
f 6872/3866/2586 6873/3867/3805 6871/3865/2585
f 6874/3868/2839 6875/3005/3806 6876/3006/2590
f 6876/3006/2590 6877/3869/2100 6874/3868/2839
f 6878/3870/2592 6874/3868/2839 6877/3869/2100
f 6877/3869/2100 6879/3871/2099 6878/3870/2592
f 6880/3874/2593 6881/3873/2844 6882/3872/2595
f 6882/3872/2595 6883/3875/2596 6880/3874/2593
f 6884/3014/2597 6882/3872/2595 6881/3873/2844
f 6881/3873/2844 6885/3015/3807 6884/3014/2597
f 6886/3876/3808 6878/3870/2592 6879/3871/2099
f 6879/3871/2099 6887/3877/2840 6886/3876/3808
f 6888/3878/2600 6886/3876/3808 6887/3877/2840
f 6887/3877/2840 6889/3879/3809 6888/3878/2600
f 6890/3882/2602 6891/3881/2603 6892/3880/2086
f 6892/3880/2086 6893/3883/3810 6890/3882/2602
f 6894/3884/2836 6892/3880/2086 6891/3881/2603
f 6891/3881/2603 6895/3885/3811 6894/3884/2836
f 6896/3026/2831 6890/3882/2602 6893/3883/3810
f 6893/3883/3810 6897/3027/3812 6896/3026/2831
f 6898/3888/2609 6899/3887/2610 6900/3886/2611
f 6900/3886/2611 6901/3889/2612 6898/3888/2609
f 6902/3032/2613 6900/3886/2611 6899/3887/2610
f 6899/3887/2610 6903/3033/2614 6902/3032/2613
f 6895/3885/3811 6904/3891/3813 6905/3890/3814
f 6905/3890/3814 6894/3884/2836 6895/3885/3811
f 6906/3894/2617 6907/3893/2618 6908/3892/3815
f 6908/3892/3815 6909/3895/3816 6906/3894/2617
f 6910/3896/3817 6908/3892/3815 6907/3893/2618
f 6907/3893/2618 6911/3897/2622 6910/3896/3817
f 6912/3898/3818 6910/3896/3817 6911/3897/2622
f 6911/3897/2622 6913/3899/3819 6912/3898/3818
f 6914/3902/2625 6915/3901/2667 6916/3900/2627
f 6916/3900/2627 6917/3903/3820 6914/3902/2625
f 6918/3904/3821 6916/3900/2627 6915/3901/2667
f 6915/3901/2667 6919/3905/2630 6918/3904/3821
f 6920/3906/2631 6918/3904/3821 6919/3905/2630
f 6919/3905/2630 6921/3907/3822 6920/3906/2631
f 6909/3895/3816 6922/3909/3823 6923/3908/2634
f 6923/3908/2634 6906/3894/2617 6909/3895/3816
f 6924/3910/2635 6923/3908/2634 6922/3909/3823
f 6922/3909/3823 6925/3911/2636 6924/3910/2635
f 6926/3912/2637 6924/3910/2635 6925/3911/2636
f 6925/3911/2636 6927/3913/3824 6926/3912/2637
f 6917/3903/3820 6928/3915/3825 6929/3914/3826
f 6929/3914/3826 6914/3902/2625 6917/3903/3820
f 6930/3916/2641 6929/3914/3826 6928/3915/3825
f 6928/3915/3825 6931/3917/3827 6930/3916/2641
f 6932/3918/2668 6930/3916/2641 6931/3917/3827
f 6931/3917/3827 6933/3919/3828 6932/3918/2668
f 6934/3922/2645 6935/3921/2646 6936/3920/2647
f 6936/3920/2647 6937/3923/3829 6934/3922/2645
f 6938/3926/3830 6939/3925/3831 6940/3924/3832
f 6940/3924/3832 6941/3927/3833 6938/3926/3830
f 6937/3923/3829 6940/3924/3832 6939/3925/3831
f 6939/3925/3831 6934/3922/2645 6937/3923/3829
f 6942/3928/2653 6938/3926/3830 6941/3927/3833
f 6941/3927/3833 6943/3929/3834 6942/3928/2653
f 6944/3932/3835 6945/3931/3836 6946/3930/3837
f 6946/3930/3837 6947/3933/3838 6944/3932/3835
f 6947/3933/3838 6948/3935/2659 6949/3934/3839
f 6949/3934/3839 6944/3932/3835 6947/3933/3838
f 6950/3936/2661 6949/3934/3839 6948/3935/2659
f 6948/3935/2659 6951/3937/2662 6950/3936/2661
f 6952/3938/2663 6950/3936/2661 6951/3937/2662
f 6951/3937/2662 6953/3939/2664 6952/3938/2663
f 6913/3899/3819 6880/3874/2593 6883/3875/2596
f 6883/3875/2596 6912/3898/3818 6913/3899/3819
f 6921/3907/3822 6898/3888/2609 6901/3889/2612
f 6901/3889/2612 6920/3906/2631 6921/3907/3822
f 6943/3929/3834 6926/3912/2637 6927/3913/3824
f 6927/3913/3824 6942/3928/2653 6943/3929/3834
f 6933/3919/3828 6952/3938/2663 6953/3939/2664
f 6953/3939/2664 6932/3918/2668 6933/3919/3828
f 6901/3889/2612 6900/3886/2611 6893/3883/3810
f 6893/3883/3810 6892/3880/2086 6901/3889/2612
f 6893/3883/3810 6900/3886/2611 6902/3032/2613
f 6902/3032/2613 6897/3027/3812 6893/3883/3810
f 6877/3869/2100 6881/3873/2844 6880/3874/2593
f 6880/3874/2593 6879/3871/2099 6877/3869/2100
f 6876/3006/2590 6885/3015/3807 6881/3873/2844
f 6881/3873/2844 6877/3869/2100 6876/3006/2590
f 6925/3911/2636 6922/3909/3823 6954/3940/3826
f 6954/3940/3826 6955/3941/3840 6925/3911/2636
f 6938/3926/3830 6942/3928/2653 6956/3942/2664
f 6956/3942/2664 6957/3943/2662 6938/3926/3830
f 6883/3875/2596 6882/3872/2595 6958/3944/2610
f 6958/3944/2610 6959/3945/2609 6883/3875/2596
f 6874/3868/2839 6878/3870/2592 6891/3881/2603
f 6891/3881/2603 6890/3882/2602 6874/3868/2839
f 6958/3944/2610 6882/3872/2595 6884/3014/2597
f 6884/3014/2597 6960/3090/2610 6958/3944/2610
f 6875/3005/3806 6874/3868/2839 6890/3882/2602
f 6890/3882/2602 6896/3026/2831 6875/3005/3806
f 6908/3892/3815 6910/3896/3817 6961/3946/2630
f 6961/3946/2630 6962/3947/2667 6908/3892/3815
f 6886/3876/3808 6888/3878/2600 6904/3891/3813
f 6904/3891/3813 6895/3885/3811 6886/3876/3808
f 6878/3870/2592 6886/3876/3808 6895/3885/3811
f 6895/3885/3811 6891/3881/2603 6878/3870/2592
f 6954/3940/3826 6922/3909/3823 6909/3895/3816
f 6909/3895/3816 6963/3948/2625 6954/3940/3826
f 6963/3948/2625 6909/3895/3816 6908/3892/3815
f 6908/3892/3815 6962/3947/2667 6963/3948/2625
f 6956/3942/2664 6942/3928/2653 6927/3913/3824
f 6927/3913/3824 6964/3949/2668 6956/3942/2664
f 6964/3949/2668 6927/3913/3824 6925/3911/2636
f 6925/3911/2636 6955/3941/3840 6964/3949/2668
f 6965/3950/3841 6935/3921/2646 6934/3922/2645
f 6934/3922/2645 6966/3951/3838 6965/3950/3841
f 6966/3951/3838 6934/3922/2645 6939/3925/3831
f 6939/3925/3831 6967/3952/2659 6966/3951/3838
f 6961/3946/2630 6910/3896/3817 6912/3898/3818
f 6912/3898/3818 6968/3953/3842 6961/3946/2630
f 6968/3953/3842 6912/3898/3818 6883/3875/2596
f 6883/3875/2596 6959/3945/2609 6968/3953/3842
f 6952/3938/2663 6933/3919/3828 6969/3954/2671
f 6969/3954/2671 6950/3936/2661 6952/3938/2663
f 6887/3877/2840 6879/3871/2099 6880/3874/2593
f 6887/3877/2840 6880/3874/2593 6913/3899/3819
f 6913/3899/3819 6889/3879/3809 6887/3877/2840
f 6920/3906/2631 6901/3889/2612 6892/3880/2086
f 6920/3906/2631 6892/3880/2086 6894/3884/2836
f 6894/3884/2836 6905/3890/3814 6920/3906/2631
f 6970/3955/1 6926/3912/2637 6943/3929/3834
f 6943/3929/3834 6941/3927/3833 6970/3955/1
f 6937/3923/3829 6936/3920/2647 6971/3956/2672
f 6971/3956/2672 6972/3957/3843 6937/3923/3829
f 6940/3924/3832 6937/3923/3829 6972/3957/3843
f 6972/3957/3843 6973/3958/2674 6940/3924/3832
f 6939/3925/3831 6938/3926/3830 6957/3943/2662
f 6957/3943/2662 6967/3952/2659 6939/3925/3831
f 6973/3958/2674 6970/3955/1 6941/3927/3833
f 6941/3927/3833 6940/3924/3832 6973/3958/2674
f 6944/3932/3835 6871/3865/2585 6873/3867/3805
f 6873/3867/3805 6945/3931/3836 6944/3932/3835
f 6949/3934/3839 6868/3864/3804 6871/3865/2585
f 6871/3865/2585 6944/3932/3835 6949/3934/3839
f 6949/3934/3839 6950/3936/2661 6969/3954/2671
f 6949/3934/3839 6969/3954/2671 6869/3863/2583
f 6869/3863/2583 6868/3864/3804 6949/3934/3839
f 6931/3917/3827 6928/3915/3825 6969/3954/2671
f 6969/3954/2671 6933/3919/3828 6931/3917/3827
f 6924/3910/2635 6926/3912/2637 6970/3955/1
f 6970/3955/1 6923/3908/2634 6924/3910/2635
f 6974/3961/3844 6975/3960/2676 6976/3959/2677
f 6976/3959/2677 6977/3962/2678 6974/3961/3844
f 6978/3963/3845 6974/3961/3844 6977/3962/2678
f 6977/3962/2678 6979/3964/2794 6978/3963/3845
f 6980/3680/2681 6981/3681/2443 6982/3965/2438
f 6982/3965/2438 6983/3966/2192 6980/3680/2681
f 6983/3966/2192 6982/3965/2438 6984/3967/2439
f 6984/3967/2439 6985/3968/2189 6983/3966/2192
f 6986/3971/2445 6987/3970/2446 6988/3969/2447
f 6988/3969/2447 6989/3972/2444 6986/3971/2445
f 6987/3970/2446 6986/3971/2445 6990/3690/2684
f 6990/3690/2684 6991/3691/2448 6987/3970/2446
f 6985/3968/2189 6984/3967/2439 6992/3973/3846
f 6992/3973/3846 6993/3974/3847 6985/3968/2189
f 6993/3974/3847 6992/3973/3846 6994/3975/2686
f 6994/3975/2686 6995/3976/2687 6993/3974/3847
f 6996/3979/2179 6997/3978/2428 6998/3977/2424
f 6998/3977/2424 6999/3980/2177 6996/3979/2179
f 6997/3978/2428 6996/3979/2179 7000/3981/3544
f 7000/3981/3544 7001/3982/2689 6997/3978/2428
f 6999/3980/2177 6998/3977/2424 7002/3702/2690
f 7002/3702/2690 7003/3703/3848 6999/3980/2177
f 7004/3985/3849 7005/3984/2431 7006/3983/2432
f 7006/3983/2432 7007/3986/2429 7004/3985/3849
f 7005/3984/2431 7004/3985/3849 7008/3708/3850
f 7008/3708/3850 7009/3709/2693 7005/3984/2431
f 7010/3988/3851 7011/3987/2695 7001/3982/2689
f 7001/3982/2689 7000/3981/3544 7010/3988/3851
f 7012/3991/3852 7013/3990/3853 7014/3989/2698
f 7014/3989/2698 7015/3992/2699 7012/3991/3852
f 7013/3990/3853 7012/3991/3852 7016/3993/3854
f 7016/3993/3854 7017/3994/2701 7013/3990/3853
f 7017/3994/2701 7016/3993/3854 7018/3995/3855
f 7018/3995/3855 7019/3996/3856 7017/3994/2701
f 7020/3999/3857 7021/3998/2705 7022/3997/2706
f 7022/3997/2706 7023/4000/2707 7020/3999/3857
f 7021/3998/2705 7020/3999/3857 7024/4001/2708
f 7024/4001/2708 7025/4002/2709 7021/3998/2705
f 7025/4002/2709 7024/4001/2708 7026/4003/2710
f 7026/4003/2710 7027/4004/2711 7025/4002/2709
f 7028/4006/3858 7029/4005/2713 7015/3992/2699
f 7015/3992/2699 7014/3989/2698 7028/4006/3858
f 7029/4005/2713 7028/4006/3858 7030/4007/2714
f 7030/4007/2714 7031/4008/2715 7029/4005/2713
f 7031/4008/2715 7030/4007/2714 7032/4009/2716
f 7032/4009/2716 7033/4010/3859 7031/4008/2715
f 7034/4012/2744 7035/4011/2719 7023/4000/2707
f 7023/4000/2707 7022/3997/2706 7034/4012/2744
f 7035/4011/2719 7034/4012/2744 7036/4013/2720
f 7036/4013/2720 7037/4014/3860 7035/4011/2719
f 7037/4014/3860 7036/4013/2720 7038/4015/2722
f 7038/4015/2722 7039/4016/3861 7037/4014/3860
f 7040/4019/3862 7041/4018/2725 7042/4017/2726
f 7042/4017/2726 7043/4020/3863 7040/4019/3862
f 7044/4023/2728 7045/4022/2729 7046/4021/2730
f 7046/4021/2730 7047/4024/3864 7044/4023/2728
f 7045/4022/2729 7044/4023/2728 7043/4020/3863
f 7043/4020/3863 7042/4017/2726 7045/4022/2729
f 7047/4024/3864 7046/4021/2730 7048/4025/2732
f 7048/4025/2732 7049/4026/2733 7047/4024/3864
f 7050/4029/2747 7051/4028/3865 7052/4027/3866
f 7052/4027/3866 7053/4030/2737 7050/4029/2747
f 7054/4032/3867 7055/4031/2739 7053/4030/2737
f 7053/4030/2737 7052/4027/3866 7054/4032/3867
f 7055/4031/2739 7054/4032/3867 7056/4033/3868
f 7056/4033/3868 7057/4034/3869 7055/4031/2739
f 7057/4034/3869 7056/4033/3868 7058/4035/2742
f 7058/4035/2742 7059/4036/2743 7057/4034/3869
f 6989/3972/2444 6988/3969/2447 7019/3996/3856
f 7019/3996/3856 7018/3995/3855 6989/3972/2444
f 7007/3986/2429 7006/3983/2432 7027/4004/2711
f 7027/4004/2711 7026/4003/2710 7007/3986/2429
f 7033/4010/3859 7032/4009/2716 7049/4026/2733
f 7049/4026/2733 7048/4025/2732 7033/4010/3859
f 7059/4036/2743 7058/4035/2742 7039/4016/3861
f 7039/4016/3861 7038/4015/2722 7059/4036/2743
f 6999/3980/2177 7004/3985/3849 7007/3986/2429
f 7007/3986/2429 6996/3979/2179 6999/3980/2177
f 7008/3708/3850 7004/3985/3849 6999/3980/2177
f 6999/3980/2177 7003/3703/3848 7008/3708/3850
f 6988/3969/2447 6987/3970/2446 6983/3966/2192
f 6983/3966/2192 6985/3968/2189 6988/3969/2447
f 6987/3970/2446 6991/3691/2448 6980/3680/2681
f 6980/3680/2681 6983/3966/2192 6987/3970/2446
f 7060/4037/2744 7029/4005/2713 7031/4008/2715
f 7031/4008/2715 7061/4038/2720 7060/4037/2744
f 7062/4039/2743 7048/4025/2732 7046/4021/2730
f 7046/4021/2730 7063/4040/2741 7062/4039/2743
f 7064/4041/2431 6986/3971/2445 6989/3972/2444
f 6989/3972/2444 7065/4042/2432 7064/4041/2431
f 6997/3978/2428 6984/3967/2439 6982/3965/2438
f 6982/3965/2438 6998/3977/2424 6997/3978/2428
f 6990/3690/2684 6986/3971/2445 7064/4041/2431
f 7064/4041/2431 7066/3766/2431 6990/3690/2684
f 6998/3977/2424 6982/3965/2438 6981/3681/2443
f 6981/3681/2443 7002/3702/2690 6998/3977/2424
f 7067/4043/2709 7016/3993/3854 7012/3991/3852
f 7012/3991/3852 7068/4044/3870 7067/4043/2709
f 7011/3987/2695 6994/3975/2686 6992/3973/3846
f 6992/3973/3846 7001/3982/2689 7011/3987/2695
f 7001/3982/2689 6992/3973/3846 6984/3967/2439
f 6984/3967/2439 6997/3978/2428 7001/3982/2689
f 7015/3992/2699 7029/4005/2713 7060/4037/2744
f 7060/4037/2744 7069/4045/3871 7015/3992/2699
f 7012/3991/3852 7015/3992/2699 7069/4045/3871
f 7069/4045/3871 7068/4044/3870 7012/3991/3852
f 7033/4010/3859 7048/4025/2732 7062/4039/2743
f 7062/4039/2743 7070/4046/2722 7033/4010/3859
f 7031/4008/2715 7033/4010/3859 7070/4046/2722
f 7070/4046/2722 7061/4038/2720 7031/4008/2715
f 7042/4017/2726 7041/4018/2725 7071/4047/2747
f 7071/4047/2747 7072/4048/3872 7042/4017/2726
f 7045/4022/2729 7042/4017/2726 7072/4048/3872
f 7072/4048/3872 7073/4049/2739 7045/4022/2729
f 7018/3995/3855 7016/3993/3854 7067/4043/2709
f 7067/4043/2709 7074/4050/2711 7018/3995/3855
f 6989/3972/2444 7018/3995/3855 7074/4050/2711
f 7074/4050/2711 7065/4042/2432 6989/3972/2444
f 7075/4051/2748 7039/4016/3861 7058/4035/2742
f 7058/4035/2742 7056/4033/3868 7075/4051/2748
f 6988/3969/2447 6985/3968/2189 6993/3974/3847
f 6988/3969/2447 6993/3974/3847 6995/3976/2687
f 6995/3976/2687 7019/3996/3856 6988/3969/2447
f 6996/3979/2179 7007/3986/2429 7026/4003/2710
f 6996/3979/2179 7026/4003/2710 7010/3988/3851
f 7010/3988/3851 7000/3981/3544 6996/3979/2179
f 7049/4026/2733 7032/4009/2716 7076/4052/10
f 7076/4052/10 7047/4024/3864 7049/4026/2733
f 7077/4053/3873 7040/4019/3862 7043/4020/3863
f 7043/4020/3863 7078/4054/2750 7077/4053/3873
f 7078/4054/2750 7043/4020/3863 7044/4023/2728
f 7044/4023/2728 7079/4055/2751 7078/4054/2750
f 7063/4040/2741 7046/4021/2730 7045/4022/2729
f 7045/4022/2729 7073/4049/2739 7063/4040/2741
f 7047/4024/3864 7076/4052/10 7079/4055/2751
f 7079/4055/2751 7044/4023/2728 7047/4024/3864
f 6979/3964/2794 6977/3962/2678 7052/4027/3866
f 7052/4027/3866 7051/4028/3865 6979/3964/2794
f 6977/3962/2678 6976/3959/2677 7054/4032/3867
f 7054/4032/3867 7052/4027/3866 6977/3962/2678
f 7075/4051/2748 7056/4033/3868 7054/4032/3867
f 7075/4051/2748 7054/4032/3867 6976/3959/2677
f 6976/3959/2677 6975/3960/2676 7075/4051/2748
f 7075/4051/2748 7035/4011/2719 7037/4014/3860
f 7037/4014/3860 7039/4016/3861 7075/4051/2748
f 7076/4052/10 7032/4009/2716 7030/4007/2714
f 7030/4007/2714 7028/4006/3858 7076/4052/10
f 6971/3956/2672 7080/4057/2752 7081/4056/3874
f 7081/4056/3874 6972/3957/3843 6971/3956/2672
f 6972/3957/3843 7081/4056/3874 7082/4058/3875
f 7082/4058/3875 6973/3958/2674 6972/3957/3843
f 7082/4058/3875 7083/4059/2755 6970/3955/1
f 6970/3955/1 6973/3958/2674 7082/4058/3875
f 7084/4061/2756 7085/4060/2757 6869/3863/2583
f 6869/3863/2583 6969/3954/2671 7084/4061/2756
f 7086/4062/2758 6872/3866/2586 6870/3862/2584
f 6870/3862/2584 7087/4063/2759 7086/4062/2758
f 7087/4063/2759 6870/3862/2584 6869/3863/2583
f 6869/3863/2583 7085/4060/2757 7087/4063/2759
f 7088/4064/3876 6888/3878/2600 6889/3879/3809
f 6889/3879/3809 7089/4065/2761 7088/4064/3876
f 7090/4066/3877 6905/3890/3814 6904/3891/3813
f 6935/3921/2646 7091/4068/3878 7092/4067/3879
f 7092/4067/3879 6936/3920/2647 6935/3921/2646
f 6945/3931/3836 7093/4070/3880 7094/4069/3881
f 7094/4069/3881 6946/3930/3837 6945/3931/3836
f 6917/3903/3820 6916/3900/2627 7095/4071/2767
f 7095/4071/2767 7084/4061/2756 6917/3903/3820
f 7091/4068/3878 6935/3921/2646 6965/3950/3841
f 6965/3950/3841 7096/4072/3882 7091/4068/3878
f 6904/3891/3813 6888/3878/2600 7088/4064/3876
f 7088/4064/3876 7090/4066/3877 6904/3891/3813
f 6911/3897/2622 6907/3893/2618 7097/4073/2769
f 7097/4073/2769 7098/4074/3883 6911/3897/2622
f 7095/4071/2767 6916/3900/2627 6918/3904/3821
f 6918/3904/3821 7099/4075/2771 7095/4071/2767
f 7083/4059/2755 7097/4073/2769 6907/3893/2618
f 6907/3893/2618 6906/3894/2617 7083/4059/2755
f 7089/4065/2761 6889/3879/3809 6913/3899/3819
f 7089/4065/2761 6913/3899/3819 6911/3897/2622
f 6911/3897/2622 7098/4074/3883 7089/4065/2761
f 6905/3890/3814 7099/4075/2771 6918/3904/3821
f 6918/3904/3821 6920/3906/2631 6905/3890/3814
f 6906/3894/2617 6923/3908/2634 6970/3955/1
f 6970/3955/1 7083/4059/2755 6906/3894/2617
f 7080/4057/2752 6971/3956/2672 6936/3920/2647
f 6936/3920/2647 7092/4067/3879 7080/4057/2752
f 6917/3903/3820 7084/4061/2756 6969/3954/2671
f 6969/3954/2671 6928/3915/3825 6917/3903/3820
f 6873/3867/3805 6872/3866/2586 7086/4062/2773
f 6873/3867/3805 7086/4062/2758 7093/4070/3880
f 7093/4070/3880 6945/3931/3836 6873/3867/3805
f 7100/4077/3884 7101/4076/2775 7077/4053/3873
f 7077/4053/3873 7078/4054/2750 7100/4077/3884
f 7102/4078/3885 7100/4077/3884 7078/4054/2750
f 7078/4054/2750 7079/4055/2751 7102/4078/3885
f 7076/4052/10 7103/4079/2777 7102/4078/3885
f 7102/4078/3885 7079/4055/2751 7076/4052/10
f 6975/3960/2676 7104/4081/2778 7105/4080/2779
f 7105/4080/2779 7075/4051/2748 6975/3960/2676
f 6974/3961/3844 6978/3963/3845 7106/4082/2780
f 7106/4082/2780 7107/4083/2781 6974/3961/3844
f 6975/3960/2676 6974/3961/3844 7107/4083/2781
f 7107/4083/2781 7104/4081/2778 6975/3960/2676
f 6995/3976/2687 6994/3975/2686 7108/4084/2782
f 7108/4084/2782 7109/4085/2783 6995/3976/2687
f 7110/4086/2784 7011/3987/2695 7010/3988/3851
f 7111/4088/3886 7112/4087/3887 7041/4018/2725
f 7041/4018/2725 7040/4019/3862 7111/4088/3886
f 7113/4090/3888 7114/4089/2788 7051/4028/3865
f 7051/4028/3865 7050/4029/2747 7113/4090/3888
f 7115/4091/3889 7020/3999/3857 7023/4000/2707
f 7023/4000/2707 7105/4080/2779 7115/4091/3889
f 7071/4047/2747 7041/4018/2725 7112/4087/3887
f 7112/4087/3887 7116/4092/3888 7071/4047/2747
f 7108/4084/2782 6994/3975/2686 7011/3987/2695
f 7011/3987/2695 7110/4086/2784 7108/4084/2782
f 7117/4093/2790 7013/3990/3853 7017/3994/2701
f 7017/3994/2701 7118/4094/2791 7117/4093/2790
f 7024/4001/2708 7020/3999/3857 7115/4091/3889
f 7115/4091/3889 7119/4095/2792 7024/4001/2708
f 7013/3990/3853 7117/4093/2790 7103/4079/2777
f 7103/4079/2777 7014/3989/2698 7013/3990/3853
f 7019/3996/3856 6995/3976/2687 7109/4085/2783
f 7019/3996/3856 7109/4085/2783 7118/4094/2791
f 7118/4094/2791 7017/3994/2701 7019/3996/3856
f 7024/4001/2708 7119/4095/2792 7010/3988/3851
f 7010/3988/3851 7026/4003/2710 7024/4001/2708
f 7076/4052/10 7028/4006/3858 7014/3989/2698
f 7014/3989/2698 7103/4079/2777 7076/4052/10
f 7040/4019/3862 7077/4053/3873 7101/4076/2775
f 7101/4076/2775 7111/4088/3886 7040/4019/3862
f 7075/4051/2748 7105/4080/2779 7023/4000/2707
f 7023/4000/2707 7035/4011/2719 7075/4051/2748
f 7106/4082/2793 6978/3963/3845 6979/3964/2680
f 7106/4082/2780 6979/3964/2794 7051/4028/3865
f 7051/4028/3865 7114/4089/2788 7106/4082/2780
f 7120/4096/2795 7097/4073/2769 7083/4059/2755
f 7083/4059/2755 7121/4097/2796 7120/4096/2795
f 7117/4093/2790 7122/4099/2795 7123/4098/2796
f 7123/4098/2796 7103/4079/2777 7117/4093/2790
f 7122/4099/2795 7117/4093/2790 7118/4094/2791
f 7118/4094/2791 7124/4100/3890 7122/4099/2795
f 7097/4073/2769 7120/4096/2795 7125/4101/2797
f 7125/4101/2797 7098/4074/3883 7097/4073/2769
f 7124/4100/3890 7118/4094/2791 7109/4085/2783
f 7109/4085/2783 7126/4102/2798 7124/4100/3890
f 7098/4074/3883 7125/4101/2797 7127/4103/3891
f 7127/4103/3891 7089/4065/2761 7098/4074/3883
f 7128/4104/2799 7095/4071/2767 7099/4075/2771
f 7099/4075/2771 7129/4105/2800 7128/4104/2799
f 7115/4091/3889 7130/4107/2799 7131/4106/3892
f 7131/4106/3892 7119/4095/2792 7115/4091/3889
f 7129/4105/2800 7099/4075/2771 6905/3890/3814
f 6905/3890/3814 7132/4108/2802 7129/4105/2800
f 7119/4095/2792 7131/4106/3892 7133/4109/3893
f 7133/4109/3893 7010/3988/3851 7119/4095/2792
f 7132/4108/2802 6905/3890/3814 7090/4066/3877
f 7090/4066/3877 7134/4110/2803 7132/4108/2802
f 7010/3988/3851 7133/4109/3893 7135/4111/2803
f 7135/4111/2803 7110/4086/2784 7010/3988/3851
f 7136/4112/2804 7081/4056/3874 7080/4057/2752
f 7080/4057/2752 7137/4113/2805 7136/4112/2804
f 7100/4077/3884 7138/4115/2804 7139/4114/2805
f 7139/4114/2805 7101/4076/2775 7100/4077/3884
f 7137/4113/2805 7080/4057/2752 7092/4067/3879
f 7092/4067/3879 7140/4116/2808 7137/4113/2805
f 7101/4076/2775 7139/4114/2805 7141/4117/3894
f 7141/4117/3894 7111/4088/3886 7101/4076/2775
f 7138/4115/2804 7100/4077/3884 7102/4078/3885
f 7102/4078/3885 7142/4118/2809 7138/4115/2804
f 7081/4056/3874 7136/4112/2804 7143/4119/2810
f 7143/4119/2810 7082/4058/3875 7081/4056/3874
f 7142/4118/2809 7102/4078/3885 7103/4079/2777
f 7103/4079/2777 7123/4098/2796 7142/4118/2809
f 7082/4058/3875 7143/4119/2810 7121/4097/2796
f 7121/4097/2796 7083/4059/2755 7082/4058/3875
f 7130/4107/2799 7115/4091/3889 7105/4080/2779
f 7105/4080/2779 7144/4120/2811 7130/4107/2799
f 7095/4071/2767 7128/4104/2799 7145/4121/2811
f 7145/4121/2811 7084/4061/2756 7095/4071/2767
f 7144/4120/2811 7105/4080/2779 7104/4081/2778
f 7104/4081/2778 7146/4122/2812 7144/4120/2811
f 7084/4061/2756 7145/4121/2811 7147/4123/3895
f 7147/4123/3895 7085/4060/2757 7084/4061/2756
f 7148/4124/2813 7086/4062/2758 7087/4063/2759
f 7087/4063/2759 7149/4125/3896 7148/4124/2813
f 7106/4082/2780 7150/4127/2813 7151/4126/3896
f 7151/4126/3896 7107/4083/2781 7106/4082/2780
f 7146/4122/2812 7104/4081/2778 7107/4083/2781
f 7107/4083/2781 7151/4126/3896 7146/4122/2812
f 7085/4060/2757 7147/4123/3895 7149/4125/3896
f 7149/4125/3896 7087/4063/2759 7085/4060/2757
f 7126/4102/2798 7109/4085/2783 7108/4084/2782
f 7108/4084/2782 7152/4128/2815 7126/4102/2798
f 7089/4065/2761 7127/4103/3891 7153/4129/2815
f 7153/4129/2815 7088/4064/3876 7089/4065/2761
f 7152/4128/2815 7108/4084/2782 7110/4086/2784
f 7110/4086/2784 7135/4111/2803 7152/4128/2815
f 7088/4064/3876 7153/4129/2815 7134/4110/2803
f 7134/4110/2803 7090/4066/3877 7088/4064/3876
f 7140/4116/2808 7092/4067/3879 7091/4068/3878
f 7091/4068/3878 7154/4130/2818 7140/4116/2808
f 7111/4088/3886 7141/4117/3894 7155/4131/2818
f 7155/4131/2818 7112/4087/3887 7111/4088/3886
f 7154/4130/2818 7091/4068/3878 7096/4072/3882
f 7096/4072/3882 7156/4132/3897 7154/4130/2818
f 7112/4087/3887 7155/4131/2818 7157/4133/3898
f 7157/4133/3898 7116/4092/3888 7112/4087/3887
f 7158/4134/3899 7094/4069/3881 7093/4070/3880
f 7093/4070/3880 7159/4135/3900 7158/4134/3899
f 7113/4090/3888 7160/4137/3897 7161/4136/2823
f 7161/4136/2823 7114/4089/2788 7113/4090/3888
f 7150/4127/2813 7106/4082/2780 7114/4089/2788
f 7114/4089/2788 7161/4136/2823 7150/4127/2813
f 7086/4062/2758 7148/4124/2813 7159/4135/3900
f 7159/4135/3900 7093/4070/3880 7086/4062/2758
