# Blender 3.6.2
# www.blender.org
mtllib chair_legs.mtl
o 3SM_wood
v 1.456556 2.109460 2.306820
v 1.444926 2.122730 2.244390
v 1.442866 2.146260 2.248830
v 1.454486 2.133170 2.311290
v 1.385206 2.187040 1.941950
v 1.383266 2.209120 1.946110
v 1.377806 2.230610 1.950700
v 1.437046 2.169150 2.253720
v 1.448616 2.156260 2.316220
v 1.465636 2.119990 2.373850
v 1.467726 2.096160 2.369360
v 1.459746 2.143180 2.378810
v 1.494456 2.099500 2.584840
v 1.500366 2.076240 2.579870
v 1.502456 2.052350 2.575370
v 1.454486 2.085610 2.302950
v 1.442866 2.099080 2.240560
v 1.448616 2.062170 2.299720
v 1.437046 2.075820 2.237360
v 1.377806 2.143020 1.935340
v 1.383266 2.164850 1.938350
v 1.427816 2.190930 2.258930
v 1.439306 2.178210 2.321470
v 1.369146 2.251040 1.955590
v 1.357616 2.269960 1.960640
v 1.415536 2.211080 2.264310
v 1.426926 2.198520 2.326900
v 1.465636 2.072200 2.365470
v 1.500366 2.028330 2.571470
v 1.494576 2.004960 2.568250
v 1.459746 2.048640 2.362230
v 1.450396 2.165240 2.384080
v 1.437956 2.185660 2.389540
v 1.472616 2.142080 2.595600
v 1.485086 2.121610 2.590130
v 1.439306 2.039640 2.297180
v 1.427816 2.053480 2.234830
v 1.426926 2.018560 2.295340
v 1.415536 2.032570 2.233010
v 1.357616 2.102430 1.931270
v 1.369146 2.122050 1.932970
v 1.075956 2.517970 0.385690
v 1.074696 2.532290 0.388390
v 1.071156 2.546230 0.391370
v 1.394376 2.232240 2.337710
v 1.411826 2.216700 2.332360
v 1.400556 2.229110 2.269730
v 1.383236 2.244520 2.275040
v 1.343566 2.286880 1.965730
v 1.327316 2.301340 1.970710
v 1.688996 1.835980 3.709950
v 1.691056 1.812110 3.705210
v 1.683116 1.859220 3.715150
v 1.450396 2.026000 2.359670
v 1.485566 1.983000 2.565750
v 1.473416 1.962340 2.563960
v 1.437956 2.004820 2.357830
v 1.405236 2.219540 2.400400
v 1.422776 2.203920 2.395020
v 1.439816 2.176040 2.606490
v 1.457406 2.160390 2.601100
v 1.074696 2.503560 0.383350
v 1.071156 2.489400 0.381400
v 1.394376 1.982840 2.293990
v 1.383236 1.997130 2.231670
v 1.400556 2.013610 2.231950
v 1.411826 1.999450 2.294270
v 1.327316 2.069170 1.930000
v 1.343566 2.084640 1.930270
v 1.065536 2.559490 0.394540
v 1.058056 2.571770 0.397820
v 1.353816 2.253380 2.347530
v 1.374916 2.244630 2.342820
v 1.363936 2.256820 2.280100
v 1.343006 2.265500 2.284780
v 1.309196 2.312880 1.975460
v 1.289556 2.321030 1.979850
v 1.688936 1.788080 3.701170
v 1.683926 1.766330 3.697990
v 1.673756 1.881330 3.720610
v 1.661276 1.901800 3.726180
v 1.422776 1.985620 2.356750
v 1.405236 1.968920 2.356460
v 1.458186 1.942890 2.562850
v 1.440386 1.925600 2.562500
v 1.364486 2.240780 2.410270
v 1.385686 2.231990 2.405530
v 1.398956 2.197340 2.616380
v 1.420216 2.188530 2.611630
v 1.065536 2.475790 0.379870
v 1.058056 2.463060 0.378760
v 1.353816 1.959190 2.295950
v 1.343006 1.973670 2.233610
v 1.363936 1.983640 2.232210
v 1.374916 1.969240 2.294530
v 1.289556 2.047150 1.931830
v 1.309196 2.056510 1.930510
v 1.048936 2.582750 0.401120
v 1.038386 2.592130 0.404350
v 1.320806 2.270070 2.288920
v 1.331436 2.257990 2.351710
v 1.268726 2.325310 1.983740
v 1.247236 2.325930 1.987090
v 1.297906 2.270730 2.292490
v 1.308346 2.258660 2.355300
v 1.677326 1.749250 3.695830
v 1.670206 1.735190 3.694040
v 1.628446 1.935800 3.737160
v 1.646056 1.920130 3.731740
v 1.385686 1.955260 2.357010
v 1.364486 1.945160 2.358440
v 1.420506 1.911470 2.563010
v 1.399016 1.901100 2.564430
v 1.341996 2.245410 2.414470
v 1.318796 2.246080 2.418080
v 1.353156 2.202660 2.624210
v 1.376416 2.201980 2.620590
v 1.038386 2.441480 0.377940
v 1.048936 2.451520 0.378110
v 1.331436 1.953200 2.298270
v 1.320806 1.967730 2.235920
v 1.308346 1.951110 2.301380
v 1.297906 1.965650 2.239000
v 1.247236 2.039630 1.936890
v 1.268726 2.041580 1.933990
v 1.026636 2.599620 0.407440
v 1.013896 2.604910 0.410280
v 1.274886 2.267700 2.295430
v 1.285146 2.255610 2.358260
v 1.225626 2.323090 1.989840
v 1.204456 2.316990 1.991960
v 1.252326 2.261200 2.297690
v 1.262396 2.249050 2.360540
v 1.652076 1.712120 3.692720
v 1.632726 1.691010 3.691940
v 1.587526 1.957140 3.747000
v 1.608826 1.948300 3.742320
v 1.341996 1.939140 2.360770
v 1.376356 1.895100 2.566800
v 1.353066 1.893080 2.569950
v 1.318796 1.937040 2.363900
v 1.295476 2.243020 2.421060
v 1.272616 2.236430 2.423350
v 1.306856 2.192980 2.629490
v 1.329776 2.199580 2.627200
v 1.013885 2.427190 0.379120
v 1.026636 2.433270 0.378270
v 1.285146 1.952720 2.305160
v 1.274886 1.967260 2.242750
v 1.262396 1.957870 2.309490
v 1.252326 1.972360 2.247050
v 1.204456 2.045930 1.944440
v 1.225626 2.041140 1.940410
v 1.000376 2.607690 0.412810
v 0.986426 2.608090 0.414980
v 1.220586 2.226280 2.362850
v 1.240686 2.239210 2.362090
v 1.230786 2.251440 2.299220
v 1.210856 2.238620 2.299970
v 1.184236 2.307830 1.993400
v 1.165536 2.295800 1.994110
v 1.610936 1.673830 3.692210
v 1.587756 1.661750 3.693580
v 1.564916 1.961830 3.751030
v 1.541586 1.962560 3.754380
v 1.295476 1.938660 2.367700
v 1.329716 1.894620 2.573740
v 1.306846 1.899690 2.578070
v 1.272616 1.943840 2.372050
v 1.230606 2.213550 2.425660
v 1.250796 2.226540 2.424900
v 1.264746 2.170040 2.631820
v 1.284986 2.183060 2.631050
v 1.000376 2.423580 0.380530
v 0.986426 2.422310 0.382410
v 1.220586 1.978060 2.319330
v 1.210856 1.992390 2.256800
v 1.230786 1.980800 2.251770
v 1.240686 1.966380 2.314250
v 1.165536 2.064720 1.953600
v 1.184246 2.053850 1.948870
v 0.972405 2.606250 0.416770
v 0.958666 2.602290 0.418140
v 1.187576 2.192060 2.361820
v 1.202696 2.210500 2.362780
v 1.193106 2.222960 2.299900
v 1.178106 2.204670 2.298960
v 1.148876 2.281100 1.994040
v 1.134806 2.263940 1.993150
v 1.564236 1.655950 3.696110
v 1.540546 1.653290 3.699210
v 1.518116 1.959560 3.757020
v 1.495096 1.953030 3.758940
v 1.250796 1.952380 2.376830
v 1.230606 1.964120 2.381930
v 1.284986 1.908210 2.582860
v 1.264746 1.919980 2.587970
v 1.197436 2.179170 2.424630
v 1.212626 2.197690 2.425590
v 1.231486 2.135570 2.630780
v 1.246716 2.154140 2.631740
v 0.972405 2.423290 0.384690
v 0.958666 2.426400 0.387300
v 1.187576 2.010240 2.329940
v 1.178106 2.024310 2.267330
v 1.193106 2.006950 2.262030
v 1.202696 1.992740 2.324600
v 1.134806 2.094680 1.963480
v 1.148876 2.078390 1.958500
v 0.945556 2.596340 0.419080
v 0.933416 2.588530 0.419540
v 1.166446 2.183970 2.297080
v 1.175826 2.171190 2.359930
v 1.123866 2.244510 1.991400
v 1.116046 2.223410 1.988870
v 1.158116 2.161480 2.294400
v 1.167426 2.148520 2.357230
v 1.517746 1.655680 3.701390
v 1.494746 1.660040 3.705330
v 1.452796 1.930230 3.760460
v 1.473126 1.943180 3.760090
v 1.212626 1.978870 2.387230
v 1.197436 1.996460 2.392600
v 1.246716 1.934770 2.593280
v 1.231486 1.952400 2.598670
v 1.185626 2.158190 2.422730
v 1.177186 2.135410 2.420010
v 1.211186 2.091710 2.626150
v 1.219646 2.114550 2.628880
v 0.933416 2.438590 0.393250
v 0.945556 2.431540 0.390180
v 1.175826 2.030380 2.335250
v 1.166446 2.044290 2.272590
v 1.167426 2.052530 2.340400
v 1.158116 2.066270 2.277700
v 1.116046 2.134050 1.973210
v 1.123866 2.113430 1.968410
v 0.922606 2.579000 0.419490
v 0.913476 2.567860 0.418920
v 1.153116 2.137840 2.291000
v 1.162386 2.124690 2.353800
v 1.111356 2.201220 1.985690
v 1.109786 2.178540 1.981950
v 1.151456 2.113670 2.287020
v 1.160706 2.100320 2.349790
v 1.739206 1.771970 4.011050
v 1.740996 1.748430 4.004750
v 1.733586 1.794850 4.017860
v 1.472806 1.668360 3.709880
v 1.452506 1.680180 3.714850
v 1.419366 1.895870 3.758680
v 1.434676 1.914390 3.760010
v 1.185626 2.016700 2.397930
v 1.219646 1.972690 2.604010
v 1.211186 1.995010 2.609190
v 1.177186 2.038960 2.403100
v 1.172126 2.111460 2.416580
v 1.170436 2.086980 2.412540
v 1.204416 2.043150 2.618660
v 1.206106 2.067700 2.622700
v 0.913476 2.458030 0.399660
v 0.922606 2.447460 0.396430
v 1.162386 2.076060 2.345280
v 1.153116 2.089600 2.282550
v 1.111356 2.155950 1.977750
v 0.906376 2.555260 0.417780
v 0.901296 2.541560 0.416140
v 1.724416 1.816720 4.024440
v 1.712066 1.837050 4.030730
v 1.434436 1.695010 3.720050
v 1.419176 1.712690 3.725370
v 1.407446 1.874890 3.756410
v 1.398916 1.852090 3.753340
v 1.172126 2.062600 2.408010
v 1.206106 2.018710 2.614110
v 0.906376 2.470200 0.402860
v 0.901296 2.483580 0.405970
v 0.898256 2.527170 0.414070
v 0.897246 2.512450 0.411650
v 1.407306 1.733020 3.730670
v 1.398836 1.755360 3.735860
v 1.393786 1.828100 3.749630
v 1.392066 1.803560 3.745410
v 0.898256 2.497790 0.408920
v 1.393756 1.779090 3.740790
v 1.021106 2.576570 0.110100
v 1.019976 2.589510 0.112540
v 1.016446 2.581420 0.087300
v 1.015326 2.594220 0.089710
v 1.012156 2.606690 0.092370
v 1.016766 2.602100 0.115230
v 1.615486 1.897350 4.054310
v 1.638316 1.892380 4.051600
v 1.591816 1.898500 4.055690
v 1.019976 2.563560 0.107990
v 1.015326 2.568540 0.085210
v 1.016766 2.550770 0.106230
v 1.012156 2.555880 0.083470
v 1.013196 2.584670 0.072000
v 1.012086 2.597360 0.074400
v 1.010535 2.586960 0.061230
v 1.009436 2.599520 0.063590
v 1.006326 2.611750 0.066210
v 1.008945 2.609720 0.077040
v 1.011696 2.614080 0.118090
v 1.007126 2.618540 0.095210
v 1.000446 2.629510 0.098140
v 1.004936 2.625160 0.121060
v 1.567946 1.896000 4.055950
v 1.544486 1.890040 4.055180
v 1.012086 2.571900 0.069930
v 1.009436 2.574330 0.059180
v 1.008945 2.559350 0.068210
v 1.006326 2.561910 0.057470
v 1.011696 2.538480 0.104840
v 1.007126 2.543720 0.082090
v 1.004936 2.526970 0.103840
v 1.000446 2.532330 0.081100
v 1.007626 2.588930 0.051970
v 1.006546 2.601280 0.054300
v 1.004206 2.590740 0.043450
v 1.003156 2.602780 0.045720
v 1.000175 2.614500 0.048220
v 1.003486 2.613300 0.056870
v 1.003956 2.621480 0.079850
v 1.001395 2.623380 0.068990
v 0.994836 2.634140 0.071860
v 0.997335 2.632350 0.082750
v 0.982866 2.647720 0.103980
v 0.987176 2.643560 0.126960
v 0.996696 2.635080 0.124040
v 0.992296 2.639330 0.101090
v 1.006546 2.576510 0.049950
v 1.003496 2.564300 0.048270
v 1.000175 2.566730 0.039850
v 1.003156 2.578640 0.041490
v 1.003956 2.547290 0.066840
v 1.001395 2.549980 0.056120
v 0.997335 2.536000 0.065860
v 0.994836 2.538810 0.055150
v 0.987176 2.507480 0.103100
v 0.996696 2.516550 0.103250
v 0.982866 2.513040 0.080370
v 0.992296 2.522020 0.080520
v 0.998646 2.624730 0.059600
v 0.995456 2.625640 0.050890
v 0.989166 2.635950 0.053650
v 0.992196 2.635310 0.062430
v 0.977596 2.652000 0.077590
v 0.979906 2.650400 0.088550
v 0.989246 2.642090 0.085680
v 0.986835 2.643770 0.074760
v 0.960966 2.659130 0.109280
v 0.965046 2.655100 0.132310
v 0.976556 2.650320 0.129740
v 0.972356 2.654410 0.106740
v 1.519426 1.608880 3.989560
v 1.498956 1.620930 3.993470
v 1.541856 1.600260 3.986350
v 0.998646 2.552570 0.046950
v 0.992196 2.541590 0.045990
v 0.989166 2.544600 0.037630
v 0.995456 2.555300 0.038560
v 0.979906 2.516880 0.065130
v 0.989246 2.525770 0.065290
v 0.977596 2.519890 0.054430
v 0.986835 2.528690 0.054580
v 0.965046 2.494580 0.104170
v 0.976556 2.500060 0.103400
v 0.960966 2.500270 0.081430
v 0.972356 2.505700 0.080660
v 0.998976 2.604160 0.037080
v 0.996106 2.615460 0.039500
v 0.999995 2.592560 0.034900
v 0.994946 2.594300 0.026710
v 0.993986 2.605330 0.028790
v 0.991256 2.616070 0.031090
v 0.984336 2.644780 0.065270
v 0.975245 2.652870 0.068060
v 0.981506 2.645180 0.056420
v 0.972646 2.653070 0.059140
v 0.956105 2.663200 0.082790
v 0.958186 2.661720 0.093800
v 0.969486 2.657040 0.091280
v 0.967286 2.658560 0.080300
v 0.952836 2.657610 0.134590
v 0.948875 2.661620 0.111540
v 0.936416 2.661980 0.113480
v 0.940236 2.657970 0.136560
v 1.480756 1.635930 3.997890
v 1.465406 1.653720 4.002670
v 1.454586 1.814760 4.039210
v 1.466946 1.835180 4.044090
v 1.445666 1.792460 4.033800
v 0.998976 2.580890 0.033000
v 0.996106 2.569420 0.031420
v 0.991256 2.572300 0.023410
v 0.993986 2.583210 0.024910
v 0.975245 2.522990 0.045290
v 0.984336 2.531640 0.045430
v 0.972646 2.526460 0.036940
v 0.981506 2.534900 0.037080
v 0.958186 2.504210 0.066180
v 0.969486 2.509600 0.065430
v 0.956105 2.507360 0.055470
v 0.967286 2.512690 0.054720
v 0.952836 2.491310 0.105440
v 0.948875 2.497040 0.082680
v 0.940236 2.490170 0.107130
v 0.936416 2.495910 0.084360
v 0.991556 2.626200 0.042070
v 0.985496 2.636140 0.044720
v 0.986926 2.626280 0.033530
v 0.981166 2.635730 0.036050
v 0.965116 2.659320 0.070720
v 0.954126 2.663880 0.073170
v 0.962766 2.659360 0.061730
v 0.952056 2.663800 0.064120
v 0.946206 2.664190 0.096040
v 0.944256 2.665640 0.085010
v 0.932026 2.665990 0.086910
v 0.933846 2.664550 0.097960
v 0.927576 2.656310 0.138170
v 0.923886 2.660330 0.115080
v 0.911596 2.656800 0.116310
v 0.915166 2.652730 0.139410
v 1.440246 1.768840 4.028310
v 1.438326 1.744550 4.022920
v 0.991556 2.558400 0.030180
v 0.985496 2.548080 0.029280
v 0.981166 2.552020 0.021380
v 0.986926 2.561820 0.022230
v 0.954126 2.510670 0.046310
v 0.965116 2.515910 0.045570
v 0.952056 2.514450 0.037930
v 0.962766 2.519560 0.037220
v 0.946206 2.501010 0.067430
v 0.944256 2.504190 0.056700
v 0.933846 2.499890 0.069090
v 0.932026 2.503080 0.058350
v 0.927576 2.491050 0.109200
v 0.923886 2.496780 0.086400
v 0.915166 2.493860 0.111560
v 0.911596 2.499560 0.088740
v 0.978106 2.645040 0.047400
v 0.969566 2.652640 0.050020
v 0.974146 2.644180 0.038590
v 0.966026 2.651410 0.041080
v 0.981676 2.597230 0.012950
v 0.980816 2.606440 0.014670
v 0.988126 2.606170 0.021250
v 0.989026 2.595870 0.019310
v 0.978415 2.615430 0.016570
v 0.985576 2.616200 0.023390
v 0.942466 2.666280 0.075350
v 0.940696 2.666140 0.066240
v 0.928976 2.666480 0.068070
v 0.930446 2.666630 0.077220
v 0.921426 2.662920 0.099550
v 0.919736 2.664370 0.088480
v 0.907686 2.660900 0.089690
v 0.909245 2.659410 0.100770
v 0.889026 2.644500 0.117550
v 0.892356 2.640310 0.140670
v 0.903316 2.647360 0.140260
v 0.899876 2.651480 0.117140
v 0.978106 2.538730 0.028760
v 0.969566 2.530600 0.028620
v 0.966026 2.535400 0.020740
v 0.974146 2.543130 0.020880
v 0.978415 2.578840 0.010160
v 0.980816 2.587970 0.011430
v 0.988126 2.585520 0.017630
v 0.985576 2.575330 0.016230
v 0.942466 2.507550 0.047520
v 0.930446 2.506460 0.049140
v 0.928976 2.510350 0.040690
v 0.940696 2.511420 0.039110
v 0.921426 2.500750 0.071120
v 0.919736 2.503940 0.060350
v 0.909245 2.503510 0.073440
v 0.907686 2.506660 0.062640
v 0.892356 2.504870 0.116920
v 0.903316 2.498500 0.114160
v 0.889026 2.510460 0.094050
v 0.899876 2.504150 0.091310
v 0.960046 2.658710 0.052510
v 0.949716 2.662990 0.054820
v 0.956976 2.657180 0.043460
v 0.947156 2.661250 0.045650
v 0.974676 2.624040 0.018620
v 0.981536 2.625740 0.025670
v 0.969756 2.632050 0.020750
v 0.976156 2.634560 0.028030
v 0.918356 2.665040 0.078760
v 0.917196 2.664930 0.069570
v 0.905646 2.661600 0.070730
v 0.906516 2.661630 0.079950
v 0.885535 2.648840 0.090910
v 0.886856 2.647220 0.102000
v 0.897615 2.654130 0.101600
v 0.896186 2.655690 0.090500
v 0.871196 2.626020 0.117000
v 0.874346 2.621640 0.140110
v 0.882596 2.631700 0.140630
v 0.879366 2.635980 0.117510
v 0.960046 2.523940 0.028880
v 0.949716 2.519020 0.029580
v 0.947156 2.524400 0.021660
v 0.956976 2.529070 0.021000
v 0.969756 2.561710 0.008410
v 0.974676 2.570020 0.009140
v 0.981536 2.565550 0.015120
v 0.976156 2.556390 0.014320
v 0.918356 2.507300 0.051110
v 0.906516 2.509990 0.053360
v 0.905646 2.513790 0.044810
v 0.917196 2.511170 0.042610
v 0.886856 2.514320 0.078700
v 0.897615 2.508060 0.075980
v 0.885535 2.517360 0.067850
v 0.896186 2.511170 0.065170
v 0.874346 2.522430 0.122720
v 0.882596 2.512880 0.119800
v 0.871196 2.527840 0.099780
v 0.879366 2.518390 0.096900
v 0.938766 2.665240 0.056860
v 0.927476 2.665570 0.058620
v 0.936746 2.663390 0.047590
v 0.926006 2.663700 0.049270
v 0.963816 2.639250 0.022920
v 0.969596 2.642460 0.030400
v 0.957006 2.645430 0.025060
v 0.962016 2.649210 0.032730
v 0.971456 2.605860 0.009280
v 0.969106 2.613330 0.010780
v 0.972356 2.598300 0.007900
v 0.965576 2.598830 0.005410
v 0.962516 2.603720 0.005330
v 0.959625 2.609870 0.006430
v 0.895205 2.656500 0.080750
v 0.884746 2.649770 0.081150
v 0.894616 2.656610 0.071510
v 0.884416 2.650050 0.071900
v 0.868056 2.630720 0.090360
v 0.869185 2.628890 0.101450
v 0.877275 2.638760 0.101960
v 0.876056 2.640480 0.090870
v 0.867926 2.610250 0.139080
v 0.864856 2.614750 0.115980
v 0.860316 2.602510 0.114520
v 0.863346 2.597880 0.137600
v 0.938766 2.516090 0.030710
v 0.927476 2.515070 0.032240
v 0.926006 2.520640 0.024180
v 0.936746 2.521610 0.022740
v 0.957006 2.547530 0.007890
v 0.963816 2.554130 0.007990
v 0.969596 2.548090 0.013860
v 0.962016 2.540870 0.013730
v 0.971456 2.590720 0.006620
v 0.969106 2.583170 0.005500
v 0.959625 2.588170 0.002630
v 0.962516 2.594320 0.003680
v 0.884746 2.520500 0.058480
v 0.895205 2.514410 0.055840
v 0.884416 2.524030 0.049800
v 0.894616 2.518100 0.047230
v 0.869185 2.531550 0.084390
v 0.877275 2.522180 0.081520
v 0.868056 2.534400 0.073480
v 0.876056 2.525130 0.070650
v 0.867926 2.533420 0.125610
v 0.864856 2.538720 0.102650
v 0.863346 2.545510 0.128420
v 0.860316 2.550680 0.105430
v 0.916116 2.664080 0.060070
v 0.904985 2.660870 0.061190
v 0.915215 2.662280 0.050640
v 0.904635 2.659230 0.051700
v 0.949466 2.650350 0.027100
v 0.953566 2.654590 0.034950
v 0.941296 2.653800 0.028950
v 0.944396 2.658390 0.036990
v 0.965626 2.620650 0.012470
v 0.961236 2.627600 0.014300
v 0.956076 2.616050 0.007780
v 0.952026 2.622100 0.009350
v 0.875426 2.641550 0.081110
v 0.867546 2.631950 0.080610
v 0.875336 2.642030 0.071860
v 0.867666 2.632670 0.071380
v 0.862896 2.617720 0.100440
v 0.861826 2.619660 0.089360
v 0.857376 2.607650 0.087930
v 0.858396 2.605580 0.098990
v 0.860596 2.584880 0.135740
v 0.857595 2.589640 0.112670
v 0.856686 2.576480 0.110500
v 0.859686 2.571580 0.133540
v 0.916116 2.515860 0.034090
v 0.904985 2.518380 0.036200
v 0.904635 2.523790 0.027960
v 0.915215 2.521390 0.025940
v 0.941296 2.538150 0.008680
v 0.949466 2.542120 0.008120
v 0.953566 2.534970 0.013970
v 0.944396 2.530600 0.014590
v 0.965626 2.575680 0.004590
v 0.961236 2.568480 0.003930
v 0.952026 2.575620 0.001200
v 0.956076 2.581870 0.001790
v 0.867556 2.537260 0.064010
v 0.875426 2.528140 0.061230
v 0.867666 2.540370 0.055190
v 0.875336 2.531490 0.052480
v 0.862896 2.542330 0.087220
v 0.861826 2.545070 0.076290
v 0.858396 2.554190 0.089980
v 0.857376 2.556810 0.079010
v 0.860596 2.558340 0.131080
v 0.857595 2.563380 0.108060
v 0.894356 2.656050 0.061940
v 0.884526 2.649730 0.062320
v 0.894536 2.654650 0.052420
v 0.885185 2.648640 0.052780
v 0.932575 2.655540 0.030550
v 0.934676 2.660390 0.038810
v 0.923546 2.655700 0.031900
v 0.924645 2.660680 0.040370
v 0.956125 2.633960 0.016240
v 0.950446 2.639470 0.018180
v 0.947666 2.627830 0.011110
v 0.943086 2.633030 0.012980
v 0.861426 2.621080 0.079630
v 0.861696 2.622080 0.070420
v 0.857435 2.610570 0.069040
v 0.857056 2.609270 0.078220
v 0.855696 2.592820 0.097160
v 0.854706 2.595030 0.086120
v 0.853816 2.582120 0.083990
v 0.854795 2.579780 0.095010
v 0.894356 2.522540 0.038530
v 0.884526 2.528260 0.041020
v 0.885185 2.533180 0.032530
v 0.894536 2.527740 0.030170
v 0.923546 2.535190 0.010770
v 0.932575 2.535890 0.009570
v 0.934676 2.528000 0.015600
v 0.924645 2.527090 0.016950
v 0.956125 2.561790 0.003580
v 0.950446 2.555880 0.003520
v 0.943086 2.563980 0.000880
v 0.947666 2.569580 0.000900
v 0.861426 2.547750 0.066770
v 0.857056 2.559280 0.069460
v 0.857435 2.561840 0.060500
v 0.861696 2.550600 0.057880
v 0.855696 2.566790 0.092600
v 0.854706 2.569270 0.081600
v 0.875766 2.642000 0.062280
v 0.868376 2.632980 0.061810
v 0.876856 2.641300 0.052740
v 0.869826 2.632720 0.052300
v 0.914416 2.654420 0.033020
v 0.914566 2.659360 0.041660
v 0.905436 2.651800 0.033900
v 0.904686 2.656510 0.042650
v 0.944325 2.643870 0.020030
v 0.937686 2.646860 0.021640
v 0.938406 2.637500 0.014890
v 0.935205 2.641380 0.017440
v 0.854425 2.596860 0.076440
v 0.854876 2.598470 0.067300
v 0.854016 2.586100 0.065260
v 0.853556 2.584170 0.074350
v 0.875766 2.535440 0.043600
v 0.868376 2.544010 0.046210
v 0.869826 2.548150 0.037470
v 0.876856 2.540010 0.034980
v 0.905436 2.537990 0.013940
v 0.914416 2.535910 0.012240
v 0.914566 2.527790 0.018590
v 0.904686 2.530030 0.020470
v 0.944325 2.551030 0.003750
v 0.937686 2.547600 0.004230
v 0.935205 2.554410 0.002190
v 0.938406 2.559050 0.001130
v 0.854436 2.571540 0.072000
v 0.854876 2.573780 0.062980
v 0.862616 2.622770 0.060890
v 0.858505 2.611680 0.059560
v 0.864356 2.623020 0.051420
v 0.860456 2.612470 0.050160
v 0.896846 2.647940 0.034530
v 0.895256 2.652230 0.043320
v 0.888906 2.642920 0.034880
v 0.886526 2.646620 0.043650
v 0.930486 2.648120 0.022860
v 0.922876 2.647940 0.023820
v 0.929806 2.640140 0.016640
v 0.923245 2.639120 0.017040
v 0.862616 2.553860 0.048810
v 0.858505 2.564700 0.051330
v 0.860456 2.567820 0.042330
v 0.864356 2.557520 0.039940
v 0.888906 2.545830 0.017850
v 0.896846 2.541310 0.015830
v 0.895256 2.533720 0.022540
v 0.886526 2.538800 0.024740
v 0.930486 2.545930 0.004940
v 0.922876 2.545700 0.005890
v 0.923245 2.556660 0.002580
v 0.929806 2.555880 0.001870
v 0.856046 2.600010 0.057890
v 0.855226 2.588090 0.055920
v 0.858106 2.601380 0.048570
v 0.857326 2.590050 0.046700
v 0.881856 2.636830 0.034910
v 0.878756 2.639760 0.043620
v 0.875946 2.629700 0.034570
v 0.872186 2.631760 0.043200
v 0.915016 2.646580 0.024640
v 0.907186 2.644200 0.025350
v 0.916416 2.637420 0.017500
v 0.909536 2.635150 0.018040
v 0.856046 2.576210 0.053720
v 0.858106 2.578760 0.044600
v 0.875946 2.558220 0.022040
v 0.881856 2.551470 0.019940
v 0.878756 2.545170 0.027030
v 0.872186 2.552770 0.029350
v 0.915016 2.546620 0.007120
v 0.907186 2.548550 0.008580
v 0.909536 2.559940 0.004850
v 0.916416 2.558050 0.003580
v 0.871416 2.621570 0.033810
v 0.867076 2.622690 0.042380
v 0.868226 2.612680 0.032690
v 0.863436 2.612840 0.041200
v 0.899646 2.640910 0.025970
v 0.892686 2.636800 0.026410
v 0.902816 2.632410 0.018670
v 0.896496 2.629250 0.019340
v 0.945626 2.599440 0.002560
v 0.951936 2.605020 0.003910
v 0.956446 2.599320 0.003110
v 0.951936 2.593700 0.001930
v 0.947666 2.587920 0.001080
v 0.943566 2.582020 0.000530
v 0.935745 2.587820 0.001170
v 0.940286 2.593770 0.001700
v 0.939546 2.576040 0.000220
v 0.935656 2.569900 0.000210
v 0.928396 2.574230 0.000740
v 0.931826 2.581390 0.000810
v 0.868226 2.574790 0.026050
v 0.871416 2.566080 0.024080
v 0.867076 2.561520 0.031660
v 0.863436 2.571150 0.033890
v 0.899646 2.551340 0.010260
v 0.892686 2.554980 0.012070
v 0.896496 2.564880 0.008050
v 0.902816 2.562230 0.006370
v 0.931976 2.563530 0.000520
v 0.925316 2.566080 0.001090
v 0.866326 2.603290 0.031300
v 0.861246 2.602490 0.039720
v 0.865696 2.593660 0.029690
v 0.860516 2.591900 0.037970
v 0.886576 2.631920 0.026630
v 0.881606 2.626170 0.026460
v 0.890796 2.625750 0.020000
v 0.886065 2.623250 0.021670
v 0.935745 2.610780 0.005200
v 0.943566 2.616430 0.006560
v 0.947666 2.610730 0.005080
v 0.940286 2.605050 0.003680
v 0.866326 2.584070 0.027930
v 0.861246 2.581370 0.036010
v 0.886576 2.559410 0.013920
v 0.881606 2.564820 0.015700
v 0.886065 2.569500 0.012240
v 0.890796 2.567870 0.009850
v 0.878026 2.619410 0.025730
v 0.875636 2.611870 0.024610
v 0.885486 2.617980 0.019440
v 0.884236 2.611320 0.018040
v 0.939546 2.622110 0.008300
v 0.935666 2.627820 0.010360
v 0.931826 2.616900 0.007030
v 0.928396 2.623580 0.009390
v 0.920376 2.599060 0.004310
v 0.928486 2.605340 0.004510
v 0.933805 2.599370 0.002870
v 0.928476 2.593160 0.002380
v 0.924586 2.585880 0.001900
v 0.921515 2.577590 0.001690
v 0.914756 2.580080 0.002980
v 0.917346 2.589050 0.003330
v 0.918686 2.568340 0.002020
v 0.912106 2.570410 0.003230
v 0.878026 2.571390 0.017310
v 0.875636 2.578850 0.018820
v 0.884236 2.582060 0.012910
v 0.885486 2.575310 0.011950
v 0.874236 2.603750 0.023280
v 0.873775 2.595340 0.021820
v 0.883506 2.604160 0.016630
v 0.883276 2.596730 0.015260
v 0.931976 2.633600 0.012810
v 0.925316 2.630990 0.012480
v 0.924586 2.612290 0.006530
v 0.921515 2.620070 0.009140
v 0.917346 2.608750 0.006790
v 0.914756 2.617230 0.009490
v 0.874236 2.586940 0.020330
v 0.883506 2.589280 0.014020
v 0.905545 2.572380 0.004700
v 0.907825 2.581790 0.004490
v 0.898976 2.574170 0.006480
v 0.900506 2.582790 0.006440
v 0.909666 2.590460 0.004950
v 0.910465 2.598690 0.006060
v 0.901456 2.590720 0.007020
v 0.901776 2.598250 0.008120
v 0.892385 2.575690 0.008620
v 0.892586 2.583130 0.009010
v 0.912106 2.626090 0.013000
v 0.918686 2.628510 0.012570
v 0.909666 2.606780 0.007810
v 0.907825 2.615020 0.010320
v 0.901456 2.605700 0.009640
v 0.900506 2.613290 0.011790
v 0.898976 2.621280 0.014740
v 0.905545 2.623660 0.013700
v 0.892656 2.590440 0.009810
v 0.892656 2.597650 0.010940
v 0.892385 2.618990 0.016210
v 0.892586 2.611930 0.014060
v 0.892656 2.604810 0.012330
v 1.738716 1.724610 3.999720
v 1.733736 1.703260 3.995870
v 1.727416 1.687130 3.993100
v 1.720426 1.673620 3.990860
v 1.679316 1.870940 4.042200
v 1.696896 1.855300 4.036650
v 1.659686 1.883440 4.047370
v 1.590776 1.592710 3.982130
v 1.565906 1.595520 3.984010
v 1.501236 1.868440 4.051060
v 1.522046 1.880800 4.053500
v 1.482686 1.853160 4.047980
v 1.453486 1.674110 4.007690
v 1.444996 1.696480 4.012780
v 1.439926 1.720190 4.017800
v 2.405916 0.776110 3.695840
v 2.386766 0.760040 3.695840
v 2.280466 0.886720 3.695840
v 2.299626 0.902790 3.695840
v 2.367616 0.743970 3.695840
v 2.261316 0.870650 3.695840
v 2.155026 0.997320 3.695840
v 2.174176 1.013390 3.695840
v 2.193326 1.029460 3.695840
v 2.116726 0.965180 3.695840
v 2.223016 0.838510 3.695840
v 2.223016 0.838510 3.850750
v 2.116726 0.965180 3.867680
v 2.329306 0.711840 3.695840
v 2.329306 0.711840 3.835450
v 2.444216 0.808250 3.695840
v 2.337926 0.934930 3.695840
v 2.337926 0.934930 3.850750
v 2.444216 0.808250 3.835450
v 2.231636 1.061600 3.695840
v 2.231636 1.061600 3.867680
v 3.001356 0.089220 3.695840
v 2.988316 0.073760 3.695840
v 2.893646 0.155880 3.695840
v 2.911416 0.173620 3.695840
v 2.974036 0.056830 3.695840
v 2.875876 0.138130 3.695840
v 2.786986 0.244160 3.695840
v 2.805786 0.260650 3.695840
v 2.824596 0.277140 3.695840
v 2.705636 0.380020 3.695840
v 2.724786 0.396090 3.695840
v 2.686486 0.363950 3.695840
v 2.580196 0.490630 3.695840
v 2.599346 0.506700 3.695840
v 2.618496 0.522770 3.695840
v 2.493056 0.633370 3.695840
v 2.512206 0.649440 3.695840
v 2.473906 0.617300 3.695840
v 1.679976 1.596960 3.694030
v 1.658806 1.582890 3.694710
v 1.700446 1.613580 3.693890
v 1.777806 1.523850 3.695350
v 1.758326 1.507640 3.695390
v 1.738666 1.492070 3.695560
v 1.855306 1.393420 3.695840
v 1.836146 1.377350 3.695840
v 1.874456 1.409480 3.695840
v 1.980746 1.282810 3.695840
v 1.961596 1.266740 3.695840
v 1.942446 1.250670 3.695840
v 2.067886 1.140070 3.695840
v 2.048736 1.124000 3.695840
v 2.087036 1.156140 3.695840
v 2.749366 0.211180 3.695840
v 2.840336 0.102630 3.695840
v 2.840336 0.102630 3.775010
v 2.749366 0.211180 3.784890
v 2.926206 0.000000 3.695840
v 2.926206 0.000000 3.765660
v 2.541896 0.458490 3.695840
v 2.648186 0.331810 3.695840
v 2.648186 0.331810 3.795820
v 2.541896 0.458490 3.807880
v 2.435606 0.585160 3.695840
v 2.435606 0.585160 3.821120
v 1.705536 1.455320 3.952790
v 1.641166 1.532300 3.968810
v 1.616056 1.562590 3.697530
v 1.699256 1.462890 3.696260
v 1.904136 1.218530 3.908190
v 1.797846 1.345210 3.931370
v 1.797846 1.345210 3.695840
v 1.904136 1.218530 3.695840
v 2.010436 1.091860 3.886890
v 2.010436 1.091860 3.695840
v 1.816006 1.557490 3.695620
v 1.738336 1.651740 3.694941
v 1.763446 1.620960 3.973180
v 1.822286 1.549800 3.953880
v 2.019046 1.314950 3.695840
v 1.912756 1.441620 3.695840
v 1.912756 1.441620 3.931370
v 2.019046 1.314950 3.908190
v 2.125336 1.188280 3.695840
v 2.125336 1.188280 3.886890
v 2.862206 0.310120 3.784710
v 2.946946 0.209120 3.774290
v 2.946946 0.209120 3.695840
v 2.862206 0.310120 3.695840
v 3.024516 0.116680 3.764210
v 3.024516 0.116680 3.695840
v 2.656796 0.554910 3.807880
v 2.763096 0.428230 3.795820
v 2.763096 0.428230 3.695840
v 2.656796 0.554910 3.695840
v 2.550506 0.681580 3.821120
v 2.550506 0.681580 3.695840
v 3.787716 0.870650 3.695840
v 3.768566 0.886720 3.695840
v 3.861566 0.997560 3.695840
v 3.880716 0.981490 3.695840
v 3.749406 0.902790 3.695840
v 3.842416 1.013630 3.695840
v 3.935426 1.124470 3.695840
v 3.954576 1.108400 3.695840
v 3.973726 1.092330 3.695840
v 3.804316 1.046000 3.809880
v 3.711156 0.934990 3.795040
v 3.826056 0.838560 3.781410
v 3.919196 0.949560 3.796560
v 3.897116 1.156610 3.695840
v 3.804116 1.045770 3.695840
v 3.897416 1.156960 3.829120
v 3.711106 0.934930 3.695840
v 3.640006 0.616830 3.695840
v 3.733006 0.727670 3.695840
v 3.733006 0.727670 3.770830
v 3.640006 0.616830 3.763530
v 3.826016 0.838510 3.695840
v 3.076166 0.055130 3.695840
v 3.061636 0.072450 3.695840
v 3.141996 0.140010 3.695840
v 3.159736 0.122250 3.695840
v 3.048246 0.088400 3.695840
v 3.124266 0.157770 3.695840
v 3.197846 0.245460 3.695840
v 3.216646 0.228970 3.695840
v 3.235446 0.212480 3.695840
v 3.303536 0.332520 3.695840
v 3.322686 0.316450 3.695840
v 3.284386 0.348590 3.695840
v 3.377386 0.459430 3.695840
v 3.396536 0.443360 3.695840
v 3.415686 0.427290 3.695840
v 3.489546 0.554200 3.695840
v 3.508696 0.538130 3.695840
v 3.470396 0.570270 3.695840
v 3.563396 0.681110 3.695840
v 3.582546 0.665040 3.695840
v 3.601706 0.648970 3.695840
v 3.675556 0.775880 3.695840
v 3.694706 0.759810 3.695840
v 3.656406 0.791950 3.695840
v 4.264866 1.509660 3.695840
v 4.282726 1.492460 3.695840
v 4.211656 1.411270 3.695840
v 4.193156 1.427910 3.695840
v 4.302936 1.479760 3.695840
v 4.231336 1.396890 3.695840
v 4.154386 1.307020 3.695840
v 4.135096 1.322670 3.695840
v 4.116116 1.338880 3.695840
v 4.047576 1.219240 3.695840
v 4.028426 1.235310 3.695840
v 4.066726 1.203170 3.695840
v 3.088796 0.193280 3.764590
v 3.122426 0.000000 3.764980
v 3.195206 0.086740 3.760590
v 3.246076 0.380730 3.764240
v 3.160256 0.278450 3.764700
v 3.273036 0.179500 3.757020
v 3.360986 0.284310 3.755050
v 3.432096 0.602410 3.768870
v 3.339086 0.491570 3.765030
v 3.453996 0.395150 3.755250
v 3.546996 0.505990 3.758210
v 3.618106 0.824090 3.783750
v 3.525096 0.713250 3.775270
v 4.249486 1.342990 3.887810
v 4.300936 1.404100 3.909310
v 4.172776 1.485110 3.919400
v 4.127956 1.431700 3.900030
v 4.105216 1.171240 3.840150
v 4.187696 1.269490 3.865150
v 4.071136 1.363990 3.878730
v 3.990326 1.267680 3.853580
v 3.160256 0.278450 3.695840
v 3.088796 0.193280 3.695840
v 3.339086 0.491570 3.695840
v 3.246076 0.380730 3.695840
v 3.525096 0.713250 3.695840
v 3.432096 0.602410 3.695840
v 3.618106 0.824090 3.695840
v 4.157996 1.467460 3.695840
v 4.078596 1.372870 3.695840
v 4.232866 1.556640 3.695840
v 3.990126 1.267450 3.695840
v 4.193956 1.276960 3.695840
v 4.274706 1.373090 3.695840
v 4.351386 1.464320 3.695840
v 4.012026 1.060190 3.695840
v 4.105036 1.171030 3.695840
v 4.012296 1.060510 3.816170
v 3.919016 0.949350 3.695840
v 3.195206 0.086740 3.695840
v 3.273036 0.179500 3.695840
v 3.122426 0.000000 3.695840
v 3.360986 0.284310 3.695840
v 3.453996 0.395150 3.695840
v 3.546996 0.505990 3.695840
v 3.024316 0.000000 3.695840
v 3.024346 0.019500 3.695840
v 3.091056 0.037380 3.695840
v 2.959336 0.039410 3.695840
v 3.024376 0.038940 3.695840
v 2.348456 0.727910 3.695840
v 2.242166 0.854580 3.695840
v 2.135876 0.981250 3.695840
v 2.212476 1.045530 3.695840
v 2.318776 0.918860 3.695840
v 2.425066 0.792180 3.695840
v 2.768176 0.227670 3.695840
v 2.858106 0.120380 3.695840
v 2.843396 0.293630 3.695840
v 2.929186 0.191370 3.695840
v 3.011996 0.101840 3.695840
v 2.667336 0.347880 3.695840
v 2.561046 0.474560 3.695840
v 2.637646 0.538840 3.695840
v 2.743946 0.412160 3.695840
v 2.454756 0.601230 3.695840
v 2.531356 0.665510 3.695840
v 1.719696 1.632170 3.694280
v 1.796976 1.540550 3.695450
v 1.718976 1.477280 3.695880
v 1.637476 1.571950 3.695980
v 1.893606 1.425550 3.695840
v 1.999896 1.298880 3.695840
v 1.923296 1.234600 3.695840
v 1.816996 1.361280 3.695840
v 2.106186 1.172210 3.695840
v 2.029586 1.107930 3.695840
v 1.587876 1.756170 4.019040
v 4.657836 2.011350 2.229460
v 4.659856 2.034760 2.235090
v 4.678966 2.050450 2.174830
v 4.676956 2.027230 2.169240
v 4.665586 2.057420 2.241560
v 4.684646 2.072930 2.181240
v 4.780146 2.146970 1.889110
v 4.774816 2.125870 1.883090
v 4.772926 2.104070 1.877840
v 4.665586 1.964230 2.221290
v 4.659856 1.987660 2.224850
v 4.678966 2.003730 2.164670
v 4.684646 1.980490 2.161140
v 4.774816 2.082020 1.873550
v 4.780146 2.060220 1.870240
v 4.641196 2.018950 2.295500
v 4.646955 2.041720 2.302000
v 4.639156 1.995420 2.289840
v 4.575386 1.939300 2.503380
v 4.577666 1.962880 2.508340
v 4.583676 1.985930 2.514040
v 4.674666 2.078840 2.248650
v 4.693656 2.094180 2.188280
v 4.686756 2.098530 2.256170
v 4.705636 2.113710 2.195740
v 4.799856 2.185240 1.902710
v 4.788606 2.166910 1.895710
v 4.686756 1.920290 2.217410
v 4.674666 1.941600 2.218800
v 4.693656 1.958040 2.158670
v 4.705636 1.936900 2.157290
v 4.788606 2.039150 1.867930
v 4.799856 2.019310 1.866630
v 4.641196 1.971620 2.285210
v 4.646955 1.948080 2.281630
v 4.582586 1.892990 2.496180
v 4.577186 1.915870 2.499320
v 4.656075 2.063250 2.309120
v 4.668226 2.083030 2.316680
v 4.593086 2.007740 2.520290
v 4.605546 2.027830 2.526920
v 4.701486 2.116020 2.263920
v 4.720256 2.131050 2.203430
v 4.718526 2.130800 2.271700
v 4.737156 2.145720 2.211150
v 4.829426 2.215280 1.917170
v 4.813566 2.201510 1.909920
v 5.273406 2.527290 0.385930
v 5.269946 2.513600 0.382030
v 5.268716 2.499450 0.378630
v 4.718526 1.883780 2.217990
v 4.701486 1.900840 2.217130
v 4.720256 1.917610 2.157010
v 4.737156 1.900680 2.157860
v 4.813566 2.001200 1.866370
v 4.829426 1.985320 1.867170
v 4.656075 1.925340 2.279130
v 4.668216 1.903920 2.277730
v 4.602676 1.850060 2.492760
v 4.591096 1.871030 2.493990
v 5.269946 2.485150 0.375840
v 5.273406 2.471000 0.373690
v 4.683026 2.100600 2.324470
v 4.700146 2.115460 2.332290
v 4.620676 2.045700 2.533750
v 4.638136 2.060850 2.540610
v 4.220256 1.624810 3.700070
v 4.223566 1.648530 3.701960
v 4.230686 1.672600 3.704070
v 4.737516 2.142400 2.279320
v 4.755996 2.157230 2.218700
v 4.758106 2.150340 2.286560
v 4.776426 2.165100 2.225890
v 4.866276 2.233460 1.931000
v 4.847106 2.226080 1.924260
v 5.286186 2.552120 0.394760
v 5.278886 2.540230 0.390220
v 4.758106 1.858940 2.223200
v 4.737516 1.869630 2.220000
v 4.755996 1.886650 2.159860
v 4.776426 1.876050 2.163030
v 4.847106 1.972150 1.869040
v 4.866276 1.962200 1.872020
v 4.683026 1.884380 2.277450
v 4.700146 1.867230 2.278310
v 4.634336 1.812310 2.493270
v 4.617266 1.830130 2.492520
v 5.278886 2.457320 0.372190
v 5.286186 2.444450 0.371350
v 4.224666 1.583370 3.697060
v 4.221046 1.602960 3.698400
v 4.719226 2.127120 2.339940
v 4.739926 2.135090 2.347220
v 4.657546 2.072790 2.547320
v 4.678566 2.081030 2.553700
v 4.241316 1.695540 3.706420
v 4.255066 1.716820 3.708890
v 4.779956 2.154120 2.293240
v 4.798086 2.168850 2.232510
v 4.802485 2.153980 2.299250
v 4.820436 2.168720 2.238470
v 4.907586 2.236860 1.942810
v 4.886616 2.236990 1.937220
v 5.305386 2.571610 0.404140
v 5.295086 2.562680 0.399440
v 4.802485 1.849360 2.233010
v 4.779956 1.852240 2.227600
v 4.798086 1.869400 2.167400
v 4.820436 1.866550 2.172770
v 4.886616 1.955960 1.876110
v 4.907586 1.953280 1.881150
v 4.719226 1.853020 2.280340
v 4.739926 1.842280 2.283550
v 4.673976 1.786690 2.497860
v 4.653296 1.797700 2.495050
v 5.295086 2.432700 0.371180
v 5.305386 2.422400 0.371700
v 4.229826 1.566500 3.696160
v 4.761876 2.138890 2.353930
v 4.784516 2.138750 2.359970
v 4.700826 2.085060 2.559590
v 4.723746 2.085120 2.564890
v 4.271546 1.735920 3.711380
v 4.290376 1.752320 3.713790
v 4.825136 2.150160 2.304490
v 4.842906 2.164920 2.243670
v 4.847336 2.142880 2.308860
v 4.864936 2.157700 2.248000
v 4.949346 2.226520 1.951760
v 4.928676 2.233300 1.947690
v 5.329296 2.583410 0.413120
v 5.316855 2.578620 0.408740
v 4.847336 1.854470 2.246150
v 4.825136 1.850160 2.239260
v 4.842906 1.867340 2.178960
v 4.864936 1.871610 2.185800
v 4.928676 1.954030 1.886960
v 4.949346 1.958040 1.893380
v 4.761876 1.835540 2.287970
v 4.784516 1.832650 2.293410
v 4.719186 1.776580 2.506510
v 4.696156 1.779690 2.501740
v 5.316855 2.413850 0.372910
v 5.329296 2.407400 0.374840
v 4.248496 1.531890 3.695840
v 4.807276 2.134910 2.365240
v 4.829586 2.127590 2.369630
v 4.746756 2.081440 2.569510
v 4.769286 2.074250 2.573360
v 4.311176 1.765490 3.716020
v 4.333526 1.774910 3.718060
v 4.868526 2.132370 2.312260
v 4.885956 2.147280 2.251370
v 4.888136 2.118880 2.314580
v 4.905406 2.133890 2.253680
v 4.987326 2.204180 1.957080
v 4.969066 2.216740 1.954920
v 5.356096 2.585610 0.420780
v 5.342485 2.585700 0.417150
v 4.888136 1.873020 2.261120
v 4.868526 1.862140 2.253490
v 4.885956 1.879220 2.193090
v 4.905406 1.890010 2.200650
v 4.969066 1.965180 1.900220
v 4.987326 1.975300 1.907310
v 4.807276 1.833450 2.299690
v 4.829586 1.837790 2.306610
v 4.765386 1.781600 2.518090
v 4.742396 1.777250 2.512020
v 5.342485 2.403350 0.377500
v 5.356096 2.401610 0.380770
v 4.850876 2.117040 2.373040
v 4.870586 2.103480 2.375370
v 4.790766 2.063780 2.576350
v 4.810606 2.050260 2.578390
v 4.357036 1.780040 3.719850
v 4.381116 1.781100 3.721340
v 4.905606 2.102620 2.315720
v 4.922726 2.117770 2.254810
v 4.920356 2.083840 2.315600
v 4.937366 2.099140 2.254690
v 5.017316 2.171560 1.958030
v 5.003586 2.189040 1.958150
v 5.383186 2.578910 0.426590
v 5.369776 2.583300 0.423950
v 4.920356 1.903750 2.276440
v 4.905606 1.886940 2.268830
v 4.922726 1.903820 2.208290
v 4.937366 1.920490 2.215840
v 5.003586 1.988260 1.914490
v 5.017316 2.003910 1.921570
v 4.850876 1.845490 2.313990
v 4.870586 1.856420 2.321650
v 4.808386 1.800790 2.531280
v 4.787696 1.789540 2.524560
v 5.369776 2.402090 0.384540
v 5.383186 2.404690 0.388710
v 4.326356 1.471050 3.695840
v 4.888136 2.087140 2.376530
v 4.902956 2.068270 2.376400
v 4.828246 2.033930 2.579410
v 4.843096 2.015000 2.579290
v 4.405186 1.778320 3.722460
v 4.428646 1.771890 3.723220
v 4.931826 2.062760 2.314090
v 4.948746 2.078230 2.253190
v 4.940026 2.040010 2.311340
v 4.956876 2.055660 2.250460
v 5.035626 2.130760 1.954070
v 5.027996 2.151940 1.956630
v 5.407836 2.564410 0.430040
v 5.395986 2.572560 0.428640
v 4.940026 1.944940 2.290670
v 4.931826 1.923290 2.283760
v 4.948746 1.939880 2.223110
v 4.956876 1.961360 2.229960
v 5.027996 2.022100 1.928390
v 5.035626 2.042260 1.934820
v 4.888136 1.870410 2.329400
v 4.902956 1.887300 2.337040
v 4.841636 1.832270 2.544780
v 4.826486 1.815090 2.538070
v 5.395986 2.409330 0.393140
v 5.407836 2.415900 0.397750
v 4.408876 1.469830 3.699070
v 4.382626 1.465160 3.697560
v 4.914486 2.047090 2.374880
v 4.922726 2.024230 2.372120
v 4.854606 1.993710 2.577960
v 4.862756 1.970710 2.575540
v 4.450876 1.762040 3.723650
v 4.471306 1.748970 3.723710
v 4.944946 2.016230 2.307490
v 4.961756 2.032070 2.246640
v 4.946586 1.992040 2.302660
v 4.963376 2.008070 2.241860
v 5.041736 2.086100 1.945990
v 5.040206 2.108620 1.950480
v 5.427296 2.543240 0.430660
v 5.418386 2.554590 0.430740
v 4.944946 1.968070 2.297010
v 4.961756 1.984290 2.236250
v 5.040206 2.063790 1.940730
v 4.914486 1.906940 2.344410
v 4.922726 1.928690 2.351340
v 4.861986 1.874240 2.557320
v 4.853466 1.852210 2.551240
v 5.418386 2.424300 0.402410
v 5.427296 2.434460 0.407000
v 4.460076 1.491570 3.702880
v 4.435456 1.478880 3.700880
v 4.927666 2.000330 2.368250
v 4.929316 1.976020 2.363400
v 4.867566 1.946620 2.572140
v 4.869036 1.922090 2.567900
v 4.489326 1.732890 3.723380
v 4.504346 1.714030 3.722610
v 5.439176 2.516770 0.428090
v 5.434226 2.530510 0.429750
v 4.927666 1.951930 2.357720
v 4.867176 1.897750 2.562910
v 5.434226 2.446270 0.411430
v 5.439176 2.459340 0.415600
v 4.496956 1.525590 3.707150
v 4.480436 1.507180 3.704980
v 4.515766 1.692590 3.721400
v 4.523616 1.669230 3.719830
v 5.443136 2.487790 0.422850
v 5.442146 2.502410 0.425760
v 5.442146 2.473310 0.419430
v 4.519716 1.569750 3.711670
v 4.510056 1.546670 3.709400
v 4.527906 1.644590 3.718000
v 4.528666 1.619360 3.715980
v 4.525936 1.594200 3.713860
v 5.363996 2.575260 0.091190
v 5.356596 2.569470 0.113150
v 5.357706 2.582240 0.116220
v 5.365086 2.587900 0.094230
v 5.360836 2.594610 0.119750
v 5.368176 2.600140 0.097720
v 5.357706 2.556540 0.110630
v 5.365086 2.562470 0.088700
v 5.368176 2.549820 0.086780
v 5.360836 2.543760 0.108690
v 5.365786 2.606290 0.123620
v 5.373086 2.611700 0.101550
v 5.372375 2.617040 0.127720
v 5.379606 2.622340 0.105620
v 5.373026 2.581860 0.066150
v 5.369076 2.579140 0.076480
v 5.370156 2.591670 0.079500
v 5.374096 2.594260 0.069140
v 5.373226 2.603810 0.082960
v 5.377136 2.606270 0.072560
v 5.365786 2.531410 0.107330
v 5.373086 2.537590 0.085440
v 5.379606 2.526090 0.084690
v 5.372375 2.519790 0.106570
v 5.370156 2.566450 0.074010
v 5.374096 2.569310 0.063710
v 5.377136 2.556900 0.061830
v 5.373226 2.553910 0.072110
v 5.389716 2.634640 0.136190
v 5.380416 2.626580 0.131950
v 5.396766 2.639760 0.114000
v 5.387566 2.631780 0.109800
v 5.378086 2.615270 0.086760
v 5.381946 2.617610 0.076320
v 5.384556 2.625820 0.090780
v 5.388346 2.628040 0.080300
v 5.378086 2.596380 0.060280
v 5.377036 2.584180 0.057350
v 5.381066 2.608180 0.063650
v 5.385396 2.609690 0.055460
v 5.382486 2.598190 0.052180
v 5.381455 2.586300 0.049320
v 5.396766 2.506370 0.085000
v 5.389716 2.499860 0.106890
v 5.380416 2.509170 0.106420
v 5.387566 2.515590 0.084530
v 5.378086 2.541790 0.070780
v 5.381946 2.544920 0.060510
v 5.388346 2.533630 0.059770
v 5.384556 2.530390 0.070030
v 5.378086 2.571850 0.054950
v 5.382486 2.574270 0.046980
v 5.385396 2.562380 0.045180
v 5.381066 2.559650 0.053090
v 5.411316 2.645300 0.144300
v 5.400076 2.640970 0.140350
v 5.418136 2.650310 0.122030
v 5.407016 2.646030 0.118110
v 5.401566 2.643090 0.099100
v 5.392446 2.635180 0.094930
v 5.405176 2.645130 0.088530
v 5.396146 2.637300 0.084410
v 5.385796 2.619330 0.067340
v 5.392086 2.629590 0.071260
v 5.396136 2.630560 0.062880
v 5.390006 2.620560 0.059060
v 5.418136 2.492960 0.087810
v 5.411316 2.486310 0.109730
v 5.400076 2.492150 0.107990
v 5.407016 2.498740 0.086090
v 5.405176 2.514290 0.060080
v 5.401566 2.510840 0.070340
v 5.392446 2.519970 0.069880
v 5.396146 2.523320 0.059620
v 5.385796 2.547860 0.051800
v 5.390006 2.550890 0.043910
v 5.396136 2.540070 0.043210
v 5.392086 2.536760 0.051070
v 5.423236 2.647370 0.147950
v 5.429935 2.652350 0.125630
v 5.435526 2.647290 0.151230
v 5.442106 2.652280 0.128880
v 5.422756 2.653550 0.107050
v 5.411736 2.649300 0.103180
v 5.426136 2.655480 0.096400
v 5.415236 2.651280 0.092560
v 5.408636 2.646390 0.079350
v 5.399766 2.638690 0.075290
v 5.412266 2.646940 0.070770
v 5.403616 2.639430 0.066820
v 5.387676 2.599860 0.044100
v 5.386686 2.588400 0.041340
v 5.390476 2.610950 0.047260
v 5.396296 2.611820 0.039440
v 5.393636 2.601280 0.036440
v 5.392686 2.590390 0.033820
v 5.423236 2.482660 0.112130
v 5.429935 2.489340 0.090190
v 5.442106 2.487790 0.093110
v 5.435526 2.481090 0.115080
v 5.426136 2.501130 0.062840
v 5.422756 2.497540 0.073130
v 5.411736 2.503270 0.071420
v 5.415236 2.506800 0.061150
v 5.399766 2.526630 0.050930
v 5.408636 2.517750 0.051370
v 5.403616 2.530200 0.043060
v 5.412266 2.521540 0.043500
v 5.387676 2.576810 0.039090
v 5.390476 2.565350 0.037350
v 5.393636 2.579370 0.031670
v 5.396296 2.568470 0.030020
v 5.447886 2.645210 0.154080
v 5.454336 2.650210 0.131710
v 5.459996 2.641230 0.156470
v 5.466326 2.646280 0.134070
v 5.434456 2.655580 0.110630
v 5.437716 2.657490 0.099940
v 5.446516 2.655500 0.113850
v 5.449646 2.657420 0.103120
v 5.429255 2.656570 0.087080
v 5.418526 2.652430 0.083310
v 5.432365 2.656860 0.078310
v 5.421906 2.652830 0.074630
v 5.394916 2.621430 0.050730
v 5.400836 2.631070 0.054410
v 5.406146 2.630950 0.046240
v 5.400516 2.621790 0.042740
v 5.447886 2.481520 0.118490
v 5.454336 2.488220 0.096480
v 5.466326 2.490550 0.100200
v 5.459996 2.483870 0.122250
v 5.434456 2.493950 0.075490
v 5.437716 2.497580 0.065170
v 5.449646 2.496060 0.068040
v 5.446516 2.492410 0.078380
v 5.418526 2.510380 0.052420
v 5.429255 2.504820 0.054090
v 5.421906 2.514360 0.044520
v 5.432365 2.508930 0.046140
v 5.394926 2.554270 0.036130
v 5.400836 2.543850 0.035450
v 5.400526 2.557940 0.028860
v 5.406146 2.548030 0.028210
v 5.482256 2.628140 0.159590
v 5.471556 2.635500 0.158320
v 5.488356 2.633320 0.137160
v 5.477766 2.640610 0.135900
v 5.458646 2.653460 0.116650
v 5.461646 2.655390 0.105900
v 5.470536 2.649560 0.118990
v 5.473406 2.651530 0.108210
v 5.440626 2.658540 0.090560
v 5.452366 2.658470 0.093690
v 5.454896 2.658710 0.084750
v 5.443456 2.658780 0.081700
v 5.408046 2.639620 0.058210
v 5.416386 2.646860 0.062020
v 5.420926 2.645950 0.053470
v 5.412996 2.639080 0.049850
v 5.410736 2.611520 0.026350
v 5.408386 2.602690 0.023840
v 5.400346 2.602320 0.029600
v 5.402836 2.612160 0.032400
v 5.407546 2.593590 0.021660
v 5.399466 2.592150 0.027150
v 5.488356 2.500560 0.108290
v 5.482256 2.493990 0.130420
v 5.471556 2.488060 0.126260
v 5.477766 2.494690 0.104170
v 5.458646 2.492840 0.081730
v 5.461646 2.496480 0.071340
v 5.473406 2.498760 0.074990
v 5.470536 2.495150 0.085420
v 5.440626 2.501320 0.056380
v 5.443456 2.505530 0.048380
v 5.454896 2.504070 0.051130
v 5.452366 2.499830 0.059200
v 5.408046 2.534330 0.035310
v 5.416386 2.525980 0.035730
v 5.412996 2.538980 0.028080
v 5.420926 2.531050 0.028480
v 5.408386 2.584400 0.019860
v 5.400346 2.581860 0.025150
v 5.410736 2.575280 0.018470
v 5.402836 2.571680 0.023600
v 5.499836 2.609020 0.160140
v 5.491786 2.619270 0.160210
v 5.505755 2.614400 0.137700
v 5.497786 2.624540 0.137770
v 5.492376 2.636710 0.122050
v 5.481875 2.643930 0.120810
v 5.495016 2.638820 0.111240
v 5.484636 2.645970 0.110010
v 5.464156 2.656470 0.096420
v 5.475716 2.652680 0.098700
v 5.477666 2.653070 0.089630
v 5.466386 2.656770 0.087410
v 5.425676 2.652540 0.065740
v 5.435756 2.656420 0.069290
v 5.439336 2.655040 0.060380
v 5.429756 2.651350 0.057010
v 5.419196 2.627680 0.032090
v 5.414386 2.619910 0.029120
v 5.406786 2.621470 0.035480
v 5.412036 2.630020 0.038750
v 5.505755 2.517160 0.116560
v 5.499836 2.510760 0.138780
v 5.491786 2.501590 0.134620
v 5.497786 2.508080 0.112450
v 5.495016 2.508590 0.082920
v 5.492376 2.505080 0.093430
v 5.481875 2.499260 0.089350
v 5.484626 2.502830 0.078890
v 5.464156 2.500240 0.062450
v 5.466386 2.504470 0.054300
v 5.477666 2.506660 0.057790
v 5.475716 2.502490 0.066040
v 5.425676 2.519060 0.036720
v 5.435756 2.513830 0.038280
v 5.429756 2.524470 0.029420
v 5.439336 2.519500 0.030910
v 5.414386 2.566410 0.017490
v 5.406786 2.561850 0.022520
v 5.419196 2.558010 0.016940
v 5.412036 2.552590 0.021910
v 5.506096 2.597520 0.159320
v 5.511946 2.603020 0.136890
v 5.510566 2.585110 0.157820
v 5.516376 2.590740 0.135410
v 5.509625 2.617950 0.122600
v 5.501726 2.628000 0.122670
v 5.512086 2.620260 0.111780
v 5.504266 2.630210 0.111850
v 5.496966 2.640180 0.101680
v 5.486756 2.647210 0.100470
v 5.498376 2.640890 0.092530
v 5.488416 2.647740 0.091350
v 5.446445 2.658270 0.072550
v 5.457466 2.658200 0.075500
v 5.459976 2.656740 0.066280
v 5.449496 2.656800 0.063490
v 5.431636 2.640480 0.038250
v 5.424986 2.634610 0.035160
v 5.418436 2.637610 0.042120
v 5.425836 2.644040 0.045500
v 5.418306 2.602110 0.019440
v 5.417416 2.594650 0.017670
v 5.420616 2.609430 0.021490
v 5.430476 2.605920 0.018010
v 5.427606 2.599910 0.016370
v 5.424456 2.595110 0.015920
v 5.506096 2.521420 0.142770
v 5.511946 2.527710 0.120510
v 5.516376 2.539400 0.124240
v 5.510566 2.533240 0.146540
v 5.512086 2.524870 0.091040
v 5.509625 2.521530 0.101630
v 5.501726 2.512530 0.097560
v 5.504266 2.515960 0.087010
v 5.486756 2.506480 0.069860
v 5.496966 2.512140 0.073830
v 5.488416 2.510560 0.061520
v 5.498376 2.516080 0.065390
v 5.446445 2.510550 0.040430
v 5.457466 2.509140 0.043080
v 5.449496 2.516380 0.032950
v 5.459976 2.515040 0.035470
v 5.424986 2.550300 0.016830
v 5.418436 2.544140 0.021790
v 5.431636 2.543520 0.017160
v 5.425836 2.536730 0.022170
v 5.418306 2.587120 0.016180
v 5.420616 2.579560 0.014990
v 5.427606 2.590600 0.014340
v 5.430476 2.584430 0.013340
v 5.513256 2.572130 0.155720
v 5.519026 2.577900 0.133330
v 5.514146 2.558930 0.153090
v 5.519916 2.564830 0.130720
v 5.515766 2.606660 0.121790
v 5.518166 2.609090 0.110980
v 5.520156 2.594490 0.120320
v 5.522506 2.597050 0.109530
v 5.513746 2.621940 0.102210
v 5.506066 2.631720 0.102270
v 5.514726 2.623100 0.093050
v 5.507236 2.632640 0.093120
v 5.468546 2.656330 0.078060
v 5.479416 2.652770 0.080200
v 5.480836 2.651570 0.070750
v 5.470516 2.654960 0.068720
v 5.446956 2.648230 0.044110
v 5.438986 2.645100 0.041270
v 5.434086 2.649080 0.048810
v 5.443026 2.652520 0.051950
v 5.424026 2.616570 0.023830
v 5.428316 2.623300 0.026390
v 5.437926 2.617790 0.022210
v 5.433976 2.611930 0.019980
v 5.513256 2.545850 0.150000
v 5.519026 2.551890 0.127670
v 5.515766 2.531990 0.105560
v 5.518166 2.535220 0.094920
v 5.522506 2.546690 0.098580
v 5.520156 2.543580 0.109250
v 5.506066 2.519390 0.077850
v 5.513746 2.528150 0.081810
v 5.507236 2.523140 0.069310
v 5.514726 2.531680 0.073170
v 5.468546 2.509530 0.046140
v 5.479416 2.511640 0.049510
v 5.470516 2.515410 0.038370
v 5.480836 2.517420 0.041580
v 5.438986 2.537900 0.017950
v 5.434086 2.530590 0.023040
v 5.446956 2.533690 0.019200
v 5.443026 2.525950 0.024430
v 5.424026 2.572030 0.014140
v 5.428316 2.564750 0.013660
v 5.433976 2.578080 0.012620
v 5.437926 2.571750 0.012200
v 5.522786 2.581750 0.118260
v 5.525105 2.584450 0.107490
v 5.523665 2.568800 0.115680
v 5.525976 2.571630 0.104930
v 5.519726 2.610960 0.101420
v 5.523986 2.599110 0.099990
v 5.524715 2.600850 0.090890
v 5.520555 2.612400 0.092280
v 5.489786 2.647630 0.081860
v 5.499386 2.641020 0.083000
v 5.499816 2.640410 0.073410
v 5.490696 2.646690 0.072330
v 5.464286 2.649500 0.048960
v 5.455466 2.649650 0.046670
v 5.452516 2.654170 0.054850
v 5.462306 2.654110 0.057470
v 5.433296 2.629420 0.029110
v 5.438826 2.634680 0.031860
v 5.446616 2.628290 0.027200
v 5.442176 2.623310 0.024650
v 5.522786 2.555970 0.112650
v 5.525105 2.558930 0.101940
v 5.519726 2.538330 0.085630
v 5.520555 2.541600 0.076890
v 5.524715 2.552590 0.080390
v 5.523986 2.549600 0.089220
v 5.489786 2.515390 0.053110
v 5.499386 2.520710 0.056840
v 5.490696 2.520990 0.045000
v 5.499816 2.526040 0.048540
v 5.455466 2.531140 0.020900
v 5.452516 2.523030 0.026340
v 5.464286 2.530130 0.023010
v 5.462306 2.521790 0.028690
v 5.433296 2.557940 0.013560
v 5.438826 2.551880 0.013860
v 5.442176 2.565610 0.012110
v 5.446616 2.559900 0.012330
v 5.526556 2.586730 0.097980
v 5.527406 2.574130 0.095470
v 5.528046 2.576500 0.086490
v 5.527216 2.588780 0.088930
v 5.507926 2.633070 0.083560
v 5.515146 2.623880 0.083490
v 5.514806 2.624110 0.073880
v 5.507946 2.632850 0.073940
v 5.481966 2.645010 0.052680
v 5.473196 2.647920 0.050980
v 5.472146 2.652440 0.059740
v 5.481786 2.649280 0.061640
v 5.444786 2.638820 0.034520
v 5.451246 2.641540 0.036930
v 5.454096 2.636200 0.032800
v 5.451136 2.632530 0.029770
v 5.526556 2.561640 0.092530
v 5.527216 2.564330 0.083620
v 5.507926 2.527520 0.060610
v 5.515146 2.535750 0.064330
v 5.507946 2.532520 0.052130
v 5.514806 2.540340 0.055670
v 5.473196 2.530540 0.025450
v 5.472146 2.522130 0.031400
v 5.481966 2.532280 0.028170
v 5.481786 2.524000 0.034400
v 5.444786 2.546860 0.014520
v 5.451246 2.543230 0.015550
v 5.451136 2.554840 0.012870
v 5.454096 2.550060 0.014070
v 5.520766 2.613560 0.082760
v 5.524776 2.602430 0.081410
v 5.523956 2.603720 0.071900
v 5.520145 2.614300 0.073180
v 5.498096 2.635640 0.055010
v 5.490346 2.640890 0.054050
v 5.490996 2.644720 0.063110
v 5.499506 2.638860 0.064120
v 5.520766 2.545310 0.067920
v 5.524776 2.555910 0.071300
v 5.520145 2.549430 0.059080
v 5.523956 2.559500 0.062290
v 5.490346 2.535280 0.031080
v 5.490996 2.527340 0.037590
v 5.498096 2.539470 0.034100
v 5.499506 2.532060 0.040900
v 5.458296 2.541330 0.016940
v 5.465735 2.540850 0.018670
v 5.459526 2.551400 0.014370
v 5.465976 2.551960 0.015800
v 5.527176 2.590790 0.079530
v 5.527986 2.578960 0.077170
v 5.527006 2.581410 0.067870
v 5.526246 2.592660 0.070110
v 5.510736 2.622090 0.055520
v 5.504976 2.629360 0.055530
v 5.507096 2.631800 0.064620
v 5.513506 2.623640 0.064570
v 5.473426 2.640500 0.042270
v 5.465735 2.642110 0.040690
v 5.481076 2.637870 0.043700
v 5.479406 2.629240 0.035820
v 5.472676 2.631730 0.034660
v 5.465976 2.633640 0.033560
v 5.527176 2.567220 0.074400
v 5.526246 2.570260 0.065240
v 5.504976 2.544810 0.037150
v 5.507096 2.538110 0.044250
v 5.510736 2.551300 0.040120
v 5.513506 2.545410 0.047550
v 5.473416 2.541490 0.020750
v 5.481076 2.543130 0.023100
v 5.472676 2.553110 0.017560
v 5.479406 2.554750 0.019620
v 5.518276 2.604970 0.053750
v 5.515156 2.613880 0.054900
v 5.518486 2.614480 0.063910
v 5.522046 2.604600 0.062720
v 5.488426 2.634350 0.044960
v 5.495206 2.630030 0.045960
v 5.492085 2.622930 0.038230
v 5.485946 2.626290 0.037030
v 5.433805 2.595450 0.014620
v 5.438306 2.600980 0.016120
v 5.444626 2.595300 0.015200
v 5.438306 2.589770 0.013680
v 5.442526 2.606510 0.017960
v 5.446546 2.612030 0.020090
v 5.454366 2.606230 0.019320
v 5.449906 2.600700 0.017100
v 5.450456 2.617510 0.022470
v 5.454196 2.623000 0.025160
v 5.461446 2.618610 0.024780
v 5.458166 2.612150 0.021810
v 5.457685 2.628560 0.028220
v 5.459526 2.634850 0.032520
v 5.464296 2.625790 0.028480
v 5.515156 2.558930 0.042950
v 5.518486 2.553900 0.050740
v 5.518276 2.567440 0.045590
v 5.522046 2.563300 0.053740
v 5.488426 2.545630 0.025670
v 5.495206 2.548990 0.028340
v 5.485946 2.556780 0.021920
v 5.492085 2.559170 0.024370
v 5.520756 2.586050 0.050260
v 5.520136 2.595610 0.052190
v 5.524186 2.594270 0.061040
v 5.524896 2.583760 0.058950
v 5.501146 2.624980 0.046620
v 5.505986 2.619110 0.046730
v 5.502056 2.616540 0.041380
v 5.497606 2.619240 0.039330
v 5.520136 2.576570 0.048050
v 5.524186 2.573350 0.056490
v 5.501146 2.553160 0.031000
v 5.505986 2.558350 0.033520
v 5.497606 2.561910 0.026870
v 5.502056 2.563300 0.029810
v 5.454366 2.583490 0.014380
v 5.446546 2.577940 0.012680
v 5.442526 2.583920 0.013050
v 5.449906 2.589530 0.014670
v 5.509496 2.612300 0.046100
v 5.511836 2.604750 0.044920
v 5.504056 2.604750 0.037480
v 5.502786 2.611360 0.039010
v 5.470816 2.623130 0.029150
v 5.468236 2.614930 0.025110
v 5.477256 2.620510 0.030170
v 5.474855 2.611890 0.026050
v 5.456326 2.594890 0.016750
v 5.461546 2.600630 0.019180
v 5.469496 2.594150 0.019560
v 5.461546 2.588570 0.016550
v 5.465326 2.607370 0.021870
v 5.472416 2.603630 0.022740
v 5.509496 2.564730 0.035750
v 5.511836 2.572040 0.037810
v 5.502786 2.569100 0.029820
v 5.504056 2.575760 0.031180
v 5.450456 2.571870 0.012550
v 5.454196 2.565630 0.012690
v 5.458166 2.576980 0.014160
v 5.461446 2.569740 0.014150
v 5.513226 2.596660 0.043410
v 5.513676 2.588320 0.041660
v 5.505036 2.590280 0.034220
v 5.504796 2.597640 0.035860
v 5.483645 2.617870 0.031450
v 5.481596 2.609450 0.027500
v 5.489996 2.615250 0.033070
v 5.488656 2.607460 0.029650
v 5.513226 2.580010 0.039790
v 5.504796 2.582900 0.032650
v 5.457685 2.559150 0.013120
v 5.464296 2.561490 0.014490
v 5.465326 2.581210 0.016180
v 5.468236 2.572860 0.015960
v 5.472416 2.584110 0.018500
v 5.474855 2.575090 0.018040
v 5.496325 2.612720 0.035130
v 5.496236 2.605770 0.032680
v 5.479896 2.601400 0.024480
v 5.479126 2.593420 0.022320
v 5.487816 2.600000 0.027110
v 5.487515 2.592650 0.025260
v 5.477256 2.565360 0.018180
v 5.470816 2.563530 0.016190
v 5.479896 2.585230 0.020960
v 5.481596 2.576550 0.020340
v 5.487816 2.585170 0.023880
v 5.488656 2.577250 0.023080
v 5.496226 2.598750 0.030660
v 5.496236 2.591660 0.028990
v 5.489996 2.568590 0.022930
v 5.483645 2.567070 0.020400
v 5.496226 2.584510 0.027570
v 5.496236 2.577240 0.026480
v 5.496325 2.569820 0.025800
v 4.148576 1.560350 3.943490
v 4.149616 1.583170 3.952890
v 4.154366 1.605190 3.963260
v 4.157606 1.516370 3.927600
v 4.151706 1.537340 3.934760
v 4.162326 1.625820 3.974890
v 4.173286 1.644690 3.987090
v 4.164856 1.499670 3.922890
v 4.187006 1.661400 3.999180
v 4.203236 1.675530 4.010600
v 4.221716 1.686690 4.020820
v 4.242046 1.694340 4.029760
v 4.263856 1.697970 4.037380
v 4.286636 1.697870 4.043230
v 4.309926 1.694370 4.046900
v 4.333046 1.687600 4.048620
v 4.350996 1.412080 3.918600
v 4.326576 1.407330 3.913470
v 4.355336 1.677750 4.048640
v 4.376246 1.665040 4.046790
v 4.392556 1.430680 3.934030
v 4.372976 1.419880 3.925680
v 4.395216 1.649740 4.042920
v 4.411666 1.632060 4.036940
v 4.424096 1.460830 3.952730
v 4.409826 1.444410 3.943000
v 4.425016 1.612240 4.028780
v 4.435166 1.590810 4.019010
v 4.441746 1.500440 3.974500
v 4.434706 1.479680 3.963370
v 4.441976 1.568320 4.008200
v 4.445386 1.545360 3.996910
v 4.445306 1.522530 3.985680
v 3.730256 0.918860 3.695840
v 3.823266 1.029700 3.695840
v 3.916266 1.140540 3.695840
v 3.992876 1.076260 3.695840
v 3.899866 0.965420 3.695840
v 3.806866 0.854580 3.695840
v 3.037186 0.101580 3.695840
v 3.106526 0.175530 3.695840
v 3.179056 0.261960 3.695840
v 3.254236 0.195990 3.695840
v 3.177466 0.104490 3.695840
v 3.265226 0.364660 3.695840
v 3.358236 0.475500 3.695840
v 3.434846 0.411220 3.695840
v 3.341836 0.300380 3.695840
v 3.451246 0.586340 3.695840
v 3.544246 0.697180 3.695840
v 3.620856 0.632900 3.695840
v 3.527846 0.522060 3.695840
v 3.637256 0.808020 3.695840
v 3.713856 0.743740 3.695840
v 4.252616 1.384490 3.695840
v 4.174066 1.291870 3.695840
v 4.097306 1.355720 3.695840
v 4.175386 1.447060 3.695840
v 4.085876 1.187100 3.695840
v 4.009276 1.251380 3.695840
v 4.300066 1.561640 3.978150
v 5.458296 2.642550 0.038950
v 3.024466 0.090770 3.695840
v 3.024446 0.076190 3.695840
v 3.024416 0.058370 3.695840
v 3.024316 0.000000 3.765320
v 1.456556 -2.109460 2.306820
v 1.454486 -2.133170 2.311290
v 1.442866 -2.146260 2.248830
v 1.444926 -2.122730 2.244390
v 1.383266 -2.209120 1.946110
v 1.385206 -2.187040 1.941950
v 1.377806 -2.230610 1.950700
v 1.437046 -2.169150 2.253720
v 1.448616 -2.156260 2.316220
v 1.467726 -2.096160 2.369360
v 1.465636 -2.119990 2.373850
v 1.459746 -2.143180 2.378810
v 1.494456 -2.099500 2.584840
v 1.500366 -2.076240 2.579870
v 1.502456 -2.052350 2.575370
v 1.442866 -2.099080 2.240560
v 1.454486 -2.085610 2.302950
v 1.437046 -2.075820 2.237360
v 1.448616 -2.062170 2.299720
v 1.377806 -2.143020 1.935340
v 1.383266 -2.164850 1.938350
v 1.439306 -2.178210 2.321470
v 1.427816 -2.190930 2.258930
v 1.369146 -2.251040 1.955590
v 1.357616 -2.269960 1.960640
v 1.415536 -2.211080 2.264310
v 1.426926 -2.198520 2.326900
v 1.465636 -2.072200 2.365470
v 1.500366 -2.028330 2.571470
v 1.494576 -2.004960 2.568250
v 1.459746 -2.048640 2.362230
v 1.450396 -2.165240 2.384080
v 1.437956 -2.185660 2.389540
v 1.472616 -2.142080 2.595600
v 1.485086 -2.121610 2.590130
v 1.427816 -2.053480 2.234830
v 1.439306 -2.039640 2.297180
v 1.415536 -2.032570 2.233010
v 1.426926 -2.018560 2.295340
v 1.357616 -2.102430 1.931270
v 1.369146 -2.122050 1.932970
v 1.074696 -2.532290 0.388390
v 1.075956 -2.517970 0.385690
v 1.071156 -2.546230 0.391370
v 1.394376 -2.232240 2.337710
v 1.383236 -2.244520 2.275040
v 1.400556 -2.229110 2.269730
v 1.411826 -2.216700 2.332360
v 1.343566 -2.286880 1.965730
v 1.327316 -2.301340 1.970710
v 1.691056 -1.812110 3.705210
v 1.688996 -1.835980 3.709950
v 1.683116 -1.859220 3.715150
v 1.450396 -2.026000 2.359670
v 1.485566 -1.983000 2.565750
v 1.473416 -1.962340 2.563960
v 1.437956 -2.004820 2.357830
v 1.422776 -2.203920 2.395020
v 1.405236 -2.219540 2.400400
v 1.457406 -2.160390 2.601100
v 1.439816 -2.176040 2.606490
v 1.074696 -2.503560 0.383350
v 1.071156 -2.489400 0.381400
v 1.394376 -1.982840 2.293990
v 1.411826 -1.999450 2.294270
v 1.400556 -2.013610 2.231950
v 1.383236 -1.997130 2.231670
v 1.343566 -2.084640 1.930270
v 1.327316 -2.069170 1.930000
v 1.065536 -2.559490 0.394540
v 1.058056 -2.571770 0.397820
v 1.353816 -2.253380 2.347530
v 1.343006 -2.265500 2.284780
v 1.363936 -2.256820 2.280100
v 1.374916 -2.244630 2.342820
v 1.309196 -2.312880 1.975460
v 1.289556 -2.321030 1.979850
v 1.688936 -1.788080 3.701170
v 1.683926 -1.766330 3.697990
v 1.673756 -1.881330 3.720610
v 1.661276 -1.901800 3.726180
v 1.405236 -1.968920 2.356460
v 1.422776 -1.985620 2.356750
v 1.458186 -1.942890 2.562850
v 1.440386 -1.925600 2.562500
v 1.385686 -2.231990 2.405530
v 1.364486 -2.240780 2.410270
v 1.420216 -2.188530 2.611630
v 1.398956 -2.197340 2.616380
v 1.065536 -2.475790 0.379870
v 1.058056 -2.463060 0.378760
v 1.353816 -1.959190 2.295950
v 1.374916 -1.969240 2.294530
v 1.363936 -1.983640 2.232210
v 1.343006 -1.973670 2.233610
v 1.309196 -2.056510 1.930510
v 1.289556 -2.047150 1.931830
v 1.038386 -2.592130 0.404350
v 1.048936 -2.582750 0.401120
v 1.331436 -2.257990 2.351710
v 1.320806 -2.270070 2.288920
v 1.268726 -2.325310 1.983740
v 1.247236 -2.325930 1.987090
v 1.297906 -2.270730 2.292490
v 1.308346 -2.258660 2.355300
v 1.677326 -1.749250 3.695830
v 1.670206 -1.735190 3.694040
v 1.646056 -1.920130 3.731740
v 1.628446 -1.935800 3.737160
v 1.364486 -1.945160 2.358440
v 1.385686 -1.955260 2.357010
v 1.420506 -1.911470 2.563010
v 1.399016 -1.901100 2.564430
v 1.341996 -2.245410 2.414470
v 1.318796 -2.246080 2.418080
v 1.353156 -2.202660 2.624210
v 1.376416 -2.201980 2.620590
v 1.048936 -2.451520 0.378110
v 1.038386 -2.441480 0.377940
v 1.320806 -1.967730 2.235920
v 1.331436 -1.953200 2.298270
v 1.297906 -1.965650 2.239000
v 1.308346 -1.951110 2.301380
v 1.247236 -2.039630 1.936890
v 1.268726 -2.041580 1.933990
v 1.013896 -2.604910 0.410280
v 1.026636 -2.599620 0.407440
v 1.285146 -2.255610 2.358260
v 1.274886 -2.267700 2.295430
v 1.225626 -2.323090 1.989840
v 1.204456 -2.316990 1.991960
v 1.252326 -2.261200 2.297690
v 1.262396 -2.249050 2.360540
v 1.632726 -1.691010 3.691940
v 1.652076 -1.712120 3.692720
v 1.608826 -1.948300 3.742320
v 1.587526 -1.957140 3.747000
v 1.341996 -1.939140 2.360770
v 1.376356 -1.895100 2.566800
v 1.353066 -1.893080 2.569950
v 1.318796 -1.937040 2.363900
v 1.295476 -2.243020 2.421060
v 1.272616 -2.236430 2.423350
v 1.306856 -2.192980 2.629490
v 1.329776 -2.199580 2.627200
v 1.026636 -2.433270 0.378270
v 1.013885 -2.427190 0.379120
v 1.274886 -1.967260 2.242750
v 1.285146 -1.952720 2.305160
v 1.252326 -1.972360 2.247050
v 1.262396 -1.957870 2.309490
v 1.204456 -2.045930 1.944440
v 1.225626 -2.041140 1.940410
v 1.000376 -2.607690 0.412810
v 0.986426 -2.608090 0.414980
v 1.220586 -2.226280 2.362850
v 1.210856 -2.238620 2.299970
v 1.230786 -2.251440 2.299220
v 1.240686 -2.239210 2.362090
v 1.184236 -2.307830 1.993400
v 1.165536 -2.295800 1.994110
v 1.587756 -1.661750 3.693580
v 1.610936 -1.673830 3.692210
v 1.564916 -1.961830 3.751030
v 1.541586 -1.962560 3.754380
v 1.295476 -1.938660 2.367700
v 1.329716 -1.894620 2.573740
v 1.306846 -1.899690 2.578070
v 1.272616 -1.943840 2.372050
v 1.250796 -2.226540 2.424900
v 1.230606 -2.213550 2.425660
v 1.284986 -2.183060 2.631050
v 1.264746 -2.170040 2.631820
v 1.000376 -2.423580 0.380530
v 0.986426 -2.422310 0.382410
v 1.220586 -1.978060 2.319330
v 1.240686 -1.966380 2.314250
v 1.230786 -1.980800 2.251770
v 1.210856 -1.992390 2.256800
v 1.184246 -2.053850 1.948870
v 1.165536 -2.064720 1.953600
v 0.972405 -2.606250 0.416770
v 0.958666 -2.602290 0.418140
v 1.187576 -2.192060 2.361820
v 1.178106 -2.204670 2.298960
v 1.193106 -2.222960 2.299900
v 1.202696 -2.210500 2.362780
v 1.148876 -2.281100 1.994040
v 1.134806 -2.263940 1.993150
v 1.564236 -1.655950 3.696110
v 1.540546 -1.653290 3.699210
v 1.518116 -1.959560 3.757020
v 1.495096 -1.953030 3.758940
v 1.230606 -1.964120 2.381930
v 1.250796 -1.952380 2.376830
v 1.284986 -1.908210 2.582860
v 1.264746 -1.919980 2.587970
v 1.212626 -2.197690 2.425590
v 1.197436 -2.179170 2.424630
v 1.246716 -2.154140 2.631740
v 1.231486 -2.135570 2.630780
v 0.972405 -2.423290 0.384690
v 0.958666 -2.426400 0.387300
v 1.187576 -2.010240 2.329940
v 1.202696 -1.992740 2.324600
v 1.193106 -2.006950 2.262030
v 1.178106 -2.024310 2.267330
v 1.148876 -2.078390 1.958500
v 1.134806 -2.094680 1.963480
v 0.933416 -2.588530 0.419540
v 0.945556 -2.596340 0.419080
v 1.175826 -2.171190 2.359930
v 1.166446 -2.183970 2.297080
v 1.123866 -2.244510 1.991400
v 1.116046 -2.223410 1.988870
v 1.158116 -2.161480 2.294400
v 1.167426 -2.148520 2.357230
v 1.517746 -1.655680 3.701390
v 1.494746 -1.660040 3.705330
v 1.473126 -1.943180 3.760090
v 1.452796 -1.930230 3.760460
v 1.197436 -1.996460 2.392600
v 1.212626 -1.978870 2.387230
v 1.246716 -1.934770 2.593280
v 1.231486 -1.952400 2.598670
v 1.185626 -2.158190 2.422730
v 1.177186 -2.135410 2.420010
v 1.211186 -2.091710 2.626150
v 1.219646 -2.114550 2.628880
v 0.945556 -2.431540 0.390180
v 0.933416 -2.438590 0.393250
v 1.166446 -2.044290 2.272590
v 1.175826 -2.030380 2.335250
v 1.158116 -2.066270 2.277700
v 1.167426 -2.052530 2.340400
v 1.116046 -2.134050 1.973210
v 1.123866 -2.113430 1.968410
v 0.913476 -2.567860 0.418920
v 0.922606 -2.579000 0.419490
v 1.162386 -2.124690 2.353800
v 1.153116 -2.137840 2.291000
v 1.111356 -2.201220 1.985690
v 1.109786 -2.178540 1.981950
v 1.151456 -2.113670 2.287020
v 1.160706 -2.100320 2.349790
v 1.740996 -1.748430 4.004750
v 1.739206 -1.771970 4.011050
v 1.733586 -1.794850 4.017860
v 1.452506 -1.680180 3.714850
v 1.472806 -1.668360 3.709880
v 1.434676 -1.914390 3.760010
v 1.419366 -1.895870 3.758680
v 1.185626 -2.016700 2.397930
v 1.219646 -1.972690 2.604010
v 1.211186 -1.995010 2.609190
v 1.177186 -2.038960 2.403100
v 1.172126 -2.111460 2.416580
v 1.170436 -2.086980 2.412540
v 1.204416 -2.043150 2.618660
v 1.206106 -2.067700 2.622700
v 0.922606 -2.447460 0.396430
v 0.913476 -2.458030 0.399660
v 1.153116 -2.089600 2.282550
v 1.162386 -2.076060 2.345280
v 1.111356 -2.155950 1.977750
v 0.906376 -2.555260 0.417780
v 0.901296 -2.541560 0.416140
v 1.724416 -1.816720 4.024440
v 1.712066 -1.837050 4.030730
v 1.419176 -1.712690 3.725370
v 1.434436 -1.695010 3.720050
v 1.407446 -1.874890 3.756410
v 1.398916 -1.852090 3.753340
v 1.172126 -2.062600 2.408010
v 1.206106 -2.018710 2.614110
v 0.906376 -2.470200 0.402860
v 0.901296 -2.483580 0.405970
v 0.898256 -2.527170 0.414070
v 0.897246 -2.512450 0.411650
v 1.407306 -1.733020 3.730670
v 1.398836 -1.755360 3.735860
v 1.393786 -1.828100 3.749630
v 1.392066 -1.803560 3.745410
v 0.898256 -2.497790 0.408920
v 1.393756 -1.779090 3.740790
v 1.019976 -2.589510 0.112540
v 1.021106 -2.576570 0.110100
v 1.015326 -2.594220 0.089710
v 1.016446 -2.581420 0.087300
v 1.012156 -2.606690 0.092370
v 1.016766 -2.602100 0.115230
v 1.638316 -1.892380 4.051600
v 1.615486 -1.897350 4.054310
v 1.591816 -1.898500 4.055690
v 1.015326 -2.568540 0.085210
v 1.019976 -2.563560 0.107990
v 1.016766 -2.550770 0.106230
v 1.012156 -2.555880 0.083470
v 1.012086 -2.597360 0.074400
v 1.013196 -2.584670 0.072000
v 1.009436 -2.599520 0.063590
v 1.010535 -2.586960 0.061230
v 1.006326 -2.611750 0.066210
v 1.008945 -2.609720 0.077040
v 1.011696 -2.614080 0.118090
v 1.007126 -2.618540 0.095210
v 1.000446 -2.629510 0.098140
v 1.004936 -2.625160 0.121060
v 1.567946 -1.896000 4.055950
v 1.544486 -1.890040 4.055180
v 1.009436 -2.574330 0.059180
v 1.012086 -2.571900 0.069930
v 1.008945 -2.559350 0.068210
v 1.006326 -2.561910 0.057470
v 1.007126 -2.543720 0.082090
v 1.011696 -2.538480 0.104840
v 1.004936 -2.526970 0.103840
v 1.000446 -2.532330 0.081100
v 1.006546 -2.601280 0.054300
v 1.007626 -2.588930 0.051970
v 1.003156 -2.602780 0.045720
v 1.004206 -2.590740 0.043450
v 1.000175 -2.614500 0.048220
v 1.003486 -2.613300 0.056870
v 1.003956 -2.621480 0.079850
v 1.001395 -2.623380 0.068990
v 0.994836 -2.634140 0.071860
v 0.997335 -2.632350 0.082750
v 0.982866 -2.647720 0.103980
v 0.992296 -2.639330 0.101090
v 0.996696 -2.635080 0.124040
v 0.987176 -2.643560 0.126960
v 1.006546 -2.576510 0.049950
v 1.003496 -2.564300 0.048270
v 1.000175 -2.566730 0.039850
v 1.003156 -2.578640 0.041490
v 1.001395 -2.549980 0.056120
v 1.003956 -2.547290 0.066840
v 0.997335 -2.536000 0.065860
v 0.994836 -2.538810 0.055150
v 0.996696 -2.516550 0.103250
v 0.987176 -2.507480 0.103100
v 0.992296 -2.522020 0.080520
v 0.982866 -2.513040 0.080370
v 0.998646 -2.624730 0.059600
v 0.995456 -2.625640 0.050890
v 0.989166 -2.635950 0.053650
v 0.992196 -2.635310 0.062430
v 0.977596 -2.652000 0.077590
v 0.986835 -2.643770 0.074760
v 0.989246 -2.642090 0.085680
v 0.979906 -2.650400 0.088550
v 0.960966 -2.659130 0.109280
v 0.972356 -2.654410 0.106740
v 0.976556 -2.650320 0.129740
v 0.965046 -2.655100 0.132310
v 1.498956 -1.620930 3.993470
v 1.519426 -1.608880 3.989560
v 1.541856 -1.600260 3.986350
v 0.998646 -2.552570 0.046950
v 0.992196 -2.541590 0.045990
v 0.989166 -2.544600 0.037630
v 0.995456 -2.555300 0.038560
v 0.989246 -2.525770 0.065290
v 0.979906 -2.516880 0.065130
v 0.986835 -2.528690 0.054580
v 0.977596 -2.519890 0.054430
v 0.976556 -2.500060 0.103400
v 0.965046 -2.494580 0.104170
v 0.972356 -2.505700 0.080660
v 0.960966 -2.500270 0.081430
v 0.996106 -2.615460 0.039500
v 0.998976 -2.604160 0.037080
v 0.999995 -2.592560 0.034900
v 0.994946 -2.594300 0.026710
v 0.993986 -2.605330 0.028790
v 0.991256 -2.616070 0.031090
v 0.975245 -2.652870 0.068060
v 0.984336 -2.644780 0.065270
v 0.981506 -2.645180 0.056420
v 0.972646 -2.653070 0.059140
v 0.956105 -2.663200 0.082790
v 0.967286 -2.658560 0.080300
v 0.969486 -2.657040 0.091280
v 0.958186 -2.661720 0.093800
v 0.952836 -2.657610 0.134590
v 0.948875 -2.661620 0.111540
v 0.936416 -2.661980 0.113480
v 0.940236 -2.657970 0.136560
v 1.465406 -1.653720 4.002670
v 1.480756 -1.635930 3.997890
v 1.466946 -1.835180 4.044090
v 1.454586 -1.814760 4.039210
v 1.445666 -1.792460 4.033800
v 0.998976 -2.580890 0.033000
v 0.996106 -2.569420 0.031420
v 0.991256 -2.572300 0.023410
v 0.993986 -2.583210 0.024910
v 0.984336 -2.531640 0.045430
v 0.975245 -2.522990 0.045290
v 0.981506 -2.534900 0.037080
v 0.972646 -2.526460 0.036940
v 0.969486 -2.509600 0.065430
v 0.958186 -2.504210 0.066180
v 0.967286 -2.512690 0.054720
v 0.956105 -2.507360 0.055470
v 0.948875 -2.497040 0.082680
v 0.952836 -2.491310 0.105440
v 0.940236 -2.490170 0.107130
v 0.936416 -2.495910 0.084360
v 0.985496 -2.636140 0.044720
v 0.991556 -2.626200 0.042070
v 0.986926 -2.626280 0.033530
v 0.981166 -2.635730 0.036050
v 0.954126 -2.663880 0.073170
v 0.965116 -2.659320 0.070720
v 0.962766 -2.659360 0.061730
v 0.952056 -2.663800 0.064120
v 0.946206 -2.664190 0.096040
v 0.944256 -2.665640 0.085010
v 0.932026 -2.665990 0.086910
v 0.933846 -2.664550 0.097960
v 0.927576 -2.656310 0.138170
v 0.923886 -2.660330 0.115080
v 0.911596 -2.656800 0.116310
v 0.915166 -2.652730 0.139410
v 1.440246 -1.768840 4.028310
v 1.438326 -1.744550 4.022920
v 0.991556 -2.558400 0.030180
v 0.985496 -2.548080 0.029280
v 0.981166 -2.552020 0.021380
v 0.986926 -2.561820 0.022230
v 0.965116 -2.515910 0.045570
v 0.954126 -2.510670 0.046310
v 0.962766 -2.519560 0.037220
v 0.952056 -2.514450 0.037930
v 0.944256 -2.504190 0.056700
v 0.946206 -2.501010 0.067430
v 0.933846 -2.499890 0.069090
v 0.932026 -2.503080 0.058350
v 0.923886 -2.496780 0.086400
v 0.927576 -2.491050 0.109200
v 0.915166 -2.493860 0.111560
v 0.911596 -2.499560 0.088740
v 0.969566 -2.652640 0.050020
v 0.978106 -2.645040 0.047400
v 0.974146 -2.644180 0.038590
v 0.966026 -2.651410 0.041080
v 0.981676 -2.597230 0.012950
v 0.989026 -2.595870 0.019310
v 0.988126 -2.606170 0.021250
v 0.980816 -2.606440 0.014670
v 0.985576 -2.616200 0.023390
v 0.978415 -2.615430 0.016570
v 0.942466 -2.666280 0.075350
v 0.940696 -2.666140 0.066240
v 0.928976 -2.666480 0.068070
v 0.930446 -2.666630 0.077220
v 0.921426 -2.662920 0.099550
v 0.919736 -2.664370 0.088480
v 0.907686 -2.660900 0.089690
v 0.909245 -2.659410 0.100770
v 0.889026 -2.644500 0.117550
v 0.899876 -2.651480 0.117140
v 0.903316 -2.647360 0.140260
v 0.892356 -2.640310 0.140670
v 0.978106 -2.538730 0.028760
v 0.969566 -2.530600 0.028620
v 0.966026 -2.535400 0.020740
v 0.974146 -2.543130 0.020880
v 0.978415 -2.578840 0.010160
v 0.985576 -2.575330 0.016230
v 0.988126 -2.585520 0.017630
v 0.980816 -2.587970 0.011430
v 0.942466 -2.507550 0.047520
v 0.930446 -2.506460 0.049140
v 0.928976 -2.510350 0.040690
v 0.940696 -2.511420 0.039110
v 0.919736 -2.503940 0.060350
v 0.921426 -2.500750 0.071120
v 0.909245 -2.503510 0.073440
v 0.907686 -2.506660 0.062640
v 0.903316 -2.498500 0.114160
v 0.892356 -2.504870 0.116920
v 0.899876 -2.504150 0.091310
v 0.889026 -2.510460 0.094050
v 0.949716 -2.662990 0.054820
v 0.960046 -2.658710 0.052510
v 0.956976 -2.657180 0.043460
v 0.947156 -2.661250 0.045650
v 0.981536 -2.625740 0.025670
v 0.974676 -2.624040 0.018620
v 0.976156 -2.634560 0.028030
v 0.969756 -2.632050 0.020750
v 0.918356 -2.665040 0.078760
v 0.917196 -2.664930 0.069570
v 0.905646 -2.661600 0.070730
v 0.906516 -2.661630 0.079950
v 0.885535 -2.648840 0.090910
v 0.896186 -2.655690 0.090500
v 0.897615 -2.654130 0.101600
v 0.886856 -2.647220 0.102000
v 0.871196 -2.626020 0.117000
v 0.879366 -2.635980 0.117510
v 0.882596 -2.631700 0.140630
v 0.874346 -2.621640 0.140110
v 0.960046 -2.523940 0.028880
v 0.949716 -2.519020 0.029580
v 0.947156 -2.524400 0.021660
v 0.956976 -2.529070 0.021000
v 0.969756 -2.561710 0.008410
v 0.976156 -2.556390 0.014320
v 0.981536 -2.565550 0.015120
v 0.974676 -2.570020 0.009140
v 0.918356 -2.507300 0.051110
v 0.906516 -2.509990 0.053360
v 0.905646 -2.513790 0.044810
v 0.917196 -2.511170 0.042610
v 0.897615 -2.508060 0.075980
v 0.886856 -2.514320 0.078700
v 0.896186 -2.511170 0.065170
v 0.885535 -2.517360 0.067850
v 0.882596 -2.512880 0.119800
v 0.874346 -2.522430 0.122720
v 0.879366 -2.518390 0.096900
v 0.871196 -2.527840 0.099780
v 0.927476 -2.665570 0.058620
v 0.938766 -2.665240 0.056860
v 0.936746 -2.663390 0.047590
v 0.926006 -2.663700 0.049270
v 0.969596 -2.642460 0.030400
v 0.963816 -2.639250 0.022920
v 0.962016 -2.649210 0.032730
v 0.957006 -2.645430 0.025060
v 0.969106 -2.613330 0.010780
v 0.971456 -2.605860 0.009280
v 0.972356 -2.598300 0.007900
v 0.965576 -2.598830 0.005410
v 0.962516 -2.603720 0.005330
v 0.959625 -2.609870 0.006430
v 0.884746 -2.649770 0.081150
v 0.895205 -2.656500 0.080750
v 0.894616 -2.656610 0.071510
v 0.884416 -2.650050 0.071900
v 0.868056 -2.630720 0.090360
v 0.876056 -2.640480 0.090870
v 0.877275 -2.638760 0.101960
v 0.869185 -2.628890 0.101450
v 0.867926 -2.610250 0.139080
v 0.864856 -2.614750 0.115980
v 0.860316 -2.602510 0.114520
v 0.863346 -2.597880 0.137600
v 0.938766 -2.516090 0.030710
v 0.927476 -2.515070 0.032240
v 0.926006 -2.520640 0.024180
v 0.936746 -2.521610 0.022740
v 0.957006 -2.547530 0.007890
v 0.962016 -2.540870 0.013730
v 0.969596 -2.548090 0.013860
v 0.963816 -2.554130 0.007990
v 0.971456 -2.590720 0.006620
v 0.969106 -2.583170 0.005500
v 0.959625 -2.588170 0.002630
v 0.962516 -2.594320 0.003680
v 0.895205 -2.514410 0.055840
v 0.884746 -2.520500 0.058480
v 0.894616 -2.518100 0.047230
v 0.884416 -2.524030 0.049800
v 0.877275 -2.522180 0.081520
v 0.869185 -2.531550 0.084390
v 0.876056 -2.525130 0.070650
v 0.868056 -2.534400 0.073480
v 0.864856 -2.538720 0.102650
v 0.867926 -2.533420 0.125610
v 0.863346 -2.545510 0.128420
v 0.860316 -2.550680 0.105430
v 0.904985 -2.660870 0.061190
v 0.916116 -2.664080 0.060070
v 0.915215 -2.662280 0.050640
v 0.904635 -2.659230 0.051700
v 0.953566 -2.654590 0.034950
v 0.949466 -2.650350 0.027100
v 0.944396 -2.658390 0.036990
v 0.941296 -2.653800 0.028950
v 0.961236 -2.627600 0.014300
v 0.965626 -2.620650 0.012470
v 0.956076 -2.616050 0.007780
v 0.952026 -2.622100 0.009350
v 0.867546 -2.631950 0.080610
v 0.875426 -2.641550 0.081110
v 0.875336 -2.642030 0.071860
v 0.867666 -2.632670 0.071380
v 0.862896 -2.617720 0.100440
v 0.861826 -2.619660 0.089360
v 0.857376 -2.607650 0.087930
v 0.858396 -2.605580 0.098990
v 0.860596 -2.584880 0.135740
v 0.857595 -2.589640 0.112670
v 0.856686 -2.576480 0.110500
v 0.859686 -2.571580 0.133540
v 0.916116 -2.515860 0.034090
v 0.904985 -2.518380 0.036200
v 0.904635 -2.523790 0.027960
v 0.915215 -2.521390 0.025940
v 0.941296 -2.538150 0.008680
v 0.944396 -2.530600 0.014590
v 0.953566 -2.534970 0.013970
v 0.949466 -2.542120 0.008120
v 0.965626 -2.575680 0.004590
v 0.961236 -2.568480 0.003930
v 0.952026 -2.575620 0.001200
v 0.956076 -2.581870 0.001790
v 0.875426 -2.528140 0.061230
v 0.867556 -2.537260 0.064010
v 0.875336 -2.531490 0.052480
v 0.867666 -2.540370 0.055190
v 0.861826 -2.545070 0.076290
v 0.862896 -2.542330 0.087220
v 0.858396 -2.554190 0.089980
v 0.857376 -2.556810 0.079010
v 0.857595 -2.563380 0.108060
v 0.860596 -2.558340 0.131080
v 0.884526 -2.649730 0.062320
v 0.894356 -2.656050 0.061940
v 0.894536 -2.654650 0.052420
v 0.885185 -2.648640 0.052780
v 0.934676 -2.660390 0.038810
v 0.932575 -2.655540 0.030550
v 0.924645 -2.660680 0.040370
v 0.923546 -2.655700 0.031900
v 0.950446 -2.639470 0.018180
v 0.956125 -2.633960 0.016240
v 0.947666 -2.627830 0.011110
v 0.943086 -2.633030 0.012980
v 0.861426 -2.621080 0.079630
v 0.861696 -2.622080 0.070420
v 0.857435 -2.610570 0.069040
v 0.857056 -2.609270 0.078220
v 0.855696 -2.592820 0.097160
v 0.854706 -2.595030 0.086120
v 0.853816 -2.582120 0.083990
v 0.854795 -2.579780 0.095010
v 0.894356 -2.522540 0.038530
v 0.884526 -2.528260 0.041020
v 0.885185 -2.533180 0.032530
v 0.894536 -2.527740 0.030170
v 0.923546 -2.535190 0.010770
v 0.924645 -2.527090 0.016950
v 0.934676 -2.528000 0.015600
v 0.932575 -2.535890 0.009570
v 0.956125 -2.561790 0.003580
v 0.950446 -2.555880 0.003520
v 0.943086 -2.563980 0.000880
v 0.947666 -2.569580 0.000900
v 0.861426 -2.547750 0.066770
v 0.857056 -2.559280 0.069460
v 0.857435 -2.561840 0.060500
v 0.861696 -2.550600 0.057880
v 0.854706 -2.569270 0.081600
v 0.855696 -2.566790 0.092600
v 0.868376 -2.632980 0.061810
v 0.875766 -2.642000 0.062280
v 0.876856 -2.641300 0.052740
v 0.869826 -2.632720 0.052300
v 0.914566 -2.659360 0.041660
v 0.914416 -2.654420 0.033020
v 0.904686 -2.656510 0.042650
v 0.905436 -2.651800 0.033900
v 0.937686 -2.646860 0.021640
v 0.944325 -2.643870 0.020030
v 0.938406 -2.637500 0.014890
v 0.935205 -2.641380 0.017440
v 0.854425 -2.596860 0.076440
v 0.854876 -2.598470 0.067300
v 0.854016 -2.586100 0.065260
v 0.853556 -2.584170 0.074350
v 0.875766 -2.535440 0.043600
v 0.868376 -2.544010 0.046210
v 0.869826 -2.548150 0.037470
v 0.876856 -2.540010 0.034980
v 0.905436 -2.537990 0.013940
v 0.904686 -2.530030 0.020470
v 0.914566 -2.527790 0.018590
v 0.914416 -2.535910 0.012240
v 0.944325 -2.551030 0.003750
v 0.937686 -2.547600 0.004230
v 0.935205 -2.554410 0.002190
v 0.938406 -2.559050 0.001130
v 0.854436 -2.571540 0.072000
v 0.854876 -2.573780 0.062980
v 0.858505 -2.611680 0.059560
v 0.862616 -2.622770 0.060890
v 0.864356 -2.623020 0.051420
v 0.860456 -2.612470 0.050160
v 0.895256 -2.652230 0.043320
v 0.896846 -2.647940 0.034530
v 0.886526 -2.646620 0.043650
v 0.888906 -2.642920 0.034880
v 0.922876 -2.647940 0.023820
v 0.930486 -2.648120 0.022860
v 0.929806 -2.640140 0.016640
v 0.923245 -2.639120 0.017040
v 0.862616 -2.553860 0.048810
v 0.858505 -2.564700 0.051330
v 0.860456 -2.567820 0.042330
v 0.864356 -2.557520 0.039940
v 0.888906 -2.545830 0.017850
v 0.886526 -2.538800 0.024740
v 0.895256 -2.533720 0.022540
v 0.896846 -2.541310 0.015830
v 0.930486 -2.545930 0.004940
v 0.922876 -2.545700 0.005890
v 0.923245 -2.556660 0.002580
v 0.929806 -2.555880 0.001870
v 0.855226 -2.588090 0.055920
v 0.856046 -2.600010 0.057890
v 0.858106 -2.601380 0.048570
v 0.857326 -2.590050 0.046700
v 0.878756 -2.639760 0.043620
v 0.881856 -2.636830 0.034910
v 0.872186 -2.631760 0.043200
v 0.875946 -2.629700 0.034570
v 0.907186 -2.644200 0.025350
v 0.915016 -2.646580 0.024640
v 0.916416 -2.637420 0.017500
v 0.909536 -2.635150 0.018040
v 0.856046 -2.576210 0.053720
v 0.858106 -2.578760 0.044600
v 0.875946 -2.558220 0.022040
v 0.872186 -2.552770 0.029350
v 0.878756 -2.545170 0.027030
v 0.881856 -2.551470 0.019940
v 0.915016 -2.546620 0.007120
v 0.907186 -2.548550 0.008580
v 0.909536 -2.559940 0.004850
v 0.916416 -2.558050 0.003580
v 0.867076 -2.622690 0.042380
v 0.871416 -2.621570 0.033810
v 0.863436 -2.612840 0.041200
v 0.868226 -2.612680 0.032690
v 0.892686 -2.636800 0.026410
v 0.899646 -2.640910 0.025970
v 0.902816 -2.632410 0.018670
v 0.896496 -2.629250 0.019340
v 0.945626 -2.599440 0.002560
v 0.951936 -2.593700 0.001930
v 0.956446 -2.599320 0.003110
v 0.951936 -2.605020 0.003910
v 0.947666 -2.587920 0.001080
v 0.943566 -2.582020 0.000530
v 0.935745 -2.587820 0.001170
v 0.940286 -2.593770 0.001700
v 0.939546 -2.576040 0.000220
v 0.935656 -2.569900 0.000210
v 0.928396 -2.574230 0.000740
v 0.931826 -2.581390 0.000810
v 0.868226 -2.574790 0.026050
v 0.863436 -2.571150 0.033890
v 0.867076 -2.561520 0.031660
v 0.871416 -2.566080 0.024080
v 0.899646 -2.551340 0.010260
v 0.892686 -2.554980 0.012070
v 0.896496 -2.564880 0.008050
v 0.902816 -2.562230 0.006370
v 0.931976 -2.563530 0.000520
v 0.925316 -2.566080 0.001090
v 0.861246 -2.602490 0.039720
v 0.866326 -2.603290 0.031300
v 0.860516 -2.591900 0.037970
v 0.865696 -2.593660 0.029690
v 0.881606 -2.626170 0.026460
v 0.886576 -2.631920 0.026630
v 0.890796 -2.625750 0.020000
v 0.886065 -2.623250 0.021670
v 0.935745 -2.610780 0.005200
v 0.940286 -2.605050 0.003680
v 0.947666 -2.610730 0.005080
v 0.943566 -2.616430 0.006560
v 0.861246 -2.581370 0.036010
v 0.866326 -2.584070 0.027930
v 0.886576 -2.559410 0.013920
v 0.881606 -2.564820 0.015700
v 0.886065 -2.569500 0.012240
v 0.890796 -2.567870 0.009850
v 0.875636 -2.611870 0.024610
v 0.878026 -2.619410 0.025730
v 0.885486 -2.617980 0.019440
v 0.884236 -2.611320 0.018040
v 0.935666 -2.627820 0.010360
v 0.939546 -2.622110 0.008300
v 0.931826 -2.616900 0.007030
v 0.928396 -2.623580 0.009390
v 0.920376 -2.599060 0.004310
v 0.928476 -2.593160 0.002380
v 0.933805 -2.599370 0.002870
v 0.928486 -2.605340 0.004510
v 0.924586 -2.585880 0.001900
v 0.921515 -2.577590 0.001690
v 0.914756 -2.580080 0.002980
v 0.917346 -2.589050 0.003330
v 0.918686 -2.568340 0.002020
v 0.912106 -2.570410 0.003230
v 0.878026 -2.571390 0.017310
v 0.875636 -2.578850 0.018820
v 0.884236 -2.582060 0.012910
v 0.885486 -2.575310 0.011950
v 0.873775 -2.595340 0.021820
v 0.874236 -2.603750 0.023280
v 0.883506 -2.604160 0.016630
v 0.883276 -2.596730 0.015260
v 0.931976 -2.633600 0.012810
v 0.925316 -2.630990 0.012480
v 0.921515 -2.620070 0.009140
v 0.924586 -2.612290 0.006530
v 0.917346 -2.608750 0.006790
v 0.914756 -2.617230 0.009490
v 0.874236 -2.586940 0.020330
v 0.883506 -2.589280 0.014020
v 0.907825 -2.581790 0.004490
v 0.905545 -2.572380 0.004700
v 0.898976 -2.574170 0.006480
v 0.900506 -2.582790 0.006440
v 0.910465 -2.598690 0.006060
v 0.909666 -2.590460 0.004950
v 0.901456 -2.590720 0.007020
v 0.901776 -2.598250 0.008120
v 0.892586 -2.583130 0.009010
v 0.892385 -2.575690 0.008620
v 0.918686 -2.628510 0.012570
v 0.912106 -2.626090 0.013000
v 0.907825 -2.615020 0.010320
v 0.909666 -2.606780 0.007810
v 0.901456 -2.605700 0.009640
v 0.900506 -2.613290 0.011790
v 0.905545 -2.623660 0.013700
v 0.898976 -2.621280 0.014740
v 0.892656 -2.597650 0.010940
v 0.892656 -2.590440 0.009810
v 0.892586 -2.611930 0.014060
v 0.892385 -2.618990 0.016210
v 0.892656 -2.604810 0.012330
v 1.738716 -1.724610 3.999720
v 1.733736 -1.703260 3.995870
v 1.727416 -1.687130 3.993100
v 1.720426 -1.673620 3.990860
v 1.696896 -1.855300 4.036650
v 1.679316 -1.870940 4.042200
v 1.659686 -1.883440 4.047370
v 1.565906 -1.595520 3.984010
v 1.590776 -1.592710 3.982130
v 1.522046 -1.880800 4.053500
v 1.501236 -1.868440 4.051060
v 1.482686 -1.853160 4.047980
v 1.453486 -1.674110 4.007690
v 1.444996 -1.696480 4.012780
v 1.439926 -1.720190 4.017800
v 2.405916 -0.776110 3.695840
v 2.299626 -0.902790 3.695840
v 2.280466 -0.886720 3.695840
v 2.386766 -0.760040 3.695840
v 2.261316 -0.870650 3.695840
v 2.367616 -0.743970 3.695840
v 2.155026 -0.997320 3.695840
v 2.174176 -1.013390 3.695840
v 2.193326 -1.029460 3.695840
v 2.116726 -0.965180 3.695840
v 2.116726 -0.965180 3.867680
v 2.223016 -0.838510 3.850750
v 2.223016 -0.838510 3.695840
v 2.329306 -0.711840 3.835450
v 2.329306 -0.711840 3.695840
v 2.444216 -0.808250 3.695840
v 2.444216 -0.808250 3.835450
v 2.337926 -0.934930 3.850750
v 2.337926 -0.934930 3.695840
v 2.231636 -1.061600 3.867680
v 2.231636 -1.061600 3.695840
v 3.001356 -0.089220 3.695840
v 2.911416 -0.173620 3.695840
v 2.893646 -0.155880 3.695840
v 2.988316 -0.073760 3.695840
v 2.875876 -0.138130 3.695840
v 2.974036 -0.056830 3.695840
v 2.786986 -0.244160 3.695840
v 2.805786 -0.260650 3.695840
v 2.824596 -0.277140 3.695840
v 2.724786 -0.396090 3.695840
v 2.705636 -0.380020 3.695840
v 2.686486 -0.363950 3.695840
v 2.580196 -0.490630 3.695840
v 2.599346 -0.506700 3.695840
v 2.618496 -0.522770 3.695840
v 2.512206 -0.649440 3.695840
v 2.493056 -0.633370 3.695840
v 2.473906 -0.617300 3.695840
v 1.658806 -1.582890 3.694710
v 1.679976 -1.596960 3.694030
v 1.700446 -1.613580 3.693890
v 1.777806 -1.523850 3.695350
v 1.758326 -1.507640 3.695390
v 1.738666 -1.492070 3.695560
v 1.836146 -1.377350 3.695840
v 1.855306 -1.393420 3.695840
v 1.874456 -1.409480 3.695840
v 1.980746 -1.282810 3.695840
v 1.961596 -1.266740 3.695840
v 1.942446 -1.250670 3.695840
v 2.048736 -1.124000 3.695840
v 2.067886 -1.140070 3.695840
v 2.087036 -1.156140 3.695840
v 2.749366 -0.211180 3.695840
v 2.749366 -0.211180 3.784890
v 2.840336 -0.102630 3.775010
v 2.840336 -0.102630 3.695840
v 2.541896 -0.458490 3.695840
v 2.541896 -0.458490 3.807880
v 2.648186 -0.331810 3.795820
v 2.648186 -0.331810 3.695840
v 2.435606 -0.585160 3.821120
v 2.435606 -0.585160 3.695840
v 1.705536 -1.455320 3.952790
v 1.699256 -1.462890 3.696260
v 1.616056 -1.562590 3.697530
v 1.641166 -1.532300 3.968810
v 1.904136 -1.218530 3.908190
v 1.904136 -1.218530 3.695840
v 1.797846 -1.345210 3.695840
v 1.797846 -1.345210 3.931370
v 2.010436 -1.091860 3.695840
v 2.010436 -1.091860 3.886890
v 1.816006 -1.557490 3.695620
v 1.822286 -1.549800 3.953880
v 1.763446 -1.620960 3.973180
v 1.738336 -1.651740 3.694941
v 2.019046 -1.314950 3.695840
v 2.019046 -1.314950 3.908190
v 1.912756 -1.441620 3.931370
v 1.912756 -1.441620 3.695840
v 2.125336 -1.188280 3.886890
v 2.125336 -1.188280 3.695840
v 2.862206 -0.310120 3.784710
v 2.862206 -0.310120 3.695840
v 2.946946 -0.209120 3.695840
v 2.946946 -0.209120 3.774290
v 3.024516 -0.116680 3.695840
v 3.024516 -0.116680 3.764210
v 2.656796 -0.554910 3.807880
v 2.656796 -0.554910 3.695840
v 2.763096 -0.428230 3.695840
v 2.763096 -0.428230 3.795820
v 2.550506 -0.681580 3.695840
v 2.550506 -0.681580 3.821120
v 3.787716 -0.870650 3.695840
v 3.880716 -0.981490 3.695840
v 3.861566 -0.997560 3.695840
v 3.768566 -0.886720 3.695840
v 3.842416 -1.013630 3.695840
v 3.749406 -0.902790 3.695840
v 3.935426 -1.124470 3.695840
v 3.954576 -1.108400 3.695840
v 3.973726 -1.092330 3.695840
v 3.804316 -1.046000 3.809880
v 3.919196 -0.949560 3.796560
v 3.826056 -0.838560 3.781410
v 3.711156 -0.934990 3.795040
v 3.897116 -1.156610 3.695840
v 3.897416 -1.156960 3.829120
v 3.804116 -1.045770 3.695840
v 3.711106 -0.934930 3.695840
v 3.640006 -0.616830 3.695840
v 3.640006 -0.616830 3.763530
v 3.733006 -0.727670 3.770830
v 3.733006 -0.727670 3.695840
v 3.826016 -0.838510 3.695840
v 3.076166 -0.055130 3.695840
v 3.159736 -0.122250 3.695840
v 3.141996 -0.140010 3.695840
v 3.061636 -0.072450 3.695840
v 3.124266 -0.157770 3.695840
v 3.048246 -0.088400 3.695840
v 3.197846 -0.245460 3.695840
v 3.216646 -0.228970 3.695840
v 3.235446 -0.212480 3.695840
v 3.322686 -0.316450 3.695840
v 3.303536 -0.332520 3.695840
v 3.284386 -0.348590 3.695840
v 3.377386 -0.459430 3.695840
v 3.396536 -0.443360 3.695840
v 3.415686 -0.427290 3.695840
v 3.508696 -0.538130 3.695840
v 3.489546 -0.554200 3.695840
v 3.470396 -0.570270 3.695840
v 3.563396 -0.681110 3.695840
v 3.582546 -0.665040 3.695840
v 3.601706 -0.648970 3.695840
v 3.694706 -0.759810 3.695840
v 3.675556 -0.775880 3.695840
v 3.656406 -0.791950 3.695840
v 4.264866 -1.509660 3.695840
v 4.193156 -1.427910 3.695840
v 4.211656 -1.411270 3.695840
v 4.282726 -1.492460 3.695840
v 4.231336 -1.396890 3.695840
v 4.302936 -1.479760 3.695840
v 4.154386 -1.307020 3.695840
v 4.135096 -1.322670 3.695840
v 4.116116 -1.338880 3.695840
v 4.028426 -1.235310 3.695840
v 4.047576 -1.219240 3.695840
v 4.066726 -1.203170 3.695840
v 3.088796 -0.193280 3.764590
v 3.195206 -0.086740 3.760590
v 3.246076 -0.380730 3.764240
v 3.360986 -0.284310 3.755050
v 3.273036 -0.179500 3.757020
v 3.160256 -0.278450 3.764700
v 3.432096 -0.602410 3.768870
v 3.546996 -0.505990 3.758210
v 3.453996 -0.395150 3.755250
v 3.339086 -0.491570 3.765030
v 3.618106 -0.824090 3.783750
v 3.525096 -0.713250 3.775270
v 4.249486 -1.342990 3.887810
v 4.127956 -1.431700 3.900030
v 4.172776 -1.485110 3.919400
v 4.300936 -1.404100 3.909310
v 4.105216 -1.171240 3.840150
v 3.990326 -1.267680 3.853580
v 4.071136 -1.363990 3.878730
v 4.187696 -1.269490 3.865150
v 3.160256 -0.278450 3.695840
v 3.088796 -0.193280 3.695840
v 3.339086 -0.491570 3.695840
v 3.246076 -0.380730 3.695840
v 3.525096 -0.713250 3.695840
v 3.432096 -0.602410 3.695840
v 3.618106 -0.824090 3.695840
v 4.078596 -1.372870 3.695840
v 4.157996 -1.467460 3.695840
v 4.232866 -1.556640 3.695840
v 3.990126 -1.267450 3.695840
v 4.193956 -1.276960 3.695840
v 4.274706 -1.373090 3.695840
v 4.351386 -1.464320 3.695840
v 4.012026 -1.060190 3.695840
v 4.012296 -1.060510 3.816170
v 4.105036 -1.171030 3.695840
v 3.919016 -0.949350 3.695840
v 3.273036 -0.179500 3.695840
v 3.195206 -0.086740 3.695840
v 3.453996 -0.395150 3.695840
v 3.360986 -0.284310 3.695840
v 3.546996 -0.505990 3.695840
v 3.091056 -0.037380 3.695840
v 3.024346 -0.019500 3.695840
v 2.959336 -0.039410 3.695840
v 3.024376 -0.038940 3.695840
v 2.242166 -0.854580 3.695840
v 2.348456 -0.727910 3.695840
v 2.135876 -0.981250 3.695840
v 2.318776 -0.918860 3.695840
v 2.212476 -1.045530 3.695840
v 2.425066 -0.792180 3.695840
v 2.858106 -0.120380 3.695840
v 2.768176 -0.227670 3.695840
v 2.929186 -0.191370 3.695840
v 2.843396 -0.293630 3.695840
v 3.011996 -0.101840 3.695840
v 2.667336 -0.347880 3.695840
v 2.561046 -0.474560 3.695840
v 2.743946 -0.412160 3.695840
v 2.637646 -0.538840 3.695840
v 2.454756 -0.601230 3.695840
v 2.531356 -0.665510 3.695840
v 1.719696 -1.632170 3.694280
v 1.796976 -1.540550 3.695450
v 1.637476 -1.571950 3.695980
v 1.718976 -1.477280 3.695880
v 1.893606 -1.425550 3.695840
v 1.999896 -1.298880 3.695840
v 1.816996 -1.361280 3.695840
v 1.923296 -1.234600 3.695840
v 2.106186 -1.172210 3.695840
v 2.029586 -1.107930 3.695840
v 1.587876 -1.756170 4.019040
v 4.657836 -2.011350 2.229460
v 4.676956 -2.027230 2.169240
v 4.678966 -2.050450 2.174830
v 4.659856 -2.034760 2.235090
v 4.684646 -2.072930 2.181240
v 4.665586 -2.057420 2.241560
v 4.780146 -2.146970 1.889110
v 4.774816 -2.125870 1.883090
v 4.772926 -2.104070 1.877840
v 4.665586 -1.964230 2.221290
v 4.684646 -1.980490 2.161140
v 4.678966 -2.003730 2.164670
v 4.659856 -1.987660 2.224850
v 4.774816 -2.082020 1.873550
v 4.780146 -2.060220 1.870240
v 4.646955 -2.041720 2.302000
v 4.641196 -2.018950 2.295500
v 4.639156 -1.995420 2.289840
v 4.575386 -1.939300 2.503380
v 4.577666 -1.962880 2.508340
v 4.583676 -1.985930 2.514040
v 4.693656 -2.094180 2.188280
v 4.674666 -2.078840 2.248650
v 4.705636 -2.113710 2.195740
v 4.686756 -2.098530 2.256170
v 4.799856 -2.185240 1.902710
v 4.788606 -2.166910 1.895710
v 4.686756 -1.920290 2.217410
v 4.705636 -1.936900 2.157290
v 4.693656 -1.958040 2.158670
v 4.674666 -1.941600 2.218800
v 4.788606 -2.039150 1.867930
v 4.799856 -2.019310 1.866630
v 4.641196 -1.971620 2.285210
v 4.646955 -1.948080 2.281630
v 4.582586 -1.892990 2.496180
v 4.577186 -1.915870 2.499320
v 4.668226 -2.083030 2.316680
v 4.656075 -2.063250 2.309120
v 4.593086 -2.007740 2.520290
v 4.605546 -2.027830 2.526920
v 4.720256 -2.131050 2.203430
v 4.701486 -2.116020 2.263920
v 4.737156 -2.145720 2.211150
v 4.718526 -2.130800 2.271700
v 4.829426 -2.215280 1.917170
v 4.813566 -2.201510 1.909920
v 5.273406 -2.527290 0.385930
v 5.269946 -2.513600 0.382030
v 5.268716 -2.499450 0.378630
v 4.718526 -1.883780 2.217990
v 4.737156 -1.900680 2.157860
v 4.720256 -1.917610 2.157010
v 4.701486 -1.900840 2.217130
v 4.813566 -2.001200 1.866370
v 4.829426 -1.985320 1.867170
v 4.656075 -1.925340 2.279130
v 4.668216 -1.903920 2.277730
v 4.602676 -1.850060 2.492760
v 4.591096 -1.871030 2.493990
v 5.269946 -2.485150 0.375840
v 5.273406 -2.471000 0.373690
v 4.700146 -2.115460 2.332290
v 4.683026 -2.100600 2.324470
v 4.620676 -2.045700 2.533750
v 4.638136 -2.060850 2.540610
v 4.220256 -1.624810 3.700070
v 4.223566 -1.648530 3.701960
v 4.230686 -1.672600 3.704070
v 4.755996 -2.157230 2.218700
v 4.737516 -2.142400 2.279320
v 4.776426 -2.165100 2.225890
v 4.758106 -2.150340 2.286560
v 4.866276 -2.233460 1.931000
v 4.847106 -2.226080 1.924260
v 5.286186 -2.552120 0.394760
v 5.278886 -2.540230 0.390220
v 4.758106 -1.858940 2.223200
v 4.776426 -1.876050 2.163030
v 4.755996 -1.886650 2.159860
v 4.737516 -1.869630 2.220000
v 4.847106 -1.972150 1.869040
v 4.866276 -1.962200 1.872020
v 4.683026 -1.884380 2.277450
v 4.700146 -1.867230 2.278310
v 4.634336 -1.812310 2.493270
v 4.617266 -1.830130 2.492520
v 5.278886 -2.457320 0.372190
v 5.286186 -2.444450 0.371350
v 4.224666 -1.583370 3.697060
v 4.221046 -1.602960 3.698400
v 4.739926 -2.135090 2.347220
v 4.719226 -2.127120 2.339940
v 4.657546 -2.072790 2.547320
v 4.678566 -2.081030 2.553700
v 4.241316 -1.695540 3.706420
v 4.255066 -1.716820 3.708890
v 4.798086 -2.168850 2.232510
v 4.779956 -2.154120 2.293240
v 4.820436 -2.168720 2.238470
v 4.802485 -2.153980 2.299250
v 4.907586 -2.236860 1.942810
v 4.886616 -2.236990 1.937220
v 5.305386 -2.571610 0.404140
v 5.295086 -2.562680 0.399440
v 4.802485 -1.849360 2.233010
v 4.820436 -1.866550 2.172770
v 4.798086 -1.869400 2.167400
v 4.779956 -1.852240 2.227600
v 4.886616 -1.955960 1.876110
v 4.907586 -1.953280 1.881150
v 4.719226 -1.853020 2.280340
v 4.739926 -1.842280 2.283550
v 4.673976 -1.786690 2.497860
v 4.653296 -1.797700 2.495050
v 5.295086 -2.432700 0.371180
v 5.305386 -2.422400 0.371700
v 4.229826 -1.566500 3.696160
v 4.784516 -2.138750 2.359970
v 4.761876 -2.138890 2.353930
v 4.700826 -2.085060 2.559590
v 4.723746 -2.085120 2.564890
v 4.271546 -1.735920 3.711380
v 4.290376 -1.752320 3.713790
v 4.842906 -2.164920 2.243670
v 4.825136 -2.150160 2.304490
v 4.864936 -2.157700 2.248000
v 4.847336 -2.142880 2.308860
v 4.949346 -2.226520 1.951760
v 4.928676 -2.233300 1.947690
v 5.329296 -2.583410 0.413120
v 5.316855 -2.578620 0.408740
v 4.847336 -1.854470 2.246150
v 4.864936 -1.871610 2.185800
v 4.842906 -1.867340 2.178960
v 4.825136 -1.850160 2.239260
v 4.928676 -1.954030 1.886960
v 4.949346 -1.958040 1.893380
v 4.761876 -1.835540 2.287970
v 4.784516 -1.832650 2.293410
v 4.719186 -1.776580 2.506510
v 4.696156 -1.779690 2.501740
v 5.316855 -2.413850 0.372910
v 5.329296 -2.407400 0.374840
v 4.248496 -1.531890 3.695840
v 4.829586 -2.127590 2.369630
v 4.807276 -2.134910 2.365240
v 4.746756 -2.081440 2.569510
v 4.769286 -2.074250 2.573360
v 4.311176 -1.765490 3.716020
v 4.333526 -1.774910 3.718060
v 4.885956 -2.147280 2.251370
v 4.868526 -2.132370 2.312260
v 4.905406 -2.133890 2.253680
v 4.888136 -2.118880 2.314580
v 4.987326 -2.204180 1.957080
v 4.969066 -2.216740 1.954920
v 5.356096 -2.585610 0.420780
v 5.342485 -2.585700 0.417150
v 4.888136 -1.873020 2.261120
v 4.905406 -1.890010 2.200650
v 4.885956 -1.879220 2.193090
v 4.868526 -1.862140 2.253490
v 4.969066 -1.965180 1.900220
v 4.987326 -1.975300 1.907310
v 4.807276 -1.833450 2.299690
v 4.829586 -1.837790 2.306610
v 4.765386 -1.781600 2.518090
v 4.742396 -1.777250 2.512020
v 5.342485 -2.403350 0.377500
v 5.356096 -2.401610 0.380770
v 4.870586 -2.103480 2.375370
v 4.850876 -2.117040 2.373040
v 4.790766 -2.063780 2.576350
v 4.810606 -2.050260 2.578390
v 4.357036 -1.780040 3.719850
v 4.381116 -1.781100 3.721340
v 4.922726 -2.117770 2.254810
v 4.905606 -2.102620 2.315720
v 4.937366 -2.099140 2.254690
v 4.920356 -2.083840 2.315600
v 5.017316 -2.171560 1.958030
v 5.003586 -2.189040 1.958150
v 5.383186 -2.578910 0.426590
v 5.369776 -2.583300 0.423950
v 4.920356 -1.903750 2.276440
v 4.937366 -1.920490 2.215840
v 4.922726 -1.903820 2.208290
v 4.905606 -1.886940 2.268830
v 5.003586 -1.988260 1.914490
v 5.017316 -2.003910 1.921570
v 4.850876 -1.845490 2.313990
v 4.870586 -1.856420 2.321650
v 4.808386 -1.800790 2.531280
v 4.787696 -1.789540 2.524560
v 5.369776 -2.402090 0.384540
v 5.383186 -2.404690 0.388710
v 4.326356 -1.471050 3.695840
v 4.902956 -2.068270 2.376400
v 4.888136 -2.087140 2.376530
v 4.828246 -2.033930 2.579410
v 4.843096 -2.015000 2.579290
v 4.405186 -1.778320 3.722460
v 4.428646 -1.771890 3.723220
v 4.948746 -2.078230 2.253190
v 4.931826 -2.062760 2.314090
v 4.956876 -2.055660 2.250460
v 4.940026 -2.040010 2.311340
v 5.035626 -2.130760 1.954070
v 5.027996 -2.151940 1.956630
v 5.407836 -2.564410 0.430040
v 5.395986 -2.572560 0.428640
v 4.940026 -1.944940 2.290670
v 4.956876 -1.961360 2.229960
v 4.948746 -1.939880 2.223110
v 4.931826 -1.923290 2.283760
v 5.027996 -2.022100 1.928390
v 5.035626 -2.042260 1.934820
v 4.888136 -1.870410 2.329400
v 4.902956 -1.887300 2.337040
v 4.841636 -1.832270 2.544780
v 4.826486 -1.815090 2.538070
v 5.395986 -2.409330 0.393140
v 5.407836 -2.415900 0.397750
v 4.408876 -1.469830 3.699070
v 4.382626 -1.465160 3.697560
v 4.922726 -2.024230 2.372120
v 4.914486 -2.047090 2.374880
v 4.854606 -1.993710 2.577960
v 4.862756 -1.970710 2.575540
v 4.450876 -1.762040 3.723650
v 4.471306 -1.748970 3.723710
v 4.961756 -2.032070 2.246640
v 4.944946 -2.016230 2.307490
v 4.963376 -2.008070 2.241860
v 4.946586 -1.992040 2.302660
v 5.041736 -2.086100 1.945990
v 5.040206 -2.108620 1.950480
v 5.427296 -2.543240 0.430660
v 5.418386 -2.554590 0.430740
v 4.961756 -1.984290 2.236250
v 4.944946 -1.968070 2.297010
v 5.040206 -2.063790 1.940730
v 4.914486 -1.906940 2.344410
v 4.922726 -1.928690 2.351340
v 4.861986 -1.874240 2.557320
v 4.853466 -1.852210 2.551240
v 5.418386 -2.424300 0.402410
v 5.427296 -2.434460 0.407000
v 4.460076 -1.491570 3.702880
v 4.435456 -1.478880 3.700880
v 4.929316 -1.976020 2.363400
v 4.927666 -2.000330 2.368250
v 4.867566 -1.946620 2.572140
v 4.869036 -1.922090 2.567900
v 4.489326 -1.732890 3.723380
v 4.504346 -1.714030 3.722610
v 5.439176 -2.516770 0.428090
v 5.434226 -2.530510 0.429750
v 4.927666 -1.951930 2.357720
v 4.867176 -1.897750 2.562910
v 5.434226 -2.446270 0.411430
v 5.439176 -2.459340 0.415600
v 4.496956 -1.525590 3.707150
v 4.480436 -1.507180 3.704980
v 4.515766 -1.692590 3.721400
v 4.523616 -1.669230 3.719830
v 5.443136 -2.487790 0.422850
v 5.442146 -2.502410 0.425760
v 5.442146 -2.473310 0.419430
v 4.519716 -1.569750 3.711670
v 4.510056 -1.546670 3.709400
v 4.527906 -1.644590 3.718000
v 4.528666 -1.619360 3.715980
v 4.525936 -1.594200 3.713860
v 5.363996 -2.575260 0.091190
v 5.365086 -2.587900 0.094230
v 5.357706 -2.582240 0.116220
v 5.356596 -2.569470 0.113150
v 5.360836 -2.594610 0.119750
v 5.368176 -2.600140 0.097720
v 5.357706 -2.556540 0.110630
v 5.365086 -2.562470 0.088700
v 5.368176 -2.549820 0.086780
v 5.360836 -2.543760 0.108690
v 5.373086 -2.611700 0.101550
v 5.365786 -2.606290 0.123620
v 5.372375 -2.617040 0.127720
v 5.379606 -2.622340 0.105620
v 5.373026 -2.581860 0.066150
v 5.374096 -2.594260 0.069140
v 5.370156 -2.591670 0.079500
v 5.369076 -2.579140 0.076480
v 5.373226 -2.603810 0.082960
v 5.377136 -2.606270 0.072560
v 5.365786 -2.531410 0.107330
v 5.373086 -2.537590 0.085440
v 5.379606 -2.526090 0.084690
v 5.372375 -2.519790 0.106570
v 5.370156 -2.566450 0.074010
v 5.374096 -2.569310 0.063710
v 5.377136 -2.556900 0.061830
v 5.373226 -2.553910 0.072110
v 5.380416 -2.626580 0.131950
v 5.389716 -2.634640 0.136190
v 5.387566 -2.631780 0.109800
v 5.396766 -2.639760 0.114000
v 5.381946 -2.617610 0.076320
v 5.378086 -2.615270 0.086760
v 5.384556 -2.625820 0.090780
v 5.388346 -2.628040 0.080300
v 5.377036 -2.584180 0.057350
v 5.378086 -2.596380 0.060280
v 5.381066 -2.608180 0.063650
v 5.385396 -2.609690 0.055460
v 5.382486 -2.598190 0.052180
v 5.381455 -2.586300 0.049320
v 5.396766 -2.506370 0.085000
v 5.387566 -2.515590 0.084530
v 5.380416 -2.509170 0.106420
v 5.389716 -2.499860 0.106890
v 5.378086 -2.541790 0.070780
v 5.381946 -2.544920 0.060510
v 5.388346 -2.533630 0.059770
v 5.384556 -2.530390 0.070030
v 5.378086 -2.571850 0.054950
v 5.382486 -2.574270 0.046980
v 5.385396 -2.562380 0.045180
v 5.381066 -2.559650 0.053090
v 5.400076 -2.640970 0.140350
v 5.411316 -2.645300 0.144300
v 5.407016 -2.646030 0.118110
v 5.418136 -2.650310 0.122030
v 5.392446 -2.635180 0.094930
v 5.401566 -2.643090 0.099100
v 5.396146 -2.637300 0.084410
v 5.405176 -2.645130 0.088530
v 5.385796 -2.619330 0.067340
v 5.392086 -2.629590 0.071260
v 5.396136 -2.630560 0.062880
v 5.390006 -2.620560 0.059060
v 5.418136 -2.492960 0.087810
v 5.407016 -2.498740 0.086090
v 5.400076 -2.492150 0.107990
v 5.411316 -2.486310 0.109730
v 5.405176 -2.514290 0.060080
v 5.396146 -2.523320 0.059620
v 5.392446 -2.519970 0.069880
v 5.401566 -2.510840 0.070340
v 5.385796 -2.547860 0.051800
v 5.390006 -2.550890 0.043910
v 5.396136 -2.540070 0.043210
v 5.392086 -2.536760 0.051070
v 5.429935 -2.652350 0.125630
v 5.423236 -2.647370 0.147950
v 5.435526 -2.647290 0.151230
v 5.442106 -2.652280 0.128880
v 5.411736 -2.649300 0.103180
v 5.422756 -2.653550 0.107050
v 5.415236 -2.651280 0.092560
v 5.426136 -2.655480 0.096400
v 5.399766 -2.638690 0.075290
v 5.408636 -2.646390 0.079350
v 5.403616 -2.639430 0.066820
v 5.412266 -2.646940 0.070770
v 5.386686 -2.588400 0.041340
v 5.387676 -2.599860 0.044100
v 5.390476 -2.610950 0.047260
v 5.396296 -2.611820 0.039440
v 5.393636 -2.601280 0.036440
v 5.392686 -2.590390 0.033820
v 5.423236 -2.482660 0.112130
v 5.429935 -2.489340 0.090190
v 5.442106 -2.487790 0.093110
v 5.435526 -2.481090 0.115080
v 5.426136 -2.501130 0.062840
v 5.415236 -2.506800 0.061150
v 5.411736 -2.503270 0.071420
v 5.422756 -2.497540 0.073130
v 5.408636 -2.517750 0.051370
v 5.399766 -2.526630 0.050930
v 5.403616 -2.530200 0.043060
v 5.412266 -2.521540 0.043500
v 5.390476 -2.565350 0.037350
v 5.387676 -2.576810 0.039090
v 5.393636 -2.579370 0.031670
v 5.396296 -2.568470 0.030020
v 5.454336 -2.650210 0.131710
v 5.447886 -2.645210 0.154080
v 5.459996 -2.641230 0.156470
v 5.466326 -2.646280 0.134070
v 5.437716 -2.657490 0.099940
v 5.434456 -2.655580 0.110630
v 5.446516 -2.655500 0.113850
v 5.449646 -2.657420 0.103120
v 5.418526 -2.652430 0.083310
v 5.429255 -2.656570 0.087080
v 5.421906 -2.652830 0.074630
v 5.432365 -2.656860 0.078310
v 5.394916 -2.621430 0.050730
v 5.400836 -2.631070 0.054410
v 5.406146 -2.630950 0.046240
v 5.400516 -2.621790 0.042740
v 5.447886 -2.481520 0.118490
v 5.454336 -2.488220 0.096480
v 5.466326 -2.490550 0.100200
v 5.459996 -2.483870 0.122250
v 5.434456 -2.493950 0.075490
v 5.437716 -2.497580 0.065170
v 5.449646 -2.496060 0.068040
v 5.446516 -2.492410 0.078380
v 5.429255 -2.504820 0.054090
v 5.418526 -2.510380 0.052420
v 5.421906 -2.514360 0.044520
v 5.432365 -2.508930 0.046140
v 5.400836 -2.543850 0.035450
v 5.394926 -2.554270 0.036130
v 5.400526 -2.557940 0.028860
v 5.406146 -2.548030 0.028210
v 5.471556 -2.635500 0.158320
v 5.482256 -2.628140 0.159590
v 5.477766 -2.640610 0.135900
v 5.488356 -2.633320 0.137160
v 5.461646 -2.655390 0.105900
v 5.458646 -2.653460 0.116650
v 5.470536 -2.649560 0.118990
v 5.473406 -2.651530 0.108210
v 5.440626 -2.658540 0.090560
v 5.452366 -2.658470 0.093690
v 5.454896 -2.658710 0.084750
v 5.443456 -2.658780 0.081700
v 5.408046 -2.639620 0.058210
v 5.416386 -2.646860 0.062020
v 5.420926 -2.645950 0.053470
v 5.412996 -2.639080 0.049850
v 5.410736 -2.611520 0.026350
v 5.402836 -2.612160 0.032400
v 5.400346 -2.602320 0.029600
v 5.408386 -2.602690 0.023840
v 5.399466 -2.592150 0.027150
v 5.407546 -2.593590 0.021660
v 5.488356 -2.500560 0.108290
v 5.477766 -2.494690 0.104170
v 5.471556 -2.488060 0.126260
v 5.482256 -2.493990 0.130420
v 5.458646 -2.492840 0.081730
v 5.461646 -2.496480 0.071340
v 5.473406 -2.498760 0.074990
v 5.470536 -2.495150 0.085420
v 5.440626 -2.501320 0.056380
v 5.443456 -2.505530 0.048380
v 5.454896 -2.504070 0.051130
v 5.452366 -2.499830 0.059200
v 5.416386 -2.525980 0.035730
v 5.408046 -2.534330 0.035310
v 5.412996 -2.538980 0.028080
v 5.420926 -2.531050 0.028480
v 5.400346 -2.581860 0.025150
v 5.408386 -2.584400 0.019860
v 5.402836 -2.571680 0.023600
v 5.410736 -2.575280 0.018470
v 5.491786 -2.619270 0.160210
v 5.499836 -2.609020 0.160140
v 5.497786 -2.624540 0.137770
v 5.505755 -2.614400 0.137700
v 5.481875 -2.643930 0.120810
v 5.492376 -2.636710 0.122050
v 5.484636 -2.645970 0.110010
v 5.495016 -2.638820 0.111240
v 5.464156 -2.656470 0.096420
v 5.475716 -2.652680 0.098700
v 5.477666 -2.653070 0.089630
v 5.466386 -2.656770 0.087410
v 5.425676 -2.652540 0.065740
v 5.435756 -2.656420 0.069290
v 5.439336 -2.655040 0.060380
v 5.429756 -2.651350 0.057010
v 5.419196 -2.627680 0.032090
v 5.412036 -2.630020 0.038750
v 5.406786 -2.621470 0.035480
v 5.414386 -2.619910 0.029120
v 5.505755 -2.517160 0.116560
v 5.497786 -2.508080 0.112450
v 5.491786 -2.501590 0.134620
v 5.499836 -2.510760 0.138780
v 5.495016 -2.508590 0.082920
v 5.484626 -2.502830 0.078890
v 5.481875 -2.499260 0.089350
v 5.492376 -2.505080 0.093430
v 5.464156 -2.500240 0.062450
v 5.466386 -2.504470 0.054300
v 5.477666 -2.506660 0.057790
v 5.475716 -2.502490 0.066040
v 5.435756 -2.513830 0.038280
v 5.425676 -2.519060 0.036720
v 5.429756 -2.524470 0.029420
v 5.439336 -2.519500 0.030910
v 5.406786 -2.561850 0.022520
v 5.414386 -2.566410 0.017490
v 5.412036 -2.552590 0.021910
v 5.419196 -2.558010 0.016940
v 5.511946 -2.603020 0.136890
v 5.506096 -2.597520 0.159320
v 5.510566 -2.585110 0.157820
v 5.516376 -2.590740 0.135410
v 5.501726 -2.628000 0.122670
v 5.509625 -2.617950 0.122600
v 5.504266 -2.630210 0.111850
v 5.512086 -2.620260 0.111780
v 5.486756 -2.647210 0.100470
v 5.496966 -2.640180 0.101680
v 5.488416 -2.647740 0.091350
v 5.498376 -2.640890 0.092530
v 5.446445 -2.658270 0.072550
v 5.457466 -2.658200 0.075500
v 5.459976 -2.656740 0.066280
v 5.449496 -2.656800 0.063490
v 5.431636 -2.640480 0.038250
v 5.425836 -2.644040 0.045500
v 5.418436 -2.637610 0.042120
v 5.424986 -2.634610 0.035160
v 5.417416 -2.594650 0.017670
v 5.418306 -2.602110 0.019440
v 5.420616 -2.609430 0.021490
v 5.430476 -2.605920 0.018010
v 5.427606 -2.599910 0.016370
v 5.424456 -2.595110 0.015920
v 5.506096 -2.521420 0.142770
v 5.511946 -2.527710 0.120510
v 5.516376 -2.539400 0.124240
v 5.510566 -2.533240 0.146540
v 5.512086 -2.524870 0.091040
v 5.504266 -2.515960 0.087010
v 5.501726 -2.512530 0.097560
v 5.509625 -2.521530 0.101630
v 5.496966 -2.512140 0.073830
v 5.486756 -2.506480 0.069860
v 5.488416 -2.510560 0.061520
v 5.498376 -2.516080 0.065390
v 5.457466 -2.509140 0.043080
v 5.446445 -2.510550 0.040430
v 5.449496 -2.516380 0.032950
v 5.459976 -2.515040 0.035470
v 5.418436 -2.544140 0.021790
v 5.424986 -2.550300 0.016830
v 5.425836 -2.536730 0.022170
v 5.431636 -2.543520 0.017160
v 5.420616 -2.579560 0.014990
v 5.418306 -2.587120 0.016180
v 5.427606 -2.590600 0.014340
v 5.430476 -2.584430 0.013340
v 5.519026 -2.577900 0.133330
v 5.513256 -2.572130 0.155720
v 5.514146 -2.558930 0.153090
v 5.519916 -2.564830 0.130720
v 5.518166 -2.609090 0.110980
v 5.515766 -2.606660 0.121790
v 5.520156 -2.594490 0.120320
v 5.522506 -2.597050 0.109530
v 5.506066 -2.631720 0.102270
v 5.513746 -2.621940 0.102210
v 5.507236 -2.632640 0.093120
v 5.514726 -2.623100 0.093050
v 5.468546 -2.656330 0.078060
v 5.479416 -2.652770 0.080200
v 5.480836 -2.651570 0.070750
v 5.470516 -2.654960 0.068720
v 5.446956 -2.648230 0.044110
v 5.443026 -2.652520 0.051950
v 5.434086 -2.649080 0.048810
v 5.438986 -2.645100 0.041270
v 5.424026 -2.616570 0.023830
v 5.428316 -2.623300 0.026390
v 5.437926 -2.617790 0.022210
v 5.433976 -2.611930 0.019980
v 5.513256 -2.545850 0.150000
v 5.519026 -2.551890 0.127670
v 5.515766 -2.531990 0.105560
v 5.518166 -2.535220 0.094920
v 5.522506 -2.546690 0.098580
v 5.520156 -2.543580 0.109250
v 5.513746 -2.528150 0.081810
v 5.506066 -2.519390 0.077850
v 5.507236 -2.523140 0.069310
v 5.514726 -2.531680 0.073170
v 5.479416 -2.511640 0.049510
v 5.468546 -2.509530 0.046140
v 5.470516 -2.515410 0.038370
v 5.480836 -2.517420 0.041580
v 5.434086 -2.530590 0.023040
v 5.438986 -2.537900 0.017950
v 5.443026 -2.525950 0.024430
v 5.446956 -2.533690 0.019200
v 5.428316 -2.564750 0.013660
v 5.424026 -2.572030 0.014140
v 5.433976 -2.578080 0.012620
v 5.437926 -2.571750 0.012200
v 5.525105 -2.584450 0.107490
v 5.522786 -2.581750 0.118260
v 5.523665 -2.568800 0.115680
v 5.525976 -2.571630 0.104930
v 5.519726 -2.610960 0.101420
v 5.523986 -2.599110 0.099990
v 5.524715 -2.600850 0.090890
v 5.520555 -2.612400 0.092280
v 5.489786 -2.647630 0.081860
v 5.499386 -2.641020 0.083000
v 5.499816 -2.640410 0.073410
v 5.490696 -2.646690 0.072330
v 5.464286 -2.649500 0.048960
v 5.462306 -2.654110 0.057470
v 5.452516 -2.654170 0.054850
v 5.455466 -2.649650 0.046670
v 5.433296 -2.629420 0.029110
v 5.438826 -2.634680 0.031860
v 5.446616 -2.628290 0.027200
v 5.442176 -2.623310 0.024650
v 5.522786 -2.555970 0.112650
v 5.525105 -2.558930 0.101940
v 5.519726 -2.538330 0.085630
v 5.520555 -2.541600 0.076890
v 5.524715 -2.552590 0.080390
v 5.523986 -2.549600 0.089220
v 5.499386 -2.520710 0.056840
v 5.489786 -2.515390 0.053110
v 5.490696 -2.520990 0.045000
v 5.499816 -2.526040 0.048540
v 5.452516 -2.523030 0.026340
v 5.455466 -2.531140 0.020900
v 5.462306 -2.521790 0.028690
v 5.464286 -2.530130 0.023010
v 5.438826 -2.551880 0.013860
v 5.433296 -2.557940 0.013560
v 5.442176 -2.565610 0.012110
v 5.446616 -2.559900 0.012330
v 5.526556 -2.586730 0.097980
v 5.527406 -2.574130 0.095470
v 5.528046 -2.576500 0.086490
v 5.527216 -2.588780 0.088930
v 5.507926 -2.633070 0.083560
v 5.515146 -2.623880 0.083490
v 5.514806 -2.624110 0.073880
v 5.507946 -2.632850 0.073940
v 5.481966 -2.645010 0.052680
v 5.481786 -2.649280 0.061640
v 5.472146 -2.652440 0.059740
v 5.473196 -2.647920 0.050980
v 5.444786 -2.638820 0.034520
v 5.451246 -2.641540 0.036930
v 5.454096 -2.636200 0.032800
v 5.451136 -2.632530 0.029770
v 5.526556 -2.561640 0.092530
v 5.527216 -2.564330 0.083620
v 5.515146 -2.535750 0.064330
v 5.507926 -2.527520 0.060610
v 5.507946 -2.532520 0.052130
v 5.514806 -2.540340 0.055670
v 5.472146 -2.522130 0.031400
v 5.473196 -2.530540 0.025450
v 5.481786 -2.524000 0.034400
v 5.481966 -2.532280 0.028170
v 5.451246 -2.543230 0.015550
v 5.444786 -2.546860 0.014520
v 5.451136 -2.554840 0.012870
v 5.454096 -2.550060 0.014070
v 5.520766 -2.613560 0.082760
v 5.524776 -2.602430 0.081410
v 5.523956 -2.603720 0.071900
v 5.520145 -2.614300 0.073180
v 5.498096 -2.635640 0.055010
v 5.499506 -2.638860 0.064120
v 5.490996 -2.644720 0.063110
v 5.490346 -2.640890 0.054050
v 5.524776 -2.555910 0.071300
v 5.520766 -2.545310 0.067920
v 5.520145 -2.549430 0.059080
v 5.523956 -2.559500 0.062290
v 5.490996 -2.527340 0.037590
v 5.490346 -2.535280 0.031080
v 5.499506 -2.532060 0.040900
v 5.498096 -2.539470 0.034100
v 5.465735 -2.540850 0.018670
v 5.458296 -2.541330 0.016940
v 5.459526 -2.551400 0.014370
v 5.465976 -2.551960 0.015800
v 5.527176 -2.590790 0.079530
v 5.527986 -2.578960 0.077170
v 5.527006 -2.581410 0.067870
v 5.526246 -2.592660 0.070110
v 5.510736 -2.622090 0.055520
v 5.513506 -2.623640 0.064570
v 5.507096 -2.631800 0.064620
v 5.504976 -2.629360 0.055530
v 5.465735 -2.642110 0.040690
v 5.473426 -2.640500 0.042270
v 5.481076 -2.637870 0.043700
v 5.479406 -2.629240 0.035820
v 5.472676 -2.631730 0.034660
v 5.465976 -2.633640 0.033560
v 5.527176 -2.567220 0.074400
v 5.526246 -2.570260 0.065240
v 5.507096 -2.538110 0.044250
v 5.504976 -2.544810 0.037150
v 5.513506 -2.545410 0.047550
v 5.510736 -2.551300 0.040120
v 5.481076 -2.543130 0.023100
v 5.473416 -2.541490 0.020750
v 5.472676 -2.553110 0.017560
v 5.479406 -2.554750 0.019620
v 5.518276 -2.604970 0.053750
v 5.522046 -2.604600 0.062720
v 5.518486 -2.614480 0.063910
v 5.515156 -2.613880 0.054900
v 5.488426 -2.634350 0.044960
v 5.495206 -2.630030 0.045960
v 5.492085 -2.622930 0.038230
v 5.485946 -2.626290 0.037030
v 5.433805 -2.595450 0.014620
v 5.438306 -2.600980 0.016120
v 5.444626 -2.595300 0.015200
v 5.438306 -2.589770 0.013680
v 5.442526 -2.606510 0.017960
v 5.446546 -2.612030 0.020090
v 5.454366 -2.606230 0.019320
v 5.449906 -2.600700 0.017100
v 5.450456 -2.617510 0.022470
v 5.454196 -2.623000 0.025160
v 5.461446 -2.618610 0.024780
v 5.458166 -2.612150 0.021810
v 5.457685 -2.628560 0.028220
v 5.459526 -2.634850 0.032520
v 5.464296 -2.625790 0.028480
v 5.518486 -2.553900 0.050740
v 5.515156 -2.558930 0.042950
v 5.522046 -2.563300 0.053740
v 5.518276 -2.567440 0.045590
v 5.495206 -2.548990 0.028340
v 5.488426 -2.545630 0.025670
v 5.485946 -2.556780 0.021920
v 5.492085 -2.559170 0.024370
v 5.520756 -2.586050 0.050260
v 5.524896 -2.583760 0.058950
v 5.524186 -2.594270 0.061040
v 5.520136 -2.595610 0.052190
v 5.501146 -2.624980 0.046620
v 5.505986 -2.619110 0.046730
v 5.502056 -2.616540 0.041380
v 5.497606 -2.619240 0.039330
v 5.524186 -2.573350 0.056490
v 5.520136 -2.576570 0.048050
v 5.505986 -2.558350 0.033520
v 5.501146 -2.553160 0.031000
v 5.497606 -2.561910 0.026870
v 5.502056 -2.563300 0.029810
v 5.454366 -2.583490 0.014380
v 5.449906 -2.589530 0.014670
v 5.442526 -2.583920 0.013050
v 5.446546 -2.577940 0.012680
v 5.509496 -2.612300 0.046100
v 5.511836 -2.604750 0.044920
v 5.504056 -2.604750 0.037480
v 5.502786 -2.611360 0.039010
v 5.468236 -2.614930 0.025110
v 5.470816 -2.623130 0.029150
v 5.477256 -2.620510 0.030170
v 5.474855 -2.611890 0.026050
v 5.456326 -2.594890 0.016750
v 5.461546 -2.600630 0.019180
v 5.469496 -2.594150 0.019560
v 5.461546 -2.588570 0.016550
v 5.465326 -2.607370 0.021870
v 5.472416 -2.603630 0.022740
v 5.511836 -2.572040 0.037810
v 5.509496 -2.564730 0.035750
v 5.502786 -2.569100 0.029820
v 5.504056 -2.575760 0.031180
v 5.454196 -2.565630 0.012690
v 5.450456 -2.571870 0.012550
v 5.458166 -2.576980 0.014160
v 5.461446 -2.569740 0.014150
v 5.513226 -2.596660 0.043410
v 5.513676 -2.588320 0.041660
v 5.505036 -2.590280 0.034220
v 5.504796 -2.597640 0.035860
v 5.481596 -2.609450 0.027500
v 5.483645 -2.617870 0.031450
v 5.489996 -2.615250 0.033070
v 5.488656 -2.607460 0.029650
v 5.513226 -2.580010 0.039790
v 5.504796 -2.582900 0.032650
v 5.457685 -2.559150 0.013120
v 5.464296 -2.561490 0.014490
v 5.468236 -2.572860 0.015960
v 5.465326 -2.581210 0.016180
v 5.472416 -2.584110 0.018500
v 5.474855 -2.575090 0.018040
v 5.496236 -2.605770 0.032680
v 5.496325 -2.612720 0.035130
v 5.479126 -2.593420 0.022320
v 5.479896 -2.601400 0.024480
v 5.487816 -2.600000 0.027110
v 5.487515 -2.592650 0.025260
v 5.470816 -2.563530 0.016190
v 5.477256 -2.565360 0.018180
v 5.481596 -2.576550 0.020340
v 5.479896 -2.585230 0.020960
v 5.487816 -2.585170 0.023880
v 5.488656 -2.577250 0.023080
v 5.496226 -2.598750 0.030660
v 5.496236 -2.591660 0.028990
v 5.483645 -2.567070 0.020400
v 5.489996 -2.568590 0.022930
v 5.496226 -2.584510 0.027570
v 5.496236 -2.577240 0.026480
v 5.496325 -2.569820 0.025800
v 4.149616 -1.583170 3.952890
v 4.148576 -1.560350 3.943490
v 4.154366 -1.605190 3.963260
v 4.151706 -1.537340 3.934760
v 4.157606 -1.516370 3.927600
v 4.162326 -1.625820 3.974890
v 4.173286 -1.644690 3.987090
v 4.164856 -1.499670 3.922890
v 4.187006 -1.661400 3.999180
v 4.203236 -1.675530 4.010600
v 4.221716 -1.686690 4.020820
v 4.242046 -1.694340 4.029760
v 4.263856 -1.697970 4.037380
v 4.286636 -1.697870 4.043230
v 4.309926 -1.694370 4.046900
v 4.333046 -1.687600 4.048620
v 4.326576 -1.407330 3.913470
v 4.350996 -1.412080 3.918600
v 4.355336 -1.677750 4.048640
v 4.376246 -1.665040 4.046790
v 4.372976 -1.419880 3.925680
v 4.392556 -1.430680 3.934030
v 4.395216 -1.649740 4.042920
v 4.411666 -1.632060 4.036940
v 4.409826 -1.444410 3.943000
v 4.424096 -1.460830 3.952730
v 4.425016 -1.612240 4.028780
v 4.435166 -1.590810 4.019010
v 4.434706 -1.479680 3.963370
v 4.441746 -1.500440 3.974500
v 4.441976 -1.568320 4.008200
v 4.445386 -1.545360 3.996910
v 4.445306 -1.522530 3.985680
v 3.823266 -1.029700 3.695840
v 3.730256 -0.918860 3.695840
v 3.916266 -1.140540 3.695840
v 3.899866 -0.965420 3.695840
v 3.992876 -1.076260 3.695840
v 3.806866 -0.854580 3.695840
v 3.106526 -0.175530 3.695840
v 3.037186 -0.101580 3.695840
v 3.179056 -0.261960 3.695840
v 3.177466 -0.104490 3.695840
v 3.254236 -0.195990 3.695840
v 3.265226 -0.364660 3.695840
v 3.358236 -0.475500 3.695840
v 3.341836 -0.300380 3.695840
v 3.434846 -0.411220 3.695840
v 3.451246 -0.586340 3.695840
v 3.544246 -0.697180 3.695840
v 3.527846 -0.522060 3.695840
v 3.620856 -0.632900 3.695840
v 3.637256 -0.808020 3.695840
v 3.713856 -0.743740 3.695840
v 4.252616 -1.384490 3.695840
v 4.174066 -1.291870 3.695840
v 4.175386 -1.447060 3.695840
v 4.097306 -1.355720 3.695840
v 4.085876 -1.187100 3.695840
v 4.009276 -1.251380 3.695840
v 4.300066 -1.561640 3.978150
v 5.458296 -2.642550 0.038950
v 3.024446 -0.076190 3.695840
v 3.024466 -0.090770 3.695840
v 3.024416 -0.058370 3.695840
vn 0.9828 0.0319 -0.1818
vn 0.9718 0.1921 -0.1366
vn 0.9844 0.0304 -0.1731
vn 0.9817 0.0329 -0.1875
vn 0.9702 0.1938 -0.1453
vn 0.9344 0.3392 -0.1084
vn 0.9692 0.1948 -0.1510
vn 0.9334 0.3401 -0.1141
vn 0.9359 0.3378 -0.0997
vn 0.9732 0.1908 -0.1284
vn 0.9859 0.0290 -0.1649
vn 0.9373 0.3362 -0.0915
vn 0.9382 0.3353 -0.0861
vn 0.9741 0.1898 -0.1231
vn 0.9681 -0.1303 -0.2138
vn 0.9698 -0.1318 -0.2052
vn 0.9307 -0.2770 -0.2387
vn 0.9296 -0.2758 -0.2443
vn 0.9670 -0.1293 -0.2195
vn 0.8813 0.4683 -0.0629
vn 0.8800 0.4696 -0.0716
vn 0.8085 0.5874 -0.0348
vn 0.8790 0.4705 -0.0774
vn 0.8077 0.5882 -0.0406
vn 0.8099 0.5859 -0.0260
vn 0.9868 0.0280 -0.1596
vn 0.9713 -0.1333 -0.1970
vn 0.9340 -0.2800 -0.2220
vn 0.9724 -0.1332 -0.1915
vn 0.9356 -0.2788 -0.2165
vn 0.9324 -0.2788 -0.2301
vn 0.8827 0.4667 -0.0547
vn 0.8112 0.5846 -0.0178
vn 0.8121 0.5834 -0.0124
vn 0.8836 0.4657 -0.0493
vn 0.8752 -0.4094 -0.2576
vn 0.8769 -0.4111 -0.2491
vn 0.8034 -0.5299 -0.2714
vn 0.8023 -0.5288 -0.2770
vn 0.8740 -0.4083 -0.2633
vn 0.9816 0.0331 -0.1882
vn 0.9690 0.1949 -0.1517
vn 0.9333 0.3401 -0.1148
vn 0.6112 0.7899 0.0502
vn 0.7194 0.6946 0.0026
vn 0.6098 0.7915 0.0412
vn 0.7209 0.6929 0.0115
vn 0.7186 0.6955 -0.0032
vn 0.9742 0.1898 -0.1222
vn 0.9869 0.0279 -0.1587
vn 0.9383 0.3352 -0.0853
vn 0.8784 -0.4127 -0.2409
vn 0.8065 -0.5337 -0.2542
vn 0.8799 -0.4128 -0.2354
vn 0.8088 -0.5330 -0.2484
vn 0.8051 -0.5317 -0.2628
vn 0.6125 0.7883 0.0586
vn 0.6132 0.7873 0.0641
vn 0.7220 0.6916 0.0198
vn 0.7228 0.6906 0.0253
vn 0.9669 -0.1292 -0.2202
vn 0.9295 -0.2757 -0.2450
vn 0.6056 -0.7433 -0.2842
vn 0.7161 -0.6429 -0.2717
vn 0.6073 -0.7452 -0.2755
vn 0.6045 -0.7420 -0.2899
vn 0.7144 -0.6411 -0.2804
vn 0.7135 -0.6396 -0.2860
vn 0.8789 0.4705 -0.0781
vn 0.8076 0.5883 -0.0413
vn 0.3154 0.9399 0.1311
vn 0.4758 0.8758 0.0813
vn 0.3140 0.9415 0.1221
vn 0.4769 0.8743 0.0903
vn 0.6088 0.7925 0.0355
vn 0.4748 0.8768 0.0754
vn 0.9740 -0.1248 -0.1891
vn 0.9419 -0.2599 -0.2128
vn 0.8836 0.4658 -0.0484
vn 0.8121 0.5834 -0.0115
vn 0.7178 -0.6449 -0.2626
vn 0.6090 -0.7471 -0.2663
vn 0.7238 -0.6406 -0.2564
vn 0.3166 0.9382 0.1397
vn 0.3173 0.9371 0.1453
vn 0.4782 0.8727 0.0989
vn 0.4790 0.8716 0.1044
vn 0.8739 -0.4082 -0.2640
vn 0.8021 -0.5287 -0.2777
vn 0.3122 -0.9104 -0.2713
vn 0.4742 -0.8370 -0.2730
vn 0.3138 -0.9125 -0.2624
vn 0.3112 -0.9090 -0.2771
vn 0.4726 -0.8350 -0.2818
vn 0.4715 -0.8337 -0.2875
vn 0.7183 0.6958 -0.0039
vn 0.6087 0.7926 0.0347
vn 0.1422 0.9755 0.1676
vn 0.3131 0.9426 0.1161
vn 0.1407 0.9773 0.1585
vn -0.0238 0.9821 0.1870
vn 0.1397 0.9784 0.1526
vn -0.0246 0.9831 0.1812
vn -0.0223 0.9803 0.1961
vn 0.8996 -0.3715 -0.2297
vn 0.8458 -0.4753 -0.2423
vn 0.6133 0.7872 0.0650
vn 0.7230 0.6903 0.0261
vn 0.4758 -0.8390 -0.2640
vn 0.3153 -0.9145 -0.2536
vn 0.6172 -0.7425 -0.2602
vn 0.4826 -0.8369 -0.2583
vn 0.1431 0.9739 0.1760
vn -0.0209 0.9786 0.2046
vn -0.0201 0.9775 0.2101
vn 0.1443 0.9727 0.1817
vn 0.6043 -0.7419 -0.2906
vn 0.7132 -0.6397 -0.2867
vn 0.1416 -0.9595 -0.2437
vn -0.0223 -0.9753 -0.2197
vn 0.1402 -0.9574 -0.2526
vn 0.1392 -0.9559 -0.2585
vn -0.0237 -0.9732 -0.2286
vn -0.0247 -0.9718 -0.2345
vn 0.4750 0.8768 0.0746
vn 0.3131 0.9427 0.1153
vn -0.1757 0.9601 0.2174
vn -0.1770 0.9619 0.2084
vn -0.3199 0.9205 0.2241
vn -0.1779 0.9630 0.2026
vn -0.3209 0.9217 0.2178
vn -0.3187 0.9189 0.2326
vn 0.7427 -0.6194 -0.2546
vn 0.6582 -0.7067 -0.2594
vn 0.3175 0.9369 0.1462
vn 0.4791 0.8714 0.1053
vn 0.1430 -0.9615 -0.2348
vn 0.1412 -0.9632 -0.2285
vn -0.0202 -0.9786 -0.2049
vn -0.0209 -0.9773 -0.2108
vn -0.1742 0.9585 0.2259
vn -0.3174 0.9172 0.2410
vn -0.3165 0.9160 0.2465
vn -0.1734 0.9573 0.2314
vn 0.3111 -0.9088 -0.2779
vn 0.4716 -0.8334 -0.2883
vn -0.1757 -0.9655 -0.1920
vn -0.3197 -0.9337 -0.1612
vn -0.1771 -0.9635 -0.2009
vn -0.1779 -0.9621 -0.2067
vn -0.3207 -0.9318 -0.1701
vn -0.3216 -0.9304 -0.1759
vn 0.1395 0.9785 0.1522
vn -0.0247 0.9833 0.1804
vn -0.4537 0.8577 0.2421
vn -0.5831 0.7770 0.2372
vn -0.5816 0.7754 0.2460
vn -0.4551 0.8594 0.2333
vn -0.5840 0.7781 0.2314
vn -0.4559 0.8605 0.2274
vn 0.3174 -0.9153 -0.2478
vn 0.5173 -0.8156 -0.2592
vn 0.3243 -0.9129 -0.2477
vn 0.1443 0.9725 0.1826
vn -0.0200 0.9773 0.2110
vn -0.1745 -0.9674 -0.1834
vn -0.1697 -0.9693 -0.1781
vn -0.3148 -0.9376 -0.1477
vn -0.3183 -0.9356 -0.1527
vn -0.4524 0.8559 0.2505
vn -0.5803 0.7737 0.2544
vn -0.4515 0.8548 0.2560
vn 0.1390 -0.9558 -0.2592
vn -0.5843 -0.8065 -0.0900
vn -0.4567 -0.8791 -0.1362
vn -0.4555 -0.8811 -0.1273
vn -0.5855 -0.8047 -0.0989
vn -0.4573 -0.8779 -0.1421
vn -0.1779 0.9631 0.2019
vn -0.3213 0.9217 0.2171
vn -0.7017 0.6696 0.2436
vn -0.8117 0.5391 0.2249
vn -0.8103 0.5373 0.2337
vn -0.7031 0.6713 0.2347
vn -0.7041 0.6722 0.2290
vn -0.8126 0.5400 0.2191
vn 0.1457 -0.9626 -0.2282
vn -0.0535 -0.9786 -0.1987
vn -0.1731 0.9571 0.2323
vn -0.3164 0.9158 0.2474
vn -0.5832 -0.8082 -0.0816
vn -0.4542 -0.8829 -0.1190
vn -0.4529 -0.8843 -0.1135
vn -0.5825 -0.8093 -0.0760
vn -0.7002 0.6680 0.2519
vn -0.8089 0.5358 0.2419
vn -0.6993 0.6669 0.2574
vn -0.5793 0.7726 0.2598
vn -0.0246 -0.9716 -0.2352
vn -0.1780 -0.9619 -0.2075
vn -0.8141 -0.5806 -0.0035
vn -0.7063 -0.7056 -0.0576
vn -0.7052 -0.7073 -0.0487
vn -0.8152 -0.5790 -0.0123
vn -0.7071 -0.7043 -0.0634
vn -0.5860 -0.8034 -0.1050
vn -0.5840 0.7783 0.2306
vn -0.4563 0.8605 0.2267
vn -0.8956 0.3931 0.2081
vn -0.8942 0.3915 0.2168
vn -0.8965 0.3941 0.2023
vn -0.9508 0.2513 0.1813
vn -0.9499 0.2503 0.1870
vn -0.1659 -0.9699 -0.1783
vn -0.2946 -0.9436 -0.1513
vn -0.5790 0.7725 0.2607
vn -0.4514 0.8546 0.2569
vn -0.8131 -0.5821 0.0049
vn -0.7041 -0.7089 -0.0403
vn -0.7033 -0.7100 -0.0348
vn -0.8123 -0.5832 0.0104
vn -0.9486 0.2488 0.1956
vn -0.8929 0.3900 0.2250
vn -0.8919 0.3891 0.2304
vn -0.9473 0.2473 0.2038
vn -0.9464 0.2463 0.2091
vn -0.8079 0.5349 0.2474
vn -0.4574 -0.8777 -0.1428
vn -0.3218 -0.9302 -0.1766
vn -0.8978 -0.4385 0.0409
vn -0.9513 -0.2979 0.0798
vn -0.8990 -0.4369 0.0321
vn -0.8997 -0.4358 0.0263
vn -0.9524 -0.2963 0.0711
vn -0.9532 -0.2953 0.0654
vn -0.8160 -0.5777 -0.0181
vn -0.8127 0.5402 0.2184
vn -0.7041 0.6724 0.2283
vn -0.9803 0.1117 0.1627
vn -0.9790 0.1103 0.1713
vn -0.9811 0.1129 0.1570
vn -0.9913 -0.0228 0.1299
vn -0.9905 -0.0238 0.1356
vn 0.9869 0.0292 -0.1584
vn 0.9739 0.1918 -0.1216
vn -0.5823 -0.8095 -0.0752
vn -0.4482 -0.8866 -0.1139
vn -0.6991 0.6668 0.2582
vn -0.8967 -0.4400 0.0491
vn -0.8959 -0.4409 0.0546
vn -0.9493 -0.3003 0.0934
vn -0.9501 -0.2993 0.0880
vn -0.9892 -0.0253 0.1442
vn -0.9777 0.1088 0.1795
vn -0.9768 0.1079 0.1848
vn -0.9880 -0.0267 0.1523
vn -0.9871 -0.0277 0.1577
vn -0.7071 -0.7042 -0.0641
vn -0.5861 -0.8033 -0.1054
vn -0.9804 -0.1605 0.1140
vn -0.9817 -0.1589 0.1053
vn -0.9824 -0.1581 0.0996
vn -0.8965 0.3945 0.2017
vn -0.9509 0.2514 0.1806
vn 0.8836 0.4657 -0.0483
vn 0.9378 0.3366 -0.0848
vn 0.8125 0.5829 -0.0116
vn -0.8122 -0.5833 0.0113
vn -0.7033 -0.7101 -0.0338
vn -0.8078 0.5346 0.2483
vn -0.8918 0.3889 0.2313
vn -0.9792 -0.1619 0.1221
vn -0.9784 -0.1629 0.1275
vn -0.8161 -0.5776 -0.0188
vn -0.8997 -0.4358 0.0255
vn -0.9813 0.1127 0.1563
vn -0.9914 -0.0227 0.1292
vn -0.8957 -0.4412 0.0554
vn -0.9491 -0.3004 0.0943
vn -0.9462 0.2462 0.2100
vn -0.9767 0.1077 0.1857
vn -0.9532 -0.2952 0.0646
vn -0.9825 -0.1576 0.0990
vn -0.9782 -0.1631 0.1283
vn -0.9870 -0.0280 0.1585
vn 0.9811 0.0335 -0.1908
vn 0.9798 0.0346 -0.1968
vn 0.9685 0.1955 -0.1542
vn 0.9328 0.3407 -0.1173
vn 0.9673 0.1963 -0.1604
vn 0.9316 0.3418 -0.1235
vn 0.1499 0.9719 0.1816
vn 0.3216 0.9357 0.1453
vn -0.0139 0.9776 0.2102
vn 0.9651 -0.1275 -0.2288
vn 0.9663 -0.1289 -0.2227
vn 0.9289 -0.2754 -0.2476
vn 0.9276 -0.2744 -0.2536
vn 0.9757 0.0380 -0.2159
vn 0.9644 0.0458 -0.2604
vn 0.9633 0.1997 -0.1794
vn 0.9277 0.3449 -0.1428
vn 0.9523 0.2069 -0.2242
vn 0.9173 0.3514 -0.1874
vn 0.8783 0.4712 -0.0807
vn 0.8069 0.5890 -0.0439
vn 0.8772 0.4722 -0.0868
vn 0.8062 0.5896 -0.0500
vn -0.1670 0.9584 0.2316
vn -0.3103 0.9180 0.2469
vn 0.9495 -0.1154 -0.2918
vn 0.9608 -0.1240 -0.2478
vn 0.9233 -0.2705 -0.2726
vn 0.9122 -0.2610 -0.3160
vn 0.8721 -0.4064 -0.2726
vn 0.8735 -0.4073 -0.2665
vn 0.8015 -0.5282 -0.2802
vn 0.8004 -0.5267 -0.2863
vn 0.9441 0.0572 -0.3247
vn 0.9166 0.0691 -0.3937
vn 0.9325 0.2164 -0.2891
vn 0.8982 0.3597 -0.2529
vn 0.9057 0.2257 -0.3589
vn 0.8721 0.3669 -0.3237
vn 0.8736 0.4750 -0.1061
vn 0.8024 0.5927 -0.0697
vn 0.8634 0.4812 -0.1513
vn 0.7925 0.5989 -0.1153
vn 0.6084 0.7930 0.0321
vn 0.7170 0.6969 -0.0128
vn 0.6071 0.7942 0.0257
vn 0.7182 0.6958 -0.0064
vn 0.9291 -0.1025 -0.3553
vn 0.8918 -0.2465 -0.3795
vn 0.8646 -0.2288 -0.4473
vn 0.9015 -0.0874 -0.4238
vn 0.8566 -0.3925 -0.3349
vn 0.8679 -0.4023 -0.2913
vn 0.7961 -0.5224 -0.3054
vn 0.7851 -0.5118 -0.3489
vn 0.6039 -0.7412 -0.2932
vn 0.6026 -0.7398 -0.2993
vn 0.7127 -0.6391 -0.2892
vn 0.7114 -0.6377 -0.2953
vn 0.8451 0.4885 -0.2172
vn 0.7753 0.6049 -0.1817
vn 0.8202 0.4938 -0.2888
vn 0.7514 0.6088 -0.2546
vn 0.6039 0.7970 0.0058
vn 0.7042 0.7057 -0.0784
vn 0.5949 0.8027 -0.0407
vn 0.7133 0.7001 -0.0327
vn 0.3126 0.9432 0.1126
vn 0.4731 0.8786 0.0656
vn 0.3115 0.9443 0.1061
vn 0.4743 0.8774 0.0720
vn -0.5794 -0.8115 -0.0760
vn -0.4427 -0.8892 -0.1152
vn 0.8369 -0.3762 -0.3976
vn 0.7658 -0.4939 -0.4118
vn 0.7404 -0.4722 -0.4785
vn 0.8103 -0.3564 -0.4651
vn 0.5985 -0.7351 -0.3186
vn 0.5882 -0.7228 -0.3627
vn 0.7071 -0.6335 -0.3142
vn 0.6965 -0.6218 -0.3581
vn 0.3107 -0.9082 -0.2804
vn 0.3095 -0.9067 -0.2866
vn 0.4708 -0.8329 -0.2908
vn 0.4697 -0.8313 -0.2971
vn 0.8695 0.2348 -0.4346
vn 0.8370 0.3726 -0.4007
vn 0.8799 0.0823 -0.4680
vn 0.8241 0.0981 -0.5579
vn 0.8145 0.2440 -0.5263
vn 0.6876 0.7112 -0.1461
vn 0.5792 0.8078 -0.1094
vn 0.6652 0.7134 -0.2202
vn 0.3084 0.9474 0.0860
vn 0.4612 0.8873 -0.0016
vn 0.3005 0.9530 0.0385
vn 0.4697 0.8817 0.0455
vn 0.1391 0.9790 0.1491
vn -0.0251 0.9838 0.1777
vn 0.1384 0.9800 0.1427
vn -0.0261 0.9849 0.1714
vn -0.8103 -0.5860 0.0105
vn -0.7008 -0.7125 -0.0347
vn -0.8897 0.3933 0.2319
vn -0.8043 0.5396 0.2488
vn -0.9453 0.2491 0.2105
vn 0.8648 -0.0705 -0.4972
vn 0.8289 -0.2081 -0.5192
vn 0.7750 -0.1795 -0.6059
vn 0.8097 -0.0477 -0.5849
vn 0.5707 -0.7021 -0.4259
vn 0.5483 -0.6752 -0.4935
vn 0.6780 -0.6026 -0.4211
vn 0.6539 -0.5775 -0.4887
vn 0.3059 -0.9014 -0.3065
vn 0.2971 -0.8879 -0.3512
vn 0.4659 -0.8262 -0.3166
vn 0.4561 -0.8135 -0.3608
vn 0.1387 -0.9551 -0.2618
vn 0.1375 -0.9535 -0.2681
vn -0.0251 -0.9710 -0.2378
vn 0.7866 0.4965 -0.3671
vn 0.7197 0.6086 -0.3340
vn 0.7838 0.3759 -0.4942
vn 0.7358 0.4945 -0.4627
vn 0.4469 0.8917 -0.0712
vn 0.2873 0.9573 -0.0323
vn 0.5585 0.8086 -0.1849
vn 0.4282 0.8915 -0.1480
vn 0.1355 0.9832 0.1225
vn -0.0290 0.9881 0.1511
vn 0.1277 0.9890 0.0747
vn -0.0359 0.9940 0.1034
vn -0.1785 0.9636 0.1991
vn -0.3215 0.9223 0.2145
vn -0.1789 0.9648 0.1927
vn -0.3224 0.9234 0.2082
vn -0.9765 0.1093 0.1860
vn 0.7758 -0.3318 -0.5367
vn 0.7075 -0.4439 -0.5500
vn 0.6584 -0.4045 -0.6347
vn 0.7241 -0.2978 -0.6221
vn 0.2830 -0.8645 -0.4154
vn 0.2656 -0.8334 -0.4846
vn 0.4402 -0.7910 -0.4249
vn 0.4200 -0.7621 -0.4928
vn 0.1342 -0.9483 -0.2878
vn 0.1266 -0.9345 -0.3327
vn -0.0259 -0.9694 -0.2441
vn -0.0289 -0.9641 -0.2638
vn -0.1784 -0.9613 -0.2101
vn -0.1790 -0.9598 -0.2163
vn -0.3220 -0.9296 -0.1792
vn 0.6354 0.7110 -0.3012
vn 0.5315 0.8036 -0.2676
vn 0.6715 0.6021 -0.4319
vn 0.5908 0.7000 -0.4012
vn 0.5796 0.1401 -0.8027
vn 0.7203 0.2530 -0.6458
vn 0.7296 0.1180 -0.6736
vn 0.5683 0.2574 -0.7815
vn 0.6901 0.3736 -0.6198
vn 0.2708 0.9563 -0.1105
vn 0.1161 0.9932 0.0036
vn -0.0464 0.9984 0.0326
vn 0.1026 0.9919 -0.0751
vn -0.0575 0.9973 -0.0465
vn -0.1822 0.9680 0.1724
vn -0.3257 0.9267 0.1876
vn -0.1890 0.9740 0.1252
vn -0.3316 0.9328 0.1410
vn -0.5855 0.7798 0.2218
vn -0.4565 0.8610 0.2241
vn -0.4577 0.8620 0.2177
vn -0.5845 0.7787 0.2280
vn 0.6229 -0.5469 -0.5594
vn 0.5200 -0.6406 -0.5649
vn 0.4787 -0.5910 -0.6493
vn 0.5775 -0.5018 -0.6440
vn 0.5290 -0.0729 -0.8455
vn 0.7147 -0.0156 -0.6992
vn 0.6806 -0.1345 -0.7202
vn 0.5635 0.0248 -0.8257
vn -0.0359 -0.9504 -0.3089
vn 0.1143 -0.9103 -0.3978
vn 0.1005 -0.8785 -0.4670
vn -0.0458 -0.9263 -0.3741
vn -0.0564 -0.8944 -0.4437
vn -0.1820 -0.9545 -0.2363
vn -0.1878 -0.9411 -0.2811
vn -0.3228 -0.9281 -0.1856
vn -0.3251 -0.9231 -0.2053
vn -0.4576 -0.8772 -0.1454
vn -0.5866 -0.8027 -0.1080
vn -0.4585 -0.8757 -0.1517
vn 0.4042 0.8846 -0.2326
vn 0.2505 0.9480 -0.1963
vn 0.4911 0.7885 -0.3702
vn 0.3688 0.8658 -0.3381
vn 0.5364 0.3591 -0.7638
vn 0.6440 0.4817 -0.5943
vn 0.4931 0.4464 -0.7467
vn 0.5848 0.5789 -0.5683
vn -0.1980 0.9787 0.0546
vn -0.3397 0.9379 0.0702
vn -0.2070 0.9780 -0.0241
vn -0.3464 0.9381 -0.0085
vn -0.5938 0.7896 0.1547
vn -0.4604 0.8655 0.1976
vn -0.4663 0.8717 0.1509
vn -0.5882 0.7831 0.2017
vn -0.8141 0.5417 0.2094
vn -0.7045 0.6729 0.2256
vn -0.7054 0.6741 0.2193
vn -0.8130 0.5408 0.2158
vn 0.3946 -0.7248 -0.5647
vn 0.2446 -0.7937 -0.5570
vn 0.2155 -0.7352 -0.6427
vn 0.3586 -0.6702 -0.6498
vn 0.4346 -0.2333 -0.8699
vn 0.6327 -0.2407 -0.7360
vn 0.5722 -0.3371 -0.7476
vn 0.4854 -0.1572 -0.8600
vn -0.3309 -0.9099 -0.2503
vn -0.1961 -0.9173 -0.3466
vn -0.2040 -0.8857 -0.4171
vn -0.3371 -0.8867 -0.3166
vn -0.3418 -0.8564 -0.3869
vn -0.5873 -0.8012 -0.1146
vn -0.4609 -0.8707 -0.1716
vn -0.5896 -0.7965 -0.1341
vn -0.4654 -0.8581 -0.2169
vn -0.7075 -0.7036 -0.0668
vn -0.8162 -0.5773 -0.0215
vn -0.7081 -0.7024 -0.0730
vn 0.0865 0.9830 -0.1622
vn -0.0693 0.9885 -0.1342
vn 0.2219 0.9266 -0.3037
vn 0.0649 0.9602 -0.2718
vn 0.3864 0.5947 -0.7050
vn 0.4440 0.5227 -0.7277
vn 0.3160 0.6637 -0.6780
vn 0.5125 0.6672 -0.5405
vn 0.4221 0.7493 -0.5103
vn 0.4080 0.2554 -0.8765
vn 0.3703 0.3354 -0.8663
vn 0.4223 0.1559 -0.8930
vn 0.3207 0.1641 -0.9329
vn 0.2632 0.2288 -0.9372
vn -0.5998 0.7956 0.0850
vn -0.4732 0.8772 0.0806
vn -0.6031 0.7977 0.0065
vn -0.4779 0.8784 0.0018
vn -0.8218 0.5515 0.1434
vn -0.7084 0.6770 0.1996
vn -0.7136 0.6837 0.1527
vn -0.8167 0.5449 0.1897
vn -0.8969 0.3949 0.1989
vn -0.8979 0.3958 0.1927
vn -0.9521 0.2529 0.1720
vn -0.9513 0.2518 0.1779
vn 0.0844 -0.8373 -0.5403
vn 0.0630 -0.7764 -0.6271
vn -0.0682 -0.8527 -0.5179
vn -0.0816 -0.7917 -0.6055
vn 0.3069 -0.3751 -0.8747
vn 0.4993 -0.4256 -0.7547
vn 0.4103 -0.5069 -0.7580
vn 0.3765 -0.3056 -0.8746
vn 0.4042 0.0563 -0.9129
vn 0.3671 -0.0162 -0.9301
vn 0.2205 0.0357 -0.9747
vn 0.2635 0.1001 -0.9595
vn -0.5934 -0.7847 -0.1794
vn -0.4703 -0.8359 -0.2830
vn -0.5971 -0.7634 -0.2463
vn -0.4730 -0.8067 -0.3543
vn -0.8171 -0.5758 -0.0278
vn -0.7101 -0.6980 -0.0931
vn -0.8192 -0.5715 -0.0474
vn -0.7139 -0.6865 -0.1386
vn -0.9001 -0.4352 0.0228
vn -0.9008 -0.4339 0.0166
vn -0.9536 -0.2946 0.0620
vn -0.2150 0.9701 -0.1126
vn -0.3515 0.9312 -0.0966
vn -0.0841 0.9659 -0.2449
vn -0.2235 0.9487 -0.2237
vn 0.2261 0.7272 -0.6481
vn 0.1118 0.7769 -0.6196
vn 0.3115 0.8204 -0.4796
vn 0.1768 0.8763 -0.4481
vn 0.2957 0.4489 -0.8432
vn 0.3324 0.3952 -0.8564
vn 0.1900 0.3372 -0.9221
vn 0.2189 0.3002 -0.9284
vn 0.1614 0.3726 -0.9138
vn -0.8254 0.5597 0.0735
vn -0.7183 0.6908 0.0826
vn -0.7200 0.6940 0.0048
vn -0.8250 0.5651 -0.0041
vn -0.9004 0.3991 0.1732
vn -0.9049 0.4060 0.1274
vn -0.9587 0.2637 0.1068
vn -0.9545 0.2564 0.1524
vn -0.9816 0.1132 0.1537
vn -0.9824 0.1144 0.1476
vn -0.9925 -0.0213 0.1206
vn -0.9917 -0.0224 0.1267
vn -0.2109 -0.8449 -0.4915
vn -0.2180 -0.7843 -0.5808
vn -0.3451 -0.8166 -0.4627
vn -0.3458 -0.7577 -0.5534
vn 0.1081 -0.4944 -0.8625
vn 0.3017 -0.5804 -0.7564
vn 0.1708 -0.6401 -0.7491
vn 0.2190 -0.4408 -0.8705
vn 0.3288 -0.0749 -0.9414
vn 0.2900 -0.1284 -0.9484
vn 0.1589 -0.0360 -0.9866
vn 0.1878 -0.0012 -0.9822
vn -0.8225 -0.5610 -0.0933
vn -0.7164 -0.6667 -0.2056
vn -0.8239 -0.5436 -0.1603
vn -0.7149 -0.6415 -0.2783
vn -0.5978 -0.7358 -0.3181
vn -0.9027 -0.4303 -0.0028
vn -0.9061 -0.4203 -0.0485
vn -0.9543 -0.2937 0.0558
vn -0.9563 -0.2900 0.0364
vn -0.9829 -0.1572 0.0963
vn -0.9836 -0.1564 0.0902
vn -0.6018 0.7945 -0.0819
vn -0.4797 0.8732 -0.0866
vn -0.3541 0.9118 -0.2081
vn -0.4774 0.8561 -0.1979
vn 0.0327 0.9069 -0.4201
vn -0.0136 0.8009 -0.5986
vn -0.1040 0.9112 -0.3985
vn 0.2091 0.5556 -0.8047
vn 0.2556 0.5016 -0.8265
vn 0.1349 0.4096 -0.9022
vn 0.1057 0.4495 -0.8870
vn -0.9081 0.4146 0.0584
vn -0.9063 0.4222 -0.0184
vn -0.9586 0.2822 -0.0371
vn -0.9612 0.2733 0.0383
vn -0.9847 0.1178 0.1283
vn -0.9886 0.1253 0.0830
vn -0.9984 -0.0099 0.0558
vn -0.9947 -0.0177 0.1012
vn -0.4727 -0.7686 -0.4311
vn -0.4672 -0.7127 -0.5233
vn -0.5942 -0.7001 -0.3961
vn -0.5832 -0.6479 -0.4900
vn -0.0126 -0.5223 -0.8527
vn -0.1006 -0.6878 -0.7189
vn -0.1248 -0.5256 -0.8415
vn 0.0322 -0.6760 -0.7362
vn 0.2502 -0.1816 -0.9510
vn 0.2037 -0.2370 -0.9499
vn 0.1054 -0.1139 -0.9879
vn 0.1321 -0.0738 -0.9885
vn -0.9597 -0.2809 -0.0090
vn -0.9072 -0.4044 -0.1158
vn -0.9035 -0.3843 -0.1895
vn -0.9609 -0.2662 -0.0763
vn -0.9569 -0.2490 -0.1498
vn -0.8212 -0.5205 -0.2338
vn -0.9857 -0.1529 0.0708
vn -0.9892 -0.1443 0.0256
vn -0.8188 0.5669 -0.0908
vn -0.7163 0.6928 -0.0831
vn -0.7030 0.6843 -0.1940
vn -0.5937 0.7811 -0.1934
vn -0.8020 0.5629 -0.2001
vn -0.1295 0.7999 -0.5860
vn -0.2311 0.8948 -0.3819
vn -0.2331 0.7829 -0.5769
vn -0.3497 0.8612 -0.3689
vn 0.0481 0.6578 -0.7516
vn 0.1432 0.6134 -0.7767
vn 0.0517 0.5092 -0.8591
vn 0.0102 0.5770 -0.8167
vn -0.9906 0.1362 0.0151
vn -0.9872 0.1475 -0.0602
vn -0.9962 0.0150 -0.0860
vn -0.9999 0.0017 -0.0108
vn -0.7085 -0.6089 -0.3568
vn -0.6928 -0.5609 -0.4532
vn -0.8124 -0.4915 -0.3136
vn -0.7927 -0.4496 -0.4117
vn -0.2252 -0.5140 -0.8277
vn -0.3395 -0.6553 -0.6748
vn -0.3177 -0.4926 -0.8102
vn -0.2240 -0.6797 -0.6984
vn 0.1393 -0.2977 -0.9444
vn 0.0465 -0.3450 -0.9374
vn 0.0141 -0.2628 -0.9648
vn 0.0582 -0.1779 -0.9823
vn -0.9905 -0.1313 -0.0418
vn -0.9864 -0.1166 -0.1159
vn -0.9490 0.2907 -0.1217
vn -0.8981 0.4273 -0.1038
vn -0.8778 0.4293 -0.2126
vn -0.9265 0.2984 -0.2292
vn -0.3279 0.7551 -0.5678
vn -0.4612 0.8116 -0.3585
vn -0.4185 0.7168 -0.5578
vn -0.5680 0.7443 -0.3514
vn -0.0581 0.6744 -0.7361
vn -0.1513 0.6643 -0.7320
vn -0.0749 0.5465 -0.8341
vn -0.8932 -0.3597 -0.2700
vn -0.8707 -0.3237 -0.3701
vn -0.9459 -0.2277 -0.2313
vn -0.9218 -0.1983 -0.3330
vn -0.4061 -0.4630 -0.7878
vn -0.5549 -0.5588 -0.6163
vn -0.4943 -0.4214 -0.7603
vn -0.4493 -0.6155 -0.6476
vn -0.0563 -0.3649 -0.9293
vn -0.0788 -0.2223 -0.9718
vn -0.1471 -0.3576 -0.9222
vn -0.1554 -0.2026 -0.9669
vn -0.9852 0.0298 -0.1685
vn -0.9770 0.1580 -0.1431
vn -0.9532 0.1716 -0.2489
vn -0.9610 0.0479 -0.2725
vn -0.5069 0.6659 -0.5473
vn -0.6686 0.6570 -0.3484
vn -0.5947 0.5971 -0.5383
vn -0.7601 0.5464 -0.3518
vn -0.2259 0.6456 -0.7295
vn -0.2936 0.6238 -0.7244
vn -0.1597 0.5279 -0.8342
vn -0.2092 0.5108 -0.8339
vn -0.9753 -0.0985 -0.1975
vn -0.9509 -0.0750 -0.3004
vn -0.5818 -0.3633 -0.7277
vn -0.7490 -0.3817 -0.5415
vn -0.6647 -0.2797 -0.6928
vn -0.6558 -0.4821 -0.5810
vn -0.2195 -0.3419 -0.9137
vn -0.2045 -0.1877 -0.9607
vn -0.2846 -0.3248 -0.9019
vn -0.2497 -0.1741 -0.9526
vn -0.6763 0.5031 -0.5381
vn -0.8304 0.4225 -0.3631
vn -0.7361 0.3951 -0.5496
vn -0.8741 0.3018 -0.3806
vn -0.3591 0.5990 -0.7157
vn -0.4267 0.5678 -0.7040
vn -0.2549 0.4948 -0.8308
vn -0.3005 0.4804 -0.8240
vn 0.0158 0.1727 -0.9849
vn 0.1476 0.1714 -0.9741
vn 0.0882 0.1085 -0.9902
vn 0.0886 0.2352 -0.9679
vn 0.0593 0.0767 -0.9953
vn 0.0355 0.0488 -0.9982
vn -0.0468 0.1042 -0.9935
vn -0.0207 0.1339 -0.9908
vn 0.0135 0.0175 -0.9998
vn -0.0111 -0.0188 -0.9998
vn -0.0940 0.0235 -0.9953
vn -0.0685 0.0698 -0.9952
vn -0.7269 -0.1782 -0.6632
vn -0.8681 -0.1506 -0.4729
vn -0.7630 -0.0779 -0.6417
vn -0.8216 -0.2663 -0.5041
vn -0.3497 -0.3052 -0.8857
vn -0.2940 -0.1639 -0.9416
vn -0.4166 -0.2815 -0.8644
vn -0.3425 -0.1543 -0.9268
vn -0.0547 -0.0885 -0.9946
vn -0.1312 -0.0598 -0.9895
vn -0.7844 0.1969 -0.5881
vn -0.7700 0.2915 -0.5676
vn -0.7872 0.1073 -0.6072
vn -0.8967 0.1874 -0.4011
vn -0.9031 0.0746 -0.4228
vn -0.5009 0.5219 -0.6904
vn -0.5752 0.4443 -0.6869
vn -0.3495 0.4655 -0.8131
vn -0.5051 0.3998 -0.7649
vn -0.4230 0.4314 -0.7969
vn -0.0468 0.2405 -0.9695
vn 0.0595 0.2673 -0.9618
vn -0.0204 0.2116 -0.9771
vn 0.0359 0.2948 -0.9549
vn -0.7810 0.0167 -0.6243
vn -0.8940 -0.0371 -0.4465
vn -0.4902 -0.2458 -0.8363
vn -0.4975 -0.1108 -0.8603
vn -0.5655 -0.1767 -0.8056
vn -0.4158 -0.1281 -0.9004
vn -0.6226 0.3516 -0.6991
vn -0.6407 0.2668 -0.7199
vn -0.5001 0.3214 -0.8041
vn -0.0092 0.3611 -0.9325
vn 0.0139 0.3253 -0.9455
vn -0.0689 0.2734 -0.9594
vn -0.0958 0.3173 -0.9435
vn -0.1000 0.2045 -0.9737
vn -0.0995 0.1393 -0.9852
vn -0.1467 0.1710 -0.9743
vn -0.0681 0.1719 -0.9828
vn -0.1219 0.1000 -0.9875
vn -0.1442 0.0445 -0.9885
vn -0.1832 0.0584 -0.9813
vn -0.1641 0.1175 -0.9794
vn -0.1740 -0.0455 -0.9837
vn -0.2107 -0.0345 -0.9769
vn -0.6154 -0.0886 -0.7832
vn -0.4952 -0.0255 -0.8684
vn -0.6361 -0.0040 -0.7716
vn -0.5044 0.0553 -0.8617
vn -0.6456 0.1329 -0.7520
vn -0.6452 0.1958 -0.7385
vn -0.5066 0.2412 -0.8278
vn -0.5050 0.1501 -0.8500
vn -0.5059 0.1929 -0.8407
vn -0.0519 0.4317 -0.9005
vn -0.1348 0.3980 -0.9074
vn -0.1456 0.2956 -0.9442
vn -0.1225 0.2423 -0.9625
vn -0.1647 0.2226 -0.9609
vn -0.1846 0.2799 -0.9421
vn -0.6432 0.0672 -0.7628
vn -0.5050 0.1047 -0.8567
vn -0.2471 -0.0262 -0.9686
vn -0.2222 0.0662 -0.9727
vn -0.2747 0.0754 -0.9586
vn -0.2897 -0.0179 -0.9570
vn -0.2047 0.1691 -0.9641
vn -0.2099 0.1248 -0.9697
vn -0.2704 0.1270 -0.9543
vn -0.2683 0.1664 -0.9489
vn -0.3736 -0.0043 -0.9276
vn -0.3675 0.0808 -0.9265
vn -0.2142 0.3672 -0.9051
vn -0.1768 0.3808 -0.9076
vn -0.2100 0.2127 -0.9543
vn -0.2241 0.2698 -0.9365
vn -0.2715 0.2051 -0.9403
vn -0.2929 0.3452 -0.8916
vn -0.2765 0.2559 -0.9263
vn -0.2501 0.3569 -0.9000
vn -0.3648 0.1616 -0.9169
vn -0.3652 0.1243 -0.9226
vn -0.3703 0.2387 -0.8977
vn -0.3782 0.3212 -0.8682
vn -0.3671 0.1970 -0.9091
vn 0.9744 -0.1225 -0.1886
vn 0.9434 -0.2553 -0.2118
vn 0.9010 -0.3687 -0.2287
vn 0.8787 -0.4156 -0.2349
vn 0.6145 0.7863 0.0647
vn 0.7237 0.6896 0.0259
vn 0.4811 0.8704 0.1048
vn -0.1625 -0.9703 -0.1790
vn -0.2852 -0.9461 -0.1532
vn -0.5742 0.7761 0.2607
vn -0.4456 0.8576 0.2566
vn -0.6950 0.6709 0.2585
vn -0.8946 -0.4434 0.0549
vn -0.9486 -0.3022 0.0939
vn -0.9781 -0.1641 0.1281
vn -0.9870 -0.0276 0.1586
vn -0.0000 -0.0000 -1.0000
vn -0.7661 -0.6428 -0.0000
vn -0.7660 -0.6428 -0.0000
vn 0.7661 0.6428 -0.0000
vn 0.7660 0.6428 -0.0000
vn -0.0157 -0.0334 -0.9993
vn -0.0258 -0.0340 -0.9991
vn -0.0640 -0.0620 -0.9960
vn 0.0178 -0.0069 -0.9998
vn -0.0035 -0.0214 -0.9998
vn 0.0014 -0.0082 -1.0000
vn 0.0132 -0.0082 -0.9999
vn 0.0058 -0.0050 -1.0000
vn -0.0047 -0.0106 -0.9999
vn 0.0006 -0.0010 -1.0000
vn 0.0010 -0.0012 -1.0000
vn 0.0011 -0.0013 -1.0000
vn -0.7663 -0.6425 -0.0000
vn -0.7667 -0.6420 -0.0000
vn -0.7670 -0.6417 -0.0000
vn -0.7661 -0.6427 -0.0000
vn -0.7677 -0.6409 -0.0003
vn -0.7671 -0.6416 -0.0002
vn -0.7668 -0.6419 -0.0002
vn -0.7681 -0.6403 -0.0005
vn -0.7663 -0.6425 -0.0001
vn 0.7732 0.6342 0.0002
vn 0.7693 0.6389 0.0006
vn 0.7696 0.6385 0.0002
vn 0.7745 0.6326 0.0001
vn 0.7727 0.6347 0.0005
vn 0.7668 0.6419 -0.0000
vn 0.7667 0.6420 0.0002
vn 0.0108 -0.1266 0.9919
vn -0.0082 -0.1472 0.9891
vn -0.0084 -0.1457 0.9893
vn -0.7660 0.6428 -0.0000
vn 0.7660 -0.6428 -0.0000
vn 0.0307 -0.0147 0.9994
vn 0.0317 0.0074 0.9995
vn 0.0293 -0.0186 0.9994
vn 0.0438 -0.0317 0.9985
vn 0.0474 -0.0346 0.9983
vn 0.0476 -0.0400 0.9981
vn 0.0417 -0.0539 0.9977
vn 0.0339 -0.0676 0.9971
vn 0.0342 -0.0724 0.9968
vn 0.0296 -0.0891 0.9956
vn 0.0233 -0.1023 0.9945
vn 0.0236 -0.1069 0.9940
vn -0.0838 -0.2500 0.9646
vn -0.1602 -0.3260 0.9317
vn -0.0875 -0.2510 0.9640
vn -0.0659 -0.2208 0.9731
vn -0.0475 -0.1949 0.9797
vn -0.0475 -0.1918 0.9803
vn -0.7661 0.6428 -0.0000
vn -0.7660 0.6429 -0.0001
vn -0.7660 0.6429 -0.0000
vn -0.7659 0.6429 -0.0001
vn 0.7658 -0.6431 -0.0001
vn 0.7653 -0.6437 -0.0003
vn 0.7657 -0.6432 -0.0001
vn 0.7655 -0.6434 -0.0004
vn 0.7652 -0.6438 -0.0005
vn 0.7660 -0.6429 -0.0000
vn 0.7661 -0.6428 -0.0000
vn 0.0236 0.0040 -0.9997
vn 0.0367 0.0151 -0.9992
vn 0.0277 0.0100 -0.9996
vn 0.0097 0.0011 -1.0000
vn 0.0085 -0.0013 -1.0000
vn -0.0111 -0.0104 -0.9999
vn -0.0155 -0.0102 -0.9998
vn -0.0471 -0.0403 -0.9981
vn -0.1052 -0.0773 -0.9914
vn -0.0586 -0.0428 -0.9974
vn -0.1203 -0.0818 -0.9894
vn 0.0010 -0.0010 -1.0000
vn 0.0011 -0.0007 -1.0000
vn -0.0000 -0.0005 -1.0000
vn -0.0008 -0.0003 -1.0000
vn 0.0788 -0.2320 0.9695
vn 0.0779 -0.2591 0.9627
vn 0.0580 -0.2329 0.9708
vn 0.0774 -0.2624 0.9618
vn 0.0738 -0.2527 0.9647
vn 0.0751 -0.2539 0.9643
vn 0.0814 -0.2591 0.9624
vn 0.0707 -0.2566 0.9639
vn 0.0521 -0.2516 0.9664
vn 0.0406 -0.2502 0.9673
vn 0.0315 -0.2510 0.9675
vn 0.0328 -0.2502 0.9676
vn 0.0377 -0.2470 0.9683
vn 0.0379 -0.2488 0.9678
vn 0.0361 -0.2510 0.9673
vn 0.0388 -0.2421 0.9695
vn 0.0417 -0.2109 0.9766
vn 0.0406 -0.2007 0.9788
vn 0.0418 -0.2027 0.9784
vn 0.0496 -0.2151 0.9753
vn 0.0534 -0.2189 0.9743
vn 0.0555 -0.2206 0.9738
vn 0.0531 -0.2199 0.9741
vn 0.0502 -0.2193 0.9744
vn 0.0534 -0.2041 0.9775
vn 0.0864 -0.2096 0.9740
vn 0.0816 -0.2018 0.9760
vn 0.0833 -0.1980 0.9767
vn 0.0698 -0.0832 0.9941
vn 0.0623 -0.0743 0.9953
vn 0.0574 -0.0684 0.9960
vn 0.0498 -0.0516 0.9974
vn 0.0576 -0.0543 0.9969
vn 0.0496 -0.0558 0.9972
vn 0.0578 -0.0464 0.9972
vn 0.0393 -0.0000 0.9992
vn 0.0490 -0.0584 0.9971
vn 0.0465 -0.0554 0.9974
vn 0.0466 -0.0545 0.9974
vn 0.0534 -0.0636 0.9965
vn 0.0884 -0.1360 0.9868
vn 0.1145 -0.1884 0.9754
vn 0.0690 -0.1693 0.9831
vn 0.0857 -0.1021 0.9911
vn 0.0953 -0.1136 0.9890
vn 0.0916 -0.1132 0.9893
vn 0.1088 -0.1417 0.9839
vn 0.0781 -0.0931 0.9926
vn 0.0782 -0.0931 0.9926
vn -0.9456 0.2215 -0.2381
vn -0.9543 0.0636 -0.2919
vn -0.9569 0.0618 -0.2836
vn -0.9115 0.3646 -0.1903
vn -0.9431 0.2233 -0.2465
vn -0.9414 0.2245 -0.2519
vn -0.9090 0.3663 -0.1987
vn -0.9073 0.3675 -0.2041
vn -0.9526 0.0648 -0.2973
vn -0.9417 -0.0989 -0.3214
vn -0.9020 -0.2429 -0.3571
vn -0.9046 -0.2448 -0.3488
vn -0.9391 -0.0971 -0.3297
vn -0.9373 -0.0960 -0.3351
vn -0.9001 -0.2418 -0.3624
vn -0.9138 0.3629 -0.1823
vn -0.9480 0.2200 -0.2302
vn -0.9494 0.2196 -0.2247
vn -0.9594 0.0601 -0.2757
vn -0.9609 0.0610 -0.2700
vn -0.9153 0.3617 -0.1771
vn -0.8588 0.4925 -0.1410
vn -0.7896 0.6070 -0.0903
vn -0.8565 0.4941 -0.1495
vn -0.8548 0.4953 -0.1549
vn -0.7872 0.6088 -0.0988
vn -0.7856 0.6099 -0.1043
vn -0.8502 -0.3771 -0.3675
vn -0.7775 -0.4959 -0.3869
vn -0.7801 -0.4980 -0.3787
vn -0.8475 -0.3749 -0.3757
vn -0.8456 -0.3737 -0.3811
vn -0.7758 -0.4943 -0.3922
vn -0.9442 -0.1009 -0.3136
vn -0.9462 -0.0994 -0.3079
vn -0.9072 -0.2468 -0.3408
vn -0.9105 -0.2428 -0.3348
vn -0.7917 0.6053 -0.0822
vn -0.8611 0.4907 -0.1330
vn -0.8626 0.4895 -0.1278
vn -0.7932 0.6041 -0.0770
vn -0.7027 0.7105 -0.0374
vn -0.5954 0.8032 0.0187
vn -0.7003 0.7124 -0.0459
vn -0.6989 0.7134 -0.0516
vn -0.5932 0.8050 0.0101
vn -0.5917 0.8062 0.0044
vn -0.9411 0.2247 -0.2526
vn -0.9072 0.3675 -0.2049
vn -0.9524 0.0649 -0.2980
vn -0.6936 -0.6102 -0.3828
vn -0.5853 -0.7123 -0.3874
vn -0.5880 -0.7145 -0.3791
vn -0.6910 -0.6080 -0.3910
vn -0.6893 -0.6065 -0.3964
vn -0.5836 -0.7107 -0.3928
vn -0.8529 -0.3790 -0.3591
vn -0.8581 -0.3729 -0.3531
vn -0.7828 -0.5003 -0.3699
vn -0.7910 -0.4920 -0.3637
vn -0.9371 -0.0959 -0.3357
vn -0.9000 -0.2413 -0.3630
vn -0.5977 0.8013 0.0269
vn -0.7050 0.7086 -0.0293
vn -0.7062 0.7076 -0.0240
vn -0.5990 0.8001 0.0321
vn -0.9490 0.2241 -0.2219
vn -0.9614 0.0703 -0.2659
vn -0.9154 0.3621 -0.1758
vn -0.4643 0.8822 0.0783
vn -0.3061 0.9415 0.1408
vn -0.4619 0.8842 0.0696
vn -0.4606 0.8853 0.0638
vn -0.3036 0.9436 0.1321
vn -0.3022 0.9448 0.1263
vn -0.8546 0.4953 -0.1557
vn -0.7853 0.6101 -0.1050
vn -0.3032 -0.8898 -0.3411
vn -0.4563 -0.8072 -0.3744
vn -0.3007 -0.8873 -0.3496
vn -0.4590 -0.8095 -0.3661
vn -0.4547 -0.8056 -0.3799
vn -0.6965 -0.6127 -0.3735
vn -0.7099 -0.6007 -0.3677
vn -0.5910 -0.7167 -0.3703
vn -0.6082 -0.7048 -0.3652
vn -0.8455 -0.3733 -0.3817
vn -0.7754 -0.4943 -0.3929
vn -0.9495 -0.0821 -0.3027
vn -0.9221 -0.2050 -0.3281
vn -0.3081 0.9396 0.1491
vn -0.4663 0.8804 0.0866
vn -0.4679 0.8790 0.0918
vn -0.3096 0.9383 0.1543
vn -0.8628 0.4894 -0.1269
vn -0.7935 0.6037 -0.0767
vn -0.1367 0.9705 0.1987
vn 0.0233 0.9690 0.2459
vn -0.1346 0.9725 0.1899
vn -0.1331 0.9738 0.1841
vn 0.0256 0.9711 0.2372
vn 0.0272 0.9725 0.2315
vn -0.6984 0.7138 -0.0521
vn -0.5913 0.8064 0.0038
vn 0.0235 -0.9643 -0.2639
vn -0.1336 -0.9400 -0.3140
vn 0.0258 -0.9618 -0.2725
vn -0.1360 -0.9424 -0.3055
vn -0.2990 -0.8857 -0.3552
vn -0.1321 -0.9383 -0.3196
vn -0.3058 -0.8922 -0.3324
vn -0.4614 -0.8120 -0.3575
vn -0.3218 -0.8880 -0.3284
vn -0.4780 -0.8043 -0.3530
vn -0.6888 -0.6066 -0.3970
vn -0.5833 -0.7106 -0.3935
vn -0.9030 -0.2637 -0.3391
vn -0.8694 -0.3482 -0.3507
vn 0.0211 0.9670 0.2540
vn -0.1390 0.9684 0.2069
vn -0.1404 0.9671 0.2120
vn 0.0197 0.9656 0.2591
vn -0.7069 0.7069 -0.0242
vn -0.5997 0.7996 0.0316
vn 0.1724 0.9434 0.2834
vn 0.3116 0.8973 0.3127
vn 0.1749 0.9455 0.2748
vn 0.1764 0.9468 0.2692
vn 0.3140 0.8994 0.3041
vn 0.3156 0.9007 0.2985
vn -0.4602 0.8856 0.0632
vn -0.3021 0.9450 0.1256
vn 0.3135 -0.9343 -0.1698
vn 0.1752 -0.9580 -0.2271
vn 0.3157 -0.9319 -0.1785
vn 0.1732 -0.9604 -0.2184
vn 0.0274 -0.9602 -0.2781
vn 0.1769 -0.9563 -0.2326
vn -0.1386 -0.9449 -0.2965
vn 0.0210 -0.9667 -0.2549
vn 0.0050 -0.9676 -0.2526
vn -0.1553 -0.9432 -0.2936
vn -0.4545 -0.8053 -0.3806
vn -0.7675 -0.5257 -0.3669
vn -0.6995 -0.6121 -0.3689
vn 0.3093 0.8952 0.3207
vn 0.1702 0.9413 0.2916
vn 0.1688 0.9400 0.2966
vn 0.3079 0.8939 0.3257
vn -0.4686 0.8787 0.0909
vn -0.3104 0.9382 0.1530
vn 0.4425 0.8321 0.3344
vn 0.5690 0.7486 0.3402
vn 0.4450 0.8341 0.3259
vn 0.5706 0.7500 0.3347
vn 0.4465 0.8355 0.3203
vn -0.1327 0.9740 0.1835
vn 0.0276 0.9726 0.2308
vn 0.5726 -0.8175 -0.0621
vn 0.4487 -0.8847 -0.1265
vn 0.5748 -0.8152 -0.0707
vn 0.4465 -0.8870 -0.1179
vn 0.3172 -0.9303 -0.1841
vn 0.4499 -0.8832 -0.1322
vn 0.1709 -0.9628 -0.2095
vn 0.3113 -0.9366 -0.1610
vn 0.2987 -0.9411 -0.1587
vn 0.1564 -0.9657 -0.2072
vn -0.2987 -0.8855 -0.3559
vn -0.1319 -0.9381 -0.3203
vn -0.4231 -0.8380 -0.3446
vn -0.5773 -0.7315 -0.3628
vn 0.5665 0.7466 0.3487
vn 0.4401 0.8301 0.3424
vn 0.5642 0.7446 0.3567
vn 0.4388 0.8287 0.3474
vn 0.5626 0.7434 0.3617
vn -0.1410 0.9674 0.2105
vn 0.0201 0.9660 0.2578
vn 0.6854 0.6405 0.3463
vn 0.6831 0.6384 0.3548
vn 0.7910 0.5069 0.3425
vn 0.7926 0.5081 0.3370
vn 0.6871 0.6416 0.3408
vn 0.1763 0.9470 0.2684
vn 0.3157 0.9009 0.2978
vn 0.7970 -0.6008 0.0617
vn 0.6928 -0.7210 -0.0108
vn 0.7991 -0.5989 0.0531
vn 0.6907 -0.7231 -0.0022
vn 0.5759 -0.8139 -0.0765
vn 0.6943 -0.7195 -0.0164
vn 0.4441 -0.8893 -0.1094
vn 0.5705 -0.8195 -0.0539
vn 0.5625 -0.8252 -0.0511
vn 0.4326 -0.8952 -0.1074
vn 0.0273 -0.9600 -0.2788
vn 0.1769 -0.9562 -0.2334
vn -0.0627 -0.9599 -0.2732
vn -0.2930 -0.9002 -0.3223
vn 0.7887 0.5048 0.3510
vn 0.6807 0.6364 0.3627
vn 0.7863 0.5029 0.3589
vn 0.6792 0.6352 0.3677
vn 0.1701 0.9401 0.2955
vn 0.3098 0.8936 0.3247
vn 0.8731 0.3603 0.3285
vn 0.8706 0.3585 0.3368
vn 0.9264 0.2180 0.3069
vn 0.9280 0.2192 0.3015
vn 0.8746 0.3617 0.3230
vn 0.5706 0.7502 0.3340
vn 0.4468 0.8356 0.3196
vn 0.9297 -0.3245 0.1743
vn 0.8804 -0.4603 0.1140
vn 0.9319 -0.3226 0.1658
vn 0.8782 -0.4624 0.1225
vn 0.8005 -0.5974 0.0475
vn 0.8817 -0.4591 0.1084
vn 0.6887 -0.7250 0.0060
vn 0.7950 -0.6026 0.0698
vn 0.7935 -0.6039 0.0751
vn 0.6855 -0.7280 0.0105
vn 0.3174 -0.9301 -0.1847
vn 0.4503 -0.8830 -0.1328
vn 0.2562 -0.9504 -0.1765
vn 0.1115 -0.9681 -0.2243
vn 0.9241 0.2162 0.3152
vn 0.8683 0.3568 0.3447
vn 0.9218 0.2144 0.3231
vn 0.7848 0.5016 0.3639
vn 0.8667 0.3556 0.3497
vn 0.4409 0.8280 0.3465
vn 0.5651 0.7419 0.3609
vn 0.9567 0.0803 0.2797
vn 0.9544 0.0786 0.2880
vn 0.9674 -0.0539 0.2475
vn 0.9688 -0.0527 0.2420
vn 0.9582 0.0817 0.2743
vn 0.7929 0.5081 0.3363
vn 0.6874 0.6418 0.3401
vn 0.9651 -0.0557 0.2558
vn 0.9596 -0.1873 0.2099
vn 0.9574 -0.1892 0.2183
vn 0.9333 -0.3213 0.1603
vn 0.9610 -0.1863 0.2044
vn 0.8761 -0.4642 0.1305
vn 0.9276 -0.3262 0.1822
vn 0.9261 -0.3274 0.1874
vn 0.8747 -0.4653 0.1358
vn 0.5760 -0.8138 -0.0772
vn 0.6943 -0.7194 -0.0172
vn 0.5387 -0.8402 -0.0618
vn 0.3967 -0.9097 -0.1233
vn 0.9521 0.0768 0.2959
vn 0.9629 -0.0574 0.2637
vn 0.9203 0.2131 0.3281
vn 0.9506 0.0757 0.3009
vn 0.6816 0.6329 0.3671
vn 0.9281 0.2193 0.3008
vn 0.8748 0.3618 0.3223
vn 0.9552 -0.1909 0.2261
vn 0.9614 -0.0585 0.2688
vn 0.9538 -0.1920 0.2313
vn 0.8008 -0.5971 0.0469
vn 0.8819 -0.4589 0.1077
vn 0.7933 -0.6040 0.0760
vn 0.6787 -0.7343 0.0077
vn 0.7869 0.4987 0.3634
vn 0.8683 0.3522 0.3494
vn 0.9690 -0.0526 0.2414
vn 0.9584 0.0817 0.2736
vn 0.9335 -0.3212 0.1596
vn 0.9612 -0.1860 0.2037
vn 0.9259 -0.3275 0.1882
vn 0.8745 -0.4653 0.1366
vn 0.9210 0.2100 0.3280
vn 0.9508 0.0731 0.3010
vn 0.9612 -0.0598 0.2692
vn 0.9535 -0.1925 0.2320
vn -0.9496 0.0668 -0.3063
vn -0.9403 0.2253 -0.2550
vn -0.9385 0.2261 -0.2609
vn -0.9515 0.0656 -0.3005
vn -0.9064 0.3681 -0.2072
vn -0.9362 -0.0954 -0.3381
vn -0.9343 -0.0937 -0.3439
vn -0.8971 -0.2395 -0.3712
vn -0.8991 -0.2409 -0.3654
vn -0.9045 0.3695 -0.2131
vn -0.8540 0.4957 -0.1582
vn -0.8521 0.4971 -0.1641
vn -0.7848 0.6104 -0.1076
vn -0.9269 0.0800 -0.3667
vn -0.9322 0.2300 -0.2794
vn -0.9163 0.2385 -0.3217
vn -0.9433 0.0708 -0.3244
vn -0.8983 0.3732 -0.2318
vn -0.8447 -0.3727 -0.3841
vn -0.8426 -0.3715 -0.3898
vn -0.7726 -0.4921 -0.4011
vn -0.7746 -0.4936 -0.3954
vn -0.9278 -0.0897 -0.3620
vn -0.9114 -0.0797 -0.4036
vn -0.8742 -0.2246 -0.4305
vn -0.8907 -0.2351 -0.3891
vn -0.6976 0.7144 -0.0547
vn -0.5905 0.8070 0.0012
vn -0.6960 0.7155 -0.0607
vn -0.7829 0.6116 -0.1141
vn -0.8829 0.3811 -0.2743
vn -0.8462 0.5006 -0.1828
vn -0.8311 0.5083 -0.2258
vn -0.7770 0.6153 -0.1326
vn -0.8996 0.0929 -0.4268
vn -0.8894 0.2500 -0.3828
vn -0.8545 0.2617 -0.4488
vn -0.8566 0.3913 -0.3363
vn -0.8227 0.4006 -0.4034
vn -0.8644 0.1070 -0.4914
vn -0.5805 -0.7082 -0.4018
vn -0.6882 -0.6057 -0.3995
vn -0.6862 -0.6040 -0.4052
vn -0.5823 -0.7101 -0.3959
vn -0.8361 -0.3667 -0.4079
vn -0.8201 -0.3552 -0.4487
vn -0.7504 -0.4749 -0.4598
vn -0.7663 -0.4871 -0.4190
vn -0.8839 -0.0645 -0.4633
vn -0.8487 -0.0482 -0.5266
vn -0.8121 -0.1883 -0.5522
vn -0.8469 -0.2077 -0.4894
vn -0.4595 0.8861 0.0607
vn -0.3015 0.9455 0.1231
vn -0.4578 0.8874 0.0544
vn -0.5891 0.8080 -0.0049
vn -0.6906 0.7188 -0.0798
vn -0.5832 0.8120 -0.0245
vn -0.6760 0.7264 -0.1241
vn -0.7625 0.6226 -0.1760
vn -0.8056 0.5174 -0.2886
vn -0.7729 0.5247 -0.3568
vn -0.7378 0.6311 -0.2396
vn -0.7060 0.6370 -0.3093
vn -0.2981 -0.8847 -0.3584
vn -0.4519 -0.8028 -0.3890
vn -0.2965 -0.8828 -0.3643
vn -0.4537 -0.8046 -0.3831
vn -0.5588 -0.6892 -0.4612
vn -0.6798 -0.5990 -0.4231
vn -0.6641 -0.5859 -0.4644
vn -0.5742 -0.7028 -0.4200
vn -0.7932 -0.3371 -0.5072
vn -0.7590 -0.3151 -0.5698
vn -0.6911 -0.4304 -0.5806
vn -0.7239 -0.4553 -0.5183
vn -0.2994 0.9470 0.1168
vn -0.1321 0.9746 0.1808
vn -0.1305 0.9759 0.1747
vn 0.0280 0.9732 0.2282
vn -0.4523 0.8912 0.0350
vn -0.2945 0.9507 0.0973
vn -0.4389 0.8985 -0.0106
vn -0.5695 0.8191 -0.0691
vn -0.6521 0.7343 -0.1889
vn -0.5467 0.8264 -0.1350
vn -0.6220 0.7386 -0.2600
vn -0.8195 0.1219 -0.5599
vn -0.8101 0.2726 -0.5190
vn -0.7459 0.2838 -0.6026
vn -0.7797 0.4078 -0.4752
vn -0.7167 0.4137 -0.5614
vn -0.7545 0.1399 -0.6412
vn -0.1310 -0.9374 -0.3227
vn 0.0281 -0.9593 -0.2810
vn -0.1293 -0.9355 -0.3287
vn 0.0298 -0.9574 -0.2873
vn -0.2768 -0.8614 -0.4259
vn -0.4458 -0.7970 -0.4075
vn -0.4308 -0.7827 -0.4493
vn -0.2907 -0.8768 -0.3830
vn -0.5344 -0.6659 -0.5206
vn -0.6384 -0.5646 -0.5232
vn -0.6069 -0.5377 -0.5853
vn -0.5042 -0.6368 -0.5833
vn -0.7685 -0.1657 -0.6180
vn -0.8040 -0.0290 -0.5939
vn -0.7397 -0.0047 -0.6729
vn -0.7056 -0.1354 -0.6955
vn 0.0298 0.9746 0.2220
vn 0.1774 0.9475 0.2659
vn 0.1790 0.9489 0.2598
vn 0.3167 0.9015 0.2950
vn -0.2817 0.9582 0.0509
vn -0.1252 0.9800 0.1550
vn -0.1128 0.9876 0.1090
vn 0.0349 0.9786 0.2026
vn -0.4168 0.9056 -0.0779
vn -0.2609 0.9652 -0.0171
vn -0.3905 0.9080 -0.1520
vn -0.5181 0.8297 -0.2079
vn -0.7313 0.5291 -0.4303
vn -0.6703 0.5301 -0.5194
vn -0.6658 0.6394 -0.3846
vn -0.6078 0.6353 -0.4764
vn 0.1775 -0.9554 -0.2359
vn 0.3182 -0.9293 -0.1873
vn 0.1793 -0.9536 -0.2420
vn 0.3196 -0.9276 -0.1934
vn -0.1239 -0.9294 -0.3475
vn 0.0351 -0.9513 -0.3063
vn -0.1108 -0.9141 -0.3901
vn 0.0470 -0.9358 -0.3495
vn -0.2553 -0.8359 -0.4859
vn -0.4073 -0.7585 -0.5087
vn -0.3797 -0.7264 -0.5729
vn -0.2299 -0.8026 -0.5505
vn -0.6499 -0.4012 -0.6454
vn -0.7165 -0.2890 -0.6349
vn -0.6558 -0.2529 -0.7113
vn -0.5920 -0.3599 -0.7211
vn 0.5714 0.7508 0.3314
vn 0.5733 0.7520 0.3254
vn 0.4473 0.8363 0.3171
vn 0.3180 0.9029 0.2893
vn 0.4491 0.8376 0.3110
vn 0.0469 0.9865 0.1567
vn 0.1839 0.9531 0.2404
vn 0.1963 0.9611 0.1943
vn 0.3235 0.9070 0.2697
vn -0.0936 0.9948 0.0400
vn -0.0716 0.9968 -0.0368
vn 0.0651 0.9941 0.0871
vn 0.0846 0.9964 0.0102
vn -0.2362 0.9672 -0.0931
vn -0.5840 0.7384 -0.3371
vn -0.5290 0.7304 -0.4321
vn -0.4827 0.8272 -0.2875
vn -0.4316 0.8156 -0.3854
vn -0.4751 0.3009 -0.8269
vn -0.6104 0.4142 -0.6751
vn -0.4437 0.4014 -0.8012
vn -0.4861 0.1854 -0.8540
vn -0.6399 0.2946 -0.7097
vn -0.6483 0.1620 -0.7439
vn 0.5768 -0.8130 -0.0796
vn 0.4522 -0.8806 -0.1416
vn 0.5783 -0.8113 -0.0859
vn 0.4508 -0.8823 -0.1354
vn 0.1842 -0.9476 -0.2608
vn 0.3242 -0.9218 -0.2125
vn 0.1948 -0.9325 -0.3043
vn 0.3347 -0.9069 -0.2561
vn -0.0917 -0.8873 -0.4520
vn 0.0642 -0.9091 -0.4115
vn -0.0695 -0.8530 -0.5173
vn 0.0826 -0.8747 -0.4775
vn -0.4679 -0.6006 -0.6484
vn -0.5677 -0.5048 -0.6502
vn -0.5130 -0.4585 -0.7257
vn -0.4169 -0.5491 -0.7244
vn -0.4702 0.0711 -0.8797
vn -0.4357 -0.0265 -0.8997
vn -0.6333 0.0294 -0.7733
vn -0.5996 -0.0888 -0.7954
vn 0.7935 0.5088 0.3339
vn 0.7952 0.5101 0.3278
vn 0.6880 0.6424 0.3376
vn 0.6897 0.6437 0.3316
vn 0.5782 0.7563 0.3061
vn 0.5892 0.7647 0.2610
vn 0.4543 0.8418 0.2917
vn 0.3348 0.9153 0.2241
vn 0.4654 0.8501 0.2466
vn 0.2128 0.9690 0.1259
vn 0.2299 0.9720 0.0486
vn 0.3502 0.9236 0.1559
vn 0.3658 0.9274 0.0786
vn -0.3575 0.9041 -0.2342
vn -0.3120 0.8889 -0.3355
vn -0.2071 0.9622 -0.1770
vn -0.1679 0.9447 -0.2817
vn -0.4010 0.4873 -0.7757
vn -0.5077 0.6154 -0.6030
vn -0.3527 0.5623 -0.7479
vn -0.5656 0.5202 -0.6400
vn 0.8012 -0.5968 0.0443
vn 0.6964 -0.7172 -0.0258
vn 0.8027 -0.5951 0.0381
vn 0.6950 -0.7188 -0.0196
vn 0.5825 -0.8060 -0.1051
vn 0.4663 -0.8607 -0.2043
vn 0.5917 -0.7922 -0.1491
vn 0.4568 -0.8749 -0.1606
vn 0.2105 -0.9060 -0.3671
vn 0.3481 -0.8814 -0.3192
vn 0.2261 -0.8720 -0.4341
vn 0.3613 -0.8482 -0.3873
vn -0.2008 -0.7606 -0.6173
vn -0.3462 -0.6872 -0.6386
vn -0.3008 -0.6310 -0.7151
vn -0.1621 -0.7000 -0.6955
vn -0.3925 -0.1109 -0.9131
vn -0.3430 -0.1870 -0.9205
vn -0.5524 -0.1947 -0.8105
vn -0.4936 -0.2907 -0.8197
vn 0.8770 0.3639 0.3138
vn 0.8754 0.3624 0.3199
vn 0.9288 0.2199 0.2984
vn 0.9304 0.2212 0.2923
vn 0.8001 0.5142 0.3088
vn 0.8104 0.5230 0.2640
vn 0.6947 0.6479 0.3125
vn 0.7053 0.6565 0.2676
vn 0.4803 0.8589 0.1779
vn 0.6030 0.7741 0.1929
vn 0.4938 0.8637 0.1010
vn -0.0466 0.9914 -0.1223
vn -0.0147 0.9732 -0.2294
vn 0.1055 0.9915 -0.0759
vn 0.1310 0.9740 -0.1850
vn -0.2972 0.6328 -0.7151
vn -0.3489 0.7796 -0.5201
vn -0.2285 0.6996 -0.6770
vn -0.4366 0.7015 -0.5633
vn -0.3215 0.2005 -0.9255
vn -0.3066 0.2992 -0.9036
vn -0.1569 0.2717 -0.9495
vn -0.2688 0.3778 -0.8860
vn -0.1131 0.3421 -0.9328
vn -0.2160 0.2080 -0.9540
vn 0.8826 -0.4583 0.1052
vn 0.9340 -0.3208 0.1572
vn 0.8839 -0.4570 0.0991
vn 0.9355 -0.3193 0.1511
vn 0.8069 -0.5904 0.0189
vn 0.7093 -0.6993 -0.0892
vn 0.8154 -0.5783 -0.0255
vn 0.7006 -0.7122 -0.0451
vn 0.4784 -0.8361 -0.2683
vn 0.6026 -0.7689 -0.2138
vn 0.4896 -0.8039 -0.3378
vn -0.0455 -0.8094 -0.5855
vn 0.1028 -0.8307 -0.5472
vn -0.0143 -0.7463 -0.6655
vn -0.2869 -0.2597 -0.9221
vn -0.2199 -0.3306 -0.9178
vn -0.4226 -0.3798 -0.8229
vn -0.3366 -0.4637 -0.8196
vn -0.2661 0.0297 -0.9635
vn -0.3032 0.1022 -0.9474
vn -0.1150 0.0794 -0.9902
vn -0.1576 0.1441 -0.9769
vn 0.9606 0.0836 0.2651
vn 0.9590 0.0824 0.2711
vn 0.9697 -0.0521 0.2389
vn 0.9711 -0.0510 0.2331
vn 0.8919 0.3765 0.2506
vn 0.8819 0.3677 0.2951
vn 0.9351 0.2255 0.2734
vn 0.9447 0.2343 0.2293
vn 0.8226 0.5338 0.1960
vn 0.8314 0.5427 0.1195
vn 0.7183 0.6665 0.1993
vn 0.7288 0.6737 0.1223
vn 0.6150 0.7800 0.1158
vn 0.2474 0.9682 -0.0382
vn 0.2676 0.9520 -0.1489
vn 0.3803 0.9248 -0.0087
vn 0.3946 0.9109 -0.1203
vn -0.1413 0.7599 -0.6345
vn -0.1096 0.8994 -0.4231
vn -0.0289 0.8060 -0.5912
vn -0.2407 0.8475 -0.4731
vn -0.1951 0.4892 -0.8501
vn -0.2311 0.4362 -0.8697
vn -0.0557 0.4123 -0.9093
vn -0.0841 0.3778 -0.9221
vn 0.9618 -0.1856 0.2012
vn 0.9633 -0.1841 0.1952
vn 0.8881 -0.4526 0.0801
vn 0.9399 -0.3148 0.1323
vn 0.8967 -0.4413 0.0357
vn 0.9486 -0.3041 0.0880
vn 0.7196 -0.6770 -0.1547
vn 0.8249 -0.5578 -0.0915
vn 0.6115 -0.7385 -0.2841
vn 0.7267 -0.6487 -0.2261
vn 0.2420 -0.8285 -0.5050
vn 0.3735 -0.8055 -0.4601
vn 0.1270 -0.7666 -0.6294
vn 0.2597 -0.7650 -0.5894
vn -0.1348 -0.3989 -0.9070
vn -0.0267 -0.4558 -0.8897
vn -0.2317 -0.5392 -0.8097
vn -0.1048 -0.6024 -0.7913
vn -0.1904 -0.0840 -0.9781
vn -0.2281 -0.0301 -0.9732
vn -0.0828 0.0421 -0.9957
vn -0.0545 0.0061 -0.9985
vn 0.9744 0.0966 0.2028
vn 0.9652 0.0875 0.2464
vn 0.9757 -0.0466 0.2142
vn 0.9847 -0.0368 0.1703
vn 0.9032 0.3880 0.1832
vn 0.9553 0.2467 0.1627
vn 0.9619 0.2590 0.0880
vn 0.9106 0.3991 0.1074
vn 0.5055 0.8627 0.0136
vn 0.5145 0.8518 -0.0984
vn 0.6241 0.7808 0.0283
vn 0.6283 0.7734 -0.0839
vn 0.0952 0.8261 -0.5554
vn 0.1668 0.9258 -0.3392
vn 0.2096 0.8221 -0.5293
vn 0.0320 0.9256 -0.3770
vn -0.1559 0.5404 -0.8268
vn -0.1107 0.5929 -0.7976
vn -0.0016 0.4876 -0.8731
vn -0.0297 0.4488 -0.8932
vn 0.9677 -0.1800 0.1766
vn 0.9764 -0.1705 0.1326
vn 0.8305 -0.5324 -0.1636
vn 0.9058 -0.4226 -0.0304
vn 0.9575 -0.2876 0.0222
vn 0.9107 -0.4001 -0.1029
vn 0.9622 -0.2675 -0.0507
vn 0.4980 -0.7632 -0.4118
vn 0.6170 -0.6999 -0.3598
vn 0.3851 -0.7435 -0.5467
vn 0.5037 -0.7036 -0.5012
vn 0.0905 -0.4870 -0.8687
vn 0.1600 -0.6596 -0.7344
vn 0.0304 -0.6432 -0.7651
vn -0.1073 -0.1942 -0.9751
vn -0.1514 -0.1377 -0.9788
vn -0.0287 -0.0315 -0.9991
vn -0.0029 -0.0726 -0.9974
vn 0.9845 0.1102 0.1365
vn 0.9943 -0.0228 0.1044
vn 0.9995 -0.0068 0.0308
vn 0.9903 0.1247 0.0619
vn 0.7351 0.6770 0.0350
vn 0.8353 0.5488 0.0332
vn 0.8312 0.5505 -0.0782
vn 0.7350 0.6737 -0.0768
vn 0.3116 0.8024 -0.5090
vn 0.4065 0.8685 -0.2838
vn 0.4048 0.7716 -0.4907
vn 0.2913 0.9054 -0.3089
vn -0.0465 0.6485 -0.7598
vn 0.0464 0.6903 -0.7221
vn 0.0894 0.6105 -0.7869
vn 0.0509 0.5452 -0.8368
vn 0.9857 -0.1548 0.0670
vn 0.9906 -0.1363 -0.0069
vn 0.7294 -0.6131 -0.3034
vn 0.8311 -0.5004 -0.2426
vn 0.6175 -0.6435 -0.4523
vn 0.7253 -0.5611 -0.3988
vn 0.2009 -0.4942 -0.8458
vn 0.2806 -0.6561 -0.7005
vn 0.2997 -0.4859 -0.8210
vn 0.3937 -0.6364 -0.6634
vn 0.0451 -0.3059 -0.9510
vn -0.0451 -0.2558 -0.9657
vn 0.0420 -0.1386 -0.9895
vn 0.0815 -0.2245 -0.9711
vn 0.9126 0.4082 0.0219
vn 0.9624 0.2715 0.0033
vn 0.9529 0.2842 -0.1057
vn 0.9051 0.4159 -0.0884
vn 0.4931 0.7306 -0.4722
vn 0.6197 0.7449 -0.2471
vn 0.5793 0.6770 -0.4538
vn 0.5159 0.8152 -0.2634
vn 0.9100 -0.3719 -0.1834
vn 0.9611 -0.2426 -0.1322
vn 0.8232 -0.4541 -0.3408
vn 0.8996 -0.3317 -0.2842
vn 0.3904 -0.4684 -0.7925
vn 0.5015 -0.6010 -0.6223
vn 0.4772 -0.4424 -0.7594
vn 0.6051 -0.5488 -0.5768
vn 0.1458 -0.3290 -0.9330
vn 0.2352 -0.3244 -0.9162
vn 0.1759 -0.1862 -0.9666
vn 0.9900 0.1396 -0.0215
vn 0.9986 0.0114 -0.0520
vn 0.9869 0.0345 -0.1577
vn 0.9792 0.1573 -0.1284
vn 0.6647 0.6048 -0.4386
vn 0.8073 0.5414 -0.2350
vn 0.7440 0.5086 -0.4332
vn 0.7178 0.6547 -0.2367
vn 0.2439 0.6917 -0.6798
vn 0.3178 0.6712 -0.6697
vn 0.3092 0.5406 -0.7824
vn 0.3845 0.6476 -0.6579
vn 0.3542 0.5234 -0.7750
vn 0.2596 0.5584 -0.7879
vn 0.9893 -0.1155 -0.0887
vn 0.9495 -0.2087 -0.2345
vn 0.9774 -0.0873 -0.1926
vn 0.5631 -0.4050 -0.7203
vn 0.7041 -0.4769 -0.5262
vn 0.6489 -0.3504 -0.6753
vn 0.7955 -0.3803 -0.4718
vn 0.3068 -0.3116 -0.8993
vn 0.3715 -0.2965 -0.8798
vn 0.2520 -0.1688 -0.9529
vn 0.3005 -0.1559 -0.9410
vn 0.8355 0.2955 -0.4633
vn 0.8757 0.4160 -0.2451
vn 0.9182 0.2960 -0.2633
vn 0.8031 0.3992 -0.4423
vn 0.4484 0.6209 -0.6430
vn 0.3988 0.5074 -0.7639
vn 0.5144 0.5868 -0.6253
vn 0.4464 0.4910 -0.7481
vn -0.0399 0.2130 -0.9762
vn 0.0192 0.2750 -0.9612
vn 0.0919 0.2118 -0.9730
vn 0.0193 0.1493 -0.9886
vn 0.0485 0.3065 -0.9506
vn 0.0717 0.3330 -0.9402
vn 0.1549 0.2779 -0.9480
vn 0.1282 0.2496 -0.9598
vn 0.0937 0.3631 -0.9270
vn 0.1175 0.3986 -0.9095
vn 0.2022 0.3534 -0.9134
vn 0.1763 0.3100 -0.9343
vn 0.1577 0.4651 -0.8711
vn 0.2377 0.4311 -0.8704
vn 0.1754 0.5792 -0.7961
vn 0.7304 -0.2697 -0.6275
vn 0.8668 -0.2677 -0.4206
vn 0.7918 -0.1716 -0.5862
vn 0.9127 -0.1548 -0.3782
vn 0.4347 -0.2800 -0.8559
vn 0.5002 -0.2584 -0.8264
vn 0.3454 -0.1433 -0.9274
vn 0.3888 -0.1347 -0.9114
vn 0.8532 0.1119 -0.5094
vn 0.9409 0.1805 -0.2864
vn 0.9474 0.0684 -0.3128
vn 0.8499 0.2020 -0.4867
vn 0.5860 0.5388 -0.6052
vn 0.5953 0.4192 -0.6855
vn 0.6580 0.4591 -0.5969
vn 0.5172 0.4543 -0.7254
vn 0.8283 -0.0724 -0.5556
vn 0.9383 -0.0424 -0.3431
vn 0.8468 0.0215 -0.5315
vn 0.5720 -0.2260 -0.7885
vn 0.6458 -0.1599 -0.7466
vn 0.4360 -0.1269 -0.8909
vn 0.5856 -0.0903 -0.8055
vn 0.5073 -0.1036 -0.8555
vn 0.1537 0.1418 -0.9779
vn 0.0480 0.1170 -0.9920
vn 0.1284 0.1717 -0.9767
vn 0.0712 0.0889 -0.9935
vn 0.7048 0.3652 -0.6082
vn 0.5930 0.3417 -0.7291
vn 0.7233 0.2777 -0.6322
vn 0.6017 0.2603 -0.7551
vn 0.2813 0.4134 -0.8660
vn 0.2523 0.3296 -0.9098
vn 0.3184 0.3985 -0.8601
vn 0.1756 0.2094 -0.9619
vn 0.2062 0.1753 -0.9627
vn 0.2072 0.2400 -0.9484
vn 0.2534 0.2056 -0.9453
vn 0.2294 0.2775 -0.9329
vn 0.2906 0.3132 -0.9041
vn 0.2712 0.2569 -0.9276
vn 0.6954 -0.0743 -0.7147
vn 0.7173 0.0104 -0.6966
vn 0.5859 -0.0047 -0.8104
vn 0.1162 0.0200 -0.9930
vn 0.0924 0.0566 -0.9941
vn 0.1747 0.1072 -0.9788
vn 0.1994 0.0601 -0.9781
vn 0.7278 0.2118 -0.6523
vn 0.7283 0.1466 -0.6694
vn 0.5982 0.1715 -0.7828
vn 0.6003 0.2154 -0.7702
vn 0.3537 0.3871 -0.8515
vn 0.3287 0.3015 -0.8950
vn 0.3954 0.3741 -0.8389
vn 0.7254 0.0807 -0.6835
vn 0.5966 0.0760 -0.7989
vn 0.5978 0.1259 -0.7917
vn 0.1574 -0.0510 -0.9862
vn 0.2333 -0.0251 -0.9721
vn 0.2494 0.0794 -0.9651
vn 0.2280 0.1357 -0.9642
vn 0.2699 0.1524 -0.9507
vn 0.2875 0.0918 -0.9534
vn 0.3796 0.2860 -0.8798
vn 0.4772 0.3472 -0.8073
vn 0.4710 0.2659 -0.8411
vn 0.3102 0.2021 -0.9289
vn 0.3158 0.2454 -0.9165
vn 0.3751 0.2355 -0.8966
vn 0.3722 0.1978 -0.9068
vn 0.3129 -0.0015 -0.9498
vn 0.2769 -0.0113 -0.9608
vn 0.3145 0.1577 -0.9361
vn 0.3264 0.0985 -0.9401
vn 0.3741 0.1581 -0.9138
vn 0.4680 0.2235 -0.8550
vn 0.4656 0.1887 -0.8646
vn 0.3774 0.1055 -0.9200
vn 0.3480 0.0052 -0.9375
vn 0.3898 0.0115 -0.9208
vn 0.4658 0.1516 -0.8718
vn 0.4673 0.1081 -0.8775
vn 0.4712 0.0224 -0.8817
vn -0.9488 0.2264 -0.2203
vn -0.9133 0.3686 -0.1731
vn -0.9498 -0.0834 -0.3016
vn -0.9619 0.0685 -0.2648
vn -0.8598 0.4953 -0.1243
vn -0.7901 0.6084 -0.0745
vn -0.8770 -0.3326 -0.3468
vn -0.9185 -0.2185 -0.3295
vn -0.7033 0.7105 -0.0226
vn -0.5968 0.8018 0.0322
vn -0.4665 0.8799 0.0906
vn -0.3091 0.9388 0.1520
vn -0.1406 0.9678 0.2089
vn 0.0190 0.9666 0.2555
vn 0.1683 0.9412 0.2929
vn 0.3079 0.8952 0.3222
vn 0.2959 -0.9396 -0.1718
vn 0.1856 -0.9584 -0.2170
vn 0.1587 -0.9594 -0.2331
vn 0.4389 0.8300 0.3441
vn 0.5627 0.7447 0.3588
vn 0.5690 -0.8207 -0.0530
vn 0.4391 -0.8911 -0.1146
vn 0.6786 0.6372 0.3654
vn 0.7835 0.5048 0.3623
vn 0.7955 -0.6010 0.0775
vn 0.6879 -0.7257 0.0115
vn 0.8660 0.3582 0.3490
vn 0.9197 0.2156 0.3281
vn 0.9276 -0.3213 0.1905
vn 0.8768 -0.4604 0.1387
vn 0.9502 0.0786 0.3017
vn 0.9612 -0.0537 0.2707
vn 0.9543 -0.1860 0.2340
vn -0.1166 -0.3476 0.9304
vn -0.1835 -0.4195 0.8890
vn -0.1051 -0.3997 0.9106
vn -0.1289 -0.4044 0.9054
vn -0.1503 -0.4102 0.8995
vn -0.1506 -0.4095 0.8998
vn -0.1457 -0.4068 0.9018
vn -0.1506 -0.4119 0.8987
vn -0.1578 -0.4203 0.8936
vn -0.1603 -0.4243 0.8912
vn -0.1617 -0.4295 0.8884
vn -0.1635 -0.4442 0.8809
vn -0.1631 -0.4606 0.8725
vn -0.1613 -0.4691 0.8683
vn -0.1617 -0.4694 0.8681
vn -0.1677 -0.4615 0.8711
vn -0.1773 -0.4514 0.8745
vn -0.1865 -0.4443 0.8763
vn -0.1930 -0.4404 0.8768
vn -0.1945 -0.4396 0.8769
vn -0.1992 -0.4390 0.8761
vn -0.2151 -0.4382 0.8728
vn -0.2280 -0.4383 0.8694
vn -0.2251 -0.4371 0.8708
vn -0.2198 -0.4356 0.8729
vn -0.2235 -0.4381 0.8707
vn -0.2275 -0.4409 0.8682
vn -0.2254 -0.4378 0.8703
vn -0.2188 -0.4249 0.8784
vn -0.2101 -0.3975 0.8932
vn -0.2052 -0.3723 0.9051
vn -0.2044 -0.3682 0.9070
vn -0.2046 -0.3694 0.9065
vn -0.2091 -0.3582 0.9099
vn -0.2159 -0.3438 0.9139
vn 0.1514 0.7040 -0.6939
vn 0.0752 -0.2556 0.9638
vn 0.0838 -0.2613 0.9616
vn 0.0344 -0.2505 0.9675
vn 0.0407 -0.2449 0.9687
vn 0.0416 -0.2271 0.9730
vn 0.0455 -0.2096 0.9767
vn 0.0553 -0.2206 0.9738
vn 0.0822 -0.2042 0.9755
vn -0.0293 -0.1682 0.9853
vn 0.0444 -0.0166 0.9989
vn 0.0414 -0.0503 0.9979
vn 0.0292 -0.0836 0.9961
vn 0.0108 -0.1255 0.9920
vn -0.0676 -0.2231 0.9724
vn -0.0294 -0.1686 0.9852
vn 0.0175 -0.0000 0.9998
vn 0.0035 -0.0000 1.0000
vn 0.9718 -0.1921 -0.1366
vn 0.9828 -0.0319 -0.1818
vn 0.9844 -0.0304 -0.1731
vn 0.9702 -0.1938 -0.1453
vn 0.9817 -0.0329 -0.1875
vn 0.9692 -0.1948 -0.1510
vn 0.9344 -0.3392 -0.1084
vn 0.9334 -0.3401 -0.1141
vn 0.9359 -0.3378 -0.0997
vn 0.9732 -0.1908 -0.1284
vn 0.9373 -0.3362 -0.0915
vn 0.9382 -0.3353 -0.0861
vn 0.9741 -0.1898 -0.1231
vn 0.9859 -0.0290 -0.1649
vn 0.9868 -0.0280 -0.1596
vn 0.9681 0.1303 -0.2138
vn 0.9698 0.1318 -0.2052
vn 0.9307 0.2770 -0.2387
vn 0.9324 0.2788 -0.2301
vn 0.9296 0.2758 -0.2443
vn 0.9670 0.1293 -0.2195
vn 0.8813 -0.4683 -0.0629
vn 0.8800 -0.4696 -0.0716
vn 0.8790 -0.4705 -0.0774
vn 0.8085 -0.5874 -0.0348
vn 0.8077 -0.5882 -0.0406
vn 0.8099 -0.5859 -0.0260
vn 0.9713 0.1333 -0.1970
vn 0.9724 0.1332 -0.1915
vn 0.9340 0.2800 -0.2220
vn 0.9356 0.2788 -0.2165
vn 0.8827 -0.4667 -0.0547
vn 0.8112 -0.5846 -0.0178
vn 0.8121 -0.5834 -0.0124
vn 0.8836 -0.4657 -0.0493
vn 0.8752 0.4094 -0.2576
vn 0.8769 0.4111 -0.2491
vn 0.8034 0.5299 -0.2714
vn 0.8051 0.5317 -0.2628
vn 0.8023 0.5288 -0.2770
vn 0.8740 0.4083 -0.2633
vn 0.9816 -0.0331 -0.1882
vn 0.9690 -0.1949 -0.1517
vn 0.9333 -0.3401 -0.1148
vn 0.6112 -0.7899 0.0502
vn 0.7194 -0.6946 0.0026
vn 0.7209 -0.6929 0.0115
vn 0.7186 -0.6955 -0.0032
vn 0.6098 -0.7915 0.0412
vn 0.6088 -0.7925 0.0355
vn 0.9742 -0.1898 -0.1222
vn 0.9383 -0.3352 -0.0853
vn 0.8784 0.4127 -0.2409
vn 0.8799 0.4128 -0.2354
vn 0.8065 0.5337 -0.2542
vn 0.8088 0.5330 -0.2484
vn 0.6125 -0.7883 0.0586
vn 0.7220 -0.6916 0.0198
vn 0.6132 -0.7873 0.0641
vn 0.7228 -0.6906 0.0253
vn 0.9669 0.1292 -0.2202
vn 0.9295 0.2757 -0.2450
vn 0.7161 0.6429 -0.2717
vn 0.6056 0.7433 -0.2842
vn 0.6073 0.7452 -0.2755
vn 0.7144 0.6411 -0.2804
vn 0.6045 0.7420 -0.2899
vn 0.7135 0.6396 -0.2860
vn 0.8789 -0.4705 -0.0781
vn 0.8076 -0.5883 -0.0413
vn 0.3154 -0.9399 0.1312
vn 0.4758 -0.8758 0.0813
vn 0.4769 -0.8743 0.0903
vn 0.4748 -0.8768 0.0754
vn 0.3140 -0.9415 0.1221
vn 0.3131 -0.9426 0.1161
vn 0.9869 -0.0279 -0.1587
vn 0.9740 0.1248 -0.1891
vn 0.9419 0.2599 -0.2128
vn 0.8836 -0.4658 -0.0484
vn 0.8121 -0.5834 -0.0115
vn 0.7178 0.6449 -0.2626
vn 0.7238 0.6406 -0.2564
vn 0.6090 0.7471 -0.2663
vn 0.6172 0.7425 -0.2602
vn 0.3166 -0.9382 0.1397
vn 0.4782 -0.8727 0.0989
vn 0.3173 -0.9371 0.1453
vn 0.4790 -0.8716 0.1044
vn 0.8739 0.4082 -0.2640
vn 0.8021 0.5287 -0.2777
vn 0.4742 0.8370 -0.2730
vn 0.3122 0.9104 -0.2713
vn 0.3138 0.9125 -0.2624
vn 0.4726 0.8350 -0.2818
vn 0.3112 0.9090 -0.2771
vn 0.4715 0.8337 -0.2875
vn 0.7183 -0.6958 -0.0039
vn 0.1422 -0.9755 0.1676
vn 0.1407 -0.9773 0.1585
vn 0.1397 -0.9784 0.1526
vn -0.0238 -0.9821 0.1870
vn -0.0246 -0.9831 0.1812
vn -0.0223 -0.9803 0.1961
vn 0.8996 0.3714 -0.2297
vn 0.8458 0.4753 -0.2423
vn 0.6133 -0.7872 0.0650
vn 0.7230 -0.6903 0.0261
vn 0.4758 0.8390 -0.2640
vn 0.4826 0.8369 -0.2583
vn 0.3153 0.9145 -0.2536
vn 0.3174 0.9153 -0.2478
vn 0.1434 -0.9739 0.1761
vn -0.0209 -0.9786 0.2046
vn -0.0201 -0.9775 0.2101
vn 0.1443 -0.9727 0.1817
vn 0.6043 0.7419 -0.2906
vn 0.7132 0.6397 -0.2867
vn 0.1416 0.9595 -0.2437
vn 0.1402 0.9574 -0.2526
vn -0.0223 0.9753 -0.2197
vn -0.0237 0.9732 -0.2286
vn 0.1392 0.9559 -0.2585
vn -0.0247 0.9718 -0.2345
vn 0.4750 -0.8768 0.0746
vn 0.6087 -0.7926 0.0347
vn -0.1757 -0.9601 0.2174
vn -0.1770 -0.9619 0.2084
vn -0.1779 -0.9630 0.2026
vn -0.3200 -0.9206 0.2237
vn -0.3209 -0.9217 0.2178
vn -0.3187 -0.9189 0.2326
vn 0.7427 0.6194 -0.2546
vn 0.3175 -0.9369 0.1462
vn 0.4791 -0.8714 0.1053
vn 0.1430 0.9615 -0.2348
vn 0.1409 0.9633 -0.2286
vn -0.0202 0.9786 -0.2049
vn -0.0209 0.9773 -0.2108
vn -0.1742 -0.9585 0.2259
vn -0.3174 -0.9172 0.2410
vn -0.3165 -0.9160 0.2465
vn -0.1734 -0.9573 0.2314
vn 0.3111 0.9088 -0.2779
vn 0.4716 0.8334 -0.2883
vn -0.1757 0.9655 -0.1920
vn -0.1771 0.9635 -0.2009
vn -0.3197 0.9337 -0.1612
vn -0.3207 0.9318 -0.1701
vn -0.1779 0.9621 -0.2067
vn -0.3216 0.9304 -0.1759
vn 0.3131 -0.9427 0.1153
vn 0.1395 -0.9784 0.1522
vn -0.0247 -0.9833 0.1804
vn -0.5831 -0.7770 0.2372
vn -0.4537 -0.8577 0.2421
vn -0.5816 -0.7754 0.2460
vn -0.4551 -0.8594 0.2333
vn -0.4559 -0.8605 0.2274
vn -0.5840 -0.7781 0.2314
vn 0.5173 0.8156 -0.2592
vn 0.6582 0.7067 -0.2594
vn 0.1443 -0.9725 0.1826
vn -0.0200 -0.9773 0.2110
vn -0.1745 0.9674 -0.1834
vn -0.1697 0.9693 -0.1781
vn -0.3148 0.9376 -0.1477
vn -0.3183 0.9356 -0.1527
vn -0.4524 -0.8559 0.2505
vn -0.5803 -0.7737 0.2544
vn -0.4515 -0.8548 0.2560
vn -0.5793 -0.7726 0.2598
vn 0.1390 0.9558 -0.2592
vn -0.5843 0.8065 -0.0900
vn -0.4567 0.8791 -0.1362
vn -0.5855 0.8047 -0.0989
vn -0.4573 0.8779 -0.1421
vn -0.5861 0.8035 -0.1047
vn -0.4555 0.8811 -0.1273
vn -0.1779 -0.9631 0.2019
vn -0.3213 -0.9217 0.2171
vn -0.8117 -0.5391 0.2249
vn -0.7017 -0.6696 0.2436
vn -0.8103 -0.5373 0.2337
vn -0.7031 -0.6713 0.2347
vn -0.7041 -0.6722 0.2290
vn -0.8126 -0.5400 0.2191
vn 0.1458 0.9626 -0.2282
vn 0.3243 0.9129 -0.2477
vn -0.0535 0.9786 -0.1987
vn -0.1731 -0.9571 0.2323
vn -0.3164 -0.9158 0.2474
vn -0.5832 0.8082 -0.0816
vn -0.4542 0.8829 -0.1190
vn -0.4529 0.8843 -0.1135
vn -0.5825 0.8093 -0.0760
vn -0.7002 -0.6680 0.2519
vn -0.8089 -0.5358 0.2419
vn -0.6993 -0.6669 0.2574
vn -0.8079 -0.5349 0.2474
vn -0.0246 0.9716 -0.2352
vn -0.1780 0.9619 -0.2075
vn -0.8141 0.5806 -0.0035
vn -0.7063 0.7056 -0.0576
vn -0.8152 0.5790 -0.0123
vn -0.7071 0.7043 -0.0634
vn -0.8160 0.5777 -0.0181
vn -0.7052 0.7073 -0.0487
vn -0.5840 -0.7783 0.2306
vn -0.4563 -0.8605 0.2267
vn -0.8956 -0.3931 0.2081
vn -0.8965 -0.3941 0.2023
vn -0.9508 -0.2513 0.1813
vn -0.9499 -0.2503 0.1870
vn -0.8942 -0.3915 0.2168
vn -0.9486 -0.2488 0.1956
vn -0.1659 0.9699 -0.1783
vn -0.2946 0.9436 -0.1513
vn -0.5790 -0.7725 0.2607
vn -0.4514 -0.8546 0.2569
vn -0.8131 0.5821 0.0049
vn -0.7041 0.7089 -0.0403
vn -0.7033 0.7100 -0.0348
vn -0.8123 0.5832 0.0104
vn -0.8929 -0.3900 0.2250
vn -0.9473 -0.2473 0.2038
vn -0.8919 -0.3891 0.2304
vn -0.9464 -0.2463 0.2091
vn -0.4574 0.8777 -0.1428
vn -0.5861 0.8033 -0.1054
vn -0.3218 0.9302 -0.1766
vn -0.8978 0.4385 0.0409
vn -0.8990 0.4369 0.0321
vn -0.9513 0.2979 0.0798
vn -0.9524 0.2963 0.0711
vn -0.8997 0.4358 0.0263
vn -0.9532 0.2953 0.0654
vn -0.8127 -0.5402 0.2184
vn -0.7041 -0.6724 0.2283
vn -0.9803 -0.1117 0.1627
vn -0.9811 -0.1129 0.1570
vn -0.9913 0.0228 0.1299
vn -0.9905 0.0238 0.1356
vn -0.9790 -0.1103 0.1713
vn -0.9892 0.0253 0.1442
vn 0.9869 -0.0292 -0.1584
vn 0.9739 -0.1918 -0.1216
vn -0.5823 0.8095 -0.0751
vn -0.4482 0.8866 -0.1139
vn -0.6991 -0.6668 0.2582
vn -0.8078 -0.5346 0.2483
vn -0.8967 0.4400 0.0491
vn -0.8959 0.4409 0.0546
vn -0.9493 0.3003 0.0934
vn -0.9501 0.2993 0.0880
vn -0.9777 -0.1088 0.1795
vn -0.9880 0.0267 0.1523
vn -0.9768 -0.1079 0.1848
vn -0.9871 0.0277 0.1577
vn -0.7071 0.7042 -0.0641
vn -0.8161 0.5776 -0.0188
vn -0.9804 0.1605 0.1140
vn -0.9817 0.1589 0.1053
vn -0.9824 0.1581 0.0996
vn -0.8965 -0.3945 0.2017
vn -0.9509 -0.2514 0.1806
vn 0.8836 -0.4657 -0.0483
vn 0.8125 -0.5829 -0.0116
vn -0.8122 0.5833 0.0113
vn -0.7033 0.7101 -0.0338
vn -0.8918 -0.3889 0.2313
vn -0.9792 0.1619 0.1221
vn -0.9784 0.1629 0.1275
vn -0.8997 0.4358 0.0255
vn -0.9813 -0.1127 0.1563
vn -0.9914 0.0227 0.1292
vn -0.8957 0.4412 0.0554
vn -0.9491 0.3004 0.0943
vn -0.9462 -0.2462 0.2100
vn -0.9767 -0.1077 0.1857
vn -0.9532 0.2952 0.0646
vn -0.9825 0.1576 0.0990
vn -0.9782 0.1631 0.1283
vn -0.9870 0.0280 0.1585
vn 0.9811 -0.0335 -0.1908
vn 0.9685 -0.1955 -0.1542
vn 0.9798 -0.0346 -0.1968
vn 0.9673 -0.1963 -0.1604
vn 0.9328 -0.3407 -0.1173
vn 0.9316 -0.3418 -0.1235
vn 0.1499 -0.9719 0.1816
vn -0.0139 -0.9776 0.2102
vn 0.9651 0.1275 -0.2288
vn 0.9663 0.1289 -0.2227
vn 0.9289 0.2754 -0.2476
vn 0.9277 0.2740 -0.2536
vn 0.9757 -0.0380 -0.2159
vn 0.9633 -0.1994 -0.1795
vn 0.9644 -0.0457 -0.2604
vn 0.9524 -0.2066 -0.2243
vn 0.9277 -0.3449 -0.1428
vn 0.9171 -0.3515 -0.1878
vn 0.8783 -0.4712 -0.0807
vn 0.8772 -0.4722 -0.0868
vn 0.8069 -0.5890 -0.0439
vn 0.8062 -0.5896 -0.0500
vn -0.1670 -0.9584 0.2316
vn -0.3103 -0.9180 0.2469
vn 0.9495 0.1154 -0.2918
vn 0.9608 0.1240 -0.2478
vn 0.9233 0.2705 -0.2726
vn 0.9120 0.2612 -0.3161
vn 0.8722 0.4062 -0.2725
vn 0.8735 0.4073 -0.2665
vn 0.8015 0.5282 -0.2802
vn 0.8004 0.5267 -0.2863
vn 0.9441 -0.0571 -0.3247
vn 0.9325 -0.2164 -0.2891
vn 0.9166 -0.0691 -0.3937
vn 0.9057 -0.2257 -0.3589
vn 0.8982 -0.3597 -0.2529
vn 0.8721 -0.3669 -0.3237
vn 0.8736 -0.4750 -0.1061
vn 0.8634 -0.4812 -0.1513
vn 0.8024 -0.5927 -0.0697
vn 0.7925 -0.5989 -0.1153
vn 0.7170 -0.6969 -0.0128
vn 0.6084 -0.7930 0.0321
vn 0.6071 -0.7942 0.0257
vn 0.7182 -0.6959 -0.0064
vn 0.9291 0.1024 -0.3554
vn 0.8918 0.2465 -0.3795
vn 0.8646 0.2288 -0.4473
vn 0.9015 0.0874 -0.4238
vn 0.8566 0.3925 -0.3349
vn 0.8679 0.4023 -0.2913
vn 0.7961 0.5224 -0.3054
vn 0.7851 0.5118 -0.3489
vn 0.6039 0.7412 -0.2932
vn 0.7127 0.6391 -0.2892
vn 0.6026 0.7398 -0.2993
vn 0.7114 0.6377 -0.2953
vn 0.8451 -0.4885 -0.2172
vn 0.8200 -0.4941 -0.2891
vn 0.7752 -0.6051 -0.1815
vn 0.7514 -0.6088 -0.2546
vn 0.7042 -0.7057 -0.0784
vn 0.6039 -0.7970 0.0058
vn 0.5949 -0.8027 -0.0407
vn 0.7133 -0.7001 -0.0327
vn 0.4731 -0.8786 0.0656
vn 0.3126 -0.9432 0.1126
vn 0.3115 -0.9443 0.1061
vn 0.4743 -0.8774 0.0720
vn -0.5794 0.8115 -0.0760
vn -0.4427 0.8892 -0.1152
vn 0.8367 0.3764 -0.3978
vn 0.7658 0.4939 -0.4118
vn 0.7406 0.4716 -0.4786
vn 0.8103 0.3564 -0.4651
vn 0.5985 0.7351 -0.3186
vn 0.7072 0.6333 -0.3144
vn 0.5882 0.7228 -0.3627
vn 0.6965 0.6218 -0.3581
vn 0.3107 0.9082 -0.2804
vn 0.4708 0.8329 -0.2908
vn 0.3095 0.9067 -0.2866
vn 0.4697 0.8313 -0.2971
vn 0.8695 -0.2348 -0.4346
vn 0.8799 -0.0823 -0.4680
vn 0.8241 -0.0981 -0.5579
vn 0.8145 -0.2440 -0.5263
vn 0.8370 -0.3726 -0.4007
vn 0.7836 -0.3759 -0.4945
vn 0.6876 -0.7112 -0.1461
vn 0.6651 -0.7136 -0.2200
vn 0.5792 -0.8078 -0.1094
vn 0.5585 -0.8086 -0.1849
vn 0.4612 -0.8873 -0.0016
vn 0.3084 -0.9474 0.0860
vn 0.3005 -0.9530 0.0385
vn 0.4697 -0.8817 0.0454
vn 0.1391 -0.9790 0.1491
vn 0.1384 -0.9800 0.1427
vn -0.0251 -0.9838 0.1777
vn -0.0261 -0.9849 0.1714
vn -0.8103 0.5860 0.0105
vn -0.7008 0.7125 -0.0347
vn -0.8897 -0.3933 0.2319
vn -0.9453 -0.2491 0.2105
vn 0.8650 0.0704 -0.4967
vn 0.8289 0.2081 -0.5192
vn 0.7750 0.1795 -0.6059
vn 0.8097 0.0477 -0.5849
vn 0.5707 0.7021 -0.4259
vn 0.6780 0.6026 -0.4211
vn 0.5483 0.6752 -0.4935
vn 0.6539 0.5775 -0.4887
vn 0.3059 0.9014 -0.3065
vn 0.4659 0.8262 -0.3166
vn 0.2971 0.8879 -0.3512
vn 0.4561 0.8135 -0.3608
vn 0.1387 0.9551 -0.2618
vn -0.0251 0.9710 -0.2378
vn 0.1375 0.9535 -0.2681
vn -0.0259 0.9694 -0.2441
vn 0.7866 -0.4965 -0.3671
vn 0.7358 -0.4945 -0.4627
vn 0.7197 -0.6086 -0.3340
vn 0.6715 -0.6021 -0.4319
vn 0.4469 -0.8917 -0.0712
vn 0.4282 -0.8915 -0.1480
vn 0.2872 -0.9573 -0.0323
vn 0.2706 -0.9564 -0.1103
vn 0.1355 -0.9832 0.1225
vn 0.1277 -0.9890 0.0747
vn -0.0290 -0.9881 0.1511
vn -0.0359 -0.9940 0.1034
vn -0.1785 -0.9636 0.1991
vn -0.1791 -0.9647 0.1930
vn -0.3215 -0.9223 0.2145
vn -0.3224 -0.9234 0.2082
vn -0.9765 -0.1093 0.1860
vn 0.7758 0.3318 -0.5367
vn 0.7073 0.4442 -0.5499
vn 0.6584 0.4045 -0.6347
vn 0.7241 0.2978 -0.6221
vn 0.2830 0.8645 -0.4154
vn 0.4402 0.7910 -0.4249
vn 0.2656 0.8334 -0.4846
vn 0.4200 0.7621 -0.4928
vn 0.1342 0.9483 -0.2878
vn -0.0289 0.9641 -0.2638
vn 0.1266 0.9345 -0.3327
vn -0.0358 0.9503 -0.3092
vn -0.1784 0.9613 -0.2101
vn -0.3220 0.9296 -0.1792
vn -0.1790 0.9598 -0.2163
vn -0.3228 0.9281 -0.1856
vn 0.6354 -0.7110 -0.3012
vn 0.5908 -0.7000 -0.4012
vn 0.5315 -0.8036 -0.2676
vn 0.4911 -0.7885 -0.3702
vn 0.5796 -0.1401 -0.8027
vn 0.7203 -0.2530 -0.6458
vn 0.5683 -0.2574 -0.7815
vn 0.6901 -0.3736 -0.6198
vn 0.5364 -0.3591 -0.7638
vn 0.7296 -0.1180 -0.6736
vn 0.1161 -0.9932 0.0036
vn 0.1028 -0.9918 -0.0753
vn -0.0464 -0.9984 0.0326
vn -0.0575 -0.9973 -0.0465
vn -0.1822 -0.9680 0.1724
vn -0.1890 -0.9740 0.1252
vn -0.3257 -0.9267 0.1876
vn -0.3316 -0.9328 0.1410
vn -0.5855 -0.7798 0.2218
vn -0.4565 -0.8610 0.2241
vn -0.5845 -0.7787 0.2280
vn 0.6229 0.5469 -0.5594
vn 0.5200 0.6406 -0.5649
vn 0.4784 0.5914 -0.6491
vn 0.5771 0.5019 -0.6443
vn 0.5290 0.0729 -0.8455
vn 0.7147 0.0156 -0.6992
vn 0.5635 -0.0248 -0.8257
vn 0.6806 0.1345 -0.7202
vn 0.1143 0.9103 -0.3978
vn -0.0458 0.9263 -0.3741
vn 0.1005 0.8785 -0.4670
vn -0.0565 0.8942 -0.4440
vn -0.1820 0.9545 -0.2363
vn -0.3251 0.9231 -0.2053
vn -0.1878 0.9411 -0.2812
vn -0.3310 0.9097 -0.2506
vn -0.4576 0.8772 -0.1454
vn -0.5866 0.8027 -0.1080
vn -0.4585 0.8757 -0.1517
vn -0.5872 0.8013 -0.1143
vn 0.4042 -0.8846 -0.2326
vn 0.3688 -0.8658 -0.3381
vn 0.2505 -0.9480 -0.1963
vn 0.2219 -0.9264 -0.3040
vn 0.6440 -0.4817 -0.5943
vn 0.4931 -0.4464 -0.7467
vn 0.5848 -0.5789 -0.5683
vn 0.4440 -0.5227 -0.7277
vn -0.1978 -0.9787 0.0543
vn -0.2069 -0.9781 -0.0244
vn -0.3400 -0.9378 0.0701
vn -0.3466 -0.9380 -0.0083
vn -0.5938 -0.7896 0.1547
vn -0.4604 -0.8655 0.1976
vn -0.5882 -0.7831 0.2017
vn -0.4577 -0.8620 0.2177
vn -0.8141 -0.5417 0.2094
vn -0.7045 -0.6729 0.2256
vn -0.8130 -0.5408 0.2158
vn -0.7054 -0.6741 0.2193
vn 0.3946 0.7248 -0.5647
vn 0.2446 0.7937 -0.5570
vn 0.2160 0.7352 -0.6426
vn 0.3586 0.6702 -0.6498
vn 0.4346 0.2333 -0.8699
vn 0.6327 0.2407 -0.7360
vn 0.4850 0.1573 -0.8602
vn 0.5724 0.3373 -0.7474
vn -0.1961 0.9173 -0.3467
vn -0.3371 0.8867 -0.3166
vn -0.2040 0.8856 -0.4172
vn -0.3418 0.8564 -0.3870
vn -0.4609 0.8707 -0.1716
vn -0.5896 0.7965 -0.1341
vn -0.4654 0.8581 -0.2169
vn -0.5936 0.7845 -0.1793
vn -0.7075 0.7036 -0.0668
vn -0.8162 0.5773 -0.0215
vn -0.7081 0.7024 -0.0730
vn -0.8171 0.5758 -0.0278
vn 0.0865 -0.9830 -0.1622
vn 0.0649 -0.9602 -0.2718
vn -0.0693 -0.9885 -0.1342
vn -0.0841 -0.9659 -0.2449
vn 0.3864 -0.5947 -0.7050
vn 0.5121 -0.6675 -0.5405
vn 0.3165 -0.6636 -0.6778
vn 0.4219 -0.7493 -0.5105
vn 0.4080 -0.2554 -0.8765
vn 0.4223 -0.1559 -0.8930
vn 0.3208 -0.1637 -0.9329
vn 0.2632 -0.2288 -0.9372
vn 0.3703 -0.3354 -0.8663
vn 0.2190 -0.3005 -0.9283
vn -0.5995 -0.7959 0.0847
vn -0.4663 -0.8717 0.1509
vn -0.4732 -0.8772 0.0806
vn -0.4779 -0.8784 0.0018
vn -0.6031 -0.7977 0.0065
vn -0.8216 -0.5517 0.1436
vn -0.7084 -0.6770 0.1996
vn -0.8167 -0.5449 0.1897
vn -0.7136 -0.6837 0.1527
vn -0.8969 -0.3949 0.1989
vn -0.8979 -0.3958 0.1927
vn -0.9521 -0.2531 0.1717
vn -0.9513 -0.2518 0.1779
vn 0.0844 0.8373 -0.5403
vn -0.0682 0.8527 -0.5179
vn 0.0633 0.7763 -0.6272
vn -0.0817 0.7915 -0.6057
vn 0.3069 0.3751 -0.8747
vn 0.4990 0.4255 -0.7549
vn 0.3765 0.3056 -0.8746
vn 0.4103 0.5069 -0.7580
vn 0.4045 -0.0566 -0.9128
vn 0.3671 0.0162 -0.9301
vn 0.2205 -0.0357 -0.9747
vn 0.2635 -0.1001 -0.9595
vn -0.4701 0.8361 -0.2828
vn -0.5970 0.7636 -0.2460
vn -0.4731 0.8066 -0.3543
vn -0.5978 0.7358 -0.3181
vn -0.7102 0.6979 -0.0926
vn -0.8190 0.5717 -0.0478
vn -0.7139 0.6865 -0.1386
vn -0.8225 0.5610 -0.0933
vn -0.9001 0.4352 0.0228
vn -0.9536 0.2944 0.0623
vn -0.9008 0.4339 0.0166
vn -0.9543 0.2937 0.0558
vn -0.2153 -0.9701 -0.1124
vn -0.2235 -0.9487 -0.2237
vn -0.3515 -0.9312 -0.0966
vn -0.3541 -0.9118 -0.2081
vn 0.2261 -0.7272 -0.6481
vn 0.3115 -0.8204 -0.4796
vn 0.1118 -0.7769 -0.6196
vn 0.2957 -0.4489 -0.8432
vn 0.1898 -0.3369 -0.9222
vn 0.3325 -0.3955 -0.8562
vn 0.1613 -0.3723 -0.9140
vn -0.8256 -0.5595 0.0738
vn -0.7183 -0.6908 0.0825
vn -0.7200 -0.6940 0.0048
vn -0.8250 -0.5651 -0.0041
vn -0.9004 -0.3991 0.1732
vn -0.9049 -0.4062 0.1271
vn -0.9587 -0.2637 0.1068
vn -0.9546 -0.2561 0.1522
vn -0.9816 -0.1132 0.1537
vn -0.9824 -0.1144 0.1476
vn -0.9925 0.0213 0.1206
vn -0.9917 0.0224 0.1267
vn -0.2109 0.8449 -0.4915
vn -0.3451 0.8166 -0.4627
vn -0.2180 0.7843 -0.5808
vn -0.3458 0.7577 -0.5534
vn 0.1073 0.4946 -0.8625
vn 0.3017 0.5804 -0.7564
vn 0.2190 0.4408 -0.8705
vn 0.1708 0.6401 -0.7491
vn 0.3288 0.0749 -0.9414
vn 0.2900 0.1284 -0.9484
vn 0.1590 0.0363 -0.9866
vn 0.1877 0.0010 -0.9822
vn -0.7164 0.6667 -0.2056
vn -0.8240 0.5433 -0.1605
vn -0.7151 0.6413 -0.2781
vn -0.8212 0.5205 -0.2338
vn -0.9027 0.4303 -0.0028
vn -0.9563 0.2900 0.0364
vn -0.9059 0.4207 -0.0487
vn -0.9597 0.2809 -0.0090
vn -0.9829 0.1572 0.0963
vn -0.9836 0.1564 0.0902
vn -0.6018 -0.7945 -0.0819
vn -0.4799 -0.8730 -0.0871
vn -0.4771 -0.8562 -0.1980
vn -0.5938 -0.7812 -0.1929
vn 0.0327 -0.9069 -0.4201
vn -0.0136 -0.8009 -0.5986
vn -0.1040 -0.9112 -0.3985
vn -0.1295 -0.7999 -0.5860
vn 0.1771 -0.8763 -0.4481
vn 0.2091 -0.5556 -0.8047
vn 0.2556 -0.5016 -0.8265
vn 0.1349 -0.4096 -0.9022
vn 0.1058 -0.4492 -0.8871
vn -0.9081 -0.4146 0.0584
vn -0.9063 -0.4222 -0.0184
vn -0.9586 -0.2822 -0.0371
vn -0.9612 -0.2733 0.0383
vn -0.9847 -0.1178 0.1283
vn -0.9886 -0.1253 0.0830
vn -0.9984 0.0097 0.0563
vn -0.9947 0.0177 0.1012
vn -0.4727 0.7686 -0.4311
vn -0.5940 0.7000 -0.3964
vn -0.4672 0.7127 -0.5233
vn -0.5832 0.6479 -0.4900
vn -0.1006 0.6880 -0.7187
vn -0.0126 0.5223 -0.8527
vn -0.1248 0.5256 -0.8415
vn 0.0322 0.6760 -0.7362
vn 0.2500 0.1816 -0.9511
vn 0.2037 0.2370 -0.9499
vn 0.1054 0.1139 -0.9879
vn 0.1324 0.0737 -0.9885
vn -0.9072 0.4044 -0.1158
vn -0.9609 0.2662 -0.0763
vn -0.9035 0.3843 -0.1895
vn -0.9569 0.2490 -0.1498
vn -0.9857 0.1529 0.0708
vn -0.9893 0.1440 0.0253
vn -0.8186 -0.5672 -0.0908
vn -0.7162 -0.6930 -0.0826
vn -0.7030 -0.6843 -0.1940
vn -0.8017 -0.5632 -0.2001
vn -0.2311 -0.8948 -0.3819
vn -0.2331 -0.7829 -0.5769
vn -0.3494 -0.8611 -0.3693
vn -0.3275 -0.7550 -0.5680
vn 0.0481 -0.6575 -0.7519
vn 0.1429 -0.6135 -0.7767
vn 0.0522 -0.5090 -0.8592
vn 0.0100 -0.5767 -0.8169
vn -0.9906 -0.1362 0.0151
vn -0.9872 -0.1475 -0.0602
vn -0.9962 -0.0150 -0.0857
vn -0.9999 -0.0019 -0.0110
vn -0.7085 0.6089 -0.3568
vn -0.8124 0.4915 -0.3136
vn -0.6928 0.5609 -0.4532
vn -0.7927 0.4496 -0.4117
vn -0.3395 0.6553 -0.6748
vn -0.2252 0.5140 -0.8277
vn -0.3177 0.4926 -0.8102
vn -0.2240 0.6797 -0.6984
vn 0.1393 0.2977 -0.9444
vn 0.0465 0.3450 -0.9374
vn 0.0141 0.2628 -0.9648
vn 0.0582 0.1779 -0.9823
vn -0.9905 0.1309 -0.0415
vn -0.9865 0.1163 -0.1156
vn -0.9490 -0.2907 -0.1217
vn -0.8981 -0.4273 -0.1040
vn -0.8778 -0.4293 -0.2125
vn -0.9265 -0.2986 -0.2289
vn -0.4612 -0.8116 -0.3585
vn -0.4185 -0.7168 -0.5578
vn -0.5680 -0.7443 -0.3514
vn -0.5072 -0.6659 -0.5471
vn -0.0581 -0.6744 -0.7361
vn -0.0749 -0.5465 -0.8341
vn -0.1517 -0.6642 -0.7320
vn -0.1595 -0.5277 -0.8343
vn -0.8932 0.3597 -0.2700
vn -0.9460 0.2274 -0.2311
vn -0.8707 0.3237 -0.3701
vn -0.9218 0.1983 -0.3330
vn -0.5549 0.5588 -0.6163
vn -0.4060 0.4627 -0.7881
vn -0.4944 0.4214 -0.7603
vn -0.4493 0.6155 -0.6476
vn -0.0561 0.3647 -0.9294
vn -0.1468 0.3579 -0.9222
vn -0.0788 0.2220 -0.9719
vn -0.1554 0.2026 -0.9669
vn -0.9852 -0.0297 -0.1685
vn -0.9770 -0.1583 -0.1430
vn -0.9532 -0.1716 -0.2489
vn -0.9610 -0.0479 -0.2725
vn -0.6686 -0.6570 -0.3484
vn -0.5947 -0.5971 -0.5383
vn -0.7601 -0.5464 -0.3518
vn -0.6763 -0.5031 -0.5381
vn -0.2259 -0.6456 -0.7295
vn -0.2094 -0.5110 -0.8337
vn -0.2936 -0.6238 -0.7244
vn -0.2549 -0.4948 -0.8308
vn -0.9753 0.0985 -0.1975
vn -0.9509 0.0750 -0.3004
vn -0.7491 0.3819 -0.5413
vn -0.5817 0.3633 -0.7277
vn -0.6647 0.2797 -0.6928
vn -0.6558 0.4823 -0.5808
vn -0.2195 0.3419 -0.9137
vn -0.2847 0.3245 -0.9020
vn -0.2045 0.1877 -0.9607
vn -0.2497 0.1741 -0.9525
vn -0.8304 -0.4225 -0.3631
vn -0.7361 -0.3951 -0.5496
vn -0.8742 -0.3014 -0.3806
vn -0.7698 -0.2914 -0.5679
vn -0.3591 -0.5990 -0.7157
vn -0.3005 -0.4804 -0.8240
vn -0.4267 -0.5678 -0.7040
vn -0.3495 -0.4655 -0.8131
vn 0.0158 -0.1727 -0.9849
vn 0.1476 -0.1714 -0.9741
vn 0.0886 -0.2352 -0.9679
vn 0.0882 -0.1085 -0.9902
vn 0.0593 -0.0767 -0.9953
vn 0.0355 -0.0488 -0.9982
vn -0.0467 -0.1045 -0.9934
vn -0.0207 -0.1339 -0.9908
vn 0.0135 -0.0175 -0.9998
vn -0.0111 0.0188 -0.9998
vn -0.0939 -0.0231 -0.9953
vn -0.0685 -0.0698 -0.9952
vn -0.8681 0.1506 -0.4729
vn -0.7270 0.1782 -0.6632
vn -0.7630 0.0779 -0.6417
vn -0.8216 0.2663 -0.5041
vn -0.3497 0.3052 -0.8857
vn -0.4166 0.2815 -0.8644
vn -0.2943 0.1638 -0.9416
vn -0.3425 0.1543 -0.9268
vn -0.0548 0.0887 -0.9946
vn -0.1310 0.0599 -0.9896
vn -0.7844 -0.1969 -0.5881
vn -0.8967 -0.1870 -0.4011
vn -0.7872 -0.1073 -0.6072
vn -0.9031 -0.0746 -0.4228
vn -0.5009 -0.5219 -0.6904
vn -0.4230 -0.4314 -0.7969
vn -0.5051 -0.3998 -0.7649
vn -0.0468 -0.2405 -0.9695
vn 0.0595 -0.2673 -0.9618
vn 0.0359 -0.2948 -0.9549
vn -0.0204 -0.2116 -0.9771
vn -0.7810 -0.0167 -0.6243
vn -0.8940 0.0371 -0.4465
vn -0.4902 0.2458 -0.8363
vn -0.4975 0.1108 -0.8603
vn -0.4158 0.1278 -0.9004
vn -0.6230 -0.3514 -0.6989
vn -0.5751 -0.4439 -0.6872
vn -0.5002 -0.3211 -0.8041
vn -0.6407 -0.2668 -0.7199
vn -0.5066 -0.2412 -0.8278
vn -0.0092 -0.3611 -0.9325
vn 0.0139 -0.3253 -0.9455
vn -0.0689 -0.2734 -0.9594
vn -0.0958 -0.3173 -0.9435
vn -0.0995 -0.1393 -0.9852
vn -0.1000 -0.2045 -0.9737
vn -0.1467 -0.1710 -0.9743
vn -0.0681 -0.1719 -0.9828
vn -0.1219 -0.1000 -0.9875
vn -0.1442 -0.0445 -0.9885
vn -0.1832 -0.0584 -0.9813
vn -0.1641 -0.1175 -0.9794
vn -0.1742 0.0458 -0.9836
vn -0.2110 0.0345 -0.9769
vn -0.5655 0.1767 -0.8056
vn -0.6154 0.0887 -0.7832
vn -0.6361 0.0040 -0.7716
vn -0.4954 0.0258 -0.8683
vn -0.5044 -0.0553 -0.8617
vn -0.6456 -0.1329 -0.7520
vn -0.6454 -0.1952 -0.7385
vn -0.5059 -0.1929 -0.8407
vn -0.5050 -0.1501 -0.8500
vn -0.0515 -0.4317 -0.9005
vn -0.1345 -0.3978 -0.9076
vn -0.1458 -0.2959 -0.9440
vn -0.1225 -0.2423 -0.9624
vn -0.1647 -0.2226 -0.9609
vn -0.1848 -0.2802 -0.9420
vn -0.6432 -0.0672 -0.7628
vn -0.5050 -0.1047 -0.8567
vn -0.2471 0.0262 -0.9686
vn -0.2897 0.0179 -0.9570
vn -0.2748 -0.0751 -0.9586
vn -0.2047 -0.1691 -0.9641
vn -0.2099 -0.1248 -0.9697
vn -0.2222 -0.0662 -0.9727
vn -0.2707 -0.1269 -0.9543
vn -0.2683 -0.1664 -0.9489
vn -0.3736 0.0043 -0.9276
vn -0.3675 -0.0808 -0.9265
vn -0.2142 -0.3672 -0.9051
vn -0.1769 -0.3808 -0.9076
vn -0.2100 -0.2127 -0.9543
vn -0.2715 -0.2051 -0.9403
vn -0.2241 -0.2698 -0.9365
vn -0.2765 -0.2559 -0.9263
vn -0.2929 -0.3453 -0.8916
vn -0.2501 -0.3569 -0.9000
vn -0.3648 -0.1616 -0.9169
vn -0.3652 -0.1243 -0.9226
vn -0.3703 -0.2387 -0.8977
vn -0.3780 -0.3210 -0.8684
vn -0.3671 -0.1970 -0.9091
vn 0.9744 0.1225 -0.1886
vn 0.9434 0.2553 -0.2118
vn 0.9010 0.3687 -0.2287
vn 0.8787 0.4156 -0.2349
vn 0.6145 -0.7863 0.0647
vn 0.7237 -0.6896 0.0259
vn 0.3216 -0.9357 0.1453
vn 0.4811 -0.8704 0.1048
vn -0.1625 0.9703 -0.1790
vn -0.1242 0.9745 -0.1866
vn -0.2852 0.9461 -0.1532
vn -0.5742 -0.7761 0.2607
vn -0.4456 -0.8576 0.2566
vn -0.8043 -0.5396 0.2488
vn -0.6950 -0.6709 0.2585
vn -0.8946 0.4434 0.0549
vn -0.9486 0.3022 0.0939
vn -0.9781 0.1641 0.1281
vn -0.9870 0.0276 0.1586
vn -0.0258 0.0340 -0.9991
vn -0.0157 0.0334 -0.9993
vn -0.0640 0.0620 -0.9960
vn -0.0035 0.0214 -0.9998
vn 0.0178 0.0069 -0.9998
vn 0.0131 0.0082 -0.9999
vn 0.0014 0.0082 -1.0000
vn 0.0058 0.0050 -1.0000
vn -0.0047 0.0106 -0.9999
vn 0.0006 0.0010 -1.0000
vn 0.0010 0.0012 -1.0000
vn 0.0011 0.0013 -1.0000
vn -0.7663 0.6425 -0.0000
vn -0.7667 0.6420 -0.0000
vn -0.7670 0.6417 -0.0000
vn -0.7661 0.6427 -0.0000
vn -0.7671 0.6416 -0.0002
vn -0.7677 0.6409 -0.0003
vn -0.7668 0.6419 -0.0002
vn -0.7681 0.6403 -0.0005
vn -0.7663 0.6425 -0.0001
vn 0.7693 -0.6389 0.0006
vn 0.7732 -0.6342 0.0002
vn 0.7696 -0.6385 0.0002
vn 0.7745 -0.6326 0.0001
vn 0.7746 -0.6324 0.0001
vn 0.7668 -0.6419 -0.0000
vn 0.7667 -0.6420 0.0002
vn -0.0082 0.1472 0.9891
vn 0.0108 0.1266 0.9919
vn -0.0084 0.1457 0.9893
vn 0.0317 -0.0074 0.9995
vn 0.0307 0.0147 0.9994
vn 0.0293 0.0186 0.9994
vn 0.0474 0.0346 0.9983
vn 0.0438 0.0317 0.9985
vn 0.0476 0.0400 0.9981
vn 0.0339 0.0676 0.9971
vn 0.0417 0.0539 0.9977
vn 0.0342 0.0724 0.9968
vn 0.0233 0.1023 0.9945
vn 0.0296 0.0891 0.9956
vn 0.0236 0.1069 0.9940
vn -0.0838 0.2500 0.9646
vn -0.1602 0.3260 0.9317
vn -0.1166 0.3476 0.9304
vn -0.0475 0.1949 0.9797
vn -0.0659 0.2208 0.9731
vn -0.0475 0.1918 0.9803
vn -0.7660 -0.6429 -0.0000
vn -0.7660 -0.6429 -0.0001
vn -0.7659 -0.6429 -0.0001
vn 0.7658 0.6431 -0.0001
vn 0.7653 0.6437 -0.0003
vn 0.7655 0.6434 -0.0004
vn 0.7652 0.6438 -0.0005
vn 0.7655 0.6434 -0.0006
vn 0.7660 0.6429 -0.0000
vn 0.0236 -0.0040 -0.9997
vn 0.0367 -0.0151 -0.9992
vn 0.0277 -0.0100 -0.9996
vn 0.0422 -0.0236 -0.9988
vn 0.0097 -0.0011 -1.0000
vn 0.0085 0.0013 -1.0000
vn -0.0111 0.0104 -0.9999
vn -0.0471 0.0403 -0.9981
vn -0.0155 0.0102 -0.9998
vn -0.0586 0.0428 -0.9974
vn -0.1052 0.0773 -0.9914
vn -0.1203 0.0818 -0.9894
vn 0.0010 0.0010 -1.0000
vn 0.0011 0.0007 -1.0000
vn -0.0000 0.0005 -1.0000
vn -0.0008 0.0003 -1.0000
vn 0.0788 0.2320 0.9695
vn 0.0580 0.2329 0.9708
vn 0.0779 0.2591 0.9627
vn 0.0774 0.2624 0.9618
vn 0.0738 0.2527 0.9647
vn 0.0751 0.2539 0.9643
vn 0.0814 0.2591 0.9624
vn 0.0707 0.2566 0.9639
vn 0.0521 0.2516 0.9664
vn 0.0406 0.2502 0.9673
vn 0.0315 0.2510 0.9675
vn 0.0328 0.2502 0.9676
vn 0.0377 0.2470 0.9683
vn 0.0379 0.2488 0.9678
vn 0.0361 0.2510 0.9673
vn 0.0388 0.2421 0.9695
vn 0.0417 0.2109 0.9766
vn 0.0406 0.2007 0.9788
vn 0.0418 0.2027 0.9784
vn 0.0496 0.2151 0.9753
vn 0.0534 0.2189 0.9743
vn 0.0555 0.2206 0.9738
vn 0.0531 0.2199 0.9741
vn 0.0502 0.2193 0.9744
vn 0.0534 0.2041 0.9775
vn 0.0864 0.2096 0.9740
vn 0.0816 0.2018 0.9760
vn 0.0833 0.1980 0.9767
vn 0.0698 0.0832 0.9941
vn 0.0623 0.0743 0.9953
vn 0.0574 0.0684 0.9960
vn 0.0576 0.0543 0.9969
vn 0.0498 0.0516 0.9974
vn 0.0496 0.0558 0.9972
vn 0.0578 0.0464 0.9972
vn 0.0465 0.0554 0.9974
vn 0.0490 0.0584 0.9971
vn 0.0466 0.0545 0.9974
vn 0.0534 0.0636 0.9965
vn 0.0884 0.1360 0.9868
vn 0.1145 0.1884 0.9754
vn 0.1088 0.1417 0.9839
vn 0.0690 0.1693 0.9831
vn 0.0857 0.1021 0.9911
vn 0.0953 0.1136 0.9890
vn 0.0916 0.1132 0.9893
vn 0.0781 0.0931 0.9926
vn -0.9543 -0.0636 -0.2919
vn -0.9456 -0.2215 -0.2381
vn -0.9569 -0.0618 -0.2836
vn -0.9431 -0.2233 -0.2465
vn -0.9115 -0.3646 -0.1903
vn -0.9090 -0.3663 -0.1987
vn -0.9414 -0.2245 -0.2519
vn -0.9073 -0.3675 -0.2041
vn -0.9526 -0.0648 -0.2973
vn -0.9020 0.2429 -0.3571
vn -0.9417 0.0989 -0.3214
vn -0.9046 0.2448 -0.3488
vn -0.9391 0.0971 -0.3297
vn -0.9373 0.0960 -0.3351
vn -0.9001 0.2418 -0.3624
vn -0.9138 -0.3629 -0.1823
vn -0.9480 -0.2200 -0.2302
vn -0.9594 -0.0601 -0.2757
vn -0.9494 -0.2196 -0.2247
vn -0.9609 -0.0610 -0.2700
vn -0.9153 -0.3617 -0.1771
vn -0.8588 -0.4925 -0.1410
vn -0.8565 -0.4941 -0.1495
vn -0.7896 -0.6070 -0.0903
vn -0.7872 -0.6088 -0.0988
vn -0.8548 -0.4953 -0.1549
vn -0.7856 -0.6099 -0.1043
vn -0.7775 0.4959 -0.3869
vn -0.8502 0.3771 -0.3675
vn -0.7801 0.4980 -0.3787
vn -0.8475 0.3749 -0.3757
vn -0.8456 0.3737 -0.3810
vn -0.7758 0.4943 -0.3922
vn -0.9442 0.1009 -0.3136
vn -0.9072 0.2468 -0.3408
vn -0.9462 0.0994 -0.3079
vn -0.9105 0.2428 -0.3348
vn -0.7917 -0.6053 -0.0822
vn -0.8611 -0.4907 -0.1330
vn -0.8626 -0.4895 -0.1278
vn -0.7932 -0.6041 -0.0770
vn -0.7027 -0.7105 -0.0374
vn -0.7003 -0.7124 -0.0459
vn -0.5954 -0.8032 0.0187
vn -0.5932 -0.8050 0.0101
vn -0.6989 -0.7134 -0.0516
vn -0.5917 -0.8062 0.0044
vn -0.9411 -0.2247 -0.2526
vn -0.9072 -0.3675 -0.2049
vn -0.9524 -0.0649 -0.2980
vn -0.5853 0.7123 -0.3874
vn -0.6936 0.6102 -0.3828
vn -0.5880 0.7145 -0.3791
vn -0.6910 0.6080 -0.3910
vn -0.6893 0.6065 -0.3964
vn -0.5836 0.7107 -0.3928
vn -0.8529 0.3790 -0.3591
vn -0.7828 0.5003 -0.3699
vn -0.8581 0.3729 -0.3531
vn -0.7910 0.4920 -0.3637
vn -0.9371 0.0959 -0.3357
vn -0.9000 0.2416 -0.3629
vn -0.5977 -0.8013 0.0269
vn -0.7050 -0.7086 -0.0293
vn -0.7062 -0.7076 -0.0240
vn -0.5990 -0.8001 0.0321
vn -0.9490 -0.2241 -0.2219
vn -0.9614 -0.0703 -0.2659
vn -0.9154 -0.3621 -0.1758
vn -0.4643 -0.8822 0.0783
vn -0.4619 -0.8842 0.0697
vn -0.3061 -0.9415 0.1408
vn -0.3036 -0.9436 0.1321
vn -0.4602 -0.8855 0.0640
vn -0.3022 -0.9448 0.1263
vn -0.8546 -0.4953 -0.1557
vn -0.7853 -0.6101 -0.1050
vn -0.3032 0.8898 -0.3411
vn -0.4563 0.8072 -0.3744
vn -0.4590 0.8095 -0.3661
vn -0.4547 0.8056 -0.3799
vn -0.3007 0.8871 -0.3501
vn -0.2990 0.8857 -0.3552
vn -0.6965 0.6127 -0.3735
vn -0.5910 0.7167 -0.3703
vn -0.7099 0.6007 -0.3677
vn -0.6082 0.7048 -0.3652
vn -0.8455 0.3733 -0.3817
vn -0.7754 0.4943 -0.3929
vn -0.9495 0.0821 -0.3027
vn -0.9221 0.2050 -0.3281
vn -0.3081 -0.9396 0.1491
vn -0.4663 -0.8804 0.0866
vn -0.4679 -0.8790 0.0918
vn -0.3096 -0.9383 0.1543
vn -0.8628 -0.4894 -0.1269
vn -0.7935 -0.6037 -0.0767
vn -0.1367 -0.9705 0.1987
vn -0.1346 -0.9725 0.1899
vn 0.0233 -0.9690 0.2459
vn 0.0256 -0.9711 0.2372
vn -0.1331 -0.9738 0.1841
vn 0.0272 -0.9725 0.2315
vn -0.6984 -0.7138 -0.0521
vn -0.5913 -0.8064 0.0038
vn 0.0235 0.9643 -0.2639
vn -0.1336 0.9400 -0.3140
vn -0.1360 0.9424 -0.3055
vn -0.1321 0.9383 -0.3196
vn 0.0258 0.9618 -0.2725
vn 0.0274 0.9602 -0.2781
vn -0.3058 0.8922 -0.3324
vn -0.3218 0.8880 -0.3284
vn -0.4614 0.8120 -0.3575
vn -0.4780 0.8043 -0.3530
vn -0.6888 0.6066 -0.3970
vn -0.5833 0.7106 -0.3935
vn -0.9030 0.2637 -0.3391
vn -0.8694 0.3482 -0.3507
vn 0.0211 -0.9670 0.2540
vn -0.1390 -0.9684 0.2069
vn -0.1404 -0.9671 0.2120
vn 0.0197 -0.9656 0.2591
vn -0.7069 -0.7069 -0.0242
vn -0.5997 -0.7996 0.0316
vn 0.1724 -0.9434 0.2834
vn 0.1749 -0.9455 0.2748
vn 0.3116 -0.8973 0.3127
vn 0.3140 -0.8994 0.3041
vn 0.1764 -0.9468 0.2692
vn 0.3156 -0.9007 0.2985
vn -0.4602 -0.8856 0.0632
vn -0.3021 -0.9450 0.1256
vn 0.3135 0.9343 -0.1698
vn 0.1752 0.9580 -0.2271
vn 0.1732 0.9604 -0.2184
vn 0.1769 0.9563 -0.2326
vn 0.3157 0.9319 -0.1785
vn 0.3172 0.9303 -0.1841
vn -0.1386 0.9449 -0.2965
vn 0.0210 0.9667 -0.2549
vn 0.0050 0.9676 -0.2526
vn -0.1553 0.9432 -0.2936
vn -0.4545 0.8053 -0.3806
vn -0.2990 0.8854 -0.3560
vn -0.7675 0.5257 -0.3669
vn -0.6995 0.6121 -0.3689
vn 0.3093 -0.8952 0.3207
vn 0.1702 -0.9413 0.2916
vn 0.1688 -0.9400 0.2966
vn 0.3079 -0.8939 0.3257
vn -0.4686 -0.8787 0.0909
vn -0.3104 -0.9382 0.1530
vn 0.4425 -0.8321 0.3344
vn 0.5690 -0.7486 0.3402
vn 0.5665 -0.7466 0.3487
vn 0.5706 -0.7500 0.3347
vn 0.4450 -0.8341 0.3259
vn 0.4465 -0.8355 0.3203
vn -0.1327 -0.9740 0.1835
vn 0.0276 -0.9726 0.2308
vn 0.5726 0.8175 -0.0621
vn 0.4487 0.8847 -0.1265
vn 0.4465 0.8870 -0.1179
vn 0.4499 0.8832 -0.1322
vn 0.5748 0.8152 -0.0707
vn 0.5759 0.8139 -0.0765
vn 0.1709 0.9628 -0.2095
vn 0.3113 0.9366 -0.1610
vn 0.2987 0.9411 -0.1587
vn 0.1564 0.9657 -0.2072
vn -0.1319 0.9381 -0.3203
vn 0.0273 0.9600 -0.2788
vn -0.4231 0.8380 -0.3446
vn -0.5773 0.7315 -0.3628
vn 0.4401 -0.8301 0.3424
vn 0.4388 -0.8287 0.3474
vn 0.5626 -0.7434 0.3617
vn -0.1407 -0.9674 0.2107
vn 0.0201 -0.9660 0.2578
vn 0.6854 -0.6405 0.3463
vn 0.6831 -0.6384 0.3548
vn 0.7910 -0.5069 0.3425
vn 0.7887 -0.5048 0.3510
vn 0.7926 -0.5081 0.3370
vn 0.6871 -0.6416 0.3408
vn 0.1763 -0.9470 0.2684
vn 0.3157 -0.9009 0.2978
vn 0.7970 0.6008 0.0617
vn 0.6928 0.7210 -0.0108
vn 0.6907 0.7231 -0.0022
vn 0.6943 0.7195 -0.0164
vn 0.7991 0.5989 0.0531
vn 0.8005 0.5974 0.0475
vn 0.4441 0.8893 -0.1094
vn 0.5705 0.8195 -0.0539
vn 0.5625 0.8252 -0.0511
vn 0.4326 0.8952 -0.1074
vn 0.1769 0.9562 -0.2334
vn 0.3174 0.9301 -0.1847
vn -0.0627 0.9599 -0.2732
vn -0.2930 0.9002 -0.3223
vn 0.6807 -0.6364 0.3627
vn 0.5642 -0.7446 0.3567
vn 0.6792 -0.6352 0.3677
vn 0.7863 -0.5029 0.3589
vn 0.7846 -0.5019 0.3640
vn 0.1701 -0.9401 0.2955
vn 0.3098 -0.8936 0.3247
vn 0.8731 -0.3603 0.3285
vn 0.8706 -0.3585 0.3368
vn 0.9264 -0.2180 0.3069
vn 0.9241 -0.2162 0.3152
vn 0.9280 -0.2192 0.3015
vn 0.8746 -0.3617 0.3230
vn 0.5706 -0.7502 0.3340
vn 0.4468 -0.8356 0.3196
vn 0.9297 0.3245 0.1743
vn 0.8804 0.4603 0.1140
vn 0.8782 0.4624 0.1225
vn 0.8817 0.4591 0.1084
vn 0.9319 0.3226 0.1658
vn 0.9333 0.3213 0.1603
vn 0.6887 0.7250 0.0060
vn 0.7950 0.6026 0.0698
vn 0.7935 0.6039 0.0751
vn 0.6855 0.7280 0.0105
vn 0.4503 0.8830 -0.1328
vn 0.5760 0.8138 -0.0772
vn 0.2562 0.9504 -0.1765
vn 0.1115 0.9681 -0.2243
vn 0.8683 -0.3568 0.3447
vn 0.8667 -0.3556 0.3497
vn 0.9218 -0.2144 0.3231
vn 0.9203 -0.2131 0.3281
vn 0.4409 -0.8280 0.3465
vn 0.5651 -0.7419 0.3609
vn 0.9567 -0.0803 0.2797
vn 0.9544 -0.0786 0.2880
vn 0.9674 0.0539 0.2475
vn 0.9651 0.0557 0.2558
vn 0.9688 0.0527 0.2420
vn 0.9582 -0.0817 0.2743
vn 0.7929 -0.5081 0.3363
vn 0.6873 -0.6418 0.3401
vn 0.9596 0.1873 0.2099
vn 0.9574 0.1892 0.2183
vn 0.9610 0.1863 0.2044
vn 0.8761 0.4642 0.1305
vn 0.9276 0.3262 0.1822
vn 0.9261 0.3274 0.1874
vn 0.8747 0.4653 0.1358
vn 0.6943 0.7194 -0.0172
vn 0.8008 0.5971 0.0469
vn 0.5387 0.8402 -0.0618
vn 0.3967 0.9097 -0.1233
vn 0.9521 -0.0768 0.2959
vn 0.9506 -0.0757 0.3009
vn 0.9629 0.0574 0.2637
vn 0.9614 0.0585 0.2688
vn 0.6816 -0.6329 0.3671
vn 0.7869 -0.4987 0.3634
vn 0.9281 -0.2193 0.3008
vn 0.8748 -0.3618 0.3223
vn 0.9552 0.1909 0.2261
vn 0.9538 0.1920 0.2313
vn 0.8819 0.4590 0.1077
vn 0.9335 0.3212 0.1596
vn 0.7933 0.6040 0.0760
vn 0.6787 0.7343 0.0077
vn 0.8683 -0.3522 0.3494
vn 0.9210 -0.2100 0.3280
vn 0.9690 0.0526 0.2414
vn 0.9584 -0.0817 0.2736
vn 0.9612 0.1860 0.2037
vn 0.9259 0.3275 0.1882
vn 0.8745 0.4653 0.1366
vn 0.9508 -0.0731 0.3010
vn 0.9612 0.0601 0.2690
vn 0.9535 0.1925 0.2320
vn -0.9496 -0.0668 -0.3063
vn -0.9403 -0.2253 -0.2550
vn -0.9515 -0.0656 -0.3005
vn -0.9064 -0.3681 -0.2072
vn -0.9385 -0.2261 -0.2609
vn -0.9045 -0.3695 -0.2131
vn -0.9362 0.0954 -0.3381
vn -0.9343 0.0937 -0.3439
vn -0.8971 0.2395 -0.3712
vn -0.8991 0.2409 -0.3654
vn -0.8540 -0.4957 -0.1582
vn -0.7846 -0.6106 -0.1075
vn -0.8521 -0.4971 -0.1641
vn -0.7830 -0.6116 -0.1136
vn -0.9269 -0.0800 -0.3667
vn -0.9322 -0.2300 -0.2794
vn -0.9433 -0.0708 -0.3244
vn -0.8983 -0.3732 -0.2318
vn -0.9163 -0.2385 -0.3217
vn -0.8829 -0.3811 -0.2743
vn -0.8447 0.3727 -0.3841
vn -0.8426 0.3715 -0.3898
vn -0.7726 0.4921 -0.4011
vn -0.7746 0.4936 -0.3954
vn -0.9278 0.0897 -0.3620
vn -0.9114 0.0797 -0.4036
vn -0.8743 0.2247 -0.4302
vn -0.8908 0.2348 -0.3891
vn -0.6976 -0.7144 -0.0547
vn -0.5905 -0.8070 0.0012
vn -0.6960 -0.7155 -0.0607
vn -0.5891 -0.8080 -0.0049
vn -0.8462 -0.5006 -0.1828
vn -0.7770 -0.6153 -0.1326
vn -0.8313 -0.5080 -0.2257
vn -0.7625 -0.6226 -0.1760
vn -0.8996 -0.0929 -0.4268
vn -0.8894 -0.2500 -0.3827
vn -0.8566 -0.3913 -0.3363
vn -0.8545 -0.2617 -0.4488
vn -0.8227 -0.4006 -0.4034
vn -0.8644 -0.1070 -0.4914
vn -0.5805 0.7082 -0.4018
vn -0.6882 0.6057 -0.3995
vn -0.5823 0.7101 -0.3959
vn -0.6862 0.6040 -0.4052
vn -0.8361 0.3667 -0.4079
vn -0.8201 0.3552 -0.4487
vn -0.7504 0.4749 -0.4598
vn -0.7663 0.4871 -0.4190
vn -0.8839 0.0645 -0.4633
vn -0.8487 0.0482 -0.5266
vn -0.8121 0.1883 -0.5522
vn -0.8469 0.2077 -0.4894
vn -0.4595 -0.8861 0.0607
vn -0.3015 -0.9455 0.1231
vn -0.4578 -0.8874 0.0544
vn -0.2994 -0.9470 0.1168
vn -0.6905 -0.7189 -0.0798
vn -0.5832 -0.8120 -0.0245
vn -0.6760 -0.7264 -0.1241
vn -0.5695 -0.8191 -0.0691
vn -0.8056 -0.5174 -0.2886
vn -0.7378 -0.6311 -0.2396
vn -0.7729 -0.5247 -0.3568
vn -0.7060 -0.6370 -0.3093
vn -0.4516 0.8029 -0.3891
vn -0.2981 0.8847 -0.3584
vn -0.2962 0.8829 -0.3642
vn -0.4537 0.8046 -0.3831
vn -0.5591 0.6890 -0.4611
vn -0.6798 0.5990 -0.4231
vn -0.5742 0.7028 -0.4200
vn -0.6641 0.5859 -0.4644
vn -0.7932 0.3371 -0.5072
vn -0.7590 0.3151 -0.5698
vn -0.6908 0.4309 -0.5806
vn -0.7239 0.4553 -0.5183
vn -0.1321 -0.9746 0.1808
vn 0.0280 -0.9732 0.2282
vn -0.1305 -0.9759 0.1747
vn 0.0298 -0.9746 0.2220
vn -0.4522 -0.8912 0.0347
vn -0.2944 -0.9508 0.0970
vn -0.4389 -0.8985 -0.0106
vn -0.2809 -0.9584 0.0511
vn -0.6521 -0.7343 -0.1889
vn -0.5467 -0.8264 -0.1350
vn -0.6220 -0.7386 -0.2600
vn -0.5181 -0.8297 -0.2079
vn -0.8196 -0.1216 -0.5599
vn -0.8101 -0.2726 -0.5190
vn -0.7797 -0.4078 -0.4752
vn -0.7459 -0.2838 -0.6026
vn -0.7168 -0.4135 -0.5615
vn -0.7545 -0.1399 -0.6412
vn -0.1310 0.9374 -0.3227
vn -0.1293 0.9357 -0.3283
vn 0.0283 0.9592 -0.2813
vn 0.0298 0.9574 -0.2873
vn -0.2768 0.8614 -0.4259
vn -0.4458 0.7970 -0.4075
vn -0.2907 0.8768 -0.3830
vn -0.4311 0.7826 -0.4491
vn -0.5344 0.6659 -0.5206
vn -0.6383 0.5644 -0.5234
vn -0.6067 0.5379 -0.5853
vn -0.5042 0.6368 -0.5833
vn -0.7685 0.1657 -0.6180
vn -0.8040 0.0290 -0.5939
vn -0.7395 0.0047 -0.6731
vn -0.7056 0.1354 -0.6955
vn 0.1774 -0.9475 0.2659
vn 0.3166 -0.9014 0.2953
vn 0.1790 -0.9489 0.2598
vn 0.3180 -0.9029 0.2893
vn -0.1252 -0.9800 0.1550
vn 0.0349 -0.9786 0.2026
vn -0.1128 -0.9876 0.1090
vn 0.0469 -0.9865 0.1567
vn -0.4167 -0.9057 -0.0780
vn -0.2609 -0.9652 -0.0171
vn -0.3905 -0.9080 -0.1520
vn -0.2362 -0.9672 -0.0931
vn -0.7312 -0.5292 -0.4304
vn -0.6658 -0.6394 -0.3846
vn -0.6703 -0.5301 -0.5194
vn -0.6078 -0.6353 -0.4764
vn 0.1775 0.9554 -0.2359
vn 0.1793 0.9536 -0.2420
vn 0.3182 0.9293 -0.1873
vn 0.3196 0.9276 -0.1934
vn -0.1239 0.9294 -0.3475
vn -0.1110 0.9139 -0.3905
vn 0.0351 0.9513 -0.3063
vn 0.0470 0.9358 -0.3495
vn -0.2553 0.8359 -0.4859
vn -0.4076 0.7583 -0.5088
vn -0.3798 0.7266 -0.5726
vn -0.2299 0.8026 -0.5505
vn -0.6499 0.4012 -0.6454
vn -0.7165 0.2890 -0.6349
vn -0.6558 0.2529 -0.7113
vn -0.5920 0.3599 -0.7211
vn 0.5714 -0.7508 0.3314
vn 0.4473 -0.8363 0.3171
vn 0.5733 -0.7520 0.3254
vn 0.1839 -0.9531 0.2404
vn 0.3235 -0.9070 0.2697
vn 0.1963 -0.9611 0.1943
vn 0.3347 -0.9152 0.2245
vn -0.0936 -0.9948 0.0400
vn 0.0652 -0.9940 0.0874
vn -0.0716 -0.9968 -0.0368
vn 0.0846 -0.9964 0.0102
vn -0.5840 -0.7384 -0.3372
vn -0.4823 -0.8275 -0.2876
vn -0.5290 -0.7304 -0.4321
vn -0.4316 -0.8156 -0.3854
vn -0.6105 -0.4139 -0.6753
vn -0.4751 -0.3009 -0.8269
vn -0.4438 -0.4015 -0.8011
vn -0.6399 -0.2946 -0.7097
vn -0.4859 -0.1852 -0.8542
vn -0.6483 -0.1620 -0.7439
vn 0.4522 0.8806 -0.1416
vn 0.5768 0.8130 -0.0796
vn 0.5783 0.8113 -0.0859
vn 0.4508 0.8823 -0.1354
vn 0.1842 0.9476 -0.2608
vn 0.1948 0.9325 -0.3043
vn 0.3240 0.9219 -0.2124
vn 0.3347 0.9069 -0.2561
vn -0.0917 0.8873 -0.4520
vn -0.0695 0.8530 -0.5173
vn 0.0642 0.9091 -0.4115
vn 0.0826 0.8747 -0.4775
vn -0.4678 0.6008 -0.6483
vn -0.5677 0.5048 -0.6502
vn -0.5130 0.4585 -0.7257
vn -0.4169 0.5491 -0.7244
vn -0.4699 -0.0710 -0.8799
vn -0.6333 -0.0294 -0.7733
vn -0.4357 0.0265 -0.8997
vn -0.5996 0.0888 -0.7954
vn 0.7935 -0.5088 0.3339
vn 0.6880 -0.6424 0.3376
vn 0.7952 -0.5101 0.3278
vn 0.6897 -0.6437 0.3316
vn 0.4491 -0.8376 0.3110
vn 0.5782 -0.7563 0.3061
vn 0.4543 -0.8418 0.2917
vn 0.5892 -0.7647 0.2610
vn 0.2128 -0.9690 0.1259
vn 0.3502 -0.9236 0.1559
vn 0.2299 -0.9720 0.0486
vn 0.3659 -0.9274 0.0783
vn -0.3575 -0.9041 -0.2342
vn -0.2071 -0.9622 -0.1770
vn -0.3120 -0.8889 -0.3355
vn -0.1679 -0.9447 -0.2817
vn -0.5076 -0.6154 -0.6030
vn -0.4010 -0.4870 -0.7759
vn -0.3527 -0.5623 -0.7479
vn -0.5656 -0.5202 -0.6400
vn 0.6964 0.7172 -0.0258
vn 0.8012 0.5968 0.0443
vn 0.8027 0.5951 0.0381
vn 0.6950 0.7188 -0.0196
vn 0.4663 0.8607 -0.2043
vn 0.5825 0.8060 -0.1051
vn 0.5917 0.7922 -0.1491
vn 0.4568 0.8749 -0.1606
vn 0.2105 0.9060 -0.3672
vn 0.2261 0.8720 -0.4341
vn 0.3481 0.8814 -0.3193
vn 0.3613 0.8482 -0.3873
vn -0.2005 0.7606 -0.6175
vn -0.3462 0.6872 -0.6386
vn -0.3008 0.6310 -0.7151
vn -0.1619 0.6998 -0.6957
vn -0.3925 0.1109 -0.9131
vn -0.5524 0.1947 -0.8105
vn -0.3430 0.1870 -0.9205
vn -0.4936 0.2907 -0.8197
vn 0.8770 -0.3638 0.3138
vn 0.8754 -0.3624 0.3199
vn 0.9288 -0.2199 0.2984
vn 0.9304 -0.2212 0.2923
vn 0.8001 -0.5142 0.3088
vn 0.6947 -0.6479 0.3125
vn 0.8104 -0.5230 0.2640
vn 0.7053 -0.6565 0.2676
vn 0.4803 -0.8589 0.1779
vn 0.6030 -0.7741 0.1929
vn 0.4938 -0.8637 0.1010
vn 0.6150 -0.7800 0.1158
vn 0.4654 -0.8501 0.2466
vn -0.0466 -0.9914 -0.1223
vn 0.1055 -0.9915 -0.0759
vn -0.0147 -0.9732 -0.2294
vn 0.1310 -0.9740 -0.1850
vn -0.3489 -0.7796 -0.5201
vn -0.2972 -0.6328 -0.7151
vn -0.2285 -0.6996 -0.6770
vn -0.4366 -0.7015 -0.5633
vn -0.3215 -0.2005 -0.9255
vn -0.3066 -0.2992 -0.9036
vn -0.2688 -0.3778 -0.8860
vn -0.1569 -0.2717 -0.9495
vn -0.1131 -0.3422 -0.9328
vn -0.2160 -0.2080 -0.9540
vn 0.8826 0.4583 0.1052
vn 0.8839 0.4570 0.0991
vn 0.9340 0.3208 0.1572
vn 0.9355 0.3193 0.1511
vn 0.7093 0.6993 -0.0892
vn 0.8069 0.5904 0.0189
vn 0.8154 0.5783 -0.0255
vn 0.7006 0.7122 -0.0451
vn 0.4784 0.8361 -0.2683
vn 0.4896 0.8039 -0.3378
vn 0.6026 0.7689 -0.2138
vn 0.6115 0.7385 -0.2841
vn -0.0455 0.8094 -0.5855
vn -0.0143 0.7463 -0.6655
vn 0.1031 0.8307 -0.5470
vn 0.1270 0.7666 -0.6294
vn -0.2869 0.2597 -0.9221
vn -0.4224 0.3803 -0.8228
vn -0.2198 0.3310 -0.9177
vn -0.3366 0.4637 -0.8196
vn -0.2661 -0.0297 -0.9635
vn -0.3032 -0.1022 -0.9474
vn -0.1580 -0.1440 -0.9769
vn -0.1152 -0.0791 -0.9902
vn 0.9606 -0.0836 0.2651
vn 0.9590 -0.0824 0.2711
vn 0.9697 0.0521 0.2389
vn 0.9711 0.0507 0.2332
vn 0.8919 -0.3765 0.2506
vn 0.8819 -0.3677 0.2951
vn 0.9351 -0.2252 0.2736
vn 0.9447 -0.2343 0.2293
vn 0.8226 -0.5338 0.1960
vn 0.7183 -0.6665 0.1993
vn 0.8314 -0.5427 0.1195
vn 0.7288 -0.6737 0.1223
vn 0.2476 -0.9681 -0.0385
vn 0.3803 -0.9248 -0.0087
vn 0.2676 -0.9520 -0.1489
vn 0.3949 -0.9108 -0.1201
vn -0.1096 -0.8994 -0.4231
vn -0.1413 -0.7599 -0.6345
vn -0.0286 -0.8060 -0.5912
vn -0.2407 -0.8475 -0.4732
vn -0.1946 -0.4892 -0.8502
vn -0.0560 -0.4125 -0.9092
vn -0.2311 -0.4362 -0.8697
vn -0.0841 -0.3778 -0.9221
vn 0.9618 0.1856 0.2012
vn 0.9633 0.1841 0.1952
vn 0.8881 0.4526 0.0801
vn 0.8967 0.4413 0.0357
vn 0.9399 0.3148 0.1323
vn 0.9486 0.3041 0.0880
vn 0.7196 0.6770 -0.1547
vn 0.7267 0.6487 -0.2261
vn 0.8247 0.5581 -0.0917
vn 0.8305 0.5324 -0.1636
vn 0.2420 0.8285 -0.5050
vn 0.2597 0.7650 -0.5894
vn 0.3735 0.8055 -0.4601
vn 0.3851 0.7435 -0.5467
vn -0.1348 0.3989 -0.9070
vn -0.2317 0.5392 -0.8097
vn -0.0271 0.4557 -0.8897
vn -0.1048 0.6024 -0.7913
vn -0.1905 0.0837 -0.9781
vn -0.2281 0.0301 -0.9732
vn -0.0826 -0.0420 -0.9957
vn -0.0545 -0.0061 -0.9985
vn 0.9744 -0.0966 0.2028
vn 0.9652 -0.0875 0.2464
vn 0.9757 0.0466 0.2142
vn 0.9847 0.0371 0.1705
vn 0.9032 -0.3880 0.1832
vn 0.9553 -0.2467 0.1627
vn 0.9619 -0.2590 0.0880
vn 0.9106 -0.3991 0.1074
vn 0.5055 -0.8627 0.0136
vn 0.6241 -0.7808 0.0283
vn 0.5145 -0.8518 -0.0984
vn 0.6283 -0.7734 -0.0839
vn 0.1668 -0.9258 -0.3392
vn 0.0952 -0.8263 -0.5552
vn 0.2096 -0.8221 -0.5293
vn 0.0323 -0.9256 -0.3770
vn -0.1559 -0.5404 -0.8268
vn -0.1106 -0.5933 -0.7974
vn -0.0010 -0.4872 -0.8733
vn -0.0297 -0.4488 -0.8932
vn 0.9677 0.1800 0.1766
vn 0.9764 0.1702 0.1328
vn 0.9058 0.4226 -0.0304
vn 0.9107 0.4001 -0.1029
vn 0.9575 0.2877 0.0222
vn 0.9622 0.2675 -0.0507
vn 0.4980 0.7632 -0.4118
vn 0.5037 0.7036 -0.5012
vn 0.6170 0.6999 -0.3598
vn 0.6175 0.6435 -0.4523
vn 0.0905 0.4870 -0.8687
vn 0.1603 0.6597 -0.7342
vn 0.2009 0.4942 -0.8458
vn 0.0301 0.6433 -0.7650
vn -0.1073 0.1942 -0.9751
vn -0.1514 0.1377 -0.9788
vn -0.0287 0.0315 -0.9991
vn -0.0029 0.0726 -0.9974
vn 0.9845 -0.1102 0.1365
vn 0.9943 0.0228 0.1044
vn 0.9995 0.0068 0.0308
vn 0.9903 -0.1247 0.0619
vn 0.7351 -0.6770 0.0354
vn 0.8353 -0.5488 0.0332
vn 0.8312 -0.5505 -0.0782
vn 0.7350 -0.6737 -0.0768
vn 0.4065 -0.8685 -0.2838
vn 0.3116 -0.8024 -0.5090
vn 0.4048 -0.7716 -0.4907
vn 0.2908 -0.9056 -0.3086
vn -0.0465 -0.6485 -0.7598
vn 0.0468 -0.6902 -0.7221
vn 0.0894 -0.6105 -0.7869
vn 0.0509 -0.5452 -0.8368
vn 0.9857 0.1548 0.0670
vn 0.9906 0.1363 -0.0069
vn 0.7294 0.6131 -0.3034
vn 0.7253 0.5611 -0.3988
vn 0.8311 0.5004 -0.2426
vn 0.8232 0.4541 -0.3408
vn 0.2806 0.6561 -0.7005
vn 0.2997 0.4859 -0.8210
vn 0.3936 0.6364 -0.6634
vn 0.3904 0.4684 -0.7925
vn 0.0451 0.3059 -0.9510
vn -0.0451 0.2558 -0.9657
vn 0.0422 0.1384 -0.9895
vn 0.0815 0.2245 -0.9711
vn 0.9126 -0.4082 0.0219
vn 0.9624 -0.2715 0.0033
vn 0.9529 -0.2842 -0.1057
vn 0.9053 -0.4157 -0.0881
vn 0.6197 -0.7449 -0.2471
vn 0.4931 -0.7306 -0.4722
vn 0.5793 -0.6770 -0.4538
vn 0.5159 -0.8152 -0.2634
vn 0.9100 0.3719 -0.1834
vn 0.8996 0.3317 -0.2842
vn 0.9611 0.2426 -0.1322
vn 0.9494 0.2091 -0.2343
vn 0.5015 0.6010 -0.6223
vn 0.4772 0.4424 -0.7594
vn 0.6051 0.5488 -0.5768
vn 0.5631 0.4050 -0.7203
vn 0.1455 0.3291 -0.9330
vn 0.1758 0.1859 -0.9667
vn 0.2352 0.3244 -0.9162
vn 0.2523 0.1690 -0.9528
vn 0.9900 -0.1396 -0.0215
vn 0.9986 -0.0114 -0.0520
vn 0.9869 -0.0345 -0.1577
vn 0.9792 -0.1573 -0.1284
vn 0.8073 -0.5414 -0.2350
vn 0.6647 -0.6048 -0.4386
vn 0.7440 -0.5087 -0.4332
vn 0.7178 -0.6547 -0.2367
vn 0.2439 -0.6917 -0.6798
vn 0.3178 -0.6712 -0.6697
vn 0.3845 -0.6476 -0.6579
vn 0.3092 -0.5406 -0.7824
vn 0.3542 -0.5234 -0.7750
vn 0.2596 -0.5584 -0.7879
vn 0.9893 0.1155 -0.0887
vn 0.9774 0.0873 -0.1926
vn 0.7041 0.4769 -0.5262
vn 0.6489 0.3504 -0.6753
vn 0.7955 0.3803 -0.4718
vn 0.7304 0.2697 -0.6275
vn 0.3068 0.3116 -0.8993
vn 0.3006 0.1556 -0.9410
vn 0.3714 0.2968 -0.8797
vn 0.3454 0.1433 -0.9274
vn 0.8357 -0.2953 -0.4631
vn 0.8757 -0.4160 -0.2451
vn 0.8031 -0.3992 -0.4423
vn 0.9182 -0.2960 -0.2633
vn 0.4484 -0.6209 -0.6430
vn 0.5144 -0.5868 -0.6253
vn 0.3988 -0.5074 -0.7639
vn 0.4464 -0.4910 -0.7481
vn -0.0399 -0.2130 -0.9762
vn 0.0192 -0.2750 -0.9612
vn 0.0919 -0.2118 -0.9730
vn 0.0193 -0.1493 -0.9886
vn 0.0485 -0.3065 -0.9506
vn 0.0717 -0.3330 -0.9402
vn 0.1548 -0.2776 -0.9481
vn 0.1284 -0.2497 -0.9598
vn 0.0937 -0.3631 -0.9270
vn 0.1175 -0.3986 -0.9095
vn 0.2022 -0.3534 -0.9134
vn 0.1763 -0.3102 -0.9342
vn 0.1574 -0.4651 -0.8711
vn 0.1750 -0.5789 -0.7964
vn 0.2377 -0.4311 -0.8704
vn 0.8668 0.2677 -0.4206
vn 0.7920 0.1713 -0.5860
vn 0.9127 0.1548 -0.3782
vn 0.8283 0.0724 -0.5556
vn 0.4347 0.2800 -0.8559
vn 0.3892 0.1344 -0.9113
vn 0.5002 0.2584 -0.8264
vn 0.4360 0.1269 -0.8909
vn 0.8534 -0.1115 -0.5092
vn 0.9409 -0.1805 -0.2864
vn 0.8499 -0.2020 -0.4867
vn 0.9474 -0.0684 -0.3128
vn 0.5860 -0.5388 -0.6052
vn 0.5953 -0.4192 -0.6855
vn 0.5169 -0.4543 -0.7255
vn 0.9383 0.0424 -0.3431
vn 0.8468 -0.0215 -0.5315
vn 0.5720 0.2260 -0.7885
vn 0.5073 0.1036 -0.8555
vn 0.5856 0.0903 -0.8055
vn 0.1537 -0.1418 -0.9779
vn 0.0480 -0.1170 -0.9920
vn 0.0712 -0.0889 -0.9935
vn 0.1284 -0.1717 -0.9767
vn 0.6580 -0.4591 -0.5969
vn 0.7048 -0.3652 -0.6082
vn 0.7233 -0.2777 -0.6322
vn 0.5929 -0.3417 -0.7291
vn 0.6017 -0.2603 -0.7551
vn 0.2813 -0.4134 -0.8660
vn 0.3184 -0.3985 -0.8601
vn 0.2523 -0.3296 -0.9098
vn 0.2906 -0.3132 -0.9041
vn 0.1758 -0.2092 -0.9619
vn 0.2072 -0.2400 -0.9484
vn 0.2063 -0.1757 -0.9626
vn 0.2534 -0.2056 -0.9453
vn 0.2297 -0.2773 -0.9329
vn 0.2712 -0.2569 -0.9276
vn 0.6954 0.0743 -0.7147
vn 0.6458 0.1599 -0.7466
vn 0.5859 0.0047 -0.8104
vn 0.7173 -0.0104 -0.6966
vn 0.5966 -0.0760 -0.7989
vn 0.1165 -0.0203 -0.9930
vn 0.0924 -0.0566 -0.9941
vn 0.1747 -0.1072 -0.9788
vn 0.1997 -0.0598 -0.9780
vn 0.7278 -0.2118 -0.6523
vn 0.7283 -0.1466 -0.6694
vn 0.5982 -0.1715 -0.7828
vn 0.6004 -0.2157 -0.7700
vn 0.3537 -0.3871 -0.8515
vn 0.3954 -0.3741 -0.8389
vn 0.3287 -0.3015 -0.8950
vn 0.3802 -0.2862 -0.8795
vn 0.7253 -0.0810 -0.6836
vn 0.5978 -0.1259 -0.7917
vn 0.1574 0.0510 -0.9862
vn 0.2333 0.0251 -0.9721
vn 0.2494 -0.0794 -0.9651
vn 0.2280 -0.1357 -0.9642
vn 0.2699 -0.1524 -0.9507
vn 0.2875 -0.0918 -0.9534
vn 0.4772 -0.3472 -0.8073
vn 0.4705 -0.2662 -0.8413
vn 0.3102 -0.2021 -0.9289
vn 0.3158 -0.2454 -0.9165
vn 0.3754 -0.2357 -0.8964
vn 0.3722 -0.1978 -0.9068
vn 0.3129 0.0015 -0.9498
vn 0.2769 0.0113 -0.9608
vn 0.3142 -0.1582 -0.9361
vn 0.3741 -0.1581 -0.9138
vn 0.3264 -0.0985 -0.9401
vn 0.3777 -0.1057 -0.9199
vn 0.4680 -0.2235 -0.8550
vn 0.4656 -0.1887 -0.8646
vn 0.3480 -0.0052 -0.9375
vn 0.3898 -0.0115 -0.9208
vn 0.4658 -0.1516 -0.8718
vn 0.4673 -0.1081 -0.8775
vn 0.4712 -0.0224 -0.8817
vn -0.9488 -0.2264 -0.2203
vn -0.9619 -0.0685 -0.2648
vn -0.9133 -0.3686 -0.1731
vn -0.9498 0.0834 -0.3016
vn -0.9185 0.2185 -0.3295
vn -0.8598 -0.4953 -0.1243
vn -0.7901 -0.6084 -0.0745
vn -0.8770 0.3326 -0.3468
vn -0.8551 0.3809 -0.3517
vn -0.7033 -0.7105 -0.0226
vn -0.5968 -0.8018 0.0322
vn -0.4665 -0.8799 0.0906
vn -0.3091 -0.9388 0.1520
vn -0.1406 -0.9678 0.2089
vn 0.0190 -0.9666 0.2555
vn 0.1683 -0.9412 0.2929
vn 0.3079 -0.8952 0.3222
vn 0.2959 0.9396 -0.1718
vn 0.1856 0.9584 -0.2170
vn 0.1587 0.9594 -0.2331
vn 0.4389 -0.8300 0.3441
vn 0.5627 -0.7447 0.3588
vn 0.5690 0.8207 -0.0530
vn 0.4391 0.8911 -0.1146
vn 0.6786 -0.6372 0.3654
vn 0.7835 -0.5048 0.3623
vn 0.7955 0.6010 0.0775
vn 0.6879 0.7257 0.0115
vn 0.8658 -0.3585 0.3490
vn 0.9197 -0.2156 0.3281
vn 0.9276 0.3213 0.1905
vn 0.8768 0.4604 0.1387
vn 0.9502 -0.0786 0.3017
vn 0.9612 0.0537 0.2707
vn 0.9543 0.1860 0.2340
vn -0.1835 0.4195 0.8890
vn -0.1051 0.3997 0.9106
vn -0.1289 0.4044 0.9054
vn -0.1503 0.4102 0.8995
vn -0.1506 0.4095 0.8998
vn -0.1457 0.4068 0.9018
vn -0.1506 0.4119 0.8987
vn -0.1578 0.4203 0.8936
vn -0.1603 0.4243 0.8912
vn -0.1617 0.4295 0.8884
vn -0.1635 0.4442 0.8809
vn -0.1631 0.4606 0.8725
vn -0.1613 0.4691 0.8683
vn -0.1617 0.4694 0.8681
vn -0.1677 0.4615 0.8711
vn -0.1773 0.4514 0.8745
vn -0.1865 0.4443 0.8763
vn -0.1930 0.4404 0.8768
vn -0.1945 0.4396 0.8769
vn -0.1992 0.4390 0.8761
vn -0.2151 0.4382 0.8728
vn -0.2280 0.4383 0.8694
vn -0.2251 0.4371 0.8708
vn -0.2198 0.4356 0.8729
vn -0.2235 0.4381 0.8707
vn -0.2275 0.4409 0.8682
vn -0.2254 0.4378 0.8703
vn -0.2188 0.4249 0.8784
vn -0.2101 0.3975 0.8932
vn -0.2052 0.3723 0.9051
vn -0.2044 0.3682 0.9070
vn -0.2046 0.3694 0.9065
vn -0.2091 0.3582 0.9099
vn -0.2159 0.3438 0.9139
vn 0.1514 -0.7040 -0.6939
vn 0.0752 0.2556 0.9638
vn 0.0838 0.2613 0.9616
vn 0.0344 0.2505 0.9675
vn 0.0407 0.2449 0.9687
vn 0.0416 0.2271 0.9730
vn 0.0455 0.2096 0.9767
vn 0.0553 0.2206 0.9738
vn 0.0822 0.2042 0.9755
vn -0.0293 0.1682 0.9853
vn -0.0294 0.1686 0.9852
vn 0.0444 0.0166 0.9989
vn 0.0414 0.0503 0.9979
vn 0.0292 0.0836 0.9961
vn 0.0108 0.1255 0.9920
vn -0.0875 0.2510 0.9640
vn -0.0676 0.2231 0.9724
vn -0.1242 -0.9745 -0.1866
vn -0.7685 -0.6398 -0.0006
vn 0.7746 0.6324 0.0001
vn -0.7659 0.6430 -0.0001
vn 0.7655 -0.6434 -0.0006
vn 0.0422 0.0236 -0.9988
vn -0.8551 -0.3809 -0.3517
vn 0.9378 -0.3366 -0.0848
vn -0.7685 0.6398 -0.0006
vn 0.7727 -0.6347 0.0005
vn -0.7659 -0.6430 -0.0001
vn 0.7657 0.6432 -0.0001
vn 0.0782 0.0931 0.9926
vt 0.394800 0.456800
vt 0.399300 0.469700
vt 0.394500 0.469800
vt 0.397300 0.393500
vt 0.399600 0.456700
vt 0.404400 0.456600
vt 0.401800 0.393500
vt 0.406400 0.393500
vt 0.404200 0.469600
vt 0.399200 0.482700
vt 0.394300 0.482800
vt 0.404100 0.482600
vt 0.404100 0.525400
vt 0.399200 0.525600
vt 0.390000 0.456800
vt 0.389700 0.469800
vt 0.385100 0.456800
vt 0.388200 0.393300
vt 0.392700 0.393400
vt 0.409100 0.469500
vt 0.409300 0.456500
vt 0.414100 0.456400
vt 0.410900 0.393500
vt 0.415500 0.393400
vt 0.413900 0.469300
vt 0.394300 0.525800
vt 0.389500 0.482900
vt 0.384500 0.483000
vt 0.389400 0.525900
vt 0.384600 0.526100
vt 0.384800 0.469900
vt 0.409000 0.482400
vt 0.413900 0.482300
vt 0.414000 0.524900
vt 0.409100 0.525200
vt 0.380300 0.456700
vt 0.379900 0.469900
vt 0.375400 0.456700
vt 0.379000 0.393000
vt 0.383600 0.393200
vt 0.413500 0.068600
vt 0.416400 0.068800
vt 0.419400 0.068900
vt 0.423600 0.469100
vt 0.418900 0.456300
vt 0.423600 0.456200
vt 0.418800 0.469200
vt 0.420100 0.393400
vt 0.402100 0.760500
vt 0.397200 0.760700
vt 0.407000 0.760300
vt 0.379600 0.483000
vt 0.374700 0.483100
vt 0.379800 0.526200
vt 0.375000 0.526400
vt 0.375000 0.469900
vt 0.423500 0.482000
vt 0.423800 0.524500
vt 0.418700 0.482100
vt 0.418900 0.524700
vt 0.410600 0.068400
vt 0.407600 0.068200
vt 0.365800 0.456400
vt 0.370100 0.469800
vt 0.365200 0.469700
vt 0.370000 0.392500
vt 0.370600 0.456500
vt 0.374500 0.392800
vt 0.422400 0.069000
vt 0.425300 0.069100
vt 0.432900 0.468800
vt 0.428300 0.456100
vt 0.432900 0.455900
vt 0.428300 0.468900
vt 0.424500 0.393300
vt 0.429000 0.393300
vt 0.392300 0.760900
vt 0.387800 0.761000
vt 0.412000 0.760100
vt 0.416900 0.759900
vt 0.369800 0.483100
vt 0.364900 0.483100
vt 0.370000 0.526500
vt 0.432900 0.481700
vt 0.433200 0.524200
vt 0.428300 0.481800
vt 0.428500 0.524400
vt 0.404600 0.067900
vt 0.401700 0.067700
vt 0.546500 0.454200
vt 0.552100 0.467200
vt 0.547400 0.467500
vt 0.540700 0.390400
vt 0.551200 0.453700
vt 0.365500 0.392200
vt 0.361100 0.456100
vt 0.428300 0.069200
vt 0.431200 0.069300
vt 0.437500 0.468700
vt 0.433300 0.393200
vt 0.437500 0.455800
vt 0.442100 0.455700
vt 0.437700 0.393200
vt 0.442100 0.393100
vt 0.442200 0.468600
vt 0.384100 0.761200
vt 0.380900 0.761200
vt 0.426700 0.759400
vt 0.421800 0.759600
vt 0.552800 0.480600
vt 0.548100 0.480800
vt 0.360500 0.469600
vt 0.360100 0.483000
vt 0.365000 0.526600
vt 0.554000 0.524200
vt 0.437600 0.481600
vt 0.442300 0.481500
vt 0.442700 0.523900
vt 0.437900 0.524100
vt 0.395800 0.067100
vt 0.398700 0.067400
vt 0.542700 0.467700
vt 0.538000 0.467900
vt 0.541900 0.454500
vt 0.536400 0.390800
vt 0.537300 0.454800
vt 0.532000 0.391200
vt 0.434100 0.069400
vt 0.437000 0.069400
vt 0.446900 0.468500
vt 0.446800 0.455700
vt 0.451500 0.455600
vt 0.446500 0.393000
vt 0.451000 0.393000
vt 0.451600 0.468500
vt 0.375000 0.761400
vt 0.369300 0.761500
vt 0.436200 0.759000
vt 0.431500 0.759200
vt 0.543400 0.481000
vt 0.544500 0.524400
vt 0.539800 0.524400
vt 0.538700 0.481100
vt 0.447000 0.481400
vt 0.451800 0.481300
vt 0.452300 0.523800
vt 0.447400 0.523800
vt 0.506700 0.065600
vt 0.545100 0.390000
vt 0.393000 0.066800
vt 0.533300 0.468100
vt 0.528600 0.468200
vt 0.532600 0.455000
vt 0.527600 0.391500
vt 0.527900 0.455200
vt 0.523200 0.391800
vt 0.439800 0.069400
vt 0.442700 0.069400
vt 0.456400 0.468400
vt 0.461000 0.455500
vt 0.461100 0.468400
vt 0.456200 0.455600
vt 0.459900 0.392900
vt 0.455400 0.392900
vt 0.549300 0.524300
vt 0.557700 0.759200
vt 0.552400 0.759300
vt 0.360100 0.526700
vt 0.363700 0.761600
vt 0.440900 0.758800
vt 0.445600 0.758600
vt 0.533900 0.481200
vt 0.535000 0.524400
vt 0.530300 0.524400
vt 0.529100 0.481300
vt 0.456500 0.481300
vt 0.461300 0.481300
vt 0.457100 0.523700
vt 0.503900 0.066000
vt 0.519100 0.468400
vt 0.523100 0.455300
vt 0.523800 0.468300
vt 0.518400 0.455400
vt 0.518800 0.392000
vt 0.445600 0.069400
vt 0.448500 0.069400
vt 0.465900 0.468400
vt 0.470400 0.455500
vt 0.470700 0.468400
vt 0.465700 0.455500
vt 0.464400 0.392900
vt 0.468900 0.392800
vt 0.547500 0.759300
vt 0.542700 0.759300
vt 0.450400 0.758400
vt 0.455200 0.758300
vt 0.519600 0.481400
vt 0.524300 0.481400
vt 0.525400 0.524400
vt 0.520600 0.524400
vt 0.466100 0.481200
vt 0.470900 0.481200
vt 0.466700 0.523700
vt 0.461900 0.523700
vt 0.501100 0.066400
vt 0.498300 0.066700
vt 0.509600 0.468500
vt 0.513700 0.455500
vt 0.514300 0.468500
vt 0.509000 0.455500
vt 0.509900 0.392300
vt 0.514300 0.392200
vt 0.454300 0.069300
vt 0.451400 0.069400
vt 0.475100 0.455500
vt 0.475400 0.468400
vt 0.473400 0.392800
vt 0.477900 0.392800
vt 0.480000 0.455500
vt 0.538100 0.759000
vt 0.533300 0.758900
vt 0.464900 0.758000
vt 0.460100 0.758100
vt 0.510000 0.481500
vt 0.514800 0.481500
vt 0.515800 0.524300
vt 0.511000 0.524200
vt 0.480300 0.468400
vt 0.475700 0.481200
vt 0.476400 0.523700
vt 0.480600 0.481300
vt 0.481400 0.523800
vt 0.471600 0.523700
vt 0.492600 0.067300
vt 0.495400 0.067000
vt 0.504800 0.468500
vt 0.500000 0.468500
vt 0.504300 0.455500
vt 0.501000 0.392500
vt 0.499500 0.455500
vt 0.496400 0.392600
vt 0.505400 0.392400
vt 0.460200 0.069200
vt 0.457300 0.069300
vt 0.484800 0.455500
vt 0.485200 0.468400
vt 0.482600 0.392700
vt 0.487200 0.392700
vt 0.489700 0.455500
vt 0.398000 0.822900
vt 0.402900 0.823100
vt 0.523700 0.758700
vt 0.528500 0.758800
vt 0.469700 0.757900
vt 0.505200 0.481400
vt 0.506200 0.524200
vt 0.501300 0.524100
vt 0.500400 0.481400
vt 0.490100 0.468400
vt 0.485500 0.481300
vt 0.486300 0.523800
vt 0.490500 0.481300
vt 0.491300 0.523900
vt 0.486800 0.067800
vt 0.489700 0.067600
vt 0.495100 0.468500
vt 0.494600 0.455500
vt 0.491800 0.392700
vt 0.463100 0.069100
vt 0.466100 0.069000
vt 0.412800 0.823200
vt 0.407800 0.823200
vt 0.417700 0.823100
vt 0.514100 0.758400
vt 0.518900 0.758500
vt 0.474600 0.757900
vt 0.479400 0.757800
vt 0.495400 0.481400
vt 0.496300 0.524000
vt 0.484000 0.068100
vt 0.481100 0.068300
vt 0.469100 0.068900
vt 0.472100 0.068800
vt 0.509300 0.758300
vt 0.504400 0.758200
vt 0.484400 0.757800
vt 0.489400 0.757900
vt 0.478100 0.068400
vt 0.475100 0.068600
vt 0.499400 0.758100
vt 0.494400 0.758000
vt 0.422100 0.010500
vt 0.424300 0.005900
vt 0.424200 0.011500
vt 0.426300 0.012500
vt 0.426100 0.007200
vt 0.428000 0.008300
vt 0.441700 0.821800
vt 0.437000 0.822300
vt 0.446400 0.821200
vt 0.422400 0.004700
vt 0.419900 0.009400
vt 0.417800 0.008300
vt 0.420500 0.003300
vt 0.426000 0.003100
vt 0.427400 0.001100
vt 0.427700 0.004400
vt 0.429400 0.005600
vt 0.429000 0.002500
vt 0.430500 0.003800
vt 0.428500 0.013500
vt 0.430700 0.014400
vt 0.430000 0.009400
vt 0.432000 0.010500
vt 0.451200 0.820500
vt 0.456000 0.819800
vt 0.426000 -0.000300
vt 0.424400 0.001700
vt 0.422700 0.000200
vt 0.424500 -0.001900
vt 0.418600 0.002000
vt 0.415600 0.007300
vt 0.413300 0.006200
vt 0.416700 0.000700
vt 0.428800 -0.000500
vt 0.430200 -0.001900
vt 0.430200 0.000900
vt 0.431600 0.002300
vt 0.431400 -0.000500
vt 0.432700 0.000900
vt 0.431200 0.006800
vt 0.433000 0.007900
vt 0.432200 0.005000
vt 0.433900 0.006200
vt 0.435100 0.015900
vt 0.434000 0.011400
vt 0.436000 0.012200
vt 0.432900 0.015200
vt 0.427500 -0.002000
vt 0.426200 -0.003600
vt 0.427900 -0.005100
vt 0.429000 -0.003400
vt 0.423000 -0.003500
vt 0.421100 -0.001300
vt 0.419300 -0.002800
vt 0.421500 -0.005100
vt 0.408600 0.004500
vt 0.412400 -0.001800
vt 0.411000 0.005300
vt 0.414600 -0.000600
vt 0.433100 0.003500
vt 0.434700 0.004700
vt 0.434100 0.002100
vt 0.435500 0.003300
vt 0.436800 0.009800
vt 0.435600 0.007200
vt 0.437400 0.008100
vt 0.434900 0.008900
vt 0.439400 0.017100
vt 0.438000 0.012900
vt 0.440000 0.013500
vt 0.437200 0.016500
vt 0.524500 0.816600
vt 0.529300 0.816900
vt 0.424900 -0.005200
vt 0.423600 -0.006900
vt 0.425700 -0.008600
vt 0.426800 -0.006800
vt 0.415600 -0.005700
vt 0.418200 -0.008300
vt 0.417500 -0.004300
vt 0.419900 -0.006700
vt 0.492300 0.002800
vt 0.509500 0.065200
vt 0.488300 -0.003400
vt 0.494700 0.002200
vt 0.410100 -0.002700
vt 0.406200 0.003800
vt 0.432700 -0.001900
vt 0.433900 -0.000500
vt 0.431700 -0.003300
vt 0.433300 -0.004600
vt 0.434200 -0.003100
vt 0.436300 0.005700
vt 0.438000 0.006600
vt 0.437000 0.004300
vt 0.440600 0.011100
vt 0.439200 0.008800
vt 0.441000 0.009500
vt 0.438600 0.010500
vt 0.441600 0.017500
vt 0.443800 0.017800
vt 0.442100 0.014000
vt 0.444200 0.014300
vt 0.514800 0.816100
vt 0.519600 0.816300
vt 0.480200 0.816600
vt 0.475300 0.817200
vt 0.485100 0.816100
vt 0.430700 -0.004800
vt 0.429800 -0.006500
vt 0.431900 -0.007700
vt 0.432500 -0.006100
vt 0.420700 -0.010400
vt 0.423400 -0.012100
vt 0.422200 -0.008700
vt 0.424600 -0.010300
vt 0.485000 -0.007500
vt 0.490600 -0.004400
vt 0.482300 -0.010100
vt 0.487100 -0.008800
vt 0.416300 -0.009900
vt 0.413500 -0.007000
vt 0.490000 0.003700
vt 0.486200 -0.002300
vt 0.487800 0.004600
vt 0.435100 0.000700
vt 0.436500 0.001900
vt 0.435200 -0.001800
vt 0.436300 -0.000600
vt 0.439700 0.007400
vt 0.441400 0.008000
vt 0.438600 0.005200
vt 0.440200 0.006000
vt 0.442500 0.011600
vt 0.444500 0.012000
vt 0.442800 0.010000
vt 0.444700 0.010300
vt 0.446100 0.018000
vt 0.448400 0.018100
vt 0.446300 0.014600
vt 0.448500 0.014700
vt 0.490100 0.815800
vt 0.429000 -0.008200
vt 0.428200 -0.010000
vt 0.430800 -0.011200
vt 0.431300 -0.009400
vt 0.479500 -0.012100
vt 0.484000 -0.011700
vt 0.476700 -0.013800
vt 0.481000 -0.014000
vt 0.422100 -0.014000
vt 0.419100 -0.012100
vt 0.483200 -0.006000
vt 0.480700 -0.008400
vt 0.484300 -0.001000
vt 0.481400 -0.004500
vt 0.485600 0.005600
vt 0.482400 0.000300
vt 0.483500 0.006700
vt 0.437800 0.002900
vt 0.439300 0.003800
vt 0.437500 0.000500
vt 0.438700 0.001500
vt 0.436800 -0.006700
vt 0.435700 -0.004300
vt 0.435000 -0.005700
vt 0.437400 -0.005400
vt 0.436600 -0.003100
vt 0.441800 0.006600
vt 0.443100 0.008500
vt 0.444900 0.008900
vt 0.443500 0.007100
vt 0.445200 0.007500
vt 0.446500 0.012200
vt 0.448500 0.012400
vt 0.446600 0.010600
vt 0.448600 0.010700
vt 0.452800 0.014500
vt 0.450700 0.018100
vt 0.450600 0.014700
vt 0.453000 0.018000
vt 0.427400 -0.011800
vt 0.426500 -0.013700
vt 0.429800 -0.015000
vt 0.430300 -0.013000
vt 0.436300 -0.009500
vt 0.434400 -0.007200
vt 0.434000 -0.008700
vt 0.436500 -0.008100
vt 0.479200 -0.006700
vt 0.478200 -0.010300
vt 0.475700 -0.011900
vt 0.477000 -0.008600
vt 0.474700 -0.010100
vt 0.479800 -0.002900
vt 0.477700 -0.005100
vt 0.480500 0.001700
vt 0.478200 -0.001400
vt 0.481400 0.007900
vt 0.479400 0.009000
vt 0.478700 0.003100
vt 0.440800 0.004600
vt 0.442300 0.005200
vt 0.440000 0.002400
vt 0.441400 0.003200
vt 0.438100 -0.004200
vt 0.437500 -0.001900
vt 0.438900 -0.003100
vt 0.438600 -0.000800
vt 0.446800 0.009100
vt 0.448600 0.009200
vt 0.446900 0.007700
vt 0.448700 0.007900
vt 0.452500 0.010600
vt 0.450600 0.012400
vt 0.450500 0.010700
vt 0.452600 0.012200
vt 0.457100 0.013900
vt 0.455300 0.017800
vt 0.454900 0.014300
vt 0.457500 0.017400
vt 0.425500 -0.015700
vt 0.477700 -0.015900
vt 0.473500 -0.015200
vt 0.474000 -0.017400
vt 0.470000 -0.016200
vt 0.429200 -0.017000
vt 0.436600 -0.012700
vt 0.433700 -0.010400
vt 0.433500 -0.012100
vt 0.436400 -0.011100
vt 0.476300 -0.003500
vt 0.475800 -0.006800
vt 0.473700 -0.008300
vt 0.474600 -0.005100
vt 0.472700 -0.006600
vt 0.476900 0.004400
vt 0.476600 0.000100
vt 0.475000 0.001500
vt 0.474900 -0.001900
vt 0.477300 0.010100
vt 0.475200 0.011200
vt 0.475100 0.005700
vt 0.443800 0.005700
vt 0.445400 0.006100
vt 0.442800 0.003800
vt 0.444200 0.004300
vt 0.440700 -0.001200
vt 0.439800 -0.002100
vt 0.441800 -0.000300
vt 0.439700 0.000200
vt 0.440800 0.001000
vt 0.439300 -0.006500
vt 0.439900 -0.005500
vt 0.439000 -0.007600
vt 0.440500 -0.008100
vt 0.441200 -0.007500
vt 0.452400 0.009100
vt 0.450500 0.009200
vt 0.452200 0.007700
vt 0.450400 0.007900
vt 0.456300 0.009900
vt 0.454600 0.012000
vt 0.454400 0.010300
vt 0.456700 0.011600
vt 0.459800 0.017000
vt 0.459200 0.013400
vt 0.461300 0.012800
vt 0.462100 0.016400
vt 0.472800 -0.013300
vt 0.469800 -0.014300
vt 0.472200 -0.011400
vt 0.469400 -0.012500
vt 0.437400 -0.016000
vt 0.433500 -0.013900
vt 0.433400 -0.015700
vt 0.436900 -0.014400
vt 0.438900 -0.008800
vt 0.439100 -0.010100
vt 0.441700 -0.010100
vt 0.441100 -0.009000
vt 0.473500 -0.000400
vt 0.473300 -0.003500
vt 0.472100 -0.002000
vt 0.471700 -0.004900
vt 0.473300 0.006900
vt 0.473400 0.002900
vt 0.471800 0.004200
vt 0.472100 0.001100
vt 0.473200 0.012200
vt 0.471400 0.008100
vt 0.471000 0.013200
vt 0.447100 0.006300
vt 0.448700 0.006400
vt 0.445700 0.004600
vt 0.447300 0.004800
vt 0.442800 0.000400
vt 0.443900 0.001000
vt 0.442100 0.001800
vt 0.443300 0.002400
vt 0.441300 -0.003500
vt 0.440500 -0.004500
vt 0.442300 -0.005800
vt 0.441700 -0.006700
vt 0.443000 -0.004900
vt 0.456000 0.008400
vt 0.454200 0.008800
vt 0.454000 0.007500
vt 0.455700 0.007100
vt 0.458700 0.011100
vt 0.458200 0.009400
vt 0.460100 0.008700
vt 0.460700 0.010400
vt 0.464300 0.015800
vt 0.463400 0.012100
vt 0.465500 0.011200
vt 0.466600 0.015000
vt 0.471500 -0.009600
vt 0.469000 -0.010800
vt 0.470700 -0.007900
vt 0.468500 -0.009100
vt 0.462400 -0.016800
vt 0.465900 -0.018700
vt 0.466300 -0.016800
vt 0.437800 -0.017800
vt 0.433300 -0.017700
vt 0.470100 -0.018300
vt 0.439500 -0.011500
vt 0.440200 -0.012900
vt 0.443600 -0.012500
vt 0.442500 -0.011300
vt 0.470600 0.002400
vt 0.470800 -0.000500
vt 0.469400 0.000900
vt 0.469400 -0.001900
vt 0.470600 -0.003400
vt 0.470100 0.005500
vt 0.469000 0.003700
vt 0.469500 0.009200
vt 0.468300 0.006700
vt 0.468800 0.014100
vt 0.467500 0.010300
vt 0.452100 0.006300
vt 0.450400 0.006400
vt 0.448800 0.004900
vt 0.450400 0.004900
vt 0.444700 0.002800
vt 0.445100 0.001400
vt 0.446000 0.003200
vt 0.442900 -0.001800
vt 0.442100 -0.002600
vt 0.443600 -0.004000
vt 0.444200 -0.003200
vt 0.457800 0.007900
vt 0.457400 0.006500
vt 0.459100 0.005900
vt 0.459600 0.007200
vt 0.462600 0.009600
vt 0.462000 0.007900
vt 0.463800 0.007000
vt 0.464600 0.008700
vt 0.469900 -0.006300
vt 0.467900 -0.007400
vt 0.469000 -0.004700
vt 0.467200 -0.005900
vt 0.463000 -0.015300
vt 0.466600 -0.013300
vt 0.463400 -0.013700
vt 0.466500 -0.015000
vt 0.441100 -0.014300
vt 0.442200 -0.015700
vt 0.447100 -0.014700
vt 0.445100 -0.013600
vt 0.467300 0.004900
vt 0.467900 0.002200
vt 0.466900 0.000800
vt 0.466400 0.003400
vt 0.465500 0.002000
vt 0.468200 -0.000500
vt 0.466500 0.007700
vt 0.465600 0.006000
vt 0.455400 0.005600
vt 0.453700 0.006000
vt 0.453500 0.004600
vt 0.451900 0.004800
vt 0.455000 0.004200
vt 0.446400 0.001700
vt 0.447400 0.003400
vt 0.447700 0.001900
vt 0.448900 0.003500
vt 0.444700 -0.000600
vt 0.443800 -0.001100
vt 0.444800 -0.002400
vt 0.445200 -0.001700
vt 0.461400 0.006400
vt 0.460800 0.005100
vt 0.462400 0.004100
vt 0.463100 0.005500
vt 0.468000 -0.003200
vt 0.466400 -0.004500
vt 0.466900 -0.001800
vt 0.465500 -0.003100
vt 0.463600 -0.012200
vt 0.466200 -0.010000
vt 0.463700 -0.010700
vt 0.466500 -0.011600
vt 0.443400 -0.017000
vt 0.461600 -0.018400
vt 0.457800 -0.016200
vt 0.456700 -0.017300
vt 0.454300 -0.015400
vt 0.450300 -0.015500
vt 0.464800 0.004500
vt 0.464000 0.003100
vt 0.458500 0.004400
vt 0.457000 0.005100
vt 0.456500 0.003700
vt 0.457900 0.003000
vt 0.449000 0.002000
vt 0.450300 0.003500
vt 0.450300 0.002000
vt 0.451700 0.003400
vt 0.445700 -0.000300
vt 0.446800 -0.000000
vt 0.446100 -0.001800
vt 0.465700 -0.000600
vt 0.464400 -0.001900
vt 0.464400 0.000600
vt 0.463300 -0.000700
vt 0.463600 -0.009300
vt 0.465400 -0.007000
vt 0.463300 -0.007900
vt 0.465900 -0.008400
vt 0.458800 -0.015100
vt 0.454700 -0.014500
vt 0.459600 -0.013800
vt 0.455900 -0.013500
vt 0.461600 0.002700
vt 0.460100 0.003600
vt 0.459300 0.002200
vt 0.460700 0.001400
vt 0.451600 0.001900
vt 0.453200 0.003100
vt 0.452900 0.001700
vt 0.454600 0.002800
vt 0.447900 0.000100
vt 0.449100 0.000200
vt 0.447100 -0.001800
vt 0.448100 -0.001700
vt 0.463100 0.001700
vt 0.462000 0.000400
vt 0.462900 -0.006500
vt 0.464000 -0.004300
vt 0.462400 -0.005300
vt 0.464800 -0.005600
vt 0.460200 -0.012500
vt 0.456800 -0.012400
vt 0.460600 -0.011200
vt 0.457500 -0.011200
vt 0.454100 0.001300
vt 0.455900 0.002300
vt 0.455300 0.000800
vt 0.457300 0.001600
vt 0.450300 0.000200
vt 0.451400 0.000100
vt 0.449200 -0.001700
vt 0.450300 -0.001600
vt 0.444800 -0.008700
vt 0.442500 -0.008500
vt 0.443500 -0.009600
vt 0.443300 -0.007700
vt 0.444700 -0.010600
vt 0.445900 -0.011600
vt 0.447600 -0.010500
vt 0.446200 -0.009700
vt 0.447400 -0.012500
vt 0.449300 -0.013400
vt 0.450800 -0.012200
vt 0.449000 -0.011400
vt 0.461600 -0.004200
vt 0.462100 -0.001900
vt 0.460800 -0.003200
vt 0.463100 -0.003100
vt 0.460900 -0.009900
vt 0.458100 -0.010100
vt 0.460900 -0.008600
vt 0.458500 -0.008900
vt 0.451700 -0.014100
vt 0.453000 -0.013000
vt 0.457600 -0.000500
vt 0.456500 0.000200
vt 0.458700 -0.001300
vt 0.458600 0.000900
vt 0.459800 0.000000
vt 0.452500 0.000000
vt 0.453600 -0.000200
vt 0.451400 -0.001600
vt 0.453200 -0.001300
vt 0.452400 -0.001500
vt 0.446300 -0.006800
vt 0.444000 -0.006900
vt 0.445700 -0.007800
vt 0.444600 -0.006000
vt 0.459800 -0.002200
vt 0.461000 -0.000900
vt 0.460800 -0.007400
vt 0.459100 -0.006900
vt 0.460500 -0.006400
vt 0.458700 -0.007800
vt 0.454600 -0.000700
vt 0.455500 -0.001300
vt 0.453700 -0.002000
vt 0.445600 -0.004000
vt 0.445100 -0.005000
vt 0.446700 -0.005800
vt 0.446900 -0.004600
vt 0.447900 -0.007500
vt 0.448700 -0.009400
vt 0.449800 -0.008000
vt 0.447200 -0.008600
vt 0.450200 -0.010200
vt 0.451900 -0.011100
vt 0.453000 -0.010100
vt 0.451400 -0.009200
vt 0.454000 -0.011900
vt 0.455000 -0.010800
vt 0.459900 -0.005400
vt 0.458300 -0.006500
vt 0.459200 -0.004500
vt 0.457500 -0.005800
vt 0.457400 -0.002800
vt 0.456500 -0.002000
vt 0.454400 -0.002700
vt 0.456000 -0.004300
vt 0.455200 -0.003500
vt 0.446000 -0.003000
vt 0.447100 -0.003300
vt 0.448200 -0.004900
vt 0.448200 -0.006200
vt 0.449600 -0.006400
vt 0.449500 -0.004900
vt 0.458300 -0.003700
vt 0.456800 -0.005000
vt 0.455800 -0.009700
vt 0.454000 -0.009100
vt 0.455100 -0.008100
vt 0.456500 -0.008700
vt 0.451600 -0.007300
vt 0.452600 -0.008300
vt 0.453900 -0.007300
vt 0.453100 -0.006400
vt 0.457300 -0.007600
vt 0.456200 -0.007000
vt 0.449300 -0.003400
vt 0.448200 -0.003400
vt 0.451100 -0.006100
vt 0.450700 -0.004700
vt 0.452400 -0.005500
vt 0.451600 -0.003100
vt 0.451900 -0.004300
vt 0.450500 -0.003300
vt 0.454500 -0.005400
vt 0.455300 -0.006200
vt 0.453200 -0.003700
vt 0.452600 -0.002700
vt 0.453800 -0.004600
vt 0.393100 0.822900
vt 0.388600 0.823000
vt 0.385100 0.822900
vt 0.382000 0.822900
vt 0.427500 0.822800
vt 0.422600 0.823000
vt 0.432300 0.822600
vt 0.539000 0.817800
vt 0.534100 0.817300
vt 0.465700 0.818400
vt 0.460800 0.819100
vt 0.470500 0.817800
vt 0.510000 0.815900
vt 0.505100 0.815700
vt 0.500100 0.815600
vt 0.495100 0.815600
vt 0.821100 0.574500
vt 0.816400 0.607500
vt 0.816100 0.574500
vt 0.826400 0.607400
vt 0.821400 0.607500
vt 0.826600 0.640400
vt 0.816600 0.640500
vt 0.821600 0.640500
vt 0.909000 0.565600
vt 0.878200 0.598600
vt 0.874800 0.565600
vt 0.909100 0.598600
vt 0.881300 0.631600
vt 0.876300 0.666800
vt 0.845600 0.636400
vt 0.873300 0.633900
vt 0.879200 0.699700
vt 0.845500 0.669600
vt 0.815700 0.392400
vt 0.814800 0.417600
vt 0.811700 0.393200
vt 0.820000 0.391700
vt 0.819800 0.417100
vt 0.825000 0.444200
vt 0.824800 0.416600
vt 0.820000 0.444400
vt 0.815000 0.444500
vt 0.820300 0.475500
vt 0.815300 0.475500
vt 0.825300 0.475400
vt 0.825500 0.508400
vt 0.820500 0.508500
vt 0.815600 0.508500
vt 0.820800 0.541500
vt 0.815800 0.541500
vt 0.825800 0.541400
vt 0.826100 0.574400
vt 0.824400 0.813700
vt 0.828600 0.793600
vt 0.829500 0.814800
vt 0.818900 0.813600
vt 0.823600 0.793100
vt 0.822900 0.769400
vt 0.818300 0.793000
vt 0.817800 0.769400
vt 0.827900 0.769500
vt 0.827400 0.739400
vt 0.822500 0.739500
vt 0.822200 0.706500
vt 0.817500 0.739500
vt 0.817200 0.706500
vt 0.827200 0.706400
vt 0.821900 0.673500
vt 0.826900 0.673400
vt 0.816900 0.673500
vt 0.909400 0.762000
vt 0.893600 0.790300
vt 0.891600 0.762000
vt 0.909400 0.790300
vt 0.895600 0.817000
vt 0.909300 0.697600
vt 0.889400 0.730600
vt 0.886900 0.697600
vt 0.909300 0.730600
vt 0.909200 0.631600
vt 0.884200 0.664600
vt 0.909200 0.664600
vt 0.854300 0.418000
vt 0.908700 0.435900
vt 0.857500 0.438000
vt 0.851600 0.402300
vt 0.908400 0.410000
vt 0.866600 0.499600
vt 0.908900 0.466600
vt 0.908900 0.499600
vt 0.861900 0.466700
vt 0.909000 0.532600
vt 0.870900 0.532600
vt 0.893100 0.852500
vt 0.839300 0.830900
vt 0.890800 0.828300
vt 0.834800 0.863400
vt 0.837100 0.849600
vt 0.888100 0.798300
vt 0.842900 0.769200
vt 0.885100 0.765400
vt 0.841300 0.802500
vt 0.882200 0.732500
vt 0.845100 0.702700
vt 0.844200 0.736000
vt 0.843800 0.479900
vt 0.861700 0.504700
vt 0.844100 0.506300
vt 0.843600 0.455700
vt 0.859400 0.478500
vt 0.844600 0.537100
vt 0.867400 0.568200
vt 0.845200 0.570200
vt 0.864500 0.535300
vt 0.845500 0.603300
vt 0.870400 0.601100
vt 1.015200 0.559700
vt 1.019800 0.530700
vt 1.020200 0.559600
vt 1.009800 0.530900
vt 1.014800 0.530800
vt 1.014300 0.501900
vt 1.009300 0.502000
vt 1.019300 0.501900
vt 1.011400 0.201600
vt 1.041700 0.230100
vt 1.011700 0.230700
vt 0.361200 0.086700
vt 0.338500 0.115500
vt 0.334600 0.086600
vt 0.361200 0.115500
vt 0.341500 0.144400
vt 0.974600 0.277100
vt 0.960600 0.248500
vt 0.974100 0.248200
vt 0.975200 0.306000
vt 0.959700 0.277400
vt 1.019500 0.775600
vt 1.018300 0.754200
vt 1.023300 0.754500
vt 1.015100 0.774900
vt 1.013400 0.753800
vt 1.018000 0.731000
vt 1.013000 0.731000
vt 1.023000 0.731000
vt 1.022500 0.704000
vt 1.017500 0.704000
vt 1.017100 0.675200
vt 1.012600 0.704100
vt 1.012100 0.675300
vt 1.022100 0.675100
vt 1.021600 0.646200
vt 1.016600 0.646300
vt 1.016200 0.617400
vt 1.011600 0.646400
vt 1.011200 0.617500
vt 1.021200 0.617300
vt 1.015700 0.588600
vt 1.020700 0.588500
vt 1.010300 0.559800
vt 1.010700 0.588600
vt 1.013600 0.401100
vt 1.008500 0.422600
vt 1.008700 0.400900
vt 1.018300 0.422300
vt 1.013500 0.422700
vt 1.018500 0.445900
vt 1.008600 0.446100
vt 1.013500 0.446000
vt 1.008900 0.473100
vt 1.018800 0.473000
vt 1.013900 0.473100
vt 1.008000 -0.011700
vt 1.038300 0.005000
vt 1.008400 0.008200
vt 1.008800 0.030400
vt 1.039300 0.056500
vt 1.009300 0.057000
vt 1.009800 0.085900
vt 1.040200 0.114300
vt 1.010200 0.114800
vt 1.010700 0.143700
vt 1.041100 0.172100
vt 1.011000 0.172600
vt 1.042100 0.334300
vt 1.011900 0.347300
vt 1.012000 0.332800
vt 1.042100 0.314600
vt 1.012000 0.289100
vt 1.042000 0.288500
vt 0.361500 0.315400
vt 0.347800 0.337600
vt 0.347800 0.315500
vt 0.361600 0.337600
vt 0.347900 0.357600
vt 0.361400 0.259900
vt 0.347800 0.288800
vt 0.347600 0.259900
vt 0.361500 0.288800
vt 0.361300 0.202200
vt 0.346800 0.231100
vt 0.345500 0.202200
vt 0.361400 0.231000
vt 0.361300 0.144400
vt 0.343800 0.173300
vt 0.361300 0.173300
vt 0.320300 0.015100
vt 0.361100 0.030300
vt 0.324600 0.032700
vt 0.316400 0.001100
vt 0.361000 0.005700
vt 0.361100 0.057800
vt 0.329600 0.057800
vt 0.977600 0.420200
vt 0.939600 0.438200
vt 0.943700 0.418900
vt 0.978100 0.445200
vt 0.935600 0.454200
vt 0.977000 0.392600
vt 0.952400 0.364300
vt 0.976400 0.363700
vt 0.948200 0.393200
vt 0.975800 0.334800
vt 0.958200 0.306300
vt 0.955700 0.335300
vt 0.959500 0.134600
vt 0.971200 0.110200
vt 0.971700 0.134300
vt 0.958300 0.110400
vt 0.970800 0.087600
vt 0.960500 0.161900
vt 0.972900 0.190500
vt 0.961000 0.190700
vt 0.972300 0.161600
vt 0.961000 0.219600
vt 0.973500 0.219400
vt 0.819500 0.376500
vt 0.804500 0.373800
vt 0.804400 0.364100
vt 0.824500 0.390800
vt 0.817000 0.379500
vt 0.804500 0.378400
vt 0.814500 0.382500
vt 0.831100 0.574400
vt 0.836300 0.607400
vt 0.831300 0.607400
vt 0.836600 0.640400
vt 0.831600 0.640400
vt 0.811700 0.640600
vt 0.806700 0.640600
vt 0.811400 0.607600
vt 0.806100 0.574600
vt 0.806400 0.607600
vt 0.811100 0.574600
vt 0.835000 0.443900
vt 0.829800 0.416200
vt 0.834800 0.415700
vt 0.830000 0.444100
vt 0.809800 0.418100
vt 0.810000 0.444700
vt 0.804800 0.418500
vt 0.804600 0.394500
vt 0.808500 0.393800
vt 0.830300 0.475400
vt 0.835200 0.475400
vt 0.835500 0.508400
vt 0.830500 0.508400
vt 0.810600 0.508600
vt 0.805300 0.475600
vt 0.810300 0.475600
vt 0.805100 0.444800
vt 0.830800 0.541400
vt 0.835800 0.541400
vt 0.836100 0.574400
vt 0.810800 0.541600
vt 0.805900 0.541600
vt 0.805600 0.508600
vt 0.813000 0.793500
vt 0.813200 0.814400
vt 0.807600 0.794100
vt 0.807700 0.769700
vt 0.812700 0.769500
vt 0.832800 0.769700
vt 0.837700 0.770000
vt 0.833300 0.794600
vt 0.833900 0.816900
vt 0.837800 0.795900
vt 0.838000 0.819500
vt 0.812500 0.739600
vt 0.807500 0.739600
vt 0.807200 0.706600
vt 0.812200 0.706600
vt 0.832400 0.739400
vt 0.837100 0.706400
vt 0.832200 0.706400
vt 0.837400 0.739400
vt 0.811900 0.673600
vt 0.806900 0.673600
vt 0.831900 0.673400
vt 0.836900 0.673400
vt 0.745200 0.032800
vt 0.742400 0.028800
vt 0.767400 0.011600
vt 0.740200 0.024400
vt 0.738000 0.014900
vt 0.737900 0.010000
vt 0.738500 0.005200
vt 0.741900 -0.003600
vt 0.744700 -0.007300
vt 0.748200 -0.010500
vt 0.756600 -0.015300
vt 0.761200 -0.016700
vt 0.766000 -0.017400
vt 0.775600 -0.016500
vt 0.780200 -0.014800
vt 0.784500 -0.012400
vt 0.791800 -0.005800
vt 0.794700 -0.001700
vt 0.797000 0.002600
vt 0.799500 0.012000
vt 0.799400 0.016800
vt 0.798600 0.021500
vt 0.794800 0.030300
vt 0.791700 0.034100
vt 0.788300 0.037800
vt 0.758000 0.041800
vt 0.755200 0.040600
vt 0.752100 0.038900
vt 0.759600 0.203000
vt 0.789700 0.235900
vt 0.759800 0.236200
vt 0.790000 0.269100
vt 0.790900 0.399900
vt 0.761100 0.425800
vt 0.760900 0.399400
vt 0.761300 0.450000
vt 0.791100 0.428200
vt 0.791300 0.455000
vt 0.790400 0.335300
vt 0.760700 0.368600
vt 0.760500 0.335500
vt 0.790600 0.368400
vt 0.760000 0.269300
vt 0.790200 0.302200
vt 0.760300 0.302400
vt 0.788600 0.074000
vt 0.758400 0.055900
vt 0.788400 0.053700
vt 0.789000 0.136300
vt 0.758900 0.103200
vt 0.788800 0.103000
vt 0.758600 0.074700
vt 0.789300 0.169600
vt 0.789500 0.202800
vt 0.759100 0.136500
vt 0.759300 0.169800
vt 0.317700 0.469900
vt 0.321800 0.456800
vt 0.322500 0.469900
vt 0.312800 0.469900
vt 0.317000 0.456900
vt 0.312800 0.393500
vt 0.312200 0.456900
vt 0.308200 0.393600
vt 0.317300 0.393400
vt 0.327300 0.469800
vt 0.331400 0.456600
vt 0.332200 0.469700
vt 0.326600 0.456700
vt 0.321800 0.393200
vt 0.326400 0.393000
vt 0.313400 0.482900
vt 0.318300 0.482900
vt 0.319700 0.528900
vt 0.323100 0.482900
vt 0.324500 0.529200
vt 0.314800 0.528700
vt 0.308000 0.469900
vt 0.303100 0.469900
vt 0.307400 0.456900
vt 0.303700 0.393700
vt 0.302600 0.456900
vt 0.299100 0.393800
vt 0.337100 0.469600
vt 0.341200 0.456200
vt 0.342000 0.469400
vt 0.336300 0.456400
vt 0.331000 0.392700
vt 0.335500 0.392400
vt 0.328000 0.482900
vt 0.329300 0.529300
vt 0.332900 0.482800
vt 0.334100 0.529400
vt 0.303600 0.482900
vt 0.308500 0.482900
vt 0.309800 0.528400
vt 0.304900 0.528100
vt 0.298300 0.469800
vt 0.293600 0.469800
vt 0.297800 0.456900
vt 0.294600 0.393800
vt 0.293100 0.456900
vt 0.290100 0.393900
vt 0.287700 0.067900
vt 0.284800 0.068100
vt 0.290600 0.067700
vt 0.346900 0.469200
vt 0.350800 0.455500
vt 0.351800 0.468900
vt 0.346000 0.455900
vt 0.340100 0.392000
vt 0.344600 0.391600
vt 0.337800 0.482700
vt 0.338800 0.529500
vt 0.342700 0.482600
vt 0.343600 0.529500
vt 0.293600 0.067400
vt 0.296500 0.067100
vt 0.294000 0.482800
vt 0.298800 0.482800
vt 0.300000 0.527800
vt 0.295200 0.527500
vt 0.324800 0.786500
vt 0.329500 0.787400
vt 0.319800 0.785500
vt 0.288900 0.469800
vt 0.284200 0.469800
vt 0.288400 0.456900
vt 0.285700 0.393900
vt 0.283800 0.456800
vt 0.281400 0.393900
vt 0.281800 0.068300
vt 0.278900 0.068500
vt 0.170000 0.472500
vt 0.165800 0.458900
vt 0.170500 0.459100
vt 0.355500 0.455100
vt 0.356500 0.468600
vt 0.349000 0.391100
vt 0.169800 0.394700
vt 0.347700 0.482500
vt 0.348600 0.529500
vt 0.352500 0.482300
vt 0.353500 0.529400
vt 0.299500 0.066800
vt 0.302400 0.066500
vt 0.333900 0.788100
vt 0.337900 0.788500
vt 0.284600 0.482700
vt 0.289300 0.482700
vt 0.290400 0.527200
vt 0.285700 0.526900
vt 0.314900 0.784300
vt 0.309900 0.783100
vt 0.279600 0.469800
vt 0.275000 0.469800
vt 0.279200 0.456800
vt 0.277000 0.394000
vt 0.274600 0.456900
vt 0.272700 0.394000
vt 0.276000 0.068700
vt 0.273000 0.068800
vt 0.179400 0.472600
vt 0.175100 0.459300
vt 0.179700 0.459300
vt 0.174700 0.472600
vt 0.174200 0.395000
vt 0.178500 0.395200
vt 0.165300 0.472400
vt 0.169800 0.485900
vt 0.165100 0.485900
vt 0.169700 0.532900
vt 0.358300 0.529300
vt 0.357300 0.482100
vt 0.305300 0.066100
vt 0.308200 0.065700
vt 0.341400 0.788800
vt 0.343500 0.789000
vt 0.275300 0.482700
vt 0.280000 0.482700
vt 0.281100 0.526700
vt 0.276300 0.526500
vt 0.305000 0.781800
vt 0.300100 0.780500
vt 0.270300 0.469800
vt 0.265600 0.469900
vt 0.270000 0.456900
vt 0.268300 0.394000
vt 0.265300 0.456900
vt 0.263800 0.394100
vt 0.270200 0.068900
vt 0.267300 0.069100
vt 0.188800 0.472500
vt 0.184400 0.459400
vt 0.189100 0.459300
vt 0.184100 0.472600
vt 0.182900 0.395400
vt 0.187300 0.395500
vt 0.174500 0.485900
vt 0.179200 0.485800
vt 0.179100 0.532400
vt 0.174400 0.532700
vt 0.311100 0.065300
vt 0.194700 0.067700
vt 0.349300 0.789200
vt 0.354900 0.789300
vt 0.265900 0.482800
vt 0.270600 0.482700
vt 0.271600 0.526400
vt 0.266800 0.526300
vt 0.295300 0.779200
vt 0.290600 0.778000
vt 0.260800 0.469900
vt 0.255800 0.457100
vt 0.260600 0.457000
vt 0.254800 0.394300
vt 0.259300 0.394200
vt 0.264500 0.069200
vt 0.261700 0.069200
vt 0.198300 0.472300
vt 0.193800 0.459300
vt 0.198500 0.459200
vt 0.193600 0.472400
vt 0.191700 0.395600
vt 0.196100 0.395600
vt 0.184000 0.485700
vt 0.188700 0.485600
vt 0.188700 0.531700
vt 0.183900 0.532100
vt 0.197600 0.068000
vt 0.200400 0.068300
vt 0.171100 0.792200
vt 0.164900 0.533100
vt 0.359800 0.789100
vt 0.256100 0.470000
vt 0.261100 0.482900
vt 0.256300 0.483000
vt 0.261900 0.526300
vt 0.257100 0.526300
vt 0.285900 0.776900
vt 0.281100 0.775800
vt 0.251100 0.457200
vt 0.251300 0.470100
vt 0.246400 0.457400
vt 0.245900 0.394500
vt 0.250400 0.394400
vt 0.258800 0.069300
vt 0.255900 0.069400
vt 0.207700 0.471900
vt 0.203200 0.459000
vt 0.207900 0.458900
vt 0.203000 0.472100
vt 0.200600 0.395600
vt 0.205000 0.395600
vt 0.193500 0.485500
vt 0.198200 0.485300
vt 0.198500 0.530700
vt 0.193600 0.531200
vt 0.203200 0.068500
vt 0.206000 0.068800
vt 0.181100 0.790100
vt 0.176000 0.791200
vt 0.246500 0.470300
vt 0.251500 0.483100
vt 0.246700 0.483200
vt 0.252300 0.526400
vt 0.276300 0.775000
vt 0.271500 0.774200
vt 0.241600 0.457500
vt 0.241800 0.470500
vt 0.236800 0.457700
vt 0.236800 0.394700
vt 0.241400 0.394600
vt 0.250000 0.069500
vt 0.252900 0.069500
vt 0.217300 0.471500
vt 0.212600 0.458700
vt 0.217400 0.458500
vt 0.212500 0.471700
vt 0.209400 0.395500
vt 0.213900 0.395400
vt 0.203000 0.485200
vt 0.207700 0.484900
vt 0.208100 0.529700
vt 0.203300 0.530200
vt 0.208900 0.069000
vt 0.211800 0.069100
vt 0.192300 0.787000
vt 0.187200 0.788500
vt 0.236900 0.470600
vt 0.241900 0.483400
vt 0.237000 0.483600
vt 0.247400 0.526600
vt 0.242600 0.526900
vt 0.266700 0.773600
vt 0.261800 0.773300
vt 0.232000 0.457900
vt 0.232000 0.470800
vt 0.227100 0.458100
vt 0.227600 0.395000
vt 0.232200 0.394900
vt 0.244200 0.069600
vt 0.247100 0.069600
vt 0.227100 0.471100
vt 0.222200 0.458300
vt 0.222200 0.471300
vt 0.218400 0.395300
vt 0.223000 0.395100
vt 0.212500 0.484700
vt 0.217300 0.484500
vt 0.217800 0.528800
vt 0.212900 0.529300
vt 0.214600 0.069300
vt 0.217500 0.069400
vt 0.203000 0.783700
vt 0.197700 0.785400
vt 0.232100 0.483800
vt 0.227200 0.484000
vt 0.237600 0.527200
vt 0.232700 0.527500
vt 0.256900 0.773100
vt 0.238200 0.069700
vt 0.241200 0.069600
vt 0.222200 0.484300
vt 0.227700 0.527900
vt 0.222700 0.528300
vt 0.220400 0.069500
vt 0.223300 0.069500
vt 0.212700 0.780600
vt 0.208000 0.782100
vt 0.252100 0.773100
vt 0.247200 0.773400
vt 0.232200 0.069700
vt 0.235200 0.069700
vt 0.226200 0.069600
vt 0.229200 0.069600
vt 0.222400 0.777800
vt 0.217500 0.779200
vt 0.242300 0.773900
vt 0.237300 0.774600
vt 0.232300 0.775500
vt 0.227300 0.776600
vt 0.277700 0.004600
vt 0.278000 0.010300
vt 0.275800 0.005900
vt 0.280100 0.009100
vt 0.275900 0.011300
vt 0.282200 0.008000
vt 0.279500 0.003200
vt 0.281300 0.001800
vt 0.284300 0.006800
vt 0.274000 0.007200
vt 0.273800 0.012400
vt 0.272100 0.008400
vt 0.271600 0.013400
vt 0.274300 -0.000200
vt 0.274200 0.003200
vt 0.272800 0.001300
vt 0.275800 0.001700
vt 0.272500 0.004500
vt 0.286400 0.005700
vt 0.283200 0.000400
vt 0.285100 -0.001000
vt 0.288700 0.004600
vt 0.277400 0.000300
vt 0.275700 -0.001700
vt 0.277100 -0.003300
vt 0.279000 -0.001300
vt 0.269500 0.014300
vt 0.267300 0.015100
vt 0.268200 0.010500
vt 0.270200 0.009500
vt 0.271300 0.002700
vt 0.270800 0.005800
vt 0.269700 0.004000
vt 0.269000 0.006900
vt 0.272800 -0.001700
vt 0.271500 -0.000200
vt 0.270200 -0.001600
vt 0.270100 0.001200
vt 0.269000 -0.000200
vt 0.271400 -0.003100
vt 0.289300 -0.003600
vt 0.291000 0.003600
vt 0.287200 -0.002400
vt 0.293300 0.002800
vt 0.280600 -0.002900
vt 0.278500 -0.005000
vt 0.279900 -0.006700
vt 0.282300 -0.004500
vt 0.274100 -0.003300
vt 0.272500 -0.004700
vt 0.273500 -0.006400
vt 0.275300 -0.005000
vt 0.265200 0.015800
vt 0.263000 0.016400
vt 0.264300 0.012200
vt 0.266200 0.011400
vt 0.267200 0.008000
vt 0.265400 0.009000
vt 0.266400 0.006300
vt 0.268100 0.005200
vt 0.268700 0.002500
vt 0.267700 0.001200
vt 0.267200 0.003700
vt 0.266300 0.002400
vt 0.209600 0.005200
vt 0.210900 -0.002000
vt 0.213200 -0.001100
vt 0.207200 0.004600
vt 0.295800 0.002100
vt 0.291700 -0.004500
vt 0.283200 -0.010200
vt 0.284100 -0.006100
vt 0.281500 -0.008500
vt 0.286000 -0.007600
vt 0.276500 -0.006700
vt 0.274500 -0.008200
vt 0.275400 -0.010100
vt 0.277700 -0.008500
vt 0.262300 0.012900
vt 0.260800 0.016900
vt 0.260200 0.013400
vt 0.258600 0.017300
vt 0.263500 0.009800
vt 0.261600 0.010500
vt 0.262900 0.008100
vt 0.264700 0.007300
vt 0.265600 0.004800
vt 0.264000 0.005800
vt 0.264800 0.003500
vt 0.269800 -0.004400
vt 0.268800 -0.002900
vt 0.267200 -0.004100
vt 0.267700 -0.001500
vt 0.266300 -0.002800
vt 0.268100 -0.005600
vt 0.211900 0.006000
vt 0.214200 0.006800
vt 0.215400 0.000000
vt 0.217400 0.001200
vt 0.218800 -0.007800
vt 0.214200 -0.006300
vt 0.217000 -0.009200
vt 0.216300 -0.005100
vt 0.288100 -0.009000
vt 0.285000 -0.011900
vt 0.280400 -0.012300
vt 0.279000 -0.010400
vt 0.276400 -0.012000
vt 0.277500 -0.013900
vt 0.271500 -0.007700
vt 0.270700 -0.006000
vt 0.268700 -0.007200
vt 0.269300 -0.008800
vt 0.258200 0.013900
vt 0.256400 0.017600
vt 0.256000 0.014200
vt 0.254100 0.017900
vt 0.261100 0.008800
vt 0.259700 0.011100
vt 0.259300 0.009400
vt 0.257800 0.011500
vt 0.262300 0.006700
vt 0.260700 0.007400
vt 0.261800 0.005300
vt 0.263300 0.004500
vt 0.266500 -0.000200
vt 0.265300 -0.001500
vt 0.265300 0.001000
vt 0.264200 -0.000300
vt 0.216400 0.007700
vt 0.218500 0.008700
vt 0.219300 0.002400
vt 0.221200 0.003600
vt 0.218200 -0.003700
vt 0.220000 -0.002400
vt 0.220500 -0.006200
vt 0.222100 -0.004700
vt 0.221300 -0.009900
vt 0.281900 -0.014200
vt 0.278600 -0.015900
vt 0.223900 -0.011700
vt 0.219700 -0.011600
vt 0.222600 -0.013600
vt 0.272900 -0.011400
vt 0.272200 -0.009500
vt 0.269700 -0.010600
vt 0.270100 -0.012400
vt 0.249500 0.018000
vt 0.249600 0.014500
vt 0.251800 0.018000
vt 0.253900 0.014400
vt 0.251700 0.014500
vt 0.257500 0.009900
vt 0.255800 0.011900
vt 0.255600 0.010200
vt 0.253700 0.012100
vt 0.258900 0.008000
vt 0.258500 0.006600
vt 0.257200 0.008400
vt 0.256900 0.007100
vt 0.260200 0.006000
vt 0.263900 0.002100
vt 0.263000 0.000800
vt 0.262500 0.003100
vt 0.261700 0.001700
vt 0.263900 -0.006200
vt 0.264900 -0.003900
vt 0.263300 -0.005000
vt 0.264300 -0.007500
vt 0.265600 -0.005200
vt 0.266300 -0.006600
vt 0.222800 0.010600
vt 0.223100 0.004800
vt 0.225000 0.006000
vt 0.220700 0.009700
vt 0.221700 -0.001000
vt 0.223400 0.000400
vt 0.223600 -0.003300
vt 0.225200 -0.001800
vt 0.222800 -0.008300
vt 0.224200 -0.006700
vt 0.225100 -0.010000
vt 0.226300 -0.008300
vt 0.274200 -0.015300
vt 0.273500 -0.013300
vt 0.270400 -0.014300
vt 0.270600 -0.016300
vt 0.264600 -0.008900
vt 0.264600 -0.010400
vt 0.266700 -0.008100
vt 0.267000 -0.009700
vt 0.244900 0.017600
vt 0.245300 0.014100
vt 0.247200 0.017800
vt 0.247400 0.014300
vt 0.249700 0.012100
vt 0.249700 0.010500
vt 0.251700 0.012200
vt 0.253600 0.010400
vt 0.251700 0.010500
vt 0.255400 0.008800
vt 0.255100 0.007400
vt 0.253500 0.009000
vt 0.253400 0.007600
vt 0.261100 0.003900
vt 0.260400 0.002500
vt 0.259600 0.004600
vt 0.259000 0.003200
vt 0.262500 -0.003900
vt 0.263000 -0.001600
vt 0.261700 -0.002800
vt 0.264000 -0.002700
vt 0.227000 0.012500
vt 0.226800 0.007100
vt 0.228700 0.008200
vt 0.224900 0.011600
vt 0.226700 0.003000
vt 0.226600 -0.000400
vt 0.228200 0.001000
vt 0.225100 0.001700
vt 0.225500 -0.005100
vt 0.226800 -0.003600
vt 0.227400 -0.006700
vt 0.228500 -0.005100
vt 0.226900 -0.013400
vt 0.274900 -0.017400
vt 0.270900 -0.018300
vt 0.230200 -0.014800
vt 0.226000 -0.015400
vt 0.229700 -0.016800
vt 0.264500 -0.011900
vt 0.264100 -0.013500
vt 0.267200 -0.011400
vt 0.267200 -0.013100
vt 0.243100 0.013700
vt 0.242700 0.017300
vt 0.240400 0.016900
vt 0.241000 0.013200
vt 0.245600 0.011700
vt 0.245800 0.010000
vt 0.247600 0.012000
vt 0.247800 0.010300
vt 0.251600 0.009000
vt 0.249800 0.009000
vt 0.251600 0.007700
vt 0.258100 0.005200
vt 0.257600 0.003800
vt 0.256500 0.005600
vt 0.256200 0.004200
vt 0.260800 -0.001800
vt 0.260800 0.000400
vt 0.259800 -0.000900
vt 0.262000 -0.000500
vt 0.262100 -0.008300
vt 0.261800 -0.007200
vt 0.259900 -0.008100
vt 0.261400 -0.006200
vt 0.259400 -0.007200
vt 0.260600 -0.008700
vt 0.229100 0.013400
vt 0.231300 0.014200
vt 0.230700 0.009200
vt 0.232600 0.010200
vt 0.230100 0.005400
vt 0.229700 0.002300
vt 0.231200 0.003500
vt 0.228400 0.004200
vt 0.228100 -0.002100
vt 0.229500 -0.000700
vt 0.229700 -0.003600
vt 0.227800 -0.011600
vt 0.228700 -0.009900
vt 0.230800 -0.012900
vt 0.263600 -0.015100
vt 0.262900 -0.016800
vt 0.267100 -0.014900
vt 0.266900 -0.016800
vt 0.261800 -0.010800
vt 0.262100 -0.009500
vt 0.259200 -0.010700
vt 0.259900 -0.009600
vt 0.238900 0.012600
vt 0.238100 0.016300
vt 0.235800 0.015700
vt 0.236700 0.011900
vt 0.243900 0.009600
vt 0.243600 0.011300
vt 0.241500 0.010800
vt 0.242000 0.009100
vt 0.246100 0.008500
vt 0.246300 0.007100
vt 0.247900 0.008800
vt 0.248100 0.007400
vt 0.249800 0.007600
vt 0.254900 0.005900
vt 0.254600 0.004500
vt 0.253300 0.006100
vt 0.253100 0.004700
vt 0.258800 -0.000200
vt 0.258400 0.001900
vt 0.257700 0.000500
vt 0.259600 0.001200
vt 0.260100 -0.004200
vt 0.260800 -0.005200
vt 0.258300 -0.005400
vt 0.258900 -0.006300
vt 0.233500 0.015000
vt 0.234700 0.011100
vt 0.231900 0.006500
vt 0.233700 0.007500
vt 0.232900 0.004700
vt 0.234600 0.005700
vt 0.230900 0.000700
vt 0.232300 0.001900
vt 0.230900 -0.002100
vt 0.232100 -0.000800
vt 0.229500 -0.008200
vt 0.230400 -0.006600
vt 0.231300 -0.011200
vt 0.231900 -0.009500
vt 0.262200 -0.018400
vt 0.237700 -0.016100
vt 0.233800 -0.017600
vt 0.238200 -0.017800
vt 0.233800 -0.015700
vt 0.266700 -0.018700
vt 0.260400 -0.013500
vt 0.261300 -0.012100
vt 0.258200 -0.011800
vt 0.257000 -0.012900
vt 0.240100 0.008400
vt 0.239500 0.010100
vt 0.237600 0.009400
vt 0.238200 0.007600
vt 0.244200 0.008100
vt 0.242400 0.007600
vt 0.242900 0.006200
vt 0.244600 0.006700
vt 0.251600 0.006200
vt 0.251600 0.004800
vt 0.249900 0.006200
vt 0.250000 0.004700
vt 0.256600 0.000900
vt 0.255800 0.002800
vt 0.255300 0.001300
vt 0.257100 0.002400
vt 0.259400 -0.003200
vt 0.258600 -0.002400
vt 0.257200 -0.003600
vt 0.257700 -0.004500
vt 0.235600 0.008500
vt 0.236400 0.006700
vt 0.233400 0.000500
vt 0.233800 0.003100
vt 0.235400 0.004200
vt 0.234800 0.001700
vt 0.236300 0.002800
vt 0.231400 -0.005000
vt 0.232400 -0.003600
vt 0.232500 -0.007900
vt 0.233300 -0.006300
vt 0.237400 -0.014500
vt 0.234100 -0.012200
vt 0.233900 -0.013900
vt 0.258100 -0.016100
vt 0.259400 -0.014800
vt 0.255400 -0.013900
vt 0.253300 -0.014800
vt 0.240600 0.006900
vt 0.238800 0.006100
vt 0.239500 0.004700
vt 0.241100 0.005500
vt 0.248200 0.006000
vt 0.246600 0.005700
vt 0.246900 0.004200
vt 0.248400 0.004500
vt 0.254100 0.001600
vt 0.253000 0.003200
vt 0.252800 0.001700
vt 0.254400 0.003100
vt 0.257800 -0.001600
vt 0.256900 -0.001000
vt 0.256300 -0.002100
vt 0.256600 -0.002800
vt 0.237100 0.005200
vt 0.237900 0.003800
vt 0.233500 -0.002200
vt 0.234700 -0.000900
vt 0.234100 -0.004900
vt 0.235000 -0.003500
vt 0.237200 -0.012900
vt 0.234400 -0.010600
vt 0.237100 -0.011400
vt 0.234700 -0.009000
vt 0.242400 -0.015900
vt 0.256800 -0.017200
vt 0.250100 -0.015600
vt 0.246400 -0.015300
vt 0.243600 -0.017200
vt 0.245000 0.005300
vt 0.243400 0.004700
vt 0.243900 0.003300
vt 0.245400 0.003800
vt 0.251500 0.001800
vt 0.250100 0.003300
vt 0.250200 0.001700
vt 0.251500 0.003300
vt 0.235900 0.000300
vt 0.237300 0.001300
vt 0.236000 -0.002300
vt 0.237100 -0.001100
vt 0.237200 -0.009900
vt 0.235200 -0.007500
vt 0.237400 -0.008500
vt 0.235800 -0.006100
vt 0.241600 -0.014600
vt 0.241000 -0.013300
vt 0.245800 -0.014300
vt 0.241800 0.004000
vt 0.240200 0.003200
vt 0.241000 0.001800
vt 0.242400 0.002600
vt 0.248900 0.001600
vt 0.247200 0.002800
vt 0.247600 0.001400
vt 0.248700 0.003100
vt 0.254900 -0.000400
vt 0.253700 -0.000200
vt 0.253400 -0.002000
vt 0.252600 -0.000100
vt 0.252300 -0.001900
vt 0.254400 -0.002100
vt 0.238700 0.002300
vt 0.238300 -0.000000
vt 0.239600 0.000900
vt 0.237800 -0.007100
vt 0.236600 -0.004700
vt 0.238300 -0.005800
vt 0.237400 -0.003500
vt 0.240500 -0.012000
vt 0.240200 -0.010600
vt 0.244700 -0.013200
vt 0.243900 -0.012000
vt 0.245200 0.000400
vt 0.245900 0.002400
vt 0.244500 0.001900
vt 0.246400 0.000900
vt 0.251400 0.000000
vt 0.251200 -0.001800
vt 0.250200 0.000000
vt 0.250200 -0.001700
vt 0.258500 -0.009000
vt 0.257700 -0.008200
vt 0.256200 -0.009100
vt 0.257400 -0.010000
vt 0.257100 -0.007300
vt 0.256600 -0.006400
vt 0.254900 -0.007200
vt 0.255400 -0.008200
vt 0.256100 -0.005400
vt 0.255800 -0.004400
vt 0.254400 -0.004900
vt 0.254500 -0.006100
vt 0.255400 -0.003400
vt 0.254300 -0.003600
vt 0.255400 -0.002200
vt 0.239000 -0.004700
vt 0.238400 -0.002400
vt 0.239800 -0.003600
vt 0.239500 -0.001400
vt 0.240100 -0.009300
vt 0.240100 -0.008000
vt 0.243300 -0.010800
vt 0.242900 -0.009600
vt 0.242800 -0.001000
vt 0.243200 0.001200
vt 0.241900 0.000400
vt 0.244000 -0.000200
vt 0.249100 -0.000000
vt 0.248400 -0.001300
vt 0.248000 -0.000200
vt 0.249200 -0.001600
vt 0.240700 -0.002700
vt 0.240600 -0.000400
vt 0.241700 -0.001800
vt 0.240400 -0.006800
vt 0.240800 -0.005800
vt 0.242600 -0.008400
vt 0.242100 -0.006400
vt 0.242400 -0.007400
vt 0.253300 -0.010700
vt 0.256200 -0.011000
vt 0.254700 -0.010000
vt 0.254800 -0.011900
vt 0.247000 -0.000600
vt 0.247800 -0.002000
vt 0.246000 -0.001200
vt 0.247100 -0.002600
vt 0.253200 -0.003600
vt 0.253100 -0.005100
vt 0.252100 -0.003500
vt 0.253800 -0.008900
vt 0.252200 -0.009500
vt 0.253200 -0.007700
vt 0.251200 -0.008100
vt 0.253000 -0.006400
vt 0.251800 -0.005100
vt 0.251500 -0.006500
vt 0.241400 -0.004900
vt 0.242200 -0.004100
vt 0.242900 -0.006100
vt 0.251300 -0.013500
vt 0.253200 -0.012700
vt 0.251700 -0.011500
vt 0.249900 -0.012200
vt 0.245000 -0.001800
vt 0.244000 -0.002500
vt 0.245400 -0.004000
vt 0.246200 -0.003300
vt 0.251000 -0.003400
vt 0.250600 -0.004800
vt 0.249900 -0.003100
vt 0.243100 -0.003300
vt 0.243700 -0.005400
vt 0.244600 -0.004700
vt 0.248900 -0.014000
vt 0.247700 -0.012800
vt 0.248900 -0.011100
vt 0.250600 -0.010300
vt 0.249600 -0.009200
vt 0.247900 -0.010000
vt 0.249400 -0.004400
vt 0.248800 -0.002700
vt 0.248200 -0.003700
vt 0.249500 -0.007300
vt 0.250200 -0.006100
vt 0.248800 -0.005400
vt 0.248100 -0.006400
vt 0.245900 -0.010600
vt 0.246700 -0.011700
vt 0.248400 -0.008200
vt 0.247000 -0.008900
vt 0.247200 -0.007200
vt 0.247500 -0.004500
vt 0.246700 -0.005300
vt 0.246000 -0.007900
vt 0.245200 -0.009500
vt 0.244500 -0.008300
vt 0.245900 -0.006000
vt 0.244900 -0.006700
vt 0.243900 -0.007200
vt 0.325800 0.840600
vt 0.320900 0.841300
vt 0.335700 0.839200
vt 0.330700 0.839900
vt 0.316000 0.842100
vt 0.311000 0.843000
vt 0.343900 0.837900
vt 0.340200 0.838400
vt 0.306100 0.843800
vt 0.301300 0.844400
vt 0.296500 0.844900
vt 0.291800 0.845100
vt 0.287100 0.845300
vt 0.282400 0.845200
vt 0.277600 0.844900
vt 0.272800 0.844300
vt 0.194400 0.834000
vt 0.189400 0.834700
vt 0.184200 0.835600
vt 0.268000 0.843700
vt 0.263100 0.842900
vt 0.204100 0.833500
vt 0.199300 0.833600
vt 0.258200 0.842000
vt 0.253400 0.840900
vt 0.213600 0.833600
vt 0.208800 0.833500
vt 0.248400 0.839700
vt 0.243400 0.838400
vt 0.223300 0.834600
vt 0.218400 0.834000
vt 0.238400 0.837200
vt 0.233300 0.836200
vt 0.228300 0.835300
vt 1.005300 0.559800
vt 1.000300 0.559900
vt 1.004800 0.531000
vt 1.004300 0.502100
vt 0.999800 0.531100
vt 0.999400 0.502200
vt 1.024300 0.501800
vt 1.029300 0.501700
vt 1.024800 0.530700
vt 1.025200 0.559500
vt 1.029700 0.530600
vt 1.030200 0.559400
vt 1.007600 0.773700
vt 1.011000 0.774200
vt 1.003700 0.773100
vt 1.008400 0.753500
vt 1.008000 0.731000
vt 1.003400 0.753100
vt 1.003000 0.730900
vt 1.028000 0.731100
vt 1.032900 0.731100
vt 1.028300 0.754900
vt 1.007600 0.704200
vt 1.007100 0.675300
vt 1.002600 0.704300
vt 1.002100 0.675400
vt 1.027500 0.703900
vt 1.032100 0.674900
vt 1.027100 0.675000
vt 1.032500 0.703800
vt 1.006600 0.646500
vt 1.006200 0.617600
vt 1.001700 0.646500
vt 1.001200 0.617700
vt 1.026100 0.617300
vt 1.031100 0.617200
vt 1.026600 0.646100
vt 1.031600 0.646100
vt 1.005700 0.588700
vt 1.000700 0.588800
vt 1.025700 0.588400
vt 1.030700 0.588300
vt 1.018300 0.400400
vt 1.023200 0.421300
vt 1.023000 0.398700
vt 1.028000 0.420200
vt 1.028400 0.445200
vt 1.023400 0.445600
vt 1.003500 0.446000
vt 0.998500 0.445800
vt 1.003400 0.422000
vt 1.003300 0.399700
vt 0.998100 0.421200
vt 0.997700 0.398000
vt 1.023800 0.472900
vt 1.028800 0.472800
vt 1.003900 0.473200
vt 0.998900 0.473300
vt 0.549800 -0.012800
vt 0.565800 0.012900
vt 0.531500 0.013300
vt 0.565000 0.018100
vt 0.563800 0.023000
vt 0.561800 0.027400
vt 0.559300 0.031400
vt 0.556100 0.035000
vt 0.552400 0.037900
vt 0.548100 0.040100
vt 0.543400 0.041700
vt 0.538500 0.042500
vt 0.533400 0.042600
vt 0.528300 0.042100
vt 0.523300 0.040800
vt 0.518600 0.038900
vt 0.514200 0.036400
vt 0.510500 0.033100
vt 0.507300 0.029400
vt 0.504800 0.025200
vt 0.502900 0.020700
vt 0.501700 0.016000
vt 0.501300 0.011300
vt 0.501700 0.006600
vt 0.502900 0.002100
vt 0.505000 -0.002100
vt 0.507800 -0.006000
vt 0.511200 -0.009400
vt 0.515200 -0.012300
vt 0.519600 -0.014600
vt 0.524300 -0.016400
vt 0.529100 -0.017400
vt 0.534000 -0.017600
vt 0.538900 -0.017100
vt 0.543400 -0.015900
vt 0.546800 -0.014400
vt 0.255900 -0.000600
vt 0.738700 0.019700
vt 0.739800 0.000600
vt 0.752200 -0.013200
vt 0.770900 -0.017300
vt 0.788400 -0.009400
vt 0.798600 0.007300
vt 0.797100 0.026000
vt 0.748600 0.036200
vt 0.807900 0.390500
vt 0.804600 0.387100
vt 0.804600 0.390500
vt 0.812100 0.385500
vt 0.809800 0.388200
vt 0.804500 0.382900
vt 1.041900 0.259300
vt 1.038800 0.029200
vt 1.039800 0.085400
vt 1.040700 0.143200
vt 1.041400 0.201000
vt 1.012000 0.314700
vt 1.011900 0.259800
vt 0.761500 0.480400
vt 0.776400 0.467700
vt 0.834600 0.389000
vt 1.024100 0.776300
vt 1.033300 0.755300
vt 1.033700 0.777900
vt 0.713800 0.468800
vt 0.718200 0.455800
vt 0.718600 0.468800
vt 0.713400 0.455800
vt 0.714900 0.392500
vt 0.710300 0.392600
vt 0.708500 0.455800
vt 0.705800 0.392700
vt 0.708900 0.468800
vt 0.714100 0.481800
vt 0.709200 0.481700
vt 0.709700 0.524500
vt 0.714600 0.524700
vt 0.719000 0.481900
vt 0.719500 0.524800
vt 0.723000 0.455800
vt 0.723500 0.468800
vt 0.727800 0.455700
vt 0.728400 0.468800
vt 0.724000 0.392300
vt 0.719400 0.392400
vt 0.704100 0.468700
vt 0.703700 0.455700
vt 0.701200 0.392700
vt 0.698900 0.455700
vt 0.696600 0.392800
vt 0.699200 0.468600
vt 0.723900 0.481900
vt 0.724400 0.524900
vt 0.728800 0.481900
vt 0.729300 0.525000
vt 0.704300 0.481700
vt 0.699400 0.481600
vt 0.699800 0.524200
vt 0.704800 0.524400
vt 0.732700 0.455600
vt 0.733300 0.468700
vt 0.737600 0.455500
vt 0.738200 0.468600
vt 0.733100 0.391800
vt 0.728500 0.392100
vt 0.694500 0.067900
vt 0.691500 0.068100
vt 0.688600 0.068300
vt 0.689600 0.468500
vt 0.694100 0.455600
vt 0.694300 0.468600
vt 0.692100 0.392800
vt 0.689300 0.455600
vt 0.687600 0.392800
vt 0.714800 0.759600
vt 0.709900 0.759500
vt 0.733700 0.481900
vt 0.734100 0.525100
vt 0.738600 0.481800
vt 0.738900 0.525200
vt 0.689800 0.481400
vt 0.694600 0.481500
vt 0.690100 0.524000
vt 0.694900 0.524100
vt 0.697400 0.067700
vt 0.700300 0.067400
vt 0.743100 0.468500
vt 0.747200 0.455000
vt 0.747900 0.468400
vt 0.742400 0.455300
vt 0.742200 0.391200
vt 0.737700 0.391500
vt 0.685600 0.068500
vt 0.682600 0.068600
vt 0.680200 0.468400
vt 0.684700 0.455500
vt 0.684900 0.468400
vt 0.683200 0.392800
vt 0.680000 0.455500
vt 0.678800 0.392800
vt 0.719700 0.759700
vt 0.724600 0.759900
vt 0.729100 0.760000
vt 0.704900 0.759300
vt 0.700000 0.759200
vt 0.743500 0.481800
vt 0.743900 0.525200
vt 0.748400 0.481700
vt 0.748900 0.525200
vt 0.680400 0.481200
vt 0.685000 0.481300
vt 0.680600 0.523700
vt 0.685300 0.523800
vt 0.703300 0.067100
vt 0.706300 0.066800
vt 0.561000 0.468200
vt 0.566400 0.455200
vt 0.565700 0.468500
vt 0.561800 0.454800
vt 0.571400 0.391300
vt 0.746600 0.390900
vt 0.751900 0.454700
vt 0.679700 0.068700
vt 0.675600 0.468300
vt 0.675400 0.455400
vt 0.674500 0.392800
vt 0.670800 0.455400
vt 0.670100 0.392800
vt 0.670900 0.468300
vt 0.732800 0.760000
vt 0.736000 0.760000
vt 0.690200 0.758800
vt 0.695100 0.759000
vt 0.560500 0.481700
vt 0.752700 0.468200
vt 0.753200 0.481600
vt 0.753700 0.525200
vt 0.559800 0.525300
vt 0.565200 0.481800
vt 0.564600 0.525300
vt 0.675700 0.481200
vt 0.671000 0.481200
vt 0.671200 0.523600
vt 0.675900 0.523700
vt 0.712100 0.066200
vt 0.709200 0.066500
vt 0.570400 0.468700
vt 0.571100 0.455400
vt 0.575100 0.468800
vt 0.575700 0.455600
vt 0.575700 0.391700
vt 0.580100 0.392000
vt 0.673900 0.068900
vt 0.676700 0.068900
vt 0.666200 0.468200
vt 0.666200 0.455400
vt 0.665600 0.392800
vt 0.661500 0.455400
vt 0.661200 0.392800
vt 0.661500 0.468200
vt 0.741900 0.760100
vt 0.680700 0.758500
vt 0.685400 0.758700
vt 0.569900 0.481900
vt 0.569300 0.525300
vt 0.574100 0.525300
vt 0.574600 0.482000
vt 0.666300 0.481100
vt 0.661500 0.481100
vt 0.661600 0.523500
vt 0.666400 0.523600
vt 0.567000 0.390900
vt 0.601200 0.066200
vt 0.715000 0.065800
vt 0.579800 0.468900
vt 0.580400 0.455800
vt 0.584600 0.469000
vt 0.585100 0.455900
vt 0.584500 0.392200
vt 0.588900 0.392500
vt 0.671000 0.069000
vt 0.668200 0.069100
vt 0.665300 0.069100
vt 0.652000 0.455400
vt 0.656700 0.468300
vt 0.652000 0.468300
vt 0.656700 0.455400
vt 0.656700 0.392800
vt 0.652200 0.392800
vt 0.559200 0.760300
vt 0.747700 0.760200
vt 0.676000 0.758400
vt 0.671300 0.758300
vt 0.579400 0.482100
vt 0.578800 0.525300
vt 0.583600 0.525200
vt 0.584200 0.482100
vt 0.656700 0.481100
vt 0.652000 0.481200
vt 0.656800 0.523500
vt 0.651900 0.523600
vt 0.604000 0.066500
vt 0.594100 0.469100
vt 0.589800 0.456000
vt 0.594500 0.456000
vt 0.593400 0.392600
vt 0.597800 0.392800
vt 0.589300 0.469100
vt 0.662400 0.069200
vt 0.659500 0.069200
vt 0.642600 0.455500
vt 0.647200 0.468300
vt 0.642500 0.468400
vt 0.647300 0.455400
vt 0.647700 0.392800
vt 0.643300 0.392800
vt 0.569400 0.760300
vt 0.564500 0.760300
vt 0.574200 0.760200
vt 0.666500 0.758200
vt 0.661700 0.758100
vt 0.593700 0.482100
vt 0.589000 0.482100
vt 0.588400 0.525100
vt 0.593200 0.525000
vt 0.647200 0.481200
vt 0.642400 0.481300
vt 0.647100 0.523600
vt 0.642300 0.523700
vt 0.606800 0.066800
vt 0.609600 0.067100
vt 0.603600 0.469000
vt 0.599200 0.456100
vt 0.603900 0.456000
vt 0.602300 0.392900
vt 0.606700 0.392900
vt 0.598800 0.469000
vt 0.653600 0.069200
vt 0.656600 0.069200
vt 0.637800 0.455600
vt 0.638800 0.392900
vt 0.634200 0.392900
vt 0.633000 0.455600
vt 0.637700 0.468400
vt 0.632800 0.468500
vt 0.578800 0.759800
vt 0.583500 0.759700
vt 0.652000 0.757900
vt 0.656800 0.758000
vt 0.603300 0.482000
vt 0.598500 0.482100
vt 0.598000 0.524900
vt 0.602800 0.524800
vt 0.637600 0.481300
vt 0.632700 0.481400
vt 0.637400 0.523800
vt 0.632500 0.523900
vt 0.615400 0.067600
vt 0.618200 0.067900
vt 0.612500 0.067400
vt 0.608300 0.468900
vt 0.608700 0.456000
vt 0.613200 0.468900
vt 0.613500 0.455900
vt 0.611200 0.393000
vt 0.615700 0.393000
vt 0.647800 0.069100
vt 0.650700 0.069200
vt 0.628100 0.455700
vt 0.629600 0.392900
vt 0.625000 0.393000
vt 0.623200 0.455800
vt 0.627900 0.468600
vt 0.623000 0.468700
vt 0.719700 0.822000
vt 0.714800 0.822200
vt 0.593200 0.759300
vt 0.588300 0.759500
vt 0.647100 0.757900
vt 0.642300 0.757900
vt 0.608100 0.481900
vt 0.607600 0.524600
vt 0.612500 0.524500
vt 0.612900 0.481800
vt 0.627800 0.481500
vt 0.622800 0.481600
vt 0.627500 0.524100
vt 0.622500 0.524200
vt 0.621100 0.068100
vt 0.624000 0.068300
vt 0.618100 0.468800
vt 0.618300 0.455900
vt 0.620300 0.393000
vt 0.644800 0.069100
vt 0.641900 0.069000
vt 0.704900 0.822500
vt 0.700000 0.822500
vt 0.602800 0.759000
vt 0.598000 0.759200
vt 0.637400 0.758000
vt 0.617900 0.481700
vt 0.617500 0.524300
vt 0.626900 0.068400
vt 0.638900 0.068900
vt 0.635800 0.068800
vt 0.607600 0.758800
vt 0.612500 0.758600
vt 0.632500 0.758000
vt 0.627500 0.758100
vt 0.629800 0.068600
vt 0.632800 0.068700
vt 0.617500 0.758400
vt 0.622500 0.758300
vt 0.685200 0.009900
vt 0.683000 0.011000
vt 0.682900 0.005400
vt 0.681000 0.006700
vt 0.680900 0.012000
vt 0.679100 0.007900
vt 0.676000 0.821400
vt 0.671300 0.820900
vt 0.684700 0.004100
vt 0.687300 0.008800
vt 0.689400 0.007700
vt 0.686600 0.002800
vt 0.681100 0.002500
vt 0.679400 0.003900
vt 0.679700 0.000600
vt 0.678100 0.002000
vt 0.677700 0.005200
vt 0.676600 0.003400
vt 0.678800 0.013000
vt 0.677200 0.009000
vt 0.676600 0.013900
vt 0.675200 0.010000
vt 0.666500 0.820300
vt 0.661700 0.819600
vt 0.681100 -0.000900
vt 0.682700 0.001100
vt 0.684300 -0.000400
vt 0.682500 -0.002400
vt 0.688500 0.001400
vt 0.691600 0.006600
vt 0.693800 0.005600
vt 0.690400 0.000000
vt 0.678300 -0.001000
vt 0.676900 0.000500
vt 0.676900 -0.002400
vt 0.675700 -0.000900
vt 0.675500 0.001800
vt 0.674400 0.000400
vt 0.676000 0.006400
vt 0.675000 0.004600
vt 0.674100 0.007500
vt 0.673300 0.005700
vt 0.673300 0.011000
vt 0.672200 0.015500
vt 0.671200 0.011800
vt 0.674400 0.014800
vt 0.679600 -0.002500
vt 0.680800 -0.004100
vt 0.679100 -0.005600
vt 0.678000 -0.003900
vt 0.684000 -0.004000
vt 0.686000 -0.001900
vt 0.687700 -0.003400
vt 0.685500 -0.005600
vt 0.698500 0.003700
vt 0.696100 0.004600
vt 0.694600 -0.002400
vt 0.692500 -0.001200
vt 0.674000 0.003100
vt 0.673000 0.001700
vt 0.672400 0.004200
vt 0.671600 0.002900
vt 0.671600 0.006800
vt 0.670400 0.009400
vt 0.669800 0.007700
vt 0.672300 0.008500
vt 0.669200 0.012600
vt 0.667900 0.016700
vt 0.667200 0.013200
vt 0.670000 0.016200
vt 0.593200 0.817300
vt 0.588400 0.817700
vt 0.682100 -0.005800
vt 0.683400 -0.007500
vt 0.681200 -0.009100
vt 0.680200 -0.007300
vt 0.691400 -0.006400
vt 0.689500 -0.004900
vt 0.688800 -0.008900
vt 0.687100 -0.007300
vt 0.598400 0.065800
vt 0.614900 0.003200
vt 0.612400 0.002600
vt 0.618700 -0.003200
vt 0.696900 -0.003500
vt 0.701000 0.003000
vt 0.674300 -0.002300
vt 0.675400 -0.003700
vt 0.673700 -0.005000
vt 0.672800 -0.003600
vt 0.673200 -0.000900
vt 0.671900 -0.002200
vt 0.670800 0.005300
vt 0.670100 0.003900
vt 0.669200 0.006200
vt 0.668600 0.004900
vt 0.668000 0.008500
vt 0.666700 0.010800
vt 0.666200 0.009100
vt 0.668600 0.010200
vt 0.665700 0.017200
vt 0.665200 0.013700
vt 0.663500 0.017500
vt 0.663100 0.014000
vt 0.602800 0.816600
vt 0.598000 0.816900
vt 0.637400 0.816700
vt 0.632500 0.816300
vt 0.676300 -0.005300
vt 0.677200 -0.006900
vt 0.675100 -0.008100
vt 0.674500 -0.006500
vt 0.686200 -0.011000
vt 0.684700 -0.009200
vt 0.683500 -0.012700
vt 0.682300 -0.010900
vt 0.616400 -0.004100
vt 0.621900 -0.007200
vt 0.619900 -0.008500
vt 0.624700 -0.009900
vt 0.690600 -0.010500
vt 0.693500 -0.007700
vt 0.617200 0.004000
vt 0.619400 0.004900
vt 0.620800 -0.002000
vt 0.622800 -0.000800
vt 0.671900 0.000300
vt 0.670800 -0.001000
vt 0.670600 0.001500
vt 0.669600 0.000100
vt 0.667500 0.007000
vt 0.667000 0.005700
vt 0.665800 0.007700
vt 0.665300 0.006300
vt 0.664700 0.011300
vt 0.664400 0.009700
vt 0.662800 0.011700
vt 0.662500 0.010100
vt 0.661200 0.017800
vt 0.660900 0.014300
vt 0.658900 0.017900
vt 0.658800 0.014500
vt 0.627500 0.816000
vt 0.678000 -0.008700
vt 0.678800 -0.010500
vt 0.676100 -0.011600
vt 0.675700 -0.009900
vt 0.622900 -0.011500
vt 0.627400 -0.012000
vt 0.625900 -0.013800
vt 0.630200 -0.013700
vt 0.684800 -0.014500
vt 0.687800 -0.012700
vt 0.623800 -0.005800
vt 0.625600 -0.004300
vt 0.626300 -0.008200
vt 0.627800 -0.006600
vt 0.621500 0.005900
vt 0.623700 0.007000
vt 0.624700 0.000600
vt 0.626600 0.001900
vt 0.669300 0.002500
vt 0.668400 0.001200
vt 0.667800 0.003500
vt 0.667100 0.002100
vt 0.670100 -0.007100
vt 0.671300 -0.004700
vt 0.669600 -0.005800
vt 0.670500 -0.003400
vt 0.668900 -0.004600
vt 0.672000 -0.006100
vt 0.664000 0.008200
vt 0.663700 0.006800
vt 0.662300 0.008600
vt 0.662000 0.007200
vt 0.660700 0.012000
vt 0.660600 0.010300
vt 0.658700 0.012100
vt 0.658600 0.010500
vt 0.654500 0.014400
vt 0.656600 0.017900
vt 0.654300 0.017800
vt 0.679600 -0.012300
vt 0.680400 -0.014200
vt 0.677100 -0.015400
vt 0.676600 -0.013500
vt 0.670600 -0.009900
vt 0.672600 -0.007600
vt 0.670500 -0.008400
vt 0.673000 -0.009100
vt 0.628700 -0.010200
vt 0.630000 -0.008400
vt 0.631200 -0.011800
vt 0.632200 -0.010000
vt 0.627200 -0.002800
vt 0.628900 -0.001300
vt 0.629300 -0.004900
vt 0.630700 -0.003300
vt 0.625800 0.008100
vt 0.627800 0.009200
vt 0.628400 0.003200
vt 0.630200 0.004600
vt 0.666400 0.004200
vt 0.665700 0.002800
vt 0.664900 0.004900
vt 0.664300 0.003500
vt 0.669500 -0.002200
vt 0.668200 -0.003500
vt 0.668500 -0.001200
vt 0.667300 -0.002400
vt 0.660400 0.008900
vt 0.660300 0.007500
vt 0.658600 0.009000
vt 0.658500 0.007600
vt 0.654700 0.010400
vt 0.656700 0.012200
vt 0.654600 0.012000
vt 0.656600 0.014500
vt 0.650200 0.013800
vt 0.652000 0.017600
vt 0.649800 0.017300
vt 0.652300 0.014200
vt 0.681400 -0.016200
vt 0.629100 -0.015800
vt 0.633400 -0.015100
vt 0.636900 -0.016200
vt 0.632800 -0.017300
vt 0.636800 -0.018300
vt 0.677600 -0.017400
vt 0.670300 -0.013100
vt 0.673200 -0.010800
vt 0.670600 -0.011500
vt 0.673400 -0.012500
vt 0.631200 -0.006700
vt 0.632500 -0.005000
vt 0.633200 -0.008200
vt 0.634200 -0.006500
vt 0.630500 0.000200
vt 0.632100 0.001700
vt 0.632100 -0.001800
vt 0.633600 -0.000300
vt 0.629900 0.010300
vt 0.632000 0.011300
vt 0.632000 0.005800
vt 0.633900 0.007000
vt 0.663300 0.005400
vt 0.662900 0.004000
vt 0.661700 0.005800
vt 0.661400 0.004400
vt 0.666300 -0.001500
vt 0.667400 -0.000200
vt 0.665300 -0.000700
vt 0.666200 0.000700
vt 0.667700 -0.006800
vt 0.668000 -0.007900
vt 0.666500 -0.008400
vt 0.665800 -0.007800
vt 0.667100 -0.005800
vt 0.665300 -0.007000
vt 0.654800 0.008900
vt 0.656700 0.010500
vt 0.656700 0.009000
vt 0.656700 0.007600
vt 0.655000 0.007500
vt 0.650900 0.009800
vt 0.652600 0.011800
vt 0.650600 0.011500
vt 0.652800 0.010100
vt 0.647500 0.016900
vt 0.648100 0.013300
vt 0.645900 0.012700
vt 0.645200 0.016400
vt 0.634100 -0.013200
vt 0.634700 -0.011300
vt 0.637100 -0.014300
vt 0.637500 -0.012500
vt 0.669500 -0.016400
vt 0.673400 -0.014300
vt 0.669900 -0.014700
vt 0.673500 -0.016200
vt 0.668100 -0.009100
vt 0.667900 -0.010400
vt 0.665300 -0.010400
vt 0.665900 -0.009300
vt 0.633700 -0.003400
vt 0.635000 -0.001900
vt 0.635300 -0.004900
vt 0.636400 -0.003300
vt 0.633700 0.003000
vt 0.635300 0.004300
vt 0.635000 0.001100
vt 0.636500 0.002500
vt 0.634100 0.012300
vt 0.636200 0.013300
vt 0.635700 0.008200
vt 0.637700 0.009300
vt 0.660100 0.006100
vt 0.659900 0.004600
vt 0.658400 0.006200
vt 0.658300 0.004700
vt 0.664300 0.000100
vt 0.665000 0.001500
vt 0.663100 0.000700
vt 0.665700 -0.003900
vt 0.664600 -0.006100
vt 0.666500 -0.004800
vt 0.664000 -0.005200
vt 0.651200 0.008300
vt 0.653000 0.008700
vt 0.653200 0.007300
vt 0.651500 0.006900
vt 0.648600 0.011000
vt 0.649000 0.009300
vt 0.647100 0.008600
vt 0.646600 0.010300
vt 0.642900 0.015700
vt 0.643800 0.012000
vt 0.641700 0.011200
vt 0.640700 0.015000
vt 0.635500 -0.009600
vt 0.636300 -0.007900
vt 0.637900 -0.010700
vt 0.638400 -0.009000
vt 0.644500 -0.016900
vt 0.640900 -0.018700
vt 0.645300 -0.018400
vt 0.669000 -0.018100
vt 0.673600 -0.018100
vt 0.640500 -0.016800
vt 0.667400 -0.011800
vt 0.666700 -0.013200
vt 0.663300 -0.012800
vt 0.664400 -0.011600
vt 0.636300 -0.000400
vt 0.637700 0.000900
vt 0.637600 -0.001800
vt 0.638900 -0.000400
vt 0.637100 0.005500
vt 0.638900 0.006700
vt 0.638100 0.003700
vt 0.639800 0.004900
vt 0.638400 0.014200
vt 0.639700 0.010300
vt 0.655100 0.006100
vt 0.656800 0.006200
vt 0.656800 0.004700
vt 0.655200 0.004600
vt 0.662400 0.002600
vt 0.662000 0.001100
vt 0.661100 0.002900
vt 0.660700 0.001400
vt 0.663800 0.002100
vt 0.664100 -0.002100
vt 0.665000 -0.003000
vt 0.663400 -0.004300
vt 0.662800 -0.003500
vt 0.649300 0.007800
vt 0.649700 0.006400
vt 0.648000 0.005800
vt 0.647500 0.007200
vt 0.644600 0.009600
vt 0.645200 0.007900
vt 0.643300 0.007000
vt 0.642600 0.008700
vt 0.637100 -0.006200
vt 0.638000 -0.004700
vt 0.639100 -0.007400
vt 0.639800 -0.005900
vt 0.640300 -0.013300
vt 0.643900 -0.015300
vt 0.643500 -0.013800
vt 0.640400 -0.015000
vt 0.665800 -0.014600
vt 0.664600 -0.016000
vt 0.659700 -0.014900
vt 0.661800 -0.013900
vt 0.639200 0.002200
vt 0.640700 0.003400
vt 0.640200 0.000800
vt 0.641600 0.002000
vt 0.640700 0.007700
vt 0.641500 0.006000
vt 0.651800 0.005500
vt 0.653400 0.005900
vt 0.653700 0.004400
vt 0.652200 0.004000
vt 0.659700 0.003200
vt 0.659400 0.001600
vt 0.658200 0.003300
vt 0.658100 0.001700
vt 0.662400 -0.000900
vt 0.663300 -0.001400
vt 0.662200 -0.002700
vt 0.661800 -0.001900
vt 0.645800 0.006400
vt 0.646300 0.005000
vt 0.644700 0.004100
vt 0.644000 0.005500
vt 0.639000 -0.003200
vt 0.640200 -0.001800
vt 0.640600 -0.004500
vt 0.641600 -0.003100
vt 0.640700 -0.010000
vt 0.643300 -0.012300
vt 0.643200 -0.010800
vt 0.640500 -0.011600
vt 0.663500 -0.017200
vt 0.649100 -0.016300
vt 0.652600 -0.015500
vt 0.650200 -0.017400
vt 0.656500 -0.015700
vt 0.642300 0.004500
vt 0.643100 0.003100
vt 0.648600 0.004300
vt 0.650200 0.005000
vt 0.650700 0.003500
vt 0.649200 0.002900
vt 0.656800 0.003300
vt 0.656800 0.001800
vt 0.655400 0.003200
vt 0.655500 0.001700
vt 0.661400 -0.000500
vt 0.661000 -0.002100
vt 0.660300 -0.000300
vt 0.660000 -0.002000
vt 0.641400 -0.000600
vt 0.642700 0.000600
vt 0.642600 -0.001900
vt 0.643800 -0.000700
vt 0.641600 -0.007000
vt 0.643400 -0.009300
vt 0.643600 -0.007900
vt 0.641100 -0.008400
vt 0.648000 -0.015200
vt 0.647300 -0.013900
vt 0.652100 -0.014600
vt 0.651000 -0.013600
vt 0.645500 0.002700
vt 0.647000 0.003600
vt 0.647800 0.002100
vt 0.646400 0.001300
vt 0.653900 0.003000
vt 0.654200 0.001500
vt 0.652500 0.002600
vt 0.653000 0.001200
vt 0.659200 -0.000100
vt 0.658900 -0.002000
vt 0.658000 -0.000100
vt 0.657800 -0.001900
vt 0.644000 0.001700
vt 0.645000 0.000300
vt 0.643000 -0.004300
vt 0.644100 -0.006600
vt 0.644600 -0.005400
vt 0.642200 -0.005600
vt 0.646700 -0.012600
vt 0.646300 -0.011300
vt 0.650100 -0.012500
vt 0.649400 -0.011300
vt 0.651200 0.002100
vt 0.651800 0.000700
vt 0.649800 0.001500
vt 0.650600 0.000100
vt 0.656800 -0.000000
vt 0.656800 -0.001800
vt 0.655700 -0.000100
vt 0.655700 -0.001800
vt 0.662200 -0.009000
vt 0.664500 -0.008800
vt 0.663600 -0.008000
vt 0.663400 -0.009900
vt 0.662300 -0.010900
vt 0.661000 -0.011900
vt 0.659400 -0.010800
vt 0.660800 -0.009900
vt 0.659500 -0.012800
vt 0.657600 -0.013600
vt 0.656100 -0.012400
vt 0.657900 -0.011600
vt 0.645000 -0.002000
vt 0.645400 -0.004300
vt 0.646300 -0.003300
vt 0.643900 -0.003100
vt 0.646100 -0.009900
vt 0.646100 -0.008700
vt 0.648900 -0.010200
vt 0.648500 -0.009000
vt 0.655200 -0.014300
vt 0.653900 -0.013100
vt 0.649400 -0.000600
vt 0.648500 0.000800
vt 0.648300 -0.001400
vt 0.647300 -0.000100
vt 0.654500 -0.000200
vt 0.654700 -0.001700
vt 0.653900 -0.001500
vt 0.660700 -0.007100
vt 0.663000 -0.007200
vt 0.662400 -0.006200
vt 0.661300 -0.008100
vt 0.647300 -0.002300
vt 0.646100 -0.001000
vt 0.646200 -0.007500
vt 0.647900 -0.007000
vt 0.648300 -0.007900
vt 0.652500 -0.000900
vt 0.653500 -0.000400
vt 0.653400 -0.002200
vt 0.651500 -0.001500
vt 0.652600 -0.002900
vt 0.661400 -0.004300
vt 0.661900 -0.005300
vt 0.660300 -0.006000
vt 0.660100 -0.004800
vt 0.658200 -0.009600
vt 0.659100 -0.007700
vt 0.657100 -0.008200
vt 0.659700 -0.008900
vt 0.656700 -0.010400
vt 0.655000 -0.011300
vt 0.654000 -0.010300
vt 0.655600 -0.009400
vt 0.652900 -0.012000
vt 0.652000 -0.010900
vt 0.646500 -0.006400
vt 0.647100 -0.005500
vt 0.647900 -0.004600
vt 0.648700 -0.006600
vt 0.649500 -0.005900
vt 0.649600 -0.002900
vt 0.650600 -0.002200
vt 0.651900 -0.003600
vt 0.651100 -0.004400
vt 0.661100 -0.003300
vt 0.659900 -0.003500
vt 0.658800 -0.005100
vt 0.658800 -0.006500
vt 0.657300 -0.006600
vt 0.657500 -0.005100
vt 0.648700 -0.003700
vt 0.650300 -0.005200
vt 0.651200 -0.009900
vt 0.650400 -0.008800
vt 0.651900 -0.008200
vt 0.655300 -0.007400
vt 0.654400 -0.008400
vt 0.653000 -0.009200
vt 0.653000 -0.007500
vt 0.653900 -0.006600
vt 0.649700 -0.007700
vt 0.650800 -0.007100
vt 0.657700 -0.003600
vt 0.658800 -0.003600
vt 0.655900 -0.006300
vt 0.654600 -0.005600
vt 0.656300 -0.004900
vt 0.655100 -0.004500
vt 0.655500 -0.003200
vt 0.656600 -0.003500
vt 0.652500 -0.005600
vt 0.651700 -0.006400
vt 0.653800 -0.003900
vt 0.654400 -0.002900
vt 0.653200 -0.004800
vt 0.724600 0.821900
vt 0.729100 0.821900
vt 0.732600 0.821800
vt 0.735700 0.821700
vt 0.690200 0.822200
vt 0.695100 0.822400
vt 0.680700 0.821900
vt 0.685400 0.822100
vt 0.578600 0.818600
vt 0.573600 0.819200
vt 0.583500 0.818100
vt 0.652000 0.818300
vt 0.656800 0.819000
vt 0.642300 0.817200
vt 0.647100 0.817800
vt 0.607600 0.816400
vt 0.612500 0.816200
vt 0.617500 0.816000
vt 0.622500 0.815900
vt 0.988900 0.686900
vt 0.983400 0.653900
vt 0.988400 0.653900
vt 0.978900 0.687000
vt 0.978400 0.654000
vt 0.979400 0.720000
vt 0.983900 0.686900
vt 0.984400 0.719900
vt 0.989400 0.719900
vt 0.911300 0.161600
vt 0.942300 0.194500
vt 0.911400 0.194600
vt 0.939400 0.227500
vt 0.911500 0.227600
vt 0.863900 0.162500
vt 0.836300 0.195700
vt 0.836100 0.162700
vt 0.867200 0.195500
vt 0.836500 0.228700
vt 0.985800 0.496900
vt 0.984400 0.471800
vt 0.988400 0.472400
vt 0.980800 0.496600
vt 0.980000 0.471100
vt 0.976300 0.523800
vt 0.981300 0.523900
vt 0.986300 0.523900
vt 0.981800 0.555000
vt 0.976800 0.555000
vt 0.977300 0.588000
vt 0.982300 0.587900
vt 0.986800 0.554900
vt 0.987300 0.587900
vt 0.982800 0.620900
vt 0.977900 0.621000
vt 0.987800 0.620900
vt 0.981100 0.873200
vt 0.985800 0.893200
vt 0.980700 0.894400
vt 0.986200 0.872500
vt 0.991400 0.892900
vt 0.991400 0.872400
vt 0.986300 0.848800
vt 0.991400 0.848700
vt 0.981300 0.849000
vt 0.981000 0.819000
vt 0.986000 0.818900
vt 0.991000 0.818800
vt 0.985500 0.785900
vt 0.990500 0.785800
vt 0.980500 0.786000
vt 0.985000 0.752900
vt 0.989900 0.752800
vt 0.980000 0.753000
vt 0.911900 0.358000
vt 0.927700 0.386200
vt 0.911900 0.386200
vt 0.925900 0.412900
vt 0.912000 0.412900
vt 0.911700 0.293600
vt 0.931700 0.326500
vt 0.911800 0.326600
vt 0.929600 0.357900
vt 0.936600 0.260500
vt 0.911600 0.260600
vt 0.934000 0.293500
vt 0.911100 0.031900
vt 0.965400 0.013700
vt 0.962300 0.033700
vt 0.911300 0.006000
vt 0.968100 -0.002000
vt 0.953600 0.095400
vt 0.911100 0.062600
vt 0.958100 0.062400
vt 0.945600 0.161500
vt 0.911300 0.128600
vt 0.949400 0.128500
vt 0.911200 0.095600
vt 0.888900 0.355500
vt 0.837400 0.382200
vt 0.837400 0.357800
vt 0.896500 0.387400
vt 0.837400 0.403700
vt 0.879300 0.294400
vt 0.837200 0.327700
vt 0.837000 0.294700
vt 0.884200 0.327400
vt 0.870800 0.228500
vt 0.836700 0.261700
vt 0.874900 0.261400
vt 0.835200 0.032900
vt 0.850600 0.006500
vt 0.852900 0.032800
vt 0.835000 0.006600
vt 0.848500 -0.017600
vt 0.835600 0.096700
vt 0.855300 0.063600
vt 0.858000 0.096500
vt 0.835400 0.063700
vt 0.860800 0.129500
vt 0.835800 0.129700
vt 0.812300 0.116700
vt 0.817600 0.145500
vt 0.812600 0.145500
vt 0.822300 0.116600
vt 0.822500 0.145500
vt 0.817100 0.087700
vt 0.822100 0.087700
vt 0.817300 0.116600
vt 0.812100 0.087800
vt 0.764300 0.728000
vt 0.793800 0.698700
vt 0.794300 0.727800
vt 0.149100 0.086700
vt 0.171800 0.115500
vt 0.149100 0.115500
vt 0.168800 0.144400
vt 0.149000 0.144400
vt 0.936500 0.575100
vt 0.923300 0.604100
vt 0.923000 0.575200
vt 0.938300 0.603900
vt 0.923600 0.632900
vt 0.818500 0.361400
vt 0.819200 0.340000
vt 0.822900 0.360600
vt 0.824100 0.339500
vt 0.827000 0.359900
vt 0.819000 0.316800
vt 0.824000 0.316700
vt 0.814000 0.317000
vt 0.813800 0.289900
vt 0.818700 0.289900
vt 0.823700 0.289800
vt 0.818500 0.261000
vt 0.823500 0.261000
vt 0.813500 0.261000
vt 0.813300 0.232200
vt 0.818300 0.232100
vt 0.823300 0.232100
vt 0.818000 0.203200
vt 0.823000 0.203200
vt 0.813000 0.203300
vt 0.817800 0.174400
vt 0.820900 0.008300
vt 0.815300 -0.013100
vt 0.820300 -0.013400
vt 0.811100 0.008200
vt 0.810600 -0.013700
vt 0.811500 0.031800
vt 0.816000 0.008500
vt 0.816500 0.031800
vt 0.821500 0.031800
vt 0.821800 0.058800
vt 0.811800 0.058900
vt 0.816800 0.058900
vt 0.761700 0.503000
vt 0.791500 0.485400
vt 0.791600 0.505400
vt 0.762100 0.554500
vt 0.791800 0.527600
vt 0.792100 0.554200
vt 0.762700 0.612200
vt 0.792300 0.583100
vt 0.792700 0.611900
vt 0.763300 0.670000
vt 0.793000 0.640800
vt 0.793400 0.669800
vt 0.766700 0.832200
vt 0.797200 0.844300
vt 0.767200 0.848700
vt 0.795600 0.786200
vt 0.766100 0.812500
vt 0.765500 0.786400
vt 0.148500 0.315400
vt 0.162100 0.337700
vt 0.148400 0.337600
vt 0.162000 0.357600
vt 0.148400 0.357600
vt 0.148600 0.259900
vt 0.162200 0.288800
vt 0.148600 0.288800
vt 0.148800 0.202200
vt 0.163300 0.231100
vt 0.148700 0.231000
vt 0.162500 0.259900
vt 0.166400 0.173300
vt 0.148900 0.173300
vt 0.164700 0.202200
vt 0.149300 0.030300
vt 0.190100 0.015100
vt 0.185800 0.032700
vt 0.149400 0.005700
vt 0.194000 0.001200
vt 0.175700 0.086600
vt 0.149200 0.057800
vt 0.180700 0.057800
vt 0.924700 0.747200
vt 0.963200 0.764000
vt 0.924900 0.772200
vt 0.967600 0.779900
vt 0.925200 0.796000
vt 0.948200 0.690500
vt 0.924400 0.719600
vt 0.924100 0.690700
vt 0.953200 0.719300
vt 0.940600 0.632800
vt 0.923900 0.661800
vt 0.944000 0.661700
vt 0.934100 0.461200
vt 0.921600 0.437100
vt 0.934600 0.437000
vt 0.921400 0.414500
vt 0.935200 0.414400
vt 0.922400 0.517500
vt 0.934000 0.488500
vt 0.934300 0.517300
vt 0.921900 0.461300
vt 0.935200 0.546200
vt 0.922700 0.546300
vt 0.814000 0.362300
vt 0.834500 0.378700
vt 0.834400 0.374200
vt 0.822000 0.373500
vt 0.824400 0.370500
vt 0.973400 0.654100
vt 0.968900 0.687200
vt 0.968400 0.654200
vt 0.969500 0.720200
vt 0.973900 0.687100
vt 0.974400 0.720100
vt 0.994400 0.719800
vt 0.993900 0.686800
vt 0.999400 0.719700
vt 0.998300 0.653700
vt 0.993300 0.653800
vt 0.966300 0.523800
vt 0.970800 0.495900
vt 0.971300 0.523800
vt 0.975800 0.496200
vt 0.990800 0.497300
vt 0.991300 0.523900
vt 0.995800 0.497600
vt 0.996300 0.523900
vt 0.995500 0.473600
vt 0.991600 0.473000
vt 0.971800 0.555100
vt 0.966800 0.555200
vt 0.967300 0.588200
vt 0.972300 0.588100
vt 0.992300 0.587800
vt 0.996800 0.554700
vt 0.997300 0.587700
vt 0.991800 0.554800
vt 0.972900 0.621100
vt 0.967900 0.621200
vt 0.992800 0.620800
vt 0.997800 0.620700
vt 0.996800 0.872600
vt 0.997000 0.893500
vt 1.002100 0.873200
vt 1.002800 0.894600
vt 1.001500 0.848800
vt 0.996400 0.848700
vt 0.976400 0.849400
vt 0.976500 0.874300
vt 0.971600 0.849800
vt 0.972000 0.875700
vt 0.976400 0.896600
vt 0.972400 0.899300
vt 0.996000 0.818800
vt 1.001000 0.818700
vt 1.000400 0.785700
vt 0.995500 0.785800
vt 0.976000 0.819100
vt 0.975500 0.786100
vt 0.970500 0.786200
vt 0.971000 0.819200
vt 0.994900 0.752800
vt 0.999900 0.752700
vt 0.975000 0.753100
vt 0.970000 0.753200
vt 0.563000 0.099600
vt 0.565800 0.069000
vt 0.567800 0.099300
vt 0.572600 0.098300
vt 0.581500 0.094200
vt 0.585400 0.091200
vt 0.588700 0.087700
vt 0.593500 0.079600
vt 0.594700 0.075100
vt 0.595100 0.070400
vt 0.593600 0.060900
vt 0.591800 0.056400
vt 0.589400 0.052200
vt 0.582800 0.045200
vt 0.578600 0.042600
vt 0.574100 0.040800
vt 0.564300 0.039100
vt 0.559300 0.039300
vt 0.554500 0.040200
vt 0.545600 0.044100
vt 0.541900 0.047100
vt 0.538700 0.050600
vt 0.534200 0.059100
vt 0.533100 0.063900
vt 0.532300 0.068900
vt 0.547900 0.095100
vt 0.550600 0.096600
vt 0.553800 0.097900
vt 1.004900 0.146800
vt 0.975700 0.180600
vt 0.975000 0.147400
vt 0.976300 0.213700
vt 1.005600 0.180000
vt 1.006300 0.213100
vt 1.009300 0.369700
vt 0.978900 0.344500
vt 1.008800 0.343300
vt 0.979400 0.372800
vt 1.009800 0.393800
vt 0.979900 0.399600
vt 1.008200 0.312400
vt 0.977600 0.279900
vt 1.007600 0.279400
vt 0.978300 0.313000
vt 0.977000 0.246800
vt 0.972500 0.018600
vt 1.002200 -0.000300
vt 1.002500 0.018500
vt 1.002200 -0.014300
vt 0.972100 -0.001600
vt 0.971800 -0.017600
vt 0.973700 0.080900
vt 1.003000 0.047000
vt 1.003600 0.080400
vt 0.973000 0.047600
vt 0.974400 0.114200
vt -0.000600 0.458100
vt 0.003800 0.471100
vt -0.001000 0.471200
vt 0.004200 0.458000
vt 0.008700 0.471000
vt 0.009000 0.457900
vt 0.006700 0.394600
vt 0.011200 0.394600
vt 0.002200 0.394600
vt -0.010300 0.458100
vt -0.005800 0.471200
vt -0.010700 0.471300
vt -0.005400 0.458100
vt -0.002400 0.394500
vt -0.006900 0.394400
vt 0.008500 0.484000
vt 0.003600 0.484100
vt -0.001300 0.484300
vt 0.003400 0.530100
vt -0.001400 0.530500
vt 0.008300 0.529800
vt 0.013500 0.470800
vt 0.013800 0.457800
vt 0.018400 0.470700
vt 0.018600 0.457700
vt 0.015800 0.394500
vt 0.020300 0.394500
vt -0.020000 0.458000
vt -0.015600 0.471300
vt -0.020500 0.471200
vt -0.015200 0.458100
vt -0.011500 0.394200
vt -0.016100 0.394000
vt -0.006100 0.484400
vt -0.011000 0.484400
vt -0.006200 0.530800
vt -0.011000 0.531000
vt 0.018200 0.483700
vt 0.013300 0.483800
vt 0.013200 0.529300
vt 0.018100 0.528900
vt 0.023200 0.470500
vt 0.023400 0.457500
vt 0.027900 0.470400
vt 0.028100 0.457400
vt 0.024900 0.394400
vt 0.029300 0.394300
vt 0.023100 0.068400
vt 0.026000 0.068600
vt 0.020200 0.068300
vt -0.029700 0.457600
vt -0.025400 0.471100
vt -0.030300 0.471000
vt -0.024900 0.457800
vt -0.020600 0.393800
vt -0.025100 0.393500
vt -0.015900 0.484500
vt -0.020900 0.484500
vt -0.015700 0.531200
vt -0.020500 0.531400
vt 0.017200 0.068100
vt 0.014300 0.067900
vt 0.027800 0.483300
vt 0.023100 0.483500
vt 0.023000 0.528500
vt 0.027800 0.528000
vt 0.005100 0.787800
vt 0.000400 0.788800
vt 0.010100 0.786600
vt 0.032600 0.470200
vt 0.032700 0.457300
vt 0.037200 0.470100
vt 0.037300 0.457100
vt 0.033700 0.394300
vt 0.038100 0.394200
vt 0.029000 0.068700
vt 0.031900 0.068800
vt 0.151500 0.469800
vt 0.155300 0.456000
vt 0.156200 0.469500
vt -0.034400 0.457300
vt -0.035000 0.470800
vt -0.029600 0.393200
vt 0.149600 0.391900
vt 0.150700 0.456400
vt 0.145300 0.392300
vt -0.025800 0.484400
vt -0.030700 0.484400
vt -0.025500 0.531500
vt -0.030400 0.531500
vt 0.011300 0.067600
vt 0.008400 0.067400
vt -0.003900 0.789600
vt -0.007900 0.790100
vt 0.037200 0.483000
vt 0.032500 0.483200
vt 0.032600 0.527600
vt 0.037300 0.527200
vt 0.015000 0.785300
vt 0.019900 0.783900
vt 0.041900 0.469900
vt 0.041900 0.457000
vt 0.046500 0.469800
vt 0.046500 0.456900
vt 0.042400 0.394100
vt 0.046800 0.394000
vt 0.034900 0.068900
vt 0.037800 0.069000
vt 0.142100 0.470100
vt 0.146100 0.456700
vt 0.146800 0.469900
vt 0.141000 0.392700
vt 0.141400 0.456900
vt 0.136600 0.393000
vt 0.152100 0.483100
vt 0.153500 0.530200
vt 0.156800 0.483000
vt 0.158200 0.530200
vt -0.035200 0.531500
vt 0.005400 0.067100
vt 0.002500 0.066800
vt -0.011400 0.790500
vt -0.013500 0.790800
vt 0.046500 0.482700
vt 0.041800 0.482900
vt 0.041900 0.526900
vt 0.046700 0.526600
vt 0.024800 0.782500
vt 0.029600 0.781100
vt 0.051200 0.469700
vt 0.051200 0.456800
vt 0.055900 0.469600
vt 0.055900 0.456700
vt 0.051200 0.393900
vt 0.055700 0.393900
vt 0.040700 0.069000
vt 0.043500 0.069000
vt 0.132700 0.470200
vt 0.136800 0.457000
vt 0.137400 0.470200
vt 0.132200 0.393200
vt 0.132100 0.457100
vt 0.127800 0.393400
vt 0.147400 0.483300
vt 0.142700 0.483300
vt 0.144000 0.529900
vt 0.148700 0.530100
vt -0.000300 0.066400
vt 0.116000 0.065800
vt 0.113200 0.066200
vt -0.019300 0.791100
vt -0.024900 0.791400
vt 0.056000 0.482600
vt 0.051200 0.482700
vt 0.051400 0.526300
vt 0.056200 0.526100
vt 0.034400 0.779700
vt 0.039100 0.778300
vt 0.060700 0.469600
vt 0.065300 0.456700
vt 0.065400 0.469600
vt 0.064600 0.393800
vt 0.060600 0.456700
vt 0.060200 0.393800
vt 0.046300 0.069100
vt 0.049200 0.069100
vt 0.123200 0.470300
vt 0.127400 0.457200
vt 0.128000 0.470300
vt 0.123400 0.393600
vt 0.122700 0.457200
vt 0.118900 0.393700
vt 0.137900 0.483400
vt 0.133200 0.483400
vt 0.134400 0.529400
vt 0.139200 0.529700
vt 0.110400 0.066500
vt 0.107600 0.066800
vt 0.158900 0.789400
vt 0.163700 0.789800
vt -0.029800 0.791200
vt 0.060800 0.482500
vt 0.061100 0.526000
vt 0.065900 0.525900
vt 0.043800 0.777100
vt 0.048500 0.775900
vt 0.070000 0.456600
vt 0.070200 0.469600
vt 0.074800 0.456700
vt 0.074900 0.469600
vt 0.073600 0.393800
vt 0.069100 0.393800
vt 0.052100 0.069100
vt 0.055000 0.069100
vt 0.113800 0.470200
vt 0.118000 0.457200
vt 0.118500 0.470200
vt 0.114500 0.393800
vt 0.113300 0.457200
vt 0.110100 0.393800
vt 0.128400 0.483400
vt 0.123700 0.483300
vt 0.124600 0.528700
vt 0.129500 0.529100
vt 0.104800 0.067100
vt 0.101900 0.067400
vt 0.148900 0.787500
vt 0.154000 0.788500
vt 0.070300 0.482500
vt 0.065600 0.482500
vt 0.070700 0.525900
vt 0.075100 0.482500
vt 0.075600 0.525900
vt 0.053300 0.774900
vt 0.058100 0.774100
vt 0.079500 0.456700
vt 0.079700 0.469600
vt 0.084300 0.456700
vt 0.084600 0.469700
vt 0.082700 0.393800
vt 0.078100 0.393800
vt 0.060800 0.069000
vt 0.057900 0.069100
vt 0.104200 0.470000
vt 0.108600 0.457100
vt 0.109000 0.470100
vt 0.105600 0.393800
vt 0.103800 0.457000
vt 0.101100 0.393800
vt 0.118900 0.483300
vt 0.114200 0.483200
vt 0.115000 0.528000
vt 0.119700 0.528300
vt 0.099100 0.067600
vt 0.096200 0.067900
vt 0.137600 0.784800
vt 0.142700 0.786100
vt 0.079900 0.482600
vt 0.080400 0.526000
vt 0.084800 0.482600
vt 0.085400 0.526200
vt 0.062900 0.773400
vt 0.067800 0.772800
vt 0.089200 0.456800
vt 0.089500 0.469800
vt 0.094100 0.456900
vt 0.094400 0.469800
vt 0.091900 0.393800
vt 0.087300 0.393800
vt 0.066700 0.069000
vt 0.063800 0.069000
vt 0.099000 0.457000
vt 0.099300 0.469900
vt 0.096500 0.393800
vt 0.109400 0.483100
vt 0.104500 0.483000
vt 0.105300 0.527300
vt 0.110200 0.527600
vt 0.093300 0.068000
vt 0.090500 0.068200
vt 0.126800 0.781700
vt 0.132100 0.783300
vt 0.089700 0.482700
vt 0.090300 0.526400
vt 0.094700 0.482800
vt 0.095300 0.526700
vt 0.072600 0.772500
vt 0.077400 0.772400
vt 0.072600 0.068900
vt 0.069600 0.068900
vt 0.099600 0.482900
vt 0.100300 0.527000
vt 0.087600 0.068400
vt 0.084600 0.068500
vt 0.117000 0.778900
vt 0.121800 0.780200
vt 0.082300 0.772600
vt 0.087300 0.773000
vt 0.078600 0.068700
vt 0.075600 0.068800
vt 0.081600 0.068600
vt 0.107300 0.776400
vt 0.112200 0.777600
vt 0.092300 0.773600
vt 0.097300 0.774300
vt 0.102300 0.775300
vt 0.031500 0.004900
vt 0.031300 0.010500
vt 0.029200 0.009500
vt 0.033400 0.011600
vt 0.033300 0.006100
vt 0.035200 0.007400
vt 0.027100 0.008400
vt 0.029600 0.003600
vt 0.027700 0.002200
vt 0.024900 0.007300
vt 0.035600 0.012600
vt 0.037700 0.013500
vt 0.037100 0.008500
vt 0.039100 0.009600
vt 0.034700 0.000000
vt 0.034900 0.003300
vt 0.033300 0.002000
vt 0.036600 0.004700
vt 0.036200 0.001500
vt 0.037800 0.002800
vt 0.022700 0.006200
vt 0.025800 0.000800
vt 0.023900 -0.000600
vt 0.020500 0.005100
vt 0.031600 0.000500
vt 0.033300 -0.001500
vt 0.031800 -0.003100
vt 0.030000 -0.001000
vt 0.039900 0.014300
vt 0.042100 0.015100
vt 0.041100 0.010500
vt 0.043100 0.011400
vt 0.038400 0.005900
vt 0.040200 0.007000
vt 0.039400 0.004100
vt 0.041100 0.005200
vt 0.036100 -0.001600
vt 0.037500 -0.000100
vt 0.038900 0.001300
vt 0.038700 -0.001500
vt 0.040000 -0.000100
vt 0.037500 -0.003000
vt 0.019600 -0.003000
vt 0.018100 0.004200
vt 0.015700 0.003400
vt 0.021800 -0.001800
vt 0.028400 -0.002500
vt 0.030400 -0.004700
vt 0.028900 -0.006400
vt 0.026600 -0.004100
vt 0.034800 -0.003100
vt 0.036400 -0.004500
vt 0.035400 -0.006200
vt 0.033600 -0.004800
vt 0.044300 0.015700
vt 0.046400 0.016300
vt 0.045100 0.012100
vt 0.047100 0.012700
vt 0.042000 0.008000
vt 0.043900 0.008900
vt 0.042800 0.006300
vt 0.044500 0.007200
vt 0.040400 0.002600
vt 0.041900 0.003700
vt 0.041400 0.001200
vt 0.042800 0.002300
vt 0.098000 -0.003500
vt 0.099500 0.003700
vt 0.095700 -0.002500
vt 0.101900 0.003000
vt 0.013300 0.002900
vt 0.017200 -0.003900
vt 0.025600 -0.009800
vt 0.024800 -0.005600
vt 0.022800 -0.007100
vt 0.027300 -0.008100
vt 0.032300 -0.006500
vt 0.034300 -0.008000
vt 0.033300 -0.009800
vt 0.031100 -0.008300
vt 0.048600 0.016700
vt 0.050800 0.017100
vt 0.049100 0.013200
vt 0.051200 0.013600
vt 0.045700 0.009700
vt 0.047600 0.010300
vt 0.046300 0.008000
vt 0.048100 0.008700
vt 0.043500 0.004800
vt 0.045200 0.005700
vt 0.044300 0.003400
vt 0.045800 0.004400
vt 0.039100 -0.004300
vt 0.040100 -0.002900
vt 0.041300 -0.001500
vt 0.041700 -0.004100
vt 0.042600 -0.002800
vt 0.040800 -0.005600
vt 0.097200 0.004500
vt 0.093600 -0.001300
vt 0.095000 0.005400
vt 0.091600 -0.000100
vt 0.090000 -0.009000
vt 0.094600 -0.007700
vt 0.092600 -0.006400
vt 0.020700 -0.008400
vt 0.023700 -0.011500
vt 0.028300 -0.011900
vt 0.029700 -0.010100
vt 0.032300 -0.011700
vt 0.031200 -0.013600
vt 0.037300 -0.007600
vt 0.038200 -0.005900
vt 0.040100 -0.007100
vt 0.039500 -0.008800
vt 0.053100 0.017400
vt 0.055400 0.017500
vt 0.053300 0.013900
vt 0.055500 0.014100
vt 0.049600 0.010900
vt 0.051500 0.011300
vt 0.049900 0.009200
vt 0.051800 0.009600
vt 0.046800 0.006500
vt 0.048500 0.007200
vt 0.047400 0.005200
vt 0.049000 0.005800
vt 0.042500 -0.000200
vt 0.043800 0.001000
vt 0.043700 -0.001500
vt 0.044800 -0.000400
vt 0.092800 0.006400
vt 0.089700 0.001100
vt 0.090700 0.007400
vt 0.087800 0.002400
vt 0.090700 -0.005000
vt 0.088300 -0.007500
vt 0.088900 -0.003600
vt 0.086800 -0.005900
vt 0.087400 -0.011100
vt 0.091800 -0.010500
vt 0.026700 -0.013800
vt 0.030000 -0.015600
vt 0.089000 -0.012900
vt 0.084700 -0.012900
vt 0.086000 -0.014800
vt 0.035800 -0.011200
vt 0.036600 -0.009400
vt 0.039000 -0.010500
vt 0.038600 -0.012300
vt 0.060000 0.017500
vt 0.057700 0.017600
vt 0.059800 0.014000
vt 0.053500 0.011600
vt 0.055600 0.011700
vt 0.053700 0.009900
vt 0.055700 0.010100
vt 0.050300 0.007700
vt 0.052100 0.008200
vt 0.050600 0.006400
vt 0.052300 0.006800
vt 0.045100 0.002000
vt 0.046500 0.003000
vt 0.046100 0.000600
vt 0.047300 0.001600
vt 0.044000 -0.004000
vt 0.045000 -0.006300
vt 0.045600 -0.005100
vt 0.043200 -0.005300
vt 0.044500 -0.007600
vt 0.042600 -0.006700
vt 0.086000 0.003600
vt 0.086500 0.009400
vt 0.084200 0.004900
vt 0.088600 0.008400
vt 0.087200 -0.002200
vt 0.085300 -0.004400
vt 0.085600 -0.000800
vt 0.083800 -0.002900
vt 0.086000 -0.009400
vt 0.083600 -0.011100
vt 0.084700 -0.007800
vt 0.082500 -0.009400
vt 0.034400 -0.015100
vt 0.035100 -0.013100
vt 0.038200 -0.014200
vt 0.037900 -0.016200
vt 0.044200 -0.009000
vt 0.042100 -0.008100
vt 0.044100 -0.010500
vt 0.041700 -0.009700
vt 0.064500 0.017000
vt 0.062200 0.017300
vt 0.064100 0.013500
vt 0.061900 0.013800
vt 0.057600 0.014100
vt 0.059700 0.011700
vt 0.057600 0.011800
vt 0.059600 0.010000
vt 0.053900 0.008400
vt 0.055700 0.008600
vt 0.054100 0.007100
vt 0.055800 0.007200
vt 0.048000 0.003800
vt 0.049500 0.004400
vt 0.048700 0.002400
vt 0.050000 0.003000
vt 0.046000 -0.001700
vt 0.046400 -0.004000
vt 0.047200 -0.003000
vt 0.045000 -0.002800
vt 0.082300 0.006000
vt 0.082300 0.011400
vt 0.080500 0.007200
vt 0.084400 0.010500
vt 0.082300 -0.001400
vt 0.082300 0.001900
vt 0.080900 -0.000000
vt 0.084000 0.000600
vt 0.083400 -0.006200
vt 0.081400 -0.007800
vt 0.082100 -0.004600
vt 0.080300 -0.006100
vt 0.081700 -0.014500
vt 0.033600 -0.017200
vt 0.037600 -0.018200
vt 0.082600 -0.016500
vt 0.078400 -0.015700
vt 0.078800 -0.017800
vt 0.044200 -0.012000
vt 0.041500 -0.011400
vt 0.044600 -0.013600
vt 0.041400 -0.013100
vt 0.066200 0.013100
vt 0.066800 0.016600
vt 0.069100 0.016100
vt 0.068300 0.012500
vt 0.063700 0.011100
vt 0.061700 0.011500
vt 0.063400 0.009500
vt 0.061500 0.009800
vt 0.057600 0.008600
vt 0.059500 0.008500
vt 0.057600 0.007300
vt 0.059400 0.007200
vt 0.057600 0.010100
vt 0.051000 0.005000
vt 0.052600 0.005300
vt 0.051500 0.003500
vt 0.053000 0.003900
vt 0.048200 0.000200
vt 0.048200 -0.002000
vt 0.049100 -0.001100
vt 0.047000 -0.000700
vt 0.046700 -0.008400
vt 0.047000 -0.007400
vt 0.047500 -0.006300
vt 0.048900 -0.008300
vt 0.049400 -0.007400
vt 0.048200 -0.008900
vt 0.080200 0.012400
vt 0.078600 0.008200
vt 0.078100 0.013200
vt 0.076600 0.009300
vt 0.079400 0.001300
vt 0.079000 0.004400
vt 0.077800 0.002600
vt 0.080700 0.003200
vt 0.080800 -0.003100
vt 0.079200 -0.004600
vt 0.079500 -0.001600
vt 0.078100 -0.003100
vt 0.080900 -0.012600
vt 0.077900 -0.013900
vt 0.080100 -0.010900
vt 0.077400 -0.012100
vt 0.045000 -0.015200
vt 0.041500 -0.014900
vt 0.045700 -0.016900
vt 0.041600 -0.016700
vt 0.046900 -0.010900
vt 0.046600 -0.009600
vt 0.048900 -0.009800
vt 0.049500 -0.010900
vt 0.070500 0.011800
vt 0.071400 0.015500
vt 0.073600 0.014900
vt 0.072600 0.011100
vt 0.065400 0.009000
vt 0.065700 0.010700
vt 0.067700 0.010100
vt 0.067300 0.008400
vt 0.063200 0.008000
vt 0.061300 0.008300
vt 0.062900 0.006600
vt 0.061100 0.006900
vt 0.054300 0.005600
vt 0.055900 0.005800
vt 0.054500 0.004200
vt 0.056000 0.004300
vt 0.050600 0.001600
vt 0.050200 -0.000400
vt 0.051300 0.000200
vt 0.049400 0.001000
vt 0.048800 -0.004400
vt 0.050600 -0.005600
vt 0.048100 -0.005300
vt 0.050000 -0.006600
vt 0.075900 0.014100
vt 0.074600 0.010200
vt 0.077300 0.005600
vt 0.076200 0.003800
vt 0.075500 0.006700
vt 0.074500 0.004900
vt 0.078100 -0.000300
vt 0.076800 -0.001700
vt 0.076700 0.001000
vt 0.075600 -0.000400
vt 0.079200 -0.009200
vt 0.076900 -0.010400
vt 0.078400 -0.007600
vt 0.076200 -0.008800
vt 0.046300 -0.018500
vt 0.074700 -0.018500
vt 0.070800 -0.016900
vt 0.070300 -0.018600
vt 0.074800 -0.016600
vt 0.041800 -0.018700
vt 0.048200 -0.013600
vt 0.047400 -0.012300
vt 0.050400 -0.012000
vt 0.051600 -0.013100
vt 0.069100 0.007700
vt 0.069700 0.009400
vt 0.071700 0.008600
vt 0.071000 0.006800
vt 0.065000 0.007500
vt 0.066800 0.006900
vt 0.066300 0.005500
vt 0.064600 0.006100
vt 0.057600 0.005800
vt 0.059200 0.005700
vt 0.057600 0.004300
vt 0.059100 0.004300
vt 0.053300 0.002500
vt 0.052500 0.000700
vt 0.053700 0.001000
vt 0.051900 0.002100
vt 0.049600 -0.003400
vt 0.050300 -0.002600
vt 0.051700 -0.003900
vt 0.051100 -0.004700
vt 0.073600 0.007700
vt 0.072800 0.005900
vt 0.075200 0.002200
vt 0.074200 0.000800
vt 0.073700 0.003300
vt 0.072800 0.002000
vt 0.077500 -0.006000
vt 0.075600 -0.007200
vt 0.076500 -0.004500
vt 0.074800 -0.005800
vt 0.071200 -0.015300
vt 0.074600 -0.013100
vt 0.071400 -0.013700
vt 0.074700 -0.014800
vt 0.050500 -0.016300
vt 0.049200 -0.015000
vt 0.053200 -0.014200
vt 0.055400 -0.015200
vt 0.068600 0.006200
vt 0.070300 0.005300
vt 0.069600 0.003900
vt 0.068000 0.004800
vt 0.060900 0.005500
vt 0.062500 0.005200
vt 0.062200 0.003700
vt 0.060700 0.004000
vt 0.056100 0.002900
vt 0.055000 0.001200
vt 0.056300 0.001300
vt 0.054700 0.002700
vt 0.051200 -0.001900
vt 0.052100 -0.001300
vt 0.052600 -0.002300
vt 0.052300 -0.003100
vt 0.072000 0.004400
vt 0.071200 0.003000
vt 0.075400 -0.003100
vt 0.073900 -0.004400
vt 0.074300 -0.001800
vt 0.072900 -0.003100
vt 0.074400 -0.011400
vt 0.071600 -0.012200
vt 0.074000 -0.009800
vt 0.071500 -0.010700
vt 0.066100 -0.016600
vt 0.051800 -0.017500
vt 0.058500 -0.016000
vt 0.065000 -0.017800
vt 0.062200 -0.015800
vt 0.064200 0.004700
vt 0.065800 0.004100
vt 0.065200 0.002600
vt 0.063700 0.003200
vt 0.059000 0.002800
vt 0.057600 0.001400
vt 0.058900 0.001300
vt 0.057600 0.002900
vt 0.073100 -0.000600
vt 0.071800 -0.001900
vt 0.071700 0.000500
vt 0.070600 -0.000800
vt 0.073600 -0.008300
vt 0.071300 -0.009200
vt 0.073000 -0.006900
vt 0.071000 -0.007900
vt 0.067000 -0.015300
vt 0.062800 -0.014900
vt 0.067700 -0.014000
vt 0.063900 -0.013800
vt 0.067300 0.003400
vt 0.068900 0.002500
vt 0.068000 0.001100
vt 0.066600 0.001900
vt 0.061800 0.002300
vt 0.060200 0.001100
vt 0.061400 0.000800
vt 0.060400 0.002600
vt 0.054100 -0.000700
vt 0.055300 -0.000500
vt 0.056400 -0.000500
vt 0.055600 -0.002300
vt 0.056600 -0.002300
vt 0.054500 -0.002400
vt 0.070300 0.001600
vt 0.069400 0.000200
vt 0.072300 -0.005500
vt 0.070500 -0.006600
vt 0.071500 -0.004300
vt 0.069900 -0.005400
vt 0.068200 -0.012700
vt 0.064800 -0.012600
vt 0.068500 -0.011300
vt 0.065400 -0.011400
vt 0.063800 -0.000200
vt 0.063200 0.001800
vt 0.062600 0.000400
vt 0.064600 0.001300
vt 0.057600 -0.000400
vt 0.058800 -0.000400
vt 0.057700 -0.002200
vt 0.058800 -0.002100
vt 0.050200 -0.009300
vt 0.051000 -0.008500
vt 0.052500 -0.009400
vt 0.051300 -0.010300
vt 0.051700 -0.007600
vt 0.052300 -0.006700
vt 0.053900 -0.007500
vt 0.053400 -0.008500
vt 0.052700 -0.005700
vt 0.053100 -0.004700
vt 0.054500 -0.005200
vt 0.054300 -0.006400
vt 0.053500 -0.003700
vt 0.053500 -0.002500
vt 0.054600 -0.003900
vt 0.070500 -0.003100
vt 0.069100 -0.004300
vt 0.069500 -0.002100
vt 0.068200 -0.003400
vt 0.068600 -0.010000
vt 0.065900 -0.010300
vt 0.068600 -0.008700
vt 0.066200 -0.009100
vt 0.066100 -0.001600
vt 0.065900 0.000600
vt 0.065000 -0.000800
vt 0.067100 -0.000200
vt 0.059900 -0.000500
vt 0.060600 -0.001800
vt 0.059800 -0.002100
vt 0.068300 -0.001100
vt 0.067200 -0.002400
vt 0.068500 -0.007500
vt 0.066400 -0.008000
vt 0.066700 -0.007100
vt 0.055400 -0.011100
vt 0.052500 -0.011300
vt 0.053900 -0.012200
vt 0.054000 -0.010300
vt 0.060900 -0.000700
vt 0.062000 -0.001200
vt 0.062900 -0.001700
vt 0.061100 -0.002500
vt 0.061900 -0.003100
vt 0.055700 -0.004000
vt 0.056800 -0.003900
vt 0.055800 -0.005500
vt 0.057000 -0.005500
vt 0.055000 -0.009200
vt 0.055600 -0.008100
vt 0.056600 -0.009900
vt 0.057600 -0.008600
vt 0.055800 -0.006800
vt 0.057300 -0.006900
vt 0.067500 -0.005600
vt 0.068100 -0.006500
vt 0.065900 -0.006700
vt 0.066700 -0.004700
vt 0.065100 -0.006100
vt 0.057400 -0.013900
vt 0.055500 -0.013100
vt 0.057000 -0.011900
vt 0.058700 -0.012700
vt 0.063900 -0.002400
vt 0.064900 -0.003100
vt 0.063500 -0.004600
vt 0.062700 -0.003900
vt 0.057900 -0.003800
vt 0.059000 -0.003600
vt 0.058300 -0.005300
vt 0.059500 -0.004800
vt 0.065800 -0.003900
vt 0.064300 -0.005300
vt 0.059800 -0.014500
vt 0.061000 -0.013400
vt 0.059800 -0.011500
vt 0.058100 -0.010700
vt 0.059100 -0.009700
vt 0.060800 -0.010500
vt 0.060100 -0.003200
vt 0.060700 -0.004100
vt 0.059300 -0.007700
vt 0.058700 -0.006600
vt 0.060000 -0.005900
vt 0.060700 -0.006900
vt 0.062800 -0.011100
vt 0.062000 -0.012200
vt 0.060300 -0.008700
vt 0.061600 -0.007700
vt 0.061800 -0.009500
vt 0.062800 -0.008400
vt 0.061400 -0.005000
vt 0.062100 -0.005800
vt 0.063600 -0.010000
vt 0.064300 -0.008900
vt 0.062900 -0.006600
vt 0.063900 -0.007300
vt 0.064900 -0.007800
vt 0.005500 0.841900
vt 0.000600 0.841300
vt 0.010500 0.842500
vt -0.004300 0.840700
vt -0.008900 0.840100
vt 0.015400 0.843100
vt 0.020400 0.843900
vt -0.012600 0.839600
vt -0.016000 0.839300
vt 0.025300 0.844500
vt 0.030200 0.845000
vt 0.035000 0.845400
vt 0.039700 0.845500
vt 0.044400 0.845500
vt 0.049100 0.845300
vt 0.053800 0.844900
vt 0.058600 0.844200
vt 0.136700 0.831800
vt 0.141800 0.832300
vt 0.147000 0.833100
vt 0.063500 0.843400
vt 0.068300 0.842500
vt 0.127100 0.831500
vt 0.131900 0.831500
vt 0.073100 0.841400
vt 0.078000 0.840200
vt 0.117500 0.831900
vt 0.122300 0.831600
vt 0.082900 0.838900
vt 0.087800 0.837500
vt 0.107800 0.833100
vt 0.112700 0.832400
vt 0.092800 0.836200
vt 0.097900 0.835000
vt 0.102900 0.834000
vt 0.827500 0.145400
vt 0.827300 0.116500
vt 0.832500 0.145400
vt 0.832300 0.116500
vt 0.827100 0.087700
vt 0.832000 0.087600
vt 0.807100 0.087800
vt 0.807300 0.116700
vt 0.802100 0.087900
vt 0.802300 0.116700
vt 0.807600 0.145600
vt 0.802600 0.145600
vt 0.830400 0.359200
vt 0.829100 0.339100
vt 0.834300 0.358500
vt 0.834100 0.338600
vt 0.828900 0.316500
vt 0.833900 0.316400
vt 0.814200 0.340500
vt 0.809000 0.317100
vt 0.809200 0.341000
vt 0.804000 0.317300
vt 0.828700 0.289800
vt 0.833700 0.289700
vt 0.828500 0.260900
vt 0.833500 0.260900
vt 0.808800 0.289900
vt 0.808500 0.261100
vt 0.803500 0.261100
vt 0.803800 0.290000
vt 0.828200 0.232000
vt 0.833200 0.232000
vt 0.828000 0.203200
vt 0.833000 0.203100
vt 0.808000 0.203300
vt 0.808300 0.232200
vt 0.803100 0.203400
vt 0.803300 0.232200
vt 0.822800 0.174300
vt 0.827800 0.174300
vt 0.832800 0.174200
vt 0.812800 0.174400
vt 0.807800 0.174500
vt 0.802800 0.174500
vt 0.806300 0.007400
vt 0.805900 -0.015300
vt 0.801400 0.006300
vt 0.801200 -0.017400
vt 0.801600 0.031400
vt 0.806600 0.031600
vt 0.826500 0.031500
vt 0.826100 0.007600
vt 0.831600 0.031300
vt 0.831400 0.006600
vt 0.825600 -0.014800
vt 0.831200 -0.016600
vt 0.806900 0.059000
vt 0.801900 0.059000
vt 0.826800 0.058800
vt 0.831800 0.058700
vt 0.789000 0.875200
vt 0.763800 0.852600
vt 0.760800 0.856700
vt 0.758600 0.861100
vt 0.757200 0.865600
vt 0.756600 0.870300
vt 0.756700 0.875100
vt 0.757800 0.879800
vt 0.759600 0.884300
vt 0.762100 0.888600
vt 0.765300 0.892600
vt 0.769000 0.896100
vt 0.773200 0.899200
vt 0.777700 0.901600
vt 0.782500 0.903200
vt 0.787400 0.904000
vt 0.792300 0.904000
vt 0.797100 0.903300
vt 0.801800 0.901800
vt 0.806100 0.899700
vt 0.810000 0.897000
vt 0.813300 0.893700
vt 0.816000 0.889800
vt 0.817900 0.885500
vt 0.819000 0.880900
vt 0.819400 0.876100
vt 0.819100 0.871100
vt 0.818000 0.866300
vt 0.816300 0.861600
vt 0.814000 0.857200
vt 0.811000 0.853300
vt 0.807400 0.849900
vt 0.803700 0.847300
vt 0.800300 0.845600
vt 0.053100 -0.000900
vt 0.577200 0.096600
vt 0.591500 0.083900
vt 0.594700 0.065600
vt 0.586400 0.048400
vt 0.569300 0.039600
vt 0.549900 0.041800
vt 0.536100 0.054700
vt 0.558100 0.099000
vt 0.834400 0.365700
vt 0.831000 0.362500
vt 0.834300 0.362400
vt 0.829100 0.364800
vt 0.826900 0.367500
vt 0.834400 0.369700
vt 0.764800 0.757200
vt 0.794900 0.757000
vt 0.761900 0.527200
vt 0.762400 0.583300
vt 0.763000 0.641100
vt 0.763800 0.699000
vt 0.796700 0.829900
vt 0.796200 0.811800
vt 0.975500 0.470400
vt 0.965800 0.495500
vt 0.965400 0.468800
vt 0.804200 0.341500
vt 0.544100 0.818300
vt 0.909500 0.817000
vt 0.908100 0.386500
vt 0.895200 0.873900
vt 0.857200 0.454500
vt 1.037900 -0.017600
vt 1.042000 0.350800
vt 0.361600 0.357600
vt 0.361000 -0.017600
vt 0.978600 0.469000
vt 0.957000 0.087800
vt 0.807500 0.815600
vt 0.166400 0.792800
vt 0.347300 0.837400
vt 1.027600 0.396400
vt 0.753200 0.760300
vt 0.709900 0.822400
vt 0.911600 -0.017600
vt 0.892900 0.373900
vt 0.834800 -0.017500
vt 0.162200 0.315500
vt 0.149500 -0.017600
vt 0.958500 0.744900
vt 0.922200 0.488600
vt 0.998900 0.686700
vt 1.006900 0.246300
vt 1.004300 0.113600
vt -0.035500 0.484300
s 1
usemtl wire_108008136
f 2/1/1 4/2/2 1/3/3
f 5/4/4 3/5/5 2/1/1
f 8/6/6 6/7/7 7/8/8
f 9/9/9 3/5/5 8/6/6
f 1/3/3 10/10/10 11/11/11
f 4/2/2 12/12/12 10/10/10
f 13/13/13 10/10/10 12/12/12
f 14/14/14 11/11/11 10/10/10
f 1/3/3 17/15/15 2/1/1
f 16/16/16 19/17/17 17/15/15
f 20/18/18 17/15/15 19/17/17
f 21/19/19 2/1/1 17/15/15
f 8/6/6 23/20/20 9/9/9
f 7/8/8 22/21/21 8/6/6
f 26/22/22 24/23/23 25/24/24
f 27/25/25 22/21/21 26/22/22
f 11/11/11 16/16/16 1/3/3
f 15/26/26 28/27/27 11/11/11
f 31/28/28 29/29/29 30/30/30
f 18/31/31 28/27/27 31/28/28
f 9/9/9 32/32/32 12/12/12
f 23/20/20 33/33/33 32/32/32
f 34/34/34 32/32/32 33/33/33
f 35/35/35 12/12/12 32/32/32
f 18/31/31 37/36/36 19/17/17
f 36/37/37 39/38/38 37/36/36
f 40/39/39 37/36/36 39/38/38
f 41/40/40 19/17/17 37/36/36
f 42/41/41 6/7/7 5/4/4
f 7/8/8 43/42/42 44/43/43
f 45/44/44 47/45/45 48/46/46
f 46/47/47 26/22/22 47/45/45
f 25/24/24 47/45/45 26/22/22
f 49/48/48 48/46/46 47/45/45
f 15/26/26 51/49/49 52/50/50
f 14/14/14 53/51/51 51/49/49
f 31/28/28 36/37/37 18/31/31
f 30/30/30 54/52/52 31/28/28
f 57/53/53 55/54/54 56/55/55
f 38/56/56 54/52/52 57/53/53
f 58/57/57 46/47/47 45/44/44
f 60/58/58 59/59/59 58/57/57
f 33/33/33 61/60/60 34/34/34
f 27/25/25 59/59/59 33/33/33
f 5/4/4 62/61/61 42/41/41
f 21/19/19 63/62/62 62/61/61
f 65/63/63 67/64/64 64/65/65
f 68/66/66 66/67/67 65/63/63
f 39/38/38 69/68/68 40/39/39
f 38/56/56 66/67/67 39/38/38
f 44/43/43 24/23/23 7/8/8
f 25/24/24 70/69/69 71/70/70
f 72/71/71 74/72/72 75/73/73
f 73/74/74 48/46/46 74/72/72
f 50/75/75 74/72/72 48/46/46
f 76/76/76 75/73/73 74/72/72
f 52/50/50 29/29/29 15/26/26
f 30/30/30 78/77/77 79/78/78
f 13/13/13 80/79/79 53/51/51
f 35/35/35 81/80/80 80/79/79
f 64/65/65 82/81/81 83/82/82
f 67/64/64 57/53/53 82/81/81
f 56/55/55 82/81/81 57/53/53
f 84/83/83 83/82/82 82/81/81
f 86/84/84 73/74/74 72/71/71
f 88/85/85 87/86/86 86/84/84
f 58/57/57 89/87/87 60/58/58
f 45/44/44 87/86/86 58/57/57
f 20/18/18 90/88/88 63/62/62
f 41/40/40 91/89/89 90/88/88
f 93/90/90 95/91/91 92/92/92
f 96/93/93 94/94/94 93/90/90
f 65/63/63 97/95/95 68/66/66
f 64/65/65 94/96/94 65/63/63
f 50/75/75 98/97/96 99/98/97
f 49/48/48 71/70/70 98/97/96
f 75/73/73 101/99/98 72/71/71
f 77/100/99 100/101/100 75/73/73
f 104/102/101 102/103/102 103/104/103
f 105/105/104 100/101/100 104/102/101
f 79/78/78 55/54/54 30/30/30
f 56/55/55 106/106/105 107/107/106
f 108/108/107 61/60/60 60/58/58
f 34/34/34 109/109/108 81/80/80
f 92/92/92 110/110/109 111/111/110
f 95/112/91 83/82/82 110/113/109
f 85/114/111 110/113/109 83/82/82
f 112/115/112 111/111/110 110/110/109
f 72/71/71 114/116/113 86/84/84
f 101/99/98 115/117/114 114/116/113
f 116/118/115 114/116/113 115/117/114
f 117/119/116 86/84/84 114/116/113
f 118/120/117 69/68/68 68/66/66
f 40/39/39 119/121/118 91/89/89
f 120/122/119 93/90/90 92/92/92
f 122/123/120 121/124/121 120/122/119
f 125/125/122 123/126/123 124/127/124
f 96/93/93 121/124/121 125/125/122
f 77/100/99 126/128/125 127/129/126
f 76/76/76 99/98/97 126/128/125
f 104/102/101 129/130/127 105/105/104
f 103/104/103 128/131/128 104/102/101
f 132/132/129 130/133/130 131/134/131
f 133/135/132 128/131/128 132/132/129
f 85/114/111 134/136/133 135/137/134
f 84/83/83 107/107/106 134/136/133
f 136/138/135 89/87/87 88/85/85
f 60/58/58 137/139/136 108/108/107
f 92/92/92 138/140/137 120/122/119
f 111/111/110 139/141/138 138/140/137
f 140/142/139 138/140/137 139/141/138
f 141/143/140 120/122/119 138/140/137
f 105/105/104 142/144/141 115/117/114
f 129/130/127 143/145/142 142/144/141
f 144/146/143 142/144/141 143/145/142
f 145/147/144 115/117/114 142/144/141
f 146/148/145 97/149/95 96/93/93
f 68/66/66 147/150/146 118/120/117
f 148/151/147 123/126/123 122/123/120
f 150/152/148 149/153/149 148/151/147
f 153/154/150 151/155/151 152/156/152
f 124/127/124 149/153/149 153/154/150
f 127/129/126 102/103/102 77/100/99
f 103/104/103 154/157/153 155/158/154
f 157/159/155 159/160/156 156/161/157
f 133/135/132 158/162/158 157/159/155
f 131/134/131 158/162/158 132/132/129
f 161/163/159 158/162/158 160/164/160
f 113/165/161 162/166/162 163/167/163
f 112/168/112 135/137/134 162/169/162
f 88/85/85 164/170/164 136/138/135
f 117/119/116 165/171/165 164/170/164
f 122/123/120 166/172/166 148/151/147
f 141/143/140 167/173/167 166/172/166
f 168/174/168 166/172/166 167/173/167
f 169/175/169 148/151/147 166/172/166
f 156/161/157 171/176/170 157/159/155
f 170/177/171 173/178/172 171/176/170
f 144/146/143 171/176/170 173/178/172
f 143/145/142 157/159/155 171/176/170
f 125/125/122 146/148/145 96/93/93
f 124/127/124 174/179/173 125/125/122
f 176/180/174 178/181/175 179/182/176
f 177/183/177 181/184/178 178/181/175
f 152/156/152 178/181/175 181/184/178
f 151/155/151 179/182/176 178/181/175
f 155/158/154 130/133/130 103/104/103
f 131/134/131 182/185/179 183/186/180
f 185/187/181 187/188/182 184/189/183
f 156/161/157 186/190/184 185/187/181
f 188/191/185 159/160/156 161/163/159
f 189/192/186 186/190/184 188/191/185
f 113/165/161 190/193/187 139/141/138
f 191/194/188 139/141/138 190/193/187
f 116/118/115 192/195/189 165/171/165
f 145/147/144 193/196/190 192/195/189
f 179/182/176 195/197/191 176/180/174
f 150/152/148 194/198/192 179/182/176
f 196/199/193 169/175/169 168/174/168
f 197/200/194 194/198/192 196/199/193
f 184/189/183 199/201/195 185/187/181
f 198/202/196 201/203/197 199/201/195
f 172/204/198 199/201/195 201/203/197
f 170/177/171 185/187/181 199/201/195
f 153/154/150 175/205/199 124/127/124
f 152/156/152 202/206/200 153/154/150
f 204/207/201 206/208/202 207/209/203
f 205/210/204 209/211/205 206/208/202
f 180/212/206 206/208/202 209/211/205
f 177/183/177 207/209/203 206/208/202
f 160/164/160 211/213/207 161/163/159
f 131/134/131 210/214/208 160/164/160
f 184/189/183 212/215/209 213/216/210
f 187/188/182 214/217/211 212/215/209
f 215/218/212 212/215/209 214/217/211
f 216/219/213 213/216/210 212/215/209
f 140/142/139 218/220/214 167/173/167
f 219/221/215 167/173/167 218/220/214
f 220/222/216 173/178/172 172/204/198
f 144/146/143 221/223/217 193/196/190
f 207/209/203 223/224/218 204/207/201
f 176/180/174 222/225/219 207/209/203
f 224/226/220 195/197/191 197/200/194
f 225/227/221 222/225/219 224/226/220
f 213/216/210 198/202/196 184/189/183
f 217/228/222 226/229/223 213/216/210
f 229/230/224 227/231/225 228/232/226
f 200/233/227 226/229/223 229/230/224
f 180/212/206 231/234/228 181/184/178
f 203/235/229 181/184/178 231/234/228
f 232/236/230 205/210/204 204/207/201
f 234/237/231 233/238/232 232/236/230
f 237/239/233 235/240/234 236/241/235
f 208/242/236 233/238/232 237/239/233
f 188/191/185 239/243/237 189/192/186
f 161/163/159 238/244/238 188/191/185
f 217/228/222 240/245/239 241/246/240
f 216/219/213 242/247/241 240/245/239
f 243/248/242 240/245/239 242/247/241
f 244/249/243 241/246/240 240/245/239
f 51/49/49 247/250/244 52/50/50
f 53/51/51 246/251/245 51/49/49
f 196/199/193 250/252/246 197/200/194
f 168/174/168 249/253/247 196/199/193
f 200/233/227 252/254/248 201/203/197
f 220/222/216 201/203/197 252/254/248
f 204/207/201 253/255/249 232/236/230
f 223/224/218 254/256/250 253/255/249
f 255/257/251 253/255/249 254/256/250
f 256/258/252 232/236/230 253/255/249
f 241/246/240 227/231/225 217/228/222
f 245/259/253 257/260/254 241/246/240
f 260/261/255 258/262/256 259/263/257
f 228/232/226 257/260/254 260/261/255
f 208/242/236 262/264/258 209/211/205
f 230/265/259 209/211/205 262/264/258
f 263/266/260 235/240/234 234/237/231
f 245/259/253 264/267/261 263/266/260
f 265/268/262 244/249/243 243/248/242
f 236/241/235 264/267/261 265/268/262
f 189/192/186 266/269/263 214/217/211
f 267/270/264 214/217/211 266/269/263
f 53/51/51 268/271/265 248/272/266
f 80/79/79 269/273/267 268/271/265
f 224/226/220 271/274/268 225/227/221
f 197/200/194 270/275/269 224/226/220
f 229/230/224 251/276/270 200/233/227
f 228/232/226 272/277/271 229/230/224
f 234/237/231 274/278/272 263/266/260
f 256/258/252 275/279/273 274/278/272
f 259/263/257 274/278/272 275/279/273
f 258/262/256 263/266/260 274/278/272
f 237/239/233 261/280/274 208/242/236
f 236/241/235 276/281/275 237/239/233
f 215/218/212 278/282/276 242/247/241
f 279/283/277 242/247/241 278/282/276
f 225/227/221 280/284/278 254/256/250
f 281/285/279 254/256/250 280/284/278
f 260/261/255 273/286/280 228/232/226
f 259/263/257 282/287/281 260/261/255
f 265/268/262 277/288/282 236/241/235
f 243/248/242 284/289/283 265/268/262
f 255/257/251 285/290/284 275/279/273
f 283/291/285 275/279/273 285/290/284
f 286/292/286 43/42/42 42/41/41
f 288/293/287 287/294/288 286/292/286
f 291/295/289 289/296/290 290/297/291
f 44/43/43 287/294/288 291/295/289
f 136/138/135 292/298/292 293/299/293
f 164/170/164 294/300/294 292/298/292
f 286/292/286 296/301/295 288/293/287
f 42/41/41 295/302/296 286/292/286
f 297/303/297 62/61/61 63/62/62
f 298/304/298 295/302/296 297/303/297
f 299/305/299 289/296/290 288/293/287
f 301/306/300 300/307/301 299/305/299
f 304/308/302 302/309/303 303/310/304
f 290/297/291 300/307/301 304/308/302
f 291/295/289 70/69/69 44/43/43
f 290/297/291 305/311/305 291/295/289
f 308/312/306 306/313/307 307/314/308
f 71/70/70 305/311/305 308/312/306
f 165/171/165 309/315/309 294/300/294
f 192/195/189 310/316/310 309/315/309
f 299/305/299 312/317/311 301/306/300
f 288/293/287 311/318/312 299/305/299
f 313/319/313 296/301/295 298/304/298
f 314/320/314 311/318/312 313/319/313
f 297/303/297 316/321/315 298/304/298
f 63/62/62 315/322/316 297/303/297
f 317/323/317 90/88/88 91/89/89
f 318/324/318 315/322/316 317/323/317
f 319/325/319 302/309/303 301/306/300
f 321/326/320 320/327/321 319/325/319
f 324/328/322 322/329/323 323/330/324
f 303/310/304 320/327/321 324/328/322
f 304/308/302 306/313/307 290/297/291
f 303/310/304 325/331/325 304/308/302
f 328/332/326 326/333/327 327/334/328
f 307/314/308 325/331/325 328/332/326
f 330/335/329 332/336/330 329/337/331
f 99/98/97 331/338/332 330/335/329
f 308/312/306 98/97/96 71/70/70
f 307/314/308 331/338/332 308/312/306
f 301/306/300 333/339/333 319/325/319
f 312/317/311 334/340/334 333/339/333
f 335/341/335 333/339/333 334/340/334
f 336/342/336 319/325/319 333/339/333
f 313/319/313 338/343/337 314/320/314
f 298/304/298 337/344/338 313/319/313
f 339/345/339 316/321/315 318/324/318
f 340/346/340 337/344/338 339/345/339
f 341/347/341 119/121/118 118/120/117
f 343/348/342 342/349/343 341/347/341
f 317/323/317 344/350/344 318/324/318
f 91/89/89 342/349/343 317/323/317
f 324/328/322 326/333/327 303/310/304
f 323/330/324 345/351/345 324/328/322
f 348/352/346 346/353/347 347/354/348
f 327/334/328 345/351/345 348/352/346
f 350/355/349 352/356/350 349/357/351
f 329/337/331 351/358/352 350/355/349
f 328/332/326 332/336/330 307/314/308
f 327/334/328 351/358/352 328/332/326
f 354/359/353 356/360/354 353/361/355
f 127/129/126 355/362/356 354/359/353
f 330/335/329 126/128/125 99/98/97
f 329/337/331 355/362/356 330/335/329
f 249/253/247 358/363/357 250/252/246
f 219/221/215 357/364/358 249/253/247
f 314/320/314 360/365/359 334/340/334
f 338/343/337 361/366/360 360/365/359
f 362/367/361 360/365/359 361/366/360
f 363/368/362 334/340/334 360/365/359
f 364/369/363 344/350/344 343/348/342
f 366/370/364 365/371/365 364/369/363
f 339/345/339 367/372/366 340/346/340
f 318/324/318 365/371/365 339/345/339
f 368/373/367 147/374/146 146/148/145
f 370/375/368 369/376/369 368/373/367
f 341/347/341 371/377/370 343/348/342
f 118/120/117 369/378/369 341/347/341
f 323/330/324 372/379/371 373/380/372
f 322/329/323 374/381/373 372/379/371
f 375/382/374 372/379/371 374/381/373
f 376/383/375 373/380/372 372/379/371
f 349/357/351 378/384/376 379/385/377
f 352/356/350 348/352/346 378/384/376
f 347/354/348 378/384/376 348/352/346
f 380/386/378 379/385/377 378/384/376
f 383/387/379 385/388/380 382/389/381
f 353/361/355 384/390/382 383/387/379
f 350/355/349 356/360/354 329/337/331
f 349/357/351 384/390/382 350/355/349
f 354/359/353 154/157/153 127/129/126
f 353/361/355 386/391/383 354/359/353
f 389/392/384 387/393/385 388/394/386
f 155/158/154 386/391/383 389/392/384
f 270/275/269 391/395/387 271/274/268
f 250/252/246 390/396/388 270/275/269
f 251/276/270 392/397/389 393/398/390
f 272/277/271 394/399/391 392/397/389
f 321/326/320 395/400/392 374/381/373
f 336/342/336 396/401/393 395/400/392
f 397/402/394 395/400/392 396/401/393
f 398/403/395 374/381/373 395/400/392
f 399/404/396 367/372/366 366/370/364
f 401/405/397 400/406/398 399/404/396
f 361/366/360 402/407/399 362/367/361
f 340/346/340 400/406/398 361/366/360
f 403/408/400 371/409/370 370/375/368
f 405/410/401 404/411/402 403/408/400
f 364/369/363 406/412/403 366/370/364
f 343/348/342 404/413/402 364/369/363
f 370/375/368 407/414/404 408/415/405
f 368/373/367 174/179/173 407/414/404
f 175/205/199 407/414/404 174/179/173
f 409/416/406 408/415/405 407/414/404
f 347/354/348 411/417/407 412/418/408
f 346/353/347 373/380/372 411/417/407
f 377/419/409 411/417/407 373/380/372
f 413/420/410 412/418/408 411/417/407
f 382/389/381 415/421/411 416/422/412
f 385/388/380 379/385/377 415/421/411
f 381/423/413 415/421/411 379/385/377
f 417/424/414 416/422/412 415/421/411
f 383/387/379 387/393/385 353/361/355
f 382/389/381 419/425/415 383/387/379
f 422/426/416 420/427/417 421/428/418
f 388/394/386 419/425/415 422/426/416
f 389/392/384 182/185/179 155/158/154
f 388/394/386 423/429/419 389/392/384
f 426/430/420 424/431/421 425/432/422
f 183/186/180 423/429/419 426/430/420
f 273/286/280 427/433/423 394/399/391
f 283/291/285 427/433/423 282/287/281
f 335/341/335 429/434/424 396/401/393
f 363/368/362 430/435/425 429/434/424
f 431/436/426 429/434/424 430/435/425
f 432/437/427 396/401/393 429/434/424
f 433/438/428 406/439/403 405/410/401
f 435/440/429 434/441/430 433/438/428
f 399/404/396 436/442/431 401/405/397
f 366/370/364 434/443/430 399/404/396
f 405/410/401 437/444/432 438/445/433
f 403/408/400 408/415/405 437/444/432
f 410/446/434 437/444/432 408/415/405
f 439/447/435 438/445/433 437/444/432
f 410/446/434 441/448/436 442/449/437
f 409/416/406 202/206/200 441/448/436
f 203/235/229 441/448/436 202/206/200
f 443/450/438 442/449/437 441/448/436
f 381/423/413 445/451/439 446/452/440
f 380/386/378 412/418/408 445/451/439
f 414/453/441 445/451/439 412/418/408
f 447/454/442 446/452/440 445/451/439
f 449/455/443 451/456/444 452/457/445
f 450/458/446 454/459/447 451/456/444
f 377/419/409 451/456/444 454/459/447
f 376/383/375 452/457/445 451/456/444
f 416/422/412 420/427/417 382/389/381
f 418/460/448 455/461/449 416/422/412
f 458/462/450 456/463/451 457/464/452
f 421/428/418 455/461/449 458/462/450
f 422/426/416 424/431/421 388/394/386
f 421/428/418 459/465/453 422/426/416
f 462/466/454 460/467/455 461/468/456
f 425/432/422 459/465/453 462/466/454
f 463/469/457 465/470/458 466/471/459
f 464/472/460 210/214/208 465/470/458
f 183/186/180 465/470/458 210/214/208
f 425/432/422 465/470/458 426/430/420
f 362/367/361 467/473/461 430/435/425
f 402/407/399 468/474/462 467/473/461
f 469/475/463 467/473/461 468/474/462
f 470/476/464 430/435/425 467/473/461
f 471/477/465 473/478/466 474/479/467
f 472/480/468 452/457/445 473/478/466
f 375/382/374 473/478/466 452/457/445
f 398/403/395 474/479/467 473/478/466
f 438/445/433 433/438/428 405/410/401
f 440/481/469 475/482/470 438/445/433
f 478/483/471 476/484/472 477/485/473
f 435/440/429 475/482/470 478/483/471
f 440/481/469 479/486/474 480/487/475
f 439/447/435 442/449/437 479/486/474
f 444/488/476 479/486/474 442/449/437
f 481/489/477 480/487/475 479/486/474
f 230/265/259 484/490/478 231/234/228
f 483/491/479 486/492/480 484/490/478
f 444/488/476 484/490/478 486/492/480
f 443/450/438 231/234/228 484/490/478
f 418/460/448 487/493/481 488/494/482
f 417/424/414 446/452/440 487/493/481
f 448/495/483 487/493/481 446/452/440
f 489/496/484 488/494/482 487/493/481
f 453/497/485 492/498/486 454/459/447
f 491/499/487 494/500/488 492/498/486
f 414/453/441 492/498/486 494/500/488
f 413/420/410 454/459/447 492/498/486
f 458/462/450 460/467/455 421/428/418
f 457/464/452 495/501/489 458/462/450
f 498/502/490 496/503/491 497/504/492
f 461/468/456 495/501/489 498/502/490
f 499/505/493 501/506/494 502/507/495
f 500/508/496 466/471/459 501/506/494
f 462/466/454 466/471/459 425/432/422
f 461/468/456 501/506/494 462/466/454
f 503/509/497 505/510/498 506/511/499
f 504/512/500 238/244/238 505/510/498
f 211/213/207 505/510/498 238/244/238
f 464/472/460 506/511/499 505/510/498
f 401/405/397 507/513/501 468/474/462
f 436/514/431 508/515/502 507/516/501
f 509/517/503 507/516/501 508/515/502
f 510/518/504 468/474/462 507/513/501
f 511/519/505 513/520/506 514/521/507
f 512/522/508 474/479/467 513/520/506
f 397/402/394 513/520/506 474/479/467
f 432/437/427 514/521/507 513/520/506
f 480/487/475 476/484/472 440/481/469
f 482/523/509 515/524/510 480/487/475
f 518/525/511 516/526/512 517/527/513
f 477/485/473 515/524/510 518/525/511
f 485/528/514 520/529/515 486/492/480
f 519/530/516 522/531/517 520/529/515
f 482/523/509 520/529/515 522/531/517
f 481/489/477 486/492/480 520/529/515
f 261/280/274 524/532/518 262/264/258
f 523/533/519 526/534/520 524/532/518
f 485/528/514 524/532/518 526/534/520
f 483/491/479 262/264/258 524/532/518
f 457/464/452 527/535/521 528/536/522
f 456/463/451 488/494/482 527/535/521
f 490/537/523 527/535/521 488/494/482
f 529/538/524 528/536/522 527/535/521
f 531/539/525 494/500/488 493/540/526
f 533/541/527 532/542/528 531/539/525
f 447/454/442 534/543/529 448/495/483
f 447/454/442 494/500/488 532/542/528
f 453/497/485 535/544/530 536/545/531
f 450/458/446 537/546/532 535/544/530
f 538/547/533 535/544/530 537/546/532
f 539/548/534 536/545/531 535/544/530
f 502/507/495 542/549/535 499/505/493
f 502/507/495 498/502/490 541/550/536
f 497/504/492 541/550/536 498/502/490
f 544/551/537 541/550/536 543/552/538
f 545/553/539 547/554/540 548/555/541
f 546/556/542 506/511/499 547/554/540
f 463/469/457 547/554/540 506/511/499
f 500/508/496 548/555/541 547/554/540
f 239/243/237 549/557/543 266/269/263
f 504/512/500 550/558/544 549/557/543
f 551/559/545 549/557/543 550/558/544
f 552/560/546 266/269/263 549/557/543
f 478/483/471 508/515/502 435/440/429
f 477/485/473 553/561/547 478/483/471
f 556/562/548 554/563/549 555/564/550
f 509/517/503 553/561/547 556/562/548
f 557/565/551 559/566/552 560/567/553
f 558/568/554 514/521/507 559/566/552
f 431/436/426 559/566/552 514/521/507
f 470/476/464 560/567/553 559/566/552
f 449/455/443 561/569/555 537/546/532
f 472/480/468 562/570/556 561/569/555
f 563/571/557 561/569/555 562/570/556
f 538/547/533 561/569/555 564/572/558
f 521/573/559 566/574/560 522/531/517
f 565/575/561 568/576/562 566/574/560
f 517/527/513 566/574/560 568/576/562
f 516/526/512 522/531/517 566/574/560
f 525/577/563 570/578/564 526/534/520
f 569/579/565 572/580/566 570/578/564
f 521/573/559 570/578/564 572/580/566
f 519/530/516 526/534/520 570/578/564
f 525/577/563 573/581/567 574/582/568
f 523/533/519 276/281/275 573/581/567
f 277/288/282 573/581/567 276/281/275
f 575/583/569 574/582/568 573/581/567
f 497/504/492 577/584/570 578/585/571
f 496/503/491 528/536/522 577/584/570
f 530/586/572 577/584/570 528/536/522
f 579/587/573 578/585/571 577/584/570
f 581/588/574 534/543/529 533/541/527
f 583/589/575 582/590/576 581/588/574
f 490/537/523 582/590/576 584/591/577
f 448/495/483 582/590/576 489/496/484
f 491/499/487 586/592/578 493/540/526
f 491/499/487 536/545/531 585/593/579
f 587/594/580 536/545/531 540/595/581
f 588/596/582 585/593/579 587/594/580
f 548/555/541 590/597/583 545/553/539
f 499/505/493 589/598/584 548/555/541
f 591/599/585 542/549/535 544/551/537
f 592/600/586 589/598/584 591/599/585
f 503/509/497 593/601/587 550/558/544
f 546/556/542 594/602/588 593/601/587
f 595/603/589 593/601/587 594/602/588
f 596/604/590 550/558/544 593/601/587
f 267/270/264 597/605/591 278/282/276
f 552/560/546 598/606/592 597/605/591
f 599/607/593 597/605/591 598/606/592
f 600/608/594 278/282/276 597/605/591
f 518/525/511 554/563/549 477/485/473
f 517/527/513 601/609/595 518/525/511
f 604/610/596 602/611/597 603/612/598
f 555/564/550 601/609/595 604/610/596
f 605/613/599 607/614/600 608/615/601
f 606/616/602 560/567/553 607/617/600
f 469/475/463 607/617/600 560/567/553
f 510/618/504 608/615/601 607/614/600
f 471/477/465 609/619/603 562/570/556
f 512/522/508 610/620/604 609/619/603
f 611/621/605 609/619/603 610/620/604
f 612/622/606 562/570/556 609/619/603
f 571/623/607 614/624/608 572/580/566
f 613/625/609 616/626/610 614/624/608
f 567/627/611 614/624/608 616/626/610
f 565/575/561 572/580/566 614/624/608
f 571/623/607 617/628/612 618/629/613
f 569/579/565 574/582/568 617/628/612
f 576/630/614 617/628/612 574/582/568
f 619/631/615 618/629/613 617/628/612
f 576/630/614 621/632/616 622/633/617
f 575/583/569 284/289/283 621/632/616
f 279/283/277 621/632/616 284/289/283
f 600/608/594 622/633/617 621/632/616
f 543/552/538 624/634/618 544/551/537
f 543/552/538 578/585/571 623/635/619
f 580/636/620 623/635/619 578/585/571
f 625/637/621 624/634/618 623/635/619
f 583/589/575 628/638/622 584/591/577
f 627/639/623 630/640/624 628/638/622
f 530/586/572 628/638/622 630/640/624
f 529/538/524 584/591/577 628/638/622
f 531/539/525 632/641/625 533/541/527
f 493/540/526 631/642/626 531/539/525
f 633/643/627 586/592/578 588/596/582
f 634/644/628 631/642/626 633/643/627
f 545/553/539 635/645/629 594/602/588
f 590/597/583 636/646/630 635/645/629
f 637/647/631 635/645/629 636/646/630
f 638/648/632 594/602/588 635/645/629
f 551/559/545 639/649/633 598/606/592
f 596/604/590 640/650/634 639/649/633
f 641/651/635 639/649/633 640/650/634
f 642/652/636 598/606/592 639/649/633
f 568/576/562 602/611/597 517/527/513
f 567/627/611 643/653/637 568/576/562
f 646/654/638 644/655/639 645/656/640
f 603/612/598 643/653/637 646/654/638
f 648/657/641 650/658/642 647/659/643
f 648/657/641 608/615/601 649/660/644
f 509/517/503 649/660/644 608/615/601
f 555/564/550 649/660/644 556/562/548
f 511/519/505 651/661/645 610/620/604
f 558/568/554 652/662/646 651/661/645
f 653/663/647 651/661/645 652/662/646
f 654/664/648 610/620/604 651/661/645
f 618/629/613 613/625/609 571/623/607
f 620/665/649 655/666/650 618/629/613
f 658/667/651 656/668/652 657/669/653
f 615/670/654 655/666/650 658/667/651
f 620/665/649 659/671/655 660/672/656
f 619/631/615 622/633/617 659/671/655
f 599/607/593 659/671/655 622/633/617
f 642/652/636 660/672/656 659/671/655
f 591/599/585 662/673/657 592/600/586
f 544/551/537 661/674/658 591/599/585
f 663/675/659 624/634/618 626/676/660
f 664/677/661 661/674/658 663/675/659
f 629/678/662 666/679/663 630/640/624
f 665/680/664 668/681/665 666/679/663
f 580/636/620 666/679/663 668/681/665
f 579/587/573 630/640/624 666/679/663
f 581/588/574 670/682/666 583/589/575
f 533/541/527 669/683/667 581/588/574
f 671/684/668 632/641/625 634/644/628
f 672/685/669 669/683/667 671/684/668
f 595/603/589 673/686/670 640/650/634
f 638/648/632 674/687/671 673/686/670
f 675/688/672 673/686/670 674/687/671
f 676/689/673 640/650/634 673/686/670
f 616/626/610 644/655/639 567/627/611
f 615/670/654 677/690/674 616/626/610
f 680/691/675 678/692/676 679/693/677
f 645/656/640 677/690/674 680/691/675
f 682/694/678 684/695/679 681/696/680
f 647/659/643 683/697/681 682/694/678
f 604/610/596 650/658/642 555/564/550
f 603/612/598 683/697/681 604/610/596
f 557/565/551 685/698/682 652/662/646
f 606/699/602 686/700/683 685/701/682
f 687/702/684 685/701/682 686/700/683
f 688/703/685 652/662/646 685/698/682
f 660/672/656 656/668/652 620/665/649
f 641/651/635 689/704/686 660/672/656
f 690/705/687 676/689/673 675/688/672
f 657/669/653 689/704/686 690/705/687
f 636/646/630 692/706/688 637/647/631
f 592/600/586 691/707/689 636/646/630
f 693/708/690 662/673/657 664/677/661
f 694/709/691 691/707/689 693/708/690
f 667/710/692 696/711/693 668/681/665
f 695/712/694 698/713/695 696/711/693
f 626/676/660 696/711/693 698/713/695
f 625/637/621 668/681/665 696/711/693
f 629/678/662 699/714/696 700/715/697
f 627/639/623 670/682/666 699/714/696
f 672/685/669 699/714/696 670/682/666
f 701/716/698 700/715/697 699/714/696
f 658/667/651 678/692/676 615/670/654
f 657/669/653 703/717/699 658/667/651
f 706/718/700 704/719/701 705/720/702
f 679/693/677 703/717/699 706/718/700
f 708/721/703 710/722/704 707/723/705
f 681/696/680 709/724/706 708/721/703
f 646/654/638 684/695/679 603/612/598
f 645/656/640 709/724/706 646/654/638
f 648/657/641 686/700/683 605/613/599
f 647/659/643 711/725/707 648/657/641
f 714/726/708 712/727/709 713/728/710
f 687/702/684 711/725/707 714/726/708
f 674/687/671 716/729/711 675/688/672
f 637/647/631 715/730/712 674/687/671
f 717/731/713 692/706/688 694/709/691
f 718/732/714 715/730/712 717/731/713
f 697/733/715 720/734/716 698/713/695
f 719/735/717 722/736/718 720/734/716
f 663/675/659 722/736/718 664/677/661
f 626/676/660 720/734/716 663/675/659
f 667/710/692 723/737/719 724/738/720
f 665/680/664 700/715/697 723/737/719
f 702/739/721 723/737/719 700/715/697
f 725/740/722 724/738/720 723/737/719
f 690/705/687 704/719/701 657/669/653
f 675/688/672 727/741/723 690/705/687
f 728/742/724 716/729/711 718/732/714
f 705/720/702 727/741/723 728/742/724
f 730/743/725 732/744/726 729/745/727
f 707/723/705 731/746/728 730/743/725
f 680/691/675 710/722/704 645/656/640
f 679/693/677 731/746/728 680/691/675
f 682/694/678 712/727/709 647/659/643
f 681/696/680 733/747/729 682/694/678
f 736/748/730 734/749/731 735/750/732
f 713/728/710 733/747/729 736/748/730
f 721/751/733 738/752/734 722/736/718
f 737/753/735 740/754/736 738/752/734
f 694/709/691 738/752/734 740/754/736
f 693/708/690 722/736/718 738/752/734
f 697/733/715 741/755/737 742/756/738
f 695/712/694 724/738/720 741/755/737
f 726/757/739 741/755/737 724/738/720
f 743/758/740 742/756/738 741/755/737
f 745/759/741 747/760/742 748/761/743
f 746/762/744 539/548/534 747/760/742
f 538/547/533 747/760/742 539/548/534
f 564/572/558 748/761/743 747/760/742
f 563/571/557 749/763/745 748/761/743
f 612/622/606 750/764/746 749/763/745
f 751/765/747 749/763/745 750/764/746
f 752/766/748 748/761/743 749/763/745
f 611/621/605 753/767/749 750/764/746
f 654/664/648 754/768/750 753/767/749
f 755/769/751 753/767/749 754/768/750
f 756/770/752 750/764/746 753/767/749
f 758/771/753 760/772/754 757/773/755
f 729/745/727 759/774/756 758/771/753
f 706/718/700 732/744/726 679/693/677
f 705/720/702 759/774/756 706/718/700
f 708/721/703 734/749/731 681/696/680
f 707/723/705 761/775/757 708/721/703
f 764/776/758 762/777/759 763/778/760
f 735/750/732 761/775/757 764/776/758
f 653/663/647 765/779/761 754/768/750
f 688/703/685 714/726/708 765/779/761
f 766/780/762 714/726/708 713/728/710
f 766/780/762 754/768/750 765/779/761
f 767/781/763 740/754/736 739/782/764
f 769/783/765 768/784/766 767/781/763
f 717/731/713 770/785/767 718/732/714
f 694/709/691 768/784/766 717/731/713
f 721/751/733 771/786/768 772/787/769
f 719/735/717 742/756/738 771/786/768
f 744/788/770 771/786/768 742/756/738
f 774/789/771 771/786/768 773/790/772
f 775/791/773 777/792/774 778/793/775
f 776/794/776 587/594/580 777/792/774
f 540/595/581 777/792/774 587/594/580
f 746/762/744 778/793/775 777/792/774
f 779/795/777 770/785/767 769/783/765
f 757/773/755 780/796/778 779/795/777
f 728/742/724 760/772/754 705/720/702
f 718/732/714 780/796/778 728/742/724
f 730/743/725 762/777/759 707/723/705
f 729/745/727 781/797/779 730/743/725
f 783/798/780 781/797/779 782/799/781
f 763/778/760 781/797/779 784/800/782
f 739/782/764 785/801/783 786/802/784
f 737/753/735 772/787/769 785/801/783
f 774/789/771 785/801/783 772/787/769
f 787/803/785 786/802/784 785/801/783
f 633/643/627 790/804/786 634/644/628
f 588/596/582 789/805/787 633/643/627
f 791/806/788 776/794/776 775/791/773
f 792/807/789 789/805/787 791/806/788
f 794/808/790 796/809/791 793/810/792
f 775/791/773 795/811/793 794/808/790
f 752/766/748 778/793/775 745/759/741
f 752/766/748 796/809/791 795/811/793
f 751/765/747 797/812/794 796/809/791
f 756/770/752 798/813/795 797/812/794
f 799/814/796 797/812/794 798/813/795
f 800/815/797 796/809/791 797/812/794
f 755/769/751 801/816/798 798/813/795
f 766/780/762 736/748/730 801/816/798
f 735/750/732 801/816/798 736/748/730
f 802/817/799 798/813/795 801/816/798
f 758/771/753 782/799/781 729/745/727
f 757/773/755 803/818/800 758/771/753
f 806/819/801 804/820/802 805/821/803
f 783/798/780 803/818/800 806/819/801
f 767/781/763 808/822/804 769/783/765
f 767/781/763 786/802/784 807/823/805
f 788/824/806 807/823/805 786/802/784
f 810/825/807 807/823/805 809/826/808
f 672/685/669 811/827/809 701/716/698
f 671/684/668 790/804/786 811/827/809
f 792/807/789 811/827/809 790/804/786
f 812/828/810 701/716/698 811/827/809
f 791/806/788 814/829/811 792/807/789
f 775/791/773 813/830/812 791/806/788
f 815/831/813 794/808/790 793/810/792
f 816/832/814 813/830/812 815/831/813
f 779/795/777 804/820/802 757/773/755
f 769/783/765 817/833/815 779/795/777
f 818/834/816 808/822/804 810/825/807
f 805/821/803 817/833/815 818/834/816
f 799/814/796 819/835/817 820/836/818
f 802/817/799 764/776/758 819/835/817
f 763/778/760 819/835/817 764/776/758
f 822/837/819 819/835/817 821/838/820
f 800/815/797 824/839/821 793/810/792
f 799/814/796 823/840/822 800/815/797
f 825/841/823 820/836/818 822/837/819
f 826/842/824 823/840/822 825/841/823
f 822/837/819 827/843/825 828/844/826
f 821/838/820 784/800/782 827/843/825
f 783/798/780 827/843/825 784/800/782
f 806/819/801 828/844/826 827/843/825
f 829/845/827 814/829/811 816/832/814
f 726/757/739 830/846/828 829/845/827
f 812/828/810 725/740/722 702/739/721
f 792/807/789 830/846/828 812/828/810
f 816/832/814 831/847/829 832/848/830
f 815/831/813 824/839/821 831/847/829
f 826/842/824 831/847/829 824/839/821
f 833/849/831 832/848/830 831/847/829
f 835/850/832 832/848/830 834/851/833
f 744/788/770 836/852/834 835/850/832
f 829/845/827 743/758/740 726/757/739
f 816/832/814 836/852/834 829/845/827
f 825/841/823 838/853/835 826/842/824
f 822/837/819 837/854/836 825/841/823
f 818/834/816 828/844/826 805/821/803
f 810/825/807 837/854/836 818/834/816
f 787/803/785 840/855/837 788/824/806
f 774/789/771 839/856/838 787/803/785
f 835/850/832 773/790/772 744/788/770
f 834/851/833 839/856/838 835/850/832
f 834/851/833 841/857/839 840/855/837
f 826/842/824 841/857/839 833/849/831
f 809/826/808 838/853/835 810/825/807
f 788/824/806 841/857/839 809/826/808
f 247/250/244 78/77/77 52/50/50
f 79/78/78 842/858/840 843/859/841
f 79/78/78 844/860/842 106/106/105
f 845/861/843 106/106/105 844/860/842
f 846/862/844 109/109/108 108/108/107
f 81/80/80 847/863/845 269/273/267
f 293/299/293 137/139/136 136/138/135
f 108/108/107 848/864/846 846/862/844
f 191/194/188 850/865/847 218/220/214
f 359/866/848 218/220/214 850/865/847
f 851/867/849 221/223/217 220/222/216
f 193/196/190 852/868/850 310/316/310
f 393/398/390 252/254/248 251/276/270
f 220/222/216 853/869/851 851/867/849
f 271/274/268 854/870/852 280/284/278
f 855/871/853 280/284/278 854/870/852
f 281/285/279 856/872/854 285/290/284
f 428/873/855 285/290/284 856/872/854
f 858/874/856 860/875/856 857/876/856
f 858/874/856 862/877/856 859/878/856
f 863/879/856 859/878/856 862/877/856
f 865/880/856 859/878/856 864/881/856
f 866/882/857 868/883/858 869/884/857
f 867/885/858 871/886/858 868/883/858
f 873/887/859 875/888/859 872/889/859
f 876/890/860 874/891/859 873/887/859
f 879/892/856 881/893/856 878/894/856
f 882/895/856 880/896/856 879/892/856
f 884/897/856 880/896/856 883/898/856
f 885/899/856 881/893/856 880/896/856
f 886/900/856 887/901/856 888/902/856
f 885/899/856 889/903/856 887/901/856
f 890/904/856 887/901/856 889/903/856
f 891/905/856 888/902/856 887/901/856
f 892/906/856 893/907/856 894/908/856
f 891/905/856 895/909/856 893/907/856
f 861/910/856 893/907/856 895/909/856
f 858/874/856 894/908/856 893/907/856
f 162/911/861 897/912/862 163/913/863
f 135/914/864 896/915/865 162/911/861
f 900/916/866 898/917/867 899/918/868
f 901/919/869 896/915/865 900/916/866
f 900/916/866 903/920/870 901/919/869
f 899/918/868 902/921/871 900/916/866
f 906/922/856 904/923/872 905/924/856
f 907/925/856 902/921/871 906/922/856
f 907/925/856 908/926/856 909/927/856
f 906/922/856 910/928/856 908/926/856
f 865/880/856 908/926/856 910/928/856
f 864/881/856 909/927/856 908/926/856
f 911/929/873 913/930/874 914/931/873
f 912/932/874 916/933/875 913/930/874
f 917/934/857 919/935/876 920/936/857
f 918/937/876 914/931/873 919/935/876
f 870/938/858 922/939/858 871/886/858
f 921/940/858 920/936/857 922/939/858
f 924/941/877 926/942/878 923/943/879
f 849/944/880 925/945/880 924/941/877
f 927/946/858 929/947/873 930/948/858
f 928/949/881 926/942/878 929/947/873
f 869/884/857 932/950/858 866/882/857
f 931/951/858 930/948/858 932/950/858
f 934/952/882 936/953/883 933/954/884
f 934/952/882 845/955/885 935/956/886
f 938/957/887 940/958/860 937/959/860
f 933/954/884 939/960/888 938/957/887
f 941/961/860 877/962/860 876/890/860
f 937/959/860 942/963/860 941/961/860
f 944/964/859 946/965/859 943/966/859
f 947/967/860 945/968/859 944/964/859
f 950/969/860 952/970/860 949/971/860
f 943/966/859 951/972/860 950/969/860
f 953/973/860 872/889/859 875/888/859
f 949/971/860 954/974/860 953/973/860
f 956/975/856 958/976/856 955/977/856
f 956/975/856 960/978/856 957/979/856
f 962/980/856 960/978/856 961/981/856
f 963/982/856 957/979/856 962/980/856
f 965/983/889 967/984/890 964/985/891
f 968/986/892 964/987/892 970/988/892
f 969/989/892 965/990/892 964/987/892
f 973/991/893 975/992/893 972/993/893
f 976/994/893 974/995/893 973/991/893
f 977/996/856 979/997/856 980/998/856
f 978/999/856 982/1000/856 979/997/856
f 984/1001/856 982/1000/856 983/1002/856
f 985/1003/856 979/997/856 984/1001/856
f 984/1001/856 987/1004/856 985/1003/856
f 983/1002/856 986/1005/856 984/1001/856
f 990/1006/856 988/1007/856 989/1008/856
f 991/1009/856 986/1005/856 990/1006/856
f 990/1006/856 993/1010/856 991/1009/856
f 989/1008/856 992/1011/856 990/1006/856
f 996/1012/856 994/1013/856 995/1014/856
f 996/1012/856 993/1010/856 992/1011/856
f 997/1015/856 998/1016/856 999/1017/856
f 995/1014/856 998/1016/856 996/1012/856
f 959/1018/856 998/1016/856 1000/1019/856
f 955/977/856 998/1016/856 956/975/856
f 1002/1020/856 1004/1021/856 1001/1022/856
f 1002/1020/856 1006/1023/856 1003/1024/856
f 1007/1025/856 1003/1024/856 1006/1023/856
f 1009/1026/856 1003/1024/856 1008/1027/856
f 1008/1027/856 1011/1028/856 1009/1026/856
f 1008/1027/856 1012/1029/856 1010/1030/856
f 962/980/856 1012/1029/856 963/982/856
f 961/981/856 1010/1030/856 962/980/856
f 947/1031/894 1015/1032/895 1013/1033/896
f 1017/1034/897 1019/1035/898 1016/1036/899
f 1021/1037/900 1023/1038/901 1020/1039/902
f 1025/1040/903 974/1041/904 1024/1042/905
f 1026/1043/906 1028/1044/907 1029/1045/908
f 1031/1046/909 1033/1047/910 1030/1048/911
f 1034/1049/912 1013/1050/892 1017/1051/912
f 1035/1052/892 947/1053/892 1013/1050/892
f 1036/1054/892 1016/1055/892 1021/1056/892
f 1034/1049/912 1016/1055/892 1037/1057/892
f 1038/1058/892 1020/1059/892 1025/1060/892
f 1039/1061/892 1021/1056/892 1020/1059/892
f 971/1062/892 1024/1063/892 965/990/892
f 1040/1064/892 1025/1060/892 1024/1063/892
f 1029/1065/913 1042/1066/914 1032/1067/892
f 1028/1068/913 1041/1069/915 1029/1065/913
f 970/988/892 1044/1070/892 968/986/892
f 1033/1071/892 1042/1066/914 1044/1070/892
f 1045/1072/916 1026/1073/917 1031/1074/918
f 1046/1075/919 1027/1076/920 1026/1073/917
f 1049/1077/921 1050/1078/893 1048/1079/893
f 1045/1072/916 1030/1080/921 1049/1077/921
f 1051/1081/893 966/1082/893 976/994/893
f 1048/1079/893 967/1083/893 1051/1081/893
f 1018/1084/893 1052/1085/922 1053/1086/893
f 1015/1087/922 1054/1088/922 1052/1085/922
f 1019/1089/893 1056/1090/893 1022/1091/893
f 1019/1089/893 1053/1086/893 1055/1092/893
f 1023/1093/893 972/993/893 975/992/893
f 1022/1091/893 1057/1094/893 1023/1093/893
f 1058/1095/856 1060/1096/856 1054/1097/856
f 1058/1095/856 1061/1098/856 1059/1099/856
f 882/895/856 1059/1099/856 1061/1098/856
f 977/1100/856 1059/1099/856 1062/1101/856
f 1063/1102/856 862/877/856 861/910/856
f 1063/1102/856 867/1103/856 1064/1104/856
f 866/1105/856 1064/1104/856 867/1103/856
f 1065/1106/856 862/877/856 1064/1104/856
f 1066/1107/856 860/875/856 865/880/856
f 876/1108/856 1067/1109/856 1066/1107/856
f 872/1110/856 1067/1109/856 873/1111/856
f 1068/1112/856 860/875/856 1067/1109/856
f 911/1113/856 1070/1114/856 912/1115/856
f 1069/1116/856 883/898/856 1070/1114/856
f 886/900/856 1072/1117/856 881/893/856
f 1071/1118/856 945/1119/856 1072/1117/856
f 948/1120/856 1072/1117/856 945/1119/856
f 1073/1121/856 881/893/856 1072/1117/856
f 884/897/856 1074/1122/856 889/903/856
f 1069/1116/856 918/1123/856 1074/1122/856
f 917/1124/856 1074/1122/856 918/1123/856
f 1075/1125/856 889/903/856 1074/1122/856
f 1076/1126/856 888/902/856 892/906/856
f 1076/1126/856 951/1127/856 1077/1128/856
f 946/1129/856 1077/1128/856 951/1127/856
f 1071/1118/856 888/902/856 1077/1128/856
f 890/904/856 1078/1130/856 895/909/856
f 1075/1125/856 921/1131/856 1078/1130/856
f 870/1132/856 1078/1130/856 921/1131/856
f 861/910/856 1078/1130/856 1063/1102/856
f 857/876/856 1079/1133/856 894/908/856
f 1068/1112/856 954/1134/856 1079/1133/856
f 952/1135/856 1079/1133/856 954/1134/856
f 1076/1126/856 894/908/856 1079/1133/856
f 135/914/864 1080/1136/923 898/917/867
f 134/1137/924 934/1138/925 1080/1136/923
f 933/1139/926 1080/1136/923 934/1138/925
f 1081/1140/927 898/917/867 1080/1136/923
f 1082/1141/928 897/912/862 901/919/869
f 926/1142/929 1083/1143/930 1082/1141/928
f 190/1144/931 925/1145/932 191/1146/933
f 163/913/863 1083/1143/930 190/1144/931
f 899/918/868 1084/1147/934 904/923/872
f 1081/1140/927 938/1148/935 1084/1147/934
f 937/1149/856 1084/1147/934 938/1148/935
f 1085/1150/856 904/923/872 1084/1147/934
f 907/925/856 1087/1151/936 903/920/870
f 930/1152/856 1087/1151/936 1086/1153/856
f 1082/1141/928 929/1154/937 926/1142/929
f 901/919/869 1087/1151/936 1082/1141/928
f 905/924/856 1088/1155/856 910/928/856
f 1085/1150/856 941/1156/856 1088/1155/856
f 1066/1107/856 941/1156/856 876/1108/856
f 1066/1107/856 910/928/856 1088/1155/856
f 863/879/856 1089/1157/856 909/927/856
f 1065/1106/856 932/1158/856 1089/1157/856
f 1086/1153/856 932/1158/856 930/1152/856
f 1086/1153/856 909/927/856 1089/1157/856
f 247/1159/938 246/1160/939 1090/1161/940
f 246/1160/939 248/1162/941 1090/1161/940
f 269/1163/942 847/1164/943 1090/1161/940
f 847/1164/943 846/1165/944 1090/1161/940
f 293/1166/945 292/1167/946 1090/1161/940
f 292/1167/946 294/1168/947 1090/1161/940
f 310/1169/948 852/1170/949 1090/1161/940
f 852/1170/949 851/1171/950 1090/1161/940
f 393/1172/951 392/1173/952 1090/1161/940
f 392/1173/952 394/1174/953 1090/1161/940
f 428/1175/954 856/1176/955 1090/1161/940
f 856/1176/955 855/1177/956 1090/1161/940
f 391/1178/957 390/1179/958 1090/1161/940
f 390/1179/958 358/1180/959 1090/1161/940
f 359/1181/960 850/1182/961 1090/1161/940
f 850/1182/961 849/1183/962 1090/1161/940
f 845/1184/963 844/1185/964 1090/1161/940
f 844/1185/964 843/1186/965 1090/1161/940
f 877/1187/966 868/1188/967 874/1189/967
f 871/1190/968 874/1189/967 868/1188/967
f 914/1191/969 944/1192/970 943/1193/971
f 947/1194/894 913/1195/972 916/1196/973
f 920/1197/974 950/1198/975 949/1199/974
f 943/1193/971 919/1200/976 914/1191/969
f 875/1201/968 922/1202/977 953/1203/977
f 949/1199/974 922/1202/977 920/1197/974
f 923/1204/978 935/1205/979 924/1206/980
f 845/1184/963 924/1206/980 935/1205/979
f 927/1207/981 939/1208/982 928/1209/983
f 936/1210/984 928/1209/983 939/1208/982
f 877/1187/966 931/1211/985 869/1212/966
f 940/1213/981 931/1211/985 942/1214/986
f 1092/1215/987 1094/1216/988 1091/1217/989
f 1095/1218/990 1093/1219/991 1092/1215/987
f 1098/1220/992 1096/1221/993 1097/1222/994
f 1099/1223/995 1093/1219/991 1098/1220/992
f 1101/1224/996 1103/1225/997 1100/1226/998
f 1091/1217/989 1102/1227/999 1101/1224/996
f 1104/1228/1000 1094/1216/988 1099/1223/995
f 1105/1229/1001 1102/1227/999 1104/1228/1000
f 1092/1215/987 1107/1230/1002 1095/1218/990
f 1091/1217/989 1106/1231/1003 1092/1215/987
f 1110/1232/1004 1108/1233/1005 1109/1234/1006
f 1111/1235/1007 1106/1231/1003 1110/1232/1004
f 1112/1236/1008 1096/1221/993 1095/1218/990
f 1114/1237/1009 1113/1238/1010 1112/1236/1008
f 1117/1239/1011 1115/1240/1012 1116/1241/1013
f 1097/1222/994 1113/1238/1010 1117/1239/1011
f 1119/1242/1014 1121/1243/1015 1118/1244/1016
f 1100/1226/998 1120/1245/1017 1119/1242/1014
f 1122/1246/1018 1103/1225/997 1105/1229/1001
f 1123/1247/1019 1120/1245/1017 1122/1246/1018
f 1101/1224/996 1108/1233/1005 1091/1217/989
f 1100/1226/998 1124/1248/1020 1101/1224/996
f 1127/1249/1021 1125/1250/1022 1126/1251/1023
f 1109/1234/1006 1124/1248/1020 1127/1249/1021
f 1112/1236/1008 1129/1252/1024 1114/1237/1009
f 1095/1218/990 1128/1253/1025 1112/1236/1008
f 1130/1254/1026 1107/1230/1002 1111/1235/1007
f 1131/1255/1027 1128/1253/1025 1130/1254/1026
f 1132/1256/1028 1115/1240/1012 1114/1237/1009
f 1134/1257/1029 1133/1258/1030 1132/1256/1028
f 1137/1259/1031 1135/1260/1032 1136/1261/1033
f 1116/1241/1013 1133/1258/1030 1137/1259/1031
f 1139/1262/1034 1097/1222/994 1138/1263/1035
f 1140/1264/1036 1098/1220/992 1139/1262/1034
f 1142/1265/1037 1144/1266/1038 1141/1267/1039
f 1118/1244/1016 1143/1268/1040 1142/1265/1037
f 1145/1269/1041 1121/1243/1015 1123/1247/1019
f 1146/1270/1042 1143/1268/1040 1145/1269/1041
f 1119/1242/1014 1125/1250/1022 1100/1226/998
f 1118/1244/1016 1147/1271/1043 1119/1242/1014
f 1150/1272/1044 1148/1273/1045 1149/1274/1046
f 1126/1251/1023 1147/1271/1043 1150/1272/1044
f 1151/1275/1047 1099/1223/995 1140/1264/1036
f 1152/1276/1048 1104/1228/1000 1151/1275/1047
f 1132/1256/1028 1154/1277/1049 1134/1257/1029
f 1114/1237/1009 1153/1278/1050 1132/1256/1028
f 1155/1279/1051 1129/1252/1024 1131/1255/1027
f 1156/1280/1052 1153/1278/1050 1155/1279/1051
f 1158/1281/1053 1109/1234/1006 1157/1282/1054
f 1159/1283/1055 1110/1232/1004 1158/1281/1053
f 1160/1284/1056 1135/1260/1032 1134/1257/1029
f 1162/1285/1057 1161/1286/1058 1160/1284/1056
f 1165/1287/1059 1163/1288/1060 1164/1289/1061
f 1136/1261/1033 1161/1286/1058 1165/1287/1059
f 1167/1290/1062 1116/1241/1013 1166/1291/1063
f 1138/1263/1035 1117/1239/1011 1167/1290/1062
f 1168/1292/1064 1170/1293/1065 1171/1294/1066
f 1141/1267/1039 1170/1295/1065 1169/1296/1067
f 1172/1297/1068 1144/1266/1038 1146/1270/1042
f 1172/1298/1068 1171/1294/1066 1170/1293/1065
f 1142/1265/1037 1148/1273/1045 1118/1244/1016
f 1141/1267/1039 1174/1299/1069 1142/1265/1037
f 1177/1300/1070 1175/1301/1071 1176/1302/1072
f 1149/1274/1046 1174/1299/1069 1177/1300/1070
f 1178/1303/1073 1105/1229/1001 1152/1276/1048
f 1179/1304/1074 1122/1246/1018 1178/1303/1073
f 1181/1305/1075 1126/1251/1023 1180/1306/1076
f 1157/1282/1054 1127/1249/1021 1181/1305/1075
f 1160/1284/1056 1183/1307/1077 1162/1285/1057
f 1134/1257/1029 1182/1308/1078 1160/1284/1056
f 1184/1309/1079 1154/1277/1049 1156/1280/1052
f 1185/1310/1080 1182/1308/1078 1184/1309/1079
f 1186/1311/1081 1111/1235/1007 1159/1283/1055
f 1187/1312/1082 1130/1254/1026 1186/1311/1081
f 1188/1313/1083 1163/1288/1060 1162/1285/1057
f 1190/1314/1084 1189/1315/1085 1188/1313/1083
f 1193/1316/1086 1191/1317/1087 1192/1318/1088
f 1164/1289/1061 1189/1315/1085 1193/1316/1086
f 1195/1319/1089 1136/1261/1033 1194/1320/1090
f 1166/1291/1063 1137/1259/1031 1195/1319/1089
f 1196/1321/1091 1198/1322/1092 1199/1323/1093
f 1197/1324/1094 1171/1294/1066 1198/1322/1092
f 1173/1325/1095 1198/1322/1092 1171/1294/1066
f 1200/1326/1096 1199/1323/1093 1198/1322/1092
f 1169/1296/1067 1175/1301/1071 1141/1267/1039
f 1169/1327/1067 1203/1328/1097 1202/1329/1098
f 1204/1330/1099 1202/1329/1098 1203/1328/1097
f 1205/1331/1100 1175/1301/1071 1202/1332/1098
f 1206/1333/1101 1123/1247/1019 1179/1304/1074
f 1207/1334/1102 1145/1269/1041 1206/1333/1101
f 1208/1335/1103 1149/1274/1046 1043/1336/1104
f 1180/1306/1076 1150/1272/1044 1208/1335/1103
f 1188/1313/1083 1210/1337/1105 1190/1314/1084
f 1162/1285/1057 1209/1338/1106 1188/1313/1083
f 1211/1339/1107 1183/1307/1077 1185/1310/1080
f 1212/1340/1108 1209/1338/1106 1211/1339/1107
f 1213/1341/1109 1131/1255/1027 1187/1312/1082
f 1214/1342/1110 1155/1279/1051 1213/1341/1109
f 1215/1343/1111 1191/1317/1087 1190/1314/1084
f 1217/1344/1112 1216/1345/1113 1215/1343/1111
f 1220/1346/1114 1218/1347/1115 1219/1348/1116
f 1192/1318/1088 1216/1345/1113 1220/1346/1114
f 1222/1349/1117 1164/1289/1061 1221/1350/1118
f 1194/1320/1090 1165/1287/1059 1222/1349/1117
f 1223/1351/1119 1225/1352/1120 1226/1353/1121
f 1224/1354/1122 1199/1323/1093 1225/1352/1120
f 1201/1355/1123 1225/1352/1120 1199/1323/1093
f 1227/1356/1124 1226/1353/1121 1225/1352/1120
f 1168/1292/1064 1229/1357/1125 1203/1328/1097
f 1197/1324/1094 1230/1358/1126 1229/1357/1125
f 1231/1359/1127 1229/1357/1125 1230/1358/1126
f 1232/1360/1128 1203/1328/1097 1229/1357/1125
f 1233/1361/1129 1146/1270/1042 1207/1334/1102
f 1233/1362/1129 1173/1325/1095 1172/1298/1068
f 1235/1363/1130 1176/1302/1072 1001/1364/1131
f 1043/1336/1104 1177/1300/1070 1235/1363/1130
f 1215/1343/1111 1237/1365/1132 1217/1344/1112
f 1190/1314/1084 1236/1366/1133 1215/1343/1111
f 1238/1367/1134 1210/1337/1105 1212/1340/1108
f 1239/1368/1135 1236/1366/1133 1238/1367/1134
f 1240/1369/1136 1156/1280/1052 1214/1342/1110
f 1241/1370/1137 1184/1309/1079 1240/1369/1136
f 1242/1371/1138 1218/1347/1115 1217/1344/1112
f 1242/1371/1138 1245/1372/1139 1243/1373/1140
f 1246/1374/1141 1243/1373/1140 1245/1372/1139
f 1219/1348/1116 1243/1373/1140 1247/1375/1142
f 1249/1376/1143 1192/1318/1088 1248/1377/1144
f 1221/1350/1118 1193/1316/1086 1249/1376/1143
f 1250/1378/1145 1252/1379/1146 1253/1380/1147
f 1251/1381/1148 1226/1353/1121 1252/1379/1146
f 1228/1382/1149 1252/1379/1146 1226/1353/1121
f 1254/1383/1150 1253/1380/1147 1252/1379/1146
f 1196/1321/1091 1256/1384/1151 1230/1358/1126
f 1224/1354/1122 1257/1385/1152 1256/1384/1151
f 1258/1386/1153 1256/1384/1151 1257/1385/1152
f 1259/1387/1154 1230/1358/1126 1256/1384/1151
f 1234/1388/1155 1200/1326/1096 1173/1325/1095
f 1260/1389/1156 1201/1355/1123 1200/1326/1096
f 1005/1390/1157 1205/1391/1100 1204/1330/1099
f 1002/1392/1158 1176/1302/1072 1205/1331/1100
f 1244/1393/1159 1262/1394/1160 1263/1395/1161
f 1217/1344/1112 1262/1394/1160 1242/1371/1138
f 1264/1396/1162 1237/1365/1132 1239/1368/1135
f 1265/1397/1163 1262/1394/1160 1264/1396/1162
f 1266/1398/1164 1185/1310/1080 1241/1370/1137
f 1267/1399/1165 1211/1339/1107 1266/1398/1164
f 1244/1393/1159 1269/1400/1166 1245/1372/1139
f 1268/1401/1167 1271/1402/1168 1269/1400/1166
f 1272/1403/1169 1269/1400/1166 1271/1402/1168
f 1273/1404/1170 1245/1372/1139 1269/1400/1166
f 1275/1405/1171 1219/1348/1116 1274/1406/1172
f 1248/1377/1144 1220/1346/1114 1275/1405/1171
f 1276/1407/1173 1278/1408/1174 1279/1409/1175
f 1277/1410/1176 1253/1380/1147 1278/1408/1174
f 1255/1411/1177 1278/1408/1174 1253/1380/1147
f 1280/1412/1178 1279/1409/1175 1278/1408/1174
f 1223/1351/1119 1282/1413/1179 1257/1385/1152
f 1251/1381/1148 1283/1414/1180 1282/1413/1179
f 1284/1415/1181 1282/1413/1179 1283/1414/1180
f 1285/1416/1182 1257/1385/1152 1282/1413/1179
f 1261/1417/1183 1227/1356/1124 1201/1355/1123
f 1286/1418/1184 1228/1382/1149 1227/1356/1124
f 1047/1419/1185 1232/1360/1128 1231/1359/1127
f 1288/1420/1186 1204/1330/1099 1232/1360/1128
f 1270/1421/1187 1289/1422/1188 1290/1423/1189
f 1268/1401/1167 1263/1395/1161 1289/1422/1188
f 1265/1397/1163 1289/1422/1188 1263/1395/1161
f 1291/1424/1190 1290/1423/1189 1289/1422/1188
f 1293/1425/1191 1212/1340/1108 1267/1399/1165
f 1294/1426/1192 1238/1367/1134 1293/1425/1191
f 1270/1421/1187 1296/1427/1193 1271/1402/1168
f 1295/1428/1194 1298/1429/1195 1296/1427/1193
f 1299/1430/1196 1296/1427/1193 1298/1429/1195
f 1300/1431/1197 1271/1402/1168 1296/1427/1193
f 1301/1432/1198 1247/1375/1142 1246/1374/1141
f 1274/1406/1172 1247/1375/1142 1302/1433/1199
f 1303/1434/1200 1305/1435/1201 1306/1436/1202
f 1304/1437/1203 1279/1409/1175 1305/1435/1201
f 1281/1438/1204 1305/1435/1201 1279/1409/1175
f 1307/1439/1205 1306/1436/1202 1305/1435/1201
f 1250/1378/1145 1309/1440/1206 1283/1414/1180
f 1277/1410/1176 1310/1441/1207 1309/1440/1206
f 1311/1442/1208 1309/1440/1206 1310/1441/1207
f 1312/1443/1209 1283/1414/1180 1309/1440/1206
f 1287/1444/1210 1254/1383/1150 1228/1382/1149
f 1313/1445/1211 1255/1411/1177 1254/1383/1150
f 1315/1446/1212 1259/1387/1154 1258/1386/1153
f 1316/1447/1213 1231/1359/1127 1259/1387/1154
f 1297/1448/1214 1317/1449/1215 1318/1450/1216
f 1295/1428/1194 1290/1423/1189 1317/1449/1215
f 1292/1451/1217 1317/1449/1215 1290/1423/1189
f 1319/1452/1218 1318/1450/1216 1317/1449/1215
f 1321/1453/1219 1239/1368/1135 1294/1426/1192
f 1322/1454/1220 1264/1396/1162 1321/1453/1219
f 1297/1448/1214 1324/1455/1221 1298/1429/1195
f 1323/1456/1222 1326/1457/1223 1324/1455/1221
f 1327/1458/1224 1324/1455/1221 1326/1457/1223
f 1328/1459/1225 1298/1429/1195 1324/1455/1221
f 1329/1460/1226 1273/1404/1170 1272/1403/1169
f 1330/1461/1227 1246/1374/1141 1273/1404/1170
f 1325/1462/1228 1332/1463/1229 1326/1457/1223
f 1331/1464/1230 1306/1436/1202 1332/1463/1229
f 1308/1465/1231 1332/1463/1229 1306/1436/1202
f 1333/1466/1232 1326/1457/1223 1332/1463/1229
f 1276/1407/1173 1334/1467/1233 1310/1441/1207
f 1304/1437/1203 1335/1468/1234 1334/1467/1233
f 1336/1469/1235 1334/1467/1233 1335/1468/1234
f 1337/1470/1236 1310/1441/1207 1334/1467/1233
f 1314/1471/1237 1280/1412/1178 1255/1411/1177
f 1338/1472/1238 1281/1438/1204 1280/1412/1178
f 1340/1473/1239 1285/1416/1182 1284/1415/1181
f 1341/1474/1240 1258/1386/1153 1285/1416/1182
f 1325/1462/1228 1342/1475/1241 1343/1476/1242
f 1323/1456/1222 1318/1450/1216 1342/1475/1241
f 1320/1477/1243 1342/1475/1241 1318/1450/1216
f 1344/1478/1244 1343/1476/1242 1342/1475/1241
f 1346/1479/1245 1265/1397/1163 1322/1454/1220
f 1346/1479/1245 1292/1451/1217 1291/1424/1190
f 1348/1480/1246 1300/1431/1197 1299/1430/1196
f 1349/1481/1247 1272/1403/1169 1300/1431/1197
f 1303/1434/1200 1350/1482/1248 1335/1468/1234
f 1331/1464/1230 1343/1476/1242 1350/1482/1248
f 1345/1483/1249 1350/1482/1248 1343/1476/1242
f 1351/1484/1250 1335/1468/1234 1350/1482/1248
f 1339/1485/1251 1307/1439/1205 1281/1438/1204
f 1352/1486/1252 1308/1465/1231 1307/1439/1205
f 1354/1487/1253 1312/1443/1209 1311/1442/1208
f 1355/1488/1254 1284/1415/1181 1312/1443/1209
f 1347/1489/1255 1319/1452/1218 1292/1451/1217
f 1356/1490/1256 1320/1477/1243 1319/1452/1218
f 1358/1491/1257 1328/1459/1225 1327/1458/1224
f 1359/1492/1258 1299/1430/1196 1328/1459/1225
f 1353/1493/1259 1333/1466/1232 1308/1465/1231
f 1360/1494/1260 1327/1458/1224 1333/1466/1232
f 1361/1495/1261 1337/1470/1236 1336/1469/1235
f 1362/1496/1262 1311/1442/1208 1337/1470/1236
f 1357/1497/1263 1344/1478/1244 1320/1477/1243
f 1363/1498/1264 1345/1483/1249 1344/1478/1244
f 1364/1499/1265 1351/1484/1250 1345/1483/1249
f 1365/1500/1266 1336/1469/1235 1351/1484/1250
f 1366/1501/1267 1368/1502/1268 1369/1503/1269
f 1367/1504/1270 1139/1262/1034 1368/1502/1268
f 1138/1263/1035 1368/1502/1268 1139/1262/1034
f 1370/1505/1271 1369/1503/1269 1368/1502/1268
f 1140/1264/1036 1372/1506/1272 1151/1275/1047
f 1367/1504/1270 1373/1507/1273 1372/1506/1272
f 1374/1508/1274 1372/1506/1272 1373/1507/1273
f 1375/1509/1275 1151/1275/1047 1372/1506/1272
f 1371/1510/1276 1376/1511/1277 1377/1512/1278
f 1370/1505/1271 1167/1290/1062 1376/1511/1277
f 1166/1291/1063 1376/1511/1277 1167/1290/1062
f 1378/1513/1279 1377/1512/1278 1376/1511/1277
f 1380/1514/1280 1382/1515/1281 1383/1516/1282
f 1381/1517/1283 1369/1503/1269 1382/1515/1281
f 1371/1510/1276 1382/1515/1281 1369/1503/1269
f 1384/1518/1284 1383/1516/1282 1382/1515/1281
f 1152/1276/1048 1386/1519/1285 1178/1303/1073
f 1375/1509/1275 1387/1520/1286 1386/1519/1285
f 1388/1521/1287 1386/1519/1285 1387/1520/1286
f 1389/1522/1288 1178/1303/1073 1386/1519/1285
f 1366/1501/1267 1390/1523/1289 1373/1507/1273
f 1381/1517/1283 1391/1524/1290 1390/1523/1289
f 1392/1525/1291 1390/1523/1289 1391/1524/1290
f 1393/1526/1292 1373/1507/1273 1390/1523/1289
f 1194/1320/1090 1395/1527/1293 1195/1319/1089
f 1394/1528/1294 1397/1529/1295 1395/1527/1293
f 1379/1530/1296 1395/1527/1293 1397/1529/1295
f 1378/1513/1279 1195/1319/1089 1395/1527/1293
f 1385/1531/1297 1398/1532/1298 1399/1533/1299
f 1384/1518/1284 1377/1512/1278 1398/1532/1298
f 1379/1530/1296 1398/1532/1298 1377/1512/1278
f 1400/1534/1300 1399/1533/1299 1398/1532/1298
f 1383/1516/1282 1403/1535/1301 1380/1514/1280
f 1385/1531/1297 1402/1536/1302 1383/1516/1282
f 1406/1537/1303 1404/1538/1304 1405/1539/1305
f 1407/1540/1306 1402/1536/1302 1406/1537/1303
f 1408/1541/1307 1410/1542/1308 1411/1543/1309
f 1409/1544/1310 1206/1333/1101 1410/1542/1308
f 1179/1304/1074 1410/1542/1308 1206/1333/1101
f 1389/1522/1288 1411/1543/1309 1410/1542/1308
f 1374/1508/1274 1412/1545/1311 1387/1520/1286
f 1393/1526/1292 1413/1546/1312 1412/1545/1311
f 1414/1547/1313 1412/1545/1311 1413/1546/1312
f 1415/1548/1314 1387/1520/1286 1412/1545/1311
f 1380/1514/1280 1416/1549/1315 1391/1524/1290
f 1403/1535/1301 1417/1550/1316 1416/1549/1315
f 1418/1551/1317 1416/1549/1315 1417/1550/1316
f 1419/1552/1318 1391/1524/1290 1416/1549/1315
f 1221/1350/1118 1421/1553/1319 1222/1349/1117
f 1420/1554/1320 1423/1555/1321 1421/1553/1319
f 1396/1556/1322 1421/1553/1319 1423/1555/1321
f 1394/1528/1294 1222/1349/1117 1421/1553/1319
f 1396/1556/1322 1425/1557/1323 1397/1529/1295
f 1424/1558/1324 1427/1559/1325 1425/1557/1323
f 1401/1560/1326 1425/1557/1323 1427/1559/1325
f 1400/1534/1300 1397/1529/1295 1425/1557/1323
f 1399/1533/1299 1404/1538/1304 1385/1531/1297
f 1401/1560/1326 1428/1561/1327 1399/1533/1299
f 1431/1562/1328 1429/1563/1329 1430/1564/1330
f 1405/1539/1305 1428/1561/1327 1431/1562/1328
f 1433/1565/1331 1435/1566/1332 1432/1567/1333
f 1234/1388/1155 1434/1568/1334 1433/1565/1331
f 1207/1334/1102 1434/1569/1334 1233/1361/1129
f 1409/1544/1310 1435/1570/1332 1434/1569/1334
f 1436/1571/1335 1438/1572/1336 1439/1573/1337
f 1437/1574/1338 1411/1543/1309 1438/1572/1336
f 1388/1521/1287 1438/1572/1336 1411/1543/1309
f 1415/1548/1314 1439/1573/1337 1438/1572/1336
f 1392/1525/1291 1440/1575/1339 1413/1546/1312
f 1419/1552/1318 1441/1576/1340 1440/1575/1339
f 1442/1577/1341 1440/1575/1339 1441/1576/1340
f 1443/1578/1342 1413/1546/1312 1440/1575/1339
f 1422/1579/1343 1444/1580/1344 1445/1581/1345
f 1420/1554/1320 1249/1376/1143 1444/1580/1344
f 1248/1377/1144 1444/1580/1344 1249/1376/1143
f 1446/1582/1346 1445/1581/1345 1444/1580/1344
f 1422/1579/1343 1449/1583/1347 1423/1555/1321
f 1448/1584/1348 1451/1585/1349 1449/1583/1347
f 1426/1586/1350 1449/1583/1347 1451/1585/1349
f 1424/1558/1324 1423/1555/1321 1449/1583/1347
f 1426/1586/1350 1453/1587/1351 1427/1559/1325
f 1452/1588/1352 1455/1589/1353 1453/1587/1351
f 1430/1564/1330 1453/1587/1351 1455/1589/1353
f 1429/1563/1329 1427/1559/1325 1453/1587/1351
f 1406/1537/1303 1457/1590/1354 1407/1540/1306
f 1405/1539/1305 1456/1591/1355 1406/1537/1303
f 1460/1592/1356 1458/1593/1357 1459/1594/1358
f 1461/1595/1359 1456/1591/1355 1460/1592/1356
f 1433/1565/1331 1260/1389/1156 1234/1388/1155
f 1432/1567/1333 1462/1596/1360 1433/1565/1331
f 1465/1597/1361 1463/1598/1362 1464/1599/1363
f 1261/1417/1183 1462/1596/1360 1465/1597/1361
f 1466/1600/1364 1468/1601/1365 1469/1602/1366
f 1432/1567/1333 1468/1601/1365 1467/1603/1367
f 1408/1541/1307 1468/1604/1365 1435/1570/1332
f 1437/1574/1338 1469/1605/1366 1468/1604/1365
f 1439/1573/1337 1471/1606/1368 1436/1571/1335
f 1414/1547/1313 1470/1607/1369 1439/1573/1337
f 1472/1608/1370 1443/1578/1342 1442/1577/1341
f 1473/1609/1371 1470/1607/1369 1472/1608/1370
f 1417/1550/1316 1475/1610/1372 1418/1551/1317
f 1407/1540/1306 1474/1611/1373 1417/1550/1316
f 1476/1612/1374 1457/1590/1354 1461/1595/1359
f 1477/1613/1375 1474/1611/1373 1476/1612/1374
f 1447/1614/1376 1478/1615/1377 1479/1616/1378
f 1446/1582/1346 1275/1405/1171 1478/1615/1377
f 1274/1406/1172 1478/1615/1377 1275/1405/1171
f 1480/1617/1379 1479/1616/1378 1478/1615/1377
f 1450/1618/1380 1482/1619/1381 1483/1620/1382
f 1448/1584/1348 1445/1581/1345 1482/1619/1381
f 1447/1614/1376 1482/1619/1381 1445/1581/1345
f 1484/1621/1383 1483/1620/1382 1482/1619/1381
f 1450/1618/1380 1487/1622/1384 1451/1585/1349
f 1486/1623/1385 1489/1624/1386 1487/1622/1384
f 1454/1625/1387 1487/1622/1384 1489/1624/1386
f 1452/1588/1352 1451/1585/1349 1487/1622/1384
f 1431/1562/1328 1458/1593/1357 1405/1539/1305
f 1430/1564/1330 1490/1626/1388 1431/1562/1328
f 1493/1627/1389 1491/1628/1390 1492/1629/1391
f 1459/1594/1358 1490/1626/1388 1493/1627/1389
f 1465/1597/1361 1286/1418/1184 1261/1417/1183
f 1464/1599/1363 1494/1630/1392 1465/1597/1361
f 1497/1631/1393 1495/1632/1394 1496/1633/1395
f 1287/1444/1210 1494/1630/1392 1497/1631/1393
f 1467/1603/1367 1463/1598/1362 1432/1567/1333
f 1466/1600/1364 1498/1634/1396 1467/1603/1367
f 1501/1635/1397 1499/1636/1398 1500/1637/1399
f 1464/1599/1363 1498/1634/1396 1501/1635/1397
f 1469/1602/1366 1503/1638/1400 1466/1600/1364
f 1436/1571/1335 1502/1639/1401 1469/1605/1366
f 1504/1640/1402 1471/1606/1368 1473/1609/1371
f 1505/1641/1403 1502/1642/1401 1504/1643/1402
f 1441/1576/1340 1507/1644/1404 1442/1577/1341
f 1418/1551/1317 1506/1645/1405 1441/1576/1340
f 1508/1646/1406 1475/1610/1372 1477/1613/1375
f 1509/1647/1407 1506/1645/1405 1508/1646/1406
f 1510/1648/1408 1302/1433/1199 1301/1432/1198
f 1512/1649/1409 1511/1650/1410 1510/1648/1408
f 1481/1651/1411 1511/1650/1410 1513/1652/1412
f 1480/1617/1379 1302/1433/1199 1511/1650/1410
f 1485/1653/1413 1514/1654/1414 1515/1655/1415
f 1484/1621/1383 1479/1616/1378 1514/1654/1414
f 1481/1651/1411 1514/1654/1414 1479/1616/1378
f 1516/1656/1416 1515/1655/1415 1514/1654/1414
f 1483/1620/1382 1486/1623/1385 1450/1618/1380
f 1485/1653/1413 1518/1657/1417 1483/1620/1382
f 1521/1658/1418 1519/1659/1419 1520/1660/1420
f 1488/1661/1421 1518/1657/1417 1521/1658/1418
f 1455/1589/1353 1491/1628/1390 1430/1564/1330
f 1454/1625/1387 1522/1662/1422 1455/1589/1353
f 1525/1663/1423 1523/1664/1424 1524/1665/1425
f 1492/1629/1391 1522/1662/1422 1525/1663/1423
f 1527/1666/1426 1529/1667/1427 1526/1668/1428
f 1530/1669/1429 1528/1670/1430 1527/1666/1426
f 1460/1592/1356 1531/1671/1431 1461/1595/1359
f 1459/1594/1358 1528/1670/1430 1460/1592/1356
f 1533/1672/1432 1535/1673/1433 1532/1674/1434
f 1314/1471/1237 1534/1675/1435 1533/1672/1432
f 1497/1631/1393 1313/1445/1211 1287/1444/1210
f 1496/1633/1395 1534/1675/1435 1497/1631/1393
f 1501/1635/1397 1495/1632/1394 1464/1599/1363
f 1500/1637/1399 1536/1676/1436 1501/1635/1397
f 1539/1677/1437 1537/1678/1438 1538/1679/1439
f 1496/1633/1395 1536/1676/1436 1539/1677/1437
f 1503/1638/1400 1499/1636/1398 1466/1600/1364
f 1505/1641/1403 1540/1680/1440 1503/1638/1400
f 1543/1681/1441 1541/1682/1442 1542/1683/1443
f 1500/1637/1399 1540/1680/1440 1543/1681/1441
f 1472/1608/1370 1545/1684/1444 1473/1609/1371
f 1442/1577/1341 1544/1685/1445 1472/1608/1370
f 1546/1686/1446 1507/1644/1404 1509/1647/1407
f 1547/1687/1447 1544/1685/1445 1546/1686/1446
f 1548/1688/1448 1531/1671/1431 1530/1669/1429
f 1550/1689/1449 1549/1690/1450 1548/1688/1448
f 1476/1612/1374 1551/1691/1451 1477/1613/1375
f 1461/1595/1359 1549/1690/1450 1476/1612/1374
f 1552/1692/1452 1330/1461/1227 1329/1460/1226
f 1554/1693/1453 1553/1694/1454 1552/1692/1452
f 1510/1648/1408 1555/1695/1455 1512/1649/1409
f 1301/1432/1198 1553/1694/1454 1510/1648/1408
f 1556/1696/1456 1513/1652/1412 1512/1649/1409
f 1558/1697/1457 1557/1698/1458 1556/1696/1456
f 1517/1699/1459 1557/1698/1458 1559/1700/1460
f 1516/1656/1416 1513/1652/1412 1557/1698/1458
f 1515/1655/1415 1519/1659/1419 1485/1653/1413
f 1517/1699/1459 1560/1701/1461 1515/1655/1415
f 1563/1702/1462 1561/1703/1463 1562/1704/1464
f 1520/1660/1420 1560/1701/1461 1563/1702/1462
f 1489/1624/1386 1523/1664/1424 1454/1625/1387
f 1488/1661/1421 1564/1705/1465 1489/1624/1386
f 1567/1706/1466 1565/1707/1467 1566/1708/1468
f 1524/1665/1425 1564/1705/1465 1567/1706/1466
f 1569/1709/1469 1571/1710/1470 1568/1711/1471
f 1526/1668/1428 1570/1712/1472 1569/1709/1469
f 1493/1627/1389 1529/1667/1427 1459/1594/1358
f 1492/1629/1391 1570/1712/1472 1493/1627/1389
f 1573/1713/1473 1575/1714/1474 1572/1715/1475
f 1339/1485/1251 1574/1716/1476 1573/1713/1473
f 1533/1672/1432 1338/1472/1238 1314/1471/1237
f 1532/1674/1434 1574/1716/1476 1533/1672/1432
f 1577/1717/1477 1579/1718/1478 1576/1719/1479
f 1532/1674/1434 1578/1720/1480 1577/1717/1477
f 1539/1677/1437 1535/1673/1433 1496/1633/1395
f 1538/1679/1439 1578/1720/1480 1539/1677/1437
f 1543/1681/1441 1537/1678/1438 1500/1637/1399
f 1542/1683/1443 1580/1721/1481 1543/1681/1441
f 1583/1722/1482 1581/1723/1483 1582/1724/1484
f 1538/1679/1439 1580/1721/1481 1583/1722/1482
f 1504/1643/1402 1585/1725/1485 1505/1641/1403
f 1473/1609/1371 1584/1726/1486 1504/1640/1402
f 1586/1727/1487 1545/1684/1444 1547/1687/1447
f 1587/1728/1488 1584/1729/1486 1586/1730/1487
f 1588/1731/1489 1551/1691/1451 1550/1689/1449
f 1590/1732/1490 1589/1733/1491 1588/1731/1489
f 1508/1646/1406 1591/1734/1492 1509/1647/1407
f 1477/1613/1375 1589/1733/1491 1508/1646/1406
f 1552/1692/1452 1593/1735/1493 1554/1693/1453
f 1329/1460/1226 1592/1736/1494 1552/1692/1452
f 1594/1737/1495 1349/1481/1247 1348/1480/1246
f 1595/1738/1496 1592/1736/1494 1594/1737/1495
f 1596/1739/1497 1555/1695/1455 1554/1693/1453
f 1598/1740/1498 1597/1741/1499 1596/1739/1497
f 1556/1696/1456 1599/1742/1500 1558/1697/1457
f 1512/1649/1409 1597/1741/1499 1556/1696/1456
f 1558/1697/1457 1601/1743/1501 1559/1700/1460
f 1600/1744/1502 1603/1745/1503 1601/1743/1501
f 1562/1704/1464 1601/1743/1501 1603/1745/1503
f 1561/1703/1463 1559/1700/1460 1601/1743/1501
f 1521/1658/1418 1565/1707/1467 1488/1661/1421
f 1520/1660/1420 1604/1746/1504 1521/1658/1418
f 1607/1747/1505 1605/1748/1506 1606/1749/1507
f 1566/1708/1468 1604/1746/1504 1607/1747/1505
f 1609/1750/1508 1611/1751/1509 1608/1752/1510
f 1568/1711/1471 1610/1753/1511 1609/1750/1508
f 1525/1663/1423 1571/1710/1470 1492/1629/1391
f 1524/1665/1425 1610/1753/1511 1525/1663/1423
f 1527/1666/1426 1613/1754/1512 1530/1669/1429
f 1526/1668/1428 1612/1755/1513 1527/1666/1426
f 1616/1756/1514 1614/1757/1515 1615/1758/1516
f 1617/1759/1517 1612/1755/1513 1616/1756/1514
f 1573/1713/1473 1352/1486/1252 1339/1485/1251
f 1572/1715/1475 1618/1760/1518 1573/1713/1473
f 1621/1761/1519 1619/1762/1520 1620/1763/1521
f 1353/1493/1259 1618/1760/1518 1621/1761/1519
f 1623/1764/1522 1625/1765/1523 1622/1766/1524
f 1572/1715/1475 1624/1767/1525 1623/1764/1522
f 1577/1717/1477 1575/1714/1474 1532/1674/1434
f 1576/1719/1479 1624/1767/1525 1577/1717/1477
f 1576/1719/1479 1626/1768/1526 1627/1769/1527
f 1579/1718/1478 1583/1722/1482 1626/1768/1526
f 1582/1724/1484 1626/1768/1526 1583/1722/1482
f 1628/1770/1528 1627/1769/1527 1626/1768/1526
f 1542/1683/1443 1630/1771/1529 1631/1772/1530
f 1541/1682/1442 1585/1725/1485 1630/1771/1529
f 1587/1728/1488 1630/1771/1529 1585/1725/1485
f 1632/1773/1531 1631/1772/1530 1630/1771/1529
f 1634/1774/1532 1591/1734/1492 1590/1732/1490
f 1636/1775/1533 1635/1776/1534 1634/1774/1532
f 1546/1686/1446 1637/1777/1535 1547/1687/1447
f 1509/1647/1407 1635/1776/1534 1546/1686/1446
f 1548/1688/1448 1639/1778/1536 1550/1689/1449
f 1530/1669/1429 1638/1779/1537 1548/1688/1448
f 1617/1759/1517 1638/1779/1537 1613/1754/1512
f 1641/1780/1538 1638/1779/1537 1640/1781/1539
f 1594/1737/1495 1643/1782/1540 1595/1738/1496
f 1348/1480/1246 1642/1783/1541 1594/1737/1495
f 1644/1784/1542 1359/1492/1258 1358/1491/1257
f 1645/1785/1543 1642/1783/1541 1644/1784/1542
f 1596/1739/1497 1647/1786/1544 1598/1740/1498
f 1554/1693/1453 1646/1787/1545 1596/1739/1497
f 1648/1788/1546 1593/1735/1493 1595/1738/1496
f 1649/1789/1547 1646/1787/1545 1648/1788/1546
f 1650/1790/1548 1599/1742/1500 1598/1740/1498
f 1652/1791/1549 1651/1792/1550 1650/1790/1548
f 1600/1744/1502 1653/1793/1551 1602/1794/1552
f 1558/1697/1457 1651/1792/1550 1600/1744/1502
f 1563/1702/1462 1605/1748/1506 1520/1660/1420
f 1562/1704/1464 1654/1795/1553 1563/1702/1462
f 1657/1796/1554 1655/1797/1555 1656/1798/1556
f 1606/1749/1507 1654/1795/1553 1657/1796/1554
f 1659/1799/1557 1661/1800/1558 1658/1801/1559
f 1608/1752/1510 1660/1802/1560 1659/1799/1557
f 1567/1706/1466 1611/1751/1509 1524/1665/1425
f 1566/1708/1468 1660/1802/1560 1567/1706/1466
f 1569/1709/1469 1614/1757/1515 1526/1668/1428
f 1569/1709/1469 1663/1803/1561 1662/1804/1562
f 1664/1805/1563 1662/1804/1562 1663/1803/1561
f 1665/1806/1564 1614/1757/1515 1662/1804/1562
f 1621/1761/1519 1360/1494/1260 1353/1493/1259
f 1620/1763/1521 1666/1807/1565 1621/1761/1519
f 1644/1784/1542 1667/1808/1566 1645/1785/1543
f 1358/1491/1257 1666/1807/1565 1644/1784/1542
f 1623/1764/1522 1619/1762/1520 1572/1715/1475
f 1622/1766/1524 1668/1809/1567 1623/1764/1522
f 1671/1810/1568 1669/1811/1569 1670/1812/1570
f 1620/1763/1521 1668/1809/1567 1671/1810/1568
f 1622/1766/1524 1672/1813/1571 1673/1814/1572
f 1625/1765/1523 1627/1769/1527 1672/1813/1571
f 1629/1815/1573 1672/1813/1571 1627/1769/1527
f 1674/1816/1574 1673/1814/1572 1672/1813/1571
f 1582/1724/1484 1676/1817/1575 1677/1818/1576
f 1581/1723/1483 1631/1772/1530 1676/1817/1575
f 1633/1819/1577 1676/1817/1575 1631/1772/1530
f 1678/1820/1578 1677/1818/1576 1676/1817/1575
f 1680/1821/1579 1637/1777/1535 1636/1775/1533
f 1682/1822/1580 1681/1823/1581 1680/1824/1579
f 1586/1730/1487 1683/1825/1582 1587/1728/1488
f 1547/1687/1447 1681/1826/1581 1586/1727/1487
f 1588/1731/1489 1685/1827/1583 1590/1732/1490
f 1550/1689/1449 1684/1828/1584 1588/1731/1489
f 1686/1829/1585 1639/1778/1536 1641/1780/1538
f 1687/1830/1586 1684/1828/1584 1686/1829/1585
f 1648/1788/1546 1689/1831/1587 1649/1789/1547
f 1595/1738/1496 1688/1832/1588 1648/1788/1546
f 1690/1833/1589 1643/1782/1540 1645/1785/1543
f 1691/1834/1590 1688/1832/1588 1690/1833/1589
f 1598/1740/1498 1692/1835/1591 1650/1790/1548
f 1647/1786/1544 1693/1836/1592 1692/1835/1591
f 1694/1837/1593 1692/1835/1591 1693/1836/1592
f 1695/1838/1594 1650/1790/1548 1692/1835/1591
f 1603/1745/1503 1655/1797/1555 1562/1704/1464
f 1602/1794/1552 1696/1839/1595 1603/1745/1503
f 1699/1840/1596 1697/1841/1597 1698/1842/1598
f 1656/1798/1556 1696/1839/1595 1699/1840/1596
f 1701/1843/1599 1703/1844/1600 1700/1845/1601
f 1658/1801/1559 1702/1846/1602 1701/1843/1599
f 1607/1747/1505 1661/1800/1558 1566/1708/1468
f 1606/1749/1507 1702/1846/1602 1607/1747/1505
f 1568/1711/1471 1704/1847/1603 1663/1803/1561
f 1609/1750/1508 1705/1848/1604 1704/1847/1603
f 1706/1849/1605 1704/1847/1603 1705/1848/1604
f 1707/1850/1606 1663/1803/1561 1704/1847/1603
f 1671/1810/1568 1667/1808/1566 1620/1763/1521
f 1670/1812/1570 1708/1851/1607 1671/1810/1568
f 1690/1833/1589 1709/1852/1608 1691/1834/1590
f 1645/1785/1543 1708/1851/1607 1690/1833/1589
f 1673/1814/1572 1669/1811/1569 1622/1766/1524
f 1675/1853/1609 1710/1854/1610 1673/1814/1572
f 1713/1855/1611 1711/1856/1612 1712/1857/1613
f 1670/1812/1570 1710/1854/1610 1713/1855/1611
f 1629/1815/1573 1714/1858/1614 1715/1859/1615
f 1628/1770/1528 1677/1818/1576 1714/1858/1614
f 1679/1860/1616 1714/1858/1614 1677/1818/1576
f 1716/1861/1617 1715/1859/1615 1714/1858/1614
f 1718/1862/1618 1683/1825/1582 1682/1822/1580
f 1718/1862/1618 1721/1863/1619 1719/1864/1620
f 1633/1819/1577 1719/1864/1620 1721/1863/1619
f 1632/1773/1531 1683/1825/1582 1719/1864/1620
f 1634/1774/1532 1723/1865/1621 1636/1775/1533
f 1590/1732/1490 1722/1866/1622 1634/1774/1532
f 1724/1867/1623 1685/1827/1583 1687/1830/1586
f 1725/1868/1624 1722/1866/1622 1724/1867/1623
f 1649/1789/1547 1726/1869/1625 1693/1836/1592
f 1689/1831/1587 1727/1870/1626 1726/1869/1625
f 1728/1871/1627 1726/1869/1625 1727/1870/1626
f 1729/1872/1628 1693/1836/1592 1726/1869/1625
f 1602/1794/1552 1730/1873/1629 1697/1841/1597
f 1653/1793/1551 1731/1874/1630 1730/1873/1629
f 1732/1875/1631 1730/1873/1629 1731/1874/1630
f 1733/1876/1632 1697/1841/1597 1730/1873/1629
f 1735/1877/1633 1737/1878/1634 1734/1879/1635
f 1700/1845/1601 1736/1880/1636 1735/1877/1633
f 1657/1796/1554 1703/1844/1600 1606/1749/1507
f 1656/1798/1556 1736/1880/1636 1657/1796/1554
f 1608/1752/1510 1738/1881/1637 1705/1848/1604
f 1659/1799/1557 1739/1882/1638 1738/1881/1637
f 1740/1883/1639 1738/1881/1637 1739/1882/1638
f 1741/1884/1640 1705/1848/1604 1738/1881/1637
f 1713/1855/1611 1709/1852/1608 1670/1812/1570
f 1712/1857/1613 1742/1885/1641 1713/1855/1611
f 1727/1870/1626 1743/1886/1642 1728/1871/1627
f 1691/1834/1590 1742/1885/1641 1727/1870/1626
f 1675/1853/1609 1744/1887/1643 1745/1888/1644
f 1674/1816/1574 1715/1859/1615 1744/1887/1643
f 1717/1889/1645 1744/1887/1643 1715/1859/1615
f 1746/1890/1646 1745/1888/1644 1744/1887/1643
f 1720/1891/1647 1749/1892/1648 1721/1863/1619
f 1748/1893/1649 1751/1894/1650 1749/1892/1648
f 1679/1860/1616 1749/1892/1648 1751/1894/1650
f 1678/1820/1578 1721/1863/1619 1749/1892/1648
f 1680/1824/1579 1753/1895/1651 1682/1822/1580
f 1636/1775/1533 1752/1896/1652 1680/1821/1579
f 1754/1897/1653 1723/1865/1621 1725/1868/1624
f 1755/1898/1654 1752/1899/1652 1754/1897/1653
f 1652/1791/1549 1756/1900/1655 1731/1874/1630
f 1695/1838/1594 1757/1901/1656 1756/1900/1655
f 1758/1902/1657 1756/1900/1655 1757/1901/1656
f 1759/1903/1658 1731/1874/1630 1756/1900/1655
f 1761/1904/1659 1763/1905/1660 1760/1906/1661
f 1734/1879/1635 1762/1907/1662 1761/1904/1659
f 1699/1840/1596 1737/1878/1634 1656/1798/1556
f 1698/1842/1598 1762/1907/1662 1699/1840/1596
f 1712/1857/1613 1764/1908/1663 1765/1909/1664
f 1711/1856/1612 1745/1888/1644 1764/1908/1663
f 1747/1910/1665 1764/1908/1663 1745/1888/1644
f 1766/1911/1666 1765/1909/1664 1764/1908/1663
f 1750/1912/1667 1769/1913/1668 1751/1894/1650
f 1768/1914/1669 1771/1915/1670 1769/1913/1668
f 1717/1889/1645 1769/1913/1668 1771/1915/1670
f 1716/1861/1617 1751/1894/1650 1769/1913/1668
f 1720/1891/1647 1772/1916/1671 1773/1917/1672
f 1718/1862/1618 1753/1895/1651 1772/1916/1671
f 1755/1898/1654 1772/1916/1671 1753/1895/1651
f 1774/1918/1673 1773/1917/1672 1772/1916/1671
f 1694/1837/1593 1776/1919/1674 1757/1901/1656
f 1729/1872/1628 1777/1920/1675 1776/1919/1674
f 1778/1921/1676 1776/1919/1674 1777/1920/1675
f 1779/1922/1677 1757/1901/1656 1776/1919/1674
f 1781/1923/1678 1783/1924/1679 1780/1925/1680
f 1760/1906/1661 1782/1926/1681 1781/1923/1678
f 1733/1876/1632 1763/1905/1660 1698/1842/1598
f 1733/1876/1632 1783/1924/1679 1782/1926/1681
f 1735/1877/1633 1785/1927/1682 1700/1845/1601
f 1734/1879/1635 1784/1928/1683 1735/1877/1633
f 1788/1929/1684 1786/1930/1685 1787/1931/1686
f 1789/1932/1687 1784/1928/1683 1788/1929/1684
f 1728/1871/1627 1790/1933/1688 1777/1920/1675
f 1743/1886/1642 1765/1909/1664 1790/1933/1688
f 1767/1934/1689 1790/1933/1688 1765/1909/1664
f 1791/1935/1690 1777/1920/1675 1790/1933/1688
f 1770/1936/1691 1793/1937/1692 1771/1915/1670
f 1792/1938/1693 1795/1939/1694 1793/1937/1692
f 1747/1910/1665 1793/1937/1692 1795/1939/1694
f 1746/1890/1646 1771/1915/1670 1793/1937/1692
f 1750/1912/1667 1796/1940/1695 1797/1941/1696
f 1748/1893/1649 1773/1917/1672 1796/1940/1695
f 1775/1942/1697 1796/1940/1695 1773/1917/1672
f 1798/1943/1698 1797/1941/1696 1796/1940/1695
f 1800/1944/1699 1802/1945/1700 1803/1946/1701
f 1780/1925/1680 1802/1945/1700 1801/1947/1702
f 1759/1903/1658 1783/1924/1679 1732/1875/1631
f 1759/1903/1658 1803/1946/1701 1802/1945/1700
f 1761/1904/1659 1786/1930/1685 1734/1879/1635
f 1760/1906/1661 1804/1948/1703 1761/1904/1659
f 1807/1949/1704 1805/1950/1705 1806/1951/1706
f 1787/1931/1686 1804/1948/1703 1807/1949/1704
f 1617/1759/1517 1808/1952/1707 1640/1781/1539
f 1616/1756/1514 1809/1953/1708 1808/1952/1707
f 1810/1954/1709 1808/1952/1707 1809/1953/1708
f 1811/1955/1710 1640/1781/1539 1808/1952/1707
f 1615/1758/1516 1812/1956/1711 1809/1953/1708
f 1665/1806/1564 1813/1957/1712 1812/1956/1711
f 1814/1958/1713 1812/1956/1711 1813/1957/1712
f 1815/1959/1714 1809/1953/1708 1812/1956/1711
f 1664/1805/1563 1816/1960/1715 1813/1957/1712
f 1707/1850/1606 1817/1961/1716 1816/1960/1715
f 1818/1962/1717 1816/1960/1715 1817/1961/1716
f 1819/1963/1718 1813/1957/1712 1816/1960/1715
f 1741/1884/1640 1817/1961/1716 1706/1849/1605
f 1740/1883/1639 1820/1964/1719 1741/1884/1640
f 1822/1965/1720 1821/1966/1721 1789/1932/1687
f 1822/1965/1720 1817/1961/1716 1820/1964/1719
f 1794/1967/1722 1824/1968/1723 1795/1939/1694
f 1823/1969/1724 1826/1970/1725 1824/1968/1723
f 1767/1934/1689 1824/1968/1723 1826/1970/1725
f 1766/1911/1666 1795/1939/1694 1824/1968/1723
f 1770/1936/1691 1827/1971/1726 1828/1972/1727
f 1768/1914/1669 1797/1941/1696 1827/1971/1726
f 1799/1973/1728 1827/1971/1726 1797/1941/1696
f 1829/1974/1729 1828/1972/1727 1827/1971/1726
f 1831/1975/1730 1833/1976/1731 1834/1977/1732
f 1832/1978/1733 1803/1946/1701 1833/1976/1731
f 1758/1902/1657 1833/1976/1731 1803/1946/1701
f 1779/1922/1677 1834/1977/1732 1833/1976/1731
f 1781/1923/1678 1805/1950/1705 1760/1906/1661
f 1780/1925/1680 1835/1979/1734 1781/1923/1678
f 1837/1980/1735 1835/1979/1734 1836/1981/1736
f 1806/1951/1706 1835/1979/1734 1838/1982/1737
f 1825/1983/1738 1840/1984/1739 1826/1970/1725
f 1839/1985/1740 1834/1977/1732 1840/1984/1739
f 1778/1921/1676 1840/1984/1739 1834/1977/1732
f 1791/1935/1690 1826/1970/1725 1840/1984/1739
f 1794/1967/1722 1841/1986/1741 1842/1987/1742
f 1792/1938/1693 1828/1972/1727 1841/1986/1741
f 1830/1988/1743 1841/1986/1741 1828/1972/1727
f 1844/1989/1744 1841/1986/1741 1843/1990/1745
f 1845/1991/1746 1847/1992/1747 1848/1993/1748
f 1846/1994/1749 1686/1829/1585 1847/1992/1747
f 1641/1780/1538 1847/1992/1747 1686/1829/1585
f 1811/1955/1710 1848/1993/1748 1847/1992/1747
f 1801/1947/1702 1836/1981/1736 1780/1925/1680
f 1800/1944/1699 1849/1995/1750 1801/1947/1702
f 1852/1996/1751 1850/1997/1752 1851/1998/1753
f 1837/1980/1735 1849/1995/1750 1852/1996/1751
f 1818/1962/1717 1853/1999/1754 1854/2000/1755
f 1822/1965/1720 1788/1929/1684 1853/1999/1754
f 1787/1931/1686 1853/1999/1754 1788/1929/1684
f 1855/2001/1756 1854/2000/1755 1853/1999/1754
f 1815/1959/1714 1848/1993/1748 1810/1954/1709
f 1814/1958/1713 1857/2002/1757 1815/1959/1714
f 1860/2003/1758 1858/2004/1759 1859/2005/1760
f 1860/2003/1758 1848/1993/1748 1857/2002/1757
f 1814/1958/1713 1861/2006/1761 1858/2004/1759
f 1819/1963/1718 1854/2000/1755 1861/2006/1761
f 1856/2007/1762 1861/2006/1761 1854/2000/1755
f 1862/2008/1763 1858/2004/1759 1861/2006/1761
f 1825/1983/1738 1863/2009/1764 1864/2010/1765
f 1823/1969/1724 1842/1987/1742 1863/2009/1764
f 1844/1989/1744 1863/2009/1764 1842/1987/1742
f 1865/2011/1766 1864/2010/1765 1863/2009/1764
f 1724/1867/1623 1868/2012/1767 1725/1868/1624
f 1687/1830/1586 1867/2013/1768 1724/1867/1623
f 1869/2014/1769 1846/1994/1749 1845/1991/1746
f 1870/2015/1770 1867/2013/1768 1869/2014/1769
f 1800/1944/1699 1871/2016/1771 1850/1997/1752
f 1832/1978/1733 1872/2017/1772 1871/2016/1771
f 1873/2018/1773 1871/2016/1771 1872/2017/1772
f 1874/2019/1774 1850/1997/1752 1871/2016/1771
f 1856/2007/1762 1875/2020/1775 1876/2021/1776
f 1855/2001/1756 1807/1949/1704 1875/2020/1775
f 1806/1951/1706 1875/2020/1775 1807/1949/1704
f 1877/2022/1777 1876/2021/1776 1875/2020/1775
f 1831/1975/1730 1879/2023/1778 1872/2017/1772
f 1839/1985/1740 1864/2010/1765 1879/2023/1778
f 1866/2024/1779 1879/2023/1778 1864/2010/1765
f 1880/2025/1780 1872/2017/1772 1879/2023/1778
f 1754/1897/1653 1774/1918/1673 1755/1898/1654
f 1725/1868/1624 1881/2026/1781 1754/1897/1653
f 1882/2027/1782 1868/2012/1767 1870/2015/1770
f 1882/2027/1782 1774/1918/1673 1881/2026/1781
f 1869/2014/1769 1884/2028/1783 1870/2015/1770
f 1845/1991/1746 1883/2029/1784 1869/2014/1769
f 1885/2030/1785 1860/2003/1758 1859/2005/1760
f 1886/2031/1786 1883/2029/1784 1885/2030/1785
f 1878/2032/1787 1887/2033/1788 1888/2034/1789
f 1877/2022/1777 1838/1982/1737 1887/2033/1788
f 1837/1980/1735 1887/2033/1788 1838/1982/1737
f 1852/1996/1751 1888/2034/1789 1887/2033/1788
f 1862/2008/1763 1890/2035/1790 1859/2005/1760
f 1856/2007/1762 1889/2036/1791 1862/2008/1763
f 1891/2037/1792 1876/2021/1776 1878/2032/1787
f 1892/2038/1793 1889/2036/1791 1891/2037/1792
f 1893/2039/1794 1884/2028/1783 1886/2031/1786
f 1799/1973/1728 1894/2040/1795 1893/2039/1794
f 1882/2027/1782 1798/1943/1698 1775/1942/1697
f 1870/2015/1770 1894/2040/1795 1882/2027/1782
f 1886/2031/1786 1895/2041/1796 1896/2042/1797
f 1885/2030/1785 1890/2035/1790 1895/2041/1796
f 1892/2038/1793 1895/2041/1796 1890/2035/1790
f 1897/2043/1798 1896/2042/1797 1895/2041/1796
f 1851/1998/1753 1899/2044/1799 1888/2034/1789
f 1874/2019/1774 1900/2045/1800 1899/2044/1799
f 1892/2038/1793 1899/2044/1799 1900/2045/1800
f 1891/2037/1792 1888/2034/1789 1899/2044/1799
f 1898/2046/1801 1902/2047/1802 1896/2042/1797
f 1830/1988/1743 1902/2047/1802 1901/2048/1803
f 1893/2039/1794 1829/1974/1729 1799/1973/1728
f 1886/2031/1786 1902/2047/1802 1893/2039/1794
f 1873/2018/1773 1903/2049/1804 1900/2045/1800
f 1880/2025/1780 1904/2050/1805 1903/2049/1804
f 1898/2046/1801 1903/2049/1804 1904/2050/1805
f 1897/2043/1798 1900/2045/1800 1903/2049/1804
f 1865/2011/1766 1904/2050/1805 1866/2024/1779
f 1844/1989/1744 1905/2051/1806 1865/2011/1766
f 1901/2048/1803 1843/1990/1745 1830/1988/1743
f 1898/2046/1801 1905/2051/1806 1901/2048/1803
f 1157/1282/1054 1907/2052/1807 1158/1281/1053
f 1908/2053/1808 1158/1281/1053 1907/2052/1807
f 1180/1306/1076 1910/2054/1809 1181/1305/1075
f 1906/2055/1810 1181/1305/1075 1910/2054/1809
f 1159/1283/1055 1911/2056/1811 1186/1311/1081
f 1912/2057/1812 1186/1311/1081 1911/2056/1811
f 1043/1336/1104 1913/2058/1813 1208/1335/1103
f 1909/2059/1814 1208/1335/1103 1913/2058/1813
f 1187/1312/1082 1914/2060/1815 1213/1341/1109
f 1915/2061/1816 1213/1341/1109 1914/2060/1815
f 1214/1342/1110 1916/2062/1817 1240/1369/1136
f 1917/2063/1818 1240/1369/1136 1916/2062/1817
f 1241/1370/1137 1918/2064/1819 1266/1398/1164
f 1919/2065/1820 1266/1398/1164 1918/2064/1819
f 1267/1399/1165 1920/2066/1821 1293/1425/1191
f 1921/2067/1822 1293/1425/1191 1920/2066/1821
f 1922/2068/1823 1316/1447/1213 1315/1446/1212
f 1047/1419/1185 1923/2069/1824 1027/2070/1825
f 1294/1426/1192 1924/2071/1826 1321/1453/1219
f 1925/2072/1827 1321/1453/1219 1924/2071/1826
f 1926/2073/1828 1341/1474/1240 1340/1473/1239
f 1315/1446/1212 1927/2074/1829 1922/2068/1823
f 1322/1454/1220 1928/2075/1830 1346/1479/1245
f 1929/2076/1831 1346/1479/1245 1928/2075/1830
f 1930/2077/1832 1355/1488/1254 1354/1487/1253
f 1340/1473/1239 1931/2078/1833 1926/2073/1828
f 1347/1489/1255 1932/2079/1834 1356/1490/1256
f 1933/2080/1835 1356/1490/1256 1932/2079/1834
f 1934/2081/1836 1362/1496/1262 1361/1495/1261
f 1354/1487/1253 1935/2082/1837 1930/2077/1832
f 1357/1497/1263 1936/2083/1838 1363/1498/1264
f 1937/2084/1839 1363/1498/1264 1936/2083/1838
f 1937/2084/1839 1365/1500/1266 1364/1499/1265
f 1361/1495/1261 1938/2085/1840 1934/2081/1836
f 1939/2086/856 960/978/856 959/1018/856
f 971/2087/856 1940/2088/856 1939/2086/856
f 1941/2089/856 969/2090/856 968/2091/856
f 1941/2089/856 960/978/856 1940/2088/856
f 1942/2092/856 958/976/856 963/982/856
f 1048/2093/856 1943/2094/856 1942/2092/856
f 1944/2095/856 1051/2096/856 976/2097/856
f 955/977/856 1943/2094/856 1944/2095/856
f 1945/2098/856 982/1000/856 981/2099/856
f 948/2100/856 1946/2101/856 1945/2098/856
f 1947/2102/856 1035/2103/856 1034/2104/856
f 983/1002/856 1946/2101/856 1947/2102/856
f 1948/2105/856 980/998/856 985/1003/856
f 1053/2106/856 1949/2107/856 1948/2105/856
f 1947/2102/856 988/1007/856 983/1002/856
f 1034/2104/856 1950/2108/856 1947/2102/856
f 1951/2109/856 1037/2110/856 1036/2111/856
f 1951/2109/856 988/1007/856 1950/2108/856
f 991/1009/856 1953/2112/856 987/1004/856
f 1056/2113/856 1953/2112/856 1952/2114/856
f 1948/2105/856 1055/2115/856 1053/2106/856
f 985/1003/856 1953/2112/856 1948/2105/856
f 1951/2109/856 994/1013/856 989/1008/856
f 1036/2111/856 1954/2116/856 1951/2109/856
f 1955/2117/856 1039/2118/856 1038/2119/856
f 995/1014/856 1954/2116/856 1955/2117/856
f 1956/2120/856 993/1010/856 997/1015/856
f 972/2121/856 1957/2122/856 1956/2120/856
f 1952/2114/856 1057/2123/856 1056/2113/856
f 1952/2114/856 993/1010/856 1957/2122/856
f 1955/2117/856 1000/1019/856 995/1014/856
f 1038/2119/856 1958/2124/856 1955/2117/856
f 1939/2086/856 1040/2125/856 971/2087/856
f 959/1018/856 1958/2124/856 1939/2086/856
f 1944/2095/856 999/1017/856 955/977/856
f 976/2097/856 1959/2126/856 1944/2095/856
f 1956/2120/856 973/2127/856 972/2121/856
f 997/1015/856 1959/2126/856 1956/2120/856
f 1005/2128/856 1960/2129/856 1006/1023/856
f 1288/2130/856 1046/2131/856 1960/2129/856
f 1045/2132/856 1960/2129/856 1046/2131/856
f 1961/2133/856 1006/1023/856 1960/2129/856
f 1962/2134/856 1004/1021/856 1009/1026/856
f 1042/2135/856 1963/2136/856 1962/2134/856
f 1235/2137/856 1041/2138/856 1043/2139/856
f 1001/1022/856 1963/2136/856 1235/2137/856
f 1007/1025/856 1964/2140/856 1012/1029/856
f 1961/2133/856 1049/2141/856 1964/2140/856
f 1048/2093/856 1964/2140/856 1049/2141/856
f 963/982/856 1964/2140/856 1942/2092/856
f 961/981/856 1965/2142/856 1011/1028/856
f 968/2091/856 1965/2142/856 1941/2089/856
f 1962/2134/856 1044/2143/856 1042/2135/856
f 1009/1026/856 1965/2142/856 1962/2134/856
f 1028/2144/907 1027/2145/1841 1966/2146/1842
f 1027/2145/1841 1923/2147/1843 1966/2146/1842
f 1923/2147/1843 1922/2148/1844 1966/2146/1842
f 1922/2148/1844 1927/2149/1845 1966/2146/1842
f 1927/2149/1845 1926/2150/1846 1966/2146/1842
f 1926/2150/1846 1931/2151/1847 1966/2146/1842
f 1931/2151/1847 1930/2152/1848 1966/2146/1842
f 1930/2152/1848 1935/2153/1849 1966/2146/1842
f 1935/2153/1849 1934/2154/1850 1966/2146/1842
f 1934/2154/1850 1938/2155/1851 1966/2146/1842
f 1938/2155/1851 1937/2156/1852 1966/2146/1842
f 1937/2156/1852 1936/2157/1853 1966/2146/1842
f 1936/2157/1853 1933/2158/1854 1966/2146/1842
f 1933/2158/1854 1932/2159/1855 1966/2146/1842
f 1932/2159/1855 1929/2160/1856 1966/2146/1842
f 1929/2160/1856 1928/2161/1857 1966/2146/1842
f 1928/2161/1857 1925/2162/1858 1966/2146/1842
f 1925/2162/1858 1924/2163/1859 1966/2146/1842
f 1924/2163/1859 1921/2164/1860 1966/2146/1842
f 1921/2164/1860 1920/2165/1861 1966/2146/1842
f 1920/2165/1861 1919/2166/1862 1966/2146/1842
f 1919/2166/1862 1918/2167/1863 1966/2146/1842
f 1918/2167/1863 1917/2168/1864 1966/2146/1842
f 1917/2168/1864 1916/2169/1865 1966/2146/1842
f 1916/2169/1865 1915/2170/1866 1966/2146/1842
f 1915/2170/1866 1914/2171/1867 1966/2146/1842
f 1914/2171/1867 1912/2172/1868 1966/2146/1842
f 1912/2172/1868 1911/2173/1869 1966/2146/1842
f 1911/2173/1869 1908/2174/1870 1966/2146/1842
f 1908/2174/1870 1907/2175/1871 1966/2146/1842
f 1907/2175/1871 1906/2176/1872 1966/2146/1842
f 1906/2176/1872 1910/2177/1873 1966/2146/1842
f 1910/2177/1873 1909/2178/1874 1966/2146/1842
f 1909/2178/1874 1913/2179/1875 1966/2146/1842
f 1913/2179/1875 1028/2144/907 1966/2146/1842
f 1700/1845/1601 1967/2180/1876 1701/1843/1599
f 1785/1927/1682 1821/1966/1721 1967/2180/1876
f 1740/1883/1639 1967/2180/1876 1821/1966/1721
f 1739/1882/1638 1701/1843/1599 1967/2180/1876
f 248/1162/941 268/2181/1877 1090/1161/940
f 268/2181/1877 269/1163/942 1090/1161/940
f 846/1165/944 848/2182/1878 1090/1161/940
f 848/2182/1878 293/1166/945 1090/1161/940
f 294/1168/947 309/2183/1879 1090/1161/940
f 309/2183/1879 310/1169/948 1090/1161/940
f 851/1171/950 853/2184/1880 1090/1161/940
f 853/2184/1880 393/1172/951 1090/1161/940
f 394/1174/953 427/2185/1881 1090/1161/940
f 427/2185/1881 428/1175/954 1090/1161/940
f 855/1177/956 854/2186/1882 1090/1161/940
f 854/2186/1882 391/1178/957 1090/1161/940
f 358/1180/959 357/2187/1883 1090/1161/940
f 357/2187/1883 359/1181/960 1090/1161/940
f 849/1183/962 845/1184/963 1090/1161/940
f 843/1186/965 842/2188/1884 1090/1161/940
f 842/2188/1884 247/1159/938 1090/1161/940
f 1968/2189/856 878/894/856 1073/1121/856
f 948/1120/856 1968/2189/856 1073/1121/856
f 981/2190/856 1968/2189/856 1945/2191/856
f 1970/2192/856 882/895/856 879/892/856
f 1969/2193/856 879/892/856 878/894/856
f 978/2194/856 1969/2193/856 981/2190/856
f 1062/1101/856 978/2194/856 977/1100/856
f 1050/2195/1885 964/985/891 967/984/890
f 1018/2196/1886 1013/1033/896 1015/1032/895
f 1022/2197/1887 1016/1036/899 1019/1035/898
f 975/2198/1888 1020/1039/902 1023/1038/901
f 966/2199/1889 1024/1042/905 974/1041/904
f 1031/1046/909 1029/1045/908 1032/2200/1890
f 970/2201/1891 1030/1048/911 1033/1047/910
f 1014/2202/1892 947/1194/894 1971/2203/1893
f 947/1194/894 916/1196/973 1971/2203/1893
f 948/1120/856 1945/2191/856 1968/2189/856
f 912/1115/856 1061/1098/856 915/2204/856
f 1061/1098/856 883/898/856 882/895/856
f 980/998/856 1060/2205/856 977/996/856
f 1060/2205/856 1052/2206/856 1054/2207/856
f 1973/2208/1894 1975/2209/1895 1972/2210/1896
f 1974/2211/1897 1977/2212/1898 1975/2209/1895
f 1976/2213/1899 1979/2214/1900 1978/2215/1901
f 1974/2211/1897 1980/2216/1902 1979/2214/1900
f 1972/2210/1896 1982/2217/1903 1973/2208/1894
f 1973/2208/1894 1983/2218/1904 1980/2216/1902
f 1984/2219/1905 1982/2217/1903 1985/2220/1906
f 1985/2220/1906 1981/2221/1907 1986/2222/1908
f 1972/2210/1896 1987/2223/1909 1988/2224/1910
f 1988/2224/1910 1989/2225/1911 1990/2226/1912
f 1991/2227/1913 1987/2223/1909 1992/2228/1914
f 1992/2228/1914 1975/2209/1895 1977/2212/1898
f 1993/2229/1915 1979/2214/1900 1980/2216/1902
f 1994/2230/1916 1978/2215/1901 1979/2214/1900
f 1995/2231/1917 1997/2232/1918 1996/2233/1919
f 1994/2230/1916 1998/2234/1920 1997/2232/1918
f 1988/2224/1910 1981/2221/1907 1972/2210/1896
f 1999/2235/1921 1986/2222/1908 1981/2221/1907
f 2000/2236/1922 2002/2237/1923 2001/2238/1924
f 1999/2235/1921 1990/2226/1912 2002/2237/1923
f 1980/2216/1902 2003/2239/1925 1993/2229/1915
f 1993/2229/1915 2004/2240/1926 1998/2234/1920
f 2005/2241/1927 2003/2239/1925 2006/2242/1928
f 2006/2242/1928 1983/2218/1904 1984/2219/1905
f 1990/2226/1912 2007/2243/1929 2008/2244/1930
f 2008/2244/1930 2009/2245/1931 2010/2246/1932
f 2011/2247/1933 2007/2243/1929 2012/2248/1934
f 2012/2248/1934 1989/2225/1911 1991/2227/1913
f 1976/2213/1899 2014/2249/1935 1977/2212/1898
f 2013/2250/1936 1978/2215/1901 2015/2251/1937
f 2016/2252/1938 2018/2253/1939 2019/2254/1940
f 2019/2254/1940 1997/2232/1918 1998/2234/1920
f 1996/2233/1919 2018/2253/1939 2020/2255/1941
f 2020/2255/1941 2017/2256/1942 2021/2257/1943
f 1986/2222/1908 2023/2258/1944 1985/2220/1906
f 1985/2220/1906 2024/2259/1945 1984/2219/1905
f 2008/2244/1930 2002/2237/1923 1990/2226/1912
f 2025/2260/1946 2001/2238/1924 2002/2237/1923
f 2026/2261/1947 2028/2262/1948 2027/2263/1949
f 2025/2260/1946 2010/2246/1932 2028/2262/1948
f 2019/2254/1940 2030/2264/1950 2016/2252/1938
f 2029/2265/1951 2032/2266/1952 2030/2264/1950
f 2031/2267/1953 2004/2240/1926 2005/2241/1927
f 2029/2265/1951 1998/2234/1920 2004/2240/1926
f 1977/2212/1898 2033/2268/1954 1992/2228/1914
f 1992/2228/1914 2034/2269/1955 1991/2227/1913
f 2036/2270/1956 2038/2271/1957 2035/2272/1958
f 2037/2273/1959 2040/2274/1960 2038/2271/1957
f 2039/2275/1961 2009/2245/1931 2011/2247/1933
f 2037/2273/1959 2010/2246/1932 2009/2245/1931
f 1995/2231/1917 2015/2251/1937 1978/2215/1901
f 2041/2276/1962 1996/2233/1919 2042/2277/1963
f 2043/2278/1964 2045/2279/1965 2046/2280/1966
f 2046/2280/1966 2017/2256/1942 2016/2252/1938
f 2021/2257/1943 2045/2279/1965 2047/2281/1967
f 2047/2281/1967 2044/2282/1968 2048/2283/1969
f 2000/2236/1922 2022/2284/1970 1986/2222/1908
f 2049/2285/1971 2001/2238/1924 2050/2286/1972
f 1984/2219/1905 2051/2287/1973 2006/2242/1928
f 2006/2242/1928 2052/2288/1974 2005/2241/1927
f 2035/2272/1958 2054/2289/1975 2036/2270/1956
f 2036/2270/1956 2028/2262/1948 2010/2246/1932
f 2027/2263/1949 2054/2289/1975 2055/2290/1976
f 2055/2290/1976 2053/2291/1977 2056/2292/1978
f 2046/2280/1966 2058/2293/1979 2043/2278/1964
f 2057/2294/1980 2060/2295/1981 2058/2293/1979
f 2059/2296/1982 2030/2264/1950 2032/2266/1952
f 2057/2294/1980 2016/2252/1938 2030/2264/1950
f 1991/2227/1913 2061/2297/1983 2012/2248/1934
f 2012/2248/1934 2062/2298/1984 2011/2247/1933
f 2064/2299/1985 2066/2300/1986 2063/2301/1987
f 2065/2302/1988 2068/2303/1989 2066/2300/1986
f 2067/2304/1990 2038/2271/1957 2040/2274/1960
f 2065/2305/1988 2035/2272/1958 2038/2271/1957
f 2021/2257/1943 2070/2306/1991 2020/2255/1941
f 2020/2255/1941 2042/2277/1963 1996/2233/1919
f 2071/2307/1992 2044/2282/1968 2043/2278/1964
f 2072/2308/1993 2048/2283/1969 2044/2282/1968
f 2073/2309/1994 2075/2310/1995 2074/2311/1996
f 2072/2308/1993 2076/2312/1997 2075/2310/1995
f 2026/2261/1947 2050/2286/1972 2001/2238/1924
f 2077/2313/1998 2027/2263/1949 2078/2314/1999
f 2031/2267/1953 2080/2315/2000 2032/2266/1952
f 2079/2316/2001 2005/2241/1927 2052/2288/1974
f 2063/2301/1987 2082/2317/2002 2064/2299/1985
f 2064/2318/1985 2053/2291/1977 2035/2272/1958
f 2056/2292/1978 2082/2319/2002 2083/2320/2003
f 2083/2321/2003 2081/2322/2004 2084/2323/2005
f 2043/2278/1964 2085/2324/2006 2071/2307/1992
f 2071/2307/1992 2086/2325/2007 2076/2312/1997
f 2087/2326/2008 2085/2324/2006 2088/2327/2009
f 2088/2327/2009 2058/2293/1979 2060/2295/1981
f 2039/2275/1961 2090/2328/2010 2040/2274/1960
f 2089/2329/2011 2011/2247/1933 2062/2298/1984
f 2066/2300/1986 2092/2330/2012 2063/2301/1987
f 2091/2331/2013 2094/2332/2014 2092/2330/2012
f 2093/2333/2015 2096/2334/2016 2095/2335/2017
f 2091/2331/2013 2068/2303/1989 2096/2334/2016
f 2048/2283/1969 2098/2336/2018 2047/2281/1967
f 2047/2281/1967 2069/2337/2019 2021/2257/1943
f 2099/2338/2020 2075/2310/1995 2076/2312/1997
f 2100/2339/2021 2074/2311/1996 2075/2310/1995
f 2101/2340/2022 2103/2341/2023 2102/2342/2024
f 2100/2339/2021 2104/2343/2025 2103/2341/2023
f 2056/2292/1978 2106/2344/2026 2055/2290/1976
f 2055/2290/1976 2078/2314/1999 2027/2263/1949
f 2059/2296/1982 2108/2345/2027 2060/2295/1981
f 2107/2346/2028 2032/2266/1952 2080/2315/2000
f 2063/2301/1987 2109/2347/2029 2081/2322/2004
f 2081/2322/2004 2110/2348/2030 2084/2323/2005
f 2111/2349/2031 2109/2347/2029 2112/2350/2032
f 2112/2350/2032 2092/2330/2012 2094/2332/2014
f 2076/2312/1997 2113/2351/2033 2099/2338/2020
f 2099/2338/2020 2114/2352/2034 2104/2343/2025
f 2115/2353/2035 2113/2351/2033 2116/2354/2036
f 2116/2354/2036 2086/2325/2007 2087/2326/2008
f 2067/2355/1990 2118/2356/2037 2068/2303/1989
f 2117/2357/2038 2040/2274/1960 2090/2328/2010
f 2093/2333/2015 2120/2358/2039 2094/2332/2014
f 2119/2359/2040 2122/2360/2041 2120/2358/2039
f 2121/2361/2042 2124/2362/2043 2123/2363/2044
f 2119/2359/2040 2095/2335/2017 2124/2362/2043
f 2073/2309/1994 2097/2364/2045 2048/2283/1969
f 2125/2365/2046 2074/2311/1996 2126/2366/2047
f 2128/2367/2048 2130/2368/2049 2127/2369/2050
f 2129/2370/2051 2104/2343/2025 2130/2368/2049
f 2102/2342/2024 2129/2370/2051 2131/2371/2052
f 2129/2370/2051 2132/2372/2053 2131/2371/2052
f 2084/2323/2005 2134/2373/2054 2083/2321/2003
f 2083/2320/2003 2105/2374/2055 2056/2292/1978
f 2060/2295/1981 2135/2375/2056 2088/2327/2009
f 2088/2327/2009 2136/2376/2057 2087/2326/2008
f 2094/2332/2014 2137/2377/2058 2112/2350/2032
f 2112/2350/2032 2138/2378/2059 2111/2349/2031
f 2139/2379/2060 2137/2377/2058 2140/2380/2061
f 2140/2380/2061 2120/2358/2039 2122/2360/2041
f 2127/2369/2050 2141/2381/2062 2142/2382/2063
f 2142/2382/2063 2143/2383/2064 2144/2384/2065
f 2115/2353/2035 2141/2381/2062 2114/2352/2034
f 2114/2352/2034 2130/2368/2049 2104/2343/2025
f 2118/2356/2037 2096/2334/2016 2068/2303/1989
f 2145/2385/2066 2095/2335/2017 2096/2334/2016
f 2147/2386/2067 2149/2387/2068 2150/2388/2069
f 2150/2388/2069 2151/2389/2070 2152/2390/2071
f 2123/2363/2044 2149/2387/2068 2121/2361/2042
f 2121/2361/2042 2148/2391/2072 2122/2360/2041
f 2101/2340/2022 2126/2366/2047 2074/2311/1996
f 2153/2392/2073 2102/2342/2024 2154/2393/2074
f 2156/2394/2075 2158/2395/2076 2155/2396/2077
f 2157/2397/2078 2127/2369/2050 2158/2395/2076
f 2128/2367/2048 2159/2398/2079 2132/2372/2053
f 2157/2397/2078 2160/2399/2080 2159/2398/2079
f 2084/2323/2005 2161/2400/2081 2133/2401/2082
f 2162/2402/2083 2110/2348/2030 2111/2349/2031
f 2087/2326/2008 2163/2403/2084 2116/2354/2036
f 2116/2354/2036 2164/2404/2085 2115/2353/2035
f 2165/2405/2086 2148/2391/2072 2147/2386/2067
f 2166/2406/2087 2122/2360/2041 2148/2391/2072
f 2140/2380/2061 2167/2407/2088 2139/2379/2060
f 2166/2406/2087 2168/2408/2089 2167/2407/2088
f 2155/2396/2077 2169/2409/2090 2170/2410/2091
f 2170/2410/2091 2171/2411/2092 2172/2412/2093
f 2144/2384/2065 2169/2409/2090 2142/2382/2063
f 2142/2382/2063 2158/2395/2076 2127/2369/2050
f 2146/2413/2094 2124/2362/2043 2095/2335/2017
f 2173/2414/2095 2123/2363/2044 2124/2362/2043
f 2175/2415/2096 2177/2416/2097 2178/2417/2098
f 2178/2417/2098 2179/2418/2099 2180/2419/2100
f 2152/2390/2071 2177/2416/2097 2150/2388/2069
f 2150/2388/2069 2176/2420/2101 2147/2386/2067
f 2181/2421/2102 2131/2371/2052 2132/2372/2053
f 2182/2422/2103 2102/2342/2024 2131/2371/2052
f 2155/2396/2077 2184/2423/2104 2156/2394/2075
f 2156/2394/2075 2185/2424/2105 2160/2399/2080
f 2186/2425/2106 2184/2423/2104 2187/2426/2107
f 2187/2426/2107 2183/2427/2108 2188/2428/2109
f 2111/2349/2031 2189/2429/2110 2162/2402/2083
f 2190/2430/2111 2138/2378/2059 2139/2379/2060
f 2143/2383/2064 2192/2431/2112 2144/2384/2065
f 2191/2432/2113 2115/2353/2035 2164/2404/2085
f 2193/2433/2114 2176/2420/2101 2175/2415/2096
f 2194/2434/2115 2147/2386/2067 2176/2420/2101
f 2165/2405/2086 2195/2435/2116 2168/2408/2089
f 2194/2434/2115 2196/2436/2117 2195/2435/2116
f 2170/2410/2091 2183/2427/2108 2155/2396/2077
f 2197/2437/2118 2188/2428/2109 2183/2427/2108
f 2198/2438/2119 2200/2439/2120 2199/2440/2121
f 2197/2437/2118 2172/2412/2093 2200/2439/2120
f 2152/2390/2071 2201/2441/2122 2202/2442/2123
f 2174/2443/2124 2151/2389/2070 2123/2363/2044
f 2178/2417/2098 2204/2444/2125 2175/2415/2096
f 2203/2445/2126 2206/2446/2127 2204/2444/2125
f 2205/2447/2128 2208/2448/2129 2207/2449/2130
f 2203/2445/2126 2180/2419/2100 2208/2448/2129
f 2209/2450/2131 2159/2398/2079 2160/2399/2080
f 2210/2451/2132 2132/2372/2053 2159/2398/2079
f 2188/2428/2109 2212/2452/2133 2187/2426/2107
f 2187/2426/2107 2213/2453/2134 2186/2425/2106
f 2214/2454/2135 2212/2452/2133 2215/2455/2136
f 2215/2455/2136 2211/2456/2137 2216/2457/2138
f 2217/2458/2139 2023/2258/1944 2022/2284/1970
f 2218/2459/2140 2024/2259/1945 2023/2258/1944
f 2220/2460/2141 2167/2407/2088 2168/2408/2089
f 2221/2461/2142 2139/2379/2060 2167/2407/2088
f 2172/2412/2093 2222/2462/2143 2223/2463/2144
f 2192/2431/2112 2171/2411/2092 2144/2384/2065
f 2175/2415/2096 2224/2464/2145 2193/2433/2114
f 2193/2433/2114 2225/2465/2146 2196/2436/2117
f 2226/2466/2147 2224/2464/2145 2227/2467/2148
f 2227/2467/2148 2204/2444/2125 2206/2446/2127
f 2198/2438/2119 2211/2456/2137 2188/2428/2109
f 2228/2468/2149 2216/2457/2138 2211/2456/2137
f 2229/2469/2150 2231/2470/2151 2230/2471/2152
f 2228/2468/2149 2199/2440/2121 2231/2470/2151
f 2180/2419/2100 2232/2472/2153 2233/2473/2154
f 2202/2442/2123 2179/2418/2099 2152/2390/2071
f 2205/2447/2128 2235/2474/2155 2206/2446/2127
f 2234/2475/2156 2216/2457/2138 2235/2474/2155
f 2215/2455/2136 2236/2476/2157 2214/2454/2135
f 2234/2475/2156 2207/2449/2130 2236/2476/2157
f 2160/2399/2080 2237/2477/2158 2209/2450/2131
f 2238/2478/2159 2185/2424/2105 2186/2425/2106
f 2024/2259/1945 2239/2479/2160 2051/2287/1973
f 2051/2287/1973 2240/2480/2161 2052/2288/1974
f 2241/2481/2162 2195/2435/2116 2196/2436/2117
f 2242/2482/2163 2168/2408/2089 2195/2435/2116
f 2223/2463/2144 2200/2439/2120 2172/2412/2093
f 2243/2483/2164 2199/2440/2121 2200/2439/2120
f 2206/2446/2127 2245/2484/2165 2227/2467/2148
f 2227/2467/2148 2246/2485/2166 2226/2466/2147
f 2230/2471/2152 2245/2484/2165 2229/2469/2150
f 2229/2469/2150 2235/2474/2155 2216/2457/2138
f 2233/2473/2154 2208/2448/2129 2180/2419/2100
f 2247/2486/2167 2207/2449/2130 2208/2448/2129
f 2186/2425/2106 2249/2487/2168 2238/2478/2159
f 2250/2488/2169 2213/2453/2134 2214/2454/2135
f 2196/2436/2117 2251/2489/2170 2241/2481/2162
f 2252/2490/2171 2225/2465/2146 2226/2466/2147
f 2244/2491/2172 2231/2470/2151 2199/2440/2121
f 2253/2492/2173 2230/2471/2152 2231/2470/2151
f 2248/2493/2174 2236/2476/2157 2207/2449/2130
f 2255/2494/2175 2214/2454/2135 2236/2476/2157
f 2226/2466/2147 2256/2495/2176 2252/2490/2171
f 2254/2496/2177 2246/2485/2166 2230/2471/2152
f 2013/2250/1936 2258/2497/2178 2014/2249/1935
f 2257/2498/2179 2260/2499/2180 2258/2497/2178
f 2259/2500/2181 2262/2501/2182 2261/2502/2183
f 2257/2498/2179 2015/2251/1937 2262/2501/2182
f 2108/2345/2027 2264/2503/2184 2135/2375/2056
f 2135/2375/2056 2265/2504/2185 2136/2376/2057
f 2266/2505/2186 2258/2497/2178 2260/2499/2180
f 2267/2506/2187 2014/2249/1935 2258/2497/2178
f 2033/2268/1954 2268/2507/2188 2034/2269/1955
f 2267/2506/2187 2269/2508/2189 2268/2507/2188
f 2259/2500/2181 2271/2509/2190 2260/2499/2180
f 2270/2510/2191 2273/2511/2192 2271/2509/2190
f 2272/2512/2193 2275/2513/2194 2274/2514/2195
f 2270/2510/2191 2261/2502/2183 2275/2513/2194
f 2041/2276/1962 2262/2501/2182 2015/2251/1937
f 2276/2515/2196 2261/2502/2183 2262/2501/2182
f 2277/2516/2197 2279/2517/2198 2278/2518/2199
f 2276/2515/2196 2042/2277/1963 2279/2517/2198
f 2136/2376/2057 2280/2519/2200 2163/2403/2084
f 2163/2403/2084 2281/2520/2201 2164/2404/2085
f 2282/2521/2202 2271/2509/2190 2273/2511/2192
f 2283/2522/2203 2260/2499/2180 2271/2509/2190
f 2266/2505/2186 2284/2523/2204 2269/2508/2189
f 2283/2522/2203 2285/2524/2205 2284/2523/2204
f 2286/2525/2206 2268/2507/2188 2269/2508/2189
f 2287/2526/2207 2034/2269/1955 2268/2507/2188
f 2061/2297/1983 2288/2527/2208 2062/2298/1984
f 2287/2526/2207 2289/2528/2209 2288/2527/2208
f 2272/2512/2193 2291/2529/2210 2273/2511/2192
f 2290/2530/2211 2293/2531/2212 2291/2529/2210
f 2292/2532/2213 2295/2533/2214 2294/2534/2215
f 2290/2530/2211 2274/2514/2195 2295/2533/2214
f 2277/2516/2197 2275/2513/2194 2261/2502/2183
f 2296/2535/2216 2274/2514/2195 2275/2513/2194
f 2297/2536/2217 2299/2537/2218 2298/2538/2219
f 2296/2535/2216 2278/2518/2199 2299/2537/2218
f 2301/2539/2220 2303/2540/2221 2300/2541/2222
f 2302/2542/2223 2069/2337/2019 2303/2540/2221
f 2070/2306/1991 2279/2517/2198 2042/2277/1963
f 2302/2542/2223 2278/2518/2199 2279/2517/2198
f 2273/2511/2192 2304/2543/2224 2282/2521/2202
f 2282/2521/2202 2305/2544/2225 2285/2524/2205
f 2306/2545/2226 2304/2543/2224 2307/2546/2227
f 2307/2546/2227 2291/2529/2210 2293/2531/2212
f 2308/2547/2228 2284/2523/2204 2285/2524/2205
f 2309/2548/2229 2269/2508/2189 2284/2523/2204
f 2286/2525/2206 2310/2549/2230 2289/2528/2209
f 2309/2548/2229 2311/2550/2231 2310/2549/2230
f 2089/2329/2011 2313/2551/2232 2090/2328/2010
f 2312/2552/2233 2315/2553/2234 2313/2551/2232
f 2314/2554/2235 2288/2527/2208 2289/2528/2209
f 2312/2552/2233 2062/2298/1984 2288/2527/2208
f 2297/2536/2217 2295/2533/2214 2274/2514/2195
f 2316/2555/2236 2294/2534/2215 2295/2533/2214
f 2317/2556/2237 2319/2557/2238 2318/2558/2239
f 2316/2555/2236 2298/2538/2219 2319/2557/2238
f 2321/2559/2240 2323/2560/2241 2320/2561/2242
f 2322/2562/2243 2300/2541/2222 2323/2560/2241
f 2301/2539/2220 2299/2537/2218 2278/2518/2199
f 2322/2562/2243 2298/2538/2219 2299/2537/2218
f 2325/2563/2244 2327/2564/2245 2324/2565/2246
f 2326/2566/2247 2097/2364/2045 2327/2564/2245
f 2098/2336/2018 2303/2540/2221 2069/2337/2019
f 2326/2566/2247 2300/2541/2222 2303/2540/2221
f 2328/2567/2248 2221/2461/2142 2220/2460/2141
f 2329/2568/2249 2190/2430/2111 2221/2461/2142
f 2285/2524/2205 2331/2569/2250 2308/2547/2228
f 2308/2547/2228 2332/2570/2251 2311/2550/2231
f 2333/2571/2252 2331/2569/2250 2334/2572/2253
f 2334/2572/2253 2305/2544/2225 2306/2545/2226
f 2314/2554/2235 2336/2573/2254 2315/2553/2234
f 2335/2574/2255 2338/2575/2256 2336/2573/2254
f 2337/2576/2257 2310/2549/2230 2311/2550/2231
f 2335/2574/2255 2289/2528/2209 2310/2549/2230
f 2117/2577/2038 2340/2578/2258 2118/2356/2037
f 2339/2579/2259 2342/2580/2260 2340/2578/2258
f 2341/2581/2261 2313/2551/2232 2315/2553/2234
f 2339/2582/2259 2090/2328/2010 2313/2551/2232
f 2294/2534/2215 2344/2583/2262 2292/2532/2213
f 2292/2532/2213 2345/2584/2263 2293/2531/2212
f 2346/2585/2264 2344/2583/2262 2347/2586/2265
f 2347/2586/2265 2343/2587/2266 2348/2588/2267
f 2320/2561/2242 2350/2589/2268 2321/2559/2240
f 2321/2559/2240 2319/2557/2238 2298/2538/2219
f 2318/2558/2239 2350/2589/2268 2351/2590/2269
f 2351/2590/2269 2349/2591/2270 2352/2592/2271
f 2354/2593/2272 2356/2594/2273 2353/2595/2274
f 2355/2596/2275 2324/2565/2246 2356/2594/2273
f 2325/2563/2244 2323/2560/2241 2300/2541/2222
f 2355/2596/2275 2320/2561/2242 2323/2560/2241
f 2125/2365/2046 2327/2564/2245 2097/2364/2045
f 2357/2597/2276 2324/2565/2246 2327/2564/2245
f 2358/2598/2277 2360/2599/2278 2359/2600/2279
f 2357/2597/2276 2126/2366/2047 2360/2599/2278
f 2361/2601/2280 2242/2482/2163 2241/2481/2162
f 2362/2602/2281 2220/2460/2141 2242/2482/2163
f 2223/2463/2144 2364/2603/2282 2243/2483/2164
f 2243/2483/2164 2365/2604/2283 2244/2491/2172
f 2293/2531/2212 2366/2605/2284 2307/2546/2227
f 2307/2546/2227 2367/2606/2285 2306/2545/2226
f 2368/2607/2286 2366/2605/2284 2369/2608/2287
f 2369/2608/2287 2345/2584/2263 2346/2585/2264
f 2337/2576/2257 2371/2609/2288 2338/2575/2256
f 2370/2610/2289 2373/2611/2290 2371/2609/2288
f 2372/2612/2291 2332/2570/2251 2333/2571/2252
f 2370/2610/2289 2311/2550/2231 2332/2570/2251
f 2341/2613/2261 2375/2614/2292 2342/2580/2260
f 2374/2615/2293 2377/2616/2294 2375/2614/2292
f 2376/2617/2295 2336/2573/2254 2338/2575/2256
f 2374/2618/2293 2315/2553/2234 2336/2573/2254
f 2342/2580/2260 2379/2619/2296 2340/2578/2258
f 2340/2578/2258 2145/2385/2066 2118/2356/2037
f 2146/2413/2094 2379/2619/2296 2380/2620/2297
f 2380/2620/2297 2378/2621/2298 2381/2622/2299
f 2318/2558/2239 2383/2623/2300 2317/2556/2237
f 2317/2556/2237 2343/2587/2266 2294/2534/2215
f 2348/2588/2267 2383/2623/2300 2384/2624/2301
f 2384/2624/2301 2382/2625/2302 2385/2626/2303
f 2353/2595/2274 2387/2627/2304 2354/2593/2272
f 2354/2593/2272 2349/2591/2270 2320/2561/2242
f 2352/2592/2271 2387/2627/2304 2388/2628/2305
f 2388/2628/2305 2386/2629/2306 2389/2630/2307
f 2358/2598/2277 2356/2594/2273 2324/2565/2246
f 2390/2631/2308 2353/2595/2274 2356/2594/2273
f 2391/2632/2309 2393/2633/2310 2392/2634/2311
f 2390/2631/2308 2359/2600/2279 2393/2633/2310
f 2153/2392/2073 2360/2599/2278 2126/2366/2047
f 2394/2635/2312 2359/2600/2279 2360/2599/2278
f 2395/2636/2313 2397/2637/2314 2396/2638/2315
f 2394/2635/2312 2154/2393/2074 2397/2637/2314
f 2244/2491/2172 2398/2639/2316 2253/2492/2173
f 2398/2639/2316 2254/2496/2177 2253/2492/2173
f 2306/2545/2226 2400/2640/2317 2334/2572/2253
f 2334/2572/2253 2401/2641/2318 2333/2571/2252
f 2402/2642/2319 2400/2640/2317 2403/2643/2320
f 2403/2643/2320 2367/2606/2285 2368/2607/2286
f 2376/2644/2295 2405/2645/2321 2377/2616/2294
f 2404/2646/2322 2407/2647/2323 2405/2645/2321
f 2406/2648/2324 2371/2609/2288 2373/2611/2290
f 2404/2649/2322 2338/2575/2256 2371/2609/2288
f 2377/2616/2294 2409/2650/2325 2375/2614/2292
f 2375/2614/2292 2378/2621/2298 2342/2580/2260
f 2381/2622/2299 2409/2650/2325 2410/2651/2326
f 2410/2651/2326 2408/2652/2327 2411/2653/2328
f 2381/2622/2299 2413/2654/2329 2380/2620/2297
f 2380/2620/2297 2173/2414/2095 2146/2413/2094
f 2174/2443/2124 2413/2654/2329 2414/2655/2330
f 2414/2655/2330 2412/2656/2331 2415/2657/2332
f 2352/2592/2271 2417/2658/2333 2351/2590/2269
f 2351/2590/2269 2382/2625/2302 2318/2558/2239
f 2385/2626/2303 2417/2658/2333 2418/2659/2334
f 2418/2659/2334 2416/2660/2335 2419/2661/2336
f 2420/2662/2337 2422/2663/2338 2423/2664/2339
f 2423/2664/2339 2424/2665/2340 2425/2666/2341
f 2348/2588/2267 2422/2663/2338 2347/2586/2265
f 2347/2586/2265 2421/2667/2342 2346/2585/2264
f 2391/2632/2309 2386/2629/2306 2353/2595/2274
f 2426/2668/2343 2389/2630/2307 2386/2629/2306
f 2427/2669/2344 2429/2670/2345 2428/2671/2346
f 2426/2668/2343 2392/2634/2311 2429/2670/2345
f 2395/2636/2313 2393/2633/2310 2359/2600/2279
f 2430/2672/2347 2392/2634/2311 2393/2633/2310
f 2431/2673/2348 2433/2674/2349 2432/2675/2350
f 2430/2672/2347 2396/2638/2315 2433/2674/2349
f 2434/2676/2351 2436/2677/2352 2437/2678/2353
f 2437/2678/2353 2182/2422/2103 2181/2421/2102
f 2154/2393/2074 2436/2677/2352 2397/2637/2314
f 2436/2677/2352 2396/2638/2315 2397/2637/2314
f 2333/2571/2252 2438/2679/2354 2372/2612/2291
f 2372/2612/2291 2439/2680/2355 2373/2611/2290
f 2440/2681/2356 2438/2679/2354 2441/2682/2357
f 2441/2682/2357 2401/2641/2318 2402/2642/2319
f 2442/2683/2358 2444/2684/2359 2445/2685/2360
f 2445/2685/2360 2421/2667/2342 2420/2662/2337
f 2346/2585/2264 2444/2684/2359 2369/2608/2287
f 2369/2608/2287 2443/2686/2361 2368/2607/2286
f 2405/2645/2321 2408/2652/2327 2377/2616/2294
f 2446/2687/2362 2411/2653/2328 2408/2652/2327
f 2447/2688/2363 2449/2689/2364 2448/2690/2365
f 2446/2687/2362 2407/2647/2323 2449/2689/2364
f 2411/2653/2328 2451/2691/2366 2410/2651/2326
f 2410/2651/2326 2412/2656/2331 2381/2622/2299
f 2415/2657/2332 2451/2691/2366 2452/2692/2367
f 2452/2692/2367 2450/2693/2368 2453/2694/2369
f 2202/2442/2123 2454/2695/2370 2455/2696/2371
f 2455/2696/2371 2456/2697/2372 2457/2698/2373
f 2415/2657/2332 2454/2695/2370 2414/2655/2330
f 2414/2655/2330 2201/2441/2122 2174/2443/2124
f 2389/2630/2307 2459/2699/2374 2388/2628/2305
f 2388/2628/2305 2416/2660/2335 2352/2592/2271
f 2419/2661/2336 2459/2699/2374 2460/2700/2375
f 2460/2700/2375 2458/2701/2376 2461/2702/2377
f 2425/2666/2341 2462/2703/2378 2463/2704/2379
f 2463/2704/2379 2464/2705/2380 2465/2706/2381
f 2385/2626/2303 2462/2703/2378 2384/2624/2301
f 2384/2624/2301 2424/2665/2340 2348/2588/2267
f 2431/2673/2348 2429/2670/2345 2392/2634/2311
f 2466/2707/2382 2428/2671/2346 2429/2670/2345
f 2467/2708/2383 2469/2709/2384 2468/2710/2385
f 2466/2707/2382 2432/2675/2350 2469/2709/2384
f 2470/2711/2386 2472/2712/2387 2473/2713/2388
f 2473/2713/2388 2435/2714/2389 2434/2676/2351
f 2435/2714/2389 2433/2674/2349 2396/2638/2315
f 2472/2712/2387 2432/2675/2350 2433/2674/2349
f 2474/2715/2390 2476/2716/2391 2477/2717/2392
f 2477/2717/2392 2210/2451/2132 2209/2450/2131
f 2181/2421/2102 2476/2716/2391 2437/2678/2353
f 2437/2678/2353 2475/2718/2393 2434/2676/2351
f 2373/2611/2290 2478/2719/2394 2406/2648/2324
f 2406/2720/2324 2479/2721/2395 2407/2647/2323
f 2480/2722/2396 2478/2723/2394 2481/2724/2397
f 2481/2725/2397 2439/2680/2355 2440/2681/2356
f 2482/2726/2398 2484/2727/2399 2485/2728/2400
f 2485/2728/2400 2443/2686/2361 2442/2683/2358
f 2368/2607/2286 2484/2727/2399 2403/2643/2320
f 2403/2643/2320 2483/2729/2401 2402/2642/2319
f 2447/2688/2363 2450/2693/2368 2411/2653/2328
f 2486/2730/2402 2453/2694/2369 2450/2693/2368
f 2487/2731/2403 2489/2732/2404 2488/2733/2405
f 2486/2730/2402 2448/2690/2365 2489/2732/2404
f 2457/2698/2373 2490/2734/2406 2491/2735/2407
f 2491/2735/2407 2492/2736/2408 2493/2737/2409
f 2453/2694/2369 2490/2734/2406 2452/2692/2367
f 2452/2692/2367 2456/2697/2372 2415/2657/2332
f 2233/2473/2154 2494/2738/2410 2495/2739/2411
f 2495/2739/2411 2496/2740/2412 2497/2741/2413
f 2457/2698/2373 2494/2738/2410 2455/2696/2371
f 2455/2696/2371 2232/2472/2153 2202/2442/2123
f 2428/2671/2346 2499/2742/2414 2427/2669/2344
f 2427/2669/2344 2458/2701/2376 2389/2630/2307
f 2461/2702/2377 2499/2742/2414 2500/2743/2415
f 2500/2743/2415 2498/2744/2416 2501/2745/2417
f 2464/2705/2380 2503/2746/2418 2465/2706/2381
f 2502/2747/2419 2505/2748/2420 2503/2746/2418
f 2504/2749/2421 2418/2659/2334 2419/2661/2336
f 2418/2659/2334 2464/2705/2380 2385/2626/2303
f 2425/2666/2341 2507/2750/2422 2423/2664/2339
f 2423/2664/2339 2508/2751/2423 2420/2662/2337
f 2509/2752/2424 2507/2750/2422 2510/2753/2425
f 2510/2753/2425 2506/2754/2426 2511/2755/2427
f 2512/2756/2428 2471/2757/2429 2470/2711/2386
f 2471/2757/2429 2469/2709/2384 2432/2675/2350
f 2468/2710/2385 2513/2758/2430 2514/2759/2431
f 2513/2758/2430 2515/2760/2432 2514/2759/2431
f 2516/2761/2433 2518/2762/2434 2519/2763/2435
f 2519/2763/2435 2475/2718/2393 2474/2715/2390
f 2434/2676/2351 2518/2762/2434 2473/2713/2388
f 2473/2713/2388 2517/2764/2436 2470/2711/2386
f 2209/2450/2131 2520/2765/2437 2477/2717/2392
f 2477/2717/2392 2521/2766/2438 2474/2715/2390
f 2522/2767/2439 2520/2765/2437 2523/2768/2440
f 2523/2768/2440 2237/2477/2158 2238/2478/2159
f 2479/2721/2395 2449/2689/2364 2407/2647/2323
f 2524/2769/2441 2448/2690/2365 2449/2689/2364
f 2525/2770/2442 2527/2771/2443 2526/2772/2444
f 2524/2769/2441 2480/2722/2396 2527/2771/2443
f 2528/2773/2445 2530/2774/2446 2531/2775/2447
f 2531/2775/2447 2483/2729/2401 2482/2726/2398
f 2402/2642/2319 2530/2774/2446 2441/2682/2357
f 2441/2682/2357 2529/2776/2448 2440/2681/2356
f 2420/2662/2337 2532/2777/2449 2445/2685/2360
f 2445/2685/2360 2533/2778/2450 2442/2683/2358
f 2534/2779/2451 2532/2777/2449 2535/2780/2452
f 2532/2777/2449 2509/2752/2424 2535/2780/2452
f 2493/2737/2409 2536/2781/2453 2537/2782/2454
f 2537/2782/2454 2538/2783/2455 2539/2784/2456
f 2488/2733/2405 2536/2781/2453 2487/2731/2403
f 2487/2731/2403 2492/2736/2408 2453/2694/2369
f 2497/2741/2413 2540/2785/2457 2541/2786/2458
f 2541/2786/2458 2542/2787/2459 2543/2788/2460
f 2493/2737/2409 2540/2785/2457 2491/2735/2407
f 2491/2735/2407 2496/2740/2412 2457/2698/2373
f 2497/2741/2413 2545/2789/2461 2495/2739/2411
f 2495/2739/2411 2247/2486/2167 2233/2473/2154
f 2248/2493/2174 2545/2789/2461 2546/2790/2462
f 2546/2790/2462 2544/2791/2463 2547/2792/2464
f 2468/2710/2385 2549/2793/2465 2467/2708/2383
f 2467/2708/2383 2498/2744/2416 2428/2671/2346
f 2501/2745/2417 2549/2793/2465 2550/2794/2466
f 2550/2794/2466 2548/2795/2467 2551/2796/2468
f 2504/2749/2421 2553/2797/2469 2505/2748/2420
f 2552/2798/2470 2555/2799/2471 2553/2797/2469
f 2461/2702/2377 2552/2798/2470 2460/2700/2375
f 2552/2798/2470 2419/2661/2336 2460/2700/2375
f 2556/2800/2472 2463/2704/2379 2465/2706/2381
f 2463/2704/2379 2506/2754/2426 2425/2666/2341
f 2506/2754/2426 2558/2801/2473 2511/2755/2427
f 2557/2802/2474 2559/2803/2475 2558/2801/2473
f 2560/2804/2476 2517/2764/2436 2516/2761/2433
f 2561/2805/2477 2470/2711/2386 2517/2764/2436
f 2512/2756/2428 2562/2806/2478 2515/2760/2432
f 2561/2805/2477 2563/2807/2479 2562/2806/2478
f 2474/2715/2390 2564/2808/2480 2519/2763/2435
f 2519/2763/2435 2565/2809/2481 2516/2761/2433
f 2566/2810/2482 2564/2808/2480 2567/2811/2483
f 2567/2811/2483 2521/2766/2438 2522/2767/2439
f 2238/2478/2159 2568/2812/2484 2523/2768/2440
f 2523/2768/2440 2569/2813/2485 2522/2767/2439
f 2570/2814/2486 2568/2812/2484 2571/2815/2487
f 2571/2815/2487 2249/2487/2168 2250/2488/2169
f 2525/2770/2442 2489/2732/2404 2448/2690/2365
f 2572/2816/2488 2488/2733/2405 2489/2732/2404
f 2573/2817/2489 2575/2818/2490 2574/2819/2491
f 2572/2816/2488 2526/2772/2444 2575/2818/2490
f 2576/2820/2492 2578/2821/2493 2579/2822/2494
f 2579/2823/2494 2529/2776/2448 2528/2773/2445
f 2440/2681/2356 2578/2824/2493 2481/2725/2397
f 2481/2724/2397 2577/2825/2495 2480/2722/2396
f 2442/2683/2358 2580/2826/2496 2485/2728/2400
f 2485/2728/2400 2581/2827/2497 2482/2726/2398
f 2582/2828/2498 2580/2826/2496 2583/2829/2499
f 2583/2829/2499 2533/2778/2450 2534/2779/2451
f 2543/2788/2460 2584/2830/2500 2585/2831/2501
f 2585/2831/2501 2586/2832/2502 2587/2833/2503
f 2539/2784/2456 2584/2830/2500 2537/2782/2454
f 2537/2782/2454 2542/2787/2459 2493/2737/2409
f 2543/2788/2460 2589/2834/2504 2541/2786/2458
f 2541/2786/2458 2544/2791/2463 2497/2741/2413
f 2547/2792/2464 2589/2834/2504 2590/2835/2505
f 2590/2835/2505 2588/2836/2506 2591/2837/2507
f 2547/2792/2464 2593/2838/2508 2546/2790/2462
f 2546/2790/2462 2255/2494/2175 2248/2493/2174
f 2250/2488/2169 2593/2838/2508 2571/2815/2487
f 2571/2815/2487 2592/2839/2509 2570/2814/2486
f 2594/2840/2510 2514/2759/2431 2515/2760/2432
f 2514/2759/2431 2548/2795/2467 2468/2710/2385
f 2551/2796/2468 2595/2841/2511 2596/2842/2512
f 2596/2842/2512 2594/2840/2510 2597/2843/2513
f 2555/2799/2471 2598/2844/2514 2599/2845/2515
f 2599/2845/2515 2600/2846/2516 2601/2847/2517
f 2501/2745/2417 2598/2844/2514 2500/2743/2415
f 2500/2743/2415 2554/2848/2518 2461/2702/2377
f 2602/2849/2519 2503/2746/2418 2505/2748/2420
f 2603/2850/2520 2465/2706/2381 2503/2746/2418
f 2556/2800/2472 2604/2851/2521 2559/2803/2475
f 2603/2850/2520 2605/2852/2522 2604/2851/2521
f 2516/2761/2433 2606/2853/2523 2560/2804/2476
f 2560/2804/2476 2607/2854/2524 2563/2807/2479
f 2608/2855/2525 2606/2853/2523 2609/2856/2526
f 2609/2856/2526 2565/2809/2481 2566/2810/2482
f 2522/2767/2439 2610/2857/2527 2567/2811/2483
f 2567/2811/2483 2611/2858/2528 2566/2810/2482
f 2612/2859/2529 2610/2857/2527 2613/2860/2530
f 2613/2860/2530 2569/2813/2485 2570/2814/2486
f 2573/2817/2489 2538/2783/2455 2488/2733/2405
f 2614/2861/2531 2539/2784/2456 2538/2783/2455
f 2615/2862/2532 2617/2863/2533 2616/2864/2534
f 2614/2861/2531 2574/2819/2491 2617/2863/2533
f 2619/2865/2535 2621/2866/2536 2618/2867/2537
f 2621/2866/2536 2577/2825/2495 2576/2820/2492
f 2480/2722/2396 2620/2868/2538 2527/2771/2443
f 2620/2868/2538 2526/2772/2444 2527/2771/2443
f 2482/2726/2398 2622/2869/2539 2531/2775/2447
f 2531/2775/2447 2623/2870/2540 2528/2773/2445
f 2624/2871/2541 2622/2869/2539 2625/2872/2542
f 2625/2872/2542 2581/2827/2497 2582/2828/2498
f 2585/2831/2501 2588/2836/2506 2543/2788/2460
f 2626/2873/2543 2591/2837/2507 2588/2836/2506
f 2627/2874/2544 2629/2875/2545 2628/2876/2546
f 2626/2873/2543 2587/2833/2503 2629/2875/2545
f 2591/2837/2507 2631/2877/2547 2590/2835/2505
f 2590/2835/2505 2592/2839/2509 2547/2792/2464
f 2570/2814/2486 2631/2877/2547 2613/2860/2530
f 2613/2860/2530 2630/2878/2548 2612/2859/2529
f 2632/2879/2549 2562/2806/2478 2563/2807/2479
f 2633/2880/2550 2515/2760/2432 2562/2806/2478
f 2594/2840/2510 2634/2881/2551 2597/2843/2513
f 2633/2880/2550 2635/2882/2552 2634/2881/2551
f 2601/2847/2517 2636/2883/2553 2637/2884/2554
f 2637/2884/2554 2638/2885/2555 2639/2886/2556
f 2551/2796/2468 2636/2883/2553 2550/2794/2466
f 2550/2794/2466 2600/2846/2516 2501/2745/2417
f 2640/2887/2557 2553/2797/2469 2555/2799/2471
f 2641/2888/2558 2505/2748/2420 2553/2797/2469
f 2602/2849/2519 2642/2889/2559 2605/2852/2522
f 2641/2888/2558 2643/2890/2560 2642/2889/2559
f 2566/2810/2482 2644/2891/2561 2609/2856/2526
f 2609/2856/2526 2645/2892/2562 2608/2855/2525
f 2646/2893/2563 2644/2891/2561 2647/2894/2564
f 2647/2894/2564 2611/2858/2528 2612/2859/2529
f 2615/2862/2532 2586/2832/2502 2539/2784/2456
f 2648/2895/2565 2587/2833/2503 2586/2832/2502
f 2649/2896/2566 2651/2897/2567 2650/2898/2568
f 2648/2895/2565 2616/2864/2534 2651/2897/2567
f 2653/2899/2569 2655/2900/2570 2652/2901/2571
f 2654/2902/2572 2618/2867/2537 2655/2900/2570
f 2619/2865/2535 2575/2818/2490 2526/2772/2444
f 2654/2902/2572 2574/2819/2491 2575/2818/2490
f 2528/2773/2445 2656/2903/2573 2579/2823/2494
f 2579/2822/2494 2657/2904/2574 2576/2820/2492
f 2658/2905/2575 2656/2906/2573 2659/2907/2576
f 2659/2907/2576 2623/2870/2540 2624/2871/2541
f 2627/2874/2544 2630/2878/2548 2591/2837/2507
f 2660/2908/2577 2612/2859/2529 2630/2878/2548
f 2647/2894/2564 2661/2909/2578 2646/2893/2563
f 2660/2908/2577 2628/2876/2546 2661/2909/2578
f 2662/2910/2579 2607/2854/2524 2608/2855/2525
f 2663/2911/2580 2563/2807/2479 2607/2854/2524
f 2632/2879/2549 2664/2912/2581 2635/2882/2552
f 2663/2911/2580 2665/2913/2582 2664/2912/2581
f 2639/2886/2556 2666/2914/2583 2667/2915/2584
f 2667/2915/2584 2668/2916/2585 2669/2917/2586
f 2597/2843/2513 2666/2914/2583 2596/2842/2512
f 2596/2842/2512 2638/2885/2555 2551/2796/2468
f 2601/2847/2517 2671/2918/2587 2599/2845/2515
f 2599/2845/2515 2640/2887/2557 2555/2799/2471
f 2643/2890/2560 2671/2918/2587 2672/2919/2588
f 2672/2919/2588 2670/2920/2589 2673/2921/2590
f 2649/2896/2566 2629/2875/2545 2587/2833/2503
f 2674/2922/2591 2628/2876/2546 2629/2875/2545
f 2675/2923/2592 2677/2924/2593 2676/2925/2594
f 2674/2922/2591 2650/2898/2568 2677/2924/2593
f 2679/2926/2595 2681/2927/2596 2678/2928/2597
f 2680/2929/2598 2652/2901/2571 2681/2927/2596
f 2653/2899/2569 2617/2863/2533 2574/2819/2491
f 2680/2929/2598 2616/2864/2534 2617/2863/2533
f 2657/2904/2574 2621/2866/2536 2576/2820/2492
f 2682/2930/2599 2618/2867/2537 2621/2866/2536
f 2683/2931/2600 2685/2932/2601 2684/2933/2602
f 2682/2930/2599 2658/2905/2575 2685/2932/2601
f 2686/2934/2603 2645/2892/2562 2646/2893/2563
f 2687/2935/2604 2608/2855/2525 2645/2892/2562
f 2662/2910/2579 2688/2936/2605 2665/2913/2582
f 2687/2935/2604 2689/2937/2606 2688/2936/2605
f 2669/2917/2586 2690/2938/2607 2691/2939/2608
f 2691/2939/2608 2692/2940/2609 2693/2941/2610
f 2692/2940/2609 2634/2881/2551 2635/2882/2552
f 2690/2938/2607 2597/2843/2513 2634/2881/2551
f 2639/2886/2556 2695/2942/2611 2637/2884/2554
f 2637/2884/2554 2670/2920/2589 2601/2847/2517
f 2673/2921/2590 2695/2942/2611 2696/2943/2612
f 2696/2943/2612 2694/2944/2613 2697/2945/2614
f 2675/2923/2592 2661/2909/2578 2628/2876/2546
f 2698/2946/2615 2646/2893/2563 2661/2909/2578
f 2686/2934/2603 2699/2947/2616 2689/2937/2606
f 2698/2946/2615 2676/2925/2594 2699/2947/2616
f 2701/2948/2617 2703/2949/2618 2700/2950/2619
f 2702/2951/2620 2678/2928/2597 2703/2949/2618
f 2679/2926/2595 2651/2897/2567 2616/2864/2534
f 2702/2951/2620 2650/2898/2568 2651/2897/2567
f 2683/2931/2600 2655/2900/2570 2618/2867/2537
f 2704/2952/2621 2652/2901/2571 2655/2900/2570
f 2705/2953/2622 2707/2954/2623 2706/2955/2624
f 2704/2952/2621 2684/2933/2602 2707/2954/2623
f 2693/2941/2610 2708/2956/2625 2709/2957/2626
f 2709/2957/2626 2710/2958/2627 2711/2959/2628
f 2665/2913/2582 2708/2956/2625 2664/2912/2581
f 2664/2912/2581 2692/2940/2609 2635/2882/2552
f 2669/2917/2586 2713/2960/2629 2667/2915/2584
f 2667/2915/2584 2694/2944/2613 2639/2886/2556
f 2697/2945/2614 2713/2960/2629 2714/2961/2630
f 2714/2961/2630 2712/2962/2631 2715/2963/2632
f 2716/2964/2633 2718/2965/2634 2719/2966/2635
f 2719/2966/2635 2510/2753/2425 2511/2755/2427
f 2509/2752/2424 2718/2965/2634 2535/2780/2452
f 2535/2780/2452 2717/2967/2636 2534/2779/2451
f 2534/2779/2451 2720/2968/2637 2583/2829/2499
f 2583/2829/2499 2721/2969/2638 2582/2828/2498
f 2722/2970/2639 2720/2968/2637 2723/2971/2640
f 2723/2971/2640 2717/2967/2636 2716/2964/2633
f 2582/2828/2498 2724/2972/2641 2625/2872/2542
f 2625/2872/2542 2725/2973/2642 2624/2871/2541
f 2726/2974/2643 2724/2972/2641 2727/2975/2644
f 2727/2975/2644 2721/2969/2638 2722/2970/2639
f 2729/2976/2645 2731/2977/2646 2728/2978/2647
f 2730/2979/2648 2700/2950/2619 2731/2977/2646
f 2701/2948/2617 2677/2924/2593 2650/2898/2568
f 2730/2979/2648 2676/2925/2594 2677/2924/2593
f 2705/2953/2622 2681/2927/2596 2652/2901/2571
f 2732/2980/2649 2678/2928/2597 2681/2927/2596
f 2733/2981/2650 2735/2982/2651 2734/2983/2652
f 2732/2980/2649 2706/2955/2624 2735/2982/2651
f 2624/2871/2541 2736/2984/2653 2659/2907/2576
f 2659/2907/2576 2685/2932/2601 2658/2905/2575
f 2685/2932/2601 2737/2985/2654 2684/2933/2602
f 2737/2985/2654 2725/2973/2642 2726/2974/2643
f 2710/2958/2627 2739/2986/2655 2711/2959/2628
f 2738/2987/2656 2741/2988/2657 2739/2986/2655
f 2740/2989/2658 2688/2936/2605 2689/2937/2606
f 2738/2987/2656 2665/2913/2582 2688/2936/2605
f 2693/2941/2610 2743/2990/2659 2691/2939/2608
f 2691/2939/2608 2712/2962/2631 2669/2917/2586
f 2715/2963/2632 2743/2990/2659 2744/2991/2660
f 2743/2990/2659 2745/2992/2661 2744/2991/2660
f 2746/2993/2662 2748/2994/2663 2749/2995/2664
f 2749/2995/2664 2558/2801/2473 2559/2803/2475
f 2511/2755/2427 2748/2994/2663 2719/2966/2635
f 2719/2966/2635 2747/2996/2665 2716/2964/2633
f 2740/2989/2658 2751/2997/2666 2741/2988/2657
f 2750/2998/2667 2728/2978/2647 2751/2997/2666
f 2729/2976/2645 2699/2947/2616 2676/2925/2594
f 2750/2998/2667 2689/2937/2606 2699/2947/2616
f 2733/2981/2650 2703/2949/2618 2678/2928/2597
f 2752/2999/2668 2700/2950/2619 2703/2949/2618
f 2754/3000/2669 2752/2999/2668 2755/3001/2670
f 2752/2999/2668 2734/2983/2652 2755/3001/2670
f 2711/2959/2628 2757/3002/2671 2709/2957/2626
f 2709/2957/2626 2742/3003/2672 2693/2941/2610
f 2745/2992/2661 2757/3002/2671 2758/3004/2673
f 2758/3004/2673 2756/3005/2674 2759/3006/2675
f 2760/3007/2676 2604/2851/2521 2605/2852/2522
f 2761/3008/2677 2559/2803/2475 2604/2851/2521
f 2749/2995/2664 2762/3009/2678 2746/2993/2662
f 2761/3008/2677 2763/3010/2679 2762/3009/2678
f 2765/3011/2680 2767/3012/2681 2764/3013/2682
f 2766/3014/2683 2746/2993/2662 2767/3012/2681
f 2747/2996/2665 2723/2971/2640 2716/2964/2633
f 2723/2971/2640 2765/3011/2680 2722/2970/2639
f 2722/2970/2639 2768/3015/2684 2727/2975/2644
f 2727/2975/2644 2769/3016/2685 2726/2974/2643
f 2770/3017/2686 2768/3015/2684 2771/3018/2687
f 2771/3018/2687 2765/3011/2680 2764/3013/2682
f 2726/2974/2643 2772/3019/2688 2737/2985/2654
f 2737/2985/2654 2707/2954/2623 2684/2933/2602
f 2706/2955/2624 2772/3019/2688 2773/3020/2689
f 2773/3020/2689 2769/3016/2685 2770/3017/2686
f 2753/3021/2690 2731/2977/2646 2700/2950/2619
f 2774/3022/2691 2728/2978/2647 2731/2977/2646
f 2775/3023/2692 2777/3024/2693 2776/3025/2694
f 2774/3022/2691 2754/3000/2669 2777/3024/2693
f 2778/3026/2695 2739/2986/2655 2741/2988/2657
f 2739/2986/2655 2756/3005/2674 2711/2959/2628
f 2759/3006/2675 2779/3027/2696 2780/3028/2697
f 2779/3027/2696 2781/3029/2698 2780/3028/2697
f 2643/2890/2560 2782/3030/2699 2642/2889/2559
f 2642/2889/2559 2760/3007/2676 2605/2852/2522
f 2763/3010/2679 2782/3030/2699 2783/3031/2700
f 2783/3031/2700 2672/2919/2588 2673/2921/2590
f 2784/3032/2701 2762/3009/2678 2763/3010/2679
f 2785/3033/2702 2746/2993/2662 2762/3009/2678
f 2767/3012/2681 2786/3034/2703 2764/3013/2682
f 2785/3033/2702 2787/3035/2704 2786/3034/2703
f 2775/3023/2692 2751/2997/2666 2728/2978/2647
f 2788/3036/2705 2741/2988/2657 2751/2997/2666
f 2778/3026/2695 2789/3037/2706 2781/3029/2698
f 2788/3036/2705 2776/3025/2694 2789/3037/2706
f 2770/3017/2686 2791/3038/2707 2773/3020/2689
f 2773/3020/2689 2735/2982/2651 2706/2955/2624
f 2734/2983/2652 2791/3038/2707 2792/3039/2708
f 2791/3038/2707 2793/3040/2709 2792/3039/2708
f 2794/3041/2710 2771/3018/2687 2764/3013/2682
f 2795/3042/2711 2770/3017/2686 2771/3018/2687
f 2790/3043/2712 2796/3044/2713 2793/3040/2709
f 2795/3042/2711 2797/3045/2714 2796/3044/2713
f 2793/3040/2709 2799/3046/2715 2792/3039/2708
f 2792/3039/2708 2755/3001/2670 2734/2983/2652
f 2754/3000/2669 2799/3046/2715 2777/3024/2693
f 2777/3024/2693 2798/3047/2716 2776/3025/2694
f 2784/3032/2701 2801/3048/2717 2787/3035/2704
f 2800/3049/2718 2697/2945/2614 2801/3048/2717
f 2696/2943/2612 2783/3031/2700 2673/2921/2590
f 2800/3049/2718 2763/3010/2679 2783/3031/2700
f 2787/3035/2704 2803/3050/2719 2786/3034/2703
f 2786/3034/2703 2794/3041/2710 2764/3013/2682
f 2797/3045/2714 2803/3050/2719 2804/3051/2720
f 2804/3051/2720 2802/3052/2721 2805/3053/2722
f 2802/3052/2721 2807/3054/2723 2805/3053/2722
f 2806/3055/2724 2715/2963/2632 2807/3054/2723
f 2714/2961/2630 2801/3048/2717 2697/2945/2614
f 2806/3055/2724 2787/3035/2704 2801/3048/2717
f 2808/3056/2725 2796/3044/2713 2797/3045/2714
f 2809/3057/2726 2793/3040/2709 2796/3044/2713
f 2798/3047/2716 2789/3037/2706 2776/3025/2694
f 2809/3057/2726 2781/3029/2698 2789/3037/2706
f 2810/3058/2727 2758/3004/2673 2759/3006/2675
f 2811/3059/2728 2745/2992/2661 2758/3004/2673
f 2744/2991/2660 2807/3054/2723 2715/2963/2632
f 2811/3059/2728 2805/3053/2722 2807/3054/2723
f 2805/3053/2722 2812/3060/2729 2804/3051/2720
f 2812/3060/2729 2797/3045/2714 2804/3051/2720
f 2808/3056/2725 2780/3028/2697 2781/3029/2698
f 2812/3060/2729 2759/3006/2675 2780/3028/2697
f 2049/2285/1971 2217/2458/2139 2022/2284/1970
f 2813/3061/2730 2050/2286/1972 2814/3062/2731
f 2050/2286/1972 2815/3063/2732 2814/3062/2731
f 2816/3064/2733 2077/2313/1998 2078/2314/1999
f 2079/2316/2001 2818/3065/2734 2080/2315/2000
f 2817/3066/2735 2052/2288/1974 2240/2480/2161
f 2107/2346/2028 2263/3067/2736 2108/2345/2027
f 2819/3068/2737 2080/2315/2000 2818/3065/2734
f 2162/2402/2083 2820/3069/2738 2821/3070/2739
f 2330/3071/2740 2189/2429/2110 2190/2430/2111
f 2191/2432/2113 2823/3072/2741 2192/2431/2112
f 2822/3073/2742 2164/2404/2085 2281/2520/2201
f 2222/2462/2143 2363/3074/2743 2223/2463/2144
f 2824/3075/2744 2192/2431/2112 2823/3072/2741
f 2241/2481/2162 2825/3076/2745 2361/2601/2280
f 2826/3077/2746 2251/2489/2170 2252/2490/2171
f 2252/2490/2171 2827/3078/2747 2826/3077/2746
f 2399/3079/2748 2256/2495/2176 2254/2496/2177
f 2829/3080/856 2831/3081/856 2828/3082/856
f 2831/3081/856 2832/3083/856 2833/3084/856
f 2834/3085/856 2830/3086/856 2835/3087/856
f 2830/3086/856 2836/3088/856 2835/3087/856
f 2837/3089/912 2839/3090/892 2840/3091/892
f 2840/3091/892 2841/3092/892 2842/3093/892
f 2844/3094/922 2846/3095/922 2843/3096/922
f 2845/3097/922 2848/3098/893 2846/3095/922
f 2850/3099/856 2852/3100/856 2849/3101/856
f 2851/3102/856 2854/3103/856 2852/3100/856
f 2855/3104/856 2851/3102/856 2856/3105/856
f 2856/3105/856 2850/3099/856 2857/3106/856
f 2857/3106/856 2859/3107/856 2856/3105/856
f 2856/3105/856 2860/3108/856 2855/3104/856
f 2861/3109/856 2859/3107/856 2862/3110/856
f 2862/3110/856 2858/3111/856 2863/3112/856
f 2863/3112/856 2865/3113/856 2862/3110/856
f 2862/3110/856 2866/3114/856 2861/3109/856
f 2833/3084/856 2865/3113/856 2831/3081/856
f 2831/3081/856 2864/3115/856 2828/3082/856
f 2867/3116/2749 2134/3117/2750 2133/3118/2751
f 2868/3119/2752 2105/3120/2753 2134/3117/2750
f 2869/3121/2754 2871/3122/2755 2870/3123/2756
f 2868/3119/2752 2872/3124/2757 2871/3122/2755
f 2873/3125/2758 2871/3122/2755 2872/3124/2757
f 2874/3126/2759 2870/3123/2756 2871/3122/2755
f 2875/3127/2760 2877/3128/856 2876/3129/856
f 2874/3126/2759 2878/3130/856 2877/3128/856
f 2878/3130/856 2880/3131/856 2877/3128/856
f 2877/3128/856 2881/3132/856 2876/3129/856
f 2836/3088/856 2880/3131/856 2835/3087/856
f 2835/3087/856 2879/3133/856 2834/3085/856
f 2882/3134/2761 2884/3135/2762 2885/3136/2762
f 2885/3136/2762 916/3137/2763 915/3138/2763
f 2886/3139/912 2888/3140/2764 2889/3141/2764
f 2889/3141/2764 2883/3142/2761 2882/3134/2761
f 2842/3093/892 2890/3143/892 2891/3144/892
f 2891/3144/892 2887/3145/912 2886/3139/912
f 2893/3146/2765 2895/3147/2766 2892/3148/2767
f 2894/3149/2768 2821/3150/2768 2895/3147/2766
f 2896/3151/892 2898/3152/2761 2899/3153/2769
f 2899/3153/2769 2893/3146/2765 2892/3148/2767
f 2838/3154/912 2900/3155/892 2901/3156/892
f 2901/3156/892 2897/3157/892 2896/3151/892
f 2903/3158/2770 2905/3159/2771 2902/3160/2772
f 2905/3159/2771 2816/3161/2773 2078/3162/2774
f 2907/3163/893 2909/3164/2775 2906/3165/893
f 2908/3166/2776 2902/3160/2772 2909/3164/2775
f 2847/3167/893 2911/3168/893 2848/3098/893
f 2910/3169/893 2906/3165/893 2911/3168/893
f 2913/3170/922 2915/3171/922 2912/3172/922
f 2914/3173/922 2917/3174/893 2915/3171/922
f 2919/3175/893 2921/3176/893 2918/3177/893
f 2920/3178/893 2912/3172/922 2921/3176/893
f 2843/3096/922 2923/3179/893 2844/3094/922
f 2922/3180/893 2918/3177/893 2923/3179/893
f 2925/3181/856 2927/3182/856 2924/3183/856
f 2927/3182/856 2928/3184/856 2929/3185/856
f 2928/3184/856 2931/3186/856 2930/3187/856
f 2926/3188/856 2932/3189/856 2931/3186/856
f 2934/3190/2777 2936/3191/2778 2933/3192/2779
f 2937/3193/858 2933/3194/858 2939/3195/858
f 2939/3195/858 2936/3196/858 2940/3197/858
f 2942/3198/860 2944/3199/860 2941/3200/860
f 2943/3201/860 2945/3202/860 2944/3199/860
f 2946/3203/856 2948/3204/856 2949/3205/856
f 2949/3205/856 2950/3206/856 2951/3207/856
f 2950/3206/856 2953/3208/856 2952/3209/856
f 2948/3204/856 2954/3210/856 2953/3208/856
f 2955/3211/856 2953/3208/856 2954/3210/856
f 2956/3212/856 2952/3209/856 2953/3208/856
f 2957/3213/856 2959/3214/856 2958/3215/856
f 2956/3212/856 2960/3216/856 2959/3214/856
f 2961/3217/856 2959/3214/856 2960/3216/856
f 2962/3218/856 2958/3215/856 2959/3214/856
f 2963/3219/856 2965/3220/856 2964/3221/856
f 2965/3220/856 2961/3217/856 2966/3222/856
f 2966/3222/856 2968/3223/856 2965/3220/856
f 2968/3223/856 2964/3221/856 2965/3220/856
f 2929/3185/856 2968/3223/856 2927/3182/856
f 2968/3223/856 2924/3183/856 2927/3182/856
f 2971/3224/856 2973/3225/856 2970/3226/856
f 2973/3225/856 2974/3227/856 2975/3228/856
f 2976/3229/856 2972/3230/856 2977/3231/856
f 2972/3230/856 2978/3232/856 2977/3231/856
f 2979/3233/856 2977/3231/856 2978/3232/856
f 2977/3231/856 2981/3234/856 2976/3229/856
f 2981/3234/856 2931/3186/856 2932/3189/856
f 2980/3235/856 2930/3187/856 2931/3186/856
f 2983/3236/2780 2917/3237/2781 2982/3238/2782
f 2985/3239/2783 2987/3240/2784 2984/3241/2785
f 2989/3242/2786 2991/3243/2787 2988/3244/2788
f 2943/3245/2789 2993/3246/2790 2992/3247/2791
f 2994/3248/2792 2996/3249/2793 2997/3250/2794
f 2999/3251/2795 3001/3252/2796 2998/3253/2797
f 3002/3254/857 2982/3255/858 3003/3256/858
f 3003/3256/858 2917/3257/858 2916/3258/858
f 3004/3259/858 2984/3260/858 3005/3261/858
f 2984/3260/858 3002/3254/857 3005/3261/858
f 3006/3262/858 2988/3263/858 3007/3264/858
f 3007/3264/858 2991/3265/858 3004/3259/858
f 2940/3197/858 2992/3266/858 3008/3267/858
f 3008/3267/858 2993/3268/858 3006/3262/858
f 3009/3269/2798 2995/3270/2799 3000/3271/858
f 3010/3272/2800 2996/3273/2799 2995/3270/2799
f 2938/3274/858 3012/3275/858 2999/3276/858
f 2999/3276/858 3009/3269/2798 3000/3271/858
f 3013/3277/2801 2994/3278/2802 3014/3279/2803
f 3014/3279/2803 2997/3280/2804 3015/3281/2805
f 3017/3282/860 3018/3283/2806 3016/3284/860
f 2998/3285/2806 3013/3277/2801 3018/3283/2806
f 2935/3286/860 3019/3287/860 2945/3202/860
f 2934/3288/860 3016/3284/860 3019/3287/860
f 2986/3289/860 3021/3290/859 2983/3291/859
f 2983/3291/859 1054/3292/859 1014/3293/859
f 3022/3294/860 2985/3295/860 2990/3296/860
f 2985/3295/860 3020/3297/860 2986/3289/860
f 2941/3200/860 2989/3298/860 2942/3198/860
f 3024/3299/860 2990/3296/860 2989/3298/860
f 3025/3300/856 1058/1095/856 1054/1097/856
f 1058/1095/856 3027/3301/856 915/2204/856
f 2854/3302/856 3026/3303/856 3028/3304/856
f 3026/3303/856 2946/3203/856 3028/3304/856
f 2832/3083/856 3030/3305/856 2833/3084/856
f 3030/3305/856 2840/3306/856 2842/3307/856
f 2837/3308/856 3029/3309/856 3031/3310/856
f 3031/3310/856 2832/3083/856 2834/3085/856
f 2829/3080/856 3033/3311/856 2836/3088/856
f 3032/3312/856 2848/3313/856 3033/3311/856
f 2843/3314/856 3032/3312/856 3034/3315/856
f 3034/3315/856 2829/3080/856 2828/3082/856
f 2882/3316/856 3035/3317/856 3036/3318/856
f 3036/3318/856 2853/3319/856 2855/3104/856
f 2857/3106/856 3037/3320/856 3038/3321/856
f 3038/3321/856 2914/3322/856 2913/3323/856
f 2916/3324/856 3037/3320/856 3039/3325/856
f 3039/3325/856 2850/3099/856 2849/3101/856
f 2855/3104/856 3040/3326/856 3036/3318/856
f 3036/3318/856 2889/3327/856 2882/3316/856
f 2886/3328/856 3040/3326/856 3041/3329/856
f 3041/3329/856 2860/3108/856 2861/3109/856
f 2858/3111/856 3043/3330/856 2863/3112/856
f 3043/3330/856 2920/3331/856 2919/3332/856
f 2913/3323/856 3042/3333/856 3038/3321/856
f 3038/3321/856 2858/3111/856 2857/3106/856
f 2861/3109/856 3044/3334/856 3041/3329/856
f 3041/3329/856 2891/3335/856 2886/3328/856
f 2842/3307/856 3044/3334/856 3030/3305/856
f 3044/3334/856 2833/3084/856 3030/3305/856
f 2828/3082/856 3045/3336/856 3034/3315/856
f 3034/3315/856 2922/3337/856 2843/3314/856
f 2919/3332/856 3045/3336/856 3043/3330/856
f 3043/3330/856 2864/3115/856 2863/3112/856
f 2105/3120/2753 3046/3338/2807 2106/3339/2808
f 2106/3339/2808 2905/3340/2809 2078/3341/2810
f 2902/3342/2811 3046/3338/2807 3047/3343/2812
f 3047/3343/2812 2869/3121/2754 2870/3123/2756
f 2867/3116/2749 3049/3344/2813 2872/3124/2757
f 3048/3345/2814 2893/3346/2815 3049/3344/2813
f 2894/3347/2816 2161/3348/2817 2162/3349/2818
f 3048/3345/2814 2133/3118/2751 2161/3348/2817
f 2870/3123/2756 3050/3350/2819 3047/3343/2812
f 3047/3343/2812 2909/3351/2820 2902/3342/2811
f 2906/3352/856 3050/3350/2819 3051/3353/856
f 3051/3353/856 2875/3127/2760 2876/3129/856
f 2878/3130/856 3052/3354/2821 3053/3355/856
f 3052/3354/2821 2897/3356/856 3053/3355/856
f 2898/3357/2822 3049/3344/2813 2893/3346/2815
f 3052/3354/2821 2872/3124/2757 3049/3344/2813
f 2876/3129/856 3054/3358/856 3051/3353/856
f 3051/3353/856 2911/3359/856 2906/3352/856
f 2911/3359/856 3033/3311/856 2848/3313/856
f 3033/3311/856 2881/3132/856 2836/3088/856
f 2834/3085/856 3055/3360/856 3031/3310/856
f 3031/3310/856 2900/3361/856 2837/3308/856
f 2900/3361/856 3053/3355/856 2897/3356/856
f 3053/3355/856 2879/3133/856 2878/3130/856
f 2217/3362/2823 3056/3363/2824 2218/3364/2825
f 2218/3364/2825 3056/3363/2824 2219/3365/2826
f 2240/3366/2827 3056/3363/2824 2817/3367/2828
f 2817/3367/2828 3056/3363/2824 2818/3368/2829
f 2263/3369/2830 3056/3363/2824 2264/3370/2831
f 2264/3370/2831 3056/3363/2824 2265/3371/2832
f 2281/3372/2833 3056/3363/2824 2822/3373/2834
f 2822/3373/2834 3056/3363/2824 2823/3374/2835
f 2363/3375/2836 3056/3363/2824 2364/3376/2837
f 2364/3376/2837 3056/3363/2824 2365/3377/2838
f 2399/3378/2839 3056/3363/2824 2827/3379/2840
f 2827/3379/2840 3056/3363/2824 2826/3380/2841
f 2361/3381/2842 3056/3363/2824 2362/3382/2843
f 2362/3382/2843 3056/3363/2824 2328/3383/2844
f 2330/3384/2845 3056/3363/2824 2820/3385/2846
f 2820/3385/2846 3056/3363/2824 2821/3386/2847
f 2816/3387/2848 3056/3363/2824 2815/3388/2849
f 2815/3388/2849 3056/3363/2824 2814/3389/2850
f 2847/3390/2851 2839/3391/2852 2838/3392/2851
f 2841/3393/2853 2845/3394/2852 2844/3395/2853
f 2915/3396/2854 2883/3397/2855 2912/3398/2856
f 2884/3399/2857 2917/3400/2781 916/3401/973
f 2921/3402/2858 2887/3403/2859 2918/3404/2859
f 2888/3405/2860 2912/3398/2856 2883/3397/2855
f 2844/3395/2853 2890/3406/2861 2841/3393/2853
f 2890/3406/2861 2918/3404/2859 2887/3403/2859
f 2892/3407/2862 2904/3408/2863 2903/3409/2864
f 2816/3410/2848 2895/3411/2865 2821/3412/2847
f 2896/3413/2866 2908/3414/2867 2907/3415/2866
f 2903/3409/2864 2899/3416/2868 2892/3407/2862
f 2901/3417/2869 2847/3390/2851 2838/3392/2851
f 2907/3415/2866 2901/3417/2869 2896/3413/2866
f 3058/3418/2870 3060/3419/2871 3057/3420/2872
f 3059/3421/2873 3062/3422/2874 3060/3419/2871
f 3061/3423/2875 3064/3424/2876 3063/3425/2877
f 3059/3421/2873 3065/3426/2878 3064/3424/2876
f 3067/3427/2879 3069/3428/2880 3066/3429/2881
f 3068/3430/2882 3057/3420/2872 3069/3428/2880
f 3058/3418/2870 3070/3431/2883 3065/3426/2878
f 3068/3430/2882 3071/3432/2884 3070/3431/2883
f 3072/3433/2885 3060/3419/2871 3062/3422/2874
f 3073/3434/2886 3057/3420/2872 3060/3419/2871
f 3074/3435/2887 3076/3436/2888 3075/3437/2889
f 3073/3434/2886 3077/3438/2890 3076/3436/2888
f 3061/3423/2875 3079/3439/2891 3062/3422/2874
f 3078/3440/2892 3081/3441/2893 3079/3439/2891
f 3080/3442/2894 3083/3443/2895 3082/3444/2896
f 3078/3440/2892 3063/3425/2877 3083/3443/2895
f 3085/3445/2897 3087/3446/2898 3084/3447/2899
f 3086/3448/2900 3066/3429/2881 3087/3446/2898
f 3067/3427/2879 3088/3449/2901 3071/3432/2884
f 3086/3448/2900 3089/3450/2902 3088/3449/2901
f 3074/3435/2887 3069/3428/2880 3057/3420/2872
f 3090/3451/2903 3066/3429/2881 3069/3428/2880
f 3091/3452/2904 3093/3453/2905 3092/3454/2906
f 3090/3451/2903 3075/3437/2889 3093/3453/2905
f 3094/3455/2907 3079/3439/2891 3081/3441/2893
f 3095/3456/2908 3062/3422/2874 3079/3439/2891
f 3072/3433/2885 3096/3457/2909 3077/3438/2890
f 3095/3456/2908 3097/3458/2910 3096/3457/2909
f 3080/3442/2894 3099/3459/2911 3081/3441/2893
f 3098/3460/2912 3101/3461/2913 3099/3459/2911
f 3100/3462/2914 3103/3463/2915 3102/3464/2916
f 3098/3460/2912 3082/3444/2896 3103/3463/2915
f 3063/3425/2877 3105/3465/2917 3104/3466/2918
f 3064/3424/2876 3106/3467/2919 3105/3465/2917
f 3108/3468/2920 3110/3469/2921 3107/3470/2922
f 3109/3471/2923 3084/3447/2899 3110/3469/2921
f 3085/3445/2897 3111/3472/2924 3089/3450/2902
f 3109/3471/2923 3112/3473/2925 3111/3472/2924
f 3091/3452/2904 3087/3446/2898 3066/3429/2881
f 3113/3474/2926 3084/3447/2899 3087/3446/2898
f 3114/3475/2927 3116/3476/2928 3115/3477/2929
f 3113/3474/2926 3092/3454/2906 3116/3476/2928
f 3065/3426/2878 3117/3478/2930 3106/3467/2919
f 3070/3431/2883 3118/3479/2931 3117/3478/2930
f 3119/3480/2932 3099/3459/2911 3101/3461/2913
f 3120/3481/2933 3081/3441/2893 3099/3459/2911
f 3094/3455/2907 3121/3482/2934 3097/3458/2910
f 3120/3481/2933 3122/3483/2935 3121/3482/2934
f 3075/3437/2889 3124/3484/2936 3123/3485/2937
f 3076/3436/2888 3125/3486/2938 3124/3484/2936
f 3100/3462/2914 3127/3487/2939 3101/3461/2913
f 3126/3488/2940 3129/3489/2941 3127/3487/2939
f 3128/3490/2942 3131/3491/2943 3130/3492/2944
f 3126/3488/2940 3102/3464/2916 3131/3491/2943
f 3082/3444/2896 3133/3493/2945 3132/3494/2946
f 3083/3443/2895 3104/3466/2918 3133/3493/2945
f 3134/3495/2947 3136/3496/2948 3137/3497/2949
f 3136/3498/2948 3107/3470/2922 3137/3499/2949
f 3108/3468/2920 3138/3500/2950 3112/3473/2925
f 3138/3501/2950 3135/3502/2951 3139/3503/2952
f 3114/3475/2927 3110/3469/2921 3084/3447/2899
f 3140/3504/2953 3107/3470/2922 3110/3469/2921
f 3141/3505/2954 3143/3506/2955 3142/3507/2956
f 3140/3504/2953 3115/3477/2929 3143/3506/2955
f 3071/3432/2884 3144/3508/2957 3118/3479/2931
f 3088/3449/2901 3145/3509/2958 3144/3508/2957
f 3092/3454/2906 3147/3510/2959 3146/3511/2960
f 3093/3453/2905 3123/3485/2937 3147/3510/2959
f 3148/3512/2961 3127/3487/2939 3129/3489/2941
f 3149/3513/2962 3101/3461/2913 3127/3487/2939
f 3119/3480/2932 3150/3514/2963 3122/3483/2935
f 3149/3513/2962 3151/3515/2964 3150/3514/2963
f 3077/3438/2890 3152/3516/2965 3125/3486/2938
f 3096/3457/2909 3153/3517/2966 3152/3516/2965
f 3128/3490/2942 3155/3518/2967 3129/3489/2941
f 3154/3519/2968 3157/3520/2969 3155/3518/2967
f 3156/3521/2970 3159/3522/2971 3158/3523/2972
f 3154/3519/2968 3130/3492/2944 3159/3522/2971
f 3102/3464/2916 3161/3524/2973 3160/3525/2974
f 3103/3463/2915 3132/3494/2946 3161/3524/2973
f 3162/3526/2975 3164/3527/2976 3165/3528/2977
f 3165/3528/2977 3135/3502/2951 3134/3495/2947
f 3139/3503/2952 3164/3527/2976 3166/3529/2978
f 3166/3529/2978 3163/3530/2979 3167/3531/2980
f 3141/3505/2954 3137/3499/2949 3107/3470/2922
f 3137/3497/2949 3169/3532/2981 3134/3495/2947
f 3170/3533/2982 3168/3534/2983 3171/3535/2984
f 3171/3536/2984 3141/3505/2954 3142/3507/2956
f 3089/3450/2902 3172/3537/2985 3145/3509/2958
f 3111/3472/2924 3173/3538/2986 3172/3537/2985
f 3115/3477/2929 3174/3539/2987 3011/3540/2988
f 3116/3476/2928 3146/3511/2960 3174/3539/2987
f 3175/3541/2989 3155/3518/2967 3157/3520/2969
f 3176/3542/2990 3129/3489/2941 3155/3518/2967
f 3148/3512/2961 3177/3543/2991 3151/3515/2964
f 3176/3542/2990 3178/3544/2992 3177/3543/2991
f 3097/3458/2910 3179/3545/2993 3153/3517/2966
f 3121/3482/2934 3180/3546/2994 3179/3545/2993
f 3156/3521/2970 3182/3547/2995 3157/3520/2969
f 3181/3548/2996 3184/3549/2997 3182/3547/2995
f 3183/3550/2998 3186/3551/2999 3185/3552/3000
f 3181/3548/2996 3158/3523/2972 3186/3551/2999
f 3130/3492/2944 3188/3553/3001 3187/3554/3002
f 3131/3491/2943 3160/3525/2974 3188/3553/3001
f 3189/3555/3003 3191/3556/3004 3192/3557/3005
f 3192/3557/3005 3163/3530/2979 3162/3526/2975
f 3167/3531/2980 3191/3556/3004 3193/3558/3006
f 3193/3558/3006 3190/3559/3007 3194/3560/3008
f 3134/3495/2947 3195/3561/3009 3165/3528/2977
f 3165/3528/2977 3196/3562/3010 3162/3526/2975
f 3197/3563/3011 3195/3561/3009 3198/3564/3012
f 3198/3564/3012 3169/3532/2981 3170/3533/2982
f 3112/3473/2925 3199/3565/3013 3173/3538/2986
f 3199/3566/3013 3139/3503/2952 3200/3567/3014
f 3142/3507/2956 3201/3568/3015 2970/3569/3016
f 3143/3506/2955 3011/3540/2988 3201/3568/3015
f 3202/3570/3017 3182/3547/2995 3184/3549/2997
f 3203/3571/3018 3157/3520/2969 3182/3547/2995
f 3175/3541/2989 3204/3572/3019 3178/3544/2992
f 3203/3571/3018 3205/3573/3020 3204/3572/3019
f 3122/3483/2935 3206/3574/3021 3180/3546/2994
f 3150/3514/2963 3207/3575/3022 3206/3574/3021
f 3183/3550/2998 3209/3576/3023 3184/3549/2997
f 3209/3576/3023 3210/3577/3024 3211/3578/3025
f 3212/3579/3026 3208/3580/3027 3213/3581/3028
f 3208/3580/3027 3185/3552/3000 3213/3581/3028
f 3158/3523/2972 3215/3582/3029 3214/3583/3030
f 3159/3522/2971 3187/3554/3002 3215/3582/3029
f 3216/3584/3031 3218/3585/3032 3219/3586/3033
f 3219/3586/3033 3190/3559/3007 3189/3555/3003
f 3194/3560/3008 3218/3585/3032 3220/3587/3034
f 3220/3587/3034 3217/3588/3035 3221/3589/3036
f 3162/3526/2975 3222/3590/3037 3192/3557/3005
f 3192/3557/3005 3223/3591/3038 3189/3555/3003
f 3224/3592/3039 3222/3590/3037 3225/3593/3040
f 3225/3593/3040 3196/3562/3010 3197/3563/3011
f 3200/3567/3014 3166/3529/2978 3226/3594/3041
f 3226/3594/3041 3167/3531/2980 3227/3595/3042
f 2975/3596/3043 3171/3535/2984 2973/3597/3044
f 2973/3598/3044 3142/3507/2956 2970/3569/3016
f 3211/3578/3025 3229/3599/3045 3209/3576/3023
f 3229/3599/3045 3184/3549/2997 3209/3576/3023
f 3202/3570/3017 3230/3600/3046 3205/3573/3020
f 3229/3599/3045 3231/3601/3047 3230/3600/3046
f 3151/3515/2964 3232/3602/3048 3207/3575/3022
f 3177/3543/2991 3233/3603/3049 3232/3602/3048
f 3211/3578/3025 3234/3604/3050 3235/3605/3051
f 3235/3605/3051 3236/3606/3052 3237/3607/3053
f 3238/3608/3054 3234/3604/3050 3239/3609/3055
f 3239/3609/3055 3210/3577/3024 3212/3579/3026
f 3185/3552/3000 3241/3610/3056 3240/3611/3057
f 3186/3551/2999 3214/3583/3030 3241/3610/3056
f 3242/3612/3058 3244/3613/3059 3245/3614/3060
f 3245/3614/3060 3217/3588/3035 3216/3584/3031
f 3221/3589/3036 3244/3613/3059 3246/3615/3061
f 3246/3615/3061 3243/3616/3062 3247/3617/3063
f 3189/3555/3003 3248/3618/3064 3219/3586/3033
f 3219/3586/3033 3249/3619/3065 3216/3584/3031
f 3250/3620/3066 3248/3618/3064 3251/3621/3067
f 3251/3621/3067 3223/3591/3038 3224/3592/3039
f 3227/3595/3042 3193/3558/3006 3252/3622/3068
f 3252/3622/3068 3194/3560/3008 3253/3623/3069
f 3015/3624/3070 3198/3564/3012 3254/3625/3071
f 3254/3625/3071 3170/3533/2982 2975/3596/3043
f 3237/3607/3053 3256/3626/3072 3235/3605/3051
f 3235/3605/3051 3228/3627/3073 3211/3578/3025
f 3231/3601/3047 3256/3626/3072 3257/3628/3074
f 3257/3628/3074 3255/3629/3075 3258/3630/3076
f 3178/3544/2992 3259/3631/3077 3233/3603/3049
f 3204/3572/3019 3260/3632/3078 3259/3631/3077
f 3237/3607/3053 3261/3633/3079 3262/3634/3080
f 3262/3634/3080 3263/3635/3081 3264/3636/3082
f 3265/3637/3083 3261/3633/3079 3266/3638/3084
f 3266/3638/3084 3236/3606/3052 3238/3608/3054
f 3267/3639/3085 3213/3581/3028 3268/3640/3086
f 3213/3581/3028 3240/3611/3057 3268/3640/3086
f 3269/3641/3087 3271/3642/3088 3272/3643/3089
f 3272/3643/3089 3243/3616/3062 3242/3612/3058
f 3247/3617/3063 3271/3642/3088 3273/3644/3090
f 3273/3644/3090 3270/3645/3091 3274/3646/3092
f 3216/3584/3031 3275/3647/3093 3245/3614/3060
f 3245/3614/3060 3276/3648/3094 3242/3612/3058
f 3277/3649/3095 3275/3647/3093 3278/3650/3096
f 3278/3650/3096 3249/3619/3065 3250/3620/3066
f 3253/3623/3069 3220/3587/3034 3279/3651/3097
f 3279/3651/3097 3221/3589/3036 3280/3652/3098
f 3281/3653/3099 3225/3593/3040 3282/3654/3100
f 3282/3654/3100 3197/3563/3011 3015/3624/3070
f 3264/3636/3082 3284/3655/3101 3262/3634/3080
f 3262/3634/3080 3255/3629/3075 3237/3607/3053
f 3258/3630/3076 3284/3655/3101 3285/3656/3102
f 3285/3656/3102 3283/3657/3103 3286/3658/3104
f 3205/3573/3020 3287/3659/3105 3260/3632/3078
f 3230/3600/3046 3288/3660/3106 3287/3659/3105
f 3264/3636/3082 3289/3661/3107 3290/3662/3108
f 3290/3662/3108 3291/3663/3109 3292/3664/3110
f 3293/3665/3111 3289/3661/3107 3294/3666/3112
f 3294/3666/3112 3263/3635/3081 3265/3637/3083
f 3295/3667/3113 3239/3609/3055 3296/3668/3114
f 3296/3668/3114 3212/3579/3026 3267/3639/3085
f 3292/3664/3110 3297/3669/3115 3298/3670/3116
f 3298/3670/3116 3270/3645/3091 3269/3641/3087
f 3274/3646/3092 3297/3669/3115 3299/3671/3117
f 3299/3671/3117 3291/3663/3109 3293/3665/3111
f 3242/3612/3058 3300/3672/3118 3272/3643/3089
f 3272/3643/3089 3301/3673/3119 3269/3641/3087
f 3302/3674/3120 3300/3672/3118 3303/3675/3121
f 3303/3675/3121 3276/3648/3094 3277/3649/3095
f 3280/3652/3098 3246/3615/3061 3304/3676/3122
f 3304/3676/3122 3247/3617/3063 3305/3677/3123
f 3306/3678/3124 3251/3621/3067 3307/3679/3125
f 3307/3679/3125 3224/3592/3039 3281/3653/3099
f 3292/3664/3110 3309/3680/3126 3290/3662/3108
f 3290/3662/3108 3283/3657/3103 3264/3636/3082
f 3286/3658/3104 3309/3680/3126 3310/3681/3127
f 3310/3681/3127 3308/3682/3128 3311/3683/3129
f 3231/3601/3047 3312/3684/3130 3288/3660/3106
f 3312/3684/3130 3258/3630/3076 3313/3685/3131
f 3314/3686/3132 3266/3638/3084 3315/3687/3133
f 3315/3687/3133 3238/3608/3054 3295/3667/3113
f 3269/3641/3087 3316/3688/3134 3298/3670/3116
f 3298/3670/3116 3308/3682/3128 3292/3664/3110
f 3311/3683/3129 3316/3688/3134 3317/3689/3135
f 3317/3689/3135 3301/3673/3119 3302/3674/3120
f 3305/3677/3123 3273/3644/3090 3318/3690/3136
f 3318/3690/3136 3274/3646/3092 3319/3691/3137
f 3320/3692/3138 3278/3650/3096 3321/3693/3139
f 3321/3693/3139 3250/3620/3066 3306/3678/3124
f 3313/3685/3131 3285/3656/3102 3322/3694/3140
f 3322/3694/3140 3286/3658/3104 3323/3695/3141
f 3324/3696/3142 3294/3666/3112 3325/3697/3143
f 3325/3697/3143 3265/3637/3083 3314/3686/3132
f 3319/3691/3137 3299/3671/3117 3326/3698/3144
f 3326/3698/3144 3293/3665/3111 3324/3696/3142
f 3327/3699/3145 3303/3675/3121 3328/3700/3146
f 3328/3700/3146 3277/3649/3095 3320/3692/3138
f 3323/3695/3141 3310/3681/3127 3329/3701/3147
f 3329/3701/3147 3311/3683/3129 3330/3702/3148
f 3330/3702/3148 3317/3689/3135 3331/3703/3149
f 3331/3703/3149 3302/3674/3120 3327/3699/3145
f 3332/3704/3150 3334/3705/3151 3335/3706/3152
f 3335/3706/3152 3105/3465/2917 3106/3467/2919
f 3104/3466/2918 3334/3705/3151 3336/3707/3153
f 3336/3707/3153 3333/3708/3154 3337/3709/3155
f 3106/3467/2919 3338/3710/3156 3335/3706/3152
f 3335/3706/3152 3339/3711/3157 3332/3704/3150
f 3340/3712/3158 3338/3710/3156 3341/3713/3159
f 3341/3713/3159 3117/3478/2930 3118/3479/2931
f 3337/3709/3155 3343/3714/3160 3336/3707/3153
f 3336/3707/3153 3133/3493/2945 3104/3466/2918
f 3132/3494/2946 3343/3714/3160 3344/3715/3161
f 3344/3715/3161 3342/3716/3162 3345/3717/3163
f 3346/3718/3164 3348/3719/3165 3349/3720/3166
f 3349/3720/3166 3333/3708/3154 3332/3704/3150
f 3337/3709/3155 3348/3719/3165 3350/3721/3167
f 3350/3721/3167 3347/3722/3168 3351/3723/3169
f 3118/3479/2931 3352/3724/3170 3341/3713/3159
f 3341/3713/3159 3353/3725/3171 3340/3712/3158
f 3354/3726/3172 3352/3724/3170 3355/3727/3173
f 3355/3727/3173 3144/3508/2957 3145/3509/2958
f 3332/3704/3150 3356/3728/3174 3349/3720/3166
f 3349/3720/3166 3357/3729/3175 3346/3718/3164
f 3358/3730/3176 3356/3728/3174 3359/3731/3177
f 3359/3731/3177 3339/3711/3157 3340/3712/3158
f 3160/3525/2974 3360/3732/3178 3361/3733/3179
f 3361/3733/3179 3362/3734/3180 3363/3735/3181
f 3345/3717/3163 3360/3732/3178 3344/3715/3161
f 3344/3715/3161 3161/3524/2973 3132/3494/2946
f 3351/3723/3169 3365/3736/3182 3350/3721/3167
f 3350/3721/3167 3342/3716/3162 3337/3709/3155
f 3345/3717/3163 3365/3736/3182 3366/3737/3183
f 3366/3737/3183 3364/3738/3184 3367/3739/3185
f 3368/3740/3186 3347/3722/3168 3346/3718/3164
f 3369/3741/3187 3351/3723/3169 3347/3722/3168
f 3370/3742/3188 3372/3743/3189 3371/3744/3190
f 3369/3741/3187 3373/3745/3191 3372/3743/3189
f 3374/3746/3192 3376/3747/3193 3377/3748/3194
f 3377/3748/3194 3172/3537/2985 3173/3538/2986
f 3145/3509/2958 3376/3747/3193 3355/3727/3173
f 3355/3727/3173 3375/3749/3195 3354/3726/3172
f 3340/3712/3158 3378/3750/3196 3359/3731/3177
f 3359/3731/3177 3379/3751/3197 3358/3730/3176
f 3380/3752/3198 3378/3750/3196 3381/3753/3199
f 3381/3753/3199 3353/3725/3171 3354/3726/3172
f 3346/3718/3164 3382/3754/3200 3368/3740/3186
f 3368/3740/3186 3383/3755/3201 3373/3745/3191
f 3384/3756/3202 3382/3754/3200 3385/3757/3203
f 3385/3757/3203 3357/3729/3175 3358/3730/3176
f 3187/3554/3002 3386/3758/3204 3387/3759/3205
f 3387/3759/3205 3388/3760/3206 3389/3761/3207
f 3363/3735/3181 3386/3758/3204 3361/3733/3179
f 3361/3733/3179 3188/3553/3001 3160/3525/2974
f 3363/3735/3181 3390/3762/3208 3391/3763/3209
f 3391/3763/3209 3392/3764/3210 3393/3765/3211
f 3367/3739/3185 3390/3762/3208 3366/3737/3183
f 3366/3737/3183 3362/3734/3180 3345/3717/3163
f 3370/3742/3188 3364/3738/3184 3351/3723/3169
f 3394/3766/3212 3367/3739/3185 3364/3738/3184
f 3395/3767/3213 3397/3768/3214 3396/3769/3215
f 3394/3766/3212 3371/3744/3190 3397/3768/3214
f 3399/3770/3216 3401/3771/3217 3398/3772/3218
f 3400/3773/3219 3200/3567/3014 3401/3771/3217
f 3173/3538/2986 3400/3774/3219 3377/3748/3194
f 3377/3748/3194 3399/3775/3216 3374/3746/3192
f 3402/3776/3220 3404/3777/3221 3405/3778/3222
f 3405/3778/3222 3375/3749/3195 3374/3746/3192
f 3354/3726/3172 3404/3777/3221 3381/3753/3199
f 3381/3753/3199 3403/3779/3223 3380/3752/3198
f 3358/3730/3176 3406/3780/3224 3385/3757/3203
f 3385/3757/3203 3407/3781/3225 3384/3756/3202
f 3408/3782/3226 3406/3780/3224 3409/3783/3227
f 3409/3783/3227 3379/3751/3197 3380/3752/3198
f 3389/3761/3207 3411/3784/3228 3387/3759/3205
f 3387/3759/3205 3215/3582/3029 3187/3554/3002
f 3214/3583/3030 3411/3784/3228 3412/3785/3229
f 3412/3785/3229 3410/3786/3230 3413/3787/3231
f 3389/3761/3207 3414/3788/3232 3415/3789/3233
f 3415/3789/3233 3416/3790/3234 3417/3791/3235
f 3393/3765/3211 3414/3788/3232 3391/3763/3209
f 3391/3763/3209 3388/3760/3206 3363/3735/3181
f 3393/3765/3211 3418/3792/3236 3419/3793/3237
f 3419/3793/3237 3420/3794/3238 3421/3795/3239
f 3396/3769/3215 3418/3792/3236 3395/3767/3213
f 3395/3767/3213 3392/3764/3210 3367/3739/3185
f 3422/3796/3240 3372/3743/3189 3373/3745/3191
f 3423/3797/3241 3371/3744/3190 3372/3743/3189
f 3424/3798/3242 3426/3799/3243 3425/3800/3244
f 3423/3797/3241 3427/3801/3245 3426/3799/3243
f 3226/3594/3041 3401/3771/3217 3200/3567/3014
f 3428/3802/3246 3398/3772/3218 3401/3771/3217
f 3429/3803/3247 3431/3804/3248 3430/3805/3249
f 3428/3802/3246 3227/3595/3042 3431/3804/3248
f 3432/3806/3250 3434/3807/3251 3435/3808/3252
f 3434/3807/3251 3398/3772/3218 3435/3808/3252
f 3374/3746/3192 3434/3809/3251 3405/3778/3222
f 3405/3778/3222 3433/3810/3253 3402/3776/3220
f 3436/3811/3254 3403/3779/3223 3402/3776/3220
f 3437/3812/3255 3380/3752/3198 3403/3779/3223
f 3409/3783/3227 3438/3813/3256 3408/3782/3226
f 3437/3812/3255 3439/3814/3257 3438/3813/3256
f 3440/3815/3258 3383/3755/3201 3384/3756/3202
f 3441/3816/3259 3373/3745/3191 3383/3755/3201
f 3422/3796/3240 3442/3817/3260 3427/3801/3245
f 3441/3816/3259 3443/3818/3261 3442/3817/3260
f 3413/3787/3231 3445/3819/3262 3412/3785/3229
f 3412/3785/3229 3241/3610/3056 3214/3583/3030
f 3240/3611/3057 3445/3819/3262 3446/3820/3263
f 3446/3820/3263 3444/3821/3264 3447/3822/3265
f 3417/3791/3235 3449/3823/3266 3415/3789/3233
f 3415/3789/3233 3410/3786/3230 3389/3761/3207
f 3413/3787/3231 3449/3823/3266 3450/3824/3267
f 3450/3824/3267 3448/3825/3268 3451/3826/3269
f 3417/3791/3235 3452/3827/3270 3453/3828/3271
f 3453/3828/3271 3454/3829/3272 3455/3830/3273
f 3421/3795/3239 3452/3827/3270 3419/3793/3237
f 3419/3793/3237 3416/3790/3234 3393/3765/3211
f 3424/3798/3242 3397/3768/3214 3371/3744/3190
f 3456/3831/3274 3396/3769/3215 3397/3768/3214
f 3457/3832/3275 3459/3833/3276 3458/3834/3277
f 3456/3831/3274 3425/3800/3244 3459/3833/3276
f 3252/3622/3068 3431/3804/3248 3227/3595/3042
f 3460/3835/3278 3430/3805/3249 3431/3804/3248
f 3461/3836/3279 3463/3837/3280 3462/3838/3281
f 3460/3835/3278 3253/3623/3069 3463/3837/3280
f 3429/3803/3247 3435/3808/3252 3398/3772/3218
f 3464/3839/3282 3432/3806/3250 3435/3808/3252
f 3465/3840/3283 3467/3841/3284 3466/3842/3285
f 3464/3839/3282 3430/3805/3249 3467/3841/3284
f 3468/3843/3286 3433/3844/3253 3432/3806/3250
f 3469/3845/3287 3402/3776/3220 3433/3810/3253
f 3436/3811/3254 3470/3846/3288 3439/3814/3257
f 3469/3847/3287 3471/3848/3289 3470/3849/3288
f 3472/3850/3290 3407/3781/3225 3408/3782/3226
f 3473/3851/3291 3384/3756/3202 3407/3781/3225
f 3440/3815/3258 3474/3852/3292 3443/3818/3261
f 3473/3851/3291 3475/3853/3293 3474/3852/3292
f 3268/3640/3086 3477/3854/3294 3267/3639/3085
f 3476/3855/3295 3479/3856/3296 3477/3854/3294
f 3447/3822/3265 3476/3855/3295 3446/3820/3263
f 3446/3820/3263 3268/3640/3086 3240/3611/3057
f 3451/3826/3269 3481/3857/3297 3450/3824/3267
f 3450/3824/3267 3444/3821/3264 3413/3787/3231
f 3447/3822/3265 3481/3857/3297 3482/3858/3298
f 3482/3858/3298 3480/3859/3299 3483/3860/3300
f 3453/3828/3271 3448/3825/3268 3417/3791/3235
f 3484/3861/3301 3451/3826/3269 3448/3825/3268
f 3485/3862/3302 3487/3863/3303 3486/3864/3304
f 3484/3861/3301 3455/3830/3273 3487/3863/3303
f 3457/3832/3275 3420/3794/3238 3396/3769/3215
f 3488/3865/3305 3421/3795/3239 3420/3794/3238
f 3489/3866/3306 3491/3867/3307 3490/3868/3308
f 3488/3865/3305 3458/3834/3277 3491/3867/3307
f 3493/3869/3309 3495/3870/3310 3492/3871/3311
f 3494/3872/3312 3497/3873/3313 3495/3870/3310
f 3496/3874/3314 3426/3799/3243 3427/3801/3245
f 3494/3872/3312 3425/3800/3244 3426/3799/3243
f 3499/3875/3315 3501/3876/3316 3498/3877/3317
f 3500/3878/3318 3280/3652/3098 3501/3876/3316
f 3279/3651/3097 3463/3837/3280 3253/3623/3069
f 3500/3878/3318 3462/3838/3281 3463/3837/3280
f 3461/3836/3279 3467/3841/3284 3430/3805/3249
f 3502/3879/3319 3466/3842/3285 3467/3841/3284
f 3503/3880/3320 3505/3881/3321 3504/3882/3322
f 3502/3879/3319 3462/3838/3281 3505/3881/3321
f 3465/3840/3283 3468/3843/3286 3432/3806/3250
f 3506/3883/3323 3471/3848/3289 3468/3843/3286
f 3507/3884/3324 3509/3885/3325 3508/3886/3326
f 3506/3883/3323 3466/3842/3285 3509/3885/3325
f 3510/3887/3327 3438/3813/3256 3439/3814/3257
f 3511/3888/3328 3408/3782/3226 3438/3813/3256
f 3472/3850/3290 3512/3889/3329 3475/3853/3293
f 3511/3888/3328 3513/3890/3330 3512/3889/3329
f 3496/3874/3314 3515/3891/3331 3497/3873/3313
f 3514/3892/3332 3517/3893/3333 3515/3891/3331
f 3516/3894/3334 3442/3817/3260 3443/3818/3261
f 3514/3892/3332 3427/3801/3245 3442/3817/3260
f 3296/3668/3114 3519/3895/3335 3295/3667/3113
f 3518/3896/3336 3521/3897/3337 3519/3895/3335
f 3520/3898/3338 3477/3854/3294 3479/3856/3296
f 3518/3896/3336 3267/3639/3085 3477/3854/3294
f 3478/3899/3339 3523/3900/3340 3479/3856/3296
f 3522/3901/3341 3525/3902/3342 3523/3900/3340
f 3483/3860/3300 3522/3901/3341 3482/3858/3298
f 3482/3858/3298 3478/3899/3339 3447/3822/3265
f 3485/3862/3302 3480/3859/3299 3451/3826/3269
f 3526/3903/3343 3483/3860/3300 3480/3859/3299
f 3527/3904/3344 3529/3905/3345 3528/3906/3346
f 3526/3903/3343 3486/3864/3304 3529/3905/3345
f 3489/3866/3306 3454/3829/3272 3421/3795/3239
f 3530/3907/3347 3455/3830/3273 3454/3829/3272
f 3531/3908/3348 3533/3909/3349 3532/3910/3350
f 3530/3907/3347 3490/3868/3308 3533/3909/3349
f 3535/3911/3351 3537/3912/3352 3534/3913/3353
f 3536/3914/3354 3492/3871/3311 3537/3912/3352
f 3493/3869/3309 3459/3833/3276 3425/3800/3244
f 3536/3914/3354 3458/3834/3277 3459/3833/3276
f 3539/3915/3355 3541/3916/3356 3538/3917/3357
f 3540/3918/3358 3305/3677/3123 3541/3916/3356
f 3304/3676/3122 3501/3876/3316 3280/3652/3098
f 3540/3918/3358 3498/3877/3317 3501/3876/3316
f 3543/3919/3359 3545/3920/3360 3542/3921/3361
f 3544/3922/3362 3498/3877/3317 3545/3920/3360
f 3499/3875/3315 3505/3881/3321 3462/3838/3281
f 3544/3922/3362 3504/3882/3322 3505/3881/3321
f 3503/3880/3320 3509/3885/3325 3466/3842/3285
f 3546/3923/3363 3508/3886/3326 3509/3885/3325
f 3547/3924/3364 3549/3925/3365 3548/3926/3366
f 3546/3923/3363 3504/3882/3322 3549/3925/3365
f 3550/3927/3367 3470/3849/3288 3471/3848/3289
f 3551/3928/3368 3439/3814/3257 3470/3846/3288
f 3510/3887/3327 3552/3929/3369 3513/3890/3330
f 3551/3930/3368 3553/3931/3370 3552/3932/3369
f 3516/3894/3334 3555/3933/3371 3517/3893/3333
f 3554/3934/3372 3557/3935/3373 3555/3933/3371
f 3556/3936/3374 3474/3852/3292 3475/3853/3293
f 3554/3934/3372 3443/3818/3261 3474/3852/3292
f 3558/3937/3375 3519/3895/3335 3521/3897/3337
f 3559/3938/3376 3295/3667/3113 3519/3895/3335
f 3315/3687/3133 3560/3939/3377 3314/3686/3132
f 3559/3938/3376 3561/3940/3378 3560/3939/3377
f 3520/3898/3338 3563/3941/3379 3521/3897/3337
f 3562/3942/3380 3565/3943/3381 3563/3941/3379
f 3564/3944/3382 3523/3900/3340 3525/3902/3342
f 3562/3942/3380 3479/3856/3296 3523/3900/3340
f 3525/3902/3342 3566/3945/3383 3567/3946/3384
f 3567/3946/3384 3568/3947/3385 3569/3948/3386
f 3528/3906/3346 3566/3945/3383 3527/3904/3344
f 3527/3904/3344 3524/3949/3387 3483/3860/3300
f 3531/3908/3348 3487/3863/3303 3455/3830/3273
f 3570/3950/3388 3486/3864/3304 3487/3863/3303
f 3571/3951/3389 3573/3952/3390 3572/3953/3391
f 3570/3950/3388 3532/3910/3350 3573/3952/3390
f 3575/3954/3392 3577/3955/3393 3574/3956/3394
f 3576/3957/3395 3534/3913/3353 3577/3955/3393
f 3535/3911/3351 3491/3867/3307 3458/3834/3277
f 3576/3957/3395 3490/3868/3308 3491/3867/3307
f 3578/3958/3396 3495/3870/3310 3497/3873/3313
f 3579/3959/3397 3492/3871/3311 3495/3870/3310
f 3580/3960/3398 3582/3961/3399 3581/3962/3400
f 3579/3959/3397 3583/3963/3401 3582/3961/3399
f 3318/3690/3136 3541/3916/3356 3305/3677/3123
f 3584/3964/3402 3538/3917/3357 3541/3916/3356
f 3585/3965/3403 3587/3966/3404 3586/3967/3405
f 3584/3964/3402 3319/3691/3137 3587/3966/3404
f 3589/3968/3406 3591/3969/3407 3588/3970/3408
f 3590/3971/3409 3538/3917/3357 3591/3969/3407
f 3539/3915/3355 3545/3920/3360 3498/3877/3317
f 3590/3971/3409 3542/3921/3361 3545/3920/3360
f 3542/3921/3361 3593/3972/3410 3543/3919/3359
f 3543/3919/3359 3549/3925/3365 3504/3882/3322
f 3548/3926/3366 3593/3972/3410 3594/3973/3411
f 3594/3973/3411 3592/3974/3412 3595/3975/3413
f 3508/3886/3326 3597/3976/3414 3507/3884/3324
f 3507/3884/3324 3550/3927/3367 3471/3848/3289
f 3553/3931/3370 3597/3976/3414 3598/3977/3415
f 3598/3977/3415 3596/3978/3416 3599/3979/3417
f 3556/3936/3374 3601/3980/3418 3557/3935/3373
f 3600/3981/3419 3603/3982/3420 3601/3980/3418
f 3602/3983/3421 3512/3889/3329 3513/3890/3330
f 3600/3981/3419 3475/3853/3293 3512/3889/3329
f 3604/3984/3422 3515/3891/3331 3517/3893/3333
f 3605/3985/3423 3497/3873/3313 3515/3891/3331
f 3583/3963/3401 3605/3985/3423 3606/3986/3424
f 3605/3985/3423 3607/3987/3425 3606/3986/3424
f 3608/3988/3426 3560/3939/3377 3561/3940/3378
f 3609/3989/3427 3314/3686/3132 3560/3939/3377
f 3325/3697/3143 3610/3990/3428 3324/3696/3142
f 3609/3989/3427 3611/3991/3429 3610/3990/3428
f 3612/3992/3430 3563/3941/3379 3565/3943/3381
f 3613/3993/3431 3521/3897/3337 3563/3941/3379
f 3558/3937/3375 3614/3994/3432 3561/3940/3378
f 3613/3993/3431 3615/3995/3433 3614/3994/3432
f 3564/3944/3382 3617/3996/3434 3565/3943/3381
f 3616/3997/3435 3619/3998/3436 3617/3996/3434
f 3618/3999/3437 3567/3946/3384 3569/3948/3386
f 3616/3997/3435 3525/3902/3342 3567/3946/3384
f 3571/3951/3389 3529/3905/3345 3486/3864/3304
f 3620/4000/3438 3528/3906/3346 3529/3905/3345
f 3621/4001/3439 3623/4002/3440 3622/4003/3441
f 3620/4000/3438 3572/3953/3391 3623/4002/3440
f 3625/4004/3442 3627/4005/3443 3624/4006/3444
f 3626/4007/3445 3574/3956/3394 3627/4005/3443
f 3575/3954/3392 3533/3909/3349 3490/3868/3308
f 3626/4007/3445 3532/3910/3350 3533/3909/3349
f 3580/3960/3398 3537/3912/3352 3492/3871/3311
f 3537/3912/3352 3629/4008/3446 3534/3913/3353
f 3630/4009/3447 3628/4010/3448 3631/4011/3449
f 3631/4011/3449 3580/3960/3398 3581/3962/3400
f 3326/3698/3144 3587/3966/3404 3319/3691/3137
f 3632/4012/3450 3586/3967/3405 3587/3966/3404
f 3633/4013/3451 3610/3990/3428 3611/3991/3429
f 3632/4012/3450 3324/3696/3142 3610/3990/3428
f 3585/3965/3403 3591/3969/3407 3538/3917/3357
f 3634/4014/3452 3588/3970/3408 3591/3969/3407
f 3635/4015/3453 3637/4016/3454 3636/4017/3455
f 3634/4014/3452 3586/3967/3405 3637/4016/3454
f 3588/3970/3408 3639/4018/3456 3589/3968/3406
f 3589/3968/3406 3592/3974/3412 3542/3921/3361
f 3595/3975/3413 3639/4018/3456 3640/4019/3457
f 3640/4019/3457 3638/4020/3458 3641/4021/3459
f 3548/3926/3366 3643/4022/3460 3547/3924/3364
f 3547/3924/3364 3596/3978/3416 3508/3886/3326
f 3599/3979/3417 3643/4022/3460 3644/4023/3461
f 3644/4023/3461 3642/4024/3462 3645/4025/3463
f 3602/3983/3421 3647/4026/3464 3603/3982/3420
f 3646/4027/3465 3649/4028/3466 3647/4029/3464
f 3648/4030/3467 3552/3932/3369 3553/3931/3370
f 3646/4031/3465 3513/3890/3330 3552/3929/3369
f 3650/4032/3468 3555/3933/3371 3557/3935/3373
f 3651/4033/3469 3517/3893/3333 3555/3933/3371
f 3604/3984/3422 3652/4034/3470 3607/3987/3425
f 3651/4033/3469 3653/4035/3471 3652/4034/3470
f 3654/4036/3472 3614/3994/3432 3615/3995/3433
f 3655/4037/3473 3561/3940/3378 3614/3994/3432
f 3608/3988/3426 3656/4038/3474 3611/3991/3429
f 3655/4037/3473 3657/4039/3475 3656/4038/3474
f 3565/3943/3381 3658/4040/3476 3612/3992/3430
f 3612/3992/3430 3659/4041/3477 3615/3995/3433
f 3660/4042/3478 3658/4040/3476 3661/4043/3479
f 3661/4043/3479 3617/3996/3434 3619/3998/3436
f 3621/4001/3439 3568/3947/3385 3528/3906/3346
f 3662/4044/3480 3569/3948/3386 3568/3947/3385
f 3663/4045/3481 3665/4046/3482 3664/4047/3483
f 3662/4044/3480 3622/4003/3441 3665/4046/3482
f 3667/4048/3484 3669/4049/3485 3666/4050/3486
f 3668/4051/3487 3624/4006/3444 3669/4049/3485
f 3625/4004/3442 3573/3952/3390 3532/3910/3350
f 3668/4051/3487 3572/3953/3391 3573/3952/3390
f 3534/3913/3353 3670/4052/3488 3577/3955/3393
f 3577/3955/3393 3671/4053/3489 3574/3956/3394
f 3672/4054/3490 3670/4052/3488 3673/4055/3491
f 3673/4055/3491 3629/4008/3446 3630/4009/3447
f 3633/4013/3451 3637/4016/3454 3586/3967/3405
f 3674/4056/3492 3636/4017/3455 3637/4016/3454
f 3675/4057/3493 3656/4038/3474 3657/4039/3475
f 3674/4056/3492 3611/3991/3429 3656/4038/3474
f 3635/4015/3453 3638/4020/3458 3588/3970/3408
f 3676/4058/3494 3641/4021/3459 3638/4020/3458
f 3677/4059/3495 3679/4060/3496 3678/4061/3497
f 3676/4058/3494 3636/4017/3455 3679/4060/3496
f 3595/3975/3413 3681/4062/3498 3594/3973/3411
f 3594/3973/3411 3642/4024/3462 3548/3926/3366
f 3645/4025/3463 3681/4062/3498 3682/4063/3499
f 3682/4063/3499 3680/4064/3500 3683/4065/3501
f 3648/4030/3467 3685/4066/3502 3649/4028/3466
f 3685/4066/3502 3686/4067/3503 3687/4068/3504
f 3599/3979/3417 3684/4069/3505 3598/3977/3415
f 3598/3977/3415 3648/4030/3467 3553/3931/3370
f 3688/4070/3506 3601/3980/3418 3603/3982/3420
f 3689/4071/3507 3557/3935/3373 3601/3980/3418
f 3650/4032/3468 3690/4072/3508 3653/4035/3471
f 3689/4071/3507 3691/4073/3509 3690/4072/3508
f 3615/3995/3433 3692/4074/3510 3654/4036/3472
f 3654/4036/3472 3693/4075/3511 3657/4039/3475
f 3694/4076/3512 3692/4074/3510 3695/4077/3513
f 3695/4077/3513 3659/4041/3477 3660/4042/3478
f 3569/3948/3386 3696/4078/3514 3618/3999/3437
f 3618/3999/3437 3697/4079/3515 3619/3998/3436
f 3698/4080/3516 3696/4078/3514 3699/4081/3517
f 3699/4081/3517 3663/4045/3481 3664/4047/3483
f 3701/4082/3518 3703/4083/3519 3700/4084/3520
f 3702/4085/3521 3666/4050/3486 3703/4083/3519
f 3667/4048/3484 3623/4002/3440 3572/3953/3391
f 3702/4085/3521 3622/4003/3441 3623/4002/3440
f 3574/3956/3394 3704/4086/3522 3627/4005/3443
f 3627/4005/3443 3705/4087/3523 3624/4006/3444
f 3706/4088/3524 3704/4086/3522 3707/4089/3525
f 3707/4089/3525 3671/4053/3489 3672/4054/3490
f 3675/4057/3493 3679/4060/3496 3636/4017/3455
f 3708/4090/3526 3678/4061/3497 3679/4060/3496
f 3709/4091/3527 3693/4075/3511 3694/4076/3512
f 3708/4090/3526 3657/4039/3475 3693/4075/3511
f 3641/4021/3459 3711/4092/3528 3640/4019/3457
f 3640/4019/3457 3680/4064/3500 3595/3975/3413
f 3683/4065/3501 3711/4092/3528 3712/4093/3529
f 3712/4093/3529 3710/4094/3530 3713/4095/3531
f 3687/4068/3504 3714/4096/3532 3715/4097/3533
f 3715/4097/3533 3716/4098/3534 3717/4099/3535
f 3645/4025/3463 3714/4096/3532 3644/4023/3461
f 3644/4023/3461 3686/4067/3503 3599/3979/3417
f 3718/4100/3536 3647/4029/3464 3649/4028/3466
f 3719/4101/3537 3603/3982/3420 3647/4026/3464
f 3688/4070/3506 3720/4102/3538 3691/4073/3509
f 3719/4103/3537 3721/4104/3539 3720/4102/3538
f 3619/3998/3436 3722/4105/3540 3661/4043/3479
f 3661/4043/3479 3723/4106/3541 3660/4042/3478
f 3724/4107/3542 3722/4105/3540 3725/4108/3543
f 3725/4108/3543 3697/4079/3515 3698/4080/3516
f 3727/4109/3544 3729/4110/3545 3726/4111/3546
f 3728/4112/3547 3700/4084/3520 3729/4110/3545
f 3701/4082/3518 3665/4046/3482 3622/4003/3441
f 3728/4112/3547 3664/4047/3483 3665/4046/3482
f 3678/4061/3497 3731/4113/3548 3677/4059/3495
f 3677/4059/3495 3710/4094/3530 3641/4021/3459
f 3713/4095/3531 3731/4113/3548 3732/4114/3549
f 3732/4114/3549 3730/4115/3550 3733/4116/3551
f 3717/4099/3535 3734/4117/3552 3735/4118/3553
f 3735/4118/3553 3736/4119/3554 3737/4120/3555
f 3683/4065/3501 3734/4117/3552 3682/4063/3499
f 3682/4063/3499 3716/4098/3534 3645/4025/3463
f 3687/4068/3504 3739/4121/3556 3685/4066/3502
f 3685/4066/3502 3718/4100/3536 3649/4028/3466
f 3721/4104/3539 3739/4121/3556 3740/4122/3557
f 3740/4122/3557 3738/4123/3558 3741/4124/3559
f 3660/4042/3478 3742/4125/3560 3695/4077/3513
f 3695/4077/3513 3743/4126/3561 3694/4076/3512
f 3744/4127/3562 3742/4125/3560 3745/4128/3563
f 3745/4128/3563 3723/4106/3541 3724/4107/3542
f 3747/4129/3564 3749/4130/3565 3746/4131/3566
f 3748/4132/3567 3726/4111/3546 3749/4130/3565
f 3727/4109/3544 3699/4081/3517 3664/4047/3483
f 3699/4081/3517 3747/4129/3564 3698/4080/3516
f 3750/4133/3568 3703/4083/3519 3666/4050/3486
f 3751/4134/3569 3700/4084/3520 3703/4083/3519
f 3752/4135/3570 3754/4136/3571 3753/4137/3572
f 3751/4134/3569 3755/4138/3573 3754/4136/3571
f 3694/4076/3512 3756/4139/3574 3709/4091/3527
f 3709/4091/3527 3730/4115/3550 3678/4061/3497
f 3733/4116/3551 3756/4139/3574 3757/4140/3575
f 3757/4140/3575 3743/4126/3561 3744/4127/3562
f 3737/4120/3555 3758/4141/3576 3759/4142/3577
f 3759/4142/3577 3760/4143/3578 3761/4144/3579
f 3713/4095/3531 3758/4141/3576 3712/4093/3529
f 3712/4093/3529 3736/4119/3554 3683/4065/3501
f 3717/4099/3535 3763/4145/3580 3715/4097/3533
f 3715/4097/3533 3738/4123/3558 3687/4068/3504
f 3741/4124/3559 3763/4145/3580 3764/4146/3581
f 3764/4146/3581 3762/4147/3582 3765/4148/3583
f 3766/4149/3584 3768/4150/3585 3769/4151/3586
f 3768/4150/3585 3746/4131/3566 3769/4151/3586
f 3747/4129/3564 3725/4108/3543 3698/4080/3516
f 3725/4108/3543 3767/4152/3587 3724/4107/3542
f 3752/4135/3570 3729/4110/3545 3700/4084/3520
f 3770/4153/3588 3726/4111/3546 3729/4110/3545
f 3771/4154/3589 3773/4155/3590 3772/4156/3591
f 3770/4153/3588 3753/4137/3572 3773/4155/3590
f 3583/3963/3401 3774/4157/3592 3582/3961/3399
f 3582/3961/3399 3775/4158/3593 3581/3962/3400
f 3776/4159/3594 3774/4157/3592 3777/4160/3595
f 3777/4160/3595 3606/3986/3424 3607/3987/3425
f 3581/3962/3400 3778/4161/3596 3631/4011/3449
f 3631/4011/3449 3779/4162/3597 3630/4009/3447
f 3780/4163/3598 3778/4161/3596 3781/4164/3599
f 3781/4164/3599 3775/4158/3593 3776/4159/3594
f 3630/4009/3447 3782/4165/3600 3673/4055/3491
f 3673/4055/3491 3783/4166/3601 3672/4054/3490
f 3784/4167/3602 3782/4165/3600 3785/4168/3603
f 3785/4168/3603 3779/4162/3597 3780/4163/3598
f 3783/4166/3601 3707/4089/3525 3672/4054/3490
f 3786/4169/3604 3706/4088/3524 3707/4089/3525
f 3787/4170/3605 3788/4171/3606 3755/4138/3573
f 3788/4171/3606 3783/4166/3601 3784/4167/3602
f 3761/4144/3579 3789/4172/3607 3790/4173/3608
f 3790/4173/3608 3791/4174/3609 3792/4175/3610
f 3733/4116/3551 3789/4172/3607 3732/4114/3549
f 3732/4114/3549 3760/4143/3578 3713/4095/3531
f 3737/4120/3555 3794/4176/3611 3735/4118/3553
f 3735/4118/3553 3762/4147/3582 3717/4099/3535
f 3765/4148/3583 3794/4176/3611 3795/4177/3612
f 3795/4177/3612 3793/4178/3613 3796/4179/3614
f 3797/4180/3615 3799/4181/3616 3800/4182/3617
f 3800/4182/3617 3767/4152/3587 3766/4149/3584
f 3724/4107/3542 3799/4181/3616 3745/4128/3563
f 3745/4128/3563 3798/4183/3618 3744/4127/3562
f 3771/4154/3589 3749/4130/3565 3726/4111/3546
f 3801/4184/3619 3746/4131/3566 3749/4130/3565
f 3803/4185/3620 3801/4184/3619 3804/4186/3621
f 3801/4184/3619 3772/4156/3591 3804/4186/3621
f 3792/4175/3610 3805/4187/3622 3806/4188/3623
f 3806/4188/3623 3798/4183/3618 3797/4180/3615
f 3744/4127/3562 3805/4187/3622 3757/4140/3575
f 3757/4140/3575 3791/4174/3609 3733/4116/3551
f 3761/4144/3579 3808/4189/3624 3759/4142/3577
f 3759/4142/3577 3793/4178/3613 3737/4120/3555
f 3796/4179/3614 3808/4189/3624 3809/4190/3625
f 3808/4189/3624 3810/4191/3626 3809/4190/3625
f 3811/4192/3627 3813/4193/3628 3814/4194/3629
f 3814/4194/3629 3652/4034/3470 3653/4035/3471
f 3607/3987/3425 3813/4193/3628 3777/4160/3595
f 3777/4160/3595 3812/4195/3630 3776/4159/3594
f 3802/4196/3631 3769/4151/3586 3746/4131/3566
f 3815/4197/3632 3766/4149/3584 3769/4151/3586
f 3816/4198/3633 3818/4199/3634 3817/4200/3635
f 3815/4197/3632 3803/4185/3620 3818/4199/3634
f 3784/4167/3602 3820/4201/3636 3788/4171/3606
f 3788/4171/3606 3754/4136/3571 3755/4138/3573
f 3753/4137/3572 3820/4201/3636 3821/4202/3637
f 3821/4202/3637 3819/4203/3638 3822/4204/3639
f 3812/4195/3630 3781/4164/3599 3776/4159/3594
f 3823/4205/3640 3780/4163/3598 3781/4164/3599
f 3824/4206/3641 3826/4207/3642 3825/4208/3643
f 3826/4207/3642 3812/4195/3630 3811/4192/3627
f 3780/4163/3598 3827/4209/3644 3785/4168/3603
f 3785/4168/3603 3819/4203/3638 3784/4167/3602
f 3822/4204/3639 3827/4209/3644 3828/4210/3645
f 3828/4210/3645 3824/4206/3641 3825/4208/3643
f 3792/4175/3610 3830/4211/3646 3790/4173/3608
f 3790/4173/3608 3807/4212/3647 3761/4144/3579
f 3810/4191/3626 3830/4211/3646 3831/4213/3648
f 3831/4213/3648 3829/4214/3649 3832/4215/3650
f 3833/4216/3651 3690/4072/3508 3691/4073/3509
f 3834/4217/3652 3653/4035/3471 3690/4072/3508
f 3814/4194/3629 3835/4218/3653 3811/4192/3627
f 3834/4217/3652 3836/4219/3654 3835/4218/3653
f 3766/4149/3584 3837/4220/3655 3800/4182/3617
f 3800/4182/3617 3838/4221/3656 3797/4180/3615
f 3839/4222/3657 3837/4220/3655 3840/4223/3658
f 3840/4223/3658 3816/4198/3633 3817/4200/3635
f 3822/4204/3639 3842/4224/3659 3821/4202/3637
f 3821/4202/3637 3773/4155/3590 3753/4137/3572
f 3772/4156/3591 3842/4224/3659 3843/4225/3660
f 3843/4225/3660 3841/4226/3661 3844/4227/3662
f 3797/4180/3615 3845/4228/3663 3806/4188/3623
f 3806/4188/3623 3829/4214/3649 3792/4175/3610
f 3832/4215/3650 3845/4228/3663 3846/4229/3664
f 3846/4229/3664 3838/4221/3656 3839/4222/3657
f 3740/4122/3557 3720/4102/3538 3721/4104/3539
f 3847/4230/3665 3691/4073/3509 3720/4102/3538
f 3833/4216/3651 3848/4231/3666 3836/4219/3654
f 3848/4231/3666 3740/4122/3557 3741/4124/3559
f 3849/4232/3667 3835/4218/3653 3836/4219/3654
f 3850/4233/3668 3811/4192/3627 3835/4218/3653
f 3826/4207/3642 3851/4234/3669 3825/4208/3643
f 3850/4233/3668 3852/4235/3670 3851/4234/3669
f 3844/4227/3662 3854/4236/3671 3843/4225/3660
f 3843/4225/3660 3804/4186/3621 3772/4156/3591
f 3803/4185/3620 3854/4236/3671 3818/4199/3634
f 3818/4199/3634 3853/4237/3672 3817/4200/3635
f 3855/4238/3673 3828/4210/3645 3825/4208/3643
f 3856/4239/3674 3822/4204/3639 3828/4210/3645
f 3841/4226/3661 3857/4240/3675 3844/4227/3662
f 3856/4239/3674 3858/4241/3676 3857/4240/3675
f 3849/4232/3667 3860/4242/3677 3852/4235/3670
f 3859/4243/3678 3765/4148/3583 3860/4242/3677
f 3764/4146/3581 3848/4231/3666 3741/4124/3559
f 3859/4243/3678 3836/4219/3654 3848/4231/3666
f 3852/4235/3670 3862/4244/3679 3851/4234/3669
f 3851/4234/3669 3855/4238/3673 3825/4208/3643
f 3858/4241/3676 3862/4244/3679 3863/4245/3680
f 3863/4245/3680 3861/4246/3681 3864/4247/3682
f 3817/4200/3635 3865/4248/3683 3840/4223/3658
f 3840/4223/3658 3866/4249/3684 3839/4222/3657
f 3858/4241/3676 3865/4248/3683 3857/4240/3675
f 3857/4240/3675 3853/4237/3672 3844/4227/3662
f 3864/4247/3682 3867/4250/3685 3868/4251/3686
f 3867/4250/3685 3796/4179/3614 3868/4251/3686
f 3795/4177/3612 3860/4242/3677 3765/4148/3583
f 3867/4250/3685 3852/4235/3670 3860/4242/3677
f 3839/4222/3657 3869/4252/3687 3846/4229/3664
f 3846/4229/3664 3870/4253/3688 3832/4215/3650
f 3864/4247/3682 3869/4252/3687 3863/4245/3680
f 3863/4245/3680 3866/4249/3684 3858/4241/3676
f 3870/4253/3688 3831/4213/3648 3832/4215/3650
f 3871/4254/3689 3810/4191/3626 3831/4213/3648
f 3809/4190/3625 3868/4251/3686 3796/4179/3614
f 3871/4254/3689 3864/4247/3682 3868/4251/3686
f 3123/3485/2937 3872/4255/3690 3873/4256/3691
f 3874/4257/3692 3124/3484/2936 3125/3486/2938
f 3146/3511/2960 3875/4258/3693 3876/4259/3694
f 3873/4256/3691 3147/3510/2959 3123/3485/2937
f 3125/3486/2938 3877/4260/3695 3874/4257/3692
f 3878/4261/3696 3152/3516/2965 3153/3517/2966
f 3011/3540/2988 3879/4262/3697 2996/4263/3698
f 3876/4259/3694 3174/3539/2987 3146/3511/2960
f 3153/3517/2966 3880/4264/3699 3878/4261/3696
f 3881/4265/3700 3179/3545/2993 3180/3546/2994
f 3180/3546/2994 3882/4266/3701 3881/4265/3700
f 3883/4267/3702 3206/3574/3021 3207/3575/3022
f 3207/3575/3022 3884/4268/3703 3883/4267/3702
f 3885/4269/3704 3232/3602/3048 3233/3603/3049
f 3233/3603/3049 3886/4270/3705 3885/4269/3704
f 3887/4271/3706 3259/3631/3077 3260/3632/3078
f 3282/3654/3100 3889/4272/3707 3281/3653/3099
f 3888/4273/3708 3015/3624/3070 2997/4274/3709
f 3260/3632/3078 3890/4275/3710 3887/4271/3706
f 3891/4276/3711 3287/3659/3105 3288/3660/3106
f 3307/3679/3125 3893/4277/3712 3306/3678/3124
f 3892/4278/3713 3281/3653/3099 3889/4272/3707
f 3288/3660/3106 3894/4279/3714 3891/4276/3711
f 3895/4280/3715 3312/3684/3130 3313/3685/3131
f 3321/3693/3139 3897/4281/3716 3320/3692/3138
f 3896/4282/3717 3306/3678/3124 3893/4277/3712
f 3313/3685/3131 3898/4283/3718 3895/4280/3715
f 3899/4284/3719 3322/3694/3140 3323/3695/3141
f 3328/3700/3146 3901/4285/3720 3327/3699/3145
f 3900/4286/3721 3320/3692/3138 3897/4281/3716
f 3323/3695/3141 3902/4287/3722 3899/4284/3719
f 3903/4288/3723 3329/3701/3147 3330/3702/3148
f 3331/3703/3149 3903/4288/3723 3330/3702/3148
f 3904/4289/3724 3327/3699/3145 3901/4285/3720
f 2928/3184/856 3906/4290/856 2929/3185/856
f 3905/4291/856 2940/4292/856 3906/4290/856
f 2939/4293/856 3907/4294/856 2937/4295/856
f 3907/4294/856 2928/3184/856 2930/3187/856
f 2925/3181/856 3909/4296/856 2932/3189/856
f 3908/4297/856 3016/4298/856 3909/4296/856
f 3019/4299/856 3910/4300/856 2945/4301/856
f 3908/4297/856 2924/3183/856 3910/4300/856
f 2950/3206/856 3912/4302/856 2951/3207/856
f 3911/4303/856 2916/4304/856 3912/4302/856
f 3003/4305/856 3913/4306/856 3002/4307/856
f 3911/4303/856 2952/3209/856 3913/4306/856
f 2947/4308/856 3915/4309/856 2954/3210/856
f 3914/4310/856 3020/4311/856 3915/4309/856
f 2957/3213/856 3913/4306/856 2952/3209/856
f 3916/4312/856 3002/4307/856 3913/4306/856
f 3005/4313/856 3917/4314/856 3004/4315/856
f 3917/4314/856 2957/3213/856 2958/3215/856
f 2960/3216/856 3918/4316/856 3919/4317/856
f 3918/4316/856 3022/4318/856 3919/4317/856
f 3023/4319/856 3915/4309/856 3020/4311/856
f 3918/4316/856 2954/3210/856 3915/4309/856
f 2963/3219/856 3917/4314/856 2958/3215/856
f 3920/4320/856 3004/4315/856 3917/4314/856
f 3007/4321/856 3921/4322/856 3006/4323/856
f 3920/4320/856 2964/3221/856 3921/4322/856
f 2961/3217/856 3923/4324/856 2966/3222/856
f 3922/4325/856 2941/4326/856 3923/4324/856
f 3024/4327/856 3919/4317/856 3022/4318/856
f 3919/4317/856 2961/3217/856 2960/3216/856
f 2969/4328/856 3921/4322/856 2964/3221/856
f 3924/4329/856 3006/4323/856 3921/4322/856
f 3008/4330/856 3906/4290/856 2940/4292/856
f 3924/4329/856 2929/3185/856 3906/4290/856
f 2967/4331/856 3910/4300/856 2924/3183/856
f 3925/4332/856 2945/4301/856 3910/4300/856
f 2944/4333/856 3923/4324/856 2941/4326/856
f 3925/4332/856 2966/3222/856 3923/4324/856
f 2975/3228/856 3926/4334/856 3254/4335/856
f 3254/4335/856 3014/4336/856 3015/4337/856
f 3013/4338/856 3926/4334/856 3927/4339/856
f 3927/4339/856 2974/3227/856 2976/3229/856
f 2971/3224/856 3929/4340/856 2978/3232/856
f 3928/4341/856 3009/4342/856 3929/4340/856
f 3010/4343/856 3201/4344/856 3011/4345/856
f 3928/4341/856 2970/3226/856 3201/4344/856
f 2976/3229/856 3930/4346/856 3927/4339/856
f 3927/4339/856 3018/4347/856 3013/4338/856
f 3016/4298/856 3930/4346/856 3909/4296/856
f 3930/4346/856 2932/3189/856 3909/4296/856
f 2930/3187/856 3931/4348/856 3907/4294/856
f 3931/4348/856 2937/4295/856 3907/4294/856
f 3012/4349/856 3929/4340/856 3009/4342/856
f 3931/4348/856 2978/3232/856 3929/4340/856
f 2996/3249/2793 3932/4350/3725 2997/3250/2794
f 2997/3250/2794 3932/4350/3725 3888/4351/3726
f 3888/4351/3726 3932/4350/3725 3889/4352/3727
f 3889/4352/3727 3932/4350/3725 3892/4353/3728
f 3892/4353/3728 3932/4350/3725 3893/4354/3729
f 3893/4354/3729 3932/4350/3725 3896/4355/3730
f 3896/4355/3730 3932/4350/3725 3897/4356/3731
f 3897/4356/3731 3932/4350/3725 3900/4357/3732
f 3900/4357/3732 3932/4350/3725 3901/4358/3733
f 3901/4358/3733 3932/4350/3725 3904/4359/3734
f 3904/4359/3734 3932/4350/3725 3903/4360/3735
f 3903/4360/3735 3932/4350/3725 3902/4361/3736
f 3902/4361/3736 3932/4350/3725 3899/4362/3737
f 3899/4362/3737 3932/4350/3725 3898/4363/3738
f 3898/4363/3738 3932/4350/3725 3895/4364/3739
f 3895/4364/3739 3932/4350/3725 3894/4365/3740
f 3894/4365/3740 3932/4350/3725 3891/4366/3741
f 3891/4366/3741 3932/4350/3725 3890/4367/3742
f 3890/4367/3742 3932/4350/3725 3887/4368/3743
f 3887/4368/3743 3932/4350/3725 3886/4369/3744
f 3886/4369/3744 3932/4350/3725 3885/4370/3745
f 3885/4370/3745 3932/4350/3725 3884/4371/3746
f 3884/4371/3746 3932/4350/3725 3883/4372/3747
f 3883/4372/3747 3932/4350/3725 3882/4373/3748
f 3882/4373/3748 3932/4350/3725 3881/4374/3749
f 3881/4374/3749 3932/4350/3725 3880/4375/3750
f 3880/4375/3750 3932/4350/3725 3878/4376/3751
f 3878/4376/3751 3932/4350/3725 3877/4377/3752
f 3877/4377/3752 3932/4350/3725 3874/4378/3753
f 3874/4378/3753 3932/4350/3725 3872/4379/3754
f 3872/4379/3754 3932/4350/3725 3873/4380/3755
f 3873/4380/3755 3932/4350/3725 3875/4381/3756
f 3875/4381/3756 3932/4350/3725 3876/4382/3757
f 3876/4382/3757 3932/4350/3725 3879/4383/3758
f 3879/4383/3758 3932/4350/3725 2996/3249/2793
f 3666/4050/3486 3933/4384/3759 3750/4133/3568
f 3750/4133/3568 3787/4170/3605 3755/4138/3573
f 3706/4088/3524 3933/4384/3759 3705/4087/3523
f 3705/4087/3523 3669/4049/3485 3624/4006/3444
f 2219/3365/2826 3056/3363/2824 2239/4385/3760
f 2239/4385/3760 3056/3363/2824 2240/3366/2827
f 2818/3368/2829 3056/3363/2824 2819/4386/3761
f 2819/4386/3761 3056/3363/2824 2263/3369/2830
f 2265/3371/2832 3056/3363/2824 2280/4387/3762
f 2280/4387/3762 3056/3363/2824 2281/3372/2833
f 2823/3374/2835 3056/3363/2824 2824/4388/3763
f 2824/4388/3763 3056/3363/2824 2363/3375/2836
f 2365/3377/2838 3056/3363/2824 2398/4389/3764
f 2398/4389/3764 3056/3363/2824 2399/3378/2839
f 2826/3380/2841 3056/3363/2824 2825/4390/3765
f 2825/4390/3765 3056/3363/2824 2361/3381/2842
f 2328/3383/2844 3056/3363/2824 2329/4391/3766
f 2329/4391/3766 3056/3363/2824 2330/3384/2845
f 2821/3386/2847 3056/3363/2824 2816/3387/2848
f 2814/3389/2850 3056/3363/2824 2813/4392/3767
f 2813/4392/3767 3056/3363/2824 2217/3362/2823
f 2849/4393/856 3935/4394/856 3039/4395/856
f 2916/4304/856 3039/4395/856 3935/4394/856
f 2951/3207/856 3935/4394/856 3934/4396/856
f 2854/3302/856 3936/4397/856 2852/4398/856
f 2852/4398/856 3934/4396/856 2849/4393/856
f 2949/3205/856 3934/4396/856 3936/4397/856
f 2949/3205/856 3028/3304/856 2946/3203/856
f 3017/4399/3768 2933/3192/2779 2938/4400/3769
f 2986/4401/3770 2982/3238/2782 2987/3240/2784
f 2990/4402/3771 2984/3241/2785 2991/3243/2787
f 2942/4403/3772 2988/3244/2788 2993/3246/2790
f 2935/4404/3773 2992/3247/2791 2936/3191/2778
f 2995/4405/3774 3001/3252/2796 3000/4406/3775
f 2938/4400/3769 2998/3253/2797 3017/4399/3768
f 1014/2202/1892 1971/2203/1893 2917/3237/2781
f 2917/3237/2781 1971/2203/1893 916/1196/973
f 2916/4304/856 3935/4394/856 3912/4302/856
f 3027/4407/856 2885/4408/856 915/4409/856
f 3027/4407/856 2853/3319/856 3035/3317/856
f 3025/3300/856 2947/4308/856 2946/3203/856
f 3025/3300/856 3021/4410/856 3914/4310/856
f 2/1/1 3/5/5 4/2/2
f 5/4/4 6/7/7 3/5/5
f 8/6/6 3/5/5 6/7/7
f 9/9/9 4/2/2 3/5/5
f 1/3/3 4/2/2 10/10/10
f 4/2/2 9/9/9 12/12/12
f 13/13/13 14/14/14 10/10/10
f 14/14/14 15/26/26 11/11/11
f 1/3/3 16/16/16 17/15/15
f 16/16/16 18/31/31 19/17/17
f 20/18/18 21/19/19 17/15/15
f 21/19/19 5/4/4 2/1/1
f 8/6/6 22/21/21 23/20/20
f 7/8/8 24/23/23 22/21/21
f 26/22/22 22/21/21 24/23/23
f 27/25/25 23/20/20 22/21/21
f 11/11/11 28/27/27 16/16/16
f 15/26/26 29/29/29 28/27/27
f 31/28/28 28/27/27 29/29/29
f 18/31/31 16/16/16 28/27/27
f 9/9/9 23/20/20 32/32/32
f 23/20/20 27/25/25 33/33/33
f 34/34/34 35/35/35 32/32/32
f 35/35/35 13/13/13 12/12/12
f 18/31/31 36/37/37 37/36/36
f 36/37/37 38/56/56 39/38/38
f 40/39/39 41/40/40 37/36/36
f 41/40/40 20/18/18 19/17/17
f 42/41/41 43/42/42 6/7/7
f 7/8/8 6/7/7 43/42/42
f 45/44/44 46/47/47 47/45/45
f 46/47/47 27/25/25 26/22/22
f 25/24/24 49/48/48 47/45/45
f 49/48/48 50/75/75 48/46/46
f 15/26/26 14/14/14 51/49/49
f 14/14/14 13/13/13 53/51/51
f 31/28/28 54/52/52 36/37/37
f 30/30/30 55/54/54 54/52/52
f 57/53/53 54/52/52 55/54/54
f 38/56/56 36/37/37 54/52/52
f 58/57/57 59/59/59 46/47/47
f 60/58/58 61/60/60 59/59/59
f 33/33/33 59/59/59 61/60/60
f 27/25/25 46/47/47 59/59/59
f 5/4/4 21/19/19 62/61/61
f 21/19/19 20/18/18 63/62/62
f 65/63/63 66/67/67 67/64/64
f 68/66/66 69/68/68 66/67/67
f 39/38/38 66/67/67 69/68/68
f 38/56/56 67/64/64 66/67/67
f 44/43/43 70/69/69 24/23/23
f 25/24/24 24/23/23 70/69/69
f 72/71/71 73/74/74 74/72/72
f 73/74/74 45/44/44 48/46/46
f 50/75/75 76/76/76 74/72/72
f 76/76/76 77/100/99 75/73/73
f 52/50/50 78/77/77 29/29/29
f 30/30/30 29/29/29 78/77/77
f 13/13/13 35/35/35 80/79/79
f 35/35/35 34/34/34 81/80/80
f 64/65/65 67/64/64 82/81/81
f 67/64/64 38/56/56 57/53/53
f 56/55/55 84/83/83 82/81/81
f 84/83/83 85/114/111 83/82/82
f 86/84/84 87/86/86 73/74/74
f 88/85/85 89/87/87 87/86/86
f 58/57/57 87/86/86 89/87/87
f 45/44/44 73/74/74 87/86/86
f 20/18/18 41/40/40 90/88/88
f 41/40/40 40/39/39 91/89/89
f 93/90/90 94/94/94 95/91/91
f 96/93/93 97/149/95 94/94/94
f 65/63/63 94/96/94 97/95/95
f 64/65/65 95/112/91 94/96/94
f 50/75/75 49/48/48 98/97/96
f 49/48/48 25/24/24 71/70/70
f 75/73/73 100/101/100 101/99/98
f 77/100/99 102/103/102 100/101/100
f 104/102/101 100/101/100 102/103/102
f 105/105/104 101/99/98 100/101/100
f 79/78/78 106/106/105 55/54/54
f 56/55/55 55/54/54 106/106/105
f 108/108/107 109/109/108 61/60/60
f 34/34/34 61/60/60 109/109/108
f 92/92/92 95/91/91 110/110/109
f 95/112/91 64/65/65 83/82/82
f 85/114/111 112/168/112 110/113/109
f 112/115/112 113/165/161 111/111/110
f 72/71/71 101/99/98 114/116/113
f 101/99/98 105/105/104 115/117/114
f 116/118/115 117/119/116 114/116/113
f 117/119/116 88/85/85 86/84/84
f 118/120/117 119/121/118 69/68/68
f 40/39/39 69/68/68 119/121/118
f 120/122/119 121/124/121 93/90/90
f 122/123/120 123/126/123 121/124/121
f 125/125/122 121/124/121 123/126/123
f 96/93/93 93/90/90 121/124/121
f 77/100/99 76/76/76 126/128/125
f 76/76/76 50/75/75 99/98/97
f 104/102/101 128/131/128 129/130/127
f 103/104/103 130/133/130 128/131/128
f 132/132/129 128/131/128 130/133/130
f 133/135/132 129/130/127 128/131/128
f 85/114/111 84/83/83 134/136/133
f 84/83/83 56/55/55 107/107/106
f 136/138/135 137/139/136 89/87/87
f 60/58/58 89/87/87 137/139/136
f 92/92/92 111/111/110 138/140/137
f 111/111/110 113/165/161 139/141/138
f 140/142/139 141/143/140 138/140/137
f 141/143/140 122/123/120 120/122/119
f 105/105/104 129/130/127 142/144/141
f 129/130/127 133/135/132 143/145/142
f 144/146/143 145/147/144 142/144/141
f 145/147/144 116/118/115 115/117/114
f 146/148/145 147/374/146 97/149/95
f 68/66/66 97/95/95 147/150/146
f 148/151/147 149/153/149 123/126/123
f 150/152/148 151/155/151 149/153/149
f 153/154/150 149/153/149 151/155/151
f 124/127/124 123/126/123 149/153/149
f 127/129/126 154/157/153 102/103/102
f 103/104/103 102/103/102 154/157/153
f 157/159/155 158/162/158 159/160/156
f 133/135/132 132/132/129 158/162/158
f 131/134/131 160/164/160 158/162/158
f 161/163/159 159/160/156 158/162/158
f 113/165/161 112/115/112 162/166/162
f 112/168/112 85/114/111 135/137/134
f 88/85/85 117/119/116 164/170/164
f 117/119/116 116/118/115 165/171/165
f 122/123/120 141/143/140 166/172/166
f 141/143/140 140/142/139 167/173/167
f 168/174/168 169/175/169 166/172/166
f 169/175/169 150/152/148 148/151/147
f 156/161/157 170/177/171 171/176/170
f 170/177/171 172/204/198 173/178/172
f 144/146/143 143/145/142 171/176/170
f 143/145/142 133/135/132 157/159/155
f 125/125/122 174/179/173 146/148/145
f 124/127/124 175/205/199 174/179/173
f 176/180/174 177/183/177 178/181/175
f 177/183/177 180/212/206 181/184/178
f 152/156/152 151/155/151 178/181/175
f 151/155/151 150/152/148 179/182/176
f 155/158/154 182/185/179 130/133/130
f 131/134/131 130/133/130 182/185/179
f 185/187/181 186/190/184 187/188/182
f 156/161/157 159/160/156 186/190/184
f 188/191/185 186/190/184 159/160/156
f 189/192/186 187/188/182 186/190/184
f 113/165/161 163/167/163 190/193/187
f 191/194/188 140/142/139 139/141/138
f 116/118/115 145/147/144 192/195/189
f 145/147/144 144/146/143 193/196/190
f 179/182/176 194/198/192 195/197/191
f 150/152/148 169/175/169 194/198/192
f 196/199/193 194/198/192 169/175/169
f 197/200/194 195/197/191 194/198/192
f 184/189/183 198/202/196 199/201/195
f 198/202/196 200/233/227 201/203/197
f 172/204/198 170/177/171 199/201/195
f 170/177/171 156/161/157 185/187/181
f 153/154/150 202/206/200 175/205/199
f 152/156/152 203/235/229 202/206/200
f 204/207/201 205/210/204 206/208/202
f 205/210/204 208/242/236 209/211/205
f 180/212/206 177/183/177 206/208/202
f 177/183/177 176/180/174 207/209/203
f 160/164/160 210/214/208 211/213/207
f 131/134/131 183/186/180 210/214/208
f 184/189/183 187/188/182 212/215/209
f 187/188/182 189/192/186 214/217/211
f 215/218/212 216/219/213 212/215/209
f 216/219/213 217/228/222 213/216/210
f 140/142/139 191/194/188 218/220/214
f 219/221/215 168/174/168 167/173/167
f 220/222/216 221/223/217 173/178/172
f 144/146/143 173/178/172 221/223/217
f 207/209/203 222/225/219 223/224/218
f 176/180/174 195/197/191 222/225/219
f 224/226/220 222/225/219 195/197/191
f 225/227/221 223/224/218 222/225/219
f 213/216/210 226/229/223 198/202/196
f 217/228/222 227/231/225 226/229/223
f 229/230/224 226/229/223 227/231/225
f 200/233/227 198/202/196 226/229/223
f 180/212/206 230/265/259 231/234/228
f 203/235/229 152/156/152 181/184/178
f 232/236/230 233/238/232 205/210/204
f 234/237/231 235/240/234 233/238/232
f 237/239/233 233/238/232 235/240/234
f 208/242/236 205/210/204 233/238/232
f 188/191/185 238/244/238 239/243/237
f 161/163/159 211/213/207 238/244/238
f 217/228/222 216/219/213 240/245/239
f 216/219/213 215/218/212 242/247/241
f 243/248/242 244/249/243 240/245/239
f 244/249/243 245/259/253 241/246/240
f 51/49/49 246/251/245 247/250/244
f 53/51/51 248/272/266 246/251/245
f 196/199/193 249/253/247 250/252/246
f 168/174/168 219/221/215 249/253/247
f 200/233/227 251/276/270 252/254/248
f 220/222/216 172/204/198 201/203/197
f 204/207/201 223/224/218 253/255/249
f 223/224/218 225/227/221 254/256/250
f 255/257/251 256/258/252 253/255/249
f 256/258/252 234/237/231 232/236/230
f 241/246/240 257/260/254 227/231/225
f 245/259/253 258/262/256 257/260/254
f 260/261/255 257/260/254 258/262/256
f 228/232/226 227/231/225 257/260/254
f 208/242/236 261/280/274 262/264/258
f 230/265/259 180/212/206 209/211/205
f 263/266/260 264/267/261 235/240/234
f 245/259/253 244/249/243 264/267/261
f 265/268/262 264/267/261 244/249/243
f 236/241/235 235/240/234 264/267/261
f 189/192/186 239/243/237 266/269/263
f 267/270/264 215/218/212 214/217/211
f 53/51/51 80/79/79 268/271/265
f 80/79/79 81/80/80 269/273/267
f 224/226/220 270/275/269 271/274/268
f 197/200/194 250/252/246 270/275/269
f 229/230/224 272/277/271 251/276/270
f 228/232/226 273/286/280 272/277/271
f 234/237/231 256/258/252 274/278/272
f 256/258/252 255/257/251 275/279/273
f 259/263/257 258/262/256 274/278/272
f 258/262/256 245/259/253 263/266/260
f 237/239/233 276/281/275 261/280/274
f 236/241/235 277/288/282 276/281/275
f 215/218/212 267/270/264 278/282/276
f 279/283/277 243/248/242 242/247/241
f 225/227/221 271/274/268 280/284/278
f 281/285/279 255/257/251 254/256/250
f 260/261/255 282/287/281 273/286/280
f 259/263/257 283/291/285 282/287/281
f 265/268/262 284/289/283 277/288/282
f 243/248/242 279/283/277 284/289/283
f 255/257/251 281/285/279 285/290/284
f 283/291/285 259/263/257 275/279/273
f 286/292/286 287/294/288 43/42/42
f 288/293/287 289/296/290 287/294/288
f 291/295/289 287/294/288 289/296/290
f 44/43/43 43/42/42 287/294/288
f 136/138/135 164/170/164 292/298/292
f 164/170/164 165/171/165 294/300/294
f 286/292/286 295/302/296 296/301/295
f 42/41/41 62/61/61 295/302/296
f 297/303/297 295/302/296 62/61/61
f 298/304/298 296/301/295 295/302/296
f 299/305/299 300/307/301 289/296/290
f 301/306/300 302/309/303 300/307/301
f 304/308/302 300/307/301 302/309/303
f 290/297/291 289/296/290 300/307/301
f 291/295/289 305/311/305 70/69/69
f 290/297/291 306/313/307 305/311/305
f 308/312/306 305/311/305 306/313/307
f 71/70/70 70/69/69 305/311/305
f 165/171/165 192/195/189 309/315/309
f 192/195/189 193/196/190 310/316/310
f 299/305/299 311/318/312 312/317/311
f 288/293/287 296/301/295 311/318/312
f 313/319/313 311/318/312 296/301/295
f 314/320/314 312/317/311 311/318/312
f 297/303/297 315/322/316 316/321/315
f 63/62/62 90/88/88 315/322/316
f 317/323/317 315/322/316 90/88/88
f 318/324/318 316/321/315 315/322/316
f 319/325/319 320/327/321 302/309/303
f 321/326/320 322/329/323 320/327/321
f 324/328/322 320/327/321 322/329/323
f 303/310/304 302/309/303 320/327/321
f 304/308/302 325/331/325 306/313/307
f 303/310/304 326/333/327 325/331/325
f 328/332/326 325/331/325 326/333/327
f 307/314/308 306/313/307 325/331/325
f 330/335/329 331/338/332 332/336/330
f 99/98/97 98/97/96 331/338/332
f 308/312/306 331/338/332 98/97/96
f 307/314/308 332/336/330 331/338/332
f 301/306/300 312/317/311 333/339/333
f 312/317/311 314/320/314 334/340/334
f 335/341/335 336/342/336 333/339/333
f 336/342/336 321/326/320 319/325/319
f 313/319/313 337/344/338 338/343/337
f 298/304/298 316/321/315 337/344/338
f 339/345/339 337/344/338 316/321/315
f 340/346/340 338/343/337 337/344/338
f 341/347/341 342/349/343 119/121/118
f 343/348/342 344/350/344 342/349/343
f 317/323/317 342/349/343 344/350/344
f 91/89/89 119/121/118 342/349/343
f 324/328/322 345/351/345 326/333/327
f 323/330/324 346/353/347 345/351/345
f 348/352/346 345/351/345 346/353/347
f 327/334/328 326/333/327 345/351/345
f 350/355/349 351/358/352 352/356/350
f 329/337/331 332/336/330 351/358/352
f 328/332/326 351/358/352 332/336/330
f 327/334/328 352/356/350 351/358/352
f 354/359/353 355/362/356 356/360/354
f 127/129/126 126/128/125 355/362/356
f 330/335/329 355/362/356 126/128/125
f 329/337/331 356/360/354 355/362/356
f 249/253/247 357/364/358 358/363/357
f 219/221/215 359/866/848 357/364/358
f 314/320/314 338/343/337 360/365/359
f 338/343/337 340/346/340 361/366/360
f 362/367/361 363/368/362 360/365/359
f 363/368/362 335/341/335 334/340/334
f 364/369/363 365/371/365 344/350/344
f 366/370/364 367/372/366 365/371/365
f 339/345/339 365/371/365 367/372/366
f 318/324/318 344/350/344 365/371/365
f 368/373/367 369/376/369 147/374/146
f 370/375/368 371/409/370 369/376/369
f 341/347/341 369/378/369 371/377/370
f 118/120/117 147/150/146 369/378/369
f 323/330/324 322/329/323 372/379/371
f 322/329/323 321/326/320 374/381/373
f 375/382/374 376/383/375 372/379/371
f 376/383/375 377/419/409 373/380/372
f 349/357/351 352/356/350 378/384/376
f 352/356/350 327/334/328 348/352/346
f 347/354/348 380/386/378 378/384/376
f 380/386/378 381/423/413 379/385/377
f 383/387/379 384/390/382 385/388/380
f 353/361/355 356/360/354 384/390/382
f 350/355/349 384/390/382 356/360/354
f 349/357/351 385/388/380 384/390/382
f 354/359/353 386/391/383 154/157/153
f 353/361/355 387/393/385 386/391/383
f 389/392/384 386/391/383 387/393/385
f 155/158/154 154/157/153 386/391/383
f 270/275/269 390/396/388 391/395/387
f 250/252/246 358/363/357 390/396/388
f 251/276/270 272/277/271 392/397/389
f 272/277/271 273/286/280 394/399/391
f 321/326/320 336/342/336 395/400/392
f 336/342/336 335/341/335 396/401/393
f 397/402/394 398/403/395 395/400/392
f 398/403/395 375/382/374 374/381/373
f 399/404/396 400/406/398 367/372/366
f 401/405/397 402/407/399 400/406/398
f 361/366/360 400/406/398 402/407/399
f 340/346/340 367/372/366 400/406/398
f 403/408/400 404/411/402 371/409/370
f 405/410/401 406/439/403 404/411/402
f 364/369/363 404/413/402 406/412/403
f 343/348/342 371/377/370 404/413/402
f 370/375/368 368/373/367 407/414/404
f 368/373/367 146/148/145 174/179/173
f 175/205/199 409/416/406 407/414/404
f 409/416/406 410/446/434 408/415/405
f 347/354/348 346/353/347 411/417/407
f 346/353/347 323/330/324 373/380/372
f 377/419/409 413/420/410 411/417/407
f 413/420/410 414/453/441 412/418/408
f 382/389/381 385/388/380 415/421/411
f 385/388/380 349/357/351 379/385/377
f 381/423/413 417/424/414 415/421/411
f 417/424/414 418/460/448 416/422/412
f 383/387/379 419/425/415 387/393/385
f 382/389/381 420/427/417 419/425/415
f 422/426/416 419/425/415 420/427/417
f 388/394/386 387/393/385 419/425/415
f 389/392/384 423/429/419 182/185/179
f 388/394/386 424/431/421 423/429/419
f 426/430/420 423/429/419 424/431/421
f 183/186/180 182/185/179 423/429/419
f 273/286/280 282/287/281 427/433/423
f 283/291/285 428/873/855 427/433/423
f 335/341/335 363/368/362 429/434/424
f 363/368/362 362/367/361 430/435/425
f 431/436/426 432/437/427 429/434/424
f 432/437/427 397/402/394 396/401/393
f 433/438/428 434/441/430 406/439/403
f 435/440/429 436/514/431 434/441/430
f 399/404/396 434/443/430 436/442/431
f 366/370/364 406/412/403 434/443/430
f 405/410/401 403/408/400 437/444/432
f 403/408/400 370/375/368 408/415/405
f 410/446/434 439/447/435 437/444/432
f 439/447/435 440/481/469 438/445/433
f 410/446/434 409/416/406 441/448/436
f 409/416/406 175/205/199 202/206/200
f 203/235/229 443/450/438 441/448/436
f 443/450/438 444/488/476 442/449/437
f 381/423/413 380/386/378 445/451/439
f 380/386/378 347/354/348 412/418/408
f 414/453/441 447/454/442 445/451/439
f 447/454/442 448/495/483 446/452/440
f 449/455/443 450/458/446 451/456/444
f 450/458/446 453/497/485 454/459/447
f 377/419/409 376/383/375 451/456/444
f 376/383/375 375/382/374 452/457/445
f 416/422/412 455/461/449 420/427/417
f 418/460/448 456/463/451 455/461/449
f 458/462/450 455/461/449 456/463/451
f 421/428/418 420/427/417 455/461/449
f 422/426/416 459/465/453 424/431/421
f 421/428/418 460/467/455 459/465/453
f 462/466/454 459/465/453 460/467/455
f 425/432/422 424/431/421 459/465/453
f 463/469/457 464/472/460 465/470/458
f 464/472/460 211/213/207 210/214/208
f 183/186/180 426/430/420 465/470/458
f 425/432/422 466/471/459 465/470/458
f 362/367/361 402/407/399 467/473/461
f 402/407/399 401/405/397 468/474/462
f 469/475/463 470/476/464 467/473/461
f 470/476/464 431/436/426 430/435/425
f 471/477/465 472/480/468 473/478/466
f 472/480/468 449/455/443 452/457/445
f 375/382/374 398/403/395 473/478/466
f 398/403/395 397/402/394 474/479/467
f 438/445/433 475/482/470 433/438/428
f 440/481/469 476/484/472 475/482/470
f 478/483/471 475/482/470 476/484/472
f 435/440/429 433/438/428 475/482/470
f 440/481/469 439/447/435 479/486/474
f 439/447/435 410/446/434 442/449/437
f 444/488/476 481/489/477 479/486/474
f 481/489/477 482/523/509 480/487/475
f 230/265/259 483/491/479 484/490/478
f 483/491/479 485/528/514 486/492/480
f 444/488/476 443/450/438 484/490/478
f 443/450/438 203/235/229 231/234/228
f 418/460/448 417/424/414 487/493/481
f 417/424/414 381/423/413 446/452/440
f 448/495/483 489/496/484 487/493/481
f 489/496/484 490/537/523 488/494/482
f 453/497/485 491/499/487 492/498/486
f 491/499/487 493/540/526 494/500/488
f 414/453/441 413/420/410 492/498/486
f 413/420/410 377/419/409 454/459/447
f 458/462/450 495/501/489 460/467/455
f 457/464/452 496/503/491 495/501/489
f 498/502/490 495/501/489 496/503/491
f 461/468/456 460/467/455 495/501/489
f 499/505/493 500/508/496 501/506/494
f 500/508/496 463/469/457 466/471/459
f 462/466/454 501/506/494 466/471/459
f 461/468/456 502/507/495 501/506/494
f 503/509/497 504/512/500 505/510/498
f 504/512/500 239/243/237 238/244/238
f 211/213/207 464/472/460 505/510/498
f 464/472/460 463/469/457 506/511/499
f 401/405/397 436/442/431 507/513/501
f 436/514/431 435/440/429 508/515/502
f 509/517/503 510/618/504 507/516/501
f 510/518/504 469/475/463 468/474/462
f 511/519/505 512/522/508 513/520/506
f 512/522/508 471/477/465 474/479/467
f 397/402/394 432/437/427 513/520/506
f 432/437/427 431/436/426 514/521/507
f 480/487/475 515/524/510 476/484/472
f 482/523/509 516/526/512 515/524/510
f 518/525/511 515/524/510 516/526/512
f 477/485/473 476/484/472 515/524/510
f 485/528/514 519/530/516 520/529/515
f 519/530/516 521/573/559 522/531/517
f 482/523/509 481/489/477 520/529/515
f 481/489/477 444/488/476 486/492/480
f 261/280/274 523/533/519 524/532/518
f 523/533/519 525/577/563 526/534/520
f 485/528/514 483/491/479 524/532/518
f 483/491/479 230/265/259 262/264/258
f 457/464/452 456/463/451 527/535/521
f 456/463/451 418/460/448 488/494/482
f 490/537/523 529/538/524 527/535/521
f 529/538/524 530/586/572 528/536/522
f 531/539/525 532/542/528 494/500/488
f 533/541/527 534/543/529 532/542/528
f 447/454/442 532/542/528 534/543/529
f 447/454/442 414/453/441 494/500/488
f 453/497/485 450/458/446 535/544/530
f 450/458/446 449/455/443 537/546/532
f 538/547/533 539/548/534 535/544/530
f 539/548/534 540/595/581 536/545/531
f 502/507/495 541/550/536 542/549/535
f 502/507/495 461/468/456 498/502/490
f 497/504/492 543/552/538 541/550/536
f 544/551/537 542/549/535 541/550/536
f 545/553/539 546/556/542 547/554/540
f 546/556/542 503/509/497 506/511/499
f 463/469/457 500/508/496 547/554/540
f 500/508/496 499/505/493 548/555/541
f 239/243/237 504/512/500 549/557/543
f 504/512/500 503/509/497 550/558/544
f 551/559/545 552/560/546 549/557/543
f 552/560/546 267/270/264 266/269/263
f 478/483/471 553/561/547 508/515/502
f 477/485/473 554/563/549 553/561/547
f 556/562/548 553/561/547 554/563/549
f 509/517/503 508/515/502 553/561/547
f 557/565/551 558/568/554 559/566/552
f 558/568/554 511/519/505 514/521/507
f 431/436/426 470/476/464 559/566/552
f 470/476/464 469/475/463 560/567/553
f 449/455/443 472/480/468 561/569/555
f 472/480/468 471/477/465 562/570/556
f 563/571/557 564/572/558 561/569/555
f 538/547/533 537/546/532 561/569/555
f 521/573/559 565/575/561 566/574/560
f 565/575/561 567/627/611 568/576/562
f 517/527/513 516/526/512 566/574/560
f 516/526/512 482/523/509 522/531/517
f 525/577/563 569/579/565 570/578/564
f 569/579/565 571/623/607 572/580/566
f 521/573/559 519/530/516 570/578/564
f 519/530/516 485/528/514 526/534/520
f 525/577/563 523/533/519 573/581/567
f 523/533/519 261/280/274 276/281/275
f 277/288/282 575/583/569 573/581/567
f 575/583/569 576/630/614 574/582/568
f 497/504/492 496/503/491 577/584/570
f 496/503/491 457/464/452 528/536/522
f 530/586/572 579/587/573 577/584/570
f 579/587/573 580/636/620 578/585/571
f 581/588/574 582/590/576 534/543/529
f 583/589/575 584/591/577 582/590/576
f 490/537/523 489/496/484 582/590/576
f 448/495/483 534/543/529 582/590/576
f 491/499/487 585/593/579 586/592/578
f 491/499/487 453/497/485 536/545/531
f 587/594/580 585/593/579 536/545/531
f 588/596/582 586/592/578 585/593/579
f 548/555/541 589/598/584 590/597/583
f 499/505/493 542/549/535 589/598/584
f 591/599/585 589/598/584 542/549/535
f 592/600/586 590/597/583 589/598/584
f 503/509/497 546/556/542 593/601/587
f 546/556/542 545/553/539 594/602/588
f 595/603/589 596/604/590 593/601/587
f 596/604/590 551/559/545 550/558/544
f 267/270/264 552/560/546 597/605/591
f 552/560/546 551/559/545 598/606/592
f 599/607/593 600/608/594 597/605/591
f 600/608/594 279/283/277 278/282/276
f 518/525/511 601/609/595 554/563/549
f 517/527/513 602/611/597 601/609/595
f 604/610/596 601/609/595 602/611/597
f 555/564/550 554/563/549 601/609/595
f 605/613/599 606/699/602 607/614/600
f 606/616/602 557/565/551 560/567/553
f 469/475/463 510/518/504 607/617/600
f 510/618/504 509/517/503 608/615/601
f 471/477/465 512/522/508 609/619/603
f 512/522/508 511/519/505 610/620/604
f 611/621/605 612/622/606 609/619/603
f 612/622/606 563/571/557 562/570/556
f 571/623/607 613/625/609 614/624/608
f 613/625/609 615/670/654 616/626/610
f 567/627/611 565/575/561 614/624/608
f 565/575/561 521/573/559 572/580/566
f 571/623/607 569/579/565 617/628/612
f 569/579/565 525/577/563 574/582/568
f 576/630/614 619/631/615 617/628/612
f 619/631/615 620/665/649 618/629/613
f 576/630/614 575/583/569 621/632/616
f 575/583/569 277/288/282 284/289/283
f 279/283/277 600/608/594 621/632/616
f 600/608/594 599/607/593 622/633/617
f 543/552/538 623/635/619 624/634/618
f 543/552/538 497/504/492 578/585/571
f 580/636/620 625/637/621 623/635/619
f 625/637/621 626/676/660 624/634/618
f 583/589/575 627/639/623 628/638/622
f 627/639/623 629/678/662 630/640/624
f 530/586/572 529/538/524 628/638/622
f 529/538/524 490/537/523 584/591/577
f 531/539/525 631/642/626 632/641/625
f 493/540/526 586/592/578 631/642/626
f 633/643/627 631/642/626 586/592/578
f 634/644/628 632/641/625 631/642/626
f 545/553/539 590/597/583 635/645/629
f 590/597/583 592/600/586 636/646/630
f 637/647/631 638/648/632 635/645/629
f 638/648/632 595/603/589 594/602/588
f 551/559/545 596/604/590 639/649/633
f 596/604/590 595/603/589 640/650/634
f 641/651/635 642/652/636 639/649/633
f 642/652/636 599/607/593 598/606/592
f 568/576/562 643/653/637 602/611/597
f 567/627/611 644/655/639 643/653/637
f 646/654/638 643/653/637 644/655/639
f 603/612/598 602/611/597 643/653/637
f 648/657/641 649/660/644 650/658/642
f 648/657/641 605/613/599 608/615/601
f 509/517/503 556/562/548 649/660/644
f 555/564/550 650/658/642 649/660/644
f 511/519/505 558/568/554 651/661/645
f 558/568/554 557/565/551 652/662/646
f 653/663/647 654/664/648 651/661/645
f 654/664/648 611/621/605 610/620/604
f 618/629/613 655/666/650 613/625/609
f 620/665/649 656/668/652 655/666/650
f 658/667/651 655/666/650 656/668/652
f 615/670/654 613/625/609 655/666/650
f 620/665/649 619/631/615 659/671/655
f 619/631/615 576/630/614 622/633/617
f 599/607/593 642/652/636 659/671/655
f 642/652/636 641/651/635 660/672/656
f 591/599/585 661/674/658 662/673/657
f 544/551/537 624/634/618 661/674/658
f 663/675/659 661/674/658 624/634/618
f 664/677/661 662/673/657 661/674/658
f 629/678/662 665/680/664 666/679/663
f 665/680/664 667/710/692 668/681/665
f 580/636/620 579/587/573 666/679/663
f 579/587/573 530/586/572 630/640/624
f 581/588/574 669/683/667 670/682/666
f 533/541/527 632/641/625 669/683/667
f 671/684/668 669/683/667 632/641/625
f 672/685/669 670/682/666 669/683/667
f 595/603/589 638/648/632 673/686/670
f 638/648/632 637/647/631 674/687/671
f 675/688/672 676/689/673 673/686/670
f 676/689/673 641/651/635 640/650/634
f 616/626/610 677/690/674 644/655/639
f 615/670/654 678/692/676 677/690/674
f 680/691/675 677/690/674 678/692/676
f 645/656/640 644/655/639 677/690/674
f 682/694/678 683/697/681 684/695/679
f 647/659/643 650/658/642 683/697/681
f 604/610/596 683/697/681 650/658/642
f 603/612/598 684/695/679 683/697/681
f 557/565/551 606/616/602 685/698/682
f 606/699/602 605/613/599 686/700/683
f 687/702/684 688/703/685 685/701/682
f 688/703/685 653/663/647 652/662/646
f 660/672/656 689/704/686 656/668/652
f 641/651/635 676/689/673 689/704/686
f 690/705/687 689/704/686 676/689/673
f 657/669/653 656/668/652 689/704/686
f 636/646/630 691/707/689 692/706/688
f 592/600/586 662/673/657 691/707/689
f 693/708/690 691/707/689 662/673/657
f 694/709/691 692/706/688 691/707/689
f 667/710/692 695/712/694 696/711/693
f 695/712/694 697/733/715 698/713/695
f 626/676/660 625/637/621 696/711/693
f 625/637/621 580/636/620 668/681/665
f 629/678/662 627/639/623 699/714/696
f 627/639/623 583/589/575 670/682/666
f 672/685/669 701/716/698 699/714/696
f 701/716/698 702/739/721 700/715/697
f 658/667/651 703/717/699 678/692/676
f 657/669/653 704/719/701 703/717/699
f 706/718/700 703/717/699 704/719/701
f 679/693/677 678/692/676 703/717/699
f 708/721/703 709/724/706 710/722/704
f 681/696/680 684/695/679 709/724/706
f 646/654/638 709/724/706 684/695/679
f 645/656/640 710/722/704 709/724/706
f 648/657/641 711/725/707 686/700/683
f 647/659/643 712/727/709 711/725/707
f 714/726/708 711/725/707 712/727/709
f 687/702/684 686/700/683 711/725/707
f 674/687/671 715/730/712 716/729/711
f 637/647/631 692/706/688 715/730/712
f 717/731/713 715/730/712 692/706/688
f 718/732/714 716/729/711 715/730/712
f 697/733/715 719/735/717 720/734/716
f 719/735/717 721/751/733 722/736/718
f 663/675/659 720/734/716 722/736/718
f 626/676/660 698/713/695 720/734/716
f 667/710/692 665/680/664 723/737/719
f 665/680/664 629/678/662 700/715/697
f 702/739/721 725/740/722 723/737/719
f 725/740/722 726/757/739 724/738/720
f 690/705/687 727/741/723 704/719/701
f 675/688/672 716/729/711 727/741/723
f 728/742/724 727/741/723 716/729/711
f 705/720/702 704/719/701 727/741/723
f 730/743/725 731/746/728 732/744/726
f 707/723/705 710/722/704 731/746/728
f 680/691/675 731/746/728 710/722/704
f 679/693/677 732/744/726 731/746/728
f 682/694/678 733/747/729 712/727/709
f 681/696/680 734/749/731 733/747/729
f 736/748/730 733/747/729 734/749/731
f 713/728/710 712/727/709 733/747/729
f 721/751/733 737/753/735 738/752/734
f 737/753/735 739/782/764 740/754/736
f 694/709/691 693/708/690 738/752/734
f 693/708/690 664/677/661 722/736/718
f 697/733/715 695/712/694 741/755/737
f 695/712/694 667/710/692 724/738/720
f 726/757/739 743/758/740 741/755/737
f 743/758/740 744/788/770 742/756/738
f 745/759/741 746/762/744 747/760/742
f 746/762/744 540/595/581 539/548/534
f 538/547/533 564/572/558 747/760/742
f 564/572/558 563/571/557 748/761/743
f 563/571/557 612/622/606 749/763/745
f 612/622/606 611/621/605 750/764/746
f 751/765/747 752/766/748 749/763/745
f 752/766/748 745/759/741 748/761/743
f 611/621/605 654/664/648 753/767/749
f 654/664/648 653/663/647 754/768/750
f 755/769/751 756/770/752 753/767/749
f 756/770/752 751/765/747 750/764/746
f 758/771/753 759/774/756 760/772/754
f 729/745/727 732/744/726 759/774/756
f 706/718/700 759/774/756 732/744/726
f 705/720/702 760/772/754 759/774/756
f 708/721/703 761/775/757 734/749/731
f 707/723/705 762/777/759 761/775/757
f 764/776/758 761/775/757 762/777/759
f 735/750/732 734/749/731 761/775/757
f 653/663/647 688/703/685 765/779/761
f 688/703/685 687/702/684 714/726/708
f 766/780/762 765/779/761 714/726/708
f 766/780/762 755/769/751 754/768/750
f 767/781/763 768/784/766 740/754/736
f 769/783/765 770/785/767 768/784/766
f 717/731/713 768/784/766 770/785/767
f 694/709/691 740/754/736 768/784/766
f 721/751/733 719/735/717 771/786/768
f 719/735/717 697/733/715 742/756/738
f 744/788/770 773/790/772 771/786/768
f 774/789/771 772/787/769 771/786/768
f 775/791/773 776/794/776 777/792/774
f 776/794/776 588/596/582 587/594/580
f 540/595/581 746/762/744 777/792/774
f 746/762/744 745/759/741 778/793/775
f 779/795/777 780/796/778 770/785/767
f 757/773/755 760/772/754 780/796/778
f 728/742/724 780/796/778 760/772/754
f 718/732/714 770/785/767 780/796/778
f 730/743/725 781/797/779 762/777/759
f 729/745/727 782/799/781 781/797/779
f 783/798/780 784/800/782 781/797/779
f 763/778/760 762/777/759 781/797/779
f 739/782/764 737/753/735 785/801/783
f 737/753/735 721/751/733 772/787/769
f 774/789/771 787/803/785 785/801/783
f 787/803/785 788/824/806 786/802/784
f 633/643/627 789/805/787 790/804/786
f 588/596/582 776/794/776 789/805/787
f 791/806/788 789/805/787 776/794/776
f 792/807/789 790/804/786 789/805/787
f 794/808/790 795/811/793 796/809/791
f 775/791/773 778/793/775 795/811/793
f 752/766/748 795/811/793 778/793/775
f 752/766/748 751/765/747 796/809/791
f 751/765/747 756/770/752 797/812/794
f 756/770/752 755/769/751 798/813/795
f 799/814/796 800/815/797 797/812/794
f 800/815/797 793/810/792 796/809/791
f 755/769/751 766/780/762 801/816/798
f 766/780/762 713/728/710 736/748/730
f 735/750/732 802/817/799 801/816/798
f 802/817/799 799/814/796 798/813/795
f 758/771/753 803/818/800 782/799/781
f 757/773/755 804/820/802 803/818/800
f 806/819/801 803/818/800 804/820/802
f 783/798/780 782/799/781 803/818/800
f 767/781/763 807/823/805 808/822/804
f 767/781/763 739/782/764 786/802/784
f 788/824/806 809/826/808 807/823/805
f 810/825/807 808/822/804 807/823/805
f 672/685/669 671/684/668 811/827/809
f 671/684/668 634/644/628 790/804/786
f 792/807/789 812/828/810 811/827/809
f 812/828/810 702/739/721 701/716/698
f 791/806/788 813/830/812 814/829/811
f 775/791/773 794/808/790 813/830/812
f 815/831/813 813/830/812 794/808/790
f 816/832/814 814/829/811 813/830/812
f 779/795/777 817/833/815 804/820/802
f 769/783/765 808/822/804 817/833/815
f 818/834/816 817/833/815 808/822/804
f 805/821/803 804/820/802 817/833/815
f 799/814/796 802/817/799 819/835/817
f 802/817/799 735/750/732 764/776/758
f 763/778/760 821/838/820 819/835/817
f 822/837/819 820/836/818 819/835/817
f 800/815/797 823/840/822 824/839/821
f 799/814/796 820/836/818 823/840/822
f 825/841/823 823/840/822 820/836/818
f 826/842/824 824/839/821 823/840/822
f 822/837/819 821/838/820 827/843/825
f 821/838/820 763/778/760 784/800/782
f 783/798/780 806/819/801 827/843/825
f 806/819/801 805/821/803 828/844/826
f 829/845/827 830/846/828 814/829/811
f 726/757/739 725/740/722 830/846/828
f 812/828/810 830/846/828 725/740/722
f 792/807/789 814/829/811 830/846/828
f 816/832/814 815/831/813 831/847/829
f 815/831/813 793/810/792 824/839/821
f 826/842/824 833/849/831 831/847/829
f 833/849/831 834/851/833 832/848/830
f 835/850/832 836/852/834 832/848/830
f 744/788/770 743/758/740 836/852/834
f 829/845/827 836/852/834 743/758/740
f 816/832/814 832/848/830 836/852/834
f 825/841/823 837/854/836 838/853/835
f 822/837/819 828/844/826 837/854/836
f 818/834/816 837/854/836 828/844/826
f 810/825/807 838/853/835 837/854/836
f 787/803/785 839/856/838 840/855/837
f 774/789/771 773/790/772 839/856/838
f 835/850/832 839/856/838 773/790/772
f 834/851/833 840/855/837 839/856/838
f 834/851/833 833/849/831 841/857/839
f 826/842/824 838/853/835 841/857/839
f 809/826/808 841/857/839 838/853/835
f 788/824/806 840/855/837 841/857/839
f 247/250/244 842/858/840 78/77/77
f 79/78/78 78/77/77 842/858/840
f 79/78/78 843/859/841 844/860/842
f 845/861/843 107/107/106 106/106/105
f 846/862/844 847/863/845 109/109/108
f 81/80/80 109/109/108 847/863/845
f 293/299/293 848/864/846 137/139/136
f 108/108/107 137/139/136 848/864/846
f 191/194/188 849/4411/3776 850/865/847
f 359/866/848 219/221/215 218/220/214
f 851/867/849 852/868/850 221/223/217
f 193/196/190 221/223/217 852/868/850
f 393/398/390 853/869/851 252/254/248
f 220/222/216 252/254/248 853/869/851
f 271/274/268 391/395/387 854/870/852
f 855/871/853 281/285/279 280/284/278
f 281/285/279 855/871/853 856/872/854
f 428/873/855 283/291/285 285/290/284
f 858/874/856 859/878/856 860/875/856
f 858/874/856 861/910/856 862/877/856
f 863/879/856 864/881/856 859/878/856
f 865/880/856 860/875/856 859/878/856
f 866/882/857 867/885/858 868/883/858
f 867/885/858 870/938/858 871/886/858
f 873/887/859 874/891/859 875/888/859
f 876/890/860 877/962/860 874/891/859
f 879/892/856 880/896/856 881/893/856
f 882/895/856 883/898/856 880/896/856
f 884/897/856 885/899/856 880/896/856
f 885/899/856 886/900/856 881/893/856
f 886/900/856 885/899/856 887/901/856
f 885/899/856 884/897/856 889/903/856
f 890/904/856 891/905/856 887/901/856
f 891/905/856 892/906/856 888/902/856
f 892/906/856 891/905/856 893/907/856
f 891/905/856 890/904/856 895/909/856
f 861/910/856 858/874/856 893/907/856
f 858/874/856 857/876/856 894/908/856
f 162/911/861 896/915/865 897/912/862
f 135/914/864 898/917/867 896/915/865
f 900/916/866 896/915/865 898/917/867
f 901/919/869 897/912/862 896/915/865
f 900/916/866 902/921/871 903/920/870
f 899/918/868 904/923/872 902/921/871
f 906/922/856 902/921/871 904/923/872
f 907/925/856 903/920/870 902/921/871
f 907/925/856 906/922/856 908/926/856
f 906/922/856 905/924/856 910/928/856
f 865/880/856 864/881/856 908/926/856
f 864/881/856 863/879/856 909/927/856
f 911/929/873 912/932/874 913/930/874
f 912/932/874 915/4412/875 916/933/875
f 917/934/857 918/937/876 919/935/876
f 918/937/876 911/929/873 914/931/873
f 870/938/858 921/940/858 922/939/858
f 921/940/858 917/934/857 920/936/857
f 924/941/877 925/945/880 926/942/878
f 849/944/880 191/4413/3777 925/945/880
f 927/946/858 928/949/881 929/947/873
f 928/949/881 923/943/879 926/942/878
f 869/884/857 931/951/858 932/950/858
f 931/951/858 927/946/858 930/948/858
f 934/952/882 935/956/886 936/953/883
f 934/952/882 107/4414/3778 845/955/885
f 938/957/887 939/960/888 940/958/860
f 933/954/884 936/953/883 939/960/888
f 941/961/860 942/963/860 877/962/860
f 937/959/860 940/958/860 942/963/860
f 944/964/859 945/968/859 946/965/859
f 947/967/860 948/4415/860 945/968/859
f 950/969/860 951/972/860 952/970/860
f 943/966/859 946/965/859 951/972/860
f 953/973/860 954/974/860 872/889/859
f 949/971/860 952/970/860 954/974/860
f 956/975/856 957/979/856 958/976/856
f 956/975/856 959/1018/856 960/978/856
f 962/980/856 957/979/856 960/978/856
f 963/982/856 958/976/856 957/979/856
f 965/983/889 966/2199/1889 967/984/890
f 968/986/892 969/989/892 964/987/892
f 969/989/892 971/1062/892 965/990/892
f 973/991/893 974/995/893 975/992/893
f 976/994/893 966/1082/893 974/995/893
f 977/996/856 978/999/856 979/997/856
f 978/999/856 981/2099/856 982/1000/856
f 984/1001/856 979/997/856 982/1000/856
f 985/1003/856 980/998/856 979/997/856
f 984/1001/856 986/1005/856 987/1004/856
f 983/1002/856 988/1007/856 986/1005/856
f 990/1006/856 986/1005/856 988/1007/856
f 991/1009/856 987/1004/856 986/1005/856
f 990/1006/856 992/1011/856 993/1010/856
f 989/1008/856 994/1013/856 992/1011/856
f 996/1012/856 992/1011/856 994/1013/856
f 996/1012/856 997/1015/856 993/1010/856
f 997/1015/856 996/1012/856 998/1016/856
f 995/1014/856 1000/1019/856 998/1016/856
f 959/1018/856 956/975/856 998/1016/856
f 955/977/856 999/1017/856 998/1016/856
f 1002/1020/856 1003/1024/856 1004/1021/856
f 1002/1020/856 1005/2128/856 1006/1023/856
f 1007/1025/856 1008/1027/856 1003/1024/856
f 1009/1026/856 1004/1021/856 1003/1024/856
f 1008/1027/856 1010/1030/856 1011/1028/856
f 1008/1027/856 1007/1025/856 1012/1029/856
f 962/980/856 1010/1030/856 1012/1029/856
f 961/981/856 1011/1028/856 1010/1030/856
f 947/1031/894 1014/4416/1892 1015/1032/895
f 1017/1034/897 1018/2196/1886 1019/1035/898
f 1021/1037/900 1022/2197/1887 1023/1038/901
f 1025/1040/903 975/2198/1888 974/1041/904
f 1026/1043/906 1027/4417/1841 1028/1044/907
f 1031/1046/909 1032/2200/1890 1033/1047/910
f 1034/1049/912 1035/1052/892 1013/1050/892
f 1035/1052/892 948/4418/892 947/1053/892
f 1036/1054/892 1037/1057/892 1016/1055/892
f 1034/1049/912 1017/1051/912 1016/1055/892
f 1038/1058/892 1039/1061/892 1020/1059/892
f 1039/1061/892 1036/1054/892 1021/1056/892
f 971/1062/892 1040/1064/892 1024/1063/892
f 1040/1064/892 1038/1058/892 1025/1060/892
f 1029/1065/913 1041/1069/915 1042/1066/914
f 1028/1068/913 1043/4419/3779 1041/1069/915
f 970/988/892 1033/1071/892 1044/1070/892
f 1033/1071/892 1032/1067/892 1042/1066/914
f 1045/1072/916 1046/1075/919 1026/1073/917
f 1046/1075/919 1047/4420/3780 1027/1076/920
f 1049/1077/921 1030/1080/921 1050/1078/893
f 1045/1072/916 1031/1074/918 1030/1080/921
f 1051/1081/893 967/1083/893 966/1082/893
f 1048/1079/893 1050/1078/893 967/1083/893
f 1018/1084/893 1015/1087/922 1052/1085/922
f 1015/1087/922 1014/4421/922 1054/1088/922
f 1019/1089/893 1055/1092/893 1056/1090/893
f 1019/1089/893 1018/1084/893 1053/1086/893
f 1023/1093/893 1057/1094/893 972/993/893
f 1022/1091/893 1056/1090/893 1057/1094/893
f 1058/1095/856 1059/1099/856 1060/1096/856
f 1058/1095/856 915/2204/856 1061/1098/856
f 882/895/856 1062/1101/856 1059/1099/856
f 977/1100/856 1060/1096/856 1059/1099/856
f 1063/1102/856 1064/1104/856 862/877/856
f 1063/1102/856 870/1132/856 867/1103/856
f 866/1105/856 1065/1106/856 1064/1104/856
f 1065/1106/856 863/879/856 862/877/856
f 1066/1107/856 1067/1109/856 860/875/856
f 876/1108/856 873/1111/856 1067/1109/856
f 872/1110/856 1068/1112/856 1067/1109/856
f 1068/1112/856 857/876/856 860/875/856
f 911/1113/856 1069/1116/856 1070/1114/856
f 1069/1116/856 884/897/856 883/898/856
f 886/900/856 1071/1118/856 1072/1117/856
f 1071/1118/856 946/1129/856 945/1119/856
f 948/1120/856 1073/1121/856 1072/1117/856
f 1073/1121/856 878/894/856 881/893/856
f 884/897/856 1069/1116/856 1074/1122/856
f 1069/1116/856 911/1113/856 918/1123/856
f 917/1124/856 1075/1125/856 1074/1122/856
f 1075/1125/856 890/904/856 889/903/856
f 1076/1126/856 1077/1128/856 888/902/856
f 1076/1126/856 952/1135/856 951/1127/856
f 946/1129/856 1071/1118/856 1077/1128/856
f 1071/1118/856 886/900/856 888/902/856
f 890/904/856 1075/1125/856 1078/1130/856
f 1075/1125/856 917/1124/856 921/1131/856
f 870/1132/856 1063/1102/856 1078/1130/856
f 861/910/856 895/909/856 1078/1130/856
f 857/876/856 1068/1112/856 1079/1133/856
f 1068/1112/856 872/1110/856 954/1134/856
f 952/1135/856 1076/1126/856 1079/1133/856
f 1076/1126/856 892/906/856 894/908/856
f 135/914/864 134/1137/924 1080/1136/923
f 134/1137/924 107/4422/3781 934/1138/925
f 933/1139/926 1081/1140/927 1080/1136/923
f 1081/1140/927 899/918/868 898/917/867
f 1082/1141/928 1083/1143/930 897/912/862
f 926/1142/929 925/1145/932 1083/1143/930
f 190/1144/931 1083/1143/930 925/1145/932
f 163/913/863 897/912/862 1083/1143/930
f 899/918/868 1081/1140/927 1084/1147/934
f 1081/1140/927 933/1139/926 938/1148/935
f 937/1149/856 1085/1150/856 1084/1147/934
f 1085/1150/856 905/924/856 904/923/872
f 907/925/856 1086/1153/856 1087/1151/936
f 930/1152/856 929/1154/937 1087/1151/936
f 1082/1141/928 1087/1151/936 929/1154/937
f 901/919/869 903/920/870 1087/1151/936
f 905/924/856 1085/1150/856 1088/1155/856
f 1085/1150/856 937/1149/856 941/1156/856
f 1066/1107/856 1088/1155/856 941/1156/856
f 1066/1107/856 865/880/856 910/928/856
f 863/879/856 1065/1106/856 1089/1157/856
f 1065/1106/856 866/1105/856 932/1158/856
f 1086/1153/856 1089/1157/856 932/1158/856
f 1086/1153/856 907/925/856 909/927/856
f 877/1187/966 869/1212/966 868/1188/967
f 871/1190/968 875/1201/968 874/1189/967
f 914/1191/969 913/1195/972 944/1192/970
f 947/1194/894 944/1192/970 913/1195/972
f 920/1197/974 919/1200/976 950/1198/975
f 943/1193/971 950/1198/975 919/1200/976
f 875/1201/968 871/1190/968 922/1202/977
f 949/1199/974 953/1203/977 922/1202/977
f 923/1204/978 936/1210/984 935/1205/979
f 845/1184/963 849/1183/962 924/1206/980
f 927/1207/981 940/1213/981 939/1208/982
f 936/1210/984 923/1204/978 928/1209/983
f 877/1187/966 942/1214/986 931/1211/985
f 940/1213/981 927/1207/981 931/1211/985
f 1092/1215/987 1093/1219/991 1094/1216/988
f 1095/1218/990 1096/1221/993 1093/1219/991
f 1098/1220/992 1093/1219/991 1096/1221/993
f 1099/1223/995 1094/1216/988 1093/1219/991
f 1101/1224/996 1102/1227/999 1103/1225/997
f 1091/1217/989 1094/1216/988 1102/1227/999
f 1104/1228/1000 1102/1227/999 1094/1216/988
f 1105/1229/1001 1103/1225/997 1102/1227/999
f 1092/1215/987 1106/1231/1003 1107/1230/1002
f 1091/1217/989 1108/1233/1005 1106/1231/1003
f 1110/1232/1004 1106/1231/1003 1108/1233/1005
f 1111/1235/1007 1107/1230/1002 1106/1231/1003
f 1112/1236/1008 1113/1238/1010 1096/1221/993
f 1114/1237/1009 1115/1240/1012 1113/1238/1010
f 1117/1239/1011 1113/1238/1010 1115/1240/1012
f 1097/1222/994 1096/1221/993 1113/1238/1010
f 1119/1242/1014 1120/1245/1017 1121/1243/1015
f 1100/1226/998 1103/1225/997 1120/1245/1017
f 1122/1246/1018 1120/1245/1017 1103/1225/997
f 1123/1247/1019 1121/1243/1015 1120/1245/1017
f 1101/1224/996 1124/1248/1020 1108/1233/1005
f 1100/1226/998 1125/1250/1022 1124/1248/1020
f 1127/1249/1021 1124/1248/1020 1125/1250/1022
f 1109/1234/1006 1108/1233/1005 1124/1248/1020
f 1112/1236/1008 1128/1253/1025 1129/1252/1024
f 1095/1218/990 1107/1230/1002 1128/1253/1025
f 1130/1254/1026 1128/1253/1025 1107/1230/1002
f 1131/1255/1027 1129/1252/1024 1128/1253/1025
f 1132/1256/1028 1133/1258/1030 1115/1240/1012
f 1134/1257/1029 1135/1260/1032 1133/1258/1030
f 1137/1259/1031 1133/1258/1030 1135/1260/1032
f 1116/1241/1013 1115/1240/1012 1133/1258/1030
f 1139/1262/1034 1098/1220/992 1097/1222/994
f 1140/1264/1036 1099/1223/995 1098/1220/992
f 1142/1265/1037 1143/1268/1040 1144/1266/1038
f 1118/1244/1016 1121/1243/1015 1143/1268/1040
f 1145/1269/1041 1143/1268/1040 1121/1243/1015
f 1146/1270/1042 1144/1266/1038 1143/1268/1040
f 1119/1242/1014 1147/1271/1043 1125/1250/1022
f 1118/1244/1016 1148/1273/1045 1147/1271/1043
f 1150/1272/1044 1147/1271/1043 1148/1273/1045
f 1126/1251/1023 1125/1250/1022 1147/1271/1043
f 1151/1275/1047 1104/1228/1000 1099/1223/995
f 1152/1276/1048 1105/1229/1001 1104/1228/1000
f 1132/1256/1028 1153/1278/1050 1154/1277/1049
f 1114/1237/1009 1129/1252/1024 1153/1278/1050
f 1155/1279/1051 1153/1278/1050 1129/1252/1024
f 1156/1280/1052 1154/1277/1049 1153/1278/1050
f 1158/1281/1053 1110/1232/1004 1109/1234/1006
f 1159/1283/1055 1111/1235/1007 1110/1232/1004
f 1160/1284/1056 1161/1286/1058 1135/1260/1032
f 1162/1285/1057 1163/1288/1060 1161/1286/1058
f 1165/1287/1059 1161/1286/1058 1163/1288/1060
f 1136/1261/1033 1135/1260/1032 1161/1286/1058
f 1167/1290/1062 1117/1239/1011 1116/1241/1013
f 1138/1263/1035 1097/1222/994 1117/1239/1011
f 1168/1292/1064 1169/1327/1067 1170/1293/1065
f 1141/1267/1039 1144/1266/1038 1170/1295/1065
f 1172/1297/1068 1170/1295/1065 1144/1266/1038
f 1172/1298/1068 1173/1325/1095 1171/1294/1066
f 1142/1265/1037 1174/1299/1069 1148/1273/1045
f 1141/1267/1039 1175/1301/1071 1174/1299/1069
f 1177/1300/1070 1174/1299/1069 1175/1301/1071
f 1149/1274/1046 1148/1273/1045 1174/1299/1069
f 1178/1303/1073 1122/1246/1018 1105/1229/1001
f 1179/1304/1074 1123/1247/1019 1122/1246/1018
f 1181/1305/1075 1127/1249/1021 1126/1251/1023
f 1157/1282/1054 1109/1234/1006 1127/1249/1021
f 1160/1284/1056 1182/1308/1078 1183/1307/1077
f 1134/1257/1029 1154/1277/1049 1182/1308/1078
f 1184/1309/1079 1182/1308/1078 1154/1277/1049
f 1185/1310/1080 1183/1307/1077 1182/1308/1078
f 1186/1311/1081 1130/1254/1026 1111/1235/1007
f 1187/1312/1082 1131/1255/1027 1130/1254/1026
f 1188/1313/1083 1189/1315/1085 1163/1288/1060
f 1190/1314/1084 1191/1317/1087 1189/1315/1085
f 1193/1316/1086 1189/1315/1085 1191/1317/1087
f 1164/1289/1061 1163/1288/1060 1189/1315/1085
f 1195/1319/1089 1137/1259/1031 1136/1261/1033
f 1166/1291/1063 1116/1241/1013 1137/1259/1031
f 1196/1321/1091 1197/1324/1094 1198/1322/1092
f 1197/1324/1094 1168/1292/1064 1171/1294/1066
f 1173/1325/1095 1200/1326/1096 1198/1322/1092
f 1200/1326/1096 1201/1355/1123 1199/1323/1093
f 1169/1296/1067 1202/1332/1098 1175/1301/1071
f 1169/1327/1067 1168/1292/1064 1203/1328/1097
f 1204/1330/1099 1205/1391/1100 1202/1329/1098
f 1205/1331/1100 1176/1302/1072 1175/1301/1071
f 1206/1333/1101 1145/1269/1041 1123/1247/1019
f 1207/1334/1102 1146/1270/1042 1145/1269/1041
f 1208/1335/1103 1150/1272/1044 1149/1274/1046
f 1180/1306/1076 1126/1251/1023 1150/1272/1044
f 1188/1313/1083 1209/1338/1106 1210/1337/1105
f 1162/1285/1057 1183/1307/1077 1209/1338/1106
f 1211/1339/1107 1209/1338/1106 1183/1307/1077
f 1212/1340/1108 1210/1337/1105 1209/1338/1106
f 1213/1341/1109 1155/1279/1051 1131/1255/1027
f 1214/1342/1110 1156/1280/1052 1155/1279/1051
f 1215/1343/1111 1216/1345/1113 1191/1317/1087
f 1217/1344/1112 1218/1347/1115 1216/1345/1113
f 1220/1346/1114 1216/1345/1113 1218/1347/1115
f 1192/1318/1088 1191/1317/1087 1216/1345/1113
f 1222/1349/1117 1165/1287/1059 1164/1289/1061
f 1194/1320/1090 1136/1261/1033 1165/1287/1059
f 1223/1351/1119 1224/1354/1122 1225/1352/1120
f 1224/1354/1122 1196/1321/1091 1199/1323/1093
f 1201/1355/1123 1227/1356/1124 1225/1352/1120
f 1227/1356/1124 1228/1382/1149 1226/1353/1121
f 1168/1292/1064 1197/1324/1094 1229/1357/1125
f 1197/1324/1094 1196/1321/1091 1230/1358/1126
f 1231/1359/1127 1232/1360/1128 1229/1357/1125
f 1232/1360/1128 1204/1330/1099 1203/1328/1097
f 1233/1361/1129 1172/1297/1068 1146/1270/1042
f 1233/1362/1129 1234/1388/1155 1173/1325/1095
f 1235/1363/1130 1177/1300/1070 1176/1302/1072
f 1043/1336/1104 1149/1274/1046 1177/1300/1070
f 1215/1343/1111 1236/1366/1133 1237/1365/1132
f 1190/1314/1084 1210/1337/1105 1236/1366/1133
f 1238/1367/1134 1236/1366/1133 1210/1337/1105
f 1239/1368/1135 1237/1365/1132 1236/1366/1133
f 1240/1369/1136 1184/1309/1079 1156/1280/1052
f 1241/1370/1137 1185/1310/1080 1184/1309/1079
f 1242/1371/1138 1243/1373/1140 1218/1347/1115
f 1242/1371/1138 1244/1393/1159 1245/1372/1139
f 1246/1374/1141 1247/1375/1142 1243/1373/1140
f 1219/1348/1116 1218/1347/1115 1243/1373/1140
f 1249/1376/1143 1193/1316/1086 1192/1318/1088
f 1221/1350/1118 1164/1289/1061 1193/1316/1086
f 1250/1378/1145 1251/1381/1148 1252/1379/1146
f 1251/1381/1148 1223/1351/1119 1226/1353/1121
f 1228/1382/1149 1254/1383/1150 1252/1379/1146
f 1254/1383/1150 1255/1411/1177 1253/1380/1147
f 1196/1321/1091 1224/1354/1122 1256/1384/1151
f 1224/1354/1122 1223/1351/1119 1257/1385/1152
f 1258/1386/1153 1259/1387/1154 1256/1384/1151
f 1259/1387/1154 1231/1359/1127 1230/1358/1126
f 1234/1388/1155 1260/1389/1156 1200/1326/1096
f 1260/1389/1156 1261/1417/1183 1201/1355/1123
f 1005/1390/1157 1002/4423/1158 1205/1391/1100
f 1002/1392/1158 1001/1364/1131 1176/1302/1072
f 1244/1393/1159 1242/1371/1138 1262/1394/1160
f 1217/1344/1112 1237/1365/1132 1262/1394/1160
f 1264/1396/1162 1262/1394/1160 1237/1365/1132
f 1265/1397/1163 1263/1395/1161 1262/1394/1160
f 1266/1398/1164 1211/1339/1107 1185/1310/1080
f 1267/1399/1165 1212/1340/1108 1211/1339/1107
f 1244/1393/1159 1268/1401/1167 1269/1400/1166
f 1268/1401/1167 1270/1421/1187 1271/1402/1168
f 1272/1403/1169 1273/1404/1170 1269/1400/1166
f 1273/1404/1170 1246/1374/1141 1245/1372/1139
f 1275/1405/1171 1220/1346/1114 1219/1348/1116
f 1248/1377/1144 1192/1318/1088 1220/1346/1114
f 1276/1407/1173 1277/1410/1176 1278/1408/1174
f 1277/1410/1176 1250/1378/1145 1253/1380/1147
f 1255/1411/1177 1280/1412/1178 1278/1408/1174
f 1280/1412/1178 1281/1438/1204 1279/1409/1175
f 1223/1351/1119 1251/1381/1148 1282/1413/1179
f 1251/1381/1148 1250/1378/1145 1283/1414/1180
f 1284/1415/1181 1285/1416/1182 1282/1413/1179
f 1285/1416/1182 1258/1386/1153 1257/1385/1152
f 1261/1417/1183 1286/1418/1184 1227/1356/1124
f 1286/1418/1184 1287/1444/1210 1228/1382/1149
f 1047/1419/1185 1288/1420/1186 1232/1360/1128
f 1288/1420/1186 1005/1390/1157 1204/1330/1099
f 1270/1421/1187 1268/1401/1167 1289/1422/1188
f 1268/1401/1167 1244/1393/1159 1263/1395/1161
f 1265/1397/1163 1291/1424/1190 1289/1422/1188
f 1291/1424/1190 1292/1451/1217 1290/1423/1189
f 1293/1425/1191 1238/1367/1134 1212/1340/1108
f 1294/1426/1192 1239/1368/1135 1238/1367/1134
f 1270/1421/1187 1295/1428/1194 1296/1427/1193
f 1295/1428/1194 1297/1448/1214 1298/1429/1195
f 1299/1430/1196 1300/1431/1197 1296/1427/1193
f 1300/1431/1197 1272/1403/1169 1271/1402/1168
f 1301/1432/1198 1302/1433/1199 1247/1375/1142
f 1274/1406/1172 1219/1348/1116 1247/1375/1142
f 1303/1434/1200 1304/1437/1203 1305/1435/1201
f 1304/1437/1203 1276/1407/1173 1279/1409/1175
f 1281/1438/1204 1307/1439/1205 1305/1435/1201
f 1307/1439/1205 1308/1465/1231 1306/1436/1202
f 1250/1378/1145 1277/1410/1176 1309/1440/1206
f 1277/1410/1176 1276/1407/1173 1310/1441/1207
f 1311/1442/1208 1312/1443/1209 1309/1440/1206
f 1312/1443/1209 1284/1415/1181 1283/1414/1180
f 1287/1444/1210 1313/1445/1211 1254/1383/1150
f 1313/1445/1211 1314/1471/1237 1255/1411/1177
f 1315/1446/1212 1316/1447/1213 1259/1387/1154
f 1316/1447/1213 1047/1419/1185 1231/1359/1127
f 1297/1448/1214 1295/1428/1194 1317/1449/1215
f 1295/1428/1194 1270/1421/1187 1290/1423/1189
f 1292/1451/1217 1319/1452/1218 1317/1449/1215
f 1319/1452/1218 1320/1477/1243 1318/1450/1216
f 1321/1453/1219 1264/1396/1162 1239/1368/1135
f 1322/1454/1220 1265/1397/1163 1264/1396/1162
f 1297/1448/1214 1323/1456/1222 1324/1455/1221
f 1323/1456/1222 1325/1462/1228 1326/1457/1223
f 1327/1458/1224 1328/1459/1225 1324/1455/1221
f 1328/1459/1225 1299/1430/1196 1298/1429/1195
f 1329/1460/1226 1330/1461/1227 1273/1404/1170
f 1330/1461/1227 1301/1432/1198 1246/1374/1141
f 1325/1462/1228 1331/1464/1230 1332/1463/1229
f 1331/1464/1230 1303/1434/1200 1306/1436/1202
f 1308/1465/1231 1333/1466/1232 1332/1463/1229
f 1333/1466/1232 1327/1458/1224 1326/1457/1223
f 1276/1407/1173 1304/1437/1203 1334/1467/1233
f 1304/1437/1203 1303/1434/1200 1335/1468/1234
f 1336/1469/1235 1337/1470/1236 1334/1467/1233
f 1337/1470/1236 1311/1442/1208 1310/1441/1207
f 1314/1471/1237 1338/1472/1238 1280/1412/1178
f 1338/1472/1238 1339/1485/1251 1281/1438/1204
f 1340/1473/1239 1341/1474/1240 1285/1416/1182
f 1341/1474/1240 1315/1446/1212 1258/1386/1153
f 1325/1462/1228 1323/1456/1222 1342/1475/1241
f 1323/1456/1222 1297/1448/1214 1318/1450/1216
f 1320/1477/1243 1344/1478/1244 1342/1475/1241
f 1344/1478/1244 1345/1483/1249 1343/1476/1242
f 1346/1479/1245 1291/1424/1190 1265/1397/1163
f 1346/1479/1245 1347/1489/1255 1292/1451/1217
f 1348/1480/1246 1349/1481/1247 1300/1431/1197
f 1349/1481/1247 1329/1460/1226 1272/1403/1169
f 1303/1434/1200 1331/1464/1230 1350/1482/1248
f 1331/1464/1230 1325/1462/1228 1343/1476/1242
f 1345/1483/1249 1351/1484/1250 1350/1482/1248
f 1351/1484/1250 1336/1469/1235 1335/1468/1234
f 1339/1485/1251 1352/1486/1252 1307/1439/1205
f 1352/1486/1252 1353/1493/1259 1308/1465/1231
f 1354/1487/1253 1355/1488/1254 1312/1443/1209
f 1355/1488/1254 1340/1473/1239 1284/1415/1181
f 1347/1489/1255 1356/1490/1256 1319/1452/1218
f 1356/1490/1256 1357/1497/1263 1320/1477/1243
f 1358/1491/1257 1359/1492/1258 1328/1459/1225
f 1359/1492/1258 1348/1480/1246 1299/1430/1196
f 1353/1493/1259 1360/1494/1260 1333/1466/1232
f 1360/1494/1260 1358/1491/1257 1327/1458/1224
f 1361/1495/1261 1362/1496/1262 1337/1470/1236
f 1362/1496/1262 1354/1487/1253 1311/1442/1208
f 1357/1497/1263 1363/1498/1264 1344/1478/1244
f 1363/1498/1264 1364/1499/1265 1345/1483/1249
f 1364/1499/1265 1365/1500/1266 1351/1484/1250
f 1365/1500/1266 1361/1495/1261 1336/1469/1235
f 1366/1501/1267 1367/1504/1270 1368/1502/1268
f 1367/1504/1270 1140/1264/1036 1139/1262/1034
f 1138/1263/1035 1370/1505/1271 1368/1502/1268
f 1370/1505/1271 1371/1510/1276 1369/1503/1269
f 1140/1264/1036 1367/1504/1270 1372/1506/1272
f 1367/1504/1270 1366/1501/1267 1373/1507/1273
f 1374/1508/1274 1375/1509/1275 1372/1506/1272
f 1375/1509/1275 1152/1276/1048 1151/1275/1047
f 1371/1510/1276 1370/1505/1271 1376/1511/1277
f 1370/1505/1271 1138/1263/1035 1167/1290/1062
f 1166/1291/1063 1378/1513/1279 1376/1511/1277
f 1378/1513/1279 1379/1530/1296 1377/1512/1278
f 1380/1514/1280 1381/1517/1283 1382/1515/1281
f 1381/1517/1283 1366/1501/1267 1369/1503/1269
f 1371/1510/1276 1384/1518/1284 1382/1515/1281
f 1384/1518/1284 1385/1531/1297 1383/1516/1282
f 1152/1276/1048 1375/1509/1275 1386/1519/1285
f 1375/1509/1275 1374/1508/1274 1387/1520/1286
f 1388/1521/1287 1389/1522/1288 1386/1519/1285
f 1389/1522/1288 1179/1304/1074 1178/1303/1073
f 1366/1501/1267 1381/1517/1283 1390/1523/1289
f 1381/1517/1283 1380/1514/1280 1391/1524/1290
f 1392/1525/1291 1393/1526/1292 1390/1523/1289
f 1393/1526/1292 1374/1508/1274 1373/1507/1273
f 1194/1320/1090 1394/1528/1294 1395/1527/1293
f 1394/1528/1294 1396/1556/1322 1397/1529/1295
f 1379/1530/1296 1378/1513/1279 1395/1527/1293
f 1378/1513/1279 1166/1291/1063 1195/1319/1089
f 1385/1531/1297 1384/1518/1284 1398/1532/1298
f 1384/1518/1284 1371/1510/1276 1377/1512/1278
f 1379/1530/1296 1400/1534/1300 1398/1532/1298
f 1400/1534/1300 1401/1560/1326 1399/1533/1299
f 1383/1516/1282 1402/1536/1302 1403/1535/1301
f 1385/1531/1297 1404/1538/1304 1402/1536/1302
f 1406/1537/1303 1402/1536/1302 1404/1538/1304
f 1407/1540/1306 1403/1535/1301 1402/1536/1302
f 1408/1541/1307 1409/1544/1310 1410/1542/1308
f 1409/1544/1310 1207/1334/1102 1206/1333/1101
f 1179/1304/1074 1389/1522/1288 1410/1542/1308
f 1389/1522/1288 1388/1521/1287 1411/1543/1309
f 1374/1508/1274 1393/1526/1292 1412/1545/1311
f 1393/1526/1292 1392/1525/1291 1413/1546/1312
f 1414/1547/1313 1415/1548/1314 1412/1545/1311
f 1415/1548/1314 1388/1521/1287 1387/1520/1286
f 1380/1514/1280 1403/1535/1301 1416/1549/1315
f 1403/1535/1301 1407/1540/1306 1417/1550/1316
f 1418/1551/1317 1419/1552/1318 1416/1549/1315
f 1419/1552/1318 1392/1525/1291 1391/1524/1290
f 1221/1350/1118 1420/1554/1320 1421/1553/1319
f 1420/1554/1320 1422/1579/1343 1423/1555/1321
f 1396/1556/1322 1394/1528/1294 1421/1553/1319
f 1394/1528/1294 1194/1320/1090 1222/1349/1117
f 1396/1556/1322 1424/1558/1324 1425/1557/1323
f 1424/1558/1324 1426/1586/1350 1427/1559/1325
f 1401/1560/1326 1400/1534/1300 1425/1557/1323
f 1400/1534/1300 1379/1530/1296 1397/1529/1295
f 1399/1533/1299 1428/1561/1327 1404/1538/1304
f 1401/1560/1326 1429/1563/1329 1428/1561/1327
f 1431/1562/1328 1428/1561/1327 1429/1563/1329
f 1405/1539/1305 1404/1538/1304 1428/1561/1327
f 1433/1565/1331 1434/1568/1334 1435/1566/1332
f 1234/1388/1155 1233/1362/1129 1434/1568/1334
f 1207/1334/1102 1409/1544/1310 1434/1569/1334
f 1409/1544/1310 1408/1541/1307 1435/1570/1332
f 1436/1571/1335 1437/1574/1338 1438/1572/1336
f 1437/1574/1338 1408/1541/1307 1411/1543/1309
f 1388/1521/1287 1415/1548/1314 1438/1572/1336
f 1415/1548/1314 1414/1547/1313 1439/1573/1337
f 1392/1525/1291 1419/1552/1318 1440/1575/1339
f 1419/1552/1318 1418/1551/1317 1441/1576/1340
f 1442/1577/1341 1443/1578/1342 1440/1575/1339
f 1443/1578/1342 1414/1547/1313 1413/1546/1312
f 1422/1579/1343 1420/1554/1320 1444/1580/1344
f 1420/1554/1320 1221/1350/1118 1249/1376/1143
f 1248/1377/1144 1446/1582/1346 1444/1580/1344
f 1446/1582/1346 1447/1614/1376 1445/1581/1345
f 1422/1579/1343 1448/1584/1348 1449/1583/1347
f 1448/1584/1348 1450/1618/1380 1451/1585/1349
f 1426/1586/1350 1424/1558/1324 1449/1583/1347
f 1424/1558/1324 1396/1556/1322 1423/1555/1321
f 1426/1586/1350 1452/1588/1352 1453/1587/1351
f 1452/1588/1352 1454/1625/1387 1455/1589/1353
f 1430/1564/1330 1429/1563/1329 1453/1587/1351
f 1429/1563/1329 1401/1560/1326 1427/1559/1325
f 1406/1537/1303 1456/1591/1355 1457/1590/1354
f 1405/1539/1305 1458/1593/1357 1456/1591/1355
f 1460/1592/1356 1456/1591/1355 1458/1593/1357
f 1461/1595/1359 1457/1590/1354 1456/1591/1355
f 1433/1565/1331 1462/1596/1360 1260/1389/1156
f 1432/1567/1333 1463/1598/1362 1462/1596/1360
f 1465/1597/1361 1462/1596/1360 1463/1598/1362
f 1261/1417/1183 1260/1389/1156 1462/1596/1360
f 1466/1600/1364 1467/1603/1367 1468/1601/1365
f 1432/1567/1333 1435/1566/1332 1468/1601/1365
f 1408/1541/1307 1437/1574/1338 1468/1604/1365
f 1437/1574/1338 1436/1571/1335 1469/1605/1366
f 1439/1573/1337 1470/1607/1369 1471/1606/1368
f 1414/1547/1313 1443/1578/1342 1470/1607/1369
f 1472/1608/1370 1470/1607/1369 1443/1578/1342
f 1473/1609/1371 1471/1606/1368 1470/1607/1369
f 1417/1550/1316 1474/1611/1373 1475/1610/1372
f 1407/1540/1306 1457/1590/1354 1474/1611/1373
f 1476/1612/1374 1474/1611/1373 1457/1590/1354
f 1477/1613/1375 1475/1610/1372 1474/1611/1373
f 1447/1614/1376 1446/1582/1346 1478/1615/1377
f 1446/1582/1346 1248/1377/1144 1275/1405/1171
f 1274/1406/1172 1480/1617/1379 1478/1615/1377
f 1480/1617/1379 1481/1651/1411 1479/1616/1378
f 1450/1618/1380 1448/1584/1348 1482/1619/1381
f 1448/1584/1348 1422/1579/1343 1445/1581/1345
f 1447/1614/1376 1484/1621/1383 1482/1619/1381
f 1484/1621/1383 1485/1653/1413 1483/1620/1382
f 1450/1618/1380 1486/1623/1385 1487/1622/1384
f 1486/1623/1385 1488/1661/1421 1489/1624/1386
f 1454/1625/1387 1452/1588/1352 1487/1622/1384
f 1452/1588/1352 1426/1586/1350 1451/1585/1349
f 1431/1562/1328 1490/1626/1388 1458/1593/1357
f 1430/1564/1330 1491/1628/1390 1490/1626/1388
f 1493/1627/1389 1490/1626/1388 1491/1628/1390
f 1459/1594/1358 1458/1593/1357 1490/1626/1388
f 1465/1597/1361 1494/1630/1392 1286/1418/1184
f 1464/1599/1363 1495/1632/1394 1494/1630/1392
f 1497/1631/1393 1494/1630/1392 1495/1632/1394
f 1287/1444/1210 1286/1418/1184 1494/1630/1392
f 1467/1603/1367 1498/1634/1396 1463/1598/1362
f 1466/1600/1364 1499/1636/1398 1498/1634/1396
f 1501/1635/1397 1498/1634/1396 1499/1636/1398
f 1464/1599/1363 1463/1598/1362 1498/1634/1396
f 1469/1602/1366 1502/1642/1401 1503/1638/1400
f 1436/1571/1335 1471/1606/1368 1502/1639/1401
f 1504/1640/1402 1502/1639/1401 1471/1606/1368
f 1505/1641/1403 1503/1638/1400 1502/1642/1401
f 1441/1576/1340 1506/1645/1405 1507/1644/1404
f 1418/1551/1317 1475/1610/1372 1506/1645/1405
f 1508/1646/1406 1506/1645/1405 1475/1610/1372
f 1509/1647/1407 1507/1644/1404 1506/1645/1405
f 1510/1648/1408 1511/1650/1410 1302/1433/1199
f 1512/1649/1409 1513/1652/1412 1511/1650/1410
f 1481/1651/1411 1480/1617/1379 1511/1650/1410
f 1480/1617/1379 1274/1406/1172 1302/1433/1199
f 1485/1653/1413 1484/1621/1383 1514/1654/1414
f 1484/1621/1383 1447/1614/1376 1479/1616/1378
f 1481/1651/1411 1516/1656/1416 1514/1654/1414
f 1516/1656/1416 1517/1699/1459 1515/1655/1415
f 1483/1620/1382 1518/1657/1417 1486/1623/1385
f 1485/1653/1413 1519/1659/1419 1518/1657/1417
f 1521/1658/1418 1518/1657/1417 1519/1659/1419
f 1488/1661/1421 1486/1623/1385 1518/1657/1417
f 1455/1589/1353 1522/1662/1422 1491/1628/1390
f 1454/1625/1387 1523/1664/1424 1522/1662/1422
f 1525/1663/1423 1522/1662/1422 1523/1664/1424
f 1492/1629/1391 1491/1628/1390 1522/1662/1422
f 1527/1666/1426 1528/1670/1430 1529/1667/1427
f 1530/1669/1429 1531/1671/1431 1528/1670/1430
f 1460/1592/1356 1528/1670/1430 1531/1671/1431
f 1459/1594/1358 1529/1667/1427 1528/1670/1430
f 1533/1672/1432 1534/1675/1435 1535/1673/1433
f 1314/1471/1237 1313/1445/1211 1534/1675/1435
f 1497/1631/1393 1534/1675/1435 1313/1445/1211
f 1496/1633/1395 1535/1673/1433 1534/1675/1435
f 1501/1635/1397 1536/1676/1436 1495/1632/1394
f 1500/1637/1399 1537/1678/1438 1536/1676/1436
f 1539/1677/1437 1536/1676/1436 1537/1678/1438
f 1496/1633/1395 1495/1632/1394 1536/1676/1436
f 1503/1638/1400 1540/1680/1440 1499/1636/1398
f 1505/1641/1403 1541/1682/1442 1540/1680/1440
f 1543/1681/1441 1540/1680/1440 1541/1682/1442
f 1500/1637/1399 1499/1636/1398 1540/1680/1440
f 1472/1608/1370 1544/1685/1445 1545/1684/1444
f 1442/1577/1341 1507/1644/1404 1544/1685/1445
f 1546/1686/1446 1544/1685/1445 1507/1644/1404
f 1547/1687/1447 1545/1684/1444 1544/1685/1445
f 1548/1688/1448 1549/1690/1450 1531/1671/1431
f 1550/1689/1449 1551/1691/1451 1549/1690/1450
f 1476/1612/1374 1549/1690/1450 1551/1691/1451
f 1461/1595/1359 1531/1671/1431 1549/1690/1450
f 1552/1692/1452 1553/1694/1454 1330/1461/1227
f 1554/1693/1453 1555/1695/1455 1553/1694/1454
f 1510/1648/1408 1553/1694/1454 1555/1695/1455
f 1301/1432/1198 1330/1461/1227 1553/1694/1454
f 1556/1696/1456 1557/1698/1458 1513/1652/1412
f 1558/1697/1457 1559/1700/1460 1557/1698/1458
f 1517/1699/1459 1516/1656/1416 1557/1698/1458
f 1516/1656/1416 1481/1651/1411 1513/1652/1412
f 1515/1655/1415 1560/1701/1461 1519/1659/1419
f 1517/1699/1459 1561/1703/1463 1560/1701/1461
f 1563/1702/1462 1560/1701/1461 1561/1703/1463
f 1520/1660/1420 1519/1659/1419 1560/1701/1461
f 1489/1624/1386 1564/1705/1465 1523/1664/1424
f 1488/1661/1421 1565/1707/1467 1564/1705/1465
f 1567/1706/1466 1564/1705/1465 1565/1707/1467
f 1524/1665/1425 1523/1664/1424 1564/1705/1465
f 1569/1709/1469 1570/1712/1472 1571/1710/1470
f 1526/1668/1428 1529/1667/1427 1570/1712/1472
f 1493/1627/1389 1570/1712/1472 1529/1667/1427
f 1492/1629/1391 1571/1710/1470 1570/1712/1472
f 1573/1713/1473 1574/1716/1476 1575/1714/1474
f 1339/1485/1251 1338/1472/1238 1574/1716/1476
f 1533/1672/1432 1574/1716/1476 1338/1472/1238
f 1532/1674/1434 1575/1714/1474 1574/1716/1476
f 1577/1717/1477 1578/1720/1480 1579/1718/1478
f 1532/1674/1434 1535/1673/1433 1578/1720/1480
f 1539/1677/1437 1578/1720/1480 1535/1673/1433
f 1538/1679/1439 1579/1718/1478 1578/1720/1480
f 1543/1681/1441 1580/1721/1481 1537/1678/1438
f 1542/1683/1443 1581/1723/1483 1580/1721/1481
f 1583/1722/1482 1580/1721/1481 1581/1723/1483
f 1538/1679/1439 1537/1678/1438 1580/1721/1481
f 1504/1643/1402 1584/1729/1486 1585/1725/1485
f 1473/1609/1371 1545/1684/1444 1584/1726/1486
f 1586/1727/1487 1584/1726/1486 1545/1684/1444
f 1587/1728/1488 1585/1725/1485 1584/1729/1486
f 1588/1731/1489 1589/1733/1491 1551/1691/1451
f 1590/1732/1490 1591/1734/1492 1589/1733/1491
f 1508/1646/1406 1589/1733/1491 1591/1734/1492
f 1477/1613/1375 1551/1691/1451 1589/1733/1491
f 1552/1692/1452 1592/1736/1494 1593/1735/1493
f 1329/1460/1226 1349/1481/1247 1592/1736/1494
f 1594/1737/1495 1592/1736/1494 1349/1481/1247
f 1595/1738/1496 1593/1735/1493 1592/1736/1494
f 1596/1739/1497 1597/1741/1499 1555/1695/1455
f 1598/1740/1498 1599/1742/1500 1597/1741/1499
f 1556/1696/1456 1597/1741/1499 1599/1742/1500
f 1512/1649/1409 1555/1695/1455 1597/1741/1499
f 1558/1697/1457 1600/1744/1502 1601/1743/1501
f 1600/1744/1502 1602/1794/1552 1603/1745/1503
f 1562/1704/1464 1561/1703/1463 1601/1743/1501
f 1561/1703/1463 1517/1699/1459 1559/1700/1460
f 1521/1658/1418 1604/1746/1504 1565/1707/1467
f 1520/1660/1420 1605/1748/1506 1604/1746/1504
f 1607/1747/1505 1604/1746/1504 1605/1748/1506
f 1566/1708/1468 1565/1707/1467 1604/1746/1504
f 1609/1750/1508 1610/1753/1511 1611/1751/1509
f 1568/1711/1471 1571/1710/1470 1610/1753/1511
f 1525/1663/1423 1610/1753/1511 1571/1710/1470
f 1524/1665/1425 1611/1751/1509 1610/1753/1511
f 1527/1666/1426 1612/1755/1513 1613/1754/1512
f 1526/1668/1428 1614/1757/1515 1612/1755/1513
f 1616/1756/1514 1612/1755/1513 1614/1757/1515
f 1617/1759/1517 1613/1754/1512 1612/1755/1513
f 1573/1713/1473 1618/1760/1518 1352/1486/1252
f 1572/1715/1475 1619/1762/1520 1618/1760/1518
f 1621/1761/1519 1618/1760/1518 1619/1762/1520
f 1353/1493/1259 1352/1486/1252 1618/1760/1518
f 1623/1764/1522 1624/1767/1525 1625/1765/1523
f 1572/1715/1475 1575/1714/1474 1624/1767/1525
f 1577/1717/1477 1624/1767/1525 1575/1714/1474
f 1576/1719/1479 1625/1765/1523 1624/1767/1525
f 1576/1719/1479 1579/1718/1478 1626/1768/1526
f 1579/1718/1478 1538/1679/1439 1583/1722/1482
f 1582/1724/1484 1628/1770/1528 1626/1768/1526
f 1628/1770/1528 1629/1815/1573 1627/1769/1527
f 1542/1683/1443 1541/1682/1442 1630/1771/1529
f 1541/1682/1442 1505/1641/1403 1585/1725/1485
f 1587/1728/1488 1632/1773/1531 1630/1771/1529
f 1632/1773/1531 1633/1819/1577 1631/1772/1530
f 1634/1774/1532 1635/1776/1534 1591/1734/1492
f 1636/1775/1533 1637/1777/1535 1635/1776/1534
f 1546/1686/1446 1635/1776/1534 1637/1777/1535
f 1509/1647/1407 1591/1734/1492 1635/1776/1534
f 1548/1688/1448 1638/1779/1537 1639/1778/1536
f 1530/1669/1429 1613/1754/1512 1638/1779/1537
f 1617/1759/1517 1640/1781/1539 1638/1779/1537
f 1641/1780/1538 1639/1778/1536 1638/1779/1537
f 1594/1737/1495 1642/1783/1541 1643/1782/1540
f 1348/1480/1246 1359/1492/1258 1642/1783/1541
f 1644/1784/1542 1642/1783/1541 1359/1492/1258
f 1645/1785/1543 1643/1782/1540 1642/1783/1541
f 1596/1739/1497 1646/1787/1545 1647/1786/1544
f 1554/1693/1453 1593/1735/1493 1646/1787/1545
f 1648/1788/1546 1646/1787/1545 1593/1735/1493
f 1649/1789/1547 1647/1786/1544 1646/1787/1545
f 1650/1790/1548 1651/1792/1550 1599/1742/1500
f 1652/1791/1549 1653/1793/1551 1651/1792/1550
f 1600/1744/1502 1651/1792/1550 1653/1793/1551
f 1558/1697/1457 1599/1742/1500 1651/1792/1550
f 1563/1702/1462 1654/1795/1553 1605/1748/1506
f 1562/1704/1464 1655/1797/1555 1654/1795/1553
f 1657/1796/1554 1654/1795/1553 1655/1797/1555
f 1606/1749/1507 1605/1748/1506 1654/1795/1553
f 1659/1799/1557 1660/1802/1560 1661/1800/1558
f 1608/1752/1510 1611/1751/1509 1660/1802/1560
f 1567/1706/1466 1660/1802/1560 1611/1751/1509
f 1566/1708/1468 1661/1800/1558 1660/1802/1560
f 1569/1709/1469 1662/1804/1562 1614/1757/1515
f 1569/1709/1469 1568/1711/1471 1663/1803/1561
f 1664/1805/1563 1665/1806/1564 1662/1804/1562
f 1665/1806/1564 1615/1758/1516 1614/1757/1515
f 1621/1761/1519 1666/1807/1565 1360/1494/1260
f 1620/1763/1521 1667/1808/1566 1666/1807/1565
f 1644/1784/1542 1666/1807/1565 1667/1808/1566
f 1358/1491/1257 1360/1494/1260 1666/1807/1565
f 1623/1764/1522 1668/1809/1567 1619/1762/1520
f 1622/1766/1524 1669/1811/1569 1668/1809/1567
f 1671/1810/1568 1668/1809/1567 1669/1811/1569
f 1620/1763/1521 1619/1762/1520 1668/1809/1567
f 1622/1766/1524 1625/1765/1523 1672/1813/1571
f 1625/1765/1523 1576/1719/1479 1627/1769/1527
f 1629/1815/1573 1674/1816/1574 1672/1813/1571
f 1674/1816/1574 1675/1853/1609 1673/1814/1572
f 1582/1724/1484 1581/1723/1483 1676/1817/1575
f 1581/1723/1483 1542/1683/1443 1631/1772/1530
f 1633/1819/1577 1678/1820/1578 1676/1817/1575
f 1678/1820/1578 1679/1860/1616 1677/1818/1576
f 1680/1821/1579 1681/1826/1581 1637/1777/1535
f 1682/1822/1580 1683/1825/1582 1681/1823/1581
f 1586/1730/1487 1681/1823/1581 1683/1825/1582
f 1547/1687/1447 1637/1777/1535 1681/1826/1581
f 1588/1731/1489 1684/1828/1584 1685/1827/1583
f 1550/1689/1449 1639/1778/1536 1684/1828/1584
f 1686/1829/1585 1684/1828/1584 1639/1778/1536
f 1687/1830/1586 1685/1827/1583 1684/1828/1584
f 1648/1788/1546 1688/1832/1588 1689/1831/1587
f 1595/1738/1496 1643/1782/1540 1688/1832/1588
f 1690/1833/1589 1688/1832/1588 1643/1782/1540
f 1691/1834/1590 1689/1831/1587 1688/1832/1588
f 1598/1740/1498 1647/1786/1544 1692/1835/1591
f 1647/1786/1544 1649/1789/1547 1693/1836/1592
f 1694/1837/1593 1695/1838/1594 1692/1835/1591
f 1695/1838/1594 1652/1791/1549 1650/1790/1548
f 1603/1745/1503 1696/1839/1595 1655/1797/1555
f 1602/1794/1552 1697/1841/1597 1696/1839/1595
f 1699/1840/1596 1696/1839/1595 1697/1841/1597
f 1656/1798/1556 1655/1797/1555 1696/1839/1595
f 1701/1843/1599 1702/1846/1602 1703/1844/1600
f 1658/1801/1559 1661/1800/1558 1702/1846/1602
f 1607/1747/1505 1702/1846/1602 1661/1800/1558
f 1606/1749/1507 1703/1844/1600 1702/1846/1602
f 1568/1711/1471 1609/1750/1508 1704/1847/1603
f 1609/1750/1508 1608/1752/1510 1705/1848/1604
f 1706/1849/1605 1707/1850/1606 1704/1847/1603
f 1707/1850/1606 1664/1805/1563 1663/1803/1561
f 1671/1810/1568 1708/1851/1607 1667/1808/1566
f 1670/1812/1570 1709/1852/1608 1708/1851/1607
f 1690/1833/1589 1708/1851/1607 1709/1852/1608
f 1645/1785/1543 1667/1808/1566 1708/1851/1607
f 1673/1814/1572 1710/1854/1610 1669/1811/1569
f 1675/1853/1609 1711/1856/1612 1710/1854/1610
f 1713/1855/1611 1710/1854/1610 1711/1856/1612
f 1670/1812/1570 1669/1811/1569 1710/1854/1610
f 1629/1815/1573 1628/1770/1528 1714/1858/1614
f 1628/1770/1528 1582/1724/1484 1677/1818/1576
f 1679/1860/1616 1716/1861/1617 1714/1858/1614
f 1716/1861/1617 1717/1889/1645 1715/1859/1615
f 1718/1862/1618 1719/1864/1620 1683/1825/1582
f 1718/1862/1618 1720/1891/1647 1721/1863/1619
f 1633/1819/1577 1632/1773/1531 1719/1864/1620
f 1632/1773/1531 1587/1728/1488 1683/1825/1582
f 1634/1774/1532 1722/1866/1622 1723/1865/1621
f 1590/1732/1490 1685/1827/1583 1722/1866/1622
f 1724/1867/1623 1722/1866/1622 1685/1827/1583
f 1725/1868/1624 1723/1865/1621 1722/1866/1622
f 1649/1789/1547 1689/1831/1587 1726/1869/1625
f 1689/1831/1587 1691/1834/1590 1727/1870/1626
f 1728/1871/1627 1729/1872/1628 1726/1869/1625
f 1729/1872/1628 1694/1837/1593 1693/1836/1592
f 1602/1794/1552 1653/1793/1551 1730/1873/1629
f 1653/1793/1551 1652/1791/1549 1731/1874/1630
f 1732/1875/1631 1733/1876/1632 1730/1873/1629
f 1733/1876/1632 1698/1842/1598 1697/1841/1597
f 1735/1877/1633 1736/1880/1636 1737/1878/1634
f 1700/1845/1601 1703/1844/1600 1736/1880/1636
f 1657/1796/1554 1736/1880/1636 1703/1844/1600
f 1656/1798/1556 1737/1878/1634 1736/1880/1636
f 1608/1752/1510 1659/1799/1557 1738/1881/1637
f 1659/1799/1557 1658/1801/1559 1739/1882/1638
f 1740/1883/1639 1741/1884/1640 1738/1881/1637
f 1741/1884/1640 1706/1849/1605 1705/1848/1604
f 1713/1855/1611 1742/1885/1641 1709/1852/1608
f 1712/1857/1613 1743/1886/1642 1742/1885/1641
f 1727/1870/1626 1742/1885/1641 1743/1886/1642
f 1691/1834/1590 1709/1852/1608 1742/1885/1641
f 1675/1853/1609 1674/1816/1574 1744/1887/1643
f 1674/1816/1574 1629/1815/1573 1715/1859/1615
f 1717/1889/1645 1746/1890/1646 1744/1887/1643
f 1746/1890/1646 1747/1910/1665 1745/1888/1644
f 1720/1891/1647 1748/1893/1649 1749/1892/1648
f 1748/1893/1649 1750/1912/1667 1751/1894/1650
f 1679/1860/1616 1678/1820/1578 1749/1892/1648
f 1678/1820/1578 1633/1819/1577 1721/1863/1619
f 1680/1824/1579 1752/1899/1652 1753/1895/1651
f 1636/1775/1533 1723/1865/1621 1752/1896/1652
f 1754/1897/1653 1752/1896/1652 1723/1865/1621
f 1755/1898/1654 1753/1895/1651 1752/1899/1652
f 1652/1791/1549 1695/1838/1594 1756/1900/1655
f 1695/1838/1594 1694/1837/1593 1757/1901/1656
f 1758/1902/1657 1759/1903/1658 1756/1900/1655
f 1759/1903/1658 1732/1875/1631 1731/1874/1630
f 1761/1904/1659 1762/1907/1662 1763/1905/1660
f 1734/1879/1635 1737/1878/1634 1762/1907/1662
f 1699/1840/1596 1762/1907/1662 1737/1878/1634
f 1698/1842/1598 1763/1905/1660 1762/1907/1662
f 1712/1857/1613 1711/1856/1612 1764/1908/1663
f 1711/1856/1612 1675/1853/1609 1745/1888/1644
f 1747/1910/1665 1766/1911/1666 1764/1908/1663
f 1766/1911/1666 1767/1934/1689 1765/1909/1664
f 1750/1912/1667 1768/1914/1669 1769/1913/1668
f 1768/1914/1669 1770/1936/1691 1771/1915/1670
f 1717/1889/1645 1716/1861/1617 1769/1913/1668
f 1716/1861/1617 1679/1860/1616 1751/1894/1650
f 1720/1891/1647 1718/1862/1618 1772/1916/1671
f 1718/1862/1618 1682/1822/1580 1753/1895/1651
f 1755/1898/1654 1774/1918/1673 1772/1916/1671
f 1774/1918/1673 1775/1942/1697 1773/1917/1672
f 1694/1837/1593 1729/1872/1628 1776/1919/1674
f 1729/1872/1628 1728/1871/1627 1777/1920/1675
f 1778/1921/1676 1779/1922/1677 1776/1919/1674
f 1779/1922/1677 1758/1902/1657 1757/1901/1656
f 1781/1923/1678 1782/1926/1681 1783/1924/1679
f 1760/1906/1661 1763/1905/1660 1782/1926/1681
f 1733/1876/1632 1782/1926/1681 1763/1905/1660
f 1733/1876/1632 1732/1875/1631 1783/1924/1679
f 1735/1877/1633 1784/1928/1683 1785/1927/1682
f 1734/1879/1635 1786/1930/1685 1784/1928/1683
f 1788/1929/1684 1784/1928/1683 1786/1930/1685
f 1789/1932/1687 1785/1927/1682 1784/1928/1683
f 1728/1871/1627 1743/1886/1642 1790/1933/1688
f 1743/1886/1642 1712/1857/1613 1765/1909/1664
f 1767/1934/1689 1791/1935/1690 1790/1933/1688
f 1791/1935/1690 1778/1921/1676 1777/1920/1675
f 1770/1936/1691 1792/1938/1693 1793/1937/1692
f 1792/1938/1693 1794/1967/1722 1795/1939/1694
f 1747/1910/1665 1746/1890/1646 1793/1937/1692
f 1746/1890/1646 1717/1889/1645 1771/1915/1670
f 1750/1912/1667 1748/1893/1649 1796/1940/1695
f 1748/1893/1649 1720/1891/1647 1773/1917/1672
f 1775/1942/1697 1798/1943/1698 1796/1940/1695
f 1798/1943/1698 1799/1973/1728 1797/1941/1696
f 1800/1944/1699 1801/1947/1702 1802/1945/1700
f 1780/1925/1680 1783/1924/1679 1802/1945/1700
f 1759/1903/1658 1802/1945/1700 1783/1924/1679
f 1759/1903/1658 1758/1902/1657 1803/1946/1701
f 1761/1904/1659 1804/1948/1703 1786/1930/1685
f 1760/1906/1661 1805/1950/1705 1804/1948/1703
f 1807/1949/1704 1804/1948/1703 1805/1950/1705
f 1787/1931/1686 1786/1930/1685 1804/1948/1703
f 1617/1759/1517 1616/1756/1514 1808/1952/1707
f 1616/1756/1514 1615/1758/1516 1809/1953/1708
f 1810/1954/1709 1811/1955/1710 1808/1952/1707
f 1811/1955/1710 1641/1780/1538 1640/1781/1539
f 1615/1758/1516 1665/1806/1564 1812/1956/1711
f 1665/1806/1564 1664/1805/1563 1813/1957/1712
f 1814/1958/1713 1815/1959/1714 1812/1956/1711
f 1815/1959/1714 1810/1954/1709 1809/1953/1708
f 1664/1805/1563 1707/1850/1606 1816/1960/1715
f 1707/1850/1606 1706/1849/1605 1817/1961/1716
f 1818/1962/1717 1819/1963/1718 1816/1960/1715
f 1819/1963/1718 1814/1958/1713 1813/1957/1712
f 1741/1884/1640 1820/1964/1719 1817/1961/1716
f 1740/1883/1639 1821/1966/1721 1820/1964/1719
f 1822/1965/1720 1820/1964/1719 1821/1966/1721
f 1822/1965/1720 1818/1962/1717 1817/1961/1716
f 1794/1967/1722 1823/1969/1724 1824/1968/1723
f 1823/1969/1724 1825/1983/1738 1826/1970/1725
f 1767/1934/1689 1766/1911/1666 1824/1968/1723
f 1766/1911/1666 1747/1910/1665 1795/1939/1694
f 1770/1936/1691 1768/1914/1669 1827/1971/1726
f 1768/1914/1669 1750/1912/1667 1797/1941/1696
f 1799/1973/1728 1829/1974/1729 1827/1971/1726
f 1829/1974/1729 1830/1988/1743 1828/1972/1727
f 1831/1975/1730 1832/1978/1733 1833/1976/1731
f 1832/1978/1733 1800/1944/1699 1803/1946/1701
f 1758/1902/1657 1779/1922/1677 1833/1976/1731
f 1779/1922/1677 1778/1921/1676 1834/1977/1732
f 1781/1923/1678 1835/1979/1734 1805/1950/1705
f 1780/1925/1680 1836/1981/1736 1835/1979/1734
f 1837/1980/1735 1838/1982/1737 1835/1979/1734
f 1806/1951/1706 1805/1950/1705 1835/1979/1734
f 1825/1983/1738 1839/1985/1740 1840/1984/1739
f 1839/1985/1740 1831/1975/1730 1834/1977/1732
f 1778/1921/1676 1791/1935/1690 1840/1984/1739
f 1791/1935/1690 1767/1934/1689 1826/1970/1725
f 1794/1967/1722 1792/1938/1693 1841/1986/1741
f 1792/1938/1693 1770/1936/1691 1828/1972/1727
f 1830/1988/1743 1843/1990/1745 1841/1986/1741
f 1844/1989/1744 1842/1987/1742 1841/1986/1741
f 1845/1991/1746 1846/1994/1749 1847/1992/1747
f 1846/1994/1749 1687/1830/1586 1686/1829/1585
f 1641/1780/1538 1811/1955/1710 1847/1992/1747
f 1811/1955/1710 1810/1954/1709 1848/1993/1748
f 1801/1947/1702 1849/1995/1750 1836/1981/1736
f 1800/1944/1699 1850/1997/1752 1849/1995/1750
f 1852/1996/1751 1849/1995/1750 1850/1997/1752
f 1837/1980/1735 1836/1981/1736 1849/1995/1750
f 1818/1962/1717 1822/1965/1720 1853/1999/1754
f 1822/1965/1720 1789/1932/1687 1788/1929/1684
f 1787/1931/1686 1855/2001/1756 1853/1999/1754
f 1855/2001/1756 1856/2007/1762 1854/2000/1755
f 1815/1959/1714 1857/2002/1757 1848/1993/1748
f 1814/1958/1713 1858/2004/1759 1857/2002/1757
f 1860/2003/1758 1857/2002/1757 1858/2004/1759
f 1860/2003/1758 1845/1991/1746 1848/1993/1748
f 1814/1958/1713 1819/1963/1718 1861/2006/1761
f 1819/1963/1718 1818/1962/1717 1854/2000/1755
f 1856/2007/1762 1862/2008/1763 1861/2006/1761
f 1862/2008/1763 1859/2005/1760 1858/2004/1759
f 1825/1983/1738 1823/1969/1724 1863/2009/1764
f 1823/1969/1724 1794/1967/1722 1842/1987/1742
f 1844/1989/1744 1865/2011/1766 1863/2009/1764
f 1865/2011/1766 1866/2024/1779 1864/2010/1765
f 1724/1867/1623 1867/2013/1768 1868/2012/1767
f 1687/1830/1586 1846/1994/1749 1867/2013/1768
f 1869/2014/1769 1867/2013/1768 1846/1994/1749
f 1870/2015/1770 1868/2012/1767 1867/2013/1768
f 1800/1944/1699 1832/1978/1733 1871/2016/1771
f 1832/1978/1733 1831/1975/1730 1872/2017/1772
f 1873/2018/1773 1874/2019/1774 1871/2016/1771
f 1874/2019/1774 1851/1998/1753 1850/1997/1752
f 1856/2007/1762 1855/2001/1756 1875/2020/1775
f 1855/2001/1756 1787/1931/1686 1807/1949/1704
f 1806/1951/1706 1877/2022/1777 1875/2020/1775
f 1877/2022/1777 1878/2032/1787 1876/2021/1776
f 1831/1975/1730 1839/1985/1740 1879/2023/1778
f 1839/1985/1740 1825/1983/1738 1864/2010/1765
f 1866/2024/1779 1880/2025/1780 1879/2023/1778
f 1880/2025/1780 1873/2018/1773 1872/2017/1772
f 1754/1897/1653 1881/2026/1781 1774/1918/1673
f 1725/1868/1624 1868/2012/1767 1881/2026/1781
f 1882/2027/1782 1881/2026/1781 1868/2012/1767
f 1882/2027/1782 1775/1942/1697 1774/1918/1673
f 1869/2014/1769 1883/2029/1784 1884/2028/1783
f 1845/1991/1746 1860/2003/1758 1883/2029/1784
f 1885/2030/1785 1883/2029/1784 1860/2003/1758
f 1886/2031/1786 1884/2028/1783 1883/2029/1784
f 1878/2032/1787 1877/2022/1777 1887/2033/1788
f 1877/2022/1777 1806/1951/1706 1838/1982/1737
f 1837/1980/1735 1852/1996/1751 1887/2033/1788
f 1852/1996/1751 1851/1998/1753 1888/2034/1789
f 1862/2008/1763 1889/2036/1791 1890/2035/1790
f 1856/2007/1762 1876/2021/1776 1889/2036/1791
f 1891/2037/1792 1889/2036/1791 1876/2021/1776
f 1892/2038/1793 1890/2035/1790 1889/2036/1791
f 1893/2039/1794 1894/2040/1795 1884/2028/1783
f 1799/1973/1728 1798/1943/1698 1894/2040/1795
f 1882/2027/1782 1894/2040/1795 1798/1943/1698
f 1870/2015/1770 1884/2028/1783 1894/2040/1795
f 1886/2031/1786 1885/2030/1785 1895/2041/1796
f 1885/2030/1785 1859/2005/1760 1890/2035/1790
f 1892/2038/1793 1897/2043/1798 1895/2041/1796
f 1897/2043/1798 1898/2046/1801 1896/2042/1797
f 1851/1998/1753 1874/2019/1774 1899/2044/1799
f 1874/2019/1774 1873/2018/1773 1900/2045/1800
f 1892/2038/1793 1891/2037/1792 1899/2044/1799
f 1891/2037/1792 1878/2032/1787 1888/2034/1789
f 1898/2046/1801 1901/2048/1803 1902/2047/1802
f 1830/1988/1743 1829/1974/1729 1902/2047/1802
f 1893/2039/1794 1902/2047/1802 1829/1974/1729
f 1886/2031/1786 1896/2042/1797 1902/2047/1802
f 1873/2018/1773 1880/2025/1780 1903/2049/1804
f 1880/2025/1780 1866/2024/1779 1904/2050/1805
f 1898/2046/1801 1897/2043/1798 1903/2049/1804
f 1897/2043/1798 1892/2038/1793 1900/2045/1800
f 1865/2011/1766 1905/2051/1806 1904/2050/1805
f 1844/1989/1744 1843/1990/1745 1905/2051/1806
f 1901/2048/1803 1905/2051/1806 1843/1990/1745
f 1898/2046/1801 1904/2050/1805 1905/2051/1806
f 1157/1282/1054 1906/2055/1810 1907/2052/1807
f 1908/2053/1808 1159/1283/1055 1158/1281/1053
f 1180/1306/1076 1909/2059/1814 1910/2054/1809
f 1906/2055/1810 1157/1282/1054 1181/1305/1075
f 1159/1283/1055 1908/2053/1808 1911/2056/1811
f 1912/2057/1812 1187/1312/1082 1186/1311/1081
f 1043/1336/1104 1028/4424/3782 1913/2058/1813
f 1909/2059/1814 1180/1306/1076 1208/1335/1103
f 1187/1312/1082 1912/2057/1812 1914/2060/1815
f 1915/2061/1816 1214/1342/1110 1213/1341/1109
f 1214/1342/1110 1915/2061/1816 1916/2062/1817
f 1917/2063/1818 1241/1370/1137 1240/1369/1136
f 1241/1370/1137 1917/2063/1818 1918/2064/1819
f 1919/2065/1820 1267/1399/1165 1266/1398/1164
f 1267/1399/1165 1919/2065/1820 1920/2066/1821
f 1921/2067/1822 1294/1426/1192 1293/1425/1191
f 1922/2068/1823 1923/2069/1824 1316/1447/1213
f 1047/1419/1185 1316/1447/1213 1923/2069/1824
f 1294/1426/1192 1921/2067/1822 1924/2071/1826
f 1925/2072/1827 1322/1454/1220 1321/1453/1219
f 1926/2073/1828 1927/2074/1829 1341/1474/1240
f 1315/1446/1212 1341/1474/1240 1927/2074/1829
f 1322/1454/1220 1925/2072/1827 1928/2075/1830
f 1929/2076/1831 1347/1489/1255 1346/1479/1245
f 1930/2077/1832 1931/2078/1833 1355/1488/1254
f 1340/1473/1239 1355/1488/1254 1931/2078/1833
f 1347/1489/1255 1929/2076/1831 1932/2079/1834
f 1933/2080/1835 1357/1497/1263 1356/1490/1256
f 1934/2081/1836 1935/2082/1837 1362/1496/1262
f 1354/1487/1253 1362/1496/1262 1935/2082/1837
f 1357/1497/1263 1933/2080/1835 1936/2083/1838
f 1937/2084/1839 1364/1499/1265 1363/1498/1264
f 1937/2084/1839 1938/2085/1840 1365/1500/1266
f 1361/1495/1261 1365/1500/1266 1938/2085/1840
f 1939/2086/856 1940/2088/856 960/978/856
f 971/2087/856 969/2090/856 1940/2088/856
f 1941/2089/856 1940/2088/856 969/2090/856
f 1941/2089/856 961/981/856 960/978/856
f 1942/2092/856 1943/2094/856 958/976/856
f 1048/2093/856 1051/2096/856 1943/2094/856
f 1944/2095/856 1943/2094/856 1051/2096/856
f 955/977/856 958/976/856 1943/2094/856
f 1945/2098/856 1946/2101/856 982/1000/856
f 948/2100/856 1035/2103/856 1946/2101/856
f 1947/2102/856 1946/2101/856 1035/2103/856
f 983/1002/856 982/1000/856 1946/2101/856
f 1948/2105/856 1949/2107/856 980/998/856
f 1053/2106/856 1052/2206/856 1949/2107/856
f 1947/2102/856 1950/2108/856 988/1007/856
f 1034/2104/856 1037/2110/856 1950/2108/856
f 1951/2109/856 1950/2108/856 1037/2110/856
f 1951/2109/856 989/1008/856 988/1007/856
f 991/1009/856 1952/2114/856 1953/2112/856
f 1056/2113/856 1055/2115/856 1953/2112/856
f 1948/2105/856 1953/2112/856 1055/2115/856
f 985/1003/856 987/1004/856 1953/2112/856
f 1951/2109/856 1954/2116/856 994/1013/856
f 1036/2111/856 1039/2118/856 1954/2116/856
f 1955/2117/856 1954/2116/856 1039/2118/856
f 995/1014/856 994/1013/856 1954/2116/856
f 1956/2120/856 1957/2122/856 993/1010/856
f 972/2121/856 1057/2123/856 1957/2122/856
f 1952/2114/856 1957/2122/856 1057/2123/856
f 1952/2114/856 991/1009/856 993/1010/856
f 1955/2117/856 1958/2124/856 1000/1019/856
f 1038/2119/856 1040/2125/856 1958/2124/856
f 1939/2086/856 1958/2124/856 1040/2125/856
f 959/1018/856 1000/1019/856 1958/2124/856
f 1944/2095/856 1959/2126/856 999/1017/856
f 976/2097/856 973/2127/856 1959/2126/856
f 1956/2120/856 1959/2126/856 973/2127/856
f 997/1015/856 999/1017/856 1959/2126/856
f 1005/2128/856 1288/2130/856 1960/2129/856
f 1288/2130/856 1047/4425/856 1046/2131/856
f 1045/2132/856 1961/2133/856 1960/2129/856
f 1961/2133/856 1007/1025/856 1006/1023/856
f 1962/2134/856 1963/2136/856 1004/1021/856
f 1042/2135/856 1041/2138/856 1963/2136/856
f 1235/2137/856 1963/2136/856 1041/2138/856
f 1001/1022/856 1004/1021/856 1963/2136/856
f 1007/1025/856 1961/2133/856 1964/2140/856
f 1961/2133/856 1045/2132/856 1049/2141/856
f 1048/2093/856 1942/2092/856 1964/2140/856
f 963/982/856 1012/1029/856 1964/2140/856
f 961/981/856 1941/2089/856 1965/2142/856
f 968/2091/856 1044/2143/856 1965/2142/856
f 1962/2134/856 1965/2142/856 1044/2143/856
f 1009/1026/856 1011/1028/856 1965/2142/856
f 1700/1845/1601 1785/1927/1682 1967/2180/1876
f 1785/1927/1682 1789/1932/1687 1821/1966/1721
f 1740/1883/1639 1739/1882/1638 1967/2180/1876
f 1739/1882/1638 1658/1801/1559 1701/1843/1599
f 1968/2189/856 1969/2193/856 878/894/856
f 981/2190/856 1969/2193/856 1968/2189/856
f 1970/2192/856 1062/1101/856 882/895/856
f 1969/2193/856 1970/2192/856 879/892/856
f 978/2194/856 1970/2192/856 1969/2193/856
f 1062/1101/856 1970/2192/856 978/2194/856
f 1050/2195/1885 970/2201/1891 964/985/891
f 1018/2196/1886 1017/1034/897 1013/1033/896
f 1022/2197/1887 1021/1037/900 1016/1036/899
f 975/2198/1888 1025/1040/903 1020/1039/902
f 966/2199/1889 965/983/889 1024/1042/905
f 1031/1046/909 1026/1043/906 1029/1045/908
f 970/2201/1891 1050/2195/1885 1030/1048/911
f 912/1115/856 1070/1114/856 1061/1098/856
f 1061/1098/856 1070/1114/856 883/898/856
f 980/998/856 1949/2107/856 1060/2205/856
f 1060/2205/856 1949/2107/856 1052/2206/856
f 1973/2208/1894 1974/2211/1897 1975/2209/1895
f 1974/2211/1897 1976/2213/1899 1977/2212/1898
f 1976/2213/1899 1974/2211/1897 1979/2214/1900
f 1974/2211/1897 1973/2208/1894 1980/2216/1902
f 1972/2210/1896 1981/2221/1907 1982/2217/1903
f 1973/2208/1894 1982/2217/1903 1983/2218/1904
f 1984/2219/1905 1983/2218/1904 1982/2217/1903
f 1985/2220/1906 1982/2217/1903 1981/2221/1907
f 1972/2210/1896 1975/2209/1895 1987/2223/1909
f 1988/2224/1910 1987/2223/1909 1989/2225/1911
f 1991/2227/1913 1989/2225/1911 1987/2223/1909
f 1992/2228/1914 1987/2223/1909 1975/2209/1895
f 1993/2229/1915 1994/2230/1916 1979/2214/1900
f 1994/2230/1916 1995/2231/1917 1978/2215/1901
f 1995/2231/1917 1994/2230/1916 1997/2232/1918
f 1994/2230/1916 1993/2229/1915 1998/2234/1920
f 1988/2224/1910 1999/2235/1921 1981/2221/1907
f 1999/2235/1921 2000/2236/1922 1986/2222/1908
f 2000/2236/1922 1999/2235/1921 2002/2237/1923
f 1999/2235/1921 1988/2224/1910 1990/2226/1912
f 1980/2216/1902 1983/2218/1904 2003/2239/1925
f 1993/2229/1915 2003/2239/1925 2004/2240/1926
f 2005/2241/1927 2004/2240/1926 2003/2239/1925
f 2006/2242/1928 2003/2239/1925 1983/2218/1904
f 1990/2226/1912 1989/2225/1911 2007/2243/1929
f 2008/2244/1930 2007/2243/1929 2009/2245/1931
f 2011/2247/1933 2009/2245/1931 2007/2243/1929
f 2012/2248/1934 2007/2243/1929 1989/2225/1911
f 1976/2213/1899 2013/2250/1936 2014/2249/1935
f 2013/2250/1936 1976/2213/1899 1978/2215/1901
f 2016/2252/1938 2017/2256/1942 2018/2253/1939
f 2019/2254/1940 2018/2253/1939 1997/2232/1918
f 1996/2233/1919 1997/2232/1918 2018/2253/1939
f 2020/2255/1941 2018/2253/1939 2017/2256/1942
f 1986/2222/1908 2022/2284/1970 2023/2258/1944
f 1985/2220/1906 2023/2258/1944 2024/2259/1945
f 2008/2244/1930 2025/2260/1946 2002/2237/1923
f 2025/2260/1946 2026/2261/1947 2001/2238/1924
f 2026/2261/1947 2025/2260/1946 2028/2262/1948
f 2025/2260/1946 2008/2244/1930 2010/2246/1932
f 2019/2254/1940 2029/2265/1951 2030/2264/1950
f 2029/2265/1951 2031/2267/1953 2032/2266/1952
f 2031/2267/1953 2029/2265/1951 2004/2240/1926
f 2029/2265/1951 2019/2254/1940 1998/2234/1920
f 1977/2212/1898 2014/2249/1935 2033/2268/1954
f 1992/2228/1914 2033/2268/1954 2034/2269/1955
f 2036/2270/1956 2037/2273/1959 2038/2271/1957
f 2037/2273/1959 2039/2275/1961 2040/2274/1960
f 2039/2275/1961 2037/2273/1959 2009/2245/1931
f 2037/2273/1959 2036/2270/1956 2010/2246/1932
f 1995/2231/1917 2041/2276/1962 2015/2251/1937
f 2041/2276/1962 1995/2231/1917 1996/2233/1919
f 2043/2278/1964 2044/2282/1968 2045/2279/1965
f 2046/2280/1966 2045/2279/1965 2017/2256/1942
f 2021/2257/1943 2017/2256/1942 2045/2279/1965
f 2047/2281/1967 2045/2279/1965 2044/2282/1968
f 2000/2236/1922 2049/2285/1971 2022/2284/1970
f 2049/2285/1971 2000/2236/1922 2001/2238/1924
f 1984/2219/1905 2024/2259/1945 2051/2287/1973
f 2006/2242/1928 2051/2287/1973 2052/2288/1974
f 2035/2272/1958 2053/2291/1977 2054/2289/1975
f 2036/2270/1956 2054/2289/1975 2028/2262/1948
f 2027/2263/1949 2028/2262/1948 2054/2289/1975
f 2055/2290/1976 2054/2289/1975 2053/2291/1977
f 2046/2280/1966 2057/2294/1980 2058/2293/1979
f 2057/2294/1980 2059/2296/1982 2060/2295/1981
f 2059/2296/1982 2057/2294/1980 2030/2264/1950
f 2057/2294/1980 2046/2280/1966 2016/2252/1938
f 1991/2227/1913 2034/2269/1955 2061/2297/1983
f 2012/2248/1934 2061/2297/1983 2062/2298/1984
f 2064/2299/1985 2065/2302/1988 2066/2300/1986
f 2065/2302/1988 2067/2355/1990 2068/2303/1989
f 2067/2304/1990 2065/2305/1988 2038/2271/1957
f 2065/2305/1988 2064/2318/1985 2035/2272/1958
f 2021/2257/1943 2069/2337/2019 2070/2306/1991
f 2020/2255/1941 2070/2306/1991 2042/2277/1963
f 2071/2307/1992 2072/2308/1993 2044/2282/1968
f 2072/2308/1993 2073/2309/1994 2048/2283/1969
f 2073/2309/1994 2072/2308/1993 2075/2310/1995
f 2072/2308/1993 2071/2307/1992 2076/2312/1997
f 2026/2261/1947 2077/2313/1998 2050/2286/1972
f 2077/2313/1998 2026/2261/1947 2027/2263/1949
f 2031/2267/1953 2079/2316/2001 2080/2315/2000
f 2079/2316/2001 2031/2267/1953 2005/2241/1927
f 2063/2301/1987 2081/2322/2004 2082/2317/2002
f 2064/2318/1985 2082/2319/2002 2053/2291/1977
f 2056/2292/1978 2053/2291/1977 2082/2319/2002
f 2083/2321/2003 2082/2317/2002 2081/2322/2004
f 2043/2278/1964 2058/2293/1979 2085/2324/2006
f 2071/2307/1992 2085/2324/2006 2086/2325/2007
f 2087/2326/2008 2086/2325/2007 2085/2324/2006
f 2088/2327/2009 2085/2324/2006 2058/2293/1979
f 2039/2275/1961 2089/2329/2011 2090/2328/2010
f 2089/2329/2011 2039/2275/1961 2011/2247/1933
f 2066/2300/1986 2091/2331/2013 2092/2330/2012
f 2091/2331/2013 2093/2333/2015 2094/2332/2014
f 2093/2333/2015 2091/2331/2013 2096/2334/2016
f 2091/2331/2013 2066/2300/1986 2068/2303/1989
f 2048/2283/1969 2097/2364/2045 2098/2336/2018
f 2047/2281/1967 2098/2336/2018 2069/2337/2019
f 2099/2338/2020 2100/2339/2021 2075/2310/1995
f 2100/2339/2021 2101/2340/2022 2074/2311/1996
f 2101/2340/2022 2100/2339/2021 2103/2341/2023
f 2100/2339/2021 2099/2338/2020 2104/2343/2025
f 2056/2292/1978 2105/2374/2055 2106/2344/2026
f 2055/2290/1976 2106/2344/2026 2078/2314/1999
f 2059/2296/1982 2107/2346/2028 2108/2345/2027
f 2107/2346/2028 2059/2296/1982 2032/2266/1952
f 2063/2301/1987 2092/2330/2012 2109/2347/2029
f 2081/2322/2004 2109/2347/2029 2110/2348/2030
f 2111/2349/2031 2110/2348/2030 2109/2347/2029
f 2112/2350/2032 2109/2347/2029 2092/2330/2012
f 2076/2312/1997 2086/2325/2007 2113/2351/2033
f 2099/2338/2020 2113/2351/2033 2114/2352/2034
f 2115/2353/2035 2114/2352/2034 2113/2351/2033
f 2116/2354/2036 2113/2351/2033 2086/2325/2007
f 2067/2355/1990 2117/2577/2038 2118/2356/2037
f 2117/2357/2038 2067/2304/1990 2040/2274/1960
f 2093/2333/2015 2119/2359/2040 2120/2358/2039
f 2119/2359/2040 2121/2361/2042 2122/2360/2041
f 2121/2361/2042 2119/2359/2040 2124/2362/2043
f 2119/2359/2040 2093/2333/2015 2095/2335/2017
f 2073/2309/1994 2125/2365/2046 2097/2364/2045
f 2125/2365/2046 2073/2309/1994 2074/2311/1996
f 2128/2367/2048 2129/2370/2051 2130/2368/2049
f 2129/2370/2051 2103/2341/2023 2104/2343/2025
f 2102/2342/2024 2103/2341/2023 2129/2370/2051
f 2129/2370/2051 2128/2367/2048 2132/2372/2053
f 2084/2323/2005 2133/2401/2082 2134/2373/2054
f 2083/2320/2003 2134/4426/2054 2105/2374/2055
f 2060/2295/1981 2108/2345/2027 2135/2375/2056
f 2088/2327/2009 2135/2375/2056 2136/2376/2057
f 2094/2332/2014 2120/2358/2039 2137/2377/2058
f 2112/2350/2032 2137/2377/2058 2138/2378/2059
f 2139/2379/2060 2138/2378/2059 2137/2377/2058
f 2140/2380/2061 2137/2377/2058 2120/2358/2039
f 2127/2369/2050 2130/2368/2049 2141/2381/2062
f 2142/2382/2063 2141/2381/2062 2143/2383/2064
f 2115/2353/2035 2143/2383/2064 2141/2381/2062
f 2114/2352/2034 2141/2381/2062 2130/2368/2049
f 2118/2356/2037 2145/2385/2066 2096/2334/2016
f 2145/2385/2066 2146/2413/2094 2095/2335/2017
f 2147/2386/2067 2148/2391/2072 2149/2387/2068
f 2150/2388/2069 2149/2387/2068 2151/2389/2070
f 2123/2363/2044 2151/2389/2070 2149/2387/2068
f 2121/2361/2042 2149/2387/2068 2148/2391/2072
f 2101/2340/2022 2153/2392/2073 2126/2366/2047
f 2153/2392/2073 2101/2340/2022 2102/2342/2024
f 2156/2394/2075 2157/2397/2078 2158/2395/2076
f 2157/2397/2078 2128/2367/2048 2127/2369/2050
f 2128/2367/2048 2157/2397/2078 2159/2398/2079
f 2157/2397/2078 2156/2394/2075 2160/2399/2080
f 2084/2323/2005 2110/2348/2030 2161/2400/2081
f 2162/2402/2083 2161/2400/2081 2110/2348/2030
f 2087/2326/2008 2136/2376/2057 2163/2403/2084
f 2116/2354/2036 2163/2403/2084 2164/2404/2085
f 2165/2405/2086 2166/2406/2087 2148/2391/2072
f 2166/2406/2087 2140/2380/2061 2122/2360/2041
f 2140/2380/2061 2166/2406/2087 2167/2407/2088
f 2166/2406/2087 2165/2405/2086 2168/2408/2089
f 2155/2396/2077 2158/2395/2076 2169/2409/2090
f 2170/2410/2091 2169/2409/2090 2171/2411/2092
f 2144/2384/2065 2171/2411/2092 2169/2409/2090
f 2142/2382/2063 2169/2409/2090 2158/2395/2076
f 2146/2413/2094 2173/2414/2095 2124/2362/2043
f 2173/2414/2095 2174/2443/2124 2123/2363/2044
f 2175/2415/2096 2176/2420/2101 2177/2416/2097
f 2178/2417/2098 2177/2416/2097 2179/2418/2099
f 2152/2390/2071 2179/2418/2099 2177/2416/2097
f 2150/2388/2069 2177/2416/2097 2176/2420/2101
f 2181/2421/2102 2182/2422/2103 2131/2371/2052
f 2182/2422/2103 2154/2393/2074 2102/2342/2024
f 2155/2396/2077 2183/2427/2108 2184/2423/2104
f 2156/2394/2075 2184/2423/2104 2185/2424/2105
f 2186/2425/2106 2185/2424/2105 2184/2423/2104
f 2187/2426/2107 2184/2423/2104 2183/2427/2108
f 2111/2349/2031 2138/2378/2059 2189/2429/2110
f 2190/2430/2111 2189/2429/2110 2138/2378/2059
f 2143/2383/2064 2191/2432/2113 2192/2431/2112
f 2191/2432/2113 2143/2383/2064 2115/2353/2035
f 2193/2433/2114 2194/2434/2115 2176/2420/2101
f 2194/2434/2115 2165/2405/2086 2147/2386/2067
f 2165/2405/2086 2194/2434/2115 2195/2435/2116
f 2194/2434/2115 2193/2433/2114 2196/2436/2117
f 2170/2410/2091 2197/2437/2118 2183/2427/2108
f 2197/2437/2118 2198/2438/2119 2188/2428/2109
f 2198/2438/2119 2197/2437/2118 2200/2439/2120
f 2197/2437/2118 2170/2410/2091 2172/2412/2093
f 2152/2390/2071 2151/2389/2070 2201/2441/2122
f 2174/2443/2124 2201/2441/2122 2151/2389/2070
f 2178/2417/2098 2203/2445/2126 2204/2444/2125
f 2203/2445/2126 2205/2447/2128 2206/2446/2127
f 2205/2447/2128 2203/2445/2126 2208/2448/2129
f 2203/2445/2126 2178/2417/2098 2180/2419/2100
f 2209/2450/2131 2210/2451/2132 2159/2398/2079
f 2210/2451/2132 2181/2421/2102 2132/2372/2053
f 2188/2428/2109 2211/2456/2137 2212/2452/2133
f 2187/2426/2107 2212/2452/2133 2213/2453/2134
f 2214/2454/2135 2213/2453/2134 2212/2452/2133
f 2215/2455/2136 2212/2452/2133 2211/2456/2137
f 2217/2458/2139 2218/2459/2140 2023/2258/1944
f 2218/2459/2140 2219/4427/3783 2024/2259/1945
f 2220/2460/2141 2221/2461/2142 2167/2407/2088
f 2221/2461/2142 2190/2430/2111 2139/2379/2060
f 2172/2412/2093 2171/2411/2092 2222/2462/2143
f 2192/2431/2112 2222/2462/2143 2171/2411/2092
f 2175/2415/2096 2204/2444/2125 2224/2464/2145
f 2193/2433/2114 2224/2464/2145 2225/2465/2146
f 2226/2466/2147 2225/2465/2146 2224/2464/2145
f 2227/2467/2148 2224/2464/2145 2204/2444/2125
f 2198/2438/2119 2228/2468/2149 2211/2456/2137
f 2228/2468/2149 2229/2469/2150 2216/2457/2138
f 2229/2469/2150 2228/2468/2149 2231/2470/2151
f 2228/2468/2149 2198/2438/2119 2199/2440/2121
f 2180/2419/2100 2179/2418/2099 2232/2472/2153
f 2202/2442/2123 2232/2472/2153 2179/2418/2099
f 2205/2447/2128 2234/2475/2156 2235/2474/2155
f 2234/2475/2156 2215/2455/2136 2216/2457/2138
f 2215/2455/2136 2234/2475/2156 2236/2476/2157
f 2234/2475/2156 2205/2447/2128 2207/2449/2130
f 2160/2399/2080 2185/2424/2105 2237/2477/2158
f 2238/2478/2159 2237/2477/2158 2185/2424/2105
f 2024/2259/1945 2219/4427/3783 2239/2479/2160
f 2051/2287/1973 2239/2479/2160 2240/2480/2161
f 2241/2481/2162 2242/2482/2163 2195/2435/2116
f 2242/2482/2163 2220/2460/2141 2168/2408/2089
f 2223/2463/2144 2243/2483/2164 2200/2439/2120
f 2243/2483/2164 2244/2491/2172 2199/2440/2121
f 2206/2446/2127 2235/2474/2155 2245/2484/2165
f 2227/2467/2148 2245/2484/2165 2246/2485/2166
f 2230/2471/2152 2246/2485/2166 2245/2484/2165
f 2229/2469/2150 2245/2484/2165 2235/2474/2155
f 2233/2473/2154 2247/2486/2167 2208/2448/2129
f 2247/2486/2167 2248/2493/2174 2207/2449/2130
f 2186/2425/2106 2213/2453/2134 2249/2487/2168
f 2250/2488/2169 2249/2487/2168 2213/2453/2134
f 2196/2436/2117 2225/2465/2146 2251/2489/2170
f 2252/2490/2171 2251/2489/2170 2225/2465/2146
f 2244/2491/2172 2253/2492/2173 2231/2470/2151
f 2253/2492/2173 2254/2496/2177 2230/2471/2152
f 2248/2493/2174 2255/2494/2175 2236/2476/2157
f 2255/2494/2175 2250/2488/2169 2214/2454/2135
f 2226/2466/2147 2246/2485/2166 2256/2495/2176
f 2254/2496/2177 2256/2495/2176 2246/2485/2166
f 2013/2250/1936 2257/2498/2179 2258/2497/2178
f 2257/2498/2179 2259/2500/2181 2260/2499/2180
f 2259/2500/2181 2257/2498/2179 2262/2501/2182
f 2257/2498/2179 2013/2250/1936 2015/2251/1937
f 2108/2345/2027 2263/3067/2736 2264/2503/2184
f 2135/2375/2056 2264/2503/2184 2265/2504/2185
f 2266/2505/2186 2267/2506/2187 2258/2497/2178
f 2267/2506/2187 2033/2268/1954 2014/2249/1935
f 2033/2268/1954 2267/2506/2187 2268/2507/2188
f 2267/2506/2187 2266/2505/2186 2269/2508/2189
f 2259/2500/2181 2270/2510/2191 2271/2509/2190
f 2270/2510/2191 2272/2512/2193 2273/2511/2192
f 2272/2512/2193 2270/2510/2191 2275/2513/2194
f 2270/2510/2191 2259/2500/2181 2261/2502/2183
f 2041/2276/1962 2276/2515/2196 2262/2501/2182
f 2276/2515/2196 2277/2516/2197 2261/2502/2183
f 2277/2516/2197 2276/2515/2196 2279/2517/2198
f 2276/2515/2196 2041/2276/1962 2042/2277/1963
f 2136/2376/2057 2265/2504/2185 2280/2519/2200
f 2163/2403/2084 2280/2519/2200 2281/2520/2201
f 2282/2521/2202 2283/2522/2203 2271/2509/2190
f 2283/2522/2203 2266/2505/2186 2260/2499/2180
f 2266/2505/2186 2283/2522/2203 2284/2523/2204
f 2283/2522/2203 2282/2521/2202 2285/2524/2205
f 2286/2525/2206 2287/2526/2207 2268/2507/2188
f 2287/2526/2207 2061/2297/1983 2034/2269/1955
f 2061/2297/1983 2287/2526/2207 2288/2527/2208
f 2287/2526/2207 2286/2525/2206 2289/2528/2209
f 2272/2512/2193 2290/2530/2211 2291/2529/2210
f 2290/2530/2211 2292/2532/2213 2293/2531/2212
f 2292/2532/2213 2290/2530/2211 2295/2533/2214
f 2290/2530/2211 2272/2512/2193 2274/2514/2195
f 2277/2516/2197 2296/2535/2216 2275/2513/2194
f 2296/2535/2216 2297/2536/2217 2274/2514/2195
f 2297/2536/2217 2296/2535/2216 2299/2537/2218
f 2296/2535/2216 2277/2516/2197 2278/2518/2199
f 2301/2539/2220 2302/2542/2223 2303/2540/2221
f 2302/2542/2223 2070/2306/1991 2069/2337/2019
f 2070/2306/1991 2302/2542/2223 2279/2517/2198
f 2302/2542/2223 2301/2539/2220 2278/2518/2199
f 2273/2511/2192 2291/2529/2210 2304/2543/2224
f 2282/2521/2202 2304/2543/2224 2305/2544/2225
f 2306/2545/2226 2305/2544/2225 2304/2543/2224
f 2307/2546/2227 2304/2543/2224 2291/2529/2210
f 2308/2547/2228 2309/2548/2229 2284/2523/2204
f 2309/2548/2229 2286/2525/2206 2269/2508/2189
f 2286/2525/2206 2309/2548/2229 2310/2549/2230
f 2309/2548/2229 2308/2547/2228 2311/2550/2231
f 2089/2329/2011 2312/2552/2233 2313/2551/2232
f 2312/2552/2233 2314/2554/2235 2315/2553/2234
f 2314/2554/2235 2312/2552/2233 2288/2527/2208
f 2312/2552/2233 2089/2329/2011 2062/2298/1984
f 2297/2536/2217 2316/2555/2236 2295/2533/2214
f 2316/2555/2236 2317/2556/2237 2294/2534/2215
f 2317/2556/2237 2316/2555/2236 2319/2557/2238
f 2316/2555/2236 2297/2536/2217 2298/2538/2219
f 2321/2559/2240 2322/2562/2243 2323/2560/2241
f 2322/2562/2243 2301/2539/2220 2300/2541/2222
f 2301/2539/2220 2322/2562/2243 2299/2537/2218
f 2322/2562/2243 2321/2559/2240 2298/2538/2219
f 2325/2563/2244 2326/2566/2247 2327/2564/2245
f 2326/2566/2247 2098/2336/2018 2097/2364/2045
f 2098/2336/2018 2326/2566/2247 2303/2540/2221
f 2326/2566/2247 2325/2563/2244 2300/2541/2222
f 2328/2567/2248 2329/2568/2249 2221/2461/2142
f 2329/2568/2249 2330/3071/2740 2190/2430/2111
f 2285/2524/2205 2305/2544/2225 2331/2569/2250
f 2308/2547/2228 2331/2569/2250 2332/2570/2251
f 2333/2571/2252 2332/2570/2251 2331/2569/2250
f 2334/2572/2253 2331/2569/2250 2305/2544/2225
f 2314/2554/2235 2335/2574/2255 2336/2573/2254
f 2335/2574/2255 2337/2576/2257 2338/2575/2256
f 2337/2576/2257 2335/2574/2255 2310/2549/2230
f 2335/2574/2255 2314/2554/2235 2289/2528/2209
f 2117/2577/2038 2339/2579/2259 2340/2578/2258
f 2339/2579/2259 2341/2613/2261 2342/2580/2260
f 2341/2581/2261 2339/2582/2259 2313/2551/2232
f 2339/2582/2259 2117/2357/2038 2090/2328/2010
f 2294/2534/2215 2343/2587/2266 2344/2583/2262
f 2292/2532/2213 2344/2583/2262 2345/2584/2263
f 2346/2585/2264 2345/2584/2263 2344/2583/2262
f 2347/2586/2265 2344/2583/2262 2343/2587/2266
f 2320/2561/2242 2349/2591/2270 2350/2589/2268
f 2321/2559/2240 2350/2589/2268 2319/2557/2238
f 2318/2558/2239 2319/2557/2238 2350/2589/2268
f 2351/2590/2269 2350/2589/2268 2349/2591/2270
f 2354/2593/2272 2355/2596/2275 2356/2594/2273
f 2355/2596/2275 2325/2563/2244 2324/2565/2246
f 2325/2563/2244 2355/2596/2275 2323/2560/2241
f 2355/2596/2275 2354/2593/2272 2320/2561/2242
f 2125/2365/2046 2357/2597/2276 2327/2564/2245
f 2357/2597/2276 2358/2598/2277 2324/2565/2246
f 2358/2598/2277 2357/2597/2276 2360/2599/2278
f 2357/2597/2276 2125/2365/2046 2126/2366/2047
f 2361/2601/2280 2362/2602/2281 2242/2482/2163
f 2362/2602/2281 2328/2567/2248 2220/2460/2141
f 2223/2463/2144 2363/3074/2743 2364/2603/2282
f 2243/2483/2164 2364/2603/2282 2365/2604/2283
f 2293/2531/2212 2345/2584/2263 2366/2605/2284
f 2307/2546/2227 2366/2605/2284 2367/2606/2285
f 2368/2607/2286 2367/2606/2285 2366/2605/2284
f 2369/2608/2287 2366/2605/2284 2345/2584/2263
f 2337/2576/2257 2370/2610/2289 2371/2609/2288
f 2370/2610/2289 2372/2612/2291 2373/2611/2290
f 2372/2612/2291 2370/2610/2289 2332/2570/2251
f 2370/2610/2289 2337/2576/2257 2311/2550/2231
f 2341/2613/2261 2374/2615/2293 2375/2614/2292
f 2374/2615/2293 2376/2644/2295 2377/2616/2294
f 2376/2617/2295 2374/2618/2293 2336/2573/2254
f 2374/2618/2293 2341/2581/2261 2315/2553/2234
f 2342/2580/2260 2378/2621/2298 2379/2619/2296
f 2340/2578/2258 2379/2619/2296 2145/2385/2066
f 2146/2413/2094 2145/2385/2066 2379/2619/2296
f 2380/2620/2297 2379/2619/2296 2378/2621/2298
f 2318/2558/2239 2382/2625/2302 2383/2623/2300
f 2317/2556/2237 2383/2623/2300 2343/2587/2266
f 2348/2588/2267 2343/2587/2266 2383/2623/2300
f 2384/2624/2301 2383/2623/2300 2382/2625/2302
f 2353/2595/2274 2386/2629/2306 2387/2627/2304
f 2354/2593/2272 2387/2627/2304 2349/2591/2270
f 2352/2592/2271 2349/2591/2270 2387/2627/2304
f 2388/2628/2305 2387/2627/2304 2386/2629/2306
f 2358/2598/2277 2390/2631/2308 2356/2594/2273
f 2390/2631/2308 2391/2632/2309 2353/2595/2274
f 2391/2632/2309 2390/2631/2308 2393/2633/2310
f 2390/2631/2308 2358/2598/2277 2359/2600/2279
f 2153/2392/2073 2394/2635/2312 2360/2599/2278
f 2394/2635/2312 2395/2636/2313 2359/2600/2279
f 2395/2636/2313 2394/2635/2312 2397/2637/2314
f 2394/2635/2312 2153/2392/2073 2154/2393/2074
f 2244/2491/2172 2365/2604/2283 2398/2639/2316
f 2398/2639/2316 2399/3079/2748 2254/2496/2177
f 2306/2545/2226 2367/2606/2285 2400/2640/2317
f 2334/2572/2253 2400/2640/2317 2401/2641/2318
f 2402/2642/2319 2401/2641/2318 2400/2640/2317
f 2403/2643/2320 2400/2640/2317 2367/2606/2285
f 2376/2644/2295 2404/2646/2322 2405/2645/2321
f 2404/2646/2322 2406/2720/2324 2407/2647/2323
f 2406/2648/2324 2404/2649/2322 2371/2609/2288
f 2404/2649/2322 2376/2617/2295 2338/2575/2256
f 2377/2616/2294 2408/2652/2327 2409/2650/2325
f 2375/2614/2292 2409/2650/2325 2378/2621/2298
f 2381/2622/2299 2378/2621/2298 2409/2650/2325
f 2410/2651/2326 2409/2650/2325 2408/2652/2327
f 2381/2622/2299 2412/2656/2331 2413/2654/2329
f 2380/2620/2297 2413/2654/2329 2173/2414/2095
f 2174/2443/2124 2173/2414/2095 2413/2654/2329
f 2414/2655/2330 2413/2654/2329 2412/2656/2331
f 2352/2592/2271 2416/2660/2335 2417/2658/2333
f 2351/2590/2269 2417/2658/2333 2382/2625/2302
f 2385/2626/2303 2382/2625/2302 2417/2658/2333
f 2418/2659/2334 2417/2658/2333 2416/2660/2335
f 2420/2662/2337 2421/2667/2342 2422/2663/2338
f 2423/2664/2339 2422/2663/2338 2424/2665/2340
f 2348/2588/2267 2424/2665/2340 2422/2663/2338
f 2347/2586/2265 2422/2663/2338 2421/2667/2342
f 2391/2632/2309 2426/2668/2343 2386/2629/2306
f 2426/2668/2343 2427/2669/2344 2389/2630/2307
f 2427/2669/2344 2426/2668/2343 2429/2670/2345
f 2426/2668/2343 2391/2632/2309 2392/2634/2311
f 2395/2636/2313 2430/2672/2347 2393/2633/2310
f 2430/2672/2347 2431/2673/2348 2392/2634/2311
f 2431/2673/2348 2430/2672/2347 2433/2674/2349
f 2430/2672/2347 2395/2636/2313 2396/2638/2315
f 2434/2676/2351 2435/2714/2389 2436/2677/2352
f 2437/2678/2353 2436/2677/2352 2182/2422/2103
f 2154/2393/2074 2182/2422/2103 2436/2677/2352
f 2436/2677/2352 2435/2714/2389 2396/2638/2315
f 2333/2571/2252 2401/2641/2318 2438/2679/2354
f 2372/2612/2291 2438/2679/2354 2439/2680/2355
f 2440/2681/2356 2439/2680/2355 2438/2679/2354
f 2441/2682/2357 2438/2679/2354 2401/2641/2318
f 2442/2683/2358 2443/2686/2361 2444/2684/2359
f 2445/2685/2360 2444/2684/2359 2421/2667/2342
f 2346/2585/2264 2421/2667/2342 2444/2684/2359
f 2369/2608/2287 2444/2684/2359 2443/2686/2361
f 2405/2645/2321 2446/2687/2362 2408/2652/2327
f 2446/2687/2362 2447/2688/2363 2411/2653/2328
f 2447/2688/2363 2446/2687/2362 2449/2689/2364
f 2446/2687/2362 2405/2645/2321 2407/2647/2323
f 2411/2653/2328 2450/2693/2368 2451/2691/2366
f 2410/2651/2326 2451/2691/2366 2412/2656/2331
f 2415/2657/2332 2412/2656/2331 2451/2691/2366
f 2452/2692/2367 2451/2691/2366 2450/2693/2368
f 2202/2442/2123 2201/2441/2122 2454/2695/2370
f 2455/2696/2371 2454/2695/2370 2456/2697/2372
f 2415/2657/2332 2456/2697/2372 2454/2695/2370
f 2414/2655/2330 2454/2695/2370 2201/2441/2122
f 2389/2630/2307 2458/2701/2376 2459/2699/2374
f 2388/2628/2305 2459/2699/2374 2416/2660/2335
f 2419/2661/2336 2416/2660/2335 2459/2699/2374
f 2460/2700/2375 2459/2699/2374 2458/2701/2376
f 2425/2666/2341 2424/2665/2340 2462/2703/2378
f 2463/2704/2379 2462/2703/2378 2464/2705/2380
f 2385/2626/2303 2464/2705/2380 2462/2703/2378
f 2384/2624/2301 2462/2703/2378 2424/2665/2340
f 2431/2673/2348 2466/2707/2382 2429/2670/2345
f 2466/2707/2382 2467/2708/2383 2428/2671/2346
f 2467/2708/2383 2466/2707/2382 2469/2709/2384
f 2466/2707/2382 2431/2673/2348 2432/2675/2350
f 2470/2711/2386 2471/2757/2429 2472/2712/2387
f 2473/2713/2388 2472/2712/2387 2435/2714/2389
f 2435/2714/2389 2472/2712/2387 2433/2674/2349
f 2472/2712/2387 2471/2757/2429 2432/2675/2350
f 2474/2715/2390 2475/2718/2393 2476/2716/2391
f 2477/2717/2392 2476/2716/2391 2210/2451/2132
f 2181/2421/2102 2210/2451/2132 2476/2716/2391
f 2437/2678/2353 2476/2716/2391 2475/2718/2393
f 2373/2611/2290 2439/2680/2355 2478/2719/2394
f 2406/2720/2324 2478/2723/2394 2479/2721/2395
f 2480/2722/2396 2479/2721/2395 2478/2723/2394
f 2481/2725/2397 2478/2719/2394 2439/2680/2355
f 2482/2726/2398 2483/2729/2401 2484/2727/2399
f 2485/2728/2400 2484/2727/2399 2443/2686/2361
f 2368/2607/2286 2443/2686/2361 2484/2727/2399
f 2403/2643/2320 2484/2727/2399 2483/2729/2401
f 2447/2688/2363 2486/2730/2402 2450/2693/2368
f 2486/2730/2402 2487/2731/2403 2453/2694/2369
f 2487/2731/2403 2486/2730/2402 2489/2732/2404
f 2486/2730/2402 2447/2688/2363 2448/2690/2365
f 2457/2698/2373 2456/2697/2372 2490/2734/2406
f 2491/2735/2407 2490/2734/2406 2492/2736/2408
f 2453/2694/2369 2492/2736/2408 2490/2734/2406
f 2452/2692/2367 2490/2734/2406 2456/2697/2372
f 2233/2473/2154 2232/2472/2153 2494/2738/2410
f 2495/2739/2411 2494/2738/2410 2496/2740/2412
f 2457/2698/2373 2496/2740/2412 2494/2738/2410
f 2455/2696/2371 2494/2738/2410 2232/2472/2153
f 2428/2671/2346 2498/2744/2416 2499/2742/2414
f 2427/2669/2344 2499/2742/2414 2458/2701/2376
f 2461/2702/2377 2458/2701/2376 2499/2742/2414
f 2500/2743/2415 2499/2742/2414 2498/2744/2416
f 2464/2705/2380 2502/2747/2419 2503/2746/2418
f 2502/2747/2419 2504/2749/2421 2505/2748/2420
f 2504/2749/2421 2502/2747/2419 2418/2659/2334
f 2418/2659/2334 2502/2747/2419 2464/2705/2380
f 2425/2666/2341 2506/2754/2426 2507/2750/2422
f 2423/2664/2339 2507/2750/2422 2508/2751/2423
f 2509/2752/2424 2508/2751/2423 2507/2750/2422
f 2510/2753/2425 2507/2750/2422 2506/2754/2426
f 2512/2756/2428 2513/2758/2430 2471/2757/2429
f 2471/2757/2429 2513/2758/2430 2469/2709/2384
f 2468/2710/2385 2469/2709/2384 2513/2758/2430
f 2513/2758/2430 2512/2756/2428 2515/2760/2432
f 2516/2761/2433 2517/2764/2436 2518/2762/2434
f 2519/2763/2435 2518/2762/2434 2475/2718/2393
f 2434/2676/2351 2475/2718/2393 2518/2762/2434
f 2473/2713/2388 2518/2762/2434 2517/2764/2436
f 2209/2450/2131 2237/2477/2158 2520/2765/2437
f 2477/2717/2392 2520/2765/2437 2521/2766/2438
f 2522/2767/2439 2521/2766/2438 2520/2765/2437
f 2523/2768/2440 2520/2765/2437 2237/2477/2158
f 2479/2721/2395 2524/2769/2441 2449/2689/2364
f 2524/2769/2441 2525/2770/2442 2448/2690/2365
f 2525/2770/2442 2524/2769/2441 2527/2771/2443
f 2524/2769/2441 2479/2721/2395 2480/2722/2396
f 2528/2773/2445 2529/2776/2448 2530/2774/2446
f 2531/2775/2447 2530/2774/2446 2483/2729/2401
f 2402/2642/2319 2483/2729/2401 2530/2774/2446
f 2441/2682/2357 2530/2774/2446 2529/2776/2448
f 2420/2662/2337 2508/2751/2423 2532/2777/2449
f 2445/2685/2360 2532/2777/2449 2533/2778/2450
f 2534/2779/2451 2533/2778/2450 2532/2777/2449
f 2532/2777/2449 2508/2751/2423 2509/2752/2424
f 2493/2737/2409 2492/2736/2408 2536/2781/2453
f 2537/2782/2454 2536/2781/2453 2538/2783/2455
f 2488/2733/2405 2538/2783/2455 2536/2781/2453
f 2487/2731/2403 2536/2781/2453 2492/2736/2408
f 2497/2741/2413 2496/2740/2412 2540/2785/2457
f 2541/2786/2458 2540/2785/2457 2542/2787/2459
f 2493/2737/2409 2542/2787/2459 2540/2785/2457
f 2491/2735/2407 2540/2785/2457 2496/2740/2412
f 2497/2741/2413 2544/2791/2463 2545/2789/2461
f 2495/2739/2411 2545/2789/2461 2247/2486/2167
f 2248/2493/2174 2247/2486/2167 2545/2789/2461
f 2546/2790/2462 2545/2789/2461 2544/2791/2463
f 2468/2710/2385 2548/2795/2467 2549/2793/2465
f 2467/2708/2383 2549/2793/2465 2498/2744/2416
f 2501/2745/2417 2498/2744/2416 2549/2793/2465
f 2550/2794/2466 2549/2793/2465 2548/2795/2467
f 2504/2749/2421 2552/2798/2470 2553/2797/2469
f 2552/2798/2470 2554/2848/2518 2555/2799/2471
f 2461/2702/2377 2554/2848/2518 2552/2798/2470
f 2552/2798/2470 2504/2749/2421 2419/2661/2336
f 2556/2800/2472 2557/2802/2474 2463/2704/2379
f 2463/2704/2379 2557/2802/2474 2506/2754/2426
f 2506/2754/2426 2557/2802/2474 2558/2801/2473
f 2557/2802/2474 2556/2800/2472 2559/2803/2475
f 2560/2804/2476 2561/2805/2477 2517/2764/2436
f 2561/2805/2477 2512/2756/2428 2470/2711/2386
f 2512/2756/2428 2561/2805/2477 2562/2806/2478
f 2561/2805/2477 2560/2804/2476 2563/2807/2479
f 2474/2715/2390 2521/2766/2438 2564/2808/2480
f 2519/2763/2435 2564/2808/2480 2565/2809/2481
f 2566/2810/2482 2565/2809/2481 2564/2808/2480
f 2567/2811/2483 2564/2808/2480 2521/2766/2438
f 2238/2478/2159 2249/2487/2168 2568/2812/2484
f 2523/2768/2440 2568/2812/2484 2569/2813/2485
f 2570/2814/2486 2569/2813/2485 2568/2812/2484
f 2571/2815/2487 2568/2812/2484 2249/2487/2168
f 2525/2770/2442 2572/2816/2488 2489/2732/2404
f 2572/2816/2488 2573/2817/2489 2488/2733/2405
f 2573/2817/2489 2572/2816/2488 2575/2818/2490
f 2572/2816/2488 2525/2770/2442 2526/2772/2444
f 2576/2820/2492 2577/2825/2495 2578/2821/2493
f 2579/2823/2494 2578/2824/2493 2529/2776/2448
f 2440/2681/2356 2529/2776/2448 2578/2824/2493
f 2481/2724/2397 2578/2821/2493 2577/2825/2495
f 2442/2683/2358 2533/2778/2450 2580/2826/2496
f 2485/2728/2400 2580/2826/2496 2581/2827/2497
f 2582/2828/2498 2581/2827/2497 2580/2826/2496
f 2583/2829/2499 2580/2826/2496 2533/2778/2450
f 2543/2788/2460 2542/2787/2459 2584/2830/2500
f 2585/2831/2501 2584/2830/2500 2586/2832/2502
f 2539/2784/2456 2586/2832/2502 2584/2830/2500
f 2537/2782/2454 2584/2830/2500 2542/2787/2459
f 2543/2788/2460 2588/2836/2506 2589/2834/2504
f 2541/2786/2458 2589/2834/2504 2544/2791/2463
f 2547/2792/2464 2544/2791/2463 2589/2834/2504
f 2590/2835/2505 2589/2834/2504 2588/2836/2506
f 2547/2792/2464 2592/2839/2509 2593/2838/2508
f 2546/2790/2462 2593/2838/2508 2255/2494/2175
f 2250/2488/2169 2255/2494/2175 2593/2838/2508
f 2571/2815/2487 2593/2838/2508 2592/2839/2509
f 2594/2840/2510 2595/2841/2511 2514/2759/2431
f 2514/2759/2431 2595/2841/2511 2548/2795/2467
f 2551/2796/2468 2548/2795/2467 2595/2841/2511
f 2596/2842/2512 2595/2841/2511 2594/2840/2510
f 2555/2799/2471 2554/2848/2518 2598/2844/2514
f 2599/2845/2515 2598/2844/2514 2600/2846/2516
f 2501/2745/2417 2600/2846/2516 2598/2844/2514
f 2500/2743/2415 2598/2844/2514 2554/2848/2518
f 2602/2849/2519 2603/2850/2520 2503/2746/2418
f 2603/2850/2520 2556/2800/2472 2465/2706/2381
f 2556/2800/2472 2603/2850/2520 2604/2851/2521
f 2603/2850/2520 2602/2849/2519 2605/2852/2522
f 2516/2761/2433 2565/2809/2481 2606/2853/2523
f 2560/2804/2476 2606/2853/2523 2607/2854/2524
f 2608/2855/2525 2607/2854/2524 2606/2853/2523
f 2609/2856/2526 2606/2853/2523 2565/2809/2481
f 2522/2767/2439 2569/2813/2485 2610/2857/2527
f 2567/2811/2483 2610/2857/2527 2611/2858/2528
f 2612/2859/2529 2611/2858/2528 2610/2857/2527
f 2613/2860/2530 2610/2857/2527 2569/2813/2485
f 2573/2817/2489 2614/2861/2531 2538/2783/2455
f 2614/2861/2531 2615/2862/2532 2539/2784/2456
f 2615/2862/2532 2614/2861/2531 2617/2863/2533
f 2614/2861/2531 2573/2817/2489 2574/2819/2491
f 2619/2865/2535 2620/2868/2538 2621/2866/2536
f 2621/2866/2536 2620/2868/2538 2577/2825/2495
f 2480/2722/2396 2577/2825/2495 2620/2868/2538
f 2620/2868/2538 2619/2865/2535 2526/2772/2444
f 2482/2726/2398 2581/2827/2497 2622/2869/2539
f 2531/2775/2447 2622/2869/2539 2623/2870/2540
f 2624/2871/2541 2623/2870/2540 2622/2869/2539
f 2625/2872/2542 2622/2869/2539 2581/2827/2497
f 2585/2831/2501 2626/2873/2543 2588/2836/2506
f 2626/2873/2543 2627/2874/2544 2591/2837/2507
f 2627/2874/2544 2626/2873/2543 2629/2875/2545
f 2626/2873/2543 2585/2831/2501 2587/2833/2503
f 2591/2837/2507 2630/2878/2548 2631/2877/2547
f 2590/2835/2505 2631/2877/2547 2592/2839/2509
f 2570/2814/2486 2592/2839/2509 2631/2877/2547
f 2613/2860/2530 2631/2877/2547 2630/2878/2548
f 2632/2879/2549 2633/2880/2550 2562/2806/2478
f 2633/2880/2550 2594/2840/2510 2515/2760/2432
f 2594/2840/2510 2633/2880/2550 2634/2881/2551
f 2633/2880/2550 2632/2879/2549 2635/2882/2552
f 2601/2847/2517 2600/2846/2516 2636/2883/2553
f 2637/2884/2554 2636/2883/2553 2638/2885/2555
f 2551/2796/2468 2638/2885/2555 2636/2883/2553
f 2550/2794/2466 2636/2883/2553 2600/2846/2516
f 2640/2887/2557 2641/2888/2558 2553/2797/2469
f 2641/2888/2558 2602/2849/2519 2505/2748/2420
f 2602/2849/2519 2641/2888/2558 2642/2889/2559
f 2641/2888/2558 2640/2887/2557 2643/2890/2560
f 2566/2810/2482 2611/2858/2528 2644/2891/2561
f 2609/2856/2526 2644/2891/2561 2645/2892/2562
f 2646/2893/2563 2645/2892/2562 2644/2891/2561
f 2647/2894/2564 2644/2891/2561 2611/2858/2528
f 2615/2862/2532 2648/2895/2565 2586/2832/2502
f 2648/2895/2565 2649/2896/2566 2587/2833/2503
f 2649/2896/2566 2648/2895/2565 2651/2897/2567
f 2648/2895/2565 2615/2862/2532 2616/2864/2534
f 2653/2899/2569 2654/2902/2572 2655/2900/2570
f 2654/2902/2572 2619/2865/2535 2618/2867/2537
f 2619/2865/2535 2654/2902/2572 2575/2818/2490
f 2654/2902/2572 2653/2899/2569 2574/2819/2491
f 2528/2773/2445 2623/2870/2540 2656/2903/2573
f 2579/2822/2494 2656/2906/2573 2657/2904/2574
f 2658/2905/2575 2657/2904/2574 2656/2906/2573
f 2659/2907/2576 2656/2903/2573 2623/2870/2540
f 2627/2874/2544 2660/2908/2577 2630/2878/2548
f 2660/2908/2577 2647/2894/2564 2612/2859/2529
f 2647/2894/2564 2660/2908/2577 2661/2909/2578
f 2660/2908/2577 2627/2874/2544 2628/2876/2546
f 2662/2910/2579 2663/2911/2580 2607/2854/2524
f 2663/2911/2580 2632/2879/2549 2563/2807/2479
f 2632/2879/2549 2663/2911/2580 2664/2912/2581
f 2663/2911/2580 2662/2910/2579 2665/2913/2582
f 2639/2886/2556 2638/2885/2555 2666/2914/2583
f 2667/2915/2584 2666/2914/2583 2668/2916/2585
f 2597/2843/2513 2668/2916/2585 2666/2914/2583
f 2596/2842/2512 2666/2914/2583 2638/2885/2555
f 2601/2847/2517 2670/2920/2589 2671/2918/2587
f 2599/2845/2515 2671/2918/2587 2640/2887/2557
f 2643/2890/2560 2640/2887/2557 2671/2918/2587
f 2672/2919/2588 2671/2918/2587 2670/2920/2589
f 2649/2896/2566 2674/2922/2591 2629/2875/2545
f 2674/2922/2591 2675/2923/2592 2628/2876/2546
f 2675/2923/2592 2674/2922/2591 2677/2924/2593
f 2674/2922/2591 2649/2896/2566 2650/2898/2568
f 2679/2926/2595 2680/2929/2598 2681/2927/2596
f 2680/2929/2598 2653/2899/2569 2652/2901/2571
f 2653/2899/2569 2680/2929/2598 2617/2863/2533
f 2680/2929/2598 2679/2926/2595 2616/2864/2534
f 2657/2904/2574 2682/2930/2599 2621/2866/2536
f 2682/2930/2599 2683/2931/2600 2618/2867/2537
f 2683/2931/2600 2682/2930/2599 2685/2932/2601
f 2682/2930/2599 2657/2904/2574 2658/2905/2575
f 2686/2934/2603 2687/2935/2604 2645/2892/2562
f 2687/2935/2604 2662/2910/2579 2608/2855/2525
f 2662/2910/2579 2687/2935/2604 2688/2936/2605
f 2687/2935/2604 2686/2934/2603 2689/2937/2606
f 2669/2917/2586 2668/2916/2585 2690/2938/2607
f 2691/2939/2608 2690/2938/2607 2692/2940/2609
f 2692/2940/2609 2690/2938/2607 2634/2881/2551
f 2690/2938/2607 2668/2916/2585 2597/2843/2513
f 2639/2886/2556 2694/2944/2613 2695/2942/2611
f 2637/2884/2554 2695/2942/2611 2670/2920/2589
f 2673/2921/2590 2670/2920/2589 2695/2942/2611
f 2696/2943/2612 2695/2942/2611 2694/2944/2613
f 2675/2923/2592 2698/2946/2615 2661/2909/2578
f 2698/2946/2615 2686/2934/2603 2646/2893/2563
f 2686/2934/2603 2698/2946/2615 2699/2947/2616
f 2698/2946/2615 2675/2923/2592 2676/2925/2594
f 2701/2948/2617 2702/2951/2620 2703/2949/2618
f 2702/2951/2620 2679/2926/2595 2678/2928/2597
f 2679/2926/2595 2702/2951/2620 2651/2897/2567
f 2702/2951/2620 2701/2948/2617 2650/2898/2568
f 2683/2931/2600 2704/2952/2621 2655/2900/2570
f 2704/2952/2621 2705/2953/2622 2652/2901/2571
f 2705/2953/2622 2704/2952/2621 2707/2954/2623
f 2704/2952/2621 2683/2931/2600 2684/2933/2602
f 2693/2941/2610 2692/2940/2609 2708/2956/2625
f 2709/2957/2626 2708/2956/2625 2710/2958/2627
f 2665/2913/2582 2710/2958/2627 2708/2956/2625
f 2664/2912/2581 2708/2956/2625 2692/2940/2609
f 2669/2917/2586 2712/2962/2631 2713/2960/2629
f 2667/2915/2584 2713/2960/2629 2694/2944/2613
f 2697/2945/2614 2694/2944/2613 2713/2960/2629
f 2714/2961/2630 2713/2960/2629 2712/2962/2631
f 2716/2964/2633 2717/2967/2636 2718/2965/2634
f 2719/2966/2635 2718/2965/2634 2510/2753/2425
f 2509/2752/2424 2510/2753/2425 2718/2965/2634
f 2535/2780/2452 2718/2965/2634 2717/2967/2636
f 2534/2779/2451 2717/2967/2636 2720/2968/2637
f 2583/2829/2499 2720/2968/2637 2721/2969/2638
f 2722/2970/2639 2721/2969/2638 2720/2968/2637
f 2723/2971/2640 2720/2968/2637 2717/2967/2636
f 2582/2828/2498 2721/2969/2638 2724/2972/2641
f 2625/2872/2542 2724/2972/2641 2725/2973/2642
f 2726/2974/2643 2725/2973/2642 2724/2972/2641
f 2727/2975/2644 2724/2972/2641 2721/2969/2638
f 2729/2976/2645 2730/2979/2648 2731/2977/2646
f 2730/2979/2648 2701/2948/2617 2700/2950/2619
f 2701/2948/2617 2730/2979/2648 2677/2924/2593
f 2730/2979/2648 2729/2976/2645 2676/2925/2594
f 2705/2953/2622 2732/2980/2649 2681/2927/2596
f 2732/2980/2649 2733/2981/2650 2678/2928/2597
f 2733/2981/2650 2732/2980/2649 2735/2982/2651
f 2732/2980/2649 2705/2953/2622 2706/2955/2624
f 2624/2871/2541 2725/2973/2642 2736/2984/2653
f 2659/2907/2576 2736/2984/2653 2685/2932/2601
f 2685/2932/2601 2736/2984/2653 2737/2985/2654
f 2737/2985/2654 2736/2984/2653 2725/2973/2642
f 2710/2958/2627 2738/2987/2656 2739/2986/2655
f 2738/2987/2656 2740/2989/2658 2741/2988/2657
f 2740/2989/2658 2738/2987/2656 2688/2936/2605
f 2738/2987/2656 2710/2958/2627 2665/2913/2582
f 2693/2941/2610 2742/3003/2672 2743/2990/2659
f 2691/2939/2608 2743/2990/2659 2712/2962/2631
f 2715/2963/2632 2712/2962/2631 2743/2990/2659
f 2743/2990/2659 2742/3003/2672 2745/2992/2661
f 2746/2993/2662 2747/2996/2665 2748/2994/2663
f 2749/2995/2664 2748/2994/2663 2558/2801/2473
f 2511/2755/2427 2558/2801/2473 2748/2994/2663
f 2719/2966/2635 2748/2994/2663 2747/2996/2665
f 2740/2989/2658 2750/2998/2667 2751/2997/2666
f 2750/2998/2667 2729/2976/2645 2728/2978/2647
f 2729/2976/2645 2750/2998/2667 2699/2947/2616
f 2750/2998/2667 2740/2989/2658 2689/2937/2606
f 2733/2981/2650 2752/2999/2668 2703/2949/2618
f 2752/2999/2668 2753/3021/2690 2700/2950/2619
f 2754/3000/2669 2753/3021/2690 2752/2999/2668
f 2752/2999/2668 2733/2981/2650 2734/2983/2652
f 2711/2959/2628 2756/3005/2674 2757/3002/2671
f 2709/2957/2626 2757/3002/2671 2742/3003/2672
f 2745/2992/2661 2742/3003/2672 2757/3002/2671
f 2758/3004/2673 2757/3002/2671 2756/3005/2674
f 2760/3007/2676 2761/3008/2677 2604/2851/2521
f 2761/3008/2677 2749/2995/2664 2559/2803/2475
f 2749/2995/2664 2761/3008/2677 2762/3009/2678
f 2761/3008/2677 2760/3007/2676 2763/3010/2679
f 2765/3011/2680 2766/3014/2683 2767/3012/2681
f 2766/3014/2683 2747/2996/2665 2746/2993/2662
f 2747/2996/2665 2766/3014/2683 2723/2971/2640
f 2723/2971/2640 2766/3014/2683 2765/3011/2680
f 2722/2970/2639 2765/3011/2680 2768/3015/2684
f 2727/2975/2644 2768/3015/2684 2769/3016/2685
f 2770/3017/2686 2769/3016/2685 2768/3015/2684
f 2771/3018/2687 2768/3015/2684 2765/3011/2680
f 2726/2974/2643 2769/3016/2685 2772/3019/2688
f 2737/2985/2654 2772/3019/2688 2707/2954/2623
f 2706/2955/2624 2707/2954/2623 2772/3019/2688
f 2773/3020/2689 2772/3019/2688 2769/3016/2685
f 2753/3021/2690 2774/3022/2691 2731/2977/2646
f 2774/3022/2691 2775/3023/2692 2728/2978/2647
f 2775/3023/2692 2774/3022/2691 2777/3024/2693
f 2774/3022/2691 2753/3021/2690 2754/3000/2669
f 2778/3026/2695 2779/3027/2696 2739/2986/2655
f 2739/2986/2655 2779/3027/2696 2756/3005/2674
f 2759/3006/2675 2756/3005/2674 2779/3027/2696
f 2779/3027/2696 2778/3026/2695 2781/3029/2698
f 2643/2890/2560 2672/2919/2588 2782/3030/2699
f 2642/2889/2559 2782/3030/2699 2760/3007/2676
f 2763/3010/2679 2760/3007/2676 2782/3030/2699
f 2783/3031/2700 2782/3030/2699 2672/2919/2588
f 2784/3032/2701 2785/3033/2702 2762/3009/2678
f 2785/3033/2702 2767/3012/2681 2746/2993/2662
f 2767/3012/2681 2785/3033/2702 2786/3034/2703
f 2785/3033/2702 2784/3032/2701 2787/3035/2704
f 2775/3023/2692 2788/3036/2705 2751/2997/2666
f 2788/3036/2705 2778/3026/2695 2741/2988/2657
f 2778/3026/2695 2788/3036/2705 2789/3037/2706
f 2788/3036/2705 2775/3023/2692 2776/3025/2694
f 2770/3017/2686 2790/3043/2712 2791/3038/2707
f 2773/3020/2689 2791/3038/2707 2735/2982/2651
f 2734/2983/2652 2735/2982/2651 2791/3038/2707
f 2791/3038/2707 2790/3043/2712 2793/3040/2709
f 2794/3041/2710 2795/3042/2711 2771/3018/2687
f 2795/3042/2711 2790/3043/2712 2770/3017/2686
f 2790/3043/2712 2795/3042/2711 2796/3044/2713
f 2795/3042/2711 2794/3041/2710 2797/3045/2714
f 2793/3040/2709 2798/3047/2716 2799/3046/2715
f 2792/3039/2708 2799/3046/2715 2755/3001/2670
f 2754/3000/2669 2755/3001/2670 2799/3046/2715
f 2777/3024/2693 2799/3046/2715 2798/3047/2716
f 2784/3032/2701 2800/3049/2718 2801/3048/2717
f 2800/3049/2718 2696/2943/2612 2697/2945/2614
f 2696/2943/2612 2800/3049/2718 2783/3031/2700
f 2800/3049/2718 2784/3032/2701 2763/3010/2679
f 2787/3035/2704 2802/3052/2721 2803/3050/2719
f 2786/3034/2703 2803/3050/2719 2794/3041/2710
f 2797/3045/2714 2794/3041/2710 2803/3050/2719
f 2804/3051/2720 2803/3050/2719 2802/3052/2721
f 2802/3052/2721 2806/3055/2724 2807/3054/2723
f 2806/3055/2724 2714/2961/2630 2715/2963/2632
f 2714/2961/2630 2806/3055/2724 2801/3048/2717
f 2806/3055/2724 2802/3052/2721 2787/3035/2704
f 2808/3056/2725 2809/3057/2726 2796/3044/2713
f 2809/3057/2726 2798/3047/2716 2793/3040/2709
f 2798/3047/2716 2809/3057/2726 2789/3037/2706
f 2809/3057/2726 2808/3056/2725 2781/3029/2698
f 2810/3058/2727 2811/3059/2728 2758/3004/2673
f 2811/3059/2728 2744/2991/2660 2745/2992/2661
f 2744/2991/2660 2811/3059/2728 2807/3054/2723
f 2811/3059/2728 2810/3058/2727 2805/3053/2722
f 2805/3053/2722 2810/3058/2727 2812/3060/2729
f 2812/3060/2729 2808/3056/2725 2797/3045/2714
f 2808/3056/2725 2812/3060/2729 2780/3028/2697
f 2812/3060/2729 2810/3058/2727 2759/3006/2675
f 2049/2285/1971 2813/3061/2730 2217/2458/2139
f 2813/3061/2730 2049/2285/1971 2050/2286/1972
f 2050/2286/1972 2077/2313/1998 2815/3063/2732
f 2816/3064/2733 2815/3063/2732 2077/2313/1998
f 2079/2316/2001 2817/3066/2735 2818/3065/2734
f 2817/3066/2735 2079/2316/2001 2052/2288/1974
f 2107/2346/2028 2819/3068/2737 2263/3067/2736
f 2819/3068/2737 2107/2346/2028 2080/2315/2000
f 2162/2402/2083 2189/2429/2110 2820/3069/2738
f 2330/3071/2740 2820/3069/2738 2189/2429/2110
f 2191/2432/2113 2822/3073/2742 2823/3072/2741
f 2822/3073/2742 2191/2432/2113 2164/2404/2085
f 2222/2462/2143 2824/3075/2744 2363/3074/2743
f 2824/3075/2744 2222/2462/2143 2192/2431/2112
f 2241/2481/2162 2251/2489/2170 2825/3076/2745
f 2826/3077/2746 2825/3076/2745 2251/2489/2170
f 2252/2490/2171 2256/2495/2176 2827/3078/2747
f 2399/3079/2748 2827/3078/2747 2256/2495/2176
f 2829/3080/856 2830/3086/856 2831/3081/856
f 2831/3081/856 2830/3086/856 2832/3083/856
f 2834/3085/856 2832/3083/856 2830/3086/856
f 2830/3086/856 2829/3080/856 2836/3088/856
f 2837/3089/912 2838/3154/912 2839/3090/892
f 2840/3091/892 2839/3090/892 2841/3092/892
f 2844/3094/922 2845/3097/922 2846/3095/922
f 2845/3097/922 2847/3167/893 2848/3098/893
f 2850/3099/856 2851/3102/856 2852/3100/856
f 2851/3102/856 2853/3319/856 2854/3103/856
f 2855/3104/856 2853/3319/856 2851/3102/856
f 2856/3105/856 2851/3102/856 2850/3099/856
f 2857/3106/856 2858/3111/856 2859/3107/856
f 2856/3105/856 2859/3107/856 2860/3108/856
f 2861/3109/856 2860/3108/856 2859/3107/856
f 2862/3110/856 2859/3107/856 2858/3111/856
f 2863/3112/856 2864/3115/856 2865/3113/856
f 2862/3110/856 2865/3113/856 2866/3114/856
f 2833/3084/856 2866/3114/856 2865/3113/856
f 2831/3081/856 2865/3113/856 2864/3115/856
f 2867/3116/2749 2868/3119/2752 2134/3117/2750
f 2868/3119/2752 2869/3121/2754 2105/3120/2753
f 2869/3121/2754 2868/3119/2752 2871/3122/2755
f 2868/3119/2752 2867/3116/2749 2872/3124/2757
f 2873/3125/2758 2874/3126/2759 2871/3122/2755
f 2874/3126/2759 2875/3127/2760 2870/3123/2756
f 2875/3127/2760 2874/3126/2759 2877/3128/856
f 2874/3126/2759 2873/3125/2758 2878/3130/856
f 2878/3130/856 2879/3133/856 2880/3131/856
f 2877/3128/856 2880/3131/856 2881/3132/856
f 2836/3088/856 2881/3132/856 2880/3131/856
f 2835/3087/856 2880/3131/856 2879/3133/856
f 2882/3134/2761 2883/3142/2761 2884/3135/2762
f 2885/3136/2762 2884/3135/2762 916/3137/2763
f 2886/3139/912 2887/3145/912 2888/3140/2764
f 2889/3141/2764 2888/3140/2764 2883/3142/2761
f 2842/3093/892 2841/3092/892 2890/3143/892
f 2891/3144/892 2890/3143/892 2887/3145/912
f 2893/3146/2765 2894/3149/2768 2895/3147/2766
f 2894/3149/2768 2162/4428/3784 2821/3150/2768
f 2896/3151/892 2897/3157/892 2898/3152/2761
f 2899/3153/2769 2898/3152/2761 2893/3146/2765
f 2838/3154/912 2837/3089/912 2900/3155/892
f 2901/3156/892 2900/3155/892 2897/3157/892
f 2903/3158/2770 2904/4429/3785 2905/3159/2771
f 2905/3159/2771 2904/4429/3785 2816/3161/2773
f 2907/3163/893 2908/3166/2776 2909/3164/2775
f 2908/3166/2776 2903/3158/2770 2902/3160/2772
f 2847/3167/893 2910/3169/893 2911/3168/893
f 2910/3169/893 2907/3163/893 2906/3165/893
f 2913/3170/922 2914/3173/922 2915/3171/922
f 2914/3173/922 2916/4430/893 2917/3174/893
f 2919/3175/893 2920/3178/893 2921/3176/893
f 2920/3178/893 2913/3170/922 2912/3172/922
f 2843/3096/922 2922/3180/893 2923/3179/893
f 2922/3180/893 2919/3175/893 2918/3177/893
f 2925/3181/856 2926/3188/856 2927/3182/856
f 2927/3182/856 2926/3188/856 2928/3184/856
f 2928/3184/856 2926/3188/856 2931/3186/856
f 2926/3188/856 2925/3181/856 2932/3189/856
f 2934/3190/2777 2935/4404/3773 2936/3191/2778
f 2937/3193/858 2938/3274/858 2933/3194/858
f 2939/3195/858 2933/3194/858 2936/3196/858
f 2942/3198/860 2943/3201/860 2944/3199/860
f 2943/3201/860 2935/3286/860 2945/3202/860
f 2946/3203/856 2947/4308/856 2948/3204/856
f 2949/3205/856 2948/3204/856 2950/3206/856
f 2950/3206/856 2948/3204/856 2953/3208/856
f 2948/3204/856 2947/4308/856 2954/3210/856
f 2955/3211/856 2956/3212/856 2953/3208/856
f 2956/3212/856 2957/3213/856 2952/3209/856
f 2957/3213/856 2956/3212/856 2959/3214/856
f 2956/3212/856 2955/3211/856 2960/3216/856
f 2961/3217/856 2962/3218/856 2959/3214/856
f 2962/3218/856 2963/3219/856 2958/3215/856
f 2963/3219/856 2962/3218/856 2965/3220/856
f 2965/3220/856 2962/3218/856 2961/3217/856
f 2966/3222/856 2967/4331/856 2968/3223/856
f 2968/3223/856 2969/4328/856 2964/3221/856
f 2929/3185/856 2969/4328/856 2968/3223/856
f 2968/3223/856 2967/4331/856 2924/3183/856
f 2971/3224/856 2972/3230/856 2973/3225/856
f 2973/3225/856 2972/3230/856 2974/3227/856
f 2976/3229/856 2974/3227/856 2972/3230/856
f 2972/3230/856 2971/3224/856 2978/3232/856
f 2979/3233/856 2980/3235/856 2977/3231/856
f 2977/3231/856 2980/3235/856 2981/3234/856
f 2981/3234/856 2980/3235/856 2931/3186/856
f 2980/3235/856 2979/3233/856 2930/3187/856
f 2983/3236/2780 1014/2202/1892 2917/3237/2781
f 2985/3239/2783 2986/4401/3770 2987/3240/2784
f 2989/3242/2786 2990/4402/3771 2991/3243/2787
f 2943/3245/2789 2942/4403/3772 2993/3246/2790
f 2994/3248/2792 2995/4405/3774 2996/3249/2793
f 2999/3251/2795 3000/4406/3775 3001/3252/2796
f 3002/3254/857 2987/4431/857 2982/3255/858
f 3003/3256/858 2982/3255/858 2917/3257/858
f 3004/3259/858 2991/3265/858 2984/3260/858
f 2984/3260/858 2987/4431/857 3002/3254/857
f 3006/3262/858 2993/3268/858 2988/3263/858
f 3007/3264/858 2988/3263/858 2991/3265/858
f 2940/3197/858 2936/3196/858 2992/3266/858
f 3008/3267/858 2992/3266/858 2993/3268/858
f 3009/3269/2798 3010/3272/2800 2995/3270/2799
f 3010/3272/2800 3011/4432/3786 2996/3273/2799
f 2938/3274/858 2937/3193/858 3012/3275/858
f 2999/3276/858 3012/3275/858 3009/3269/2798
f 3013/3277/2801 3001/4433/3787 2994/3278/2802
f 3014/3279/2803 2994/3278/2802 2997/3280/2804
f 3017/3282/860 2998/3285/2806 3018/3283/2806
f 2998/3285/2806 3001/4433/3787 3013/3277/2801
f 2935/3286/860 2934/3288/860 3019/3287/860
f 2934/3288/860 3017/3282/860 3016/3284/860
f 2986/3289/860 3020/3297/860 3021/3290/859
f 2983/3291/859 3021/3290/859 1054/3292/859
f 3022/3294/860 3023/4434/860 2985/3295/860
f 2985/3295/860 3023/4434/860 3020/3297/860
f 2941/3200/860 3024/3299/860 2989/3298/860
f 3024/3299/860 3022/3294/860 2990/3296/860
f 3025/3300/856 3026/3303/856 1058/1095/856
f 1058/1095/856 3026/3303/856 3027/3301/856
f 2854/3302/856 3027/3301/856 3026/3303/856
f 3026/3303/856 3025/3300/856 2946/3203/856
f 2832/3083/856 3029/3309/856 3030/3305/856
f 3030/3305/856 3029/3309/856 2840/3306/856
f 2837/3308/856 2840/3306/856 3029/3309/856
f 3031/3310/856 3029/3309/856 2832/3083/856
f 2829/3080/856 3032/3312/856 3033/3311/856
f 3032/3312/856 2846/4435/856 2848/3313/856
f 2843/3314/856 2846/4435/856 3032/3312/856
f 3034/3315/856 3032/3312/856 2829/3080/856
f 2882/3316/856 2885/4408/856 3035/3317/856
f 3036/3318/856 3035/3317/856 2853/3319/856
f 2857/3106/856 2850/3099/856 3037/3320/856
f 3038/3321/856 3037/3320/856 2914/3322/856
f 2916/3324/856 2914/3322/856 3037/3320/856
f 3039/3325/856 3037/3320/856 2850/3099/856
f 2855/3104/856 2860/3108/856 3040/3326/856
f 3036/3318/856 3040/3326/856 2889/3327/856
f 2886/3328/856 2889/3327/856 3040/3326/856
f 3041/3329/856 3040/3326/856 2860/3108/856
f 2858/3111/856 3042/3333/856 3043/3330/856
f 3043/3330/856 3042/3333/856 2920/3331/856
f 2913/3323/856 2920/3331/856 3042/3333/856
f 3038/3321/856 3042/3333/856 2858/3111/856
f 2861/3109/856 2866/3114/856 3044/3334/856
f 3041/3329/856 3044/3334/856 2891/3335/856
f 2842/3307/856 2891/3335/856 3044/3334/856
f 3044/3334/856 2866/3114/856 2833/3084/856
f 2828/3082/856 2864/3115/856 3045/3336/856
f 3034/3315/856 3045/3336/856 2922/3337/856
f 2919/3332/856 2922/3337/856 3045/3336/856
f 3043/3330/856 3045/3336/856 2864/3115/856
f 2105/3120/2753 2869/3121/2754 3046/3338/2807
f 2106/3339/2808 3046/3338/2807 2905/3340/2809
f 2902/3342/2811 2905/3340/2809 3046/3338/2807
f 3047/3343/2812 3046/3338/2807 2869/3121/2754
f 2867/3116/2749 3048/3345/2814 3049/3344/2813
f 3048/3345/2814 2894/3347/2816 2893/3346/2815
f 2894/3347/2816 3048/3345/2814 2161/3348/2817
f 3048/3345/2814 2867/3116/2749 2133/3118/2751
f 2870/3123/2756 2875/3127/2760 3050/3350/2819
f 3047/3343/2812 3050/3350/2819 2909/3351/2820
f 2906/3352/856 2909/3351/2820 3050/3350/2819
f 3051/3353/856 3050/3350/2819 2875/3127/2760
f 2878/3130/856 2873/3125/2758 3052/3354/2821
f 3052/3354/2821 2898/3357/2822 2897/3356/856
f 2898/3357/2822 3052/3354/2821 3049/3344/2813
f 3052/3354/2821 2873/3125/2758 2872/3124/2757
f 2876/3129/856 2881/3132/856 3054/3358/856
f 3051/3353/856 3054/3358/856 2911/3359/856
f 2911/3359/856 3054/3358/856 3033/3311/856
f 3033/3311/856 3054/3358/856 2881/3132/856
f 2834/3085/856 2879/3133/856 3055/3360/856
f 3031/3310/856 3055/3360/856 2900/3361/856
f 2900/3361/856 3055/3360/856 3053/3355/856
f 3053/3355/856 3055/3360/856 2879/3133/856
f 2847/3390/2851 2845/3394/2852 2839/3391/2852
f 2841/3393/2853 2839/3391/2852 2845/3394/2852
f 2915/3396/2854 2884/3399/2857 2883/3397/2855
f 2884/3399/2857 2915/3396/2854 2917/3400/2781
f 2921/3402/2858 2888/3405/2860 2887/3403/2859
f 2888/3405/2860 2921/3402/2858 2912/3398/2856
f 2844/3395/2853 2923/4436/2861 2890/3406/2861
f 2890/3406/2861 2923/4436/2861 2918/3404/2859
f 2892/3407/2862 2895/3411/2865 2904/3408/2863
f 2816/3410/2848 2904/3408/2863 2895/3411/2865
f 2896/3413/2866 2899/3416/2868 2908/3414/2867
f 2903/3409/2864 2908/3414/2867 2899/3416/2868
f 2901/3417/2869 2910/4437/3788 2847/3390/2851
f 2907/3415/2866 2910/4437/3788 2901/3417/2869
f 3058/3418/2870 3059/3421/2873 3060/3419/2871
f 3059/3421/2873 3061/3423/2875 3062/3422/2874
f 3061/3423/2875 3059/3421/2873 3064/3424/2876
f 3059/3421/2873 3058/3418/2870 3065/3426/2878
f 3067/3427/2879 3068/3430/2882 3069/3428/2880
f 3068/3430/2882 3058/3418/2870 3057/3420/2872
f 3058/3418/2870 3068/3430/2882 3070/3431/2883
f 3068/3430/2882 3067/3427/2879 3071/3432/2884
f 3072/3433/2885 3073/3434/2886 3060/3419/2871
f 3073/3434/2886 3074/3435/2887 3057/3420/2872
f 3074/3435/2887 3073/3434/2886 3076/3436/2888
f 3073/3434/2886 3072/3433/2885 3077/3438/2890
f 3061/3423/2875 3078/3440/2892 3079/3439/2891
f 3078/3440/2892 3080/3442/2894 3081/3441/2893
f 3080/3442/2894 3078/3440/2892 3083/3443/2895
f 3078/3440/2892 3061/3423/2875 3063/3425/2877
f 3085/3445/2897 3086/3448/2900 3087/3446/2898
f 3086/3448/2900 3067/3427/2879 3066/3429/2881
f 3067/3427/2879 3086/3448/2900 3088/3449/2901
f 3086/3448/2900 3085/3445/2897 3089/3450/2902
f 3074/3435/2887 3090/3451/2903 3069/3428/2880
f 3090/3451/2903 3091/3452/2904 3066/3429/2881
f 3091/3452/2904 3090/3451/2903 3093/3453/2905
f 3090/3451/2903 3074/3435/2887 3075/3437/2889
f 3094/3455/2907 3095/3456/2908 3079/3439/2891
f 3095/3456/2908 3072/3433/2885 3062/3422/2874
f 3072/3433/2885 3095/3456/2908 3096/3457/2909
f 3095/3456/2908 3094/3455/2907 3097/3458/2910
f 3080/3442/2894 3098/3460/2912 3099/3459/2911
f 3098/3460/2912 3100/3462/2914 3101/3461/2913
f 3100/3462/2914 3098/3460/2912 3103/3463/2915
f 3098/3460/2912 3080/3442/2894 3082/3444/2896
f 3063/3425/2877 3064/3424/2876 3105/3465/2917
f 3064/3424/2876 3065/3426/2878 3106/3467/2919
f 3108/3468/2920 3109/3471/2923 3110/3469/2921
f 3109/3471/2923 3085/3445/2897 3084/3447/2899
f 3085/3445/2897 3109/3471/2923 3111/3472/2924
f 3109/3471/2923 3108/3468/2920 3112/3473/2925
f 3091/3452/2904 3113/3474/2926 3087/3446/2898
f 3113/3474/2926 3114/3475/2927 3084/3447/2899
f 3114/3475/2927 3113/3474/2926 3116/3476/2928
f 3113/3474/2926 3091/3452/2904 3092/3454/2906
f 3065/3426/2878 3070/3431/2883 3117/3478/2930
f 3070/3431/2883 3071/3432/2884 3118/3479/2931
f 3119/3480/2932 3120/3481/2933 3099/3459/2911
f 3120/3481/2933 3094/3455/2907 3081/3441/2893
f 3094/3455/2907 3120/3481/2933 3121/3482/2934
f 3120/3481/2933 3119/3480/2932 3122/3483/2935
f 3075/3437/2889 3076/3436/2888 3124/3484/2936
f 3076/3436/2888 3077/3438/2890 3125/3486/2938
f 3100/3462/2914 3126/3488/2940 3127/3487/2939
f 3126/3488/2940 3128/3490/2942 3129/3489/2941
f 3128/3490/2942 3126/3488/2940 3131/3491/2943
f 3126/3488/2940 3100/3462/2914 3102/3464/2916
f 3082/3444/2896 3083/3443/2895 3133/3493/2945
f 3083/3443/2895 3063/3425/2877 3104/3466/2918
f 3134/3495/2947 3135/3502/2951 3136/3496/2948
f 3136/3498/2948 3108/3468/2920 3107/3470/2922
f 3108/3468/2920 3136/3498/2948 3138/3500/2950
f 3138/3501/2950 3136/3496/2948 3135/3502/2951
f 3114/3475/2927 3140/3504/2953 3110/3469/2921
f 3140/3504/2953 3141/3505/2954 3107/3470/2922
f 3141/3505/2954 3140/3504/2953 3143/3506/2955
f 3140/3504/2953 3114/3475/2927 3115/3477/2929
f 3071/3432/2884 3088/3449/2901 3144/3508/2957
f 3088/3449/2901 3089/3450/2902 3145/3509/2958
f 3092/3454/2906 3093/3453/2905 3147/3510/2959
f 3093/3453/2905 3075/3437/2889 3123/3485/2937
f 3148/3512/2961 3149/3513/2962 3127/3487/2939
f 3149/3513/2962 3119/3480/2932 3101/3461/2913
f 3119/3480/2932 3149/3513/2962 3150/3514/2963
f 3149/3513/2962 3148/3512/2961 3151/3515/2964
f 3077/3438/2890 3096/3457/2909 3152/3516/2965
f 3096/3457/2909 3097/3458/2910 3153/3517/2966
f 3128/3490/2942 3154/3519/2968 3155/3518/2967
f 3154/3519/2968 3156/3521/2970 3157/3520/2969
f 3156/3521/2970 3154/3519/2968 3159/3522/2971
f 3154/3519/2968 3128/3490/2942 3130/3492/2944
f 3102/3464/2916 3103/3463/2915 3161/3524/2973
f 3103/3463/2915 3082/3444/2896 3132/3494/2946
f 3162/3526/2975 3163/3530/2979 3164/3527/2976
f 3165/3528/2977 3164/3527/2976 3135/3502/2951
f 3139/3503/2952 3135/3502/2951 3164/3527/2976
f 3166/3529/2978 3164/3527/2976 3163/3530/2979
f 3141/3505/2954 3168/4438/2983 3137/3499/2949
f 3137/3497/2949 3168/3534/2983 3169/3532/2981
f 3170/3533/2982 3169/3532/2981 3168/3534/2983
f 3171/3536/2984 3168/4438/2983 3141/3505/2954
f 3089/3450/2902 3111/3472/2924 3172/3537/2985
f 3111/3472/2924 3112/3473/2925 3173/3538/2986
f 3115/3477/2929 3116/3476/2928 3174/3539/2987
f 3116/3476/2928 3092/3454/2906 3146/3511/2960
f 3175/3541/2989 3176/3542/2990 3155/3518/2967
f 3176/3542/2990 3148/3512/2961 3129/3489/2941
f 3148/3512/2961 3176/3542/2990 3177/3543/2991
f 3176/3542/2990 3175/3541/2989 3178/3544/2992
f 3097/3458/2910 3121/3482/2934 3179/3545/2993
f 3121/3482/2934 3122/3483/2935 3180/3546/2994
f 3156/3521/2970 3181/3548/2996 3182/3547/2995
f 3181/3548/2996 3183/3550/2998 3184/3549/2997
f 3183/3550/2998 3181/3548/2996 3186/3551/2999
f 3181/3548/2996 3156/3521/2970 3158/3523/2972
f 3130/3492/2944 3131/3491/2943 3188/3553/3001
f 3131/3491/2943 3102/3464/2916 3160/3525/2974
f 3189/3555/3003 3190/3559/3007 3191/3556/3004
f 3192/3557/3005 3191/3556/3004 3163/3530/2979
f 3167/3531/2980 3163/3530/2979 3191/3556/3004
f 3193/3558/3006 3191/3556/3004 3190/3559/3007
f 3134/3495/2947 3169/3532/2981 3195/3561/3009
f 3165/3528/2977 3195/3561/3009 3196/3562/3010
f 3197/3563/3011 3196/3562/3010 3195/3561/3009
f 3198/3564/3012 3195/3561/3009 3169/3532/2981
f 3112/3473/2925 3138/3500/2950 3199/3565/3013
f 3199/3566/3013 3138/3501/2950 3139/3503/2952
f 3142/3507/2956 3143/3506/2955 3201/3568/3015
f 3143/3506/2955 3115/3477/2929 3011/3540/2988
f 3202/3570/3017 3203/3571/3018 3182/3547/2995
f 3203/3571/3018 3175/3541/2989 3157/3520/2969
f 3175/3541/2989 3203/3571/3018 3204/3572/3019
f 3203/3571/3018 3202/3570/3017 3205/3573/3020
f 3122/3483/2935 3150/3514/2963 3206/3574/3021
f 3150/3514/2963 3151/3515/2964 3207/3575/3022
f 3183/3550/2998 3208/3580/3027 3209/3576/3023
f 3209/3576/3023 3208/3580/3027 3210/3577/3024
f 3212/3579/3026 3210/3577/3024 3208/3580/3027
f 3208/3580/3027 3183/3550/2998 3185/3552/3000
f 3158/3523/2972 3159/3522/2971 3215/3582/3029
f 3159/3522/2971 3130/3492/2944 3187/3554/3002
f 3216/3584/3031 3217/3588/3035 3218/3585/3032
f 3219/3586/3033 3218/3585/3032 3190/3559/3007
f 3194/3560/3008 3190/3559/3007 3218/3585/3032
f 3220/3587/3034 3218/3585/3032 3217/3588/3035
f 3162/3526/2975 3196/3562/3010 3222/3590/3037
f 3192/3557/3005 3222/3590/3037 3223/3591/3038
f 3224/3592/3039 3223/3591/3038 3222/3590/3037
f 3225/3593/3040 3222/3590/3037 3196/3562/3010
f 3200/3567/3014 3139/3503/2952 3166/3529/2978
f 3226/3594/3041 3166/3529/2978 3167/3531/2980
f 2975/3596/3043 3170/3533/2982 3171/3535/2984
f 2973/3598/3044 3171/3536/2984 3142/3507/2956
f 3211/3578/3025 3228/3627/3073 3229/3599/3045
f 3229/3599/3045 3202/3570/3017 3184/3549/2997
f 3202/3570/3017 3229/3599/3045 3230/3600/3046
f 3229/3599/3045 3228/3627/3073 3231/3601/3047
f 3151/3515/2964 3177/3543/2991 3232/3602/3048
f 3177/3543/2991 3178/3544/2992 3233/3603/3049
f 3211/3578/3025 3210/3577/3024 3234/3604/3050
f 3235/3605/3051 3234/3604/3050 3236/3606/3052
f 3238/3608/3054 3236/3606/3052 3234/3604/3050
f 3239/3609/3055 3234/3604/3050 3210/3577/3024
f 3185/3552/3000 3186/3551/2999 3241/3610/3056
f 3186/3551/2999 3158/3523/2972 3214/3583/3030
f 3242/3612/3058 3243/3616/3062 3244/3613/3059
f 3245/3614/3060 3244/3613/3059 3217/3588/3035
f 3221/3589/3036 3217/3588/3035 3244/3613/3059
f 3246/3615/3061 3244/3613/3059 3243/3616/3062
f 3189/3555/3003 3223/3591/3038 3248/3618/3064
f 3219/3586/3033 3248/3618/3064 3249/3619/3065
f 3250/3620/3066 3249/3619/3065 3248/3618/3064
f 3251/3621/3067 3248/3618/3064 3223/3591/3038
f 3227/3595/3042 3167/3531/2980 3193/3558/3006
f 3252/3622/3068 3193/3558/3006 3194/3560/3008
f 3015/3624/3070 3197/3563/3011 3198/3564/3012
f 3254/3625/3071 3198/3564/3012 3170/3533/2982
f 3237/3607/3053 3255/3629/3075 3256/3626/3072
f 3235/3605/3051 3256/3626/3072 3228/3627/3073
f 3231/3601/3047 3228/3627/3073 3256/3626/3072
f 3257/3628/3074 3256/3626/3072 3255/3629/3075
f 3178/3544/2992 3204/3572/3019 3259/3631/3077
f 3204/3572/3019 3205/3573/3020 3260/3632/3078
f 3237/3607/3053 3236/3606/3052 3261/3633/3079
f 3262/3634/3080 3261/3633/3079 3263/3635/3081
f 3265/3637/3083 3263/3635/3081 3261/3633/3079
f 3266/3638/3084 3261/3633/3079 3236/3606/3052
f 3267/3639/3085 3212/3579/3026 3213/3581/3028
f 3213/3581/3028 3185/3552/3000 3240/3611/3057
f 3269/3641/3087 3270/3645/3091 3271/3642/3088
f 3272/3643/3089 3271/3642/3088 3243/3616/3062
f 3247/3617/3063 3243/3616/3062 3271/3642/3088
f 3273/3644/3090 3271/3642/3088 3270/3645/3091
f 3216/3584/3031 3249/3619/3065 3275/3647/3093
f 3245/3614/3060 3275/3647/3093 3276/3648/3094
f 3277/3649/3095 3276/3648/3094 3275/3647/3093
f 3278/3650/3096 3275/3647/3093 3249/3619/3065
f 3253/3623/3069 3194/3560/3008 3220/3587/3034
f 3279/3651/3097 3220/3587/3034 3221/3589/3036
f 3281/3653/3099 3224/3592/3039 3225/3593/3040
f 3282/3654/3100 3225/3593/3040 3197/3563/3011
f 3264/3636/3082 3283/3657/3103 3284/3655/3101
f 3262/3634/3080 3284/3655/3101 3255/3629/3075
f 3258/3630/3076 3255/3629/3075 3284/3655/3101
f 3285/3656/3102 3284/3655/3101 3283/3657/3103
f 3205/3573/3020 3230/3600/3046 3287/3659/3105
f 3230/3600/3046 3231/3601/3047 3288/3660/3106
f 3264/3636/3082 3263/3635/3081 3289/3661/3107
f 3290/3662/3108 3289/3661/3107 3291/3663/3109
f 3293/3665/3111 3291/3663/3109 3289/3661/3107
f 3294/3666/3112 3289/3661/3107 3263/3635/3081
f 3295/3667/3113 3238/3608/3054 3239/3609/3055
f 3296/3668/3114 3239/3609/3055 3212/3579/3026
f 3292/3664/3110 3291/3663/3109 3297/3669/3115
f 3298/3670/3116 3297/3669/3115 3270/3645/3091
f 3274/3646/3092 3270/3645/3091 3297/3669/3115
f 3299/3671/3117 3297/3669/3115 3291/3663/3109
f 3242/3612/3058 3276/3648/3094 3300/3672/3118
f 3272/3643/3089 3300/3672/3118 3301/3673/3119
f 3302/3674/3120 3301/3673/3119 3300/3672/3118
f 3303/3675/3121 3300/3672/3118 3276/3648/3094
f 3280/3652/3098 3221/3589/3036 3246/3615/3061
f 3304/3676/3122 3246/3615/3061 3247/3617/3063
f 3306/3678/3124 3250/3620/3066 3251/3621/3067
f 3307/3679/3125 3251/3621/3067 3224/3592/3039
f 3292/3664/3110 3308/3682/3128 3309/3680/3126
f 3290/3662/3108 3309/3680/3126 3283/3657/3103
f 3286/3658/3104 3283/3657/3103 3309/3680/3126
f 3310/3681/3127 3309/3680/3126 3308/3682/3128
f 3231/3601/3047 3257/3628/3074 3312/3684/3130
f 3312/3684/3130 3257/3628/3074 3258/3630/3076
f 3314/3686/3132 3265/3637/3083 3266/3638/3084
f 3315/3687/3133 3266/3638/3084 3238/3608/3054
f 3269/3641/3087 3301/3673/3119 3316/3688/3134
f 3298/3670/3116 3316/3688/3134 3308/3682/3128
f 3311/3683/3129 3308/3682/3128 3316/3688/3134
f 3317/3689/3135 3316/3688/3134 3301/3673/3119
f 3305/3677/3123 3247/3617/3063 3273/3644/3090
f 3318/3690/3136 3273/3644/3090 3274/3646/3092
f 3320/3692/3138 3277/3649/3095 3278/3650/3096
f 3321/3693/3139 3278/3650/3096 3250/3620/3066
f 3313/3685/3131 3258/3630/3076 3285/3656/3102
f 3322/3694/3140 3285/3656/3102 3286/3658/3104
f 3324/3696/3142 3293/3665/3111 3294/3666/3112
f 3325/3697/3143 3294/3666/3112 3265/3637/3083
f 3319/3691/3137 3274/3646/3092 3299/3671/3117
f 3326/3698/3144 3299/3671/3117 3293/3665/3111
f 3327/3699/3145 3302/3674/3120 3303/3675/3121
f 3328/3700/3146 3303/3675/3121 3277/3649/3095
f 3323/3695/3141 3286/3658/3104 3310/3681/3127
f 3329/3701/3147 3310/3681/3127 3311/3683/3129
f 3330/3702/3148 3311/3683/3129 3317/3689/3135
f 3331/3703/3149 3317/3689/3135 3302/3674/3120
f 3332/3704/3150 3333/3708/3154 3334/3705/3151
f 3335/3706/3152 3334/3705/3151 3105/3465/2917
f 3104/3466/2918 3105/3465/2917 3334/3705/3151
f 3336/3707/3153 3334/3705/3151 3333/3708/3154
f 3106/3467/2919 3117/3478/2930 3338/3710/3156
f 3335/3706/3152 3338/3710/3156 3339/3711/3157
f 3340/3712/3158 3339/3711/3157 3338/3710/3156
f 3341/3713/3159 3338/3710/3156 3117/3478/2930
f 3337/3709/3155 3342/3716/3162 3343/3714/3160
f 3336/3707/3153 3343/3714/3160 3133/3493/2945
f 3132/3494/2946 3133/3493/2945 3343/3714/3160
f 3344/3715/3161 3343/3714/3160 3342/3716/3162
f 3346/3718/3164 3347/3722/3168 3348/3719/3165
f 3349/3720/3166 3348/3719/3165 3333/3708/3154
f 3337/3709/3155 3333/3708/3154 3348/3719/3165
f 3350/3721/3167 3348/3719/3165 3347/3722/3168
f 3118/3479/2931 3144/3508/2957 3352/3724/3170
f 3341/3713/3159 3352/3724/3170 3353/3725/3171
f 3354/3726/3172 3353/3725/3171 3352/3724/3170
f 3355/3727/3173 3352/3724/3170 3144/3508/2957
f 3332/3704/3150 3339/3711/3157 3356/3728/3174
f 3349/3720/3166 3356/3728/3174 3357/3729/3175
f 3358/3730/3176 3357/3729/3175 3356/3728/3174
f 3359/3731/3177 3356/3728/3174 3339/3711/3157
f 3160/3525/2974 3161/3524/2973 3360/3732/3178
f 3361/3733/3179 3360/3732/3178 3362/3734/3180
f 3345/3717/3163 3362/3734/3180 3360/3732/3178
f 3344/3715/3161 3360/3732/3178 3161/3524/2973
f 3351/3723/3169 3364/3738/3184 3365/3736/3182
f 3350/3721/3167 3365/3736/3182 3342/3716/3162
f 3345/3717/3163 3342/3716/3162 3365/3736/3182
f 3366/3737/3183 3365/3736/3182 3364/3738/3184
f 3368/3740/3186 3369/3741/3187 3347/3722/3168
f 3369/3741/3187 3370/3742/3188 3351/3723/3169
f 3370/3742/3188 3369/3741/3187 3372/3743/3189
f 3369/3741/3187 3368/3740/3186 3373/3745/3191
f 3374/3746/3192 3375/3749/3195 3376/3747/3193
f 3377/3748/3194 3376/3747/3193 3172/3537/2985
f 3145/3509/2958 3172/3537/2985 3376/3747/3193
f 3355/3727/3173 3376/3747/3193 3375/3749/3195
f 3340/3712/3158 3353/3725/3171 3378/3750/3196
f 3359/3731/3177 3378/3750/3196 3379/3751/3197
f 3380/3752/3198 3379/3751/3197 3378/3750/3196
f 3381/3753/3199 3378/3750/3196 3353/3725/3171
f 3346/3718/3164 3357/3729/3175 3382/3754/3200
f 3368/3740/3186 3382/3754/3200 3383/3755/3201
f 3384/3756/3202 3383/3755/3201 3382/3754/3200
f 3385/3757/3203 3382/3754/3200 3357/3729/3175
f 3187/3554/3002 3188/3553/3001 3386/3758/3204
f 3387/3759/3205 3386/3758/3204 3388/3760/3206
f 3363/3735/3181 3388/3760/3206 3386/3758/3204
f 3361/3733/3179 3386/3758/3204 3188/3553/3001
f 3363/3735/3181 3362/3734/3180 3390/3762/3208
f 3391/3763/3209 3390/3762/3208 3392/3764/3210
f 3367/3739/3185 3392/3764/3210 3390/3762/3208
f 3366/3737/3183 3390/3762/3208 3362/3734/3180
f 3370/3742/3188 3394/3766/3212 3364/3738/3184
f 3394/3766/3212 3395/3767/3213 3367/3739/3185
f 3395/3767/3213 3394/3766/3212 3397/3768/3214
f 3394/3766/3212 3370/3742/3188 3371/3744/3190
f 3399/3770/3216 3400/3773/3219 3401/3771/3217
f 3400/3773/3219 3199/3566/3013 3200/3567/3014
f 3173/3538/2986 3199/3565/3013 3400/3774/3219
f 3377/3748/3194 3400/3774/3219 3399/3775/3216
f 3402/3776/3220 3403/3779/3223 3404/3777/3221
f 3405/3778/3222 3404/3777/3221 3375/3749/3195
f 3354/3726/3172 3375/3749/3195 3404/3777/3221
f 3381/3753/3199 3404/3777/3221 3403/3779/3223
f 3358/3730/3176 3379/3751/3197 3406/3780/3224
f 3385/3757/3203 3406/3780/3224 3407/3781/3225
f 3408/3782/3226 3407/3781/3225 3406/3780/3224
f 3409/3783/3227 3406/3780/3224 3379/3751/3197
f 3389/3761/3207 3410/3786/3230 3411/3784/3228
f 3387/3759/3205 3411/3784/3228 3215/3582/3029
f 3214/3583/3030 3215/3582/3029 3411/3784/3228
f 3412/3785/3229 3411/3784/3228 3410/3786/3230
f 3389/3761/3207 3388/3760/3206 3414/3788/3232
f 3415/3789/3233 3414/3788/3232 3416/3790/3234
f 3393/3765/3211 3416/3790/3234 3414/3788/3232
f 3391/3763/3209 3414/3788/3232 3388/3760/3206
f 3393/3765/3211 3392/3764/3210 3418/3792/3236
f 3419/3793/3237 3418/3792/3236 3420/3794/3238
f 3396/3769/3215 3420/3794/3238 3418/3792/3236
f 3395/3767/3213 3418/3792/3236 3392/3764/3210
f 3422/3796/3240 3423/3797/3241 3372/3743/3189
f 3423/3797/3241 3424/3798/3242 3371/3744/3190
f 3424/3798/3242 3423/3797/3241 3426/3799/3243
f 3423/3797/3241 3422/3796/3240 3427/3801/3245
f 3226/3594/3041 3428/3802/3246 3401/3771/3217
f 3428/3802/3246 3429/3803/3247 3398/3772/3218
f 3429/3803/3247 3428/3802/3246 3431/3804/3248
f 3428/3802/3246 3226/3594/3041 3227/3595/3042
f 3432/3806/3250 3433/3844/3253 3434/3807/3251
f 3434/3807/3251 3399/3770/3216 3398/3772/3218
f 3374/3746/3192 3399/3775/3216 3434/3809/3251
f 3405/3778/3222 3434/3809/3251 3433/3810/3253
f 3436/3811/3254 3437/3812/3255 3403/3779/3223
f 3437/3812/3255 3409/3783/3227 3380/3752/3198
f 3409/3783/3227 3437/3812/3255 3438/3813/3256
f 3437/3812/3255 3436/3811/3254 3439/3814/3257
f 3440/3815/3258 3441/3816/3259 3383/3755/3201
f 3441/3816/3259 3422/3796/3240 3373/3745/3191
f 3422/3796/3240 3441/3816/3259 3442/3817/3260
f 3441/3816/3259 3440/3815/3258 3443/3818/3261
f 3413/3787/3231 3444/3821/3264 3445/3819/3262
f 3412/3785/3229 3445/3819/3262 3241/3610/3056
f 3240/3611/3057 3241/3610/3056 3445/3819/3262
f 3446/3820/3263 3445/3819/3262 3444/3821/3264
f 3417/3791/3235 3448/3825/3268 3449/3823/3266
f 3415/3789/3233 3449/3823/3266 3410/3786/3230
f 3413/3787/3231 3410/3786/3230 3449/3823/3266
f 3450/3824/3267 3449/3823/3266 3448/3825/3268
f 3417/3791/3235 3416/3790/3234 3452/3827/3270
f 3453/3828/3271 3452/3827/3270 3454/3829/3272
f 3421/3795/3239 3454/3829/3272 3452/3827/3270
f 3419/3793/3237 3452/3827/3270 3416/3790/3234
f 3424/3798/3242 3456/3831/3274 3397/3768/3214
f 3456/3831/3274 3457/3832/3275 3396/3769/3215
f 3457/3832/3275 3456/3831/3274 3459/3833/3276
f 3456/3831/3274 3424/3798/3242 3425/3800/3244
f 3252/3622/3068 3460/3835/3278 3431/3804/3248
f 3460/3835/3278 3461/3836/3279 3430/3805/3249
f 3461/3836/3279 3460/3835/3278 3463/3837/3280
f 3460/3835/3278 3252/3622/3068 3253/3623/3069
f 3429/3803/3247 3464/3839/3282 3435/3808/3252
f 3464/3839/3282 3465/3840/3283 3432/3806/3250
f 3465/3840/3283 3464/3839/3282 3467/3841/3284
f 3464/3839/3282 3429/3803/3247 3430/3805/3249
f 3468/3843/3286 3469/3847/3287 3433/3844/3253
f 3469/3845/3287 3436/3811/3254 3402/3776/3220
f 3436/3811/3254 3469/3845/3287 3470/3846/3288
f 3469/3847/3287 3468/3843/3286 3471/3848/3289
f 3472/3850/3290 3473/3851/3291 3407/3781/3225
f 3473/3851/3291 3440/3815/3258 3384/3756/3202
f 3440/3815/3258 3473/3851/3291 3474/3852/3292
f 3473/3851/3291 3472/3850/3290 3475/3853/3293
f 3268/3640/3086 3476/3855/3295 3477/3854/3294
f 3476/3855/3295 3478/3899/3339 3479/3856/3296
f 3447/3822/3265 3478/3899/3339 3476/3855/3295
f 3446/3820/3263 3476/3855/3295 3268/3640/3086
f 3451/3826/3269 3480/3859/3299 3481/3857/3297
f 3450/3824/3267 3481/3857/3297 3444/3821/3264
f 3447/3822/3265 3444/3821/3264 3481/3857/3297
f 3482/3858/3298 3481/3857/3297 3480/3859/3299
f 3453/3828/3271 3484/3861/3301 3448/3825/3268
f 3484/3861/3301 3485/3862/3302 3451/3826/3269
f 3485/3862/3302 3484/3861/3301 3487/3863/3303
f 3484/3861/3301 3453/3828/3271 3455/3830/3273
f 3457/3832/3275 3488/3865/3305 3420/3794/3238
f 3488/3865/3305 3489/3866/3306 3421/3795/3239
f 3489/3866/3306 3488/3865/3305 3491/3867/3307
f 3488/3865/3305 3457/3832/3275 3458/3834/3277
f 3493/3869/3309 3494/3872/3312 3495/3870/3310
f 3494/3872/3312 3496/3874/3314 3497/3873/3313
f 3496/3874/3314 3494/3872/3312 3426/3799/3243
f 3494/3872/3312 3493/3869/3309 3425/3800/3244
f 3499/3875/3315 3500/3878/3318 3501/3876/3316
f 3500/3878/3318 3279/3651/3097 3280/3652/3098
f 3279/3651/3097 3500/3878/3318 3463/3837/3280
f 3500/3878/3318 3499/3875/3315 3462/3838/3281
f 3461/3836/3279 3502/3879/3319 3467/3841/3284
f 3502/3879/3319 3503/3880/3320 3466/3842/3285
f 3503/3880/3320 3502/3879/3319 3505/3881/3321
f 3502/3879/3319 3461/3836/3279 3462/3838/3281
f 3465/3840/3283 3506/3883/3323 3468/3843/3286
f 3506/3883/3323 3507/3884/3324 3471/3848/3289
f 3507/3884/3324 3506/3883/3323 3509/3885/3325
f 3506/3883/3323 3465/3840/3283 3466/3842/3285
f 3510/3887/3327 3511/3888/3328 3438/3813/3256
f 3511/3888/3328 3472/3850/3290 3408/3782/3226
f 3472/3850/3290 3511/3888/3328 3512/3889/3329
f 3511/3888/3328 3510/3887/3327 3513/3890/3330
f 3496/3874/3314 3514/3892/3332 3515/3891/3331
f 3514/3892/3332 3516/3894/3334 3517/3893/3333
f 3516/3894/3334 3514/3892/3332 3442/3817/3260
f 3514/3892/3332 3496/3874/3314 3427/3801/3245
f 3296/3668/3114 3518/3896/3336 3519/3895/3335
f 3518/3896/3336 3520/3898/3338 3521/3897/3337
f 3520/3898/3338 3518/3896/3336 3477/3854/3294
f 3518/3896/3336 3296/3668/3114 3267/3639/3085
f 3478/3899/3339 3522/3901/3341 3523/3900/3340
f 3522/3901/3341 3524/3949/3387 3525/3902/3342
f 3483/3860/3300 3524/3949/3387 3522/3901/3341
f 3482/3858/3298 3522/3901/3341 3478/3899/3339
f 3485/3862/3302 3526/3903/3343 3480/3859/3299
f 3526/3903/3343 3527/3904/3344 3483/3860/3300
f 3527/3904/3344 3526/3903/3343 3529/3905/3345
f 3526/3903/3343 3485/3862/3302 3486/3864/3304
f 3489/3866/3306 3530/3907/3347 3454/3829/3272
f 3530/3907/3347 3531/3908/3348 3455/3830/3273
f 3531/3908/3348 3530/3907/3347 3533/3909/3349
f 3530/3907/3347 3489/3866/3306 3490/3868/3308
f 3535/3911/3351 3536/3914/3354 3537/3912/3352
f 3536/3914/3354 3493/3869/3309 3492/3871/3311
f 3493/3869/3309 3536/3914/3354 3459/3833/3276
f 3536/3914/3354 3535/3911/3351 3458/3834/3277
f 3539/3915/3355 3540/3918/3358 3541/3916/3356
f 3540/3918/3358 3304/3676/3122 3305/3677/3123
f 3304/3676/3122 3540/3918/3358 3501/3876/3316
f 3540/3918/3358 3539/3915/3355 3498/3877/3317
f 3543/3919/3359 3544/3922/3362 3545/3920/3360
f 3544/3922/3362 3499/3875/3315 3498/3877/3317
f 3499/3875/3315 3544/3922/3362 3505/3881/3321
f 3544/3922/3362 3543/3919/3359 3504/3882/3322
f 3503/3880/3320 3546/3923/3363 3509/3885/3325
f 3546/3923/3363 3547/3924/3364 3508/3886/3326
f 3547/3924/3364 3546/3923/3363 3549/3925/3365
f 3546/3923/3363 3503/3880/3320 3504/3882/3322
f 3550/3927/3367 3551/3930/3368 3470/3849/3288
f 3551/3928/3368 3510/3887/3327 3439/3814/3257
f 3510/3887/3327 3551/3928/3368 3552/3929/3369
f 3551/3930/3368 3550/3927/3367 3553/3931/3370
f 3516/3894/3334 3554/3934/3372 3555/3933/3371
f 3554/3934/3372 3556/3936/3374 3557/3935/3373
f 3556/3936/3374 3554/3934/3372 3474/3852/3292
f 3554/3934/3372 3516/3894/3334 3443/3818/3261
f 3558/3937/3375 3559/3938/3376 3519/3895/3335
f 3559/3938/3376 3315/3687/3133 3295/3667/3113
f 3315/3687/3133 3559/3938/3376 3560/3939/3377
f 3559/3938/3376 3558/3937/3375 3561/3940/3378
f 3520/3898/3338 3562/3942/3380 3563/3941/3379
f 3562/3942/3380 3564/3944/3382 3565/3943/3381
f 3564/3944/3382 3562/3942/3380 3523/3900/3340
f 3562/3942/3380 3520/3898/3338 3479/3856/3296
f 3525/3902/3342 3524/3949/3387 3566/3945/3383
f 3567/3946/3384 3566/3945/3383 3568/3947/3385
f 3528/3906/3346 3568/3947/3385 3566/3945/3383
f 3527/3904/3344 3566/3945/3383 3524/3949/3387
f 3531/3908/3348 3570/3950/3388 3487/3863/3303
f 3570/3950/3388 3571/3951/3389 3486/3864/3304
f 3571/3951/3389 3570/3950/3388 3573/3952/3390
f 3570/3950/3388 3531/3908/3348 3532/3910/3350
f 3575/3954/3392 3576/3957/3395 3577/3955/3393
f 3576/3957/3395 3535/3911/3351 3534/3913/3353
f 3535/3911/3351 3576/3957/3395 3491/3867/3307
f 3576/3957/3395 3575/3954/3392 3490/3868/3308
f 3578/3958/3396 3579/3959/3397 3495/3870/3310
f 3579/3959/3397 3580/3960/3398 3492/3871/3311
f 3580/3960/3398 3579/3959/3397 3582/3961/3399
f 3579/3959/3397 3578/3958/3396 3583/3963/3401
f 3318/3690/3136 3584/3964/3402 3541/3916/3356
f 3584/3964/3402 3585/3965/3403 3538/3917/3357
f 3585/3965/3403 3584/3964/3402 3587/3966/3404
f 3584/3964/3402 3318/3690/3136 3319/3691/3137
f 3589/3968/3406 3590/3971/3409 3591/3969/3407
f 3590/3971/3409 3539/3915/3355 3538/3917/3357
f 3539/3915/3355 3590/3971/3409 3545/3920/3360
f 3590/3971/3409 3589/3968/3406 3542/3921/3361
f 3542/3921/3361 3592/3974/3412 3593/3972/3410
f 3543/3919/3359 3593/3972/3410 3549/3925/3365
f 3548/3926/3366 3549/3925/3365 3593/3972/3410
f 3594/3973/3411 3593/3972/3410 3592/3974/3412
f 3508/3886/3326 3596/3978/3416 3597/3976/3414
f 3507/3884/3324 3597/3976/3414 3550/3927/3367
f 3553/3931/3370 3550/3927/3367 3597/3976/3414
f 3598/3977/3415 3597/3976/3414 3596/3978/3416
f 3556/3936/3374 3600/3981/3419 3601/3980/3418
f 3600/3981/3419 3602/3983/3421 3603/3982/3420
f 3602/3983/3421 3600/3981/3419 3512/3889/3329
f 3600/3981/3419 3556/3936/3374 3475/3853/3293
f 3604/3984/3422 3605/3985/3423 3515/3891/3331
f 3605/3985/3423 3578/3958/3396 3497/3873/3313
f 3583/3963/3401 3578/3958/3396 3605/3985/3423
f 3605/3985/3423 3604/3984/3422 3607/3987/3425
f 3608/3988/3426 3609/3989/3427 3560/3939/3377
f 3609/3989/3427 3325/3697/3143 3314/3686/3132
f 3325/3697/3143 3609/3989/3427 3610/3990/3428
f 3609/3989/3427 3608/3988/3426 3611/3991/3429
f 3612/3992/3430 3613/3993/3431 3563/3941/3379
f 3613/3993/3431 3558/3937/3375 3521/3897/3337
f 3558/3937/3375 3613/3993/3431 3614/3994/3432
f 3613/3993/3431 3612/3992/3430 3615/3995/3433
f 3564/3944/3382 3616/3997/3435 3617/3996/3434
f 3616/3997/3435 3618/3999/3437 3619/3998/3436
f 3618/3999/3437 3616/3997/3435 3567/3946/3384
f 3616/3997/3435 3564/3944/3382 3525/3902/3342
f 3571/3951/3389 3620/4000/3438 3529/3905/3345
f 3620/4000/3438 3621/4001/3439 3528/3906/3346
f 3621/4001/3439 3620/4000/3438 3623/4002/3440
f 3620/4000/3438 3571/3951/3389 3572/3953/3391
f 3625/4004/3442 3626/4007/3445 3627/4005/3443
f 3626/4007/3445 3575/3954/3392 3574/3956/3394
f 3575/3954/3392 3626/4007/3445 3533/3909/3349
f 3626/4007/3445 3625/4004/3442 3532/3910/3350
f 3580/3960/3398 3628/4010/3448 3537/3912/3352
f 3537/3912/3352 3628/4010/3448 3629/4008/3446
f 3630/4009/3447 3629/4008/3446 3628/4010/3448
f 3631/4011/3449 3628/4010/3448 3580/3960/3398
f 3326/3698/3144 3632/4012/3450 3587/3966/3404
f 3632/4012/3450 3633/4013/3451 3586/3967/3405
f 3633/4013/3451 3632/4012/3450 3610/3990/3428
f 3632/4012/3450 3326/3698/3144 3324/3696/3142
f 3585/3965/3403 3634/4014/3452 3591/3969/3407
f 3634/4014/3452 3635/4015/3453 3588/3970/3408
f 3635/4015/3453 3634/4014/3452 3637/4016/3454
f 3634/4014/3452 3585/3965/3403 3586/3967/3405
f 3588/3970/3408 3638/4020/3458 3639/4018/3456
f 3589/3968/3406 3639/4018/3456 3592/3974/3412
f 3595/3975/3413 3592/3974/3412 3639/4018/3456
f 3640/4019/3457 3639/4018/3456 3638/4020/3458
f 3548/3926/3366 3642/4024/3462 3643/4022/3460
f 3547/3924/3364 3643/4022/3460 3596/3978/3416
f 3599/3979/3417 3596/3978/3416 3643/4022/3460
f 3644/4023/3461 3643/4022/3460 3642/4024/3462
f 3602/3983/3421 3646/4031/3465 3647/4026/3464
f 3646/4027/3465 3648/4030/3467 3649/4028/3466
f 3648/4030/3467 3646/4027/3465 3552/3932/3369
f 3646/4031/3465 3602/3983/3421 3513/3890/3330
f 3650/4032/3468 3651/4033/3469 3555/3933/3371
f 3651/4033/3469 3604/3984/3422 3517/3893/3333
f 3604/3984/3422 3651/4033/3469 3652/4034/3470
f 3651/4033/3469 3650/4032/3468 3653/4035/3471
f 3654/4036/3472 3655/4037/3473 3614/3994/3432
f 3655/4037/3473 3608/3988/3426 3561/3940/3378
f 3608/3988/3426 3655/4037/3473 3656/4038/3474
f 3655/4037/3473 3654/4036/3472 3657/4039/3475
f 3565/3943/3381 3617/3996/3434 3658/4040/3476
f 3612/3992/3430 3658/4040/3476 3659/4041/3477
f 3660/4042/3478 3659/4041/3477 3658/4040/3476
f 3661/4043/3479 3658/4040/3476 3617/3996/3434
f 3621/4001/3439 3662/4044/3480 3568/3947/3385
f 3662/4044/3480 3663/4045/3481 3569/3948/3386
f 3663/4045/3481 3662/4044/3480 3665/4046/3482
f 3662/4044/3480 3621/4001/3439 3622/4003/3441
f 3667/4048/3484 3668/4051/3487 3669/4049/3485
f 3668/4051/3487 3625/4004/3442 3624/4006/3444
f 3625/4004/3442 3668/4051/3487 3573/3952/3390
f 3668/4051/3487 3667/4048/3484 3572/3953/3391
f 3534/3913/3353 3629/4008/3446 3670/4052/3488
f 3577/3955/3393 3670/4052/3488 3671/4053/3489
f 3672/4054/3490 3671/4053/3489 3670/4052/3488
f 3673/4055/3491 3670/4052/3488 3629/4008/3446
f 3633/4013/3451 3674/4056/3492 3637/4016/3454
f 3674/4056/3492 3675/4057/3493 3636/4017/3455
f 3675/4057/3493 3674/4056/3492 3656/4038/3474
f 3674/4056/3492 3633/4013/3451 3611/3991/3429
f 3635/4015/3453 3676/4058/3494 3638/4020/3458
f 3676/4058/3494 3677/4059/3495 3641/4021/3459
f 3677/4059/3495 3676/4058/3494 3679/4060/3496
f 3676/4058/3494 3635/4015/3453 3636/4017/3455
f 3595/3975/3413 3680/4064/3500 3681/4062/3498
f 3594/3973/3411 3681/4062/3498 3642/4024/3462
f 3645/4025/3463 3642/4024/3462 3681/4062/3498
f 3682/4063/3499 3681/4062/3498 3680/4064/3500
f 3648/4030/3467 3684/4069/3505 3685/4066/3502
f 3685/4066/3502 3684/4069/3505 3686/4067/3503
f 3599/3979/3417 3686/4067/3503 3684/4069/3505
f 3598/3977/3415 3684/4069/3505 3648/4030/3467
f 3688/4070/3506 3689/4071/3507 3601/3980/3418
f 3689/4071/3507 3650/4032/3468 3557/3935/3373
f 3650/4032/3468 3689/4071/3507 3690/4072/3508
f 3689/4071/3507 3688/4070/3506 3691/4073/3509
f 3615/3995/3433 3659/4041/3477 3692/4074/3510
f 3654/4036/3472 3692/4074/3510 3693/4075/3511
f 3694/4076/3512 3693/4075/3511 3692/4074/3510
f 3695/4077/3513 3692/4074/3510 3659/4041/3477
f 3569/3948/3386 3663/4045/3481 3696/4078/3514
f 3618/3999/3437 3696/4078/3514 3697/4079/3515
f 3698/4080/3516 3697/4079/3515 3696/4078/3514
f 3699/4081/3517 3696/4078/3514 3663/4045/3481
f 3701/4082/3518 3702/4085/3521 3703/4083/3519
f 3702/4085/3521 3667/4048/3484 3666/4050/3486
f 3667/4048/3484 3702/4085/3521 3623/4002/3440
f 3702/4085/3521 3701/4082/3518 3622/4003/3441
f 3574/3956/3394 3671/4053/3489 3704/4086/3522
f 3627/4005/3443 3704/4086/3522 3705/4087/3523
f 3706/4088/3524 3705/4087/3523 3704/4086/3522
f 3707/4089/3525 3704/4086/3522 3671/4053/3489
f 3675/4057/3493 3708/4090/3526 3679/4060/3496
f 3708/4090/3526 3709/4091/3527 3678/4061/3497
f 3709/4091/3527 3708/4090/3526 3693/4075/3511
f 3708/4090/3526 3675/4057/3493 3657/4039/3475
f 3641/4021/3459 3710/4094/3530 3711/4092/3528
f 3640/4019/3457 3711/4092/3528 3680/4064/3500
f 3683/4065/3501 3680/4064/3500 3711/4092/3528
f 3712/4093/3529 3711/4092/3528 3710/4094/3530
f 3687/4068/3504 3686/4067/3503 3714/4096/3532
f 3715/4097/3533 3714/4096/3532 3716/4098/3534
f 3645/4025/3463 3716/4098/3534 3714/4096/3532
f 3644/4023/3461 3714/4096/3532 3686/4067/3503
f 3718/4100/3536 3719/4103/3537 3647/4029/3464
f 3719/4101/3537 3688/4070/3506 3603/3982/3420
f 3688/4070/3506 3719/4101/3537 3720/4102/3538
f 3719/4103/3537 3718/4100/3536 3721/4104/3539
f 3619/3998/3436 3697/4079/3515 3722/4105/3540
f 3661/4043/3479 3722/4105/3540 3723/4106/3541
f 3724/4107/3542 3723/4106/3541 3722/4105/3540
f 3725/4108/3543 3722/4105/3540 3697/4079/3515
f 3727/4109/3544 3728/4112/3547 3729/4110/3545
f 3728/4112/3547 3701/4082/3518 3700/4084/3520
f 3701/4082/3518 3728/4112/3547 3665/4046/3482
f 3728/4112/3547 3727/4109/3544 3664/4047/3483
f 3678/4061/3497 3730/4115/3550 3731/4113/3548
f 3677/4059/3495 3731/4113/3548 3710/4094/3530
f 3713/4095/3531 3710/4094/3530 3731/4113/3548
f 3732/4114/3549 3731/4113/3548 3730/4115/3550
f 3717/4099/3535 3716/4098/3534 3734/4117/3552
f 3735/4118/3553 3734/4117/3552 3736/4119/3554
f 3683/4065/3501 3736/4119/3554 3734/4117/3552
f 3682/4063/3499 3734/4117/3552 3716/4098/3534
f 3687/4068/3504 3738/4123/3558 3739/4121/3556
f 3685/4066/3502 3739/4121/3556 3718/4100/3536
f 3721/4104/3539 3718/4100/3536 3739/4121/3556
f 3740/4122/3557 3739/4121/3556 3738/4123/3558
f 3660/4042/3478 3723/4106/3541 3742/4125/3560
f 3695/4077/3513 3742/4125/3560 3743/4126/3561
f 3744/4127/3562 3743/4126/3561 3742/4125/3560
f 3745/4128/3563 3742/4125/3560 3723/4106/3541
f 3747/4129/3564 3748/4132/3567 3749/4130/3565
f 3748/4132/3567 3727/4109/3544 3726/4111/3546
f 3727/4109/3544 3748/4132/3567 3699/4081/3517
f 3699/4081/3517 3748/4132/3567 3747/4129/3564
f 3750/4133/3568 3751/4134/3569 3703/4083/3519
f 3751/4134/3569 3752/4135/3570 3700/4084/3520
f 3752/4135/3570 3751/4134/3569 3754/4136/3571
f 3751/4134/3569 3750/4133/3568 3755/4138/3573
f 3694/4076/3512 3743/4126/3561 3756/4139/3574
f 3709/4091/3527 3756/4139/3574 3730/4115/3550
f 3733/4116/3551 3730/4115/3550 3756/4139/3574
f 3757/4140/3575 3756/4139/3574 3743/4126/3561
f 3737/4120/3555 3736/4119/3554 3758/4141/3576
f 3759/4142/3577 3758/4141/3576 3760/4143/3578
f 3713/4095/3531 3760/4143/3578 3758/4141/3576
f 3712/4093/3529 3758/4141/3576 3736/4119/3554
f 3717/4099/3535 3762/4147/3582 3763/4145/3580
f 3715/4097/3533 3763/4145/3580 3738/4123/3558
f 3741/4124/3559 3738/4123/3558 3763/4145/3580
f 3764/4146/3581 3763/4145/3580 3762/4147/3582
f 3766/4149/3584 3767/4152/3587 3768/4150/3585
f 3768/4150/3585 3747/4129/3564 3746/4131/3566
f 3747/4129/3564 3768/4150/3585 3725/4108/3543
f 3725/4108/3543 3768/4150/3585 3767/4152/3587
f 3752/4135/3570 3770/4153/3588 3729/4110/3545
f 3770/4153/3588 3771/4154/3589 3726/4111/3546
f 3771/4154/3589 3770/4153/3588 3773/4155/3590
f 3770/4153/3588 3752/4135/3570 3753/4137/3572
f 3583/3963/3401 3606/3986/3424 3774/4157/3592
f 3582/3961/3399 3774/4157/3592 3775/4158/3593
f 3776/4159/3594 3775/4158/3593 3774/4157/3592
f 3777/4160/3595 3774/4157/3592 3606/3986/3424
f 3581/3962/3400 3775/4158/3593 3778/4161/3596
f 3631/4011/3449 3778/4161/3596 3779/4162/3597
f 3780/4163/3598 3779/4162/3597 3778/4161/3596
f 3781/4164/3599 3778/4161/3596 3775/4158/3593
f 3630/4009/3447 3779/4162/3597 3782/4165/3600
f 3673/4055/3491 3782/4165/3600 3783/4166/3601
f 3784/4167/3602 3783/4166/3601 3782/4165/3600
f 3785/4168/3603 3782/4165/3600 3779/4162/3597
f 3783/4166/3601 3786/4169/3604 3707/4089/3525
f 3786/4169/3604 3787/4170/3605 3706/4088/3524
f 3787/4170/3605 3786/4169/3604 3788/4171/3606
f 3788/4171/3606 3786/4169/3604 3783/4166/3601
f 3761/4144/3579 3760/4143/3578 3789/4172/3607
f 3790/4173/3608 3789/4172/3607 3791/4174/3609
f 3733/4116/3551 3791/4174/3609 3789/4172/3607
f 3732/4114/3549 3789/4172/3607 3760/4143/3578
f 3737/4120/3555 3793/4178/3613 3794/4176/3611
f 3735/4118/3553 3794/4176/3611 3762/4147/3582
f 3765/4148/3583 3762/4147/3582 3794/4176/3611
f 3795/4177/3612 3794/4176/3611 3793/4178/3613
f 3797/4180/3615 3798/4183/3618 3799/4181/3616
f 3800/4182/3617 3799/4181/3616 3767/4152/3587
f 3724/4107/3542 3767/4152/3587 3799/4181/3616
f 3745/4128/3563 3799/4181/3616 3798/4183/3618
f 3771/4154/3589 3801/4184/3619 3749/4130/3565
f 3801/4184/3619 3802/4196/3631 3746/4131/3566
f 3803/4185/3620 3802/4196/3631 3801/4184/3619
f 3801/4184/3619 3771/4154/3589 3772/4156/3591
f 3792/4175/3610 3791/4174/3609 3805/4187/3622
f 3806/4188/3623 3805/4187/3622 3798/4183/3618
f 3744/4127/3562 3798/4183/3618 3805/4187/3622
f 3757/4140/3575 3805/4187/3622 3791/4174/3609
f 3761/4144/3579 3807/4212/3647 3808/4189/3624
f 3759/4142/3577 3808/4189/3624 3793/4178/3613
f 3796/4179/3614 3793/4178/3613 3808/4189/3624
f 3808/4189/3624 3807/4212/3647 3810/4191/3626
f 3811/4192/3627 3812/4195/3630 3813/4193/3628
f 3814/4194/3629 3813/4193/3628 3652/4034/3470
f 3607/3987/3425 3652/4034/3470 3813/4193/3628
f 3777/4160/3595 3813/4193/3628 3812/4195/3630
f 3802/4196/3631 3815/4197/3632 3769/4151/3586
f 3815/4197/3632 3816/4198/3633 3766/4149/3584
f 3816/4198/3633 3815/4197/3632 3818/4199/3634
f 3815/4197/3632 3802/4196/3631 3803/4185/3620
f 3784/4167/3602 3819/4203/3638 3820/4201/3636
f 3788/4171/3606 3820/4201/3636 3754/4136/3571
f 3753/4137/3572 3754/4136/3571 3820/4201/3636
f 3821/4202/3637 3820/4201/3636 3819/4203/3638
f 3812/4195/3630 3823/4205/3640 3781/4164/3599
f 3823/4205/3640 3824/4206/3641 3780/4163/3598
f 3824/4206/3641 3823/4205/3640 3826/4207/3642
f 3826/4207/3642 3823/4205/3640 3812/4195/3630
f 3780/4163/3598 3824/4206/3641 3827/4209/3644
f 3785/4168/3603 3827/4209/3644 3819/4203/3638
f 3822/4204/3639 3819/4203/3638 3827/4209/3644
f 3828/4210/3645 3827/4209/3644 3824/4206/3641
f 3792/4175/3610 3829/4214/3649 3830/4211/3646
f 3790/4173/3608 3830/4211/3646 3807/4212/3647
f 3810/4191/3626 3807/4212/3647 3830/4211/3646
f 3831/4213/3648 3830/4211/3646 3829/4214/3649
f 3833/4216/3651 3834/4217/3652 3690/4072/3508
f 3834/4217/3652 3814/4194/3629 3653/4035/3471
f 3814/4194/3629 3834/4217/3652 3835/4218/3653
f 3834/4217/3652 3833/4216/3651 3836/4219/3654
f 3766/4149/3584 3816/4198/3633 3837/4220/3655
f 3800/4182/3617 3837/4220/3655 3838/4221/3656
f 3839/4222/3657 3838/4221/3656 3837/4220/3655
f 3840/4223/3658 3837/4220/3655 3816/4198/3633
f 3822/4204/3639 3841/4226/3661 3842/4224/3659
f 3821/4202/3637 3842/4224/3659 3773/4155/3590
f 3772/4156/3591 3773/4155/3590 3842/4224/3659
f 3843/4225/3660 3842/4224/3659 3841/4226/3661
f 3797/4180/3615 3838/4221/3656 3845/4228/3663
f 3806/4188/3623 3845/4228/3663 3829/4214/3649
f 3832/4215/3650 3829/4214/3649 3845/4228/3663
f 3846/4229/3664 3845/4228/3663 3838/4221/3656
f 3740/4122/3557 3847/4230/3665 3720/4102/3538
f 3847/4230/3665 3833/4216/3651 3691/4073/3509
f 3833/4216/3651 3847/4230/3665 3848/4231/3666
f 3848/4231/3666 3847/4230/3665 3740/4122/3557
f 3849/4232/3667 3850/4233/3668 3835/4218/3653
f 3850/4233/3668 3826/4207/3642 3811/4192/3627
f 3826/4207/3642 3850/4233/3668 3851/4234/3669
f 3850/4233/3668 3849/4232/3667 3852/4235/3670
f 3844/4227/3662 3853/4237/3672 3854/4236/3671
f 3843/4225/3660 3854/4236/3671 3804/4186/3621
f 3803/4185/3620 3804/4186/3621 3854/4236/3671
f 3818/4199/3634 3854/4236/3671 3853/4237/3672
f 3855/4238/3673 3856/4239/3674 3828/4210/3645
f 3856/4239/3674 3841/4226/3661 3822/4204/3639
f 3841/4226/3661 3856/4239/3674 3857/4240/3675
f 3856/4239/3674 3855/4238/3673 3858/4241/3676
f 3849/4232/3667 3859/4243/3678 3860/4242/3677
f 3859/4243/3678 3764/4146/3581 3765/4148/3583
f 3764/4146/3581 3859/4243/3678 3848/4231/3666
f 3859/4243/3678 3849/4232/3667 3836/4219/3654
f 3852/4235/3670 3861/4246/3681 3862/4244/3679
f 3851/4234/3669 3862/4244/3679 3855/4238/3673
f 3858/4241/3676 3855/4238/3673 3862/4244/3679
f 3863/4245/3680 3862/4244/3679 3861/4246/3681
f 3817/4200/3635 3853/4237/3672 3865/4248/3683
f 3840/4223/3658 3865/4248/3683 3866/4249/3684
f 3858/4241/3676 3866/4249/3684 3865/4248/3683
f 3857/4240/3675 3865/4248/3683 3853/4237/3672
f 3864/4247/3682 3861/4246/3681 3867/4250/3685
f 3867/4250/3685 3795/4177/3612 3796/4179/3614
f 3795/4177/3612 3867/4250/3685 3860/4242/3677
f 3867/4250/3685 3861/4246/3681 3852/4235/3670
f 3839/4222/3657 3866/4249/3684 3869/4252/3687
f 3846/4229/3664 3869/4252/3687 3870/4253/3688
f 3864/4247/3682 3870/4253/3688 3869/4252/3687
f 3863/4245/3680 3869/4252/3687 3866/4249/3684
f 3870/4253/3688 3871/4254/3689 3831/4213/3648
f 3871/4254/3689 3809/4190/3625 3810/4191/3626
f 3809/4190/3625 3871/4254/3689 3868/4251/3686
f 3871/4254/3689 3870/4253/3688 3864/4247/3682
f 3123/3485/2937 3124/3484/2936 3872/4255/3690
f 3874/4257/3692 3872/4255/3690 3124/3484/2936
f 3146/3511/2960 3147/3510/2959 3875/4258/3693
f 3873/4256/3691 3875/4258/3693 3147/3510/2959
f 3125/3486/2938 3152/3516/2965 3877/4260/3695
f 3878/4261/3696 3877/4260/3695 3152/3516/2965
f 3011/3540/2988 3174/3539/2987 3879/4262/3697
f 3876/4259/3694 3879/4262/3697 3174/3539/2987
f 3153/3517/2966 3179/3545/2993 3880/4264/3699
f 3881/4265/3700 3880/4264/3699 3179/3545/2993
f 3180/3546/2994 3206/3574/3021 3882/4266/3701
f 3883/4267/3702 3882/4266/3701 3206/3574/3021
f 3207/3575/3022 3232/3602/3048 3884/4268/3703
f 3885/4269/3704 3884/4268/3703 3232/3602/3048
f 3233/3603/3049 3259/3631/3077 3886/4270/3705
f 3887/4271/3706 3886/4270/3705 3259/3631/3077
f 3282/3654/3100 3888/4273/3708 3889/4272/3707
f 3888/4273/3708 3282/3654/3100 3015/3624/3070
f 3260/3632/3078 3287/3659/3105 3890/4275/3710
f 3891/4276/3711 3890/4275/3710 3287/3659/3105
f 3307/3679/3125 3892/4278/3713 3893/4277/3712
f 3892/4278/3713 3307/3679/3125 3281/3653/3099
f 3288/3660/3106 3312/3684/3130 3894/4279/3714
f 3895/4280/3715 3894/4279/3714 3312/3684/3130
f 3321/3693/3139 3896/4282/3717 3897/4281/3716
f 3896/4282/3717 3321/3693/3139 3306/3678/3124
f 3313/3685/3131 3322/3694/3140 3898/4283/3718
f 3899/4284/3719 3898/4283/3718 3322/3694/3140
f 3328/3700/3146 3900/4286/3721 3901/4285/3720
f 3900/4286/3721 3328/3700/3146 3320/3692/3138
f 3323/3695/3141 3329/3701/3147 3902/4287/3722
f 3903/4288/3723 3902/4287/3722 3329/3701/3147
f 3331/3703/3149 3904/4289/3724 3903/4288/3723
f 3904/4289/3724 3331/3703/3149 3327/3699/3145
f 2928/3184/856 3905/4291/856 3906/4290/856
f 3905/4291/856 2939/4293/856 2940/4292/856
f 2939/4293/856 3905/4291/856 3907/4294/856
f 3907/4294/856 3905/4291/856 2928/3184/856
f 2925/3181/856 3908/4297/856 3909/4296/856
f 3908/4297/856 3019/4299/856 3016/4298/856
f 3019/4299/856 3908/4297/856 3910/4300/856
f 3908/4297/856 2925/3181/856 2924/3183/856
f 2950/3206/856 3911/4303/856 3912/4302/856
f 3911/4303/856 3003/4305/856 2916/4304/856
f 3003/4305/856 3911/4303/856 3913/4306/856
f 3911/4303/856 2950/3206/856 2952/3209/856
f 2947/4308/856 3914/4310/856 3915/4309/856
f 3914/4310/856 3021/4410/856 3020/4311/856
f 2957/3213/856 3916/4312/856 3913/4306/856
f 3916/4312/856 3005/4313/856 3002/4307/856
f 3005/4313/856 3916/4312/856 3917/4314/856
f 3917/4314/856 3916/4312/856 2957/3213/856
f 2960/3216/856 2955/3211/856 3918/4316/856
f 3918/4316/856 3023/4319/856 3022/4318/856
f 3023/4319/856 3918/4316/856 3915/4309/856
f 3918/4316/856 2955/3211/856 2954/3210/856
f 2963/3219/856 3920/4320/856 3917/4314/856
f 3920/4320/856 3007/4321/856 3004/4315/856
f 3007/4321/856 3920/4320/856 3921/4322/856
f 3920/4320/856 2963/3219/856 2964/3221/856
f 2961/3217/856 3922/4325/856 3923/4324/856
f 3922/4325/856 3024/4327/856 2941/4326/856
f 3024/4327/856 3922/4325/856 3919/4317/856
f 3919/4317/856 3922/4325/856 2961/3217/856
f 2969/4328/856 3924/4329/856 3921/4322/856
f 3924/4329/856 3008/4330/856 3006/4323/856
f 3008/4330/856 3924/4329/856 3906/4290/856
f 3924/4329/856 2969/4328/856 2929/3185/856
f 2967/4331/856 3925/4332/856 3910/4300/856
f 3925/4332/856 2944/4333/856 2945/4301/856
f 2944/4333/856 3925/4332/856 3923/4324/856
f 3925/4332/856 2967/4331/856 2966/3222/856
f 2975/3228/856 2974/3227/856 3926/4334/856
f 3254/4335/856 3926/4334/856 3014/4336/856
f 3013/4338/856 3014/4336/856 3926/4334/856
f 3927/4339/856 3926/4334/856 2974/3227/856
f 2971/3224/856 3928/4341/856 3929/4340/856
f 3928/4341/856 3010/4343/856 3009/4342/856
f 3010/4343/856 3928/4341/856 3201/4344/856
f 3928/4341/856 2971/3224/856 2970/3226/856
f 2976/3229/856 2981/3234/856 3930/4346/856
f 3927/4339/856 3930/4346/856 3018/4347/856
f 3016/4298/856 3018/4347/856 3930/4346/856
f 3930/4346/856 2981/3234/856 2932/3189/856
f 2930/3187/856 2979/3233/856 3931/4348/856
f 3931/4348/856 3012/4349/856 2937/4295/856
f 3012/4349/856 3931/4348/856 3929/4340/856
f 3931/4348/856 2979/3233/856 2978/3232/856
f 3666/4050/3486 3669/4049/3485 3933/4384/3759
f 3750/4133/3568 3933/4384/3759 3787/4170/3605
f 3706/4088/3524 3787/4170/3605 3933/4384/3759
f 3705/4087/3523 3933/4384/3759 3669/4049/3485
f 2849/4393/856 3934/4396/856 3935/4394/856
f 2951/3207/856 3912/4302/856 3935/4394/856
f 2854/3302/856 3028/3304/856 3936/4397/856
f 2852/4398/856 3936/4397/856 3934/4396/856
f 2949/3205/856 2951/3207/856 3934/4396/856
f 2949/3205/856 3936/4397/856 3028/3304/856
f 3017/4399/3768 2934/3190/2777 2933/3192/2779
f 2986/4401/3770 2983/3236/2780 2982/3238/2782
f 2990/4402/3771 2985/3239/2783 2984/3241/2785
f 2942/4403/3772 2989/3242/2786 2988/3244/2788
f 2935/4404/3773 2943/3245/2789 2992/3247/2791
f 2995/4405/3774 2994/3248/2792 3001/3252/2796
f 2938/4400/3769 2999/3251/2795 2998/3253/2797
f 3027/4407/856 3035/3317/856 2885/4408/856
f 3027/4407/856 2854/3103/856 2853/3319/856
f 3025/3300/856 3914/4310/856 2947/4308/856
f 3025/3300/856 1054/1097/856 3021/4410/856
