# Blender 3.6.2
# www.blender.org
mtllib square_table.mtl
o diining_furnitures_29__vray
v -4.444378 -4.460657 6.994043
v -4.444378 4.460658 6.994042
v 4.439075 4.460659 6.994042
v 4.439075 -4.460657 6.994043
v -4.444378 -4.460657 7.374569
v 4.439075 -4.460657 7.374569
v 4.439075 4.460659 7.374568
v -4.444378 4.460658 7.374568
v -4.444378 -4.476257 7.013243
v 4.439075 -4.476257 7.013243
v 4.439075 -4.476257 7.355369
v -4.444378 -4.476257 7.355369
v 4.462475 -4.460657 7.013243
v 4.462475 4.460659 7.013242
v 4.462475 4.460659 7.355368
v 4.462475 -4.460657 7.355369
v 4.439075 4.476259 7.013242
v -4.444378 4.476258 7.013242
v -4.444378 4.476258 7.355368
v 4.439075 4.476259 7.355368
v -4.467779 4.460658 7.013242
v -4.467779 -4.460657 7.013243
v -4.467779 -4.460657 7.355369
v -4.467779 4.460658 7.355368
v -4.448857 -4.475282 7.005369
v -4.444378 -4.475282 7.004843
v 4.443554 -4.467055 6.995243
v 4.439075 -4.467482 6.995243
v -4.466316 4.463644 7.005368
v -4.466316 4.460658 7.004842
v 4.448673 4.463645 6.995242
v 4.449313 4.460659 6.995242
v -4.453976 -4.475282 7.359043
v -4.454616 -4.475282 7.355369
v 4.461013 -4.467055 7.359044
v 4.461013 -4.467482 7.355369
v -4.466316 4.467057 7.359043
v -4.466316 4.467483 7.355368
v 4.448673 4.475284 7.359042
v 4.449313 4.475284 7.355368
v -4.454616 4.460658 6.995242
v -4.454616 -4.460657 6.995243
v 4.439075 4.467484 6.995242
v -4.444378 4.467483 6.995242
v 4.449313 -4.460657 6.995243
v -4.444378 -4.467482 6.995243
v 4.439075 -4.467482 7.373369
v -4.444378 -4.467482 7.373369
v 4.449313 4.460659 7.373365
v 4.449313 -4.460657 7.373369
v -4.444378 4.467483 7.373368
v 4.439075 4.467484 7.373368
v -4.454616 -4.460657 7.373366
v -4.454616 4.460658 7.373368
v 4.449313 -4.475282 7.355369
v 4.449312 -4.475282 7.013243
v -4.454616 -4.475282 7.013243
v 4.461013 4.467484 7.355368
v 4.461013 4.467484 7.013242
v -4.454616 4.475283 7.355368
v -4.454616 4.475283 7.013242
v -4.453976 -4.475282 7.009569
v -4.460832 -4.472357 7.006944
v -4.461928 -4.472357 7.013243
v -4.464945 -4.467482 7.005369
v -4.466316 -4.467482 7.013243
v -4.466316 -4.460657 7.004843
v -4.452057 -4.475282 7.006944
v -4.457541 -4.472357 7.002443
v -4.460832 -4.467482 6.999744
v -4.461928 -4.460657 6.998843
v -4.452057 -4.472357 6.999744
v -4.453976 -4.467482 6.996369
v -4.444378 -4.472357 6.998843
v 4.448673 -4.463643 6.995243
v 4.455528 -4.465776 6.998843
v 4.456625 -4.460657 6.998843
v 4.459642 -4.467055 7.004843
v 4.461013 -4.460657 7.004843
v 4.461012 -4.467482 7.013243
v 4.446753 -4.465776 6.995243
v 4.452237 -4.469432 6.998843
v 4.455528 -4.471626 7.004843
v 4.456625 -4.472357 7.013243
v 4.446753 -4.471626 6.998843
v 4.448673 -4.474368 7.004843
v 4.439075 -4.472357 6.998843
v 4.439075 -4.475282 7.004843
v -4.466316 4.467483 7.013242
v -4.466316 4.467057 7.009568
v -4.461928 4.471627 7.006943
v -4.461928 4.472358 7.013242
v -4.454616 4.474369 7.005368
v -4.444378 4.475283 7.004842
v -4.466316 4.465777 7.006943
v -4.461928 4.469433 7.002442
v -4.454616 4.471627 6.999743
v -4.444378 4.472358 6.998842
v -4.461928 4.465777 6.999743
v -4.454616 4.467057 6.996368
v -4.461928 4.460658 6.998842
v 4.443554 4.467057 6.995242
v 4.446753 4.471628 6.998842
v 4.439075 4.472359 6.998842
v 4.448673 4.474370 7.004842
v 4.439075 4.475284 7.004842
v 4.449313 4.475284 7.013242
v 4.446753 4.465778 6.995242
v 4.452238 4.469434 6.998842
v 4.455528 4.471628 7.004842
v 4.456625 4.472359 7.013242
v 4.455528 4.465778 6.998842
v 4.459642 4.467057 7.004842
v 4.456625 4.460659 6.998842
v 4.461013 4.460659 7.004842
v -4.444378 -4.475282 7.363769
v -4.448857 -4.475282 7.363243
v -4.452057 -4.472357 7.368867
v -4.444378 -4.472357 7.369769
v -4.453976 -4.467482 7.372242
v -4.452057 -4.475282 7.361668
v -4.457541 -4.472357 7.366166
v -4.460832 -4.467482 7.368865
v -4.461928 -4.460657 7.369765
v -4.460832 -4.472357 7.361667
v -4.464945 -4.467482 7.363242
v -4.466316 -4.460657 7.363766
v -4.461928 -4.472357 7.355369
v -4.466316 -4.467482 7.355369
v 4.461013 -4.460657 7.363769
v 4.461013 -4.463643 7.363244
v 4.456625 -4.465776 7.368870
v 4.456625 -4.460657 7.369769
v 4.449313 -4.467055 7.372244
v 4.461013 -4.465776 7.361670
v 4.456625 -4.469432 7.366169
v 4.449313 -4.471626 7.368870
v 4.439075 -4.472357 7.369771
v 4.456625 -4.471626 7.361670
v 4.449313 -4.474368 7.363244
v 4.439075 -4.475282 7.363769
v 4.456625 -4.472357 7.355369
v -4.466316 4.460658 7.363768
v -4.466316 4.463644 7.363243
v -4.461928 4.465777 7.368869
v -4.461928 4.460658 7.369768
v -4.454616 4.467057 7.372243
v -4.466316 4.465777 7.361669
v -4.461928 4.469433 7.366168
v -4.454616 4.471627 7.368869
v -4.444378 4.472358 7.369770
v -4.461928 4.471627 7.361669
v -4.454616 4.474369 7.363243
v -4.444378 4.475283 7.363768
v -4.461928 4.472358 7.355368
v 4.439075 4.475284 7.363768
v 4.443554 4.475284 7.363242
v 4.446753 4.472359 7.368866
v 4.439075 4.472359 7.369768
v 4.448673 4.467484 7.372241
v 4.446753 4.475284 7.361667
v 4.452238 4.472359 7.366165
v 4.455528 4.467484 7.368865
v 4.456625 4.460659 7.369764
v 4.455528 4.472359 7.361666
v 4.459642 4.467484 7.363241
v 4.461013 4.460659 7.363765
v 4.456625 4.472359 7.355368
v -0.125847 1.574449 0.004105
v -0.125847 1.738889 0.004105
v 0.120543 1.738889 0.004105
v 0.120543 1.574449 0.004105
v -0.125848 2.476114 7.031322
v 0.120542 2.476114 7.031322
v 0.120542 2.640553 7.031322
v -0.125848 2.640553 7.031322
v -0.149247 1.577165 0.023305
v -0.149248 2.473801 7.012123
v -0.149248 2.637838 7.012123
v -0.149247 1.741202 0.023305
v -0.125847 1.756972 0.023060
v -0.125848 2.653671 7.012369
v 0.120542 2.653671 7.012369
v 0.120543 1.756972 0.023061
v 0.143943 1.741202 0.023305
v 0.143942 2.637837 7.012123
v 0.143942 2.473801 7.012123
v 0.143943 1.577165 0.023305
v 0.120543 1.561332 0.023061
v 0.120542 2.458032 7.012369
v -0.125848 2.458032 7.012369
v -0.125847 1.561332 0.023060
v 0.091946 1.806069 1.347734
v -0.067725 1.806069 1.347734
v -0.067725 1.806069 1.216878
v 0.091946 1.806069 1.216878
v 0.091946 3.627140 1.347735
v 0.091946 3.627140 1.216878
v -0.067726 3.627140 1.216878
v -0.067726 3.627140 1.347735
v 0.091946 1.821669 1.366934
v 0.091946 3.611540 1.366935
v -0.067726 3.611540 1.366935
v -0.067725 1.821669 1.366934
v -0.091125 1.821669 1.347734
v -0.091126 3.611540 1.347735
v -0.091126 3.611540 1.216878
v -0.091125 1.821669 1.216878
v -0.067725 1.821669 1.197678
v -0.067726 3.611540 1.197678
v 0.091946 3.611540 1.197678
v 0.091946 1.821669 1.197678
v 0.115346 1.821669 1.216878
v 0.115346 3.611540 1.216878
v 0.115346 3.611540 1.347735
v 0.115346 1.821669 1.347734
v -3.564374 3.531535 1.358371
v -3.564374 3.655165 1.385201
v -3.564374 3.676939 1.233215
v -3.564373 3.553309 1.206385
v 3.588593 3.531534 1.358372
v 3.588594 3.553309 1.206386
v 3.588593 3.676939 1.233216
v 3.588593 3.655164 1.385202
v -3.540974 3.528826 1.377279
v 3.565193 3.528826 1.377280
v 3.565193 3.652455 1.404110
v -3.540974 3.652456 1.404109
v -3.540974 3.670528 1.388535
v 3.565193 3.670527 1.388536
v 3.565193 3.692302 1.236550
v -3.540974 3.692302 1.236549
v -3.540972 3.679648 1.214307
v 3.565194 3.679648 1.214308
v 3.565194 3.556018 1.187478
v -3.540972 3.556017 1.187477
v -3.540972 3.537946 1.203051
v 3.565194 3.537946 1.203052
v 3.565193 3.516171 1.355038
v -3.540974 3.516171 1.355037
v -3.877915 3.753215 0.004104
v -3.877915 3.917654 0.004104
v -3.631525 3.917654 0.004104
v -3.631525 3.753215 0.004104
v -2.851031 2.522396 7.031323
v -2.604640 2.522396 7.031323
v -2.604640 2.686836 7.031323
v -2.851031 2.686836 7.031323
v -3.898473 3.750175 0.023162
v -2.877273 2.526171 7.012267
v -2.877273 2.689875 7.012267
v -3.898473 3.913880 0.023162
v -3.874951 3.929902 0.022855
v -2.853661 2.705788 7.012573
v -2.607603 2.705788 7.012573
v -3.628895 3.929902 0.022855
v -3.605282 3.913880 0.023162
v -2.584082 2.689875 7.012267
v -2.584082 2.526171 7.012267
v -3.605282 3.750175 0.023162
v -3.628895 3.734262 0.022855
v -2.607603 2.510149 7.012573
v -2.853661 2.510149 7.012573
v -3.874951 3.734262 0.022855
v 3.872613 3.753214 0.004106
v 3.626222 3.753214 0.004106
v 3.626221 3.917655 0.004106
v 3.872612 3.917655 0.004106
v 2.845726 2.522397 7.031325
v 2.845726 2.686836 7.031325
v 2.599336 2.686837 7.031325
v 2.599336 2.522397 7.031325
v 3.893170 3.750175 0.023164
v 3.893170 3.913879 0.023164
v 2.871968 2.689876 7.012267
v 2.871968 2.526172 7.012267
v 3.869649 3.929902 0.022857
v 3.623591 3.929902 0.022857
v 2.602299 2.705789 7.012574
v 2.848356 2.705789 7.012574
v 3.599979 3.913879 0.023164
v 3.599979 3.750175 0.023164
v 2.578779 2.526172 7.012267
v 2.578779 2.689876 7.012267
v 3.623591 3.734262 0.022857
v 3.869649 3.734262 0.022857
v 2.848356 2.510149 7.012574
v 2.602299 2.510149 7.012574
v -0.125848 -1.572981 0.004105
v 0.120542 -1.572981 0.004105
v 0.120542 -1.737420 0.004105
v -0.125848 -1.737420 0.004105
v -0.125849 -2.474645 7.031323
v -0.125849 -2.639086 7.031323
v 0.120541 -2.639083 7.031323
v 0.120541 -2.474645 7.031323
v -0.149248 -1.575697 0.023305
v -0.149248 -1.739734 0.023305
v -0.149249 -2.636370 7.012124
v -0.149249 -2.472331 7.012124
v -0.125848 -1.755503 0.023060
v 0.120542 -1.755503 0.023060
v 0.120541 -2.652202 7.012369
v -0.125849 -2.652202 7.012369
v 0.143942 -1.739734 0.023305
v 0.143942 -1.575697 0.023305
v 0.143941 -2.472331 7.012124
v 0.143941 -2.636368 7.012124
v 0.120542 -1.559863 0.023060
v -0.125848 -1.559863 0.023060
v -0.125849 -2.456562 7.012369
v 0.120541 -2.456562 7.012369
v 0.091946 -1.804600 1.347735
v 0.091946 -1.804600 1.216878
v -0.067726 -1.804600 1.216878
v -0.067726 -1.804600 1.347735
v 0.091945 -3.625671 1.347736
v -0.067726 -3.625671 1.347736
v -0.067726 -3.625671 1.216878
v 0.091945 -3.625671 1.216878
v 0.091946 -1.820200 1.366935
v -0.067726 -1.820200 1.366935
v -0.067726 -3.610071 1.366936
v 0.091945 -3.610071 1.366936
v -0.091126 -1.820200 1.347735
v -0.091126 -1.820200 1.216878
v -0.091126 -3.610071 1.216878
v -0.091126 -3.610071 1.347736
v -0.067726 -1.820200 1.197678
v 0.091946 -1.820200 1.197678
v 0.091945 -3.610071 1.197678
v -0.067726 -3.610071 1.197678
v 0.115346 -1.820200 1.216878
v 0.115346 -1.820200 1.347735
v 0.115345 -3.610071 1.347736
v 0.115345 -3.610071 1.216878
v -3.877916 -3.751746 0.004104
v -3.631526 -3.751746 0.004105
v -3.631526 -3.916186 0.004105
v -3.877916 -3.916186 0.004104
v -2.851031 -2.520927 7.031322
v -2.851031 -2.685368 7.031322
v -2.604640 -2.685368 7.031322
v -2.604640 -2.520927 7.031322
v -3.898473 -3.748707 0.023162
v -3.898473 -3.912411 0.023162
v -2.877273 -2.688407 7.012265
v -2.877273 -2.524701 7.012265
v -3.874952 -3.928433 0.022856
v -3.628894 -3.928433 0.022856
v -2.607603 -2.704319 7.012572
v -2.853661 -2.704319 7.012572
v -3.605283 -3.912411 0.023162
v -3.605283 -3.748707 0.023162
v -2.584082 -2.524701 7.012265
v -2.584082 -2.688407 7.012265
v -3.628894 -3.732793 0.022856
v -3.874952 -3.732793 0.022856
v -2.853661 -2.508679 7.012572
v -2.607603 -2.508679 7.012572
v -3.564375 -3.530066 1.358370
v -3.564373 -3.551841 1.206383
v -3.564375 -3.675472 1.233213
v -3.564375 -3.653697 1.385200
v 3.588593 -3.530066 1.358371
v 3.588593 -3.653697 1.385201
v 3.588593 -3.675472 1.233214
v 3.588593 -3.551841 1.206384
v -3.540975 -3.527357 1.377278
v -3.540975 -3.650988 1.404108
v 3.565193 -3.650988 1.404109
v 3.565193 -3.527357 1.377279
v -3.540975 -3.669060 1.388534
v -3.540975 -3.690835 1.236548
v 3.565193 -3.690835 1.236548
v 3.565193 -3.669060 1.388535
v -3.540973 -3.678180 1.214305
v -3.540973 -3.554549 1.187475
v 3.565193 -3.554549 1.187476
v 3.565193 -3.678180 1.214306
v -3.540973 -3.536479 1.203049
v -3.540975 -3.514703 1.355036
v 3.565193 -3.514703 1.355036
v 3.565193 -3.536479 1.203050
v 3.872612 -3.751745 0.004106
v 3.872612 -3.916185 0.004106
v 3.626222 -3.916185 0.004106
v 3.626222 -3.751745 0.004106
v 2.845726 -2.520926 7.031325
v 2.599336 -2.520926 7.031325
v 2.599336 -2.685368 7.031325
v 2.845726 -2.685368 7.031325
v 3.893170 -3.748706 0.023164
v 2.871968 -2.524701 7.012267
v 2.871968 -2.688406 7.012267
v 3.893170 -3.912410 0.023164
v 3.869648 -3.928433 0.022858
v 2.848356 -2.704319 7.012573
v 2.602299 -2.704319 7.012573
v 3.623592 -3.928433 0.022858
v 3.599978 -3.912410 0.023164
v 2.578779 -2.688406 7.012267
v 2.578779 -2.524701 7.012267
v 3.599978 -3.748706 0.023164
v 3.623592 -3.732793 0.022858
v 2.602299 -2.508679 7.012573
v 2.848356 -2.508679 7.012573
v 3.869648 -3.732793 0.022858
v -0.147784 1.575977 0.014905
v -0.147784 1.573062 0.015423
v -0.136084 1.738958 0.005305
v -0.135444 1.741977 0.005304
v 0.120543 1.561221 0.014768
v 0.125016 1.561291 0.015293
v 0.120543 1.745869 0.005289
v 0.125022 1.745437 0.005290
v -0.147786 2.466901 7.012230
v -0.147786 2.467803 7.015858
v -0.136086 2.652669 7.012261
v -0.135446 2.653152 7.015942
v 0.130780 2.459005 7.012261
v 0.130140 2.459485 7.015929
v 0.142480 2.644764 7.012230
v 0.142480 2.644814 7.015858
v 0.091946 1.814844 1.365734
v 0.096425 1.815271 1.365734
v -0.067725 1.807044 1.356134
v -0.072205 1.807044 1.355610
v 0.113884 1.814844 1.216878
v 0.113884 1.815271 1.213203
v -0.077962 1.807044 1.216878
v -0.077323 1.807044 1.213203
v 0.102184 3.611540 1.365735
v 0.101544 3.614525 1.365735
v -0.089664 3.611540 1.356135
v -0.089664 3.614525 1.355610
v 0.113884 3.611540 1.208478
v 0.113884 3.614525 1.209003
v -0.077964 3.611540 1.198878
v -0.077324 3.614525 1.198878
v -3.551212 3.528995 1.376097
v -3.550571 3.526052 1.375459
v -3.562912 3.653979 1.393474
v -3.562912 3.656994 1.393595
v -3.551210 3.538906 1.203259
v -3.550570 3.539425 1.199640
v -3.562912 3.683661 1.234673
v -3.562910 3.683759 1.230963
v 3.565193 3.522273 1.374640
v 3.569672 3.522693 1.374730
v 3.565193 3.668382 1.396599
v 3.569672 3.668457 1.396083
v 3.565194 3.540091 1.194987
v 3.569673 3.540017 1.195504
v 3.565194 3.686200 1.216948
v 3.569673 3.685780 1.216856
v -3.898254 3.751505 0.014824
v -3.898177 3.748428 0.015337
v -3.887975 3.917281 0.005295
v -3.887331 3.920346 0.005294
v -3.630045 3.736704 0.014651
v -3.625487 3.736612 0.015173
v -3.631423 3.924270 0.005276
v -3.626904 3.923833 0.005277
v -2.875780 2.519161 7.012400
v -2.875246 2.518946 7.015985
v -2.863991 2.704814 7.012438
v -2.862809 2.704167 7.016069
v -2.597313 2.511171 7.012438
v -2.597406 2.510514 7.016104
v -2.585536 2.696837 7.012400
v -2.585000 2.695769 7.015993
v 3.882673 3.753163 0.005297
v 3.882028 3.750115 0.005296
v 3.892951 3.915531 0.014826
v 3.892874 3.918424 0.015339
v 3.626120 3.746180 0.005278
v 3.621602 3.746616 0.005279
v 3.624742 3.930394 0.014653
v 3.620188 3.930299 0.015174
v 2.858686 2.511171 7.012438
v 2.857500 2.510514 7.016104
v 2.870476 2.696837 7.012401
v 2.869941 2.695770 7.015987
v 2.580231 2.519162 7.012401
v 2.579695 2.518946 7.015993
v 2.592009 2.704814 7.012438
v 2.592108 2.704167 7.016070
v -0.136085 -1.573226 0.005305
v -0.135445 -1.570196 0.005304
v -0.147785 -1.738721 0.014905
v -0.147785 -1.741777 0.015423
v 0.120542 -1.566311 0.005290
v 0.125021 -1.566743 0.005291
v 0.120542 -1.753442 0.014768
v 0.125021 -1.753510 0.015293
v -0.136087 -2.457535 7.012261
v -0.135447 -2.458015 7.015929
v -0.147787 -2.643296 7.012231
v -0.147787 -2.643345 7.015859
v 0.142479 -2.465432 7.012231
v 0.142479 -2.466335 7.015859
v 0.130779 -2.651201 7.012261
v 0.130140 -2.651683 7.015944
v 0.091946 -1.805575 1.356135
v 0.096425 -1.805575 1.355610
v -0.067726 -1.813375 1.365735
v -0.072205 -1.813802 1.365735
v 0.102184 -1.805575 1.216878
v 0.101544 -1.805575 1.213203
v -0.089663 -1.813375 1.216878
v -0.089663 -1.813802 1.213203
v 0.113883 -3.610071 1.356136
v 0.113883 -3.613057 1.355610
v -0.077963 -3.610071 1.365736
v -0.077323 -3.613057 1.365736
v 0.102183 -3.610071 1.198878
v 0.101544 -3.613057 1.198878
v -0.089663 -3.610071 1.208478
v -0.089663 -3.613057 1.209003
v -3.887975 -3.751693 0.005296
v -3.887331 -3.748647 0.005295
v -3.898254 -3.914063 0.014825
v -3.898177 -3.916955 0.015337
v -3.631423 -3.744711 0.005276
v -3.626905 -3.745147 0.005277
v -3.630045 -3.928926 0.014652
v -3.625498 -3.928830 0.015173
v -2.863991 -2.509701 7.012438
v -2.862804 -2.509044 7.016101
v -2.875780 -2.695369 7.012400
v -2.875246 -2.694300 7.015985
v -2.585536 -2.517692 7.012400
v -2.585000 -2.517476 7.015991
v -2.597313 -2.703346 7.012438
v -2.597411 -2.702699 7.016069
v -3.562912 -3.528881 1.366642
v -3.562912 -3.526015 1.365487
v -3.551212 -3.651158 1.402926
v -3.550572 -3.654100 1.403565
v -3.562911 -3.545120 1.204925
v -3.562911 -3.546058 1.201397
v -3.551212 -3.689875 1.236339
v -3.550572 -3.690393 1.232720
v 3.565193 -3.514478 1.363517
v 3.569672 -3.514553 1.363000
v 3.565193 -3.657879 1.404386
v 3.569672 -3.657459 1.404294
v 3.565193 -3.547659 1.187199
v 3.569672 -3.548079 1.187290
v 3.565193 -3.691060 1.228067
v 3.569672 -3.690984 1.228584
v 3.892951 -3.750035 0.014827
v 3.892874 -3.746963 0.015339
v 3.882672 -3.915811 0.005298
v 3.882028 -3.918877 0.005296
v 3.624742 -3.735235 0.014654
v 3.620178 -3.735143 0.015175
v 3.626120 -3.922801 0.005278
v 3.621601 -3.922364 0.005279
v 2.870476 -2.517692 7.012401
v 2.869941 -2.517477 7.015986
v 2.858686 -2.703346 7.012438
v 2.857506 -2.702698 7.016069
v 2.592009 -2.509701 7.012438
v 2.592103 -2.509044 7.016104
v 2.580231 -2.695369 7.012401
v 2.579695 -2.694299 7.015993
v 0.120543 1.567780 0.005289
v -0.125847 1.567786 0.005289
v 0.130781 1.738958 0.005305
v 0.130769 1.574620 0.005305
v -0.125847 1.745869 0.005289
v -0.136084 1.574620 0.005305
v -0.136086 2.640311 7.030138
v -0.136086 2.475969 7.030122
v 0.120542 2.647223 7.030138
v -0.125848 2.647224 7.030138
v 0.130780 2.476043 7.030108
v 0.130780 2.640384 7.030122
v -0.125848 2.469134 7.030138
v 0.120542 2.469134 7.030138
v -0.147786 2.644753 7.012138
v -0.147784 1.748102 0.023289
v -0.147784 1.570238 0.023197
v 0.130780 2.652681 7.012353
v 0.130781 1.755986 0.023075
v 0.142480 2.466890 7.012138
v 0.142481 1.570250 0.023289
v 0.102184 1.807044 1.216878
v 0.102184 1.807044 1.347734
v -0.067725 1.807044 1.208478
v 0.091946 1.807044 1.208478
v -0.077962 1.807044 1.347734
v 0.091946 1.807044 1.356134
v -0.067726 3.626165 1.356135
v 0.091946 3.626165 1.356135
v -0.077964 3.626165 1.216878
v -0.077964 3.626165 1.347735
v 0.091946 3.626165 1.208478
v -0.067726 3.626165 1.208478
v 0.102184 3.626165 1.347735
v 0.102184 3.626165 1.216878
v -0.077964 3.611540 1.365735
v -0.077962 1.821669 1.365734
v 0.102184 1.821669 1.365734
v -0.089664 3.611540 1.208478
v -0.089662 1.821669 1.208478
v 0.102184 3.611540 1.198878
v 0.102184 1.821669 1.198878
v -3.562910 3.546587 1.204926
v -3.562912 3.524809 1.356912
v -3.562910 3.678124 1.224943
v -3.562910 3.554494 1.198111
v -3.562912 3.661886 1.386659
v -3.562912 3.530349 1.366643
v 3.587131 3.653980 1.393474
v 3.587131 3.530349 1.366644
v 3.587131 3.683661 1.234674
v 3.587131 3.661886 1.386660
v 3.587132 3.554494 1.198113
v 3.587132 3.678125 1.224944
v 3.587131 3.524812 1.356913
v 3.587132 3.546588 1.204926
v 3.565193 3.659346 1.404387
v -3.540974 3.659347 1.404387
v -3.540974 3.522273 1.374639
v 3.565194 3.692527 1.228068
v -3.540972 3.692527 1.228068
v 3.565194 3.549127 1.187200
v -3.540972 3.549127 1.187199
v -3.631361 3.746180 0.005276
v -3.877730 3.746182 0.005276
v -3.621109 3.917281 0.005295
v -3.621105 3.753024 0.005295
v -3.877668 3.924270 0.005276
v -3.887975 3.753024 0.005295
v -2.861451 2.686894 7.030097
v -2.861445 2.522632 7.030133
v -2.604887 2.693869 7.030157
v -2.851195 2.693871 7.030151
v -2.594575 2.522764 7.030168
v -2.594579 2.687025 7.030133
v -2.851134 2.515781 7.030146
v -2.604825 2.515780 7.030151
v -2.875797 2.696857 7.012286
v -3.897004 3.920890 0.023142
v -3.897020 3.743213 0.023027
v -2.597296 2.704793 7.012554
v -3.618564 3.928901 0.022875
v -2.585553 2.519182 7.012286
v -3.606758 3.743192 0.023142
v 3.872365 3.746180 0.005278
v 3.615807 3.753163 0.005297
v 3.615812 3.917419 0.005297
v 3.626057 3.924270 0.005278
v 3.872427 3.924267 0.005278
v 3.882673 3.917419 0.005297
v 2.856136 2.522764 7.030170
v 2.856141 2.687026 7.030133
v 2.845829 2.693872 7.030146
v 2.599521 2.693871 7.030153
v 2.589281 2.686895 7.030098
v 2.589276 2.522633 7.030133
v 2.599583 2.515781 7.030159
v 2.845891 2.515782 7.030153
v 3.891716 3.920889 0.023029
v 2.870493 2.519182 7.012286
v 3.891700 3.743213 0.023144
v 3.613261 3.928880 0.022992
v 3.601455 3.743213 0.023029
v -0.125848 -1.566311 0.005290
v 0.130780 -1.573226 0.005305
v 0.130780 -1.737565 0.005305
v 0.120542 -1.744401 0.005290
v -0.125848 -1.744403 0.005290
v -0.136085 -1.737565 0.005305
v -0.136087 -2.474574 7.030109
v -0.136087 -2.638916 7.030124
v -0.125849 -2.645754 7.030139
v 0.120541 -2.645754 7.030139
v 0.130779 -2.638842 7.030138
v 0.130779 -2.474500 7.030124
v 0.120541 -2.467664 7.030139
v -0.125849 -2.467664 7.030139
v -0.147785 -1.746633 0.023198
v -0.147787 -2.465420 7.012139
v -0.147785 -1.568769 0.023290
v 0.130780 -1.754530 0.023168
v 0.142480 -1.568769 0.023198
v 0.102184 -1.805575 1.347735
v 0.091946 -1.805575 1.208478
v -0.067726 -1.805575 1.208478
v -0.077963 -1.805575 1.216878
v -0.077963 -1.805575 1.347735
v -0.067726 -1.805575 1.356135
v 0.091945 -3.624696 1.356136
v -0.067726 -3.624696 1.356136
v -0.077963 -3.624696 1.347736
v -0.077963 -3.624696 1.216878
v -0.067726 -3.624696 1.208478
v 0.091945 -3.624696 1.208478
v 0.102183 -3.624696 1.216878
v 0.102183 -3.624696 1.347736
v -0.077963 -1.820200 1.365735
v 0.102183 -3.610071 1.365736
v 0.102184 -1.820200 1.365735
v -0.089663 -1.820200 1.208478
v 0.102184 -1.820200 1.198878
v -3.877668 -3.744711 0.005276
v -3.621110 -3.751693 0.005296
v -3.621128 -3.915950 0.005296
v -3.631361 -3.922801 0.005276
v -3.877730 -3.922799 0.005276
v -3.887975 -3.915950 0.005296
v -2.861440 -2.521294 7.030168
v -2.861445 -2.685558 7.030132
v -2.851134 -2.692402 7.030145
v -2.604825 -2.692402 7.030151
v -2.594585 -2.685425 7.030097
v -2.594579 -2.521163 7.030132
v -2.604887 -2.514310 7.030157
v -2.851195 -2.514311 7.030151
v -3.897019 -3.919421 0.023028
v -2.875797 -2.517712 7.012284
v -3.897003 -3.741744 0.023143
v -3.618564 -3.927412 0.022990
v -3.606758 -3.741744 0.023028
v -3.562912 -3.523345 1.356911
v -3.562911 -3.553026 1.198111
v -3.562911 -3.676657 1.224940
v -3.562912 -3.682193 1.234673
v -3.562912 -3.660423 1.386660
v -3.562912 -3.652512 1.393472
v 3.587131 -3.528881 1.366643
v 3.587131 -3.652512 1.393473
v 3.587131 -3.660418 1.386659
v 3.587131 -3.682192 1.234673
v 3.587131 -3.676657 1.224942
v 3.587131 -3.553026 1.198112
v 3.587131 -3.545120 1.204926
v 3.587131 -3.523345 1.356912
v -3.540975 -3.657879 1.404385
v 3.565193 -3.520806 1.374639
v -3.540975 -3.520806 1.374638
v -3.540973 -3.691060 1.228067
v -3.540973 -3.547659 1.187199
v 3.626058 -3.744711 0.005278
v 3.872427 -3.744721 0.005278
v 3.615806 -3.915811 0.005298
v 3.615789 -3.751555 0.005298
v 3.872364 -3.922801 0.005278
v 3.882672 -3.751555 0.005298
v 2.856146 -2.685426 7.030098
v 2.856141 -2.521163 7.030133
v 2.599583 -2.692400 7.030158
v 2.845891 -2.692402 7.030152
v 2.589270 -2.521294 7.030168
v 2.589276 -2.685558 7.030133
v 2.845829 -2.514312 7.030146
v 2.599521 -2.514311 7.030152
v 2.870493 -2.695390 7.012286
v 3.891699 -3.919421 0.023145
v 3.891717 -3.741744 0.023030
v 2.591992 -2.703325 7.012554
v 3.613261 -3.927431 0.022877
v 2.580248 -2.517712 7.012286
v 3.601455 -3.741723 0.023145
v -0.147784 1.570193 0.019569
v -0.143397 1.565212 0.016902
v -0.143397 1.565290 0.023121
v -0.136084 1.562224 0.015301
v -0.136084 1.562321 0.023075
v -0.125847 1.561227 0.014768
v -0.147784 1.571134 0.016978
v -0.143397 1.566826 0.012459
v -0.136084 1.564241 0.009748
v -0.125847 1.563379 0.008843
v -0.143397 1.570131 0.009793
v -0.136084 1.568372 0.006416
v -0.143397 1.575128 0.008905
v -0.130326 1.745432 0.005296
v -0.133526 1.750463 0.008870
v -0.125847 1.751210 0.008843
v -0.135444 1.753981 0.014828
v -0.125847 1.754910 0.014768
v -0.136084 1.755986 0.023168
v -0.133526 1.744135 0.005301
v -0.139009 1.748241 0.008889
v -0.142301 1.751205 0.014870
v -0.143397 1.753029 0.023243
v -0.142301 1.744542 0.008901
v -0.146413 1.746584 0.014896
v -0.143397 1.739366 0.008905
v -0.147784 1.740114 0.014905
v 0.130135 1.561847 0.019493
v 0.130781 1.562334 0.023168
v 0.136988 1.564459 0.016944
v 0.138093 1.565306 0.023244
v 0.141099 1.569169 0.015415
v 0.142469 1.575977 0.014905
v 0.128214 1.561499 0.016867
v 0.133694 1.563854 0.012444
v 0.136982 1.568397 0.009790
v 0.138078 1.575128 0.008905
v 0.128213 1.563491 0.009744
v 0.130130 1.567934 0.006415
v 0.120543 1.563370 0.008844
v 0.130141 1.741982 0.005298
v 0.136996 1.744548 0.008879
v 0.138093 1.739366 0.008905
v 0.141110 1.746588 0.014845
v 0.142481 1.740114 0.014905
v 0.142481 1.748102 0.023198
v 0.128221 1.744142 0.005294
v 0.133706 1.748249 0.008860
v 0.136996 1.751212 0.014802
v 0.138093 1.753029 0.023121
v 0.128221 1.750470 0.008847
v 0.130141 1.753986 0.014776
v 0.120543 1.751210 0.008844
v 0.120543 1.754910 0.014768
v -0.147786 2.471759 7.020004
v -0.147786 2.474813 7.020523
v -0.143398 2.470300 7.025635
v -0.143398 2.475536 7.026523
v -0.136086 2.469426 7.029012
v -0.147786 2.469422 7.018450
v -0.143398 2.466295 7.022969
v -0.136086 2.464419 7.025681
v -0.125848 2.463794 7.026584
v -0.143398 2.463520 7.018526
v -0.136086 2.460949 7.020127
v -0.125848 2.460092 7.020661
v -0.143398 2.461974 7.012306
v -0.136086 2.459017 7.012353
v -0.130327 2.653708 7.020142
v -0.125848 2.653782 7.020661
v -0.133527 2.651495 7.025696
v -0.125848 2.651633 7.026584
v -0.135446 2.647028 7.029027
v -0.133527 2.653499 7.018570
v -0.139011 2.651125 7.022999
v -0.142302 2.646551 7.025656
v -0.143398 2.639776 7.026543
v -0.142302 2.650526 7.018496
v -0.146414 2.645793 7.020027
v -0.147786 2.638952 7.020538
v -0.143398 2.649697 7.012184
v 0.125021 2.460028 7.020129
v 0.120542 2.460092 7.020661
v 0.128220 2.463696 7.025673
v 0.120542 2.463794 7.026584
v 0.130140 2.469034 7.028999
v 0.128220 2.459826 7.018552
v 0.133705 2.463357 7.022969
v 0.136995 2.468627 7.025620
v 0.138092 2.475634 7.026504
v 0.136995 2.462778 7.018473
v 0.141108 2.467912 7.019999
v 0.142480 2.474886 7.020508
v 0.138092 2.461958 7.012184
v 0.142480 2.641944 7.020004
v 0.142480 2.639026 7.020523
v 0.138092 2.644877 7.025635
v 0.138092 2.639874 7.026523
v 0.130780 2.646636 7.029012
v 0.142480 2.643873 7.018450
v 0.138092 2.648184 7.022969
v 0.130780 2.650770 7.025681
v 0.120542 2.651632 7.026584
v 0.138092 2.649796 7.018526
v 0.130780 2.652785 7.020127
v 0.120542 2.653783 7.020661
v 0.138092 2.649713 7.012306
v 0.101544 1.818683 1.365734
v 0.108400 1.816551 1.362134
v 0.109496 1.821669 1.362134
v 0.112513 1.815271 1.356134
v 0.113884 1.821669 1.356134
v 0.113884 1.814844 1.347734
v 0.099625 1.816551 1.365734
v 0.105109 1.812894 1.362134
v 0.108400 1.810701 1.356134
v 0.109496 1.809969 1.347734
v 0.099625 1.810701 1.362134
v 0.101544 1.807958 1.356134
v 0.091946 1.809969 1.362134
v -0.077323 1.807044 1.351410
v -0.084178 1.809969 1.354035
v -0.085275 1.809969 1.347734
v -0.088292 1.814844 1.355610
v -0.089662 1.814844 1.347734
v -0.089662 1.821669 1.356134
v -0.075404 1.807044 1.354035
v -0.080887 1.809969 1.358534
v -0.084178 1.814844 1.361235
v -0.085275 1.821669 1.362134
v -0.075404 1.809969 1.361235
v -0.077323 1.814844 1.364610
v -0.067725 1.809969 1.362134
v -0.067725 1.814844 1.365734
v 0.113884 1.818683 1.209003
v 0.113884 1.821669 1.208478
v 0.109496 1.816551 1.203378
v 0.109496 1.821669 1.202478
v 0.102184 1.815271 1.200003
v 0.091946 1.814844 1.198878
v 0.113884 1.816551 1.210578
v 0.109496 1.812894 1.206078
v 0.102184 1.810701 1.203378
v 0.091946 1.809969 1.202478
v 0.109496 1.810701 1.210578
v 0.102184 1.807958 1.209003
v 0.109496 1.809969 1.216878
v -0.072205 1.807044 1.209003
v -0.075404 1.809969 1.203378
v -0.067725 1.809969 1.202478
v -0.077323 1.814844 1.200003
v -0.067725 1.814844 1.198878
v -0.077962 1.821669 1.198878
v -0.075404 1.807044 1.210578
v -0.080887 1.809969 1.206078
v -0.084178 1.814844 1.203378
v -0.085275 1.821669 1.202478
v -0.084178 1.809969 1.210578
v -0.088292 1.814844 1.209003
v -0.085275 1.809969 1.216878
v -0.089662 1.814844 1.216878
v 0.096425 3.617938 1.365735
v 0.091946 3.618365 1.365735
v 0.099625 3.622508 1.362135
v 0.091946 3.623240 1.362135
v 0.101544 3.625250 1.356135
v 0.099625 3.616658 1.365735
v 0.105109 3.620315 1.362135
v 0.108400 3.622508 1.356135
v 0.109496 3.623240 1.347735
v 0.108400 3.616658 1.362135
v 0.112512 3.617938 1.356135
v 0.113884 3.618365 1.347735
v 0.109496 3.611540 1.362135
v 0.113884 3.611540 1.356135
v -0.089664 3.617938 1.351410
v -0.089664 3.618365 1.347735
v -0.085276 3.622508 1.354035
v -0.085276 3.623240 1.347735
v -0.077964 3.625250 1.355610
v -0.089664 3.616658 1.354035
v -0.085276 3.620315 1.358535
v -0.077964 3.622508 1.361235
v -0.067726 3.623240 1.362135
v -0.085276 3.616658 1.361235
v -0.077964 3.617938 1.364610
v -0.067726 3.618365 1.365735
v -0.085276 3.611540 1.362135
v 0.113884 3.617938 1.213203
v 0.113884 3.618365 1.216878
v 0.109496 3.622508 1.210578
v 0.109496 3.623240 1.216878
v 0.102184 3.625250 1.209003
v 0.113884 3.616658 1.210578
v 0.109496 3.620315 1.206078
v 0.102184 3.622508 1.203378
v 0.091946 3.623240 1.202478
v 0.109496 3.616658 1.203378
v 0.102184 3.617938 1.200003
v 0.091946 3.618365 1.198878
v 0.109496 3.611540 1.202478
v -0.072205 3.617938 1.198878
v -0.067726 3.618365 1.198878
v -0.075404 3.622508 1.202478
v -0.067726 3.623240 1.202478
v -0.077324 3.625250 1.208478
v -0.075404 3.616658 1.198878
v -0.080889 3.620315 1.202478
v -0.084179 3.622508 1.208478
v -0.085276 3.623240 1.216878
v -0.084179 3.616658 1.202478
v -0.088292 3.617938 1.208478
v -0.089664 3.618365 1.216878
v -0.085276 3.611540 1.202478
v -3.545453 3.522691 1.374730
v -3.548652 3.518697 1.370207
v -3.540974 3.517980 1.370051
v -3.550571 3.516842 1.363711
v -3.540974 3.515947 1.363518
v -3.551212 3.517128 1.355244
v -3.548652 3.523951 1.375003
v -3.554137 3.520856 1.370675
v -3.557427 3.519542 1.364298
v -3.558524 3.520006 1.355869
v -3.557427 3.524458 1.371458
v -3.561540 3.524044 1.365275
v -3.558524 3.529503 1.372552
v -3.562912 3.660947 1.390187
v -3.558524 3.665078 1.393750
v -3.558524 3.666687 1.387701
v -3.551212 3.667556 1.395887
v -3.551212 3.669568 1.388327
v -3.540974 3.668383 1.396599
v -3.562912 3.659317 1.392499
v -3.558524 3.662282 1.397713
v -3.551212 3.664062 1.400840
v -3.540974 3.664655 1.401883
v -3.558524 3.658301 1.399590
v -3.551212 3.659085 1.403187
v -3.558524 3.653133 1.399382
v -3.551212 3.652625 1.402928
v -3.545451 3.540017 1.195503
v -3.540972 3.540092 1.194987
v -3.548651 3.543692 1.190589
v -3.540972 3.543818 1.189703
v -3.550570 3.548969 1.188306
v -3.551210 3.555849 1.188656
v -3.548651 3.539795 1.197054
v -3.554135 3.543311 1.193247
v -3.557426 3.548493 1.191630
v -3.558522 3.555341 1.192202
v -3.557426 3.542676 1.197679
v -3.561539 3.547699 1.197169
v -3.558522 3.541786 1.203885
v -3.562910 3.680991 1.226097
v -3.558522 3.683885 1.221014
v -3.558522 3.678971 1.219034
v -3.551210 3.685622 1.217963
v -3.551210 3.679479 1.215488
v -3.540972 3.686200 1.216947
v -3.562910 3.682869 1.228105
v -3.558522 3.687104 1.224455
v -3.551210 3.689646 1.222264
v -3.540972 3.690493 1.221535
v -3.558522 3.688630 1.229355
v -3.551210 3.691553 1.228390
v -3.558524 3.688462 1.235716
v -3.551212 3.691342 1.236341
v 3.574790 3.526054 1.375460
v 3.575430 3.528995 1.376098
v 3.581647 3.524461 1.371459
v 3.582743 3.529503 1.372552
v 3.585759 3.524048 1.365276
v 3.572872 3.523954 1.375004
v 3.578356 3.520861 1.370677
v 3.581647 3.519547 1.364300
v 3.582743 3.520011 1.355871
v 3.572872 3.518700 1.370209
v 3.574790 3.516846 1.363713
v 3.575430 3.517131 1.355245
v 3.565193 3.517980 1.370051
v 3.565193 3.515946 1.363518
v 3.574790 3.669049 1.391946
v 3.575430 3.669567 1.388327
v 3.581647 3.665798 1.393906
v 3.582743 3.666687 1.387702
v 3.585759 3.660775 1.394415
v 3.572872 3.668679 1.394531
v 3.578356 3.665163 1.398338
v 3.581647 3.659981 1.399955
v 3.582743 3.653133 1.399382
v 3.572872 3.664782 1.400997
v 3.574790 3.659505 1.403279
v 3.575430 3.652625 1.402928
v 3.565193 3.664655 1.401883
v 3.574792 3.539424 1.199641
v 3.575432 3.538905 1.203260
v 3.581648 3.542675 1.197680
v 3.582744 3.541787 1.203885
v 3.585760 3.547698 1.197172
v 3.572873 3.539794 1.197055
v 3.578357 3.543310 1.193249
v 3.581648 3.548492 1.191633
v 3.582744 3.555340 1.192204
v 3.572873 3.543691 1.190590
v 3.574792 3.548968 1.188308
v 3.575432 3.555848 1.188659
v 3.565194 3.543818 1.189704
v 3.574792 3.682419 1.216127
v 3.575432 3.679478 1.215488
v 3.581648 3.684012 1.220128
v 3.582744 3.678971 1.219034
v 3.585760 3.684425 1.226310
v 3.572873 3.684520 1.216583
v 3.578357 3.687613 1.220910
v 3.581648 3.688927 1.227287
v 3.582743 3.688461 1.235716
v 3.572873 3.689773 1.221378
v 3.574792 3.691627 1.227873
v 3.575430 3.691342 1.236341
v 3.565194 3.690493 1.221535
v -3.897559 3.744283 0.019438
v -3.893551 3.740073 0.016780
v -3.892615 3.738241 0.022931
v -3.886448 3.737548 0.015183
v -3.885259 3.735257 0.022875
v -3.876248 3.736706 0.014651
v -3.897945 3.746021 0.016875
v -3.894220 3.743053 0.012384
v -3.887296 3.741273 0.009690
v -3.877174 3.740679 0.008791
v -3.894622 3.747180 0.009748
v -3.887805 3.746432 0.006393
v -3.894755 3.752455 0.008868
v -3.882177 3.923840 0.005285
v -3.884819 3.927777 0.008825
v -3.877092 3.928516 0.008791
v -3.885841 3.929464 0.014727
v -3.876186 3.930394 0.014651
v -3.885243 3.928901 0.022989
v -3.885398 3.922533 0.005290
v -3.890339 3.925532 0.008849
v -3.892737 3.926654 0.014781
v -3.892593 3.925896 0.023085
v -3.893652 3.921783 0.008863
v -3.896875 3.921964 0.014813
v -3.894755 3.916526 0.008868
v -3.898254 3.915393 0.014824
v -3.619745 3.735878 0.019342
v -3.618564 3.735236 0.022990
v -3.613211 3.739291 0.016832
v -3.611185 3.738213 0.023085
v -3.609290 3.744499 0.015326
v -3.607983 3.751505 0.014824
v -3.622054 3.736337 0.016735
v -3.617167 3.740061 0.012365
v -3.614235 3.745433 0.009743
v -3.613258 3.752455 0.008868
v -3.623052 3.740522 0.009685
v -3.621592 3.745993 0.006392
v -3.630867 3.740676 0.008791
v -3.621748 3.920338 0.005286
v -3.614361 3.921772 0.008835
v -3.613265 3.916526 0.008868
v -3.609364 3.921956 0.014748
v -3.607988 3.915393 0.014824
v -3.606758 3.920890 0.023027
v -3.623679 3.922522 0.005281
v -3.617675 3.925519 0.008811
v -3.613509 3.926644 0.014694
v -3.611185 3.925896 0.022932
v -3.623204 3.927767 0.008796
v -3.620424 3.929456 0.014662
v -3.630950 3.928516 0.008791
v -3.630108 3.930394 0.014651
v -2.874639 2.521626 7.020088
v -2.874566 2.524520 7.020605
v -2.869404 2.518378 7.025675
v -2.869291 2.523340 7.026560
v -2.861569 2.516431 7.029028
v -2.874865 2.519768 7.018549
v -2.869785 2.515194 7.023036
v -2.862032 2.512451 7.025731
v -2.851605 2.511536 7.026628
v -2.870433 2.513786 7.018644
v -2.862834 2.510690 7.020238
v -2.852449 2.509657 7.020769
v -2.871347 2.514154 7.012496
v -2.863973 2.511150 7.012554
v -2.857069 2.703433 7.020237
v -2.852509 2.703347 7.020777
v -2.859504 2.699499 7.025714
v -2.851688 2.699373 7.026636
v -2.860964 2.693985 7.029002
v -2.860502 2.703706 7.018670
v -2.865389 2.699951 7.023025
v -2.868321 2.694522 7.025638
v -2.869298 2.687420 7.026512
v -2.869345 2.700730 7.018569
v -2.873266 2.695479 7.020068
v -2.874572 2.688414 7.020567
v -2.871370 2.701837 7.012342
v -2.601902 2.509757 7.020272
v -2.606307 2.509657 7.020777
v -2.597832 2.511729 7.025771
v -2.605381 2.511534 7.026636
v -2.595389 2.516065 7.029071
v -2.598937 2.510043 7.018714
v -2.592746 2.512235 7.023100
v -2.589031 2.516726 7.025732
v -2.587794 2.523516 7.026607
v -2.590123 2.513053 7.018624
v -2.585753 2.517766 7.020137
v -2.584296 2.524651 7.020639
v -2.589963 2.514181 7.012342
v -2.584382 2.691622 7.020093
v -2.584301 2.688546 7.020605
v -2.587949 2.692871 7.025686
v -2.587801 2.687596 7.026560
v -2.594784 2.693619 7.029039
v -2.584615 2.694031 7.018557
v -2.588355 2.696999 7.023050
v -2.595305 2.698778 7.025745
v -2.605463 2.699372 7.026644
v -2.589019 2.699978 7.018653
v -2.596142 2.702504 7.020251
v -2.606369 2.703346 7.020782
v -2.589939 2.701810 7.012496
v 3.876874 3.746624 0.005286
v 3.879516 3.741435 0.008828
v 3.871788 3.740677 0.008793
v 3.880537 3.737645 0.014729
v 3.870884 3.736704 0.014653
v 3.879939 3.735257 0.022992
v 3.880095 3.747936 0.005292
v 3.885036 3.743680 0.008851
v 3.887434 3.740449 0.014783
v 3.887289 3.738240 0.023087
v 3.888348 3.747416 0.008865
v 3.891572 3.745115 0.014815
v 3.889453 3.752639 0.008870
v 3.892951 3.751643 0.014826
v 3.892257 3.921103 0.019441
v 3.888249 3.926263 0.016781
v 3.887312 3.925897 0.022934
v 3.881144 3.929358 0.015185
v 3.879956 3.928901 0.022877
v 3.870945 3.930391 0.014653
v 3.892642 3.920282 0.016877
v 3.888917 3.924854 0.012387
v 3.881994 3.927598 0.009692
v 3.871872 3.928513 0.008793
v 3.889318 3.921670 0.009749
v 3.882503 3.923618 0.006396
v 3.889451 3.916711 0.008870
v 3.616445 3.750108 0.005288
v 3.609057 3.747406 0.008837
v 3.607961 3.752639 0.008870
v 3.604061 3.745107 0.014751
v 3.602686 3.751643 0.014826
v 3.618376 3.747926 0.005283
v 3.612372 3.743667 0.008813
v 3.608207 3.740439 0.014696
v 3.605882 3.738240 0.022934
v 3.617902 3.741424 0.008799
v 3.615122 3.737638 0.014664
v 3.613261 3.735257 0.022877
v 3.625648 3.740677 0.008793
v 3.624804 3.736704 0.014653
v 3.614448 3.929543 0.019344
v 3.607917 3.927027 0.016833
v 3.605883 3.925869 0.023087
v 3.603997 3.922357 0.015328
v 3.601455 3.920869 0.023144
v 3.602691 3.915531 0.014826
v 3.616757 3.930015 0.016738
v 3.611875 3.927855 0.012367
v 3.608945 3.923420 0.009745
v 3.607968 3.916711 0.008870
v 3.617758 3.928351 0.009687
v 3.616299 3.924057 0.006394
v 3.625564 3.928516 0.008793
v 2.851760 2.509758 7.020273
v 2.847206 2.509658 7.020777
v 2.854191 2.511730 7.025771
v 2.846384 2.511534 7.026636
v 2.855649 2.516065 7.029071
v 2.855191 2.510043 7.018714
v 2.860074 2.512236 7.023100
v 2.863003 2.516727 7.025732
v 2.863979 2.523516 7.026608
v 2.864032 2.513053 7.018626
v 2.867950 2.517766 7.020137
v 2.869257 2.524652 7.020639
v 2.866066 2.514182 7.012344
v 2.869335 2.691624 7.020089
v 2.869263 2.688546 7.020605
v 2.864100 2.692873 7.025676
v 2.863986 2.687596 7.026560
v 2.856266 2.693622 7.029029
v 2.869561 2.694032 7.018549
v 2.864481 2.697001 7.023036
v 2.856728 2.698783 7.025731
v 2.846302 2.699376 7.026628
v 2.865128 2.699980 7.018644
v 2.857529 2.702506 7.020238
v 2.847144 2.703348 7.020772
v 2.866043 2.701810 7.012496
v 2.858670 2.704794 7.012554
v 2.579078 2.521625 7.020095
v 2.578998 2.524520 7.020605
v 2.582645 2.518378 7.025686
v 2.582497 2.523340 7.026560
v 2.589480 2.516430 7.029041
v 2.579310 2.519767 7.018557
v 2.583052 2.515193 7.023050
v 2.590000 2.512449 7.025747
v 2.600159 2.511533 7.026644
v 2.583715 2.513785 7.018654
v 2.590838 2.510689 7.020251
v 2.601064 2.509656 7.020782
v 2.584636 2.514154 7.012496
v 2.591992 2.511151 7.012554
v 2.596604 2.703434 7.020238
v 2.601003 2.703347 7.020777
v 2.592536 2.699500 7.025715
v 2.600076 2.699375 7.026636
v 2.590095 2.693987 7.029002
v 2.593639 2.703707 7.018670
v 2.587453 2.699951 7.023026
v 2.583741 2.694522 7.025640
v 2.582503 2.687420 7.026513
v 2.584826 2.700731 7.018569
v 2.580459 2.695480 7.020068
v 2.579002 2.688414 7.020570
v 2.584658 2.701838 7.012344
v 2.580248 2.696857 7.012286
v -0.130327 -1.566738 0.005296
v -0.133525 -1.562636 0.008871
v -0.125848 -1.561902 0.008845
v -0.135445 -1.560675 0.014828
v -0.125848 -1.559752 0.014768
v -0.136085 -1.560853 0.023168
v -0.133525 -1.568034 0.005301
v -0.139010 -1.564858 0.008890
v -0.142300 -1.563454 0.014871
v -0.143398 -1.563821 0.023245
v -0.142300 -1.568566 0.008901
v -0.146414 -1.568090 0.014896
v -0.143398 -1.573761 0.008905
v -0.147785 -1.574584 0.014905
v -0.147785 -1.745732 0.019570
v -0.143398 -1.750017 0.016902
v -0.143398 -1.751561 0.023122
v -0.136085 -1.752587 0.015302
v -0.136085 -1.754517 0.023076
v -0.125848 -1.753444 0.014768
v -0.147785 -1.744113 0.016979
v -0.143398 -1.747242 0.012460
v -0.136085 -1.749119 0.009748
v -0.125848 -1.749744 0.008845
v -0.143398 -1.743235 0.009793
v -0.136085 -1.744110 0.006416
v -0.143398 -1.737999 0.008905
v 0.130140 -1.570201 0.005298
v 0.136996 -1.568572 0.008878
v 0.138092 -1.573761 0.008905
v 0.141110 -1.568095 0.014845
v 0.142480 -1.574584 0.014905
v 0.128221 -1.568039 0.005294
v 0.133705 -1.564866 0.008860
v 0.136996 -1.563460 0.014802
v 0.138092 -1.563821 0.023122
v 0.128221 -1.562642 0.008847
v 0.130141 -1.560679 0.014776
v 0.130780 -1.560853 0.023076
v 0.120542 -1.561902 0.008845
v 0.120542 -1.559752 0.014768
v 0.130140 -1.754054 0.019493
v 0.136996 -1.750773 0.016944
v 0.138092 -1.751577 0.023245
v 0.141109 -1.745663 0.015415
v 0.142480 -1.746645 0.023290
v 0.142480 -1.738721 0.014905
v 0.128221 -1.753714 0.016867
v 0.133705 -1.750200 0.012445
v 0.136996 -1.744962 0.009790
v 0.138092 -1.737999 0.008905
v 0.128221 -1.749856 0.009744
v 0.130140 -1.744541 0.006415
v 0.120542 -1.749741 0.008845
v -0.130328 -2.458560 7.020129
v -0.125849 -2.458623 7.020661
v -0.133527 -2.462227 7.025673
v -0.125849 -2.462324 7.026585
v -0.135447 -2.467566 7.028999
v -0.133527 -2.458357 7.018552
v -0.139012 -2.461889 7.022970
v -0.142302 -2.467157 7.025620
v -0.143399 -2.474164 7.026504
v -0.142302 -2.461309 7.018473
v -0.146415 -2.466443 7.019999
v -0.147787 -2.473417 7.020509
v -0.143399 -2.460488 7.012185
v -0.147787 -2.640476 7.020005
v -0.147787 -2.637556 7.020524
v -0.143399 -2.643409 7.025635
v -0.143399 -2.638406 7.026524
v -0.136087 -2.645168 7.029013
v -0.147787 -2.642405 7.018451
v -0.143399 -2.646716 7.022970
v -0.136087 -2.649302 7.025681
v -0.125849 -2.650165 7.026585
v -0.143399 -2.648327 7.018527
v -0.136087 -2.651317 7.020127
v -0.125849 -2.652313 7.020661
v -0.143399 -2.648245 7.012307
v -0.136087 -2.651212 7.012353
v 0.142479 -2.470290 7.020005
v 0.142479 -2.473344 7.020524
v 0.138091 -2.468831 7.025635
v 0.138091 -2.474066 7.026524
v 0.130779 -2.467956 7.029013
v 0.142479 -2.467953 7.018451
v 0.138091 -2.464826 7.022970
v 0.130779 -2.462949 7.025681
v 0.120541 -2.462324 7.026585
v 0.138091 -2.462050 7.018527
v 0.130779 -2.459481 7.020127
v 0.120541 -2.458623 7.020661
v 0.138091 -2.460504 7.012307
v 0.130779 -2.457548 7.012353
v 0.125021 -2.652238 7.020144
v 0.120541 -2.652313 7.020661
v 0.128220 -2.650025 7.025696
v 0.120541 -2.650162 7.026585
v 0.130139 -2.645558 7.029028
v 0.128220 -2.652029 7.018570
v 0.133704 -2.649656 7.023000
v 0.136995 -2.645082 7.025658
v 0.138091 -2.638307 7.026543
v 0.136995 -2.649057 7.018496
v 0.141109 -2.644324 7.020029
v 0.142479 -2.637482 7.020538
v 0.138091 -2.648228 7.012185
v 0.142479 -2.643282 7.012139
v 0.101544 -1.805575 1.351410
v 0.108399 -1.808500 1.354035
v 0.109496 -1.808500 1.347735
v 0.112513 -1.813375 1.355610
v 0.113884 -1.813375 1.347735
v 0.113884 -1.820200 1.356135
v 0.099624 -1.805575 1.354035
v 0.105109 -1.808500 1.358535
v 0.108399 -1.813375 1.361235
v 0.109496 -1.820200 1.362135
v 0.099624 -1.808500 1.361235
v 0.101544 -1.813375 1.364610
v 0.091946 -1.808500 1.362135
v 0.091946 -1.813375 1.365735
v -0.077323 -1.817214 1.365735
v -0.084178 -1.815082 1.362135
v -0.085276 -1.820200 1.362135
v -0.088292 -1.813802 1.356135
v -0.089663 -1.820200 1.356135
v -0.089663 -1.813375 1.347735
v -0.075403 -1.815082 1.365735
v -0.080888 -1.811425 1.362135
v -0.084180 -1.809232 1.356135
v -0.085276 -1.808500 1.347735
v -0.075403 -1.809232 1.362135
v -0.077323 -1.806489 1.356135
v -0.067726 -1.808500 1.362135
v 0.096425 -1.805575 1.209003
v 0.099624 -1.808500 1.203378
v 0.091946 -1.808500 1.202478
v 0.101544 -1.813375 1.200003
v 0.091946 -1.813375 1.198878
v 0.099624 -1.805575 1.210578
v 0.105109 -1.808500 1.206078
v 0.108399 -1.813375 1.203378
v 0.109496 -1.820200 1.202478
v 0.108399 -1.808500 1.210578
v 0.112513 -1.813375 1.209003
v 0.113884 -1.820200 1.208478
v 0.109496 -1.808500 1.216878
v 0.113884 -1.813375 1.216878
v -0.089663 -1.817214 1.209003
v -0.085276 -1.815082 1.203378
v -0.085276 -1.820200 1.202478
v -0.077963 -1.813802 1.200003
v -0.077963 -1.820200 1.198878
v -0.067726 -1.813375 1.198878
v -0.089663 -1.815082 1.210578
v -0.085276 -1.811425 1.206078
v -0.077963 -1.809232 1.203378
v -0.067726 -1.808500 1.202478
v -0.085276 -1.809232 1.210578
v -0.077963 -1.806489 1.209003
v -0.085276 -1.808500 1.216878
v 0.113883 -3.616469 1.351411
v 0.113883 -3.616896 1.347736
v 0.109495 -3.621039 1.354035
v 0.109495 -3.621771 1.347736
v 0.102183 -3.623782 1.355610
v 0.113883 -3.615189 1.354035
v 0.109495 -3.618846 1.358536
v 0.102183 -3.621039 1.361235
v 0.091945 -3.621771 1.362136
v 0.109495 -3.615189 1.361235
v 0.102183 -3.616469 1.364611
v 0.091945 -3.616896 1.365736
v 0.109495 -3.610071 1.362136
v -0.072204 -3.616469 1.365736
v -0.067726 -3.616896 1.365736
v -0.075404 -3.621039 1.362136
v -0.067726 -3.621771 1.362136
v -0.077323 -3.623782 1.356136
v -0.075404 -3.615189 1.365736
v -0.080888 -3.618846 1.362136
v -0.084179 -3.621039 1.356136
v -0.085276 -3.621771 1.347736
v -0.084179 -3.615189 1.362136
v -0.088292 -3.616469 1.356136
v -0.089663 -3.616896 1.347736
v -0.085276 -3.610071 1.362136
v -0.089663 -3.610071 1.356136
v 0.096425 -3.616469 1.198878
v 0.091945 -3.616896 1.198878
v 0.099624 -3.621039 1.202478
v 0.091945 -3.621771 1.202478
v 0.101544 -3.623782 1.208478
v 0.099624 -3.615189 1.198878
v 0.105108 -3.618846 1.202478
v 0.108399 -3.621039 1.208478
v 0.109495 -3.621771 1.216878
v 0.108399 -3.615189 1.202478
v 0.112513 -3.616469 1.208478
v 0.113883 -3.616896 1.216878
v 0.109495 -3.610071 1.202478
v 0.113883 -3.610071 1.208478
v -0.089663 -3.616469 1.213203
v -0.089663 -3.616896 1.216878
v -0.085276 -3.621039 1.210579
v -0.085276 -3.621771 1.216878
v -0.077963 -3.623782 1.209003
v -0.089663 -3.615189 1.210579
v -0.085276 -3.618846 1.206078
v -0.077963 -3.621039 1.203379
v -0.067726 -3.621771 1.202478
v -0.085276 -3.615189 1.203379
v -0.077963 -3.616469 1.200003
v -0.067726 -3.616896 1.198878
v -0.085276 -3.610071 1.202478
v -0.077963 -3.610071 1.198878
v -3.882177 -3.745155 0.005285
v -3.884819 -3.739966 0.008826
v -3.877091 -3.739208 0.008792
v -3.885840 -3.736176 0.014728
v -3.876185 -3.735235 0.014652
v -3.885242 -3.733788 0.022990
v -3.885398 -3.746467 0.005291
v -3.890339 -3.742213 0.008850
v -3.892737 -3.738980 0.014781
v -3.892592 -3.736771 0.023085
v -3.893651 -3.745947 0.008864
v -3.896874 -3.743646 0.014814
v -3.894755 -3.751170 0.008869
v -3.898254 -3.750174 0.014825
v -3.897560 -3.919634 0.019439
v -3.893552 -3.924794 0.016780
v -3.892616 -3.924428 0.022933
v -3.886447 -3.927891 0.015185
v -3.885260 -3.927431 0.022875
v -3.876248 -3.928923 0.014652
v -3.897945 -3.918813 0.016875
v -3.894220 -3.923386 0.012384
v -3.887297 -3.926130 0.009691
v -3.877175 -3.927044 0.008792
v -3.894621 -3.920202 0.009748
v -3.887806 -3.922149 0.006394
v -3.894755 -3.915242 0.008869
v -3.621748 -3.748639 0.005287
v -3.614361 -3.745936 0.008835
v -3.613264 -3.751170 0.008869
v -3.609365 -3.743638 0.014749
v -3.607989 -3.750174 0.014825
v -3.623679 -3.746456 0.005281
v -3.617674 -3.742198 0.008811
v -3.613510 -3.738970 0.014695
v -3.611185 -3.736771 0.022933
v -3.623204 -3.739955 0.008797
v -3.620425 -3.736169 0.014662
v -3.618564 -3.733788 0.022875
v -3.630951 -3.739208 0.008792
v -3.630107 -3.735235 0.014652
v -3.619756 -3.928073 0.019342
v -3.613229 -3.925558 0.016833
v -3.611185 -3.924400 0.023085
v -3.609313 -3.920889 0.015327
v -3.606758 -3.919400 0.023143
v -3.608006 -3.914063 0.014825
v -3.622067 -3.928546 0.016736
v -3.617191 -3.926386 0.012366
v -3.614264 -3.921951 0.009743
v -3.613289 -3.915242 0.008869
v -3.623070 -3.926882 0.009686
v -3.621613 -3.922589 0.006394
v -3.630867 -3.927048 0.008792
v -2.857064 -2.508288 7.020271
v -2.852509 -2.508188 7.020775
v -2.859494 -2.510259 7.025770
v -2.851688 -2.510064 7.026635
v -2.860953 -2.514595 7.029068
v -2.860495 -2.508574 7.018713
v -2.865377 -2.510766 7.023099
v -2.868307 -2.515257 7.025731
v -2.869284 -2.522045 7.026606
v -2.869335 -2.511583 7.018624
v -2.873255 -2.516296 7.020136
v -2.874562 -2.523182 7.020639
v -2.871370 -2.512712 7.012342
v -2.874639 -2.690155 7.020086
v -2.874566 -2.687078 7.020603
v -2.869404 -2.691404 7.025675
v -2.869291 -2.686128 7.026559
v -2.861569 -2.692152 7.029026
v -2.874865 -2.692562 7.018549
v -2.869785 -2.695530 7.023036
v -2.862032 -2.697313 7.025728
v -2.851605 -2.697907 7.026626
v -2.870433 -2.698511 7.018643
v -2.862834 -2.701036 7.020237
v -2.852449 -2.701880 7.020769
v -2.871347 -2.700341 7.012495
v -2.863973 -2.703325 7.012552
v -2.584382 -2.520155 7.020092
v -2.584301 -2.523050 7.020603
v -2.587949 -2.516908 7.025684
v -2.587801 -2.521871 7.026559
v -2.594784 -2.514960 7.029039
v -2.584615 -2.518297 7.018556
v -2.588355 -2.513722 7.023049
v -2.595305 -2.510978 7.025745
v -2.605463 -2.510063 7.026644
v -2.589019 -2.512315 7.018652
v -2.596142 -2.509219 7.020249
v -2.606369 -2.508186 7.020782
v -2.589939 -2.512685 7.012495
v -2.597296 -2.509681 7.012552
v -2.601908 -2.701963 7.020237
v -2.606307 -2.701878 7.020775
v -2.597840 -2.698029 7.025714
v -2.605381 -2.697906 7.026635
v -2.595400 -2.692517 7.028999
v -2.598943 -2.702238 7.018669
v -2.592757 -2.698483 7.023023
v -2.589045 -2.693053 7.025638
v -2.587808 -2.685952 7.026511
v -2.590131 -2.699261 7.018566
v -2.585763 -2.694011 7.020067
v -2.584307 -2.686944 7.020567
v -2.589963 -2.700370 7.012342
v -2.585553 -2.695390 7.012284
v -3.562912 -3.523247 1.360622
v -3.558525 -3.518376 1.362230
v -3.558525 -3.518545 1.355869
v -3.551212 -3.515453 1.363195
v -3.551212 -3.515664 1.355245
v -3.540975 -3.514479 1.363517
v -3.562912 -3.524137 1.363481
v -3.558525 -3.519901 1.367131
v -3.551212 -3.517360 1.369320
v -3.540975 -3.516513 1.370051
v -3.558525 -3.523120 1.370571
v -3.551212 -3.521385 1.373621
v -3.558525 -3.528034 1.372552
v -3.551212 -3.527527 1.376097
v -3.545453 -3.657461 1.404294
v -3.548652 -3.662471 1.401726
v -3.540975 -3.663187 1.401882
v -3.550572 -3.666019 1.396404
v -3.540975 -3.666915 1.396598
v -3.551212 -3.668104 1.388326
v -3.548652 -3.656202 1.404021
v -3.554137 -3.660313 1.401258
v -3.557427 -3.663321 1.395817
v -3.558525 -3.665226 1.387701
v -3.557427 -3.656710 1.400476
v -3.561541 -3.658818 1.394841
v -3.558525 -3.651665 1.399382
v -3.562911 -3.550012 1.197990
v -3.558523 -3.548705 1.191995
v -3.558523 -3.553873 1.192202
v -3.551211 -3.547921 1.188398
v -3.551211 -3.554380 1.188657
v -3.562911 -3.547689 1.199085
v -3.558523 -3.544724 1.193873
v -3.551211 -3.542944 1.190745
v -3.540973 -3.542351 1.189701
v -3.558523 -3.541929 1.197835
v -3.551211 -3.539450 1.195699
v -3.540973 -3.538624 1.194986
v -3.558523 -3.540319 1.203884
v -3.551211 -3.537438 1.203259
v -3.545453 -3.690986 1.228583
v -3.548652 -3.688899 1.222418
v -3.540973 -3.689025 1.221533
v -3.550572 -3.684574 1.218052
v -3.540973 -3.684732 1.216945
v -3.551211 -3.678012 1.215485
v -3.548652 -3.690763 1.230134
v -3.554136 -3.688519 1.225076
v -3.557427 -3.684098 1.221376
v -3.558523 -3.677504 1.219030
v -3.557427 -3.687883 1.229509
v -3.561541 -3.683304 1.226915
v -3.558525 -3.686994 1.235714
v 3.574791 -3.515145 1.358864
v 3.575431 -3.515663 1.355245
v 3.581646 -3.517655 1.362074
v 3.582743 -3.518544 1.355871
v 3.585759 -3.522234 1.364667
v 3.572871 -3.514775 1.361449
v 3.578356 -3.517020 1.366506
v 3.581646 -3.521440 1.370207
v 3.582743 -3.528034 1.372552
v 3.572871 -3.516639 1.369165
v 3.574791 -3.520965 1.373530
v 3.575431 -3.527527 1.376097
v 3.565193 -3.516513 1.370051
v 3.574791 -3.654098 1.403565
v 3.575431 -3.651158 1.402927
v 3.581646 -3.656706 1.400475
v 3.582743 -3.651665 1.399382
v 3.585759 -3.658813 1.394840
v 3.572871 -3.656198 1.404021
v 3.578356 -3.660306 1.401257
v 3.581646 -3.663313 1.395817
v 3.582743 -3.665219 1.387700
v 3.572871 -3.662467 1.401726
v 3.574791 -3.666015 1.396403
v 3.575431 -3.668100 1.388325
v 3.565193 -3.663187 1.401883
v 3.565193 -3.666915 1.396599
v 3.574791 -3.551440 1.188020
v 3.575431 -3.554380 1.188658
v 3.581647 -3.548832 1.191110
v 3.582743 -3.553873 1.192202
v 3.585759 -3.546725 1.196744
v 3.572872 -3.549340 1.187563
v 3.578356 -3.545231 1.190327
v 3.581647 -3.542224 1.195768
v 3.582743 -3.540319 1.203884
v 3.572872 -3.543071 1.189859
v 3.574791 -3.539523 1.195181
v 3.575431 -3.537438 1.203259
v 3.565193 -3.542351 1.189702
v 3.565193 -3.538623 1.194986
v 3.574791 -3.690392 1.232721
v 3.575431 -3.689875 1.236340
v 3.581647 -3.687883 1.229511
v 3.582743 -3.686993 1.235714
v 3.585759 -3.683304 1.226918
v 3.572872 -3.690763 1.230136
v 3.578356 -3.688518 1.225079
v 3.581647 -3.684098 1.221378
v 3.582743 -3.677504 1.219032
v 3.572872 -3.688899 1.222420
v 3.574791 -3.684573 1.218054
v 3.575431 -3.678011 1.215488
v 3.565193 -3.689025 1.221533
v 3.565193 -3.684732 1.216946
v 3.892256 -3.742817 0.019441
v 3.888248 -3.738611 0.016781
v 3.887312 -3.736771 0.022935
v 3.881145 -3.736087 0.015186
v 3.879956 -3.733788 0.022877
v 3.870945 -3.735246 0.014654
v 3.892642 -3.744557 0.016877
v 3.888917 -3.741593 0.012386
v 3.881993 -3.739815 0.009692
v 3.871871 -3.739222 0.008794
v 3.889318 -3.745718 0.009750
v 3.882502 -3.744971 0.006396
v 3.889452 -3.750985 0.008871
v 3.876874 -3.922372 0.005287
v 3.879516 -3.926307 0.008827
v 3.871788 -3.927048 0.008794
v 3.880538 -3.927995 0.014730
v 3.870883 -3.928925 0.014654
v 3.879939 -3.927431 0.022992
v 3.880095 -3.921064 0.005293
v 3.885035 -3.924063 0.008851
v 3.887434 -3.925185 0.014783
v 3.887290 -3.924427 0.023087
v 3.888347 -3.920314 0.008866
v 3.891572 -3.920495 0.014816
v 3.889452 -3.915057 0.008871
v 3.892951 -3.913924 0.014827
v 3.614438 -3.734409 0.019344
v 3.613261 -3.733767 0.022992
v 3.607898 -3.737821 0.016834
v 3.605882 -3.736743 0.023087
v 3.603975 -3.743030 0.015329
v 3.602669 -3.750035 0.014827
v 3.616742 -3.734867 0.016738
v 3.611851 -3.738591 0.012368
v 3.608916 -3.743964 0.009745
v 3.607938 -3.750985 0.008871
v 3.617739 -3.739053 0.009688
v 3.616277 -3.744524 0.006395
v 3.625564 -3.739207 0.008794
v 3.616445 -3.918869 0.005289
v 3.609058 -3.920303 0.008837
v 3.607962 -3.915057 0.008871
v 3.604061 -3.920487 0.014751
v 3.602685 -3.913924 0.014827
v 3.601455 -3.919421 0.023030
v 3.618376 -3.921053 0.005283
v 3.612371 -3.924050 0.008813
v 3.608206 -3.925174 0.014697
v 3.605882 -3.924427 0.022935
v 3.617901 -3.926297 0.008799
v 3.615121 -3.927987 0.014664
v 3.625647 -3.927048 0.008794
v 3.624805 -3.928925 0.014654
v 2.869335 -2.520156 7.020089
v 2.869263 -2.523050 7.020605
v 2.864100 -2.516909 7.025676
v 2.863986 -2.521870 7.026560
v 2.856266 -2.514962 7.029028
v 2.869561 -2.518299 7.018549
v 2.864481 -2.513725 7.023036
v 2.856728 -2.510981 7.025731
v 2.846302 -2.510067 7.026628
v 2.865128 -2.512317 7.018644
v 2.857529 -2.509221 7.020238
v 2.847144 -2.508188 7.020770
v 2.866043 -2.512685 7.012496
v 2.858670 -2.509681 7.012554
v 2.851764 -2.701963 7.020238
v 2.847206 -2.701878 7.020777
v 2.854199 -2.698029 7.025714
v 2.846384 -2.697905 7.026636
v 2.855659 -2.692516 7.029000
v 2.855198 -2.702237 7.018669
v 2.860084 -2.698483 7.023026
v 2.863016 -2.693053 7.025638
v 2.863994 -2.685952 7.026512
v 2.864040 -2.699261 7.018569
v 2.867961 -2.694011 7.020068
v 2.869268 -2.686945 7.020567
v 2.866066 -2.700369 7.012343
v 2.596599 -2.508287 7.020272
v 2.601003 -2.508188 7.020777
v 2.592528 -2.510259 7.025771
v 2.600076 -2.510064 7.026636
v 2.590085 -2.514595 7.029071
v 2.593632 -2.508574 7.018714
v 2.587442 -2.510765 7.023100
v 2.583727 -2.515257 7.025731
v 2.582489 -2.522046 7.026607
v 2.584818 -2.511584 7.018625
v 2.580449 -2.516296 7.020137
v 2.578992 -2.523181 7.020639
v 2.584658 -2.512712 7.012343
v 2.579078 -2.690153 7.020095
v 2.578998 -2.687077 7.020605
v 2.582645 -2.691402 7.025686
v 2.582497 -2.686127 7.026560
v 2.589480 -2.692151 7.029041
v 2.579310 -2.692561 7.018557
v 2.583052 -2.695529 7.023050
v 2.590000 -2.697309 7.025746
v 2.600159 -2.697903 7.026644
v 2.583715 -2.698509 7.018653
v 2.590838 -2.701034 7.020251
v 2.601064 -2.701876 7.020782
v 2.584636 -2.700341 7.012496
vn -0.0000 -0.0000 -1.0000
vn -0.0000 -0.0000 1.0000
vn -0.0000 -1.0000 -0.0000
vn 1.0000 -0.0000 -0.0000
vn -0.0000 1.0000 -0.0000
vn -1.0000 -0.0000 -0.0000
vn -0.0510 -0.9968 -0.0622
vn -0.0776 -0.9587 -0.2736
vn -0.0170 -0.9587 -0.2839
vn 0.0626 -0.0939 -0.9936
vn 0.0911 -0.3951 -0.9141
vn 0.0199 -0.4092 -0.9122
vn -0.9892 0.1140 -0.0926
vn -0.9067 0.1652 -0.3882
vn -0.9133 0.0364 -0.4057
vn 0.0626 0.0940 -0.9936
vn 0.2741 0.1421 -0.9511
vn 0.2864 0.0311 -0.9576
vn -0.0511 -0.9968 0.0622
vn -0.2270 -0.9692 0.0956
vn -0.2361 -0.9715 0.0209
vn 0.9892 -0.1140 0.0926
vn 0.8773 -0.4622 0.1297
vn 0.8771 -0.4795 0.0283
vn -0.9892 0.1140 0.0926
vn -0.8773 0.4622 0.1298
vn -0.8771 0.4795 0.0284
vn 0.0511 0.9968 0.0622
vn 0.2270 0.9692 0.0957
vn 0.2361 0.9715 0.0209
vn -0.0771 0.1157 -0.9903
vn -0.2792 -0.0906 -0.9559
vn -0.2764 0.0832 -0.9574
vn -0.0578 0.4006 -0.9144
vn 0.0199 0.4092 -0.9122
vn 0.2863 -0.0311 -0.9576
vn -0.0771 -0.1157 -0.9903
vn -0.0531 -0.3968 -0.9164
vn 0.0771 -0.1156 0.9903
vn -0.0532 -0.3968 0.9163
vn 0.0578 -0.4006 0.9144
vn 0.0773 0.1157 0.9903
vn 0.2764 -0.0832 0.9574
vn 0.2794 0.0906 0.9559
vn -0.0771 0.1156 0.9903
vn 0.0532 0.3969 0.9163
vn -0.0578 0.4006 0.9144
vn -0.0773 -0.1157 0.9903
vn -0.2764 0.0832 0.9574
vn -0.2794 -0.0905 0.9559
vn 0.0629 -0.9951 0.0767
vn 0.2305 -0.9712 -0.0607
vn 0.2280 -0.9721 0.0557
vn -0.2360 -0.9715 -0.0209
vn 0.9836 0.1400 0.1138
vn 0.8791 0.4694 -0.0825
vn 0.8819 0.4654 0.0759
vn -0.0629 0.9951 0.0767
vn -0.2280 0.9721 -0.0557
vn -0.2280 0.9721 0.0557
vn -0.2270 -0.9692 -0.0956
vn -0.5598 -0.8272 -0.0486
vn -0.5247 -0.8208 -0.2258
vn -0.8819 -0.4654 -0.0759
vn -0.8140 -0.4606 -0.3539
vn -0.9836 -0.1400 -0.1137
vn -0.9123 -0.1053 -0.3958
vn -0.1670 -0.9647 -0.2035
vn -0.3785 -0.8024 -0.4613
vn -0.5701 -0.4385 -0.6948
vn -0.6312 -0.0997 -0.7692
vn -0.1753 -0.7767 -0.6050
vn -0.2566 -0.4071 -0.8766
vn -0.0372 -0.7709 -0.6359
vn 0.2741 -0.1421 -0.9511
vn 0.6385 -0.0682 -0.7666
vn 0.5875 -0.3113 -0.7469
vn 0.9148 -0.0969 -0.3922
vn 0.8171 -0.4373 -0.3757
vn 0.9836 -0.1401 -0.1137
vn 0.8791 -0.4695 -0.0824
vn 0.1989 -0.2983 -0.9335
vn 0.4010 -0.6015 -0.6909
vn 0.5241 -0.7862 -0.3275
vn 0.5533 -0.8299 -0.0710
vn 0.1768 -0.7509 -0.6364
vn 0.2218 -0.9323 -0.2858
vn 0.0370 -0.7802 -0.6245
vn 0.0452 -0.9605 -0.2745
vn 0.0630 -0.9951 -0.0767
vn -0.8771 0.4794 -0.0283
vn -0.8772 0.4622 -0.1298
vn -0.5484 0.8349 -0.0483
vn -0.5557 0.7992 -0.2293
vn -0.2348 0.9336 -0.2706
vn -0.0630 0.9951 -0.0767
vn -0.0492 0.9595 -0.2775
vn -0.8938 0.3481 -0.2828
vn -0.5903 0.6264 -0.5090
vn -0.2564 0.7502 -0.6095
vn -0.0544 0.7750 -0.6296
vn -0.6174 0.3136 -0.7214
vn -0.2727 0.3868 -0.8809
vn -0.6272 0.0681 -0.7759
vn 0.0911 0.3952 -0.9141
vn 0.0370 0.7801 -0.6245
vn 0.1768 0.7509 -0.6363
vn 0.0452 0.9605 -0.2746
vn 0.2217 0.9323 -0.2858
vn 0.0629 0.9951 -0.0767
vn 0.2305 0.9712 -0.0607
vn 0.1989 0.2983 -0.9335
vn 0.4011 0.6015 -0.6909
vn 0.5241 0.7862 -0.3275
vn 0.5533 0.8299 -0.0710
vn 0.5875 0.3113 -0.7469
vn 0.8171 0.4373 -0.3757
vn 0.6385 0.0683 -0.7666
vn 0.9148 0.0969 -0.3922
vn 0.9836 0.1400 -0.1137
vn -0.0170 -0.9587 0.2839
vn -0.0777 -0.9587 0.2736
vn -0.0373 -0.7709 0.6359
vn -0.1754 -0.7767 0.6050
vn -0.2568 -0.4071 0.8766
vn -0.1670 -0.9647 0.2035
vn -0.3785 -0.8025 0.4613
vn -0.5701 -0.4384 0.6948
vn -0.6312 -0.0997 0.7692
vn -0.5246 -0.8209 0.2258
vn -0.8140 -0.4606 0.3540
vn -0.9122 -0.1053 0.3959
vn -0.5598 -0.8272 0.0486
vn -0.8819 -0.4653 0.0759
vn -0.9836 -0.1400 0.1138
vn 0.9133 -0.0363 0.4056
vn 0.9067 -0.1651 0.3882
vn 0.6272 -0.0680 0.7759
vn 0.6174 -0.3136 0.7215
vn 0.2727 -0.3868 0.8809
vn 0.8938 -0.3481 0.2829
vn 0.5903 -0.6265 0.5090
vn 0.2565 -0.7502 0.6095
vn 0.0544 -0.7749 0.6297
vn 0.5557 -0.7992 0.2293
vn 0.2348 -0.9336 0.2706
vn 0.0492 -0.9595 0.2775
vn 0.5483 -0.8349 0.0483
vn -0.9133 0.0363 0.4056
vn -0.9067 0.1651 0.3882
vn -0.6272 0.0680 0.7759
vn -0.6174 0.3136 0.7215
vn -0.2727 0.3868 0.8809
vn -0.8938 0.3481 0.2829
vn -0.5903 0.6265 0.5090
vn -0.2565 0.7502 0.6095
vn -0.0544 0.7749 0.6297
vn -0.5557 0.7992 0.2293
vn -0.2348 0.9336 0.2706
vn -0.0492 0.9595 0.2775
vn -0.5483 0.8349 0.0483
vn 0.0170 0.9587 0.2839
vn 0.0777 0.9587 0.2736
vn 0.0373 0.7709 0.6358
vn 0.1754 0.7767 0.6050
vn 0.2568 0.4071 0.8766
vn 0.1670 0.9647 0.2035
vn 0.3785 0.8025 0.4613
vn 0.5701 0.4384 0.6948
vn 0.6312 0.0997 0.7692
vn 0.5246 0.8209 0.2258
vn 0.8139 0.4606 0.3540
vn 0.9122 0.1053 0.3959
vn 0.5598 0.8272 0.0486
vn -0.0000 0.9919 -0.1273
vn -0.0000 -0.9919 0.1273
vn -0.0000 -0.2121 0.9773
vn -0.0000 0.9899 0.1418
vn -0.0000 0.2121 -0.9773
vn -0.0000 -0.9899 -0.1418
vn -0.9895 -0.0000 0.1446
vn -0.0000 0.9850 0.1725
vn 0.9895 -0.0000 -0.1446
vn -0.0000 -0.9850 -0.1725
vn 0.9895 -0.0000 0.1446
vn -0.9895 -0.0000 -0.1446
vn -0.0000 -0.9919 -0.1273
vn -0.0000 0.9919 0.1273
vn -0.0000 -0.9850 0.1725
vn -0.0000 0.9850 -0.1725
vn -0.0000 0.2121 0.9773
vn -0.0000 -0.9899 0.1418
vn -0.0000 -0.2121 -0.9773
vn -0.0000 0.9899 -0.1418
vn -0.9908 -0.1113 -0.0773
vn -0.9150 -0.0343 -0.4020
vn -0.9132 -0.1629 -0.3736
vn -0.0630 0.0904 -0.9939
vn -0.2852 0.0295 -0.9580
vn -0.2705 0.1343 -0.9533
vn 0.0511 -0.9965 0.0658
vn 0.0181 -0.9850 -0.1713
vn 0.0809 -0.9838 -0.1600
vn 0.0628 0.0901 -0.9940
vn 0.0189 0.3820 -0.9240
vn 0.0875 0.3692 -0.9252
vn -0.9877 -0.1134 0.1079
vn -0.8768 -0.4722 0.0906
vn -0.8742 -0.4478 0.1879
vn -0.0513 0.9965 -0.0656
vn -0.2381 0.9657 -0.1033
vn -0.2314 0.9725 -0.0276
vn 0.0518 -0.9807 0.1887
vn 0.2364 -0.9608 0.1447
vn 0.2260 -0.9497 0.2167
vn 0.9908 0.1113 0.0773
vn 0.8796 0.4745 -0.0344
vn 0.8831 0.4641 0.0687
vn 0.0626 -0.0939 0.9936
vn 0.0199 -0.4092 0.9122
vn 0.0911 -0.3952 0.9141
vn -0.0510 -0.9968 0.0622
vn -0.0169 -0.9587 0.2839
vn -0.0776 -0.9587 0.2736
vn 0.9892 -0.1140 -0.0926
vn 0.8771 -0.4795 -0.0284
vn 0.8772 -0.4622 -0.1298
vn 0.0626 0.0939 0.9936
vn 0.2864 0.0313 0.9576
vn 0.2741 0.1421 0.9511
vn -0.9133 0.0364 0.4057
vn -0.9067 0.1652 0.3882
vn 0.9892 0.1140 -0.0926
vn 0.9133 0.0364 -0.4057
vn 0.9067 0.1652 -0.3882
vn -0.0626 0.0939 -0.9936
vn -0.2864 0.0313 -0.9576
vn -0.2741 0.1422 -0.9511
vn -0.0617 -0.3005 0.9518
vn -0.2837 -0.2333 0.9301
vn -0.2697 -0.3375 0.9019
vn -0.9899 0.0925 0.1074
vn -0.9131 -0.0509 0.4045
vn -0.9099 0.0799 0.4070
vn -0.0515 -0.9776 -0.2039
vn -0.2376 -0.9583 -0.1587
vn -0.2296 -0.9449 -0.2335
vn -0.9884 0.1320 -0.0752
vn -0.8772 0.4784 0.0395
vn -0.8743 0.4814 -0.0626
vn 0.0618 -0.3006 0.9518
vn 0.0193 -0.5796 0.8147
vn 0.0883 -0.5670 0.8190
vn 0.0515 0.9776 0.2038
vn 0.0173 0.9051 0.4249
vn 0.0794 0.9067 0.4143
vn 0.0515 -0.9777 -0.2038
vn 0.0174 -0.9050 -0.4250
vn 0.0794 -0.9067 -0.4143
vn 0.0617 0.3006 -0.9518
vn 0.0192 0.5795 -0.8148
vn 0.0882 0.5669 -0.8190
vn -0.9931 -0.1131 0.0318
vn -0.9546 -0.0399 -0.2953
vn -0.9414 -0.1695 -0.2915
vn -0.0639 0.0954 -0.9934
vn -0.3023 0.0343 -0.9526
vn -0.2952 0.1552 -0.9427
vn 0.0517 -0.9692 -0.2406
vn 0.0165 -0.9018 -0.4319
vn 0.0742 -0.9008 -0.4279
vn 0.0610 0.0952 -0.9936
vn 0.0209 0.4366 -0.8994
vn 0.0942 0.4167 -0.9042
vn -0.9708 -0.1097 0.2134
vn -0.8782 -0.4729 0.0719
vn -0.8713 -0.4590 0.1735
vn -0.0523 0.9691 0.2411
vn -0.2328 0.9468 0.2221
vn -0.2200 0.9313 0.2904
vn 0.0505 -0.9916 -0.1192
vn 0.2358 -0.9545 -0.1824
vn 0.2328 -0.9667 -0.1066
vn 0.9931 0.1133 -0.0316
vn 0.8806 0.4737 -0.0152
vn 0.8881 0.4521 0.0833
vn 0.0640 -0.0887 -0.9940
vn 0.2983 -0.0304 -0.9540
vn 0.2815 -0.1369 -0.9497
vn 0.9913 0.1092 0.0729
vn 0.9580 0.0353 -0.2847
vn 0.9537 0.1688 -0.2489
vn -0.0611 -0.0884 -0.9942
vn -0.0179 -0.3701 -0.9288
vn -0.0834 -0.3551 -0.9311
vn -0.0514 0.9932 0.1041
vn -0.0191 0.9910 -0.1327
vn -0.0822 0.9884 -0.1274
vn 0.0513 -0.9933 -0.1038
vn 0.2388 -0.9645 -0.1124
vn 0.2307 -0.9723 -0.0376
vn 0.9611 0.1113 0.2527
vn 0.8571 0.4579 0.2358
vn 0.8437 0.4274 0.3250
vn -0.9913 -0.1097 -0.0730
vn -0.8663 -0.4648 -0.1830
vn -0.8825 -0.4632 -0.0819
vn -0.0515 0.9729 0.2255
vn -0.2372 0.9592 0.1540
vn -0.2288 0.9467 0.2269
vn -0.0628 0.0954 -0.9935
vn -0.2879 0.0322 -0.9571
vn -0.2799 0.1466 -0.9488
vn -0.9877 -0.1134 -0.1079
vn -0.9119 -0.0370 -0.4087
vn -0.9016 -0.1619 -0.4012
vn 0.0626 0.0951 -0.9935
vn 0.0213 0.4315 -0.9019
vn 0.0961 0.4156 -0.9045
vn 0.0516 -0.9807 -0.1885
vn 0.0163 -0.9195 -0.3926
vn 0.0754 -0.9206 -0.3832
vn -0.0517 0.9807 0.1887
vn -0.2366 0.9608 0.1447
vn -0.2259 0.9497 0.2169
vn -0.9908 -0.1113 0.0773
vn -0.8796 -0.4745 -0.0344
vn -0.8831 -0.4641 0.0688
vn 0.9877 0.1134 0.1079
vn 0.8768 0.4722 0.0906
vn 0.8743 0.4476 0.1878
vn 0.0513 -0.9965 -0.0656
vn 0.2381 -0.9657 -0.1032
vn 0.2314 -0.9725 -0.0275
vn 0.0510 0.9968 0.0622
vn 0.0776 0.9587 0.2736
vn -0.0626 0.0939 0.9936
vn -0.0199 0.4092 0.9122
vn -0.0911 0.3952 0.9141
vn 0.0510 0.9968 -0.0622
vn 0.2360 0.9715 -0.0209
vn 0.2270 0.9692 -0.0956
vn -0.8771 0.4795 -0.0284
vn 0.9133 -0.0363 0.4057
vn 0.9067 -0.1652 0.3882
vn -0.0626 -0.0939 0.9936
vn -0.2863 -0.0313 0.9576
vn -0.2741 -0.1421 0.9511
vn 0.2863 -0.0312 -0.9576
vn -0.9892 -0.1140 -0.0926
vn -0.9133 -0.0363 -0.4057
vn -0.9067 -0.1652 -0.3882
vn -0.0640 0.0887 -0.9940
vn -0.2983 0.0304 -0.9540
vn -0.2815 0.1365 -0.9498
vn -0.9913 -0.1092 0.0729
vn -0.9580 -0.0353 -0.2847
vn -0.9537 -0.1688 -0.2488
vn 0.0611 0.0883 -0.9942
vn 0.0178 0.3701 -0.9288
vn 0.0833 0.3550 -0.9312
vn 0.0514 -0.9932 0.1041
vn 0.0191 -0.9910 -0.1326
vn 0.0824 -0.9884 -0.1274
vn -0.0515 0.9933 -0.1037
vn -0.2388 0.9645 -0.1124
vn -0.2307 0.9723 -0.0372
vn -0.9611 -0.1114 0.2528
vn -0.8571 -0.4581 0.2358
vn -0.8436 -0.4274 0.3250
vn 0.9913 0.1093 -0.0728
vn 0.8661 0.4652 -0.1830
vn 0.8825 0.4631 -0.0823
vn 0.0515 -0.9729 0.2255
vn 0.2373 -0.9592 0.1540
vn 0.2288 -0.9465 0.2274
vn -0.9884 0.1319 0.0751
vn -0.9112 0.1222 0.3934
vn -0.9016 0.2441 0.3570
vn -0.0626 0.1198 0.9908
vn -0.2849 0.1731 0.9428
vn -0.2748 0.0636 0.9594
vn -0.9899 0.0925 -0.1074
vn -0.8790 0.4671 -0.0958
vn -0.8818 0.4298 -0.1940
vn -0.0511 -0.9955 0.0794
vn -0.2369 -0.9645 0.1167
vn -0.2266 -0.9731 0.0425
vn 0.0511 0.9955 -0.0794
vn 0.0168 0.9897 0.1422
vn 0.0765 0.9883 0.1323
vn 0.0626 0.1197 0.9908
vn 0.0204 -0.2126 0.9769
vn 0.0930 -0.1979 0.9758
vn 0.0626 -0.1198 -0.9908
vn 0.0203 0.2126 -0.9769
vn 0.0930 0.1979 -0.9758
vn 0.0511 -0.9955 0.0794
vn 0.0168 -0.9897 -0.1422
vn 0.0765 -0.9883 -0.1323
vn 0.9931 0.1132 0.0318
vn 0.9546 0.0399 -0.2953
vn 0.9414 0.1697 -0.2915
vn 0.0638 -0.0954 -0.9934
vn 0.3024 -0.0342 -0.9526
vn 0.2953 -0.1551 -0.9427
vn -0.0516 0.9693 -0.2403
vn -0.0164 0.9017 -0.4320
vn -0.0741 0.9008 -0.4279
vn -0.0610 -0.0952 -0.9936
vn -0.0209 -0.4365 -0.8995
vn -0.0942 -0.4167 -0.9042
vn 0.9708 0.1096 0.2133
vn 0.8782 0.4728 0.0720
vn 0.8713 0.4590 0.1736
vn 0.0522 -0.9691 0.2411
vn 0.2330 -0.9468 0.2222
vn 0.2199 -0.9313 0.2904
vn -0.0505 0.9916 -0.1192
vn -0.2358 0.9545 -0.1824
vn -0.2328 0.9667 -0.1067
vn -0.9931 -0.1132 -0.0317
vn -0.8806 -0.4737 -0.0151
vn -0.8881 -0.4520 0.0833
vn -0.0609 -0.4236 -0.9038
vn 0.0781 -0.1177 -0.9900
vn 0.0557 -0.4194 -0.9061
vn 0.2828 -0.0933 -0.9546
vn 0.2848 0.0288 -0.9581
vn -0.0195 0.3822 -0.9239
vn -0.2792 -0.0854 -0.9564
vn -0.0780 -0.1178 -0.9900
vn -0.2818 0.0930 0.9550
vn -0.0764 -0.1110 0.9909
vn -0.0774 0.1179 0.9900
vn -0.0559 0.4193 0.9061
vn 0.0780 0.1177 0.9900
vn 0.0609 0.4235 0.9039
vn 0.2792 0.0853 0.9564
vn 0.0779 -0.1115 0.9907
vn 0.2780 -0.0856 0.9568
vn 0.0527 -0.3691 0.9279
vn -0.0555 -0.3730 0.9261
vn -0.8761 0.4611 -0.1408
vn -0.9866 0.1340 0.0928
vn -0.8868 0.4619 0.0173
vn -0.8795 -0.4746 0.0342
vn 0.2306 0.9707 -0.0679
vn 0.0629 0.9773 -0.2024
vn 0.0637 0.9967 -0.0507
vn 0.8793 -0.4572 0.1335
vn 0.9866 -0.1335 -0.0934
vn 0.9805 -0.1423 0.1357
vn 0.2305 -0.9712 0.0607
vn 0.0629 -0.9951 -0.0767
vn 0.2280 -0.9721 -0.0558
vn 0.0492 -0.9595 -0.2775
vn -0.2360 -0.9715 0.0209
vn 0.0452 -0.9605 0.2746
vn 0.0452 0.9605 0.2746
vn -0.0630 0.9951 0.0767
vn -0.0493 0.9595 0.2775
vn -0.2280 0.9721 0.0558
vn -0.2305 0.9712 -0.0608
vn -0.0452 0.9605 -0.2746
vn 0.0630 0.9951 -0.0767
vn 0.0493 0.9595 -0.2775
vn 0.2280 0.9721 -0.0558
vn 0.0630 0.9951 0.0767
vn 0.2305 0.9712 0.0608
vn -0.2792 -0.0905 0.9559
vn 0.2864 -0.0313 0.9576
vn -0.9836 0.1400 -0.1137
vn -0.9148 0.0969 -0.3922
vn 0.2764 -0.0832 -0.9574
vn 0.0771 0.1156 -0.9903
vn 0.2764 0.0832 -0.9574
vn -0.8850 -0.4437 -0.1409
vn -0.9825 -0.1619 0.0921
vn -0.9847 -0.1137 -0.1319
vn -0.9139 -0.0192 -0.4054
vn -0.9112 0.1222 -0.3935
vn -0.8790 0.4671 0.0958
vn -0.9113 -0.1785 0.3712
vn 0.9139 0.0192 0.4054
vn 0.9825 -0.1620 0.0922
vn 0.9847 0.1137 0.1319
vn 0.8850 0.4437 0.1409
vn 0.9825 0.1619 -0.0921
vn 0.8776 0.4791 -0.0149
vn 0.9140 -0.0192 -0.4054
vn 0.9847 -0.1137 -0.1319
vn 0.8776 -0.4791 0.0150
vn -0.0590 0.2033 0.9773
vn 0.0771 -0.0978 0.9922
vn 0.0542 0.1990 0.9785
vn -0.0192 -0.5794 0.8148
vn -0.0485 0.9895 -0.1359
vn 0.0629 0.9959 0.0648
vn 0.0446 0.9901 -0.1330
vn -0.0541 -0.1990 -0.9785
vn 0.0771 0.0979 -0.9922
vn 0.0542 -0.1989 -0.9785
vn -0.0561 -0.3652 -0.9293
vn 0.0740 -0.1080 -0.9914
vn 0.0491 -0.3566 -0.9330
vn 0.2725 0.0289 -0.9617
vn -0.0230 0.4396 -0.8979
vn -0.0773 -0.1097 -0.9910
vn -0.2870 -0.0804 -0.9545
vn -0.2646 -0.0830 0.9608
vn -0.0775 0.1089 0.9910
vn -0.2640 0.0805 0.9612
vn 0.0559 0.3649 0.9294
vn 0.0780 0.1095 0.9909
vn 0.2962 -0.0973 0.9502
vn 0.0775 -0.1195 0.9898
vn 0.0580 -0.4296 0.9012
vn -0.0762 -0.1175 0.9901
vn -0.0595 -0.4280 0.9018
vn -0.8540 0.4417 0.2751
vn -0.9897 0.1311 0.0581
vn -0.9497 0.1393 0.2805
vn -0.8806 -0.4736 0.0158
vn 0.2344 0.9694 0.0727
vn 0.0614 0.9698 0.2362
vn 0.2291 0.9547 0.1897
vn 0.8548 -0.4417 -0.2725
vn 0.9896 -0.1315 -0.0591
vn 0.8806 -0.4552 -0.1318
vn 0.0204 -0.3731 -0.9276
vn -0.2681 0.0902 -0.9592
vn -0.2695 -0.0260 -0.9627
vn 0.0640 0.4341 -0.8986
vn -0.0761 0.1168 -0.9902
vn -0.0547 0.4235 -0.9042
vn 0.2944 0.0895 -0.9515
vn 0.0797 0.1189 -0.9897
vn 0.2662 -0.0892 0.9598
vn 0.0747 0.1093 0.9912
vn 0.0743 -0.1174 0.9903
vn -0.0544 0.3613 0.9309
vn 0.0529 0.3607 0.9312
vn -0.2945 -0.0887 0.9515
vn -0.0809 0.1102 0.9906
vn -0.2932 0.0867 0.9521
vn -0.0637 -0.4339 0.8987
vn -0.0798 -0.1185 0.9897
vn 0.8661 0.4649 0.1835
vn 0.8845 -0.4652 -0.0357
vn 0.9655 -0.1299 0.2258
vn 0.8797 -0.4589 0.1243
vn -0.2388 0.9644 0.1139
vn -0.8518 -0.4417 -0.2816
vn -0.9506 -0.1363 -0.2789
vn -0.0217 0.4313 -0.9019
vn 0.2877 0.0310 -0.9572
vn 0.0764 -0.1110 -0.9909
vn 0.0512 -0.3693 -0.9279
vn -0.0764 -0.1109 -0.9909
vn -0.2743 -0.0793 -0.9584
vn -0.2793 -0.0853 0.9564
vn -0.0777 0.1114 0.9907
vn -0.2784 0.0856 0.9566
vn 0.0559 -0.4194 0.9061
vn -0.0780 -0.1177 0.9900
vn -0.0609 -0.4234 0.9039
vn 0.2818 -0.0931 0.9550
vn 0.0764 0.1110 0.9909
vn 0.0774 -0.1179 0.9900
vn -0.0526 0.3694 0.9278
vn 0.0555 0.3730 0.9262
vn -0.8768 -0.4722 -0.0905
vn -0.8793 0.4572 0.1336
vn -0.9866 0.1337 -0.0931
vn -0.9805 0.1423 0.1357
vn 0.2363 -0.9609 -0.1441
vn 0.9867 0.1333 -0.0927
vn 0.8847 0.4656 -0.0234
vn -0.0493 0.9595 -0.2775
vn 0.0170 0.9587 -0.2839
vn -0.2305 0.9712 0.0607
vn -0.2280 0.9721 -0.0558
vn -0.0452 0.9605 0.2746
vn -0.0452 -0.9605 0.2746
vn -0.2280 -0.9721 -0.0558
vn -0.0629 -0.9951 0.0767
vn -0.2305 -0.9712 0.0607
vn 0.0452 -0.9605 -0.2746
vn -0.0629 -0.9951 -0.0767
vn -0.0492 -0.9595 -0.2775
vn 0.2280 -0.9721 0.0558
vn -0.2863 0.0313 0.9576
vn 0.2792 0.0905 0.9559
vn -0.9133 0.0363 -0.4057
vn 0.2792 0.0906 -0.9559
vn -0.0204 0.3730 -0.9276
vn 0.2682 -0.0902 -0.9591
vn 0.2694 0.0260 -0.9627
vn -0.0640 -0.4342 -0.8985
vn 0.0762 -0.1167 -0.9902
vn 0.0548 -0.4234 -0.9043
vn -0.2944 -0.0894 -0.9515
vn -0.0797 -0.1189 -0.9897
vn -0.2662 0.0893 0.9598
vn -0.0746 -0.1092 0.9912
vn -0.0742 0.1176 0.9903
vn 0.0546 -0.3609 0.9310
vn -0.0529 -0.3607 0.9312
vn 0.2945 0.0891 0.9515
vn 0.0809 -0.1103 0.9906
vn 0.2933 -0.0868 0.9521
vn 0.0637 0.4338 0.8988
vn 0.0794 0.1185 0.9898
vn -0.8661 -0.4650 0.1834
vn -0.8845 0.4652 -0.0357
vn -0.9656 0.1297 0.2254
vn -0.8798 0.4589 0.1243
vn 0.2388 -0.9644 0.1135
vn 0.8519 0.4416 -0.2815
vn 0.9507 0.1361 -0.2787
vn -0.8772 0.4784 -0.0397
vn -0.9085 -0.1875 -0.3734
vn -0.9131 -0.0509 -0.4046
vn -0.8806 -0.4738 -0.0090
vn -0.9847 -0.1136 0.1319
vn -0.9825 -0.1620 -0.0922
vn -0.9162 -0.0115 0.4005
vn 0.9085 0.1876 0.3734
vn 0.9847 -0.1137 0.1319
vn 0.9825 0.1620 0.0922
vn 0.8825 -0.4464 0.1480
vn 0.9825 -0.1620 -0.0922
vn 0.9085 -0.1875 -0.3733
vn 0.9847 0.1137 -0.1319
vn 0.8825 0.4464 -0.1480
vn -0.0203 -0.2125 0.9769
vn -0.0560 0.5720 0.8183
vn 0.0759 0.3205 0.9442
vn 0.0515 0.5688 0.8208
vn -0.0166 -0.9897 -0.1422
vn -0.0771 -0.0978 -0.9922
vn -0.0590 0.2034 -0.9773
vn 0.0561 0.3654 -0.9292
vn -0.0739 0.1080 -0.9914
vn -0.0490 0.3566 -0.9330
vn -0.2725 -0.0289 -0.9617
vn 0.0229 -0.4395 -0.8979
vn 0.0773 0.1098 -0.9909
vn 0.2870 0.0805 -0.9545
vn 0.2648 0.0836 0.9607
vn 0.0775 -0.1089 0.9910
vn 0.2640 -0.0807 0.9611
vn -0.0558 -0.3650 0.9293
vn -0.0779 -0.1095 0.9909
vn -0.2964 0.0972 0.9501
vn -0.0777 0.1194 0.9898
vn -0.0580 0.4294 0.9012
vn 0.0759 0.1178 0.9901
vn 0.0595 0.4281 0.9017
vn 0.8542 -0.4413 0.2750
vn 0.9896 -0.1312 0.0581
vn 0.9498 -0.1390 0.2802
vn 0.8806 0.4737 0.0154
vn -0.2344 -0.9694 0.0727
vn -0.0614 -0.9698 0.2362
vn -0.2292 -0.9547 0.1898
vn -0.8550 0.4415 -0.2723
vn -0.9896 0.1315 -0.0587
vn -0.8806 0.4552 -0.1318
vn -0.8831 -0.4640 -0.0690
vn -0.5527 -0.8313 0.0584
vn -0.5682 -0.8122 -0.1319
vn -0.2306 -0.9707 0.0675
vn -0.2433 -0.9563 -0.1624
vn -0.0637 -0.9967 0.0502
vn -0.0515 -0.9847 -0.1663
vn -0.9032 -0.3530 -0.2443
vn -0.6109 -0.6510 -0.4506
vn -0.2707 -0.7916 -0.5479
vn -0.0584 -0.8208 -0.5682
vn -0.6336 -0.3224 -0.7033
vn -0.2846 -0.4084 -0.8673
vn -0.6312 -0.0681 -0.7726
vn -0.0888 0.3703 -0.9247
vn -0.0365 0.7280 -0.6846
vn -0.1718 0.7017 -0.6914
vn -0.0453 0.9225 -0.3833
vn -0.2189 0.8953 -0.3879
vn -0.2312 0.9557 -0.1824
vn -0.1941 0.2809 -0.9399
vn -0.3885 0.5625 -0.7299
vn -0.5146 0.7528 -0.4104
vn -0.5520 0.8154 -0.1742
vn -0.5757 0.2918 -0.7639
vn -0.8052 0.4187 -0.4200
vn -0.6348 0.0642 -0.7700
vn -0.9109 0.0935 -0.4018
vn -0.9805 0.1426 -0.1355
vn 0.2305 -0.9727 0.0284
vn 0.2380 -0.9657 0.1039
vn 0.5371 -0.8339 -0.1269
vn 0.8301 -0.4684 -0.3027
vn 0.5648 -0.8232 0.0570
vn 0.9170 -0.1055 -0.3846
vn 0.8869 -0.4616 -0.0168
vn 0.1723 -0.9814 -0.0843
vn 0.3955 -0.8364 -0.3794
vn 0.5906 -0.4594 -0.6634
vn 0.6376 -0.1021 -0.7636
vn 0.1861 -0.8214 -0.5391
vn 0.2686 -0.4319 -0.8610
vn 0.0399 -0.8173 -0.5748
vn 0.2698 0.1327 -0.9537
vn 0.6350 0.0627 -0.7699
vn 0.5750 0.2890 -0.7654
vn 0.9112 0.0921 -0.4016
vn 0.8055 0.4164 -0.4216
vn 0.9806 0.1417 -0.1352
vn 0.8765 0.4602 -0.1414
vn 0.1929 0.2794 -0.9406
vn 0.3874 0.5607 -0.7318
vn 0.5142 0.7521 -0.4122
vn 0.5519 0.8153 -0.1748
vn 0.1695 0.7010 -0.6927
vn 0.2171 0.8952 -0.3891
vn 0.2301 0.9559 -0.1827
vn 0.0352 0.7280 -0.6846
vn 0.0442 0.9226 -0.3832
vn -0.9016 -0.1619 0.4012
vn -0.9119 -0.0370 0.4087
vn -0.6055 -0.2975 0.7382
vn -0.2642 -0.3602 0.8947
vn -0.6241 -0.0662 0.7785
vn -0.2743 -0.0793 0.9584
vn -0.8872 -0.3338 0.3184
vn -0.5763 -0.5913 0.5641
vn -0.2467 -0.7012 0.6689
vn -0.0518 -0.7226 0.6893
vn -0.5492 -0.7707 0.3230
vn -0.2303 -0.8975 0.3760
vn -0.0480 -0.9212 0.3860
vn -0.5482 -0.8220 0.1544
vn -0.2279 -0.9572 0.1783
vn -0.0629 -0.9773 0.2023
vn -0.0818 0.9836 0.1608
vn -0.0183 0.9851 0.1712
vn -0.0404 0.8174 0.5746
vn -0.1871 0.8203 0.5405
vn -0.2689 0.4303 0.8617
vn -0.1734 0.9811 0.0853
vn -0.3968 0.8351 0.3811
vn -0.5912 0.4573 0.6644
vn -0.6375 0.1013 0.7637
vn -0.5382 0.8330 0.1285
vn -0.8306 0.4668 0.3035
vn -0.9173 0.1050 0.3841
vn -0.5649 0.8233 -0.0561
vn 0.0769 -0.9202 0.3838
vn 0.0171 -0.9195 0.3927
vn 0.0365 -0.7181 0.6950
vn 0.1707 -0.7238 0.6686
vn 0.2505 -0.3762 0.8921
vn 0.1650 -0.9333 0.3188
vn 0.3690 -0.7573 0.5388
vn 0.5562 -0.4094 0.7232
vn 0.6265 -0.0946 0.7736
vn 0.5179 -0.7933 0.3200
vn 0.8022 -0.4421 0.4012
vn 0.9080 -0.1021 0.4063
vn 0.5590 -0.8151 0.1522
vn 0.9132 0.1627 0.3736
vn 0.9150 0.0342 0.4020
vn 0.6312 0.0679 0.7726
vn 0.6337 0.3222 0.7033
vn 0.2846 0.4081 0.8674
vn 0.9032 0.3530 0.2443
vn 0.6110 0.6510 0.4505
vn 0.2708 0.7916 0.5478
vn 0.0584 0.8209 0.5681
vn 0.5682 0.8123 0.1314
vn 0.2433 0.9563 0.1619
vn 0.0514 0.9849 0.1655
vn 0.5528 0.8313 -0.0588
vn 0.2741 -0.1421 0.9511
vn 0.6385 -0.0682 0.7666
vn 0.5876 -0.3112 0.7469
vn 0.9148 -0.0969 0.3922
vn 0.8171 -0.4373 0.3757
vn 0.9836 -0.1400 0.1137
vn 0.8791 -0.4694 0.0825
vn 0.1989 -0.2983 0.9335
vn 0.4010 -0.6016 0.6909
vn 0.5241 -0.7861 0.3275
vn 0.5533 -0.8299 0.0710
vn 0.1768 -0.7509 0.6364
vn 0.2218 -0.9323 0.2858
vn 0.0371 -0.7802 0.6245
vn -0.5246 -0.8208 0.2258
vn -0.8819 -0.4654 0.0758
vn -0.8140 -0.4606 0.3539
vn -0.9836 -0.1400 0.1137
vn -0.9123 -0.1053 0.3958
vn -0.5701 -0.4385 0.6948
vn -0.6312 -0.0996 0.7692
vn -0.1753 -0.7767 0.6050
vn -0.2566 -0.4070 0.8766
vn -0.0371 -0.7709 0.6358
vn -0.0530 -0.3968 0.9164
vn -0.0771 -0.1156 0.9903
vn 0.9067 -0.1652 -0.3882
vn 0.9133 -0.0363 -0.4056
vn 0.6272 -0.0681 -0.7759
vn 0.6175 -0.3135 -0.7214
vn 0.2727 -0.3869 -0.8809
vn 0.0771 -0.1156 -0.9903
vn 0.0578 -0.4007 -0.9144
vn 0.8938 -0.3481 -0.2828
vn 0.5903 -0.6265 -0.5090
vn 0.2564 -0.7502 -0.6095
vn 0.0544 -0.7750 -0.6297
vn 0.5557 -0.7991 -0.2293
vn 0.2349 -0.9336 -0.2707
vn 0.5483 -0.8349 -0.0483
vn -0.0372 -0.7709 -0.6358
vn -0.2567 -0.4071 -0.8766
vn -0.0771 -0.1156 -0.9903
vn -0.3785 -0.8025 -0.4613
vn -0.5701 -0.4384 -0.6948
vn -0.5246 -0.8208 -0.2258
vn -0.8819 -0.4654 -0.0758
vn 0.0911 0.3952 0.9141
vn 0.0199 0.4092 0.9122
vn 0.0371 0.7802 0.6245
vn 0.1768 0.7509 0.6364
vn 0.2217 0.9323 0.2858
vn 0.1989 0.2983 0.9335
vn 0.4010 0.6016 0.6908
vn 0.5241 0.7861 0.3275
vn 0.5533 0.8300 0.0710
vn 0.5876 0.3112 0.7469
vn 0.8171 0.4373 0.3757
vn 0.8791 0.4694 0.0825
vn 0.6385 0.0682 0.7666
vn 0.9148 0.0969 0.3922
vn 0.9836 0.1400 0.1137
vn -0.8772 0.4622 0.1298
vn -0.5557 0.7991 0.2293
vn -0.2348 0.9336 0.2707
vn -0.8938 0.3481 0.2828
vn -0.2564 0.7502 0.6095
vn -0.0544 0.7750 0.6297
vn -0.6174 0.3135 0.7214
vn -0.0578 0.4007 0.9144
vn -0.6272 0.0681 0.7759
vn 0.8772 0.4622 -0.1298
vn 0.8771 0.4795 -0.0284
vn 0.5483 0.8349 -0.0483
vn 0.5557 0.7991 -0.2293
vn 0.2348 0.9336 -0.2707
vn 0.8938 0.3481 -0.2828
vn 0.5903 0.6265 -0.5090
vn 0.2564 0.7502 -0.6095
vn 0.0544 0.7750 -0.6297
vn 0.6175 0.3135 -0.7214
vn 0.2727 0.3868 -0.8809
vn 0.0578 0.4007 -0.9144
vn 0.6272 0.0681 -0.7759
vn -0.0911 0.3952 -0.9141
vn -0.0199 0.4092 -0.9122
vn -0.0371 0.7802 -0.6245
vn -0.1768 0.7509 -0.6364
vn -0.2218 0.9323 -0.2858
vn -0.1989 0.2983 -0.9335
vn -0.4010 0.6016 -0.6909
vn -0.5241 0.7862 -0.3275
vn -0.5533 0.8299 -0.0711
vn -0.5875 0.3112 -0.7470
vn -0.8171 0.4373 -0.3757
vn -0.8791 0.4694 -0.0825
vn -0.6385 0.0683 -0.7666
vn -0.0882 -0.5670 0.8190
vn -0.0356 -0.8720 0.4882
vn -0.1708 -0.8468 0.5037
vn -0.0443 -0.9901 0.1329
vn -0.2182 -0.9647 0.1476
vn -0.0626 -0.9959 -0.0648
vn -0.2303 -0.9700 -0.0773
vn -0.1938 -0.4808 0.8552
vn -0.3889 -0.7178 0.5775
vn -0.5158 -0.8310 0.2083
vn -0.5528 -0.8320 -0.0471
vn -0.5759 -0.4568 0.6780
vn -0.8076 -0.5049 0.3048
vn -0.8777 -0.4790 0.0150
vn -0.6333 -0.2290 0.7393
vn -0.8819 0.4297 0.1941
vn -0.5519 0.8171 0.1664
vn -0.5648 0.7501 0.3441
vn -0.2300 0.9537 0.1938
vn -0.2402 0.8812 0.4073
vn -0.0636 0.9738 0.2182
vn -0.0504 0.9068 0.4185
vn -0.9002 0.2844 0.3299
vn -0.6043 0.5201 0.6036
vn -0.2653 0.6294 0.7304
vn -0.0564 0.6518 0.7563
vn -0.6254 0.1565 0.7644
vn -0.2781 0.1964 0.9403
vn -0.6266 -0.0988 0.7730
vn -0.2760 -0.1225 0.9533
vn -0.0771 -0.0979 0.9922
vn -0.0794 -0.9066 -0.4144
vn -0.0173 -0.9051 -0.4249
vn -0.0385 -0.6464 -0.7620
vn -0.1815 -0.6583 -0.7306
vn -0.2619 -0.2181 -0.9401
vn -0.0770 0.0979 -0.9922
vn -0.2789 0.1150 -0.9534
vn -0.1702 -0.9238 -0.3430
vn -0.3896 -0.7120 -0.5842
vn -0.5812 -0.2889 -0.7607
vn -0.6317 0.0663 -0.7723
vn -0.5334 -0.7728 -0.3438
vn -0.8237 -0.3825 -0.4185
vn -0.5634 -0.8094 -0.1656
vn -0.9016 0.2443 -0.3571
vn -0.6219 0.2309 -0.7482
vn -0.6056 0.4542 -0.6534
vn -0.2729 0.2829 -0.9195
vn -0.2650 0.5531 -0.7899
vn -0.0759 0.3205 -0.9442
vn -0.0560 0.5721 -0.8183
vn -0.8875 0.4005 -0.2278
vn -0.5773 0.7097 -0.4037
vn -0.2484 0.8420 -0.4789
vn -0.0526 0.8680 -0.4938
vn -0.5501 0.8276 -0.1120
vn -0.2316 0.9637 -0.1329
vn -0.5487 0.8331 0.0702
vn -0.2282 0.9701 0.0823
vn -0.0629 0.9959 0.0648
vn 0.2697 -0.3377 0.9018
vn 0.2838 -0.2334 0.9301
vn 0.6333 -0.2291 0.7392
vn 0.5759 -0.4569 0.6779
vn 0.9112 -0.1785 0.3712
vn 0.8076 -0.5049 0.3047
vn 0.1939 -0.4808 0.8551
vn 0.3890 -0.7177 0.5775
vn 0.5159 -0.8309 0.2084
vn 0.5529 -0.8319 -0.0471
vn 0.1710 -0.8468 0.5037
vn 0.2184 -0.9646 0.1477
vn 0.2306 -0.9700 -0.0773
vn 0.0358 -0.8720 0.4882
vn 0.0445 -0.9901 0.1329
vn 0.0629 -0.9959 -0.0648
vn 0.2298 0.9448 0.2336
vn 0.2375 0.9583 0.1587
vn 0.5634 0.8095 0.1656
vn 0.5334 0.7728 0.3438
vn 0.8237 0.3826 0.4185
vn 0.1702 0.9238 0.3429
vn 0.3896 0.7120 0.5842
vn 0.5813 0.2889 0.7607
vn 0.6318 -0.0663 0.7723
vn 0.1816 0.6582 0.7306
vn 0.2620 0.2181 0.9401
vn 0.2790 -0.1150 0.9534
vn 0.0385 0.6464 0.7621
vn 0.2296 -0.9449 -0.2335
vn 0.2375 -0.9583 -0.1587
vn 0.5634 -0.8094 -0.1656
vn 0.5334 -0.7728 -0.3438
vn 0.8851 -0.4437 -0.1409
vn 0.8237 -0.3825 -0.4185
vn 0.1702 -0.9238 -0.3429
vn 0.3896 -0.7120 -0.5842
vn 0.5813 -0.2889 -0.7607
vn 0.6317 0.0662 -0.7724
vn 0.1816 -0.6583 -0.7306
vn 0.2620 -0.2180 -0.9401
vn 0.2790 0.1150 -0.9534
vn 0.0385 -0.6463 -0.7621
vn 0.2697 0.3377 -0.9018
vn 0.2837 0.2333 -0.9301
vn 0.6333 0.2291 -0.7392
vn 0.5759 0.4569 -0.6779
vn 0.9113 0.1785 -0.3711
vn 0.8076 0.5049 -0.3047
vn 0.1938 0.4808 -0.8551
vn 0.3890 0.7178 -0.5775
vn 0.5159 0.8309 -0.2083
vn 0.5529 0.8319 0.0472
vn 0.1710 0.8468 -0.5037
vn 0.2185 0.9646 -0.1477
vn 0.2306 0.9700 0.0773
vn 0.0358 0.8720 -0.4883
vn -0.8884 -0.4515 -0.0823
vn -0.5612 -0.7774 -0.2842
vn -0.2334 -0.8932 -0.3844
vn -0.5530 -0.8254 -0.1136
vn -0.0481 -0.9073 -0.4178
vn -0.2291 -0.9548 -0.1895
vn -0.9159 -0.3416 -0.2108
vn -0.5999 -0.6036 -0.5251
vn -0.2526 -0.6984 -0.6697
vn -0.0520 -0.7063 -0.7060
vn -0.6423 -0.3096 -0.7012
vn -0.2744 -0.3619 -0.8909
vn -0.6680 -0.0702 -0.7408
vn -0.1021 0.4295 -0.8973
vn -0.0426 0.8435 -0.5354
vn -0.1991 0.8197 -0.5371
vn -0.2347 0.9661 -0.1077
vn -0.2308 0.9629 0.1401
vn -0.0480 0.9922 -0.1149
vn -0.2194 0.3254 -0.9198
vn -0.4486 0.6660 -0.5960
vn -0.5556 0.8205 -0.1344
vn -0.5549 0.8180 0.1519
vn -0.6492 0.3478 -0.6764
vn -0.8656 0.4585 -0.2011
vn -0.8790 0.4599 0.1260
vn -0.6909 0.0762 -0.7189
vn -0.9603 0.1006 -0.2604
vn 0.2188 -0.9324 -0.2878
vn 0.2328 -0.9471 -0.2209
vn 0.5465 -0.7949 -0.2636
vn 0.4960 -0.7644 -0.4120
vn 0.7567 -0.4171 -0.5034
vn 0.9504 -0.1386 -0.2784
vn 0.8549 -0.0957 -0.5099
vn 0.1582 -0.9132 -0.3754
vn 0.3480 -0.7240 -0.5956
vn 0.5153 -0.3821 -0.7671
vn 0.5793 -0.0878 -0.8104
vn 0.1607 -0.6959 -0.6999
vn 0.2331 -0.3572 -0.9045
vn 0.2606 -0.0813 -0.9620
vn 0.0343 -0.6959 -0.7174
vn 0.2660 0.1399 -0.9538
vn 0.5703 0.3061 -0.7623
vn 0.8039 0.4283 -0.4127
vn 0.5977 0.0627 -0.7993
vn 0.8780 0.4607 -0.1301
vn 0.8704 0.0899 -0.4841
vn 0.2003 0.3050 -0.9311
vn 0.4078 0.6224 -0.6681
vn 0.5337 0.7986 -0.2783
vn 0.5610 0.8278 -0.0100
vn 0.1843 0.7977 -0.5742
vn 0.2295 0.9581 -0.1716
vn 0.0391 0.8383 -0.5438
vn 0.0469 0.9907 -0.1277
vn 0.0653 0.9942 0.0851
vn -0.8657 -0.1549 0.4761
vn -0.8626 -0.0323 0.5049
vn -0.5862 -0.0646 0.8076
vn -0.5955 -0.3087 0.7417
vn -0.2721 -0.4033 0.8737
vn -0.8719 -0.3433 0.3492
vn -0.5899 -0.6382 0.4947
vn -0.2648 -0.7922 0.5499
vn -0.0580 -0.8326 0.5508
vn -0.5634 -0.8079 0.1732
vn -0.2433 -0.9576 0.1541
vn -0.0519 -0.9899 0.1316
vn -0.5550 -0.8316 -0.0171
vn -0.2317 -0.9696 -0.0790
vn -0.0654 -0.9942 -0.0850
vn -0.0767 0.8997 0.4297
vn -0.0182 0.9014 0.4326
vn -0.1649 0.6935 0.7013
vn -0.2371 0.3546 0.9044
vn -0.0373 0.6953 0.7178
vn -0.0517 0.3571 0.9326
vn -0.1602 0.9119 0.3779
vn -0.3503 0.7206 0.5983
vn -0.5166 0.3783 0.7681
vn -0.5797 0.0865 0.8103
vn -0.4968 0.7615 0.4163
vn -0.7564 0.4135 0.5068
vn -0.8538 0.0952 0.5118
vn -0.5461 0.7944 0.2660
vn 0.0824 -0.9904 0.1108
vn 0.0179 -0.9916 0.1277
vn 0.0418 -0.8350 0.5486
vn 0.1954 -0.8440 0.4995
vn 0.2863 -0.4524 0.8446
vn 0.1775 -0.9839 0.0191
vn 0.4142 -0.8577 0.3045
vn 0.6332 -0.4858 0.6025
vn 0.6854 -0.1089 0.7199
vn 0.5462 -0.8375 0.0155
vn 0.8604 -0.4790 0.1740
vn 0.9588 -0.1088 0.2623
vn 0.5589 -0.8106 -0.1749
vn 0.9411 0.1702 0.2922
vn 0.9544 0.0405 0.2959
vn 0.6413 0.3103 0.7017
vn 0.2737 0.3622 0.8910
vn 0.6679 0.0711 0.7408
vn 0.9154 0.3422 0.2122
vn 0.5987 0.6043 0.5257
vn 0.2518 0.6984 0.6700
vn 0.0517 0.7062 0.7062
vn 0.5604 0.7776 0.2852
vn 0.2328 0.8931 0.3849
vn 0.0479 0.9073 0.4178
vn 0.5529 0.8254 0.1141
vn 0.0906 -0.3658 -0.9263
vn 0.1755 -0.6947 -0.6976
vn 0.2224 -0.8904 -0.3971
vn 0.0376 -0.7109 -0.7023
vn 0.2333 -0.9532 -0.1925
vn 0.0464 -0.9085 -0.4153
vn 0.1994 -0.2823 -0.9384
vn 0.4027 -0.5692 -0.7169
vn 0.5275 -0.7608 -0.3781
vn 0.5576 -0.8194 -0.1328
vn 0.6091 -0.3019 -0.7334
vn 0.8361 -0.4313 -0.3389
vn 0.6788 -0.0672 -0.7312
vn 0.9518 -0.0971 -0.2910
vn 0.9894 -0.1451 -0.0005
vn 0.8827 0.4626 0.0830
vn 0.5461 0.8190 0.1759
vn 0.5752 0.8179 -0.0152
vn 0.2287 0.9626 0.1452
vn 0.2473 0.9649 -0.0886
vn 0.0521 0.9917 -0.1174
vn 0.9264 0.3626 -0.1017
vn 0.6418 0.6792 -0.3560
vn 0.2857 0.8192 -0.4973
vn 0.0613 0.8396 -0.5397
vn 0.6819 0.3440 -0.6455
vn 0.3049 0.4298 -0.8499
vn 0.6784 0.0729 -0.7311
vn -0.2545 -0.1242 -0.9591
vn -0.5879 -0.0555 -0.8070
vn -0.5332 -0.2645 -0.8036
vn -0.8579 -0.0835 -0.5069
vn -0.7590 -0.3870 -0.5236
vn -0.1828 -0.2652 -0.9467
vn -0.3626 -0.5260 -0.7693
vn -0.4902 -0.7161 -0.4969
vn -0.5385 -0.7927 -0.2857
vn -0.1601 -0.6718 -0.7233
vn -0.2088 -0.8687 -0.4492
vn -0.2258 -0.9397 -0.2568
vn -0.0333 -0.7055 -0.7079
vn -0.0427 -0.9038 -0.4259
vn -0.0637 -0.9643 -0.2571
vn -0.2289 0.9727 0.0394
vn -0.5316 0.8310 -0.1640
vn -0.8021 0.4565 -0.3851
vn -0.5664 0.8240 0.0134
vn -0.8685 0.1005 -0.4854
vn -0.8802 0.4584 -0.1229
vn -0.1709 0.9833 -0.0628
vn -0.3883 0.8336 -0.3928
vn -0.5625 0.4446 -0.6971
vn -0.5935 0.0960 -0.7991
vn -0.1847 0.8269 -0.5311
vn -0.2588 0.4270 -0.8664
vn -0.0401 0.8303 -0.5558
vn 0.0830 -0.9880 0.1300
vn 0.0196 -0.9909 0.1331
vn 0.1858 -0.8252 0.5334
vn 0.0538 -0.4239 0.9041
vn 0.2590 -0.4245 0.8676
vn 0.1728 -0.9828 0.0652
vn 0.3904 -0.8310 0.3962
vn 0.5632 -0.4407 0.6990
vn 0.5933 -0.0945 0.7994
vn 0.5333 -0.8290 0.1682
vn 0.8026 -0.4535 0.3876
vn 0.8686 -0.0995 0.4854
vn 0.5665 -0.8240 -0.0109
vn 0.8476 0.1520 0.5085
vn 0.8578 0.0356 0.5127
vn 0.5589 0.2764 0.7818
vn 0.2468 0.3413 0.9070
vn 0.5771 0.0625 0.8143
vn 0.2586 0.0753 0.9630
vn 0.8420 0.3138 0.4388
vn 0.5396 0.5539 0.6340
vn 0.2326 0.6685 0.7064
vn 0.0493 0.6993 0.7132
vn 0.5274 0.7382 0.4207
vn 0.2223 0.8709 0.4383
vn 0.0466 0.9021 0.4291
vn 0.5363 0.8009 0.2664
vn 0.2241 0.9414 0.2523
vn 0.0638 0.9642 0.2573
vn -0.9535 -0.1696 0.2493
vn -0.9582 -0.0356 0.2840
vn -0.6785 -0.0733 0.7310
vn -0.6811 -0.3451 0.6457
vn -0.3042 -0.4302 0.8499
vn -0.9260 -0.3634 0.1022
vn -0.6407 -0.6800 0.3566
vn -0.2847 -0.8194 0.4976
vn -0.0610 -0.8396 0.5398
vn -0.5746 -0.8183 0.0161
vn -0.2468 -0.9650 0.0892
vn -0.0520 -0.9917 0.1173
vn -0.5462 -0.8191 -0.1754
vn -0.2288 -0.9626 -0.1449
vn -0.0618 -0.9923 -0.1073
vn -0.0771 0.9068 0.4146
vn -0.0170 0.9034 0.4285
vn -0.0378 0.7004 0.7128
vn -0.1747 0.7139 0.6781
vn -0.2613 0.3755 0.8892
vn -0.1678 0.9255 0.3395
vn -0.3799 0.7586 0.5293
vn -0.5861 0.4198 0.6930
vn -0.6700 0.0989 0.7357
vn -0.5289 0.7995 0.2847
vn -0.8316 0.4547 0.3189
vn -0.9489 0.1066 0.2971
vn -0.5639 0.8187 0.1085
vn -0.8872 0.4606 0.0272
vn -0.9895 0.1448 0.0009
vn -0.0968 0.4170 -0.9037
vn -0.0404 0.8257 -0.5626
vn -0.1886 0.7946 -0.5771
vn -0.0473 0.9856 -0.1625
vn -0.2306 0.9566 -0.1784
vn -0.0632 0.9967 0.0505
vn -0.2330 0.9704 0.0628
vn -0.2078 0.3117 -0.9272
vn -0.4221 0.6339 -0.6481
vn -0.5414 0.8060 -0.2391
vn -0.5594 0.8282 0.0342
vn -0.6046 0.3241 -0.7276
vn -0.8337 0.4447 -0.3274
vn -0.8846 0.4659 -0.0229
vn -0.6431 0.0701 -0.7625
vn -0.9192 0.0971 -0.3816
vn -0.8742 -0.4477 -0.1878
vn -0.5493 -0.7707 -0.3229
vn -0.2303 -0.8976 -0.3758
vn -0.5482 -0.8220 -0.1543
vn -0.0480 -0.9213 -0.3858
vn -0.2279 -0.9573 -0.1781
vn -0.8873 -0.3337 -0.3183
vn -0.5764 -0.5913 -0.5640
vn -0.2467 -0.7012 -0.6689
vn -0.0517 -0.7227 -0.6893
vn -0.6055 -0.2975 -0.7382
vn -0.2642 -0.3602 -0.8947
vn -0.0555 -0.3730 -0.9261
vn -0.6241 -0.0661 -0.7785
vn 0.2786 0.1454 -0.9493
vn 0.6038 0.3217 -0.7293
vn 0.8338 0.4432 -0.3291
vn 0.6431 0.0682 -0.7627
vn 0.9194 0.0957 -0.3815
vn 0.2067 0.3099 -0.9280
vn 0.4210 0.6325 -0.6501
vn 0.5412 0.8056 -0.2410
vn 0.5595 0.8281 0.0336
vn 0.1878 0.7936 -0.5788
vn 0.2303 0.9564 -0.1796
vn 0.2334 0.9704 0.0624
vn 0.0397 0.8259 -0.5624
vn 0.0469 0.9856 -0.1622
vn 0.0636 0.9967 0.0507
vn 0.2253 -0.9501 -0.2156
vn 0.5591 -0.8152 -0.1511
vn 0.5171 -0.7947 -0.3179
vn 0.8795 -0.4572 -0.1319
vn 0.8021 -0.4440 -0.3994
vn 0.9806 -0.1420 -0.1349
vn 0.9083 -0.1028 -0.4056
vn 0.1641 -0.9339 -0.3177
vn 0.3676 -0.7591 -0.5372
vn 0.5554 -0.4117 -0.7225
vn 0.6263 -0.0953 -0.7737
vn 0.1684 -0.7250 -0.6679
vn 0.2483 -0.3778 -0.8920
vn 0.2767 -0.0860 -0.9571
vn 0.0353 -0.7182 -0.6949
vn -0.0771 0.9203 0.3835
vn -0.0170 0.9195 0.3926
vn -0.0366 0.7181 0.6949
vn -0.1707 0.7238 0.6686
vn -0.2505 0.3763 0.8920
vn -0.1651 0.9334 0.3187
vn -0.3689 0.7573 0.5388
vn -0.5562 0.4095 0.7232
vn -0.6265 0.0946 0.7736
vn -0.5179 0.7933 0.3200
vn -0.8022 0.4422 0.4012
vn -0.9080 0.1021 0.4064
vn -0.5590 0.8151 0.1522
vn -0.9132 -0.1628 0.3737
vn -0.9150 -0.0343 0.4021
vn -0.6312 -0.0680 0.7726
vn -0.6337 -0.3222 0.7033
vn -0.2846 -0.4082 0.8674
vn -0.9032 -0.3530 0.2443
vn -0.6109 -0.6510 0.4505
vn -0.2708 -0.7916 0.5478
vn -0.0584 -0.8209 0.5681
vn -0.5682 -0.8123 0.1314
vn -0.2432 -0.9564 0.1618
vn -0.0514 -0.9849 0.1654
vn -0.5527 -0.8313 -0.0587
vn -0.2306 -0.9707 -0.0679
vn -0.0637 -0.9967 -0.0507
vn 0.9016 0.1619 0.4012
vn 0.9119 0.0371 0.4087
vn 0.6055 0.2975 0.7382
vn 0.2642 0.3603 0.8946
vn 0.6241 0.0662 0.7785
vn 0.2743 0.0793 0.9584
vn 0.8873 0.3337 0.3184
vn 0.5763 0.5913 0.5641
vn 0.2467 0.7012 0.6689
vn 0.0518 0.7226 0.6893
vn 0.5492 0.7707 0.3231
vn 0.2303 0.8975 0.3760
vn 0.0480 0.9213 0.3860
vn 0.5482 0.8220 0.1544
vn 0.2279 0.9572 0.1783
vn 0.0629 0.9773 0.2024
vn 0.0818 -0.9836 0.1609
vn 0.0184 -0.9851 0.1713
vn 0.0404 -0.8174 0.5746
vn 0.1871 -0.8205 0.5402
vn 0.2689 -0.4303 0.8617
vn 0.1732 -0.9812 0.0856
vn 0.3967 -0.8351 0.3811
vn 0.5912 -0.4573 0.6644
vn 0.6375 -0.1012 0.7637
vn 0.5382 -0.8330 0.1284
vn 0.8306 -0.4669 0.3035
vn 0.9173 -0.1049 0.3841
vn 0.5649 -0.8233 -0.0560
vn 0.8868 -0.4618 0.0172
vn 0.9866 -0.1340 0.0928
vn 0.2270 0.9692 0.0956
vn 0.5246 0.8208 0.2258
vn 0.8139 0.4607 0.3540
vn 0.9123 0.1053 0.3958
vn 0.5701 0.4385 0.6948
vn 0.1753 0.7767 0.6050
vn 0.2566 0.4070 0.8766
vn 0.0371 0.7709 0.6358
vn 0.0530 0.3968 0.9164
vn 0.0771 0.1156 0.9903
vn -0.2742 0.1422 0.9511
vn -0.6385 0.0683 0.7666
vn -0.5875 0.3112 0.7470
vn -0.9148 0.0969 0.3922
vn -0.8171 0.4373 0.3757
vn -0.9836 0.1400 0.1137
vn -0.8791 0.4694 0.0825
vn -0.1989 0.2983 0.9335
vn -0.4010 0.6016 0.6909
vn -0.5241 0.7861 0.3275
vn -0.5533 0.8300 0.0710
vn -0.1768 0.7509 0.6364
vn -0.2217 0.9323 0.2858
vn -0.0371 0.7802 0.6245
vn 0.0776 0.9587 -0.2736
vn 0.0372 0.7709 -0.6358
vn 0.1753 0.7767 -0.6050
vn 0.0531 0.3968 -0.9164
vn 0.2566 0.4071 -0.8766
vn 0.1670 0.9647 -0.2035
vn 0.3785 0.8025 -0.4613
vn 0.5701 0.4384 -0.6948
vn 0.6312 0.0998 -0.7692
vn 0.5246 0.8209 -0.2258
vn 0.8139 0.4607 -0.3540
vn 0.9123 0.1054 -0.3958
vn 0.5598 0.8272 -0.0486
vn 0.8819 0.4654 -0.0759
vn -0.6175 0.3135 -0.7214
vn -0.2727 0.3869 -0.8809
vn -0.0771 0.1156 -0.9903
vn -0.0578 0.4007 -0.9144
vn -0.5903 0.6265 -0.5090
vn -0.0544 0.7750 -0.6297
vn -0.5557 0.7991 -0.2293
vn -0.2348 0.9336 -0.2707
vn -0.5483 0.8349 -0.0483
vn 0.8772 -0.4622 0.1298
vn 0.8771 -0.4795 0.0284
vn 0.5557 -0.7991 0.2293
vn 0.2348 -0.9336 0.2707
vn 0.8938 -0.3481 0.2828
vn 0.2564 -0.7502 0.6095
vn 0.0544 -0.7750 0.6297
vn 0.6174 -0.3135 0.7214
vn 0.2727 -0.3869 0.8809
vn 0.0578 -0.4007 0.9144
vn 0.6272 -0.0681 0.7759
vn -0.0911 -0.3952 0.9141
vn -0.0199 -0.4092 0.9122
vn -0.0370 -0.7802 0.6245
vn -0.1768 -0.7509 0.6364
vn -0.2217 -0.9323 0.2858
vn -0.1989 -0.2983 0.9335
vn -0.4010 -0.6016 0.6908
vn -0.5241 -0.7861 0.3275
vn -0.5533 -0.8299 0.0710
vn -0.5876 -0.3112 0.7469
vn -0.8171 -0.4373 0.3757
vn -0.8791 -0.4694 0.0825
vn -0.6385 -0.0682 0.7666
vn -0.9148 -0.0969 0.3922
vn 0.0911 -0.3952 -0.9141
vn 0.4010 -0.6016 -0.6909
vn 0.5876 -0.3112 -0.7469
vn 0.8791 -0.4694 -0.0824
vn 0.9148 -0.0968 -0.3922
vn 0.9836 -0.1400 -0.1137
vn -0.8772 -0.4622 -0.1298
vn -0.8771 -0.4795 -0.0284
vn -0.5483 -0.8349 -0.0483
vn -0.5557 -0.7991 -0.2293
vn -0.2348 -0.9336 -0.2707
vn -0.8938 -0.3481 -0.2828
vn -0.5903 -0.6265 -0.5090
vn -0.2564 -0.7502 -0.6095
vn -0.0544 -0.7750 -0.6297
vn -0.6174 -0.3135 -0.7214
vn -0.2727 -0.3869 -0.8809
vn -0.0578 -0.4007 -0.9144
vn -0.6272 -0.0681 -0.7759
vn -0.2764 -0.0832 -0.9574
vn -0.0906 0.3659 -0.9262
vn -0.1753 0.6947 -0.6976
vn -0.2224 0.8904 -0.3971
vn -0.0376 0.7109 -0.7023
vn -0.2333 0.9532 -0.1924
vn -0.0462 0.9084 -0.4155
vn -0.1994 0.2823 -0.9384
vn -0.4027 0.5691 -0.7169
vn -0.5275 0.7607 -0.3781
vn -0.5575 0.8195 -0.1328
vn -0.6091 0.3020 -0.7334
vn -0.8361 0.4313 -0.3389
vn -0.6788 0.0671 -0.7312
vn -0.9518 0.0971 -0.2911
vn -0.9894 0.1451 -0.0005
vn -0.8829 -0.4623 0.0825
vn -0.5462 -0.8190 0.1759
vn -0.5752 -0.8178 -0.0151
vn -0.2287 -0.9626 0.1453
vn -0.2473 -0.9649 -0.0886
vn -0.0521 -0.9917 -0.1174
vn -0.9266 -0.3621 -0.1018
vn -0.6418 -0.6792 -0.3560
vn -0.2856 -0.8192 -0.4973
vn -0.0613 -0.8396 -0.5397
vn -0.6819 -0.3440 -0.6455
vn -0.3049 -0.4298 -0.8499
vn -0.6784 -0.0729 -0.7310
vn 0.2546 0.1244 -0.9590
vn 0.5880 0.0557 -0.8070
vn 0.5332 0.2645 -0.8036
vn 0.8580 0.0834 -0.5068
vn 0.7590 0.3870 -0.5236
vn 0.1828 0.2651 -0.9467
vn 0.3626 0.5260 -0.7693
vn 0.4902 0.7161 -0.4969
vn 0.5385 0.7927 -0.2857
vn 0.1600 0.6718 -0.7233
vn 0.2088 0.8687 -0.4491
vn 0.2258 0.9397 -0.2568
vn 0.0333 0.7055 -0.7079
vn 0.0427 0.9037 -0.4259
vn 0.0637 0.9643 -0.2572
vn 0.2288 -0.9727 0.0391
vn 0.5313 -0.8309 -0.1650
vn 0.8018 -0.4563 -0.3860
vn 0.5664 -0.8240 0.0128
vn 0.8680 -0.1006 -0.4862
vn 0.8801 -0.4584 -0.1236
vn 0.1710 -0.9833 -0.0629
vn 0.3883 -0.8334 -0.3934
vn 0.5625 -0.4444 -0.6972
vn 0.5934 -0.0960 -0.7991
vn 0.1846 -0.8267 -0.5315
vn 0.2590 -0.4269 -0.8664
vn 0.0405 -0.8302 -0.5559
vn -0.0831 0.9880 0.1299
vn -0.0198 0.9909 0.1328
vn -0.1859 0.8252 0.5334
vn -0.0537 0.4238 0.9042
vn -0.2590 0.4240 0.8679
vn -0.1727 0.9828 0.0653
vn -0.3904 0.8309 0.3966
vn -0.5632 0.4406 0.6990
vn -0.5933 0.0945 0.7994
vn -0.5332 0.8292 0.1677
vn -0.8025 0.4536 0.3876
vn -0.8686 0.0995 0.4854
vn -0.5664 0.8240 -0.0108
vn -0.8475 -0.1523 0.5084
vn -0.8576 -0.0356 0.5130
vn -0.5589 -0.2767 0.7817
vn -0.2468 -0.3414 0.9069
vn -0.5771 -0.0626 0.8143
vn -0.2585 -0.0756 0.9631
vn -0.8420 -0.3138 0.4389
vn -0.5396 -0.5540 0.6340
vn -0.2326 -0.6685 0.7064
vn -0.0494 -0.6992 0.7132
vn -0.5273 -0.7382 0.4207
vn -0.2223 -0.8709 0.4384
vn -0.0467 -0.9021 0.4290
vn -0.5363 -0.8009 0.2663
vn -0.2240 -0.9414 0.2523
vn -0.0638 -0.9642 0.2572
vn 0.9534 0.1694 0.2496
vn 0.9581 0.0356 0.2842
vn 0.6785 0.0734 0.7309
vn 0.6811 0.3451 0.6458
vn 0.3042 0.4302 0.8500
vn 0.9260 0.3635 0.1022
vn 0.6407 0.6799 0.3567
vn 0.2847 0.8194 0.4975
vn 0.0610 0.8396 0.5398
vn 0.5746 0.8183 0.0161
vn 0.2467 0.9650 0.0891
vn 0.0520 0.9917 0.1173
vn 0.5463 0.8190 -0.1755
vn 0.2288 0.9626 -0.1450
vn 0.0618 0.9923 -0.1073
vn 0.0770 -0.9067 0.4147
vn 0.0172 -0.9034 0.4284
vn 0.0378 -0.7004 0.7127
vn 0.1747 -0.7138 0.6783
vn 0.2613 -0.3754 0.8892
vn 0.1677 -0.9254 0.3398
vn 0.3799 -0.7586 0.5293
vn 0.5861 -0.4198 0.6930
vn 0.6698 -0.0992 0.7359
vn 0.5289 -0.7995 0.2846
vn 0.8316 -0.4547 0.3190
vn 0.9489 -0.1065 0.2972
vn 0.5638 -0.8187 0.1085
vn 0.8871 -0.4607 0.0272
vn 0.9895 -0.1448 0.0010
vn -0.8743 0.4814 0.0624
vn -0.5487 0.8331 -0.0702
vn -0.5501 0.8275 0.1119
vn -0.2282 0.9701 -0.0823
vn -0.2316 0.9637 0.1330
vn -0.0629 0.9959 -0.0648
vn -0.0485 0.9895 0.1360
vn -0.8875 0.4005 0.2278
vn -0.5773 0.7098 0.4037
vn -0.2484 0.8419 0.4790
vn -0.0526 0.8680 0.4938
vn -0.6056 0.4542 0.6534
vn -0.2649 0.5531 0.7899
vn -0.6220 0.2309 0.7482
vn -0.2729 0.2830 0.9195
vn -0.0759 0.3205 0.9442
vn -0.0928 -0.1979 0.9758
vn -0.0382 -0.6582 0.7518
vn -0.1828 -0.6251 0.7588
vn -0.0461 -0.9084 0.4156
vn -0.2267 -0.8774 0.4228
vn -0.0633 -0.9738 0.2182
vn -0.2323 -0.9522 0.1987
vn -0.2015 -0.0956 0.9748
vn -0.4127 -0.4577 0.7875
vn -0.5353 -0.7193 0.4428
vn -0.5576 -0.8084 0.1885
vn -0.5952 -0.1487 0.7897
vn -0.8268 -0.3544 0.4368
vn -0.8826 -0.4462 0.1480
vn -0.6380 0.0966 0.7640
vn -0.9099 0.0799 -0.4070
vn -0.6266 -0.0987 -0.7730
vn -0.6254 0.1567 -0.7644
vn -0.2760 -0.1225 -0.9533
vn -0.2781 0.1965 -0.9402
vn -0.9001 0.2844 -0.3300
vn -0.6042 0.5202 -0.6036
vn -0.2653 0.6294 -0.7304
vn -0.0564 0.6518 -0.7563
vn -0.5648 0.7501 -0.3441
vn -0.2402 0.8811 -0.4073
vn -0.0504 0.9068 -0.4185
vn -0.5519 0.8171 -0.1665
vn -0.2300 0.9537 -0.1938
vn -0.0636 0.9738 -0.2182
vn -0.0765 -0.9883 -0.1323
vn -0.0359 -0.8652 -0.5001
vn -0.1696 -0.8658 -0.4708
vn -0.0514 -0.5688 -0.8208
vn -0.2490 -0.5710 -0.7823
vn -0.0758 -0.3205 -0.9442
vn -0.2755 -0.2897 -0.9166
vn -0.1655 -0.9842 -0.0636
vn -0.3694 -0.8676 -0.3329
vn -0.5566 -0.5666 -0.6076
vn -0.6250 -0.2600 -0.7361
vn -0.5193 -0.8480 -0.1054
vn -0.8047 -0.5233 -0.2804
vn -0.5602 -0.8255 0.0689
vn 0.2265 0.9731 -0.0425
vn 0.2369 0.9645 -0.1167
vn 0.5601 0.8255 -0.0689
vn 0.5193 0.8480 0.1054
vn 0.8806 0.4738 0.0091
vn 0.8047 0.5233 0.2804
vn 0.1654 0.9842 0.0637
vn 0.3694 0.8676 0.3329
vn 0.5565 0.5666 0.6077
vn 0.6249 0.2600 0.7361
vn 0.1697 0.8658 0.4708
vn 0.2491 0.5710 0.7823
vn 0.2756 0.2897 0.9166
vn 0.0359 0.8652 0.5001
vn 0.2749 0.0633 0.9594
vn 0.2849 0.1730 0.9428
vn 0.6380 0.0965 0.7640
vn 0.5952 -0.1488 0.7896
vn 0.9162 -0.0116 0.4006
vn 0.8267 -0.3545 0.4368
vn 0.2016 -0.0957 0.9748
vn 0.4128 -0.4576 0.7875
vn 0.5354 -0.7193 0.4428
vn 0.5577 -0.8084 0.1885
vn 0.1831 -0.6250 0.7589
vn 0.2270 -0.8773 0.4228
vn 0.2326 -0.9521 0.1986
vn 0.0384 -0.6583 0.7518
vn 0.0463 -0.9084 0.4156
vn 0.0636 -0.9738 0.2182
vn 0.2749 -0.0636 -0.9594
vn 0.2849 -0.1730 -0.9428
vn 0.6380 -0.0966 -0.7640
vn 0.5953 0.1488 -0.7896
vn 0.9162 0.0116 -0.4005
vn 0.8268 0.3544 -0.4368
vn 0.2017 0.0955 -0.9748
vn 0.4127 0.4577 -0.7875
vn 0.5354 0.7193 -0.4427
vn 0.5577 0.8084 -0.1885
vn 0.1831 0.6250 -0.7588
vn 0.2269 0.8773 -0.4228
vn 0.2326 0.9521 -0.1986
vn 0.0384 0.6583 -0.7518
vn 0.0462 0.9084 -0.4156
vn 0.0636 0.9738 -0.2182
vn 0.2265 -0.9731 0.0425
vn 0.2369 -0.9645 0.1167
vn 0.5602 -0.8255 0.0689
vn 0.5194 -0.8480 -0.1054
vn 0.8806 -0.4738 -0.0091
vn 0.8047 -0.5233 -0.2803
vn 0.1653 -0.9842 -0.0637
vn 0.3694 -0.8676 -0.3329
vn 0.5566 -0.5666 -0.6076
vn 0.6249 -0.2600 -0.7361
vn 0.1697 -0.8658 -0.4708
vn 0.2490 -0.5709 -0.7823
vn 0.2755 -0.2897 -0.9166
vn 0.0359 -0.8652 -0.5001
vn 0.0515 -0.5688 -0.8209
vn 0.0759 -0.3205 -0.9442
vn 0.8884 0.4515 -0.0827
vn 0.5611 0.7772 -0.2848
vn 0.2333 0.8929 -0.3850
vn 0.5529 0.8254 -0.1140
vn 0.0481 0.9070 -0.4184
vn 0.2290 0.9547 -0.1899
vn 0.9158 0.3417 -0.2110
vn 0.5998 0.6037 -0.5252
vn 0.2525 0.6983 -0.6698
vn 0.0520 0.7062 -0.7061
vn 0.6422 0.3098 -0.7011
vn 0.2743 0.3621 -0.8909
vn 0.6680 0.0703 -0.7408
vn 0.1020 -0.4295 -0.8973
vn 0.0426 -0.8435 -0.5354
vn 0.1992 -0.8196 -0.5371
vn 0.2345 -0.9661 -0.1075
vn 0.2308 -0.9629 0.1402
vn 0.0478 -0.9922 -0.1150
vn 0.2194 -0.3254 -0.9198
vn 0.4486 -0.6661 -0.5959
vn 0.5556 -0.8205 -0.1344
vn 0.5548 -0.8180 0.1520
vn 0.6491 -0.3484 -0.6762
vn 0.8657 -0.4585 -0.2011
vn 0.8792 -0.4595 0.1259
vn 0.6909 -0.0762 -0.7189
vn 0.9602 -0.1006 -0.2604
vn -0.2188 0.9325 -0.2875
vn -0.2325 0.9472 -0.2209
vn -0.5465 0.7950 -0.2632
vn -0.4963 0.7645 -0.4114
vn -0.7570 0.4172 -0.5028
vn -0.9508 0.1384 -0.2770
vn -0.8553 0.0958 -0.5092
vn -0.1582 0.9133 -0.3754
vn -0.3476 0.7242 -0.5956
vn -0.5153 0.3823 -0.7670
vn -0.5794 0.0878 -0.8103
vn -0.1606 0.6959 -0.6999
vn -0.2330 0.3572 -0.9045
vn -0.2605 0.0813 -0.9620
vn -0.0342 0.6959 -0.7173
vn -0.2659 -0.1400 -0.9538
vn -0.5703 -0.3061 -0.7623
vn -0.8039 -0.4283 -0.4127
vn -0.5977 -0.0627 -0.7992
vn -0.8781 -0.4603 -0.1305
vn -0.8704 -0.0900 -0.4841
vn -0.2004 -0.3049 -0.9311
vn -0.4078 -0.6225 -0.6680
vn -0.5336 -0.7986 -0.2782
vn -0.5610 -0.8277 -0.0102
vn -0.1844 -0.7977 -0.5742
vn -0.2295 -0.9581 -0.1716
vn -0.0392 -0.8383 -0.5438
vn -0.0470 -0.9907 -0.1277
vn -0.0654 -0.9942 0.0851
vn 0.8657 0.1553 0.4758
vn 0.8626 0.0322 0.5049
vn 0.5862 0.0645 0.8076
vn 0.5955 0.3085 0.7418
vn 0.2721 0.4034 0.8736
vn 0.8719 0.3433 0.3491
vn 0.5899 0.6382 0.4947
vn 0.2647 0.7923 0.5498
vn 0.0580 0.8326 0.5508
vn 0.5633 0.8079 0.1731
vn 0.2432 0.9577 0.1541
vn 0.0519 0.9899 0.1317
vn 0.5551 0.8316 -0.0170
vn 0.2318 0.9696 -0.0790
vn 0.0655 0.9942 -0.0850
vn 0.0766 -0.8997 0.4298
vn 0.0183 -0.9015 0.4325
vn 0.1649 -0.6934 0.7014
vn 0.2372 -0.3547 0.9044
vn 0.0372 -0.6955 0.7176
vn 0.0517 -0.3572 0.9326
vn 0.1601 -0.9119 0.3780
vn 0.3502 -0.7206 0.5984
vn 0.5165 -0.3782 0.7682
vn 0.5799 -0.0862 0.8101
vn 0.4967 -0.7615 0.4164
vn 0.7564 -0.4134 0.5068
vn 0.8539 -0.0947 0.5117
vn 0.5461 -0.7944 0.2660
vn -0.0825 0.9904 0.1108
vn -0.0180 0.9917 0.1275
vn -0.0417 0.8350 0.5487
vn -0.1954 0.8440 0.4994
vn -0.2864 0.4521 0.8448
vn -0.1775 0.9839 0.0191
vn -0.4142 0.8578 0.3044
vn -0.6333 0.4858 0.6025
vn -0.6854 0.1089 0.7200
vn -0.5463 0.8375 0.0154
vn -0.8603 0.4791 0.1740
vn -0.9588 0.1087 0.2623
vn -0.5589 0.8106 -0.1749
vn -0.9411 -0.1701 0.2922
vn -0.9544 -0.0406 0.2958
vn -0.6414 -0.3104 0.7016
vn -0.2738 -0.3622 0.8910
vn -0.6680 -0.0710 0.7408
vn -0.9153 -0.3422 0.2123
vn -0.5988 -0.6042 0.5257
vn -0.2519 -0.6984 0.6699
vn -0.0517 -0.7063 0.7060
vn -0.5604 -0.7776 0.2852
vn -0.2328 -0.8931 0.3849
vn -0.0479 -0.9073 0.4178
vn -0.5529 -0.8254 0.1142
vn -0.0644 0.9771 -0.2027
vn -0.0613 -0.9698 -0.2362
vn 0.9657 0.1278 -0.2262
vn -0.0609 0.9924 0.1068
vn 0.2871 0.0817 0.9544
vn 0.0633 -0.9696 -0.2363
vn -0.9656 0.1292 -0.2259
vn 0.0617 0.9923 0.1072
vn 0.0407 -0.8307 0.5552
vn -0.0630 -0.9773 -0.2022
vn -0.0634 0.9696 -0.2364
vn 0.9653 -0.1288 -0.2270
vn -0.0617 -0.9923 0.1072
vn -0.0406 0.8308 0.5551
vn 0.0613 0.9696 -0.2368
vn -0.9657 -0.1279 -0.2262
vn 0.0608 -0.9924 0.1067
vn -0.2871 -0.0816 0.9544
vt 0.879600 1.071900
vt 0.120400 -0.071900
vt 0.879600 -0.071900
vt 0.120400 1.071900
vt 0.879600 -0.280000
vt 0.120400 -0.244400
vt 0.120400 -0.280000
vt 1.071900 -0.280000
vt -0.071900 -0.244400
vt -0.071900 -0.280000
vt 0.120000 -0.280900
vt 0.120400 -0.280900
vt 0.120000 -0.072700
vt 0.120400 -0.072800
vt -0.072300 -0.280900
vt -0.071900 -0.280900
vt 0.119500 1.072300
vt 0.119500 1.071900
vt 0.119500 -0.244000
vt 0.119500 -0.244400
vt -0.072700 -0.244000
vt -0.072800 -0.244400
vt 0.880500 -0.071900
vt 0.880500 1.071900
vt 0.879600 1.072800
vt 0.120400 1.072800
vt 0.119500 -0.071900
vt 0.879600 -0.072800
vt 0.879600 -0.244400
vt 0.880500 -0.280000
vt 0.880500 -0.244400
vt 0.119500 -0.280000
vt 1.071900 -0.244400
vt 1.072800 -0.280000
vt 1.072800 -0.244400
vt 0.119500 -0.280400
vt 0.118900 -0.280000
vt 0.119000 -0.280700
vt 1.073400 -0.280700
vt 1.072800 -0.280900
vt 1.071900 -0.280900
vt 0.119700 -0.280700
vt 0.119200 -0.281200
vt 1.073400 -0.281200
vt 1.072800 -0.281400
vt 1.071900 -0.281500
vt 0.119700 -0.281400
vt 0.880500 -0.072800
vt 0.880800 -0.073400
vt 0.881000 -0.072800
vt 0.881100 -0.071900
vt 0.120400 -0.281500
vt 0.880300 -0.073400
vt 0.119500 -0.072300
vt 0.118900 -0.071900
vt 0.119000 -0.072500
vt -0.072500 -0.281500
vt -0.072700 -0.280900
vt -0.072800 -0.280000
vt 0.119700 -0.072500
vt 0.119200 -0.073000
vt -0.073000 -0.281500
vt -0.073300 -0.280900
vt -0.073400 -0.280000
vt 0.119700 -0.073300
vt 0.880500 -0.280900
vt 0.880800 -0.281500
vt 0.881000 -0.280900
vt 0.881100 -0.280000
vt 0.120400 -0.073400
vt 0.879600 -0.280900
vt 0.880300 -0.281500
vt -0.072700 -0.280400
vt -0.073300 -0.280700
vt 0.881100 -0.280700
vt -0.072500 -0.280700
vt -0.073000 -0.281200
vt 0.881100 -0.281200
vt 0.880500 -0.281400
vt 0.879600 -0.281500
vt -0.072500 -0.281400
vt 0.880500 1.072700
vt 0.881100 1.073000
vt 0.880500 1.073300
vt 0.879600 1.073400
vt -0.071900 -0.281500
vt 0.881100 1.072500
vt 0.120000 1.072700
vt 0.120400 1.073400
vt 0.119700 1.073300
vt 0.119700 -0.281500
vt 0.119500 -0.280900
vt 0.119700 1.072500
vt 0.119200 1.073000
vt 0.119200 -0.281500
vt 0.119000 -0.280900
vt 0.119000 1.072500
vt 1.072700 -0.280900
vt 1.073000 -0.281500
vt 1.073300 -0.280900
vt 1.073400 -0.280000
vt 0.118900 1.071900
vt 1.072500 -0.281500
vt 0.120400 -0.243500
vt 0.120000 -0.243600
vt 0.120400 -0.242900
vt 0.119700 -0.243000
vt 0.119700 -0.073400
vt 0.119500 -0.072800
vt 0.119700 -0.243700
vt 0.119200 -0.243300
vt 0.119200 -0.073400
vt 0.119000 -0.072800
vt 0.119000 -0.243700
vt 1.072800 -0.243600
vt 1.073400 -0.243300
vt 1.072800 -0.243000
vt 1.071900 -0.243500
vt 1.071900 -0.242900
vt 0.118900 -0.244400
vt 1.073400 -0.243700
vt -0.071900 -0.243500
vt -0.072300 -0.243600
vt -0.071900 -0.242900
vt -0.072500 -0.243000
vt 0.881100 -0.072500
vt 0.880500 -0.072700
vt -0.072500 -0.243700
vt -0.073000 -0.243300
vt 0.881100 -0.073000
vt 0.880500 -0.073300
vt 0.879600 -0.073400
vt -0.073300 -0.243700
vt 0.880500 -0.243600
vt 0.881100 -0.243300
vt 0.880500 -0.243000
vt 0.879600 -0.243500
vt 0.879600 -0.242900
vt -0.073400 -0.244400
vt 0.881100 -0.243700
vt 0.118900 1.072500
vt 0.119500 1.072700
vt 0.118900 1.073000
vt 0.119500 1.073300
vt 0.880300 1.073400
vt 0.880500 1.072800
vt 0.880800 1.073400
vt 0.881000 1.072800
vt 0.881100 1.071900
vt 0.881100 -0.244400
vt 1.073400 -0.244400
vt 0.034100 0.489500
vt 0.055200 0.510500
vt 0.055200 0.489500
vt 1.060400 0.510500
vt 1.081500 0.489500
vt 1.060400 0.489500
vt 1.060100 0.856600
vt 0.966200 0.143400
vt 0.945200 0.143400
vt 0.489500 0.856600
vt 0.510500 0.143400
vt 0.489500 0.143400
vt 0.033800 0.143400
vt -0.060100 0.856600
vt 0.054800 0.143400
vt 0.505600 0.281400
vt 0.491900 0.267800
vt 0.491900 0.281400
vt 0.508100 0.267800
vt 0.494400 0.281400
vt 0.508100 0.281400
vt 1.206000 0.508100
vt 0.976500 0.494400
vt 0.976500 0.508100
vt 1.206000 0.281400
vt 0.976500 0.267800
vt 0.976500 0.281400
vt -0.206000 0.494400
vt 0.023500 0.508100
vt 0.023500 0.494400
vt -0.206000 0.267800
vt 0.023500 0.281400
vt 0.023500 0.267800
vt 1.195700 0.282500
vt 1.214400 0.269500
vt 1.198500 0.266700
vt -0.195700 0.282500
vt -0.214400 0.269500
vt -0.211600 0.285300
vt 1.195400 0.804900
vt 1.211200 0.197600
vt 1.195400 0.197600
vt 0.804900 0.285600
vt 0.197600 0.269800
vt 0.197600 0.285600
vt -0.214700 0.804900
vt -0.198900 0.197600
vt -0.214700 0.197600
vt 0.802400 0.266300
vt 0.195100 0.282100
vt 0.802400 0.282100
vt -0.245200 0.168800
vt -0.224200 0.189800
vt -0.224200 0.168800
vt 1.066400 0.277600
vt 1.087400 0.256500
vt 1.066400 0.256500
vt 1.223800 0.143400
vt 1.087800 0.856600
vt 1.244800 0.143400
vt 0.256300 0.856600
vt 0.190100 0.143400
vt 0.169000 0.143400
vt -0.087800 0.856600
vt -0.223800 0.143400
vt -0.244800 0.143400
vt 0.809900 0.143400
vt 0.743700 0.856600
vt 0.831000 0.143400
vt -0.224200 0.810200
vt -0.245200 0.831200
vt -0.224200 0.831200
vt 1.087400 0.743500
vt 1.066400 0.722400
vt 1.066400 0.743500
vt -0.066900 0.856600
vt 0.277400 0.856600
vt 0.944800 0.510500
vt 0.965900 0.489500
vt 0.944800 0.489500
vt -0.060400 0.489500
vt -0.081500 0.510500
vt -0.060400 0.510500
vt 0.510500 0.856600
vt 1.081200 0.856600
vt -0.206000 0.508100
vt -0.206000 0.281400
vt 1.206000 0.494400
vt 1.206000 0.267800
vt 1.224200 0.189800
vt 1.245200 0.168800
vt 1.224200 0.168800
vt -0.087400 0.256500
vt -0.066400 0.277600
vt -0.066400 0.256500
vt -0.198500 0.266700
vt 1.211600 0.285300
vt -0.211200 0.197600
vt -0.195400 0.804900
vt -0.195400 0.197600
vt 0.802400 0.269800
vt 0.195100 0.285600
vt 0.802400 0.285600
vt 1.198900 0.197600
vt 1.214700 0.804900
vt 1.214700 0.197600
vt 0.197600 0.266300
vt 0.804900 0.282100
vt 0.804900 0.266300
vt 1.245200 0.831200
vt 1.224200 0.810200
vt 1.224200 0.831200
vt -0.066400 0.722400
vt -0.087400 0.743500
vt -0.066400 0.743500
vt 0.945000 0.142600
vt 0.944700 0.142600
vt 0.034100 0.488600
vt 0.033700 0.488700
vt 0.489500 0.142500
vt 0.489100 0.142600
vt 0.034100 0.510500
vt 0.033200 0.510500
vt 0.033200 0.510900
vt 1.059300 0.856600
vt 1.059400 0.857000
vt 0.488600 0.856600
vt 0.488600 0.857000
vt 0.488700 0.857000
vt -0.081200 0.856600
vt -0.082100 0.856600
vt -0.082100 0.857000
vt 0.975700 0.508100
vt 0.975700 0.508500
vt 0.505600 0.282300
vt 0.505900 0.282200
vt 0.024300 0.267800
vt 0.024300 0.267400
vt 0.505600 0.267800
vt 0.506400 0.267800
vt 0.506400 0.267400
vt 1.206000 0.509000
vt 1.206400 0.508900
vt 1.206000 0.282300
vt 1.206400 0.282200
vt -0.206000 0.266900
vt -0.206400 0.266900
vt -0.206000 0.493600
vt -0.206400 0.493600
vt 1.195400 0.196700
vt 1.195000 0.196800
vt 1.211400 0.286200
vt 1.211800 0.286200
vt 0.803300 0.266300
vt 0.803200 0.266000
vt 1.215200 0.269600
vt 1.215300 0.269200
vt 1.194600 0.804900
vt 1.194600 0.805300
vt 0.804900 0.286500
vt 0.805300 0.286400
vt 0.195100 0.266300
vt 0.195100 0.265500
vt 0.194700 0.265500
vt -0.215600 0.804900
vt -0.215500 0.805300
vt 1.223900 0.142500
vt 1.223600 0.142600
vt -0.245200 0.167900
vt -0.245600 0.168000
vt 0.810000 0.142500
vt 0.809600 0.142600
vt -0.245200 0.189800
vt -0.246100 0.189800
vt -0.246000 0.190200
vt 1.066900 0.856600
vt 1.066000 0.856600
vt 1.065900 0.857000
vt 0.255400 0.856600
vt 0.255500 0.857000
vt 0.722600 0.856600
vt 0.721800 0.856600
vt 0.721800 0.857000
vt -0.088700 0.856600
vt -0.088600 0.857000
vt -0.224200 0.832100
vt -0.223800 0.832000
vt -0.245000 0.142500
vt -0.245300 0.142600
vt -0.223300 0.810200
vt -0.223300 0.809800
vt 0.944900 0.488600
vt 0.944500 0.488700
vt 0.033900 0.142600
vt 0.033500 0.142600
vt 0.944000 0.510500
vt 0.944000 0.510900
vt 0.508100 0.282300
vt 0.508500 0.282200
vt 0.024300 0.494400
vt 0.024300 0.494100
vt 0.509000 0.267800
vt 0.508900 0.267400
vt 1.224200 0.167900
vt 1.223800 0.168000
vt 1.223300 0.189800
vt 1.223300 0.190200
vt -0.195600 0.283400
vt -0.195200 0.283200
vt -0.211300 0.196700
vt -0.211600 0.196800
vt -0.197700 0.266500
vt -0.197800 0.266100
vt 0.803300 0.269800
vt 0.803200 0.269400
vt 0.804900 0.283000
vt 0.805300 0.283000
vt -0.211200 0.804900
vt -0.212100 0.804900
vt -0.212100 0.805300
vt 1.198900 0.804900
vt 1.198000 0.804900
vt 1.198100 0.805300
vt 0.195100 0.269800
vt 0.195100 0.268900
vt 0.194700 0.269000
vt 1.245200 0.832100
vt 1.245600 0.832000
vt 1.245200 0.810200
vt 1.246100 0.810200
vt 1.246000 0.809800
vt 0.056000 0.489500
vt 0.056000 0.510500
vt 0.055100 0.511400
vt 0.034100 0.511400
vt 0.033200 0.489500
vt 0.055100 0.488600
vt 1.081500 0.488600
vt 1.082400 0.489500
vt 1.081500 0.510500
vt 1.082400 0.510500
vt 1.081500 0.511400
vt 1.060400 0.511400
vt 1.059500 0.510500
vt 1.059500 0.489500
vt 0.967100 0.143400
vt 1.082100 0.856600
vt 0.944300 0.143400
vt 0.511400 0.856600
vt -0.059300 0.856600
vt 0.491000 0.281400
vt 0.491000 0.267800
vt 0.491900 0.266900
vt 0.505600 0.266900
vt 0.506400 0.281400
vt 0.491900 0.282300
vt 0.494400 0.282300
vt 0.493600 0.281400
vt 0.494400 0.267800
vt 0.493600 0.267800
vt 0.494400 0.266900
vt 0.508100 0.266900
vt 0.509000 0.281400
vt 0.976500 0.493600
vt 1.206000 0.493600
vt 0.976500 0.509000
vt 0.976500 0.266900
vt 1.206000 0.266900
vt 0.023500 0.509000
vt -0.206000 0.509000
vt 1.197700 0.266500
vt 1.198700 0.265800
vt 1.214500 0.268600
vt 1.212500 0.285400
vt 1.195600 0.283400
vt -0.211400 0.286200
vt -0.212500 0.285400
vt -0.215200 0.269600
vt -0.198700 0.265800
vt -0.194900 0.282300
vt 1.212100 0.197600
vt 1.211200 0.804900
vt 1.212100 0.804900
vt 1.194600 0.197600
vt 0.197600 0.268900
vt 0.804900 0.269800
vt 0.804900 0.268900
vt -0.198000 0.197600
vt -0.198900 0.804900
vt -0.198000 0.804900
vt -0.223300 0.168800
vt -0.223300 0.189900
vt -0.245200 0.190700
vt -0.246100 0.168800
vt -0.224100 0.167900
vt 1.066400 0.255700
vt 1.087500 0.255700
vt 1.088400 0.277600
vt 1.087400 0.277600
vt 1.066400 0.278500
vt 1.065500 0.277600
vt 1.065500 0.256500
vt 1.088700 0.856600
vt 1.222900 0.143400
vt 0.190900 0.143400
vt 0.278200 0.856600
vt -0.222900 0.143400
vt -0.066000 0.856600
vt -0.223300 0.831200
vt -0.245200 0.809300
vt -0.224200 0.809300
vt -0.246100 0.831200
vt -0.245200 0.810200
vt -0.246100 0.810100
vt -0.245200 0.832100
vt 1.066400 0.744300
vt 1.088400 0.722400
vt 1.088400 0.743500
vt 1.066400 0.721500
vt 1.087400 0.722400
vt 1.087500 0.721500
vt 1.065500 0.722400
vt -0.245700 0.143400
vt 0.809100 0.143400
vt 0.944000 0.489500
vt 0.944900 0.511400
vt 0.965900 0.510500
vt 0.966800 0.510500
vt 0.965900 0.488600
vt -0.081500 0.488600
vt -0.060400 0.488600
vt -0.082400 0.510500
vt -0.081500 0.489500
vt -0.082400 0.489500
vt -0.081500 0.511400
vt -0.059500 0.489500
vt -0.059500 0.510500
vt 0.032900 0.143400
vt 0.488600 0.143400
vt 0.023500 0.493600
vt 0.023500 0.266900
vt 1.223300 0.168800
vt 1.245200 0.190700
vt 1.224200 0.190700
vt 1.246100 0.168800
vt 1.245200 0.189800
vt 1.246100 0.189900
vt 1.245200 0.167900
vt -0.066400 0.255700
vt -0.088400 0.277600
vt -0.088400 0.256500
vt -0.066400 0.278500
vt -0.087400 0.277600
vt -0.087500 0.278500
vt -0.065500 0.277600
vt -0.214500 0.268600
vt -0.212100 0.197600
vt -0.194600 0.197600
vt -0.194600 0.804900
vt 0.802400 0.268900
vt 1.198000 0.197600
vt 1.223300 0.831200
vt 1.223300 0.810100
vt 1.245200 0.809300
vt 1.246100 0.831200
vt 1.224100 0.832100
vt -0.066400 0.744300
vt -0.087500 0.744300
vt -0.088400 0.722400
vt -0.087400 0.722400
vt -0.066400 0.721500
vt -0.065500 0.722400
vt -0.065500 0.743500
vt 0.944300 0.143000
vt 0.943700 0.143400
vt 0.943700 0.142800
vt 0.511400 0.143400
vt 0.512000 0.142800
vt 0.511400 0.142600
vt 0.510500 0.142500
vt 0.944400 0.142800
vt 0.943900 0.142300
vt 0.512000 0.142300
vt 0.511400 0.142000
vt 0.510500 0.141900
vt 0.944300 0.142000
vt 0.055900 0.488600
vt 0.056100 0.488000
vt 0.055700 0.488000
vt 0.056500 0.488600
vt 0.944900 0.141900
vt 0.055100 0.488000
vt 0.033200 0.489100
vt 0.032500 0.489500
vt 0.032600 0.488800
vt 0.488800 0.141900
vt 0.488700 0.142500
vt 0.033400 0.488800
vt 0.032900 0.488300
vt 0.488100 0.142500
vt 0.488300 0.141900
vt 0.488000 0.143400
vt 0.033400 0.488100
vt 0.966900 0.142500
vt 0.967100 0.141900
vt 0.966600 0.141900
vt 0.967500 0.142500
vt 0.034000 0.488000
vt 0.966100 0.142600
vt 0.966000 0.141900
vt 0.488700 0.143000
vt 0.488100 0.142800
vt 0.055800 0.142600
vt 0.056300 0.143400
vt 0.056400 0.142800
vt 0.055000 0.142600
vt 0.055700 0.143400
vt 0.488800 0.142800
vt 0.488300 0.142300
vt 0.055900 0.142000
vt 0.056500 0.142300
vt 0.055100 0.141900
vt 0.488800 0.142000
vt 0.056000 0.511300
vt 0.056500 0.511700
vt 0.056600 0.511200
vt 0.055900 0.511900
vt 0.489500 0.141900
vt 0.056600 0.510500
vt 0.033700 0.511300
vt 0.034000 0.512000
vt 0.033400 0.511900
vt 0.033400 0.141900
vt 0.033100 0.142500
vt 0.033400 0.511200
vt 0.032900 0.511700
vt 0.032900 0.141900
vt 0.032500 0.142500
vt 0.032300 0.143400
vt 0.032600 0.511200
vt 0.511900 0.142500
vt 0.511200 0.141900
vt 0.511300 0.142500
vt 0.512000 0.143400
vt 0.032500 0.510500
vt 1.059900 0.857400
vt 1.060300 0.857400
vt 1.059700 0.858000
vt 1.059600 0.488600
vt 1.060400 0.488000
vt 1.059700 0.488000
vt 1.060400 0.488600
vt 1.059600 0.857200
vt 1.059200 0.857700
vt 1.059200 0.488000
vt 1.058900 0.488600
vt 1.058900 0.489500
vt 1.058800 0.857200
vt 0.511400 0.857400
vt 0.512000 0.857700
vt 0.512000 0.857200
vt 0.510500 0.857500
vt 0.511400 0.858000
vt 1.058600 0.856600
vt 0.512000 0.856600
vt 0.489100 0.857400
vt 0.489500 0.857500
vt 0.489500 0.858100
vt 0.488800 0.858000
vt 1.082900 0.488800
vt 1.082300 0.488600
vt 0.488800 0.857200
vt 0.488300 0.857700
vt 1.082900 0.488300
vt 1.082300 0.488100
vt 1.081400 0.488000
vt 0.488100 0.857200
vt 1.082300 0.858000
vt 1.082800 0.857200
vt 1.082200 0.857400
vt 1.081400 0.858100
vt 1.081300 0.857500
vt 0.488000 0.856600
vt 1.082700 0.856600
vt 1.058800 0.511200
vt 1.059500 0.511300
vt 1.059500 0.511900
vt 1.058800 0.511700
vt 1.060400 0.512000
vt -0.059400 0.857400
vt -0.058800 0.857700
vt -0.058700 0.857200
vt -0.060300 0.857400
vt -0.059500 0.858000
vt -0.058600 0.856600
vt -0.081700 0.857400
vt -0.081300 0.857400
vt -0.081400 0.858100
vt -0.082100 0.858000
vt 1.082100 0.512000
vt 1.082300 0.511400
vt -0.081900 0.857200
vt -0.082500 0.857700
vt 1.082500 0.512000
vt 1.082800 0.511400
vt 1.082900 0.510500
vt -0.082700 0.857200
vt -0.082700 0.856600
vt 0.976100 0.508900
vt 0.976500 0.509600
vt 0.975900 0.509500
vt 0.023500 0.282300
vt 0.024100 0.282900
vt 0.024300 0.282300
vt 0.024300 0.281400
vt 0.975900 0.508700
vt 0.975400 0.509200
vt 0.024600 0.282900
vt 0.024900 0.282300
vt 0.025000 0.281400
vt 0.975100 0.508700
vt 0.491100 0.282300
vt 0.490800 0.282900
vt 0.491300 0.282900
vt 0.490500 0.282300
vt 0.975000 0.508100
vt 0.491900 0.282900
vt 0.506400 0.281800
vt 0.507100 0.281400
vt 0.507000 0.282000
vt 0.975700 0.281400
vt 0.975000 0.282000
vt 0.975700 0.282200
vt 0.976500 0.282300
vt 0.506200 0.282000
vt 0.506700 0.282500
vt 0.975000 0.282500
vt 0.975700 0.282800
vt 0.976500 0.282900
vt 0.506200 0.282800
vt 0.975700 0.493600
vt 0.975000 0.493300
vt 0.975000 0.493800
vt 0.975700 0.493000
vt 0.505600 0.282900
vt 0.975700 0.494400
vt 0.975000 0.494400
vt 0.023900 0.266900
vt 0.023500 0.266300
vt 0.024100 0.266300
vt 0.024100 0.509600
vt 0.024300 0.509000
vt 0.024300 0.508100
vt 0.024100 0.267100
vt 0.024600 0.266600
vt 0.024600 0.509600
vt 0.024900 0.509000
vt 0.025000 0.508100
vt 0.024900 0.267100
vt 0.491000 0.266900
vt 0.490400 0.266600
vt 0.490400 0.267100
vt 0.491000 0.266300
vt 0.025000 0.267800
vt 0.490400 0.267800
vt 0.505900 0.266900
vt 0.505600 0.266300
vt 0.506200 0.266300
vt 0.025000 0.493800
vt 0.024300 0.493600
vt 0.506200 0.267100
vt 0.506700 0.266600
vt 0.025000 0.493300
vt 0.024300 0.493000
vt 0.023500 0.492900
vt 0.507000 0.267100
vt 0.975700 0.266900
vt 0.975000 0.266600
vt 0.975000 0.267100
vt 0.975700 0.266300
vt 0.507100 0.267800
vt 0.975700 0.267800
vt 0.975000 0.267800
vt 1.206800 0.508500
vt 1.206900 0.508100
vt 1.207500 0.508100
vt 1.207400 0.508700
vt 0.508700 0.282900
vt 0.508900 0.282300
vt 1.206700 0.508700
vt 1.207100 0.509200
vt 0.509200 0.282900
vt 0.509500 0.282300
vt 0.509600 0.281400
vt 1.206700 0.509500
vt -0.206800 0.282300
vt -0.207100 0.282900
vt -0.206700 0.282900
vt -0.206900 0.281400
vt -0.207400 0.282300
vt 1.206000 0.509600
vt -0.206000 0.282300
vt -0.206000 0.282900
vt 1.206800 0.281800
vt 1.206900 0.281400
vt 1.207500 0.281400
vt 1.207400 0.282000
vt 0.492900 0.282000
vt 0.493600 0.282200
vt 1.206700 0.282000
vt 1.207100 0.282500
vt 0.492900 0.282500
vt 0.493600 0.282800
vt 0.494400 0.282900
vt 1.206700 0.282800
vt 1.206800 0.493600
vt 1.207100 0.492900
vt 1.206700 0.492900
vt 1.206900 0.494400
vt 1.207400 0.493600
vt 1.206000 0.282900
vt 1.206000 0.492900
vt -0.206800 0.267400
vt -0.206900 0.267800
vt -0.207500 0.267800
vt -0.207400 0.267100
vt 0.509600 0.267100
vt 0.509000 0.266900
vt -0.206700 0.267100
vt -0.207100 0.266600
vt 0.509600 0.266600
vt 0.509000 0.266300
vt 0.508100 0.266300
vt -0.206700 0.266300
vt -0.206800 0.509000
vt -0.207100 0.509600
vt -0.206700 0.509600
vt -0.206900 0.508100
vt -0.207400 0.509000
vt -0.206000 0.266300
vt -0.206000 0.509600
vt -0.206800 0.494100
vt -0.206900 0.494400
vt -0.207500 0.494400
vt -0.207400 0.493800
vt 0.493800 0.266300
vt 0.493600 0.266900
vt -0.206700 0.493800
vt -0.207100 0.493300
vt 0.493300 0.266300
vt 0.493000 0.266900
vt 0.492900 0.267800
vt -0.206700 0.493000
vt 1.206800 0.266900
vt 1.207100 0.266300
vt 1.206700 0.266300
vt 1.206900 0.267800
vt 1.207400 0.266900
vt -0.206000 0.492900
vt 1.206000 0.266300
vt 1.194600 0.197200
vt 1.194000 0.197600
vt 1.194100 0.196900
vt 0.802400 0.283000
vt 0.803100 0.283700
vt 0.803200 0.283100
vt 0.803300 0.282200
vt 1.194800 0.196900
vt 1.194400 0.196500
vt 0.803500 0.283800
vt 0.803800 0.283100
vt 0.803900 0.282200
vt 1.194800 0.196200
vt 1.194800 0.283200
vt 1.194400 0.283800
vt 1.194800 0.283900
vt 1.194900 0.282300
vt 1.194200 0.283100
vt 1.195500 0.196100
vt 1.195500 0.284000
vt 1.212300 0.285800
vt 1.213100 0.285600
vt 1.212900 0.286200
vt 0.196700 0.285600
vt 0.196100 0.286200
vt 0.196700 0.286400
vt 0.197600 0.286500
vt 1.212100 0.286100
vt 1.212500 0.286600
vt 0.196100 0.286600
vt 0.196700 0.286900
vt 0.197600 0.287000
vt 1.212000 0.286800
vt 1.212100 0.196700
vt 1.212500 0.196100
vt 1.212000 0.196100
vt 1.212700 0.196700
vt 1.211300 0.286800
vt 1.211300 0.196700
vt 1.211300 0.196100
vt 0.802800 0.265500
vt 0.802400 0.265500
vt 0.802400 0.264900
vt 0.803100 0.265000
vt -0.197300 0.196900
vt -0.198000 0.196800
vt -0.198900 0.196700
vt 0.803100 0.265700
vt 0.803500 0.265300
vt -0.197300 0.196500
vt -0.197900 0.196200
vt -0.198800 0.196100
vt 0.803800 0.265800
vt 1.197800 0.265700
vt 1.197300 0.265300
vt 1.197200 0.265800
vt 1.197900 0.265100
vt 0.803900 0.266400
vt 1.197100 0.266400
vt 1.214900 0.268700
vt 1.214600 0.268000
vt 1.215300 0.268200
vt -0.214700 0.196700
vt -0.215300 0.196100
vt -0.215500 0.196700
vt -0.215600 0.197600
vt 1.215100 0.268900
vt 1.215700 0.268500
vt -0.215700 0.196100
vt -0.216000 0.196700
vt -0.216100 0.197600
vt 1.215900 0.269100
vt 0.196700 0.269000
vt 0.196100 0.268500
vt 0.196100 0.269100
vt 0.196700 0.268300
vt 1.215900 0.269700
vt 0.196700 0.269800
vt 0.196100 0.269700
vt 1.195000 0.805800
vt 1.195400 0.805800
vt 1.195500 0.806400
vt 1.194800 0.806400
vt -0.194800 0.283900
vt -0.194800 0.283200
vt 1.194800 0.805600
vt 1.194400 0.806100
vt -0.194400 0.283800
vt -0.194200 0.283100
vt -0.194300 0.282200
vt 1.194100 0.805600
vt 0.194200 0.283100
vt 0.193900 0.283800
vt 0.194400 0.283700
vt 0.194200 0.282200
vt 0.193600 0.283100
vt 1.194000 0.804900
vt 0.195100 0.283000
vt 0.195100 0.283700
vt 0.805800 0.286000
vt 0.805800 0.285600
vt 0.806400 0.285600
vt 0.806400 0.286200
vt -0.213000 0.286200
vt -0.212300 0.286200
vt 0.805600 0.286300
vt 0.806100 0.286700
vt -0.212900 0.286700
vt -0.212200 0.286800
vt -0.211300 0.286800
vt 0.805600 0.286900
vt 1.212200 0.805800
vt 1.212900 0.806100
vt 1.212800 0.805600
vt 1.211300 0.805800
vt 1.212200 0.806400
vt 0.804900 0.287000
vt 1.212800 0.804900
vt 0.194200 0.266000
vt 0.194200 0.266300
vt 0.193600 0.266400
vt 0.193600 0.265800
vt -0.197200 0.265800
vt -0.197800 0.265700
vt 0.194400 0.265700
vt 0.193900 0.265300
vt -0.197300 0.265300
vt -0.197900 0.265100
vt -0.198800 0.265200
vt 0.194400 0.265000
vt -0.198000 0.805800
vt -0.197300 0.806100
vt -0.197300 0.805600
vt -0.198900 0.805800
vt -0.197900 0.806400
vt 0.195100 0.264900
vt -0.197300 0.804900
vt -0.215100 0.805800
vt -0.214700 0.805800
vt -0.214600 0.806400
vt -0.215300 0.806400
vt -0.215300 0.268100
vt -0.215300 0.268700
vt -0.215400 0.805600
vt -0.215800 0.806100
vt -0.215800 0.268200
vt -0.215900 0.268800
vt -0.215900 0.269700
vt -0.216000 0.805600
vt 0.805800 0.268900
vt 0.806100 0.268200
vt 0.805600 0.268200
vt 0.805800 0.269800
vt 0.806400 0.268800
vt -0.216100 0.804900
vt 0.804900 0.268200
vt 1.223000 0.143000
vt 1.222500 0.142700
vt 0.831900 0.142600
vt 0.832500 0.143400
vt 0.832600 0.142700
vt 0.831100 0.142500
vt 0.831800 0.143400
vt 1.223200 0.142800
vt 1.222900 0.142300
vt 0.832000 0.142000
vt 0.832600 0.142300
vt 0.831200 0.141900
vt 1.223400 0.142000
vt -0.223300 0.167900
vt -0.222900 0.167400
vt -0.223400 0.167400
vt -0.222600 0.168000
vt 1.224100 0.141900
vt -0.224100 0.167300
vt -0.246000 0.168400
vt -0.246600 0.168900
vt -0.246500 0.168200
vt 0.168100 0.142500
vt 0.168900 0.141900
vt 0.168200 0.141900
vt 0.168200 0.143400
vt 0.168900 0.142500
vt -0.245900 0.168100
vt -0.246300 0.167700
vt 0.167700 0.141900
vt 0.167500 0.142500
vt 0.167500 0.143400
vt -0.245800 0.167400
vt 1.246400 0.142500
vt 1.245800 0.141900
vt 1.245800 0.142500
vt 1.246300 0.143400
vt 1.245700 0.143400
vt -0.245100 0.167300
vt 1.245100 0.141900
vt 1.245000 0.142500
vt 0.809200 0.143000
vt 0.808400 0.143400
vt 0.808600 0.142800
vt -0.222400 0.142800
vt -0.223000 0.142600
vt -0.223900 0.142500
vt 0.809400 0.142700
vt 0.808900 0.142300
vt -0.222500 0.142300
vt -0.223200 0.142000
vt -0.224100 0.141900
vt 0.809400 0.142000
vt -0.223200 0.191300
vt -0.222500 0.190600
vt -0.223200 0.190700
vt -0.224100 0.191400
vt -0.224100 0.190700
vt 0.810100 0.141900
vt -0.222600 0.189900
vt -0.245600 0.190700
vt -0.245800 0.191300
vt -0.245800 0.142500
vt -0.245100 0.141900
vt -0.245800 0.141900
vt -0.245900 0.190500
vt -0.246300 0.191000
vt -0.246400 0.142500
vt -0.246300 0.141900
vt -0.246300 0.143400
vt -0.246500 0.190600
vt 0.190800 0.142500
vt 0.191000 0.141900
vt 0.190600 0.141900
vt 0.191400 0.142500
vt -0.246600 0.189900
vt 0.190000 0.142500
vt 0.189900 0.141900
vt 1.066300 0.857400
vt 1.066600 0.857500
vt 1.066500 0.858100
vt 1.065900 0.858000
vt 1.065900 0.255000
vt 1.065600 0.255600
vt 1.066000 0.857200
vt 1.065400 0.857700
vt 1.065400 0.254900
vt 1.065100 0.255600
vt 1.065000 0.256500
vt 1.065300 0.857300
vt 0.744500 0.857400
vt 0.745100 0.857700
vt 0.745100 0.857300
vt 0.743600 0.857500
vt 0.744400 0.858000
vt 1.065300 0.856600
vt 0.744600 0.856600
vt 0.745200 0.856600
vt 0.256000 0.857400
vt 0.256400 0.857500
vt 0.255800 0.858000
vt 1.088400 0.255700
vt 1.089100 0.256500
vt 1.089100 0.255800
vt 1.088400 0.256500
vt 0.255700 0.857300
vt 0.255300 0.857700
vt 1.088400 0.255100
vt 1.089100 0.255300
vt 1.087500 0.255000
vt 0.255000 0.857200
vt 1.088600 0.857400
vt 1.089100 0.857700
vt 1.089200 0.857200
vt 1.087700 0.857500
vt 1.088400 0.858000
vt 0.254800 0.856600
vt 1.089400 0.856600
vt 0.722200 0.857400
vt 0.722500 0.857500
vt 0.722500 0.858100
vt 0.721800 0.858000
vt 1.065000 0.278200
vt 1.065600 0.278400
vt 0.721900 0.857300
vt 0.721400 0.857700
vt 1.065100 0.278600
vt 1.065600 0.278900
vt 1.066500 0.279000
vt 0.721200 0.857300
vt -0.065600 0.858000
vt -0.065200 0.857300
vt -0.065800 0.857400
vt -0.066500 0.858100
vt -0.066700 0.857500
vt 0.721100 0.856600
vt -0.065300 0.856600
vt -0.088100 0.857400
vt -0.087700 0.857500
vt -0.088200 0.858000
vt 1.088300 0.278500
vt 1.087500 0.279000
vt 1.088200 0.279000
vt -0.088400 0.857200
vt -0.088800 0.857700
vt 1.088800 0.279000
vt 1.089000 0.278400
vt 1.089100 0.277500
vt -0.089100 0.857300
vt 0.278400 0.858000
vt 0.278900 0.857300
vt 0.278300 0.857400
vt 0.277500 0.858100
vt 0.277500 0.857500
vt -0.089400 0.856600
vt 0.278900 0.856600
vt -0.223300 0.831600
vt -0.222700 0.831800
vt -0.223500 0.831900
vt -0.222900 0.832300
vt -0.223400 0.832600
vt -0.223100 0.142500
vt -0.222900 0.141900
vt -0.223400 0.141900
vt -0.222500 0.142500
vt -0.224100 0.832700
vt -0.224000 0.142500
vt -0.245700 0.143000
vt -0.246400 0.142700
vt -0.245600 0.142800
vt -0.246200 0.142300
vt -0.245800 0.142000
vt -0.246000 0.832100
vt -0.246200 0.832600
vt -0.245800 0.832600
vt -0.246500 0.832000
vt -0.245100 0.832700
vt -0.223800 0.809300
vt -0.224100 0.808600
vt -0.223400 0.808700
vt 1.224000 0.142500
vt 1.223400 0.141900
vt 1.223100 0.142500
vt -0.223500 0.809500
vt -0.222900 0.809000
vt 1.222900 0.141900
vt 1.222500 0.142500
vt 1.222200 0.143400
vt -0.222700 0.809400
vt -0.222200 0.809200
vt -0.222600 0.810100
vt 1.245800 0.142600
vt 1.246400 0.142800
vt 1.246000 0.142000
vt 1.246600 0.142300
vt -0.246100 0.809300
vt -0.246600 0.808900
vt -0.246600 0.809400
vt -0.246000 0.808700
vt -0.246600 0.810100
vt 1.065500 0.743500
vt 1.065000 0.744200
vt 1.065600 0.744300
vt 1.065100 0.744700
vt 1.065600 0.744900
vt 1.066500 0.745000
vt 0.255000 0.857300
vt 1.088300 0.744400
vt 1.087500 0.745000
vt 1.088200 0.745000
vt 1.087500 0.744300
vt 1.089000 0.744400
vt 1.088800 0.745100
vt 1.089100 0.743500
vt 1.065900 0.721000
vt 1.065600 0.721500
vt 1.065400 0.721000
vt 1.065100 0.721600
vt 1.065000 0.722500
vt 0.279000 0.857700
vt 1.089100 0.721800
vt 1.088400 0.721600
vt 1.088400 0.721100
vt 1.089100 0.721400
vt 1.087500 0.721000
vt 0.721200 0.857200
vt 0.944000 0.489100
vt 0.943400 0.489500
vt 0.943500 0.488800
vt 0.944200 0.488800
vt 0.943800 0.488300
vt 0.944300 0.488100
vt 0.056400 0.142500
vt 0.055700 0.141900
vt 0.055800 0.142500
vt 0.944900 0.488000
vt 0.033000 0.143000
vt 0.032500 0.142800
vt 0.033200 0.142800
vt 0.032800 0.142300
vt 0.033300 0.142000
vt 0.966800 0.488600
vt 0.967200 0.488000
vt 0.966700 0.488000
vt 0.966800 0.489500
vt 0.967400 0.488600
vt 0.034000 0.141900
vt 0.966000 0.488000
vt 0.944500 0.511300
vt 0.944300 0.511900
vt 0.944200 0.142500
vt 0.944300 0.141900
vt 0.944200 0.511200
vt 0.943800 0.511700
vt 0.943600 0.142500
vt 0.943800 0.141900
vt 0.943500 0.511200
vt 0.511700 0.141900
vt 0.943400 0.510500
vt 0.967600 0.142800
vt 0.967000 0.142600
vt 0.967600 0.142300
vt 0.966900 0.142000
vt 0.966900 0.511900
vt 0.967500 0.511200
vt 0.966800 0.511300
vt 0.966000 0.512000
vt 0.965900 0.511400
vt 0.967500 0.510500
vt -0.058800 0.488800
vt -0.059500 0.488700
vt -0.059500 0.488100
vt -0.058800 0.488300
vt -0.060400 0.488000
vt -0.082100 0.488000
vt -0.082300 0.488600
vt -0.082500 0.488000
vt -0.082800 0.488600
vt -0.082900 0.489500
vt -0.059600 0.511400
vt -0.060400 0.512000
vt -0.059700 0.512000
vt -0.060400 0.511400
vt -0.059200 0.512000
vt -0.058900 0.511400
vt -0.058900 0.510500
vt -0.082900 0.511200
vt -0.082300 0.511300
vt -0.082900 0.511700
vt -0.082300 0.511900
vt -0.081400 0.512000
vt 0.508900 0.281800
vt 0.509500 0.282000
vt 0.508700 0.282000
vt 0.509200 0.282500
vt 0.508700 0.282800
vt 0.024300 0.508900
vt 0.025000 0.509200
vt 0.025000 0.508700
vt 0.024300 0.509500
vt 0.508100 0.282900
vt 0.023900 0.493600
vt 0.024100 0.493000
vt 0.024100 0.493800
vt 0.024600 0.493300
vt 0.024900 0.493800
vt 0.493600 0.282300
vt 0.493300 0.282900
vt 0.493800 0.282900
vt 0.493000 0.282300
vt 0.025000 0.494400
vt 0.508500 0.266900
vt 0.508700 0.266300
vt 0.975000 0.508700
vt 0.975700 0.508900
vt 0.508700 0.267100
vt 0.509200 0.266600
vt 0.975000 0.509200
vt 0.975700 0.509500
vt 0.509500 0.267100
vt 0.509600 0.267800
vt 0.975900 0.492900
vt 0.975400 0.492900
vt 0.975100 0.493600
vt 0.492900 0.266600
vt 0.492900 0.267100
vt 0.493600 0.266300
vt 0.490400 0.282000
vt 0.491000 0.282200
vt 0.490400 0.282500
vt 0.491000 0.282800
vt 0.506200 0.282900
vt 0.506400 0.282300
vt 0.506700 0.282900
vt 0.507000 0.282300
vt 0.491300 0.266300
vt 0.491100 0.266900
vt 0.490800 0.266300
vt 0.490500 0.266900
vt 0.507100 0.267100
vt 0.506400 0.266900
vt 0.507100 0.266600
vt 0.506400 0.266300
vt 1.223300 0.168400
vt 1.222700 0.168200
vt 1.223500 0.168100
vt 1.222900 0.167700
vt 1.223400 0.167400
vt 1.224100 0.167300
vt 1.246000 0.167900
vt 1.246200 0.167400
vt 1.245800 0.167400
vt 1.246500 0.168000
vt 1.245100 0.167300
vt 1.223800 0.190700
vt 1.224100 0.191400
vt 1.223400 0.191300
vt 1.223500 0.190500
vt 1.222900 0.191000
vt 1.222700 0.190600
vt 1.222200 0.190800
vt 1.222600 0.189900
vt 1.246100 0.190700
vt 1.246600 0.191100
vt 1.246600 0.190600
vt 1.246000 0.191300
vt 1.246600 0.189900
vt -0.065500 0.256500
vt -0.065000 0.255800
vt -0.065600 0.255700
vt -0.065100 0.255300
vt -0.065600 0.255100
vt -0.066500 0.255000
vt -0.088300 0.255600
vt -0.087500 0.255000
vt -0.088200 0.255000
vt -0.087500 0.255700
vt -0.089000 0.255600
vt -0.088800 0.254900
vt -0.089100 0.256500
vt -0.065900 0.279000
vt -0.065600 0.278500
vt -0.065400 0.279000
vt -0.065100 0.278400
vt -0.065000 0.277500
vt -0.089100 0.278200
vt -0.088400 0.278400
vt -0.088400 0.278900
vt -0.089100 0.278600
vt -0.087500 0.279000
vt -0.194900 0.282700
vt -0.194200 0.282900
vt 0.196700 0.282200
vt 0.196100 0.282900
vt 0.196700 0.283000
vt 0.197600 0.282100
vt 0.197600 0.283000
vt -0.195000 0.283000
vt -0.194400 0.283400
vt 0.196100 0.283400
vt 0.196700 0.283600
vt 0.197600 0.283700
vt -0.194900 0.283800
vt -0.194600 0.196700
vt -0.194400 0.196100
vt -0.194900 0.196100
vt -0.194100 0.196700
vt -0.195500 0.284000
vt -0.195400 0.196700
vt -0.195500 0.196100
vt -0.212100 0.197200
vt -0.212800 0.197600
vt -0.212700 0.196900
vt 0.802400 0.286500
vt 0.803100 0.287000
vt 0.803200 0.286500
vt 0.803300 0.285600
vt -0.211900 0.196900
vt -0.212400 0.196500
vt -0.213200 0.196800
vt -0.212800 0.196200
vt 0.803800 0.286400
vt 0.803900 0.285600
vt -0.212000 0.196200
vt -0.212300 0.286300
vt -0.212400 0.287000
vt -0.212000 0.286900
vt -0.212800 0.286400
vt -0.211300 0.196100
vt -0.198300 0.265800
vt -0.198100 0.265200
vt 1.198900 0.196700
vt 1.198100 0.196100
vt 1.198000 0.196700
vt -0.198000 0.265900
vt -0.197600 0.265400
vt 1.197600 0.196100
vt 1.197400 0.196700
vt 1.197300 0.197600
vt -0.197300 0.265800
vt 0.196700 0.265500
vt 0.196100 0.265400
vt 0.196100 0.265800
vt 0.197600 0.265500
vt 0.196700 0.265000
vt -0.197100 0.266400
vt 0.196700 0.266300
vt 0.196100 0.266400
vt 0.802800 0.269000
vt 0.802400 0.268200
vt 0.803100 0.268300
vt 1.215600 0.197600
vt 1.216100 0.196900
vt 1.215600 0.196800
vt 1.214700 0.196700
vt 0.803100 0.269100
vt 0.803500 0.268600
vt 0.803200 0.267900
vt 0.803800 0.268200
vt 1.215500 0.196200
vt 1.214600 0.196100
vt 0.803800 0.269100
vt -0.215400 0.268800
vt -0.216100 0.268600
vt -0.216000 0.269100
vt -0.215500 0.268200
vt 0.803900 0.269700
vt 0.805800 0.282500
vt 0.805800 0.282200
vt 0.806400 0.282200
vt 0.806400 0.282900
vt 1.194200 0.282900
vt 1.194700 0.283200
vt 0.805600 0.282800
vt 0.806100 0.283300
vt 1.194100 0.283300
vt 1.194600 0.283700
vt 0.805600 0.283600
vt 0.805800 0.284100
vt -0.195400 0.805800
vt -0.194600 0.806400
vt -0.194600 0.805800
vt 0.804900 0.283700
vt -0.194000 0.805600
vt -0.194000 0.804900
vt -0.211600 0.805800
vt -0.211300 0.805800
vt -0.211300 0.806400
vt -0.212000 0.806400
vt 1.212000 0.286900
vt 1.212300 0.286300
vt -0.211900 0.805600
vt -0.212400 0.806100
vt 1.212400 0.287000
vt 1.212800 0.286400
vt -0.212700 0.805600
vt -0.213200 0.805800
vt 0.194200 0.285600
vt 0.193600 0.286400
vt 0.194200 0.286500
vt -0.212800 0.804900
vt 0.195100 0.286500
vt 0.194400 0.287000
vt 0.195100 0.287000
vt 1.198500 0.805800
vt 1.198900 0.805800
vt 1.198800 0.806400
vt 1.198200 0.806400
vt 1.198200 0.265100
vt 1.197900 0.265700
vt 1.198200 0.805600
vt 1.197700 0.806100
vt 1.197700 0.265000
vt 1.197300 0.265600
vt 1.197400 0.805600
vt 1.197000 0.805800
vt 0.805800 0.266300
vt 0.806400 0.265600
vt 0.805800 0.265500
vt 1.197300 0.804900
vt 0.804900 0.265500
vt 0.805600 0.264900
vt 0.804900 0.264900
vt 0.194200 0.269400
vt 0.194200 0.269800
vt 0.193600 0.269700
vt 0.193600 0.269100
vt 1.216000 0.269100
vt 1.215400 0.268800
vt 0.194400 0.269100
vt 0.193900 0.268600
vt 1.216100 0.268600
vt 1.215500 0.268200
vt 0.194400 0.268300
vt 0.194200 0.267900
vt 1.214700 0.805800
vt 1.215500 0.806400
vt 1.215600 0.805800
vt 0.195100 0.268200
vt 1.215600 0.804900
vt 1.216100 0.805600
vt 1.216100 0.804900
vt 1.223300 0.832100
vt 1.222900 0.832600
vt 1.223400 0.832600
vt 1.222600 0.832000
vt 1.224100 0.832700
vt 1.246000 0.831600
vt 1.246600 0.831100
vt 1.246500 0.831800
vt 1.245900 0.831900
vt 1.246300 0.832300
vt 1.245800 0.832600
vt 1.245100 0.832700
vt 1.223200 0.808700
vt 1.222500 0.809400
vt 1.223200 0.809300
vt 1.224100 0.808600
vt 1.224100 0.809300
vt 1.222600 0.810100
vt 1.245600 0.809300
vt 1.245800 0.808700
vt 1.245900 0.809500
vt 1.246300 0.809000
vt 1.246500 0.809400
vt 1.246600 0.810100
vt -0.065900 0.745000
vt -0.065600 0.744400
vt -0.065400 0.745100
vt -0.065100 0.744400
vt -0.065000 0.743500
vt -0.088400 0.744300
vt -0.089100 0.743500
vt -0.089100 0.744200
vt -0.088400 0.743500
vt -0.088400 0.744900
vt -0.089100 0.744700
vt -0.087500 0.745000
vt -0.065000 0.721800
vt -0.065600 0.721600
vt -0.065100 0.721400
vt -0.065600 0.721100
vt -0.066500 0.721000
vt -0.088300 0.721500
vt -0.087500 0.721000
vt -0.088200 0.721000
vt -0.088800 0.721000
vt -0.089000 0.721600
vt -0.089100 0.722500
vt 0.056600 0.489500
vt 0.055100 0.512000
vt 1.060400 0.858100
vt 0.510500 0.858100
vt 1.081400 0.512000
vt -0.060400 0.858100
vt 1.058900 0.510500
vt 0.967700 0.143400
vt 0.490400 0.281400
vt 0.491900 0.266300
vt 0.975000 0.281400
vt 1.207500 0.494400
vt 0.492900 0.281400
vt 1.207500 0.267800
vt 0.494400 0.266300
vt -0.207500 0.508100
vt -0.207500 0.281400
vt 0.976500 0.492900
vt 0.023500 0.282900
vt 0.976500 0.266300
vt 0.023500 0.509600
vt 1.198800 0.265200
vt -0.214600 0.196100
vt 0.196100 0.285600
vt 1.211300 0.806400
vt -0.213100 0.285600
vt 0.806400 0.269700
vt -0.214600 0.268000
vt -0.198800 0.806400
vt 0.193600 0.282200
vt 1.212800 0.197600
vt 0.802400 0.283700
vt 0.197600 0.268200
vt -0.197300 0.197600
vt -0.222600 0.168800
vt -0.245100 0.191400
vt 1.066500 0.255000
vt 1.087500 0.858100
vt 0.256500 0.858100
vt 1.087500 0.278500
vt -0.087500 0.858100
vt 1.065000 0.277500
vt 0.743500 0.858100
vt 0.191600 0.143400
vt -0.222200 0.143400
vt -0.222600 0.831100
vt -0.245100 0.808600
vt -0.246600 0.831200
vt 1.089100 0.722500
vt 1.066500 0.721000
vt 0.944900 0.512000
vt -0.081400 0.488000
vt -0.082900 0.510500
vt -0.058900 0.489500
vt 1.222600 0.168900
vt 1.245100 0.191400
vt 1.246600 0.168800
vt -0.089100 0.277500
vt -0.066500 0.279000
vt 0.196100 0.282200
vt 1.198800 0.196100
vt -0.195500 0.806400
vt 0.193600 0.285600
vt 1.214600 0.806400
vt 1.194300 0.282200
vt 0.806400 0.266400
vt 0.802400 0.287000
vt -0.194000 0.197600
vt 1.216100 0.197600
vt 0.197600 0.264900
vt 1.222600 0.831200
vt 1.245100 0.808600
vt -0.066500 0.745000
vt -0.087500 0.721500
vt -0.065000 0.722500
vt 1.082900 0.489500
vt 1.082900 0.857700
vt 1.246300 0.141900
vt -0.222500 0.191100
vt -0.065100 0.857700
vt -0.222500 0.808600
vt 1.065000 0.743500
vt 0.056200 0.141900
vt 0.967500 0.489500
vt 0.967600 0.511700
vt 1.222500 0.191400
vt -0.065000 0.256500
vt 0.806400 0.283700
vt -0.212800 0.806400
vt 1.197300 0.806400
vt 0.193600 0.268200
vt 1.222500 0.808900
s 1
usemtl wire_224086086.001
f 2/1/1 4/2/1 1/3/1
f 6/3/2 8/4/2 5/2/2
f 10/5/3 12/6/3 9/7/3
f 14/8/4 16/9/4 13/10/4
f 18/5/5 20/6/5 17/7/5
f 22/8/6 24/9/6 21/10/6
f 9/7/7 25/11/8 26/12/9
f 4/2/10 27/13/11 28/14/12
f 21/10/13 29/15/14 30/16/15
f 3/4/16 31/17/17 32/18/18
f 12/6/19 33/19/20 34/20/21
f 16/9/22 35/21/23 36/22/24
f 24/9/25 37/21/26 38/22/27
f 20/6/28 39/19/29 40/20/30
f 2/1/31 42/23/32 41/24/33
f 3/4/16 44/25/34 43/26/35
f 4/2/10 32/18/18 45/27/36
f 1/3/37 28/14/12 46/28/38
f 6/3/39 48/14/40 47/28/41
f 7/1/42 50/23/43 49/24/44
f 8/4/45 52/25/46 51/26/47
f 5/2/48 54/18/49 53/27/50
f 11/29/51 56/30/52 55/31/53
f 9/7/7 34/20/21 57/32/54
f 15/33/55 59/34/56 58/35/57
f 19/29/58 61/30/59 60/31/60
f 9/7/7 57/32/54 62/36/61
f 62/36/61 64/37/62 63/38/63
f 63/39/63 66/34/64 65/40/65
f 65/40/65 22/8/66 67/41/67
f 9/7/7 62/36/61 68/42/68
f 68/42/68 63/38/63 69/43/69
f 69/44/69 65/40/65 70/45/70
f 70/45/70 67/41/67 71/46/71
f 9/7/7 68/42/68 25/11/8
f 72/47/72 68/42/68 69/43/69
f 73/48/73 69/49/69 70/50/70
f 42/23/32 70/50/70 71/51/71
f 74/52/74 25/11/8 72/47/72
f 46/28/38 72/53/72 73/48/73
f 1/3/37 73/48/73 42/23/32
f 4/2/10 45/27/36 75/54/75
f 75/54/75 77/55/76 76/56/77
f 76/57/77 79/16/78 78/58/79
f 78/58/79 13/10/80 80/59/81
f 4/2/10 75/54/75 81/60/82
f 81/60/82 76/56/77 82/61/83
f 82/62/83 78/58/79 83/63/84
f 83/63/84 80/59/81 84/64/85
f 4/2/10 81/60/82 27/13/11
f 85/65/86 81/60/82 82/61/83
f 86/66/87 82/67/83 83/68/84
f 56/30/52 83/68/84 84/69/85
f 87/70/88 27/13/11 85/65/86
f 88/71/89 85/72/86 86/66/87
f 10/5/90 86/66/87 56/30/52
f 21/10/13 89/59/91 90/73/92
f 90/73/92 92/64/93 91/74/94
f 91/75/94 61/30/59 93/66/95
f 93/66/95 18/5/96 94/71/97
f 21/10/13 90/73/92 95/76/98
f 95/76/98 91/74/94 96/77/99
f 96/78/99 93/66/95 97/79/100
f 97/79/100 94/71/97 98/80/101
f 21/10/13 95/76/98 29/15/14
f 99/81/102 95/76/98 96/77/99
f 100/82/103 96/83/99 97/84/100
f 44/25/34 97/84/100 98/85/101
f 101/86/104 29/15/14 99/81/102
f 41/24/33 99/87/102 100/82/103
f 2/1/31 100/82/103 44/25/34
f 3/4/16 43/26/35 102/88/105
f 102/88/105 104/89/106 103/90/107
f 103/91/107 106/12/108 105/92/109
f 105/92/109 17/7/110 107/32/111
f 3/4/16 102/88/105 108/93/112
f 108/93/112 103/90/107 109/94/113
f 109/95/113 105/92/109 110/96/114
f 110/96/114 107/32/111 111/37/115
f 3/4/16 108/93/112 31/17/17
f 112/97/116 108/93/112 109/94/113
f 113/98/117 109/99/113 110/100/114
f 59/34/56 110/100/114 111/101/115
f 114/102/118 31/17/17 112/97/116
f 115/41/119 112/103/116 113/98/117
f 14/8/120 113/98/117 59/34/56
f 12/6/19 116/104/121 117/105/122
f 117/105/122 119/106/123 118/107/124
f 118/108/124 48/14/40 120/109/125
f 120/109/125 5/2/48 53/27/50
f 12/6/19 117/105/122 121/110/126
f 121/110/126 118/107/124 122/111/127
f 122/112/127 120/109/125 123/113/128
f 123/113/128 53/27/50 124/55/129
f 12/6/19 121/110/126 33/19/20
f 125/114/130 121/110/126 122/111/127
f 126/115/131 122/116/127 123/117/128
f 127/118/132 123/117/128 124/119/129
f 128/120/133 33/19/20 125/114/130
f 129/35/134 125/121/130 126/115/131
f 23/33/135 126/115/131 127/118/132
f 16/9/22 130/122/136 131/123/137
f 131/123/137 133/124/138 132/125/139
f 132/126/139 50/23/43 134/127/140
f 134/127/140 6/3/39 47/28/41
f 16/9/22 131/123/137 135/128/141
f 135/128/141 132/125/139 136/129/142
f 136/130/142 134/127/140 137/131/143
f 137/131/143 47/28/41 138/132/144
f 16/9/22 135/128/141 35/21/23
f 139/133/145 135/128/141 136/129/142
f 140/134/146 136/135/142 137/136/143
f 141/137/147 137/136/143 138/138/144
f 142/139/148 35/21/23 139/133/145
f 55/31/53 139/140/145 140/134/146
f 11/29/51 140/134/146 141/137/147
f 24/9/25 143/122/149 144/123/150
f 144/123/150 146/124/151 145/125/152
f 145/141/152 54/18/49 147/142/153
f 147/142/153 8/4/45 51/26/47
f 24/9/25 144/123/150 148/128/154
f 148/128/154 145/125/152 149/129/155
f 149/143/155 147/142/153 150/144/156
f 150/144/156 51/26/47 151/89/157
f 24/9/25 148/128/154 37/21/26
f 152/133/158 148/128/154 149/129/155
f 153/134/159 149/135/155 150/136/156
f 154/137/160 150/136/156 151/138/157
f 155/139/161 37/21/26 152/133/158
f 60/31/60 152/140/158 153/134/159
f 19/29/58 153/134/159 154/137/160
f 20/6/28 156/104/162 157/105/163
f 157/105/163 159/106/164 158/107/165
f 158/145/165 52/25/46 160/146/166
f 160/146/166 7/1/42 49/24/44
f 20/6/28 157/105/163 161/110/167
f 161/110/167 158/107/165 162/111/168
f 162/147/168 160/146/166 163/148/169
f 163/148/169 49/24/44 164/149/170
f 20/6/28 161/110/167 39/19/29
f 165/114/171 161/110/167 162/111/168
f 166/115/172 162/116/168 163/117/169
f 167/118/173 163/117/169 164/119/170
f 168/120/174 39/19/29 165/114/171
f 58/35/57 165/121/171 166/115/172
f 15/33/55 166/115/172 167/118/173
f 41/24/33 71/51/71 101/149/104
f 101/86/104 67/41/67 30/16/15
f 30/16/15 22/8/66 21/10/13
f 43/26/35 98/85/101 104/89/106
f 104/52/106 94/71/97 106/12/108
f 106/12/108 18/5/96 17/7/110
f 45/27/36 114/102/118 77/55/76
f 77/86/76 115/41/119 79/16/78
f 79/16/78 14/8/120 13/10/80
f 46/28/38 87/70/88 74/132/74
f 74/52/74 88/71/89 26/12/9
f 26/12/9 10/5/90 9/7/7
f 47/28/41 119/70/123 138/132/144
f 138/138/144 116/104/121 141/137/147
f 141/137/147 12/6/19 11/29/51
f 49/24/44 133/51/138 164/149/170
f 164/119/170 130/122/136 167/118/173
f 167/118/173 16/9/22 15/33/55
f 51/26/47 159/85/164 151/89/157
f 151/138/157 156/104/162 154/137/160
f 154/137/160 20/6/28 19/29/58
f 53/27/50 146/102/151 124/55/129
f 124/119/129 143/122/149 127/118/132
f 127/118/132 24/9/25 23/33/135
f 55/31/53 84/69/85 142/150/148
f 142/139/148 80/59/81 36/22/24
f 36/22/24 13/10/80 16/9/22
f 57/32/54 128/120/133 64/37/62
f 64/101/62 129/35/134 66/34/64
f 66/34/64 23/33/135 22/8/66
f 58/35/57 111/101/115 168/151/174
f 168/120/174 107/32/111 40/20/30
f 40/20/30 17/7/110 20/6/28
f 60/31/60 92/69/93 155/150/161
f 155/139/161 89/59/91 38/22/27
f 38/22/27 21/10/13 24/9/25
f 170/152/1 172/153/1 169/154/1
f 174/155/2 176/156/2 173/157/2
f 178/158/6 180/159/6 177/160/6
f 182/161/175 184/162/175 181/163/175
f 185/164/4 187/165/4 188/166/4
f 190/161/176 192/162/176 189/163/176
f 194/167/3 196/168/3 193/169/3
f 198/170/5 200/171/5 197/172/5
f 202/173/2 204/174/2 201/175/2
f 206/176/6 208/177/6 205/178/6
f 210/179/1 212/180/1 209/181/1
f 214/182/4 216/183/4 213/184/4
f 217/185/6 219/186/6 220/187/6
f 221/188/4 223/189/4 224/190/4
f 226/191/177 228/192/177 225/193/177
f 230/194/178 232/195/178 229/196/178
f 234/197/179 236/198/179 233/199/179
f 237/200/180 239/201/180 240/202/180
f 242/203/1 244/204/1 241/205/1
f 246/206/2 248/207/2 245/208/2
f 249/209/181 251/210/181 252/211/181
f 254/212/182 256/213/182 253/214/182
f 258/215/183 260/216/183 257/217/183
f 261/218/184 263/219/184 264/220/184
f 266/221/1 268/222/1 265/223/1
f 270/224/2 272/225/2 269/226/2
f 273/216/185 275/215/185 276/227/185
f 278/218/182 280/219/182 277/220/182
f 282/209/186 284/210/186 281/211/186
f 285/213/184 287/212/184 288/228/184
f 290/229/1 292/230/1 289/231/1
f 293/232/2 295/233/2 296/234/2
f 298/164/6 300/165/6 297/166/6
f 302/163/187 304/235/187 301/162/187
f 305/159/4 307/158/4 308/236/4
f 310/163/188 312/235/188 309/162/188
f 314/170/5 316/171/5 313/172/5
f 318/167/3 320/168/3 317/169/3
f 322/181/2 324/237/2 321/180/2
f 326/184/6 328/238/6 325/183/6
f 330/175/1 332/239/1 329/174/1
f 334/178/4 336/240/4 333/177/4
f 338/241/1 340/242/1 337/243/1
f 342/244/2 344/245/2 341/246/2
f 345/216/181 347/215/181 348/227/181
f 350/218/189 352/219/189 349/220/189
f 354/209/183 356/210/183 353/211/183
f 357/213/190 359/212/190 360/228/190
f 362/247/6 364/190/6 361/188/6
f 366/248/4 368/187/4 365/185/4
f 370/249/191 372/250/191 369/251/191
f 374/252/192 376/253/192 373/254/192
f 378/255/193 380/256/193 377/257/193
f 381/258/194 383/259/194 384/260/194
f 386/261/1 388/262/1 385/263/1
f 390/264/2 392/265/2 389/266/2
f 393/209/185 395/210/185 396/211/185
f 398/212/189 400/213/189 397/214/189
f 402/215/186 404/216/186 401/217/186
f 405/218/190 407/219/190 408/220/190
f 177/160/195 409/267/196 410/268/197
f 170/152/198 411/269/199 412/270/200
f 189/163/201 413/271/202 414/272/203
f 171/273/204 415/274/205 416/275/206
f 178/158/207 417/276/208 418/277/209
f 182/161/210 419/278/211 420/279/212
f 190/161/213 421/278/214 422/280/215
f 186/281/216 423/282/217 424/283/218
f 201/175/219 425/284/220 426/285/221
f 194/167/222 427/286/223 428/287/224
f 213/184/225 429/288/226 430/289/227
f 195/290/7 431/291/54 432/292/61
f 202/173/228 433/293/229 434/294/230
f 206/176/25 435/295/231 436/296/232
f 214/182/233 437/297/234 438/298/235
f 210/179/236 439/299/237 440/300/238
f 225/193/239 441/301/240 442/302/241
f 218/248/242 443/303/243 444/304/244
f 237/200/245 445/305/246 446/306/247
f 219/186/248 447/307/249 448/308/250
f 226/191/251 449/309/252 450/310/253
f 230/194/254 451/311/255 452/312/256
f 238/313/257 453/314/258 454/315/259
f 234/197/260 455/316/261 456/317/262
f 249/209/263 457/318/264 458/319/265
f 242/203/266 459/320/267 460/321/268
f 261/218/269 461/322/270 462/323/271
f 243/324/272 463/325/273 464/326/274
f 250/327/275 465/328/276 466/329/277
f 254/212/278 467/330/279 468/331/280
f 262/332/281 469/333/282 470/334/283
f 258/215/284 471/335/285 472/336/286
f 265/223/287 473/337/288 474/338/289
f 274/217/290 475/339/291 476/340/292
f 266/221/293 477/341/294 478/342/295
f 278/218/296 479/322/297 480/323/298
f 287/212/299 481/330/300 482/331/301
f 275/215/302 483/335/303 484/336/304
f 283/327/305 485/328/306 486/329/307
f 279/332/308 487/333/309 488/334/310
f 289/231/311 489/343/312 490/344/313
f 298/164/314 491/345/315 492/346/316
f 290/229/317 493/347/318 494/348/319
f 302/163/320 495/271/321 496/272/322
f 311/161/323 497/278/324 498/280/325
f 299/281/326 499/282/327 500/283/328
f 307/158/329 501/276/330 502/277/331
f 303/161/332 503/278/333 504/280/334
f 313/172/335 505/349/162 506/350/336
f 322/181/337 507/351/338 508/352/339
f 314/170/340 509/353/341 510/354/342
f 326/184/13 511/288/343 512/289/92
f 335/176/22 513/295/344 514/296/345
f 323/179/346 515/299/347 516/300/348
f 331/173/10 517/293/349 518/294/75
f 327/182/350 519/297/351 520/298/352
f 337/243/353 521/355/354 522/356/355
f 346/217/356 523/339/357 524/340/358
f 338/241/359 525/357/360 526/358/361
f 350/218/362 527/322/363 528/323/364
f 359/212/365 529/330/366 530/331/367
f 347/215/368 531/335/369 532/336/370
f 355/327/371 533/328/372 534/329/373
f 351/332/374 535/333/375 536/334/376
f 361/188/377 537/359/378 538/360/379
f 370/249/380 539/361/381 540/362/382
f 362/247/383 541/363/384 542/364/385
f 374/252/386 543/365/387 544/366/388
f 383/259/389 545/367/390 546/368/391
f 371/369/392 547/370/393 548/371/394
f 379/372/395 549/373/396 550/374/397
f 375/375/398 551/376/399 552/377/400
f 393/209/401 553/318/402 554/319/403
f 386/261/404 555/378/405 556/379/406
f 405/218/407 557/322/408 558/323/409
f 387/380/410 559/381/411 560/382/412
f 394/327/413 561/328/414 562/329/415
f 398/212/416 563/330/417 564/331/418
f 406/332/419 565/333/420 566/334/421
f 402/215/422 567/335/423 568/336/424
f 570/383/425 172/153/426 569/384/427
f 572/385/428 171/273/204 571/386/429
f 415/274/205 170/152/198 573/387/430
f 574/388/431 170/152/198 169/154/432
f 575/389/433 173/157/434 176/156/435
f 578/390/436 175/391/437 577/392/438
f 580/393/439 174/155/440 579/394/441
f 582/395/442 173/157/434 581/396/443
f 584/397/444 179/236/445 583/398/446
f 417/276/208 177/160/195 585/399/447
f 586/400/448 184/162/449 183/235/450
f 588/401/451 188/166/452 187/165/453
f 591/402/454 196/168/455 590/403/456
f 593/404/457 195/290/7 592/405/9
f 431/291/54 194/167/222 594/406/458
f 427/286/223 193/169/51 595/407/459
f 597/349/460 200/171/461 596/408/462
f 599/409/463 199/410/96 598/411/464
f 601/412/465 198/170/466 600/413/467
f 603/353/468 197/172/469 602/414/470
f 605/415/471 203/239/45 604/416/49
f 433/293/229 201/175/219 606/417/472
f 608/418/67 207/240/473 607/419/474
f 610/420/475 211/237/476 609/421/477
f 611/422/478 217/185/479 220/187/480
f 614/423/481 219/186/248 613/424/482
f 615/425/483 219/186/248 218/248/242
f 443/303/243 217/185/479 616/426/484
f 617/427/485 221/188/486 224/190/487
f 620/428/488 223/189/489 619/429/490
f 621/430/491 223/189/489 222/247/492
f 623/431/493 222/247/492 221/188/486
f 626/432/494 227/433/495 625/434/496
f 449/309/252 225/193/239 627/435/497
f 629/436/498 231/437/499 628/438/500
f 631/439/501 235/440/502 630/441/503
f 633/442/504 244/204/505 632/443/506
f 634/444/507 244/204/505 243/324/272
f 636/445/508 243/324/272 242/203/266
f 459/320/267 241/205/509 637/446/510
f 639/447/511 248/207/512 638/448/513
f 640/449/514 248/207/512 247/450/515
f 642/451/516 247/450/515 246/206/517
f 645/452/518 245/208/519 644/453/520
f 646/454/521 252/211/522 251/210/523
f 648/455/524 250/327/275 249/209/263
f 650/456/525 255/228/526 649/457/527
f 652/458/528 259/227/529 651/459/530
f 653/460/531 266/221/293 265/223/287
f 655/461/532 266/221/293 654/462/533
f 657/463/534 267/464/535 656/465/536
f 658/466/537 265/223/287 268/222/538
f 659/467/539 270/224/540 269/226/541
f 662/468/542 270/224/540 661/469/543
f 664/470/544 271/471/545 663/472/546
f 665/473/547 269/226/541 272/225/548
f 483/335/303 274/217/290 667/474/549
f 669/458/550 276/227/551 668/459/552
f 670/475/553 279/332/308 278/218/296
f 671/455/554 283/327/305 282/209/555
f 493/347/318 289/231/311 672/476/556
f 673/477/557 291/478/558 290/229/317
f 675/479/559 292/230/560 291/478/558
f 489/343/312 292/230/560 677/480/561
f 679/481/562 293/232/563 678/482/564
f 681/483/565 294/484/566 680/485/567
f 682/486/568 296/234/569 295/233/570
f 685/487/571 296/234/569 684/488/572
f 686/489/573 299/281/326 298/164/314
f 687/401/574 297/166/575 300/165/576
f 503/278/333 302/163/320 689/490/577
f 501/276/330 306/160/578 690/399/579
f 509/353/341 313/172/335 691/414/30
f 693/412/580 314/170/340 692/413/581
f 695/409/582 315/410/96 694/411/583
f 505/349/162 316/171/58 696/408/584
f 698/286/585 317/169/51 697/407/147
f 700/291/586 318/167/587 699/406/588
f 702/404/589 319/290/590 701/405/591
f 704/402/592 320/168/455 703/403/52
f 515/299/347 322/181/337 705/491/593
f 707/420/594 324/237/39 706/421/43
f 519/297/351 326/184/13 708/492/595
f 517/293/349 330/175/476 709/417/596
f 710/493/597 338/241/359 337/243/353
f 712/494/598 338/241/359 711/495/599
f 714/496/600 339/497/601 713/498/602
f 715/499/603 337/243/353 340/242/604
f 716/500/605 342/244/606 341/246/607
f 719/501/608 342/244/606 718/502/609
f 721/503/610 343/504/611 720/505/612
f 722/506/613 341/246/607 344/245/614
f 531/335/369 346/217/356 724/474/615
f 726/458/616 348/227/617 725/459/618
f 727/475/619 351/332/374 350/218/362
f 728/455/620 355/327/371 354/209/621
f 541/363/384 361/188/377 729/431/622
f 731/507/623 362/247/383 730/430/624
f 732/429/625 364/190/626 363/189/627
f 537/359/378 364/190/626 734/427/628
f 735/426/629 366/248/630 365/185/631
f 737/425/632 367/186/633 366/248/630
f 739/424/634 368/187/635 367/186/633
f 741/422/636 365/185/631 368/187/635
f 547/370/393 370/249/380 743/508/637
f 745/509/638 372/250/639 744/510/640
f 551/376/399 374/252/386 746/511/641
f 549/373/396 378/255/642 747/512/643
f 749/513/644 388/262/645 748/514/646
f 750/515/647 388/262/645 387/380/410
f 752/516/648 387/380/410 386/261/404
f 555/378/405 385/263/649 753/517/650
f 755/518/651 392/265/652 754/519/653
f 756/520/654 392/265/652 391/521/655
f 758/522/656 391/521/655 390/264/657
f 761/523/658 389/266/659 760/524/660
f 762/454/661 396/211/662 395/210/663
f 764/455/664 394/327/413 393/209/401
f 766/456/665 399/228/666 765/457/667
f 768/458/668 403/227/669 767/459/670
f 177/160/195 769/525/671 585/399/447
f 771/526/672 769/525/671 770/527/673
f 773/528/674 770/529/673 772/530/675
f 192/162/676 772/530/675 774/531/677
f 177/160/195 775/532/678 769/525/671
f 770/527/673 775/532/678 776/533/679
f 772/530/675 776/534/679 777/535/680
f 774/531/677 777/535/680 778/536/681
f 177/160/195 410/268/197 775/532/678
f 779/537/682 775/532/678 410/268/197
f 780/538/683 776/539/679 779/540/682
f 570/383/425 777/541/680 780/538/683
f 781/542/684 410/268/197 409/267/196
f 574/388/431 779/540/682 781/543/684
f 169/154/432 780/538/683 574/388/431
f 170/152/198 782/544/685 573/387/430
f 784/545/686 782/544/685 783/546/687
f 786/271/688 783/547/687 785/548/689
f 787/490/690 786/271/688 785/548/689
f 170/152/198 788/549/691 782/544/685
f 783/546/687 788/549/691 789/550/692
f 790/551/693 783/547/687 789/552/692
f 791/553/694 785/548/689 790/551/693
f 170/152/198 412/270/200 788/549/691
f 792/554/695 788/549/691 412/270/200
f 793/555/696 789/556/692 792/557/695
f 584/397/444 790/558/693 793/555/696
f 794/559/697 412/270/200 411/269/199
f 795/560/698 792/557/695 794/561/697
f 180/159/699 793/555/696 795/560/698
f 189/163/201 796/562/700 797/490/701
f 798/563/702 797/490/701 796/562/700
f 800/564/703 799/565/704 798/566/702
f 801/567/705 589/568/706 800/564/703
f 189/163/201 802/569/707 796/562/700
f 803/570/708 796/562/700 802/569/707
f 804/571/709 798/566/702 803/572/708
f 805/573/710 800/564/703 804/571/709
f 189/163/201 414/272/203 802/569/707
f 806/574/711 802/569/707 414/272/203
f 807/575/712 803/576/708 806/577/711
f 572/385/428 804/578/709 807/575/712
f 808/579/713 414/272/203 413/271/202
f 569/384/427 806/577/711 808/580/713
f 172/153/426 807/575/712 569/384/427
f 171/273/204 809/581/714 571/386/429
f 811/582/715 809/581/714 810/583/716
f 813/345/717 810/584/716 812/585/718
f 185/164/719 812/585/718 814/489/720
f 171/273/204 815/586/721 809/581/714
f 810/583/716 815/586/721 816/587/722
f 812/585/718 816/588/722 817/589/723
f 814/489/720 817/589/723 818/590/724
f 171/273/204 416/275/206 815/586/721
f 819/591/725 815/586/721 416/275/206
f 817/592/723 819/593/725 820/594/726
f 818/595/724 820/594/726 587/528/727
f 821/596/728 416/275/206 415/274/205
f 822/531/729 819/593/725 821/536/728
f 587/528/727 822/531/729 184/162/449
f 178/158/207 823/597/730 824/598/731
f 825/599/732 824/598/731 823/597/730
f 827/600/733 826/601/734 825/602/732
f 581/396/443 576/603/735 827/600/733
f 178/158/207 828/604/736 823/597/730
f 825/599/732 828/604/736 829/605/737
f 827/600/733 829/606/737 830/607/738
f 581/396/443 830/607/738 831/608/739
f 178/158/207 418/277/209 828/604/736
f 832/609/740 828/604/736 418/277/209
f 833/610/741 829/611/737 832/612/740
f 834/613/742 830/614/738 833/610/741
f 832/609/740 417/276/208 835/615/743
f 833/610/741 835/616/743 836/400/744
f 834/613/742 836/400/744 191/235/745
f 182/161/210 837/617/746 838/618/747
f 840/619/748 837/617/746 839/620/749
f 578/390/436 839/621/749 841/622/750
f 176/156/435 841/622/750 575/389/433
f 182/161/210 842/623/751 837/617/746
f 839/620/749 842/623/751 843/624/752
f 841/622/750 843/625/752 844/626/753
f 575/389/433 844/626/753 845/627/754
f 182/161/210 420/279/212 842/623/751
f 843/624/752 420/279/212 846/628/755
f 844/629/753 846/630/755 847/631/756
f 845/632/754 847/631/756 848/633/757
f 846/628/755 419/278/211 849/634/758
f 847/631/756 849/635/758 583/398/446
f 848/633/757 583/398/446 179/236/445
f 190/161/213 850/617/759 851/618/760
f 853/619/761 850/617/759 852/620/762
f 582/395/442 852/636/762 854/637/763
f 579/394/441 582/395/442 854/637/763
f 190/161/213 855/623/764 850/617/759
f 852/620/762 855/623/764 856/624/765
f 857/638/766 852/636/762 856/639/765
f 858/640/767 854/637/763 857/638/766
f 190/161/213 422/280/215 855/623/764
f 859/628/768 855/623/764 422/280/215
f 860/641/769 856/642/765 859/643/768
f 861/644/770 857/645/766 860/641/769
f 862/634/771 422/280/215 421/278/214
f 588/401/451 859/643/768 862/646/771
f 187/165/453 860/641/769 588/401/451
f 186/281/216 863/647/772 864/648/773
f 866/649/774 863/647/772 865/650/775
f 580/393/439 865/651/775 867/652/776
f 175/391/437 867/652/776 577/392/438
f 186/281/216 868/653/777 863/647/772
f 865/650/775 868/653/777 869/654/778
f 867/652/776 869/655/778 870/656/779
f 577/392/438 870/656/779 871/657/780
f 186/281/216 424/283/218 868/653/777
f 872/658/781 868/653/777 424/283/218
f 873/610/782 869/611/778 872/612/781
f 874/613/783 870/614/779 873/610/782
f 875/659/784 424/283/218 423/282/217
f 586/400/448 872/612/781 875/616/784
f 183/235/450 873/610/782 586/400/448
f 201/175/219 876/660/785 606/417/472
f 878/661/786 876/660/785 877/662/787
f 880/663/788 877/664/787 879/665/789
f 216/183/790 879/665/789 881/666/791
f 201/175/219 882/667/792 876/660/785
f 877/662/787 882/667/792 883/668/793
f 879/665/789 883/669/793 884/670/794
f 881/666/791 884/670/794 885/671/795
f 201/175/219 426/285/221 882/667/792
f 886/672/796 882/667/792 426/285/221
f 887/673/797 883/674/793 886/675/796
f 591/402/454 884/676/794 887/673/797
f 888/677/798 426/285/221 425/284/220
f 595/407/459 886/675/796 888/678/798
f 193/169/51 887/673/797 595/407/459
f 194/167/222 889/679/20 594/406/458
f 891/680/133 889/679/20 890/681/799
f 893/682/800 890/683/799 892/684/801
f 205/178/802 892/684/801 894/685/803
f 194/167/222 895/686/126 889/679/20
f 890/681/799 895/686/126 896/687/127
f 892/684/801 896/688/127 897/689/804
f 894/685/803 897/689/804 898/690/805
f 194/167/222 428/287/224 895/686/126
f 899/691/806 895/686/126 428/287/224
f 900/692/807 896/693/127 899/694/806
f 605/415/471 897/695/804 900/692/807
f 901/696/808 428/287/224 427/286/223
f 902/697/809 899/694/806 901/698/808
f 204/174/810 900/692/807 902/697/809
f 213/184/225 903/699/811 904/492/812
f 906/700/813 903/699/811 905/701/814
f 610/420/475 905/702/814 907/703/815
f 212/180/816 907/703/815 908/704/817
f 213/184/225 909/705/818 903/699/811
f 905/701/814 909/705/818 910/706/819
f 907/703/815 910/707/819 911/708/820
f 908/704/817 911/708/820 912/709/821
f 213/184/225 430/289/227 909/705/818
f 913/710/822 909/705/818 430/289/227
f 914/711/823 910/712/819 913/713/822
f 593/404/457 911/714/820 914/711/823
f 915/715/824 430/289/227 429/288/226
f 590/403/456 913/713/822 915/716/824
f 196/168/455 914/711/823 590/403/456
f 195/290/7 916/717/8 592/405/9
f 918/718/825 916/717/8 917/719/72
f 920/351/38 917/720/72 919/721/826
f 209/181/827 919/721/826 921/491/32
f 195/290/7 922/722/68 916/717/8
f 917/719/72 922/722/68 923/723/828
f 919/721/826 923/724/828 924/725/829
f 921/491/32 924/725/829 925/726/71
f 195/290/7 432/292/61 922/722/68
f 926/727/830 922/722/68 432/292/61
f 927/728/65 923/729/828 926/730/830
f 608/418/67 924/731/829 927/728/65
f 928/732/62 432/292/61 431/291/54
f 929/733/831 926/730/830 928/734/62
f 208/177/66 927/728/65 929/733/831
f 202/173/228 930/735/832 931/736/833
f 933/737/834 930/735/832 932/738/835
f 597/349/460 932/739/835 934/740/836
f 197/172/469 934/740/836 602/414/470
f 202/173/228 935/741/837 930/735/832
f 932/738/835 935/741/837 936/742/838
f 934/740/836 936/743/838 937/744/839
f 602/414/470 937/744/839 938/745/840
f 202/173/228 434/294/230 935/741/837
f 939/746/841 935/741/837 434/294/230
f 940/747/842 936/748/838 939/749/841
f 941/750/843 937/751/839 940/747/842
f 942/752/844 434/294/230 433/293/229
f 943/753/845 939/749/841 942/754/844
f 215/238/846 940/747/842 943/753/845
f 206/176/25 944/755/847 945/756/27
f 947/757/161 944/755/847 946/758/848
f 599/409/463 946/759/848 948/760/849
f 200/171/461 948/760/849 596/408/462
f 206/176/25 949/761/850 944/755/847
f 946/758/848 949/761/850 950/762/155
f 948/760/849 950/763/155 951/764/851
f 596/408/462 951/764/851 952/765/852
f 206/176/25 436/296/232 949/761/850
f 953/766/853 949/761/850 436/296/232
f 954/767/153 950/768/155 953/769/853
f 955/770/854 951/771/851 954/767/153
f 956/772/855 436/296/232 435/295/231
f 604/416/49 953/769/853 956/773/855
f 203/239/45 954/767/153 604/416/49
f 214/182/233 957/774/856 958/775/857
f 960/776/858 957/774/856 959/777/859
f 603/353/468 959/778/859 961/779/860
f 198/170/466 961/779/860 600/413/467
f 214/182/233 962/780/861 957/774/856
f 959/777/859 962/780/861 963/781/862
f 961/779/860 963/782/862 964/783/863
f 600/413/467 964/783/863 965/784/864
f 214/182/233 438/298/235 962/780/861
f 966/785/865 962/780/861 438/298/235
f 967/786/866 963/787/862 966/788/865
f 968/789/867 964/790/863 967/786/866
f 969/791/868 438/298/235 437/297/234
f 609/421/477 966/788/865 969/792/868
f 211/237/476 967/786/866 609/421/477
f 210/179/236 970/793/869 971/794/870
f 973/795/871 970/793/869 972/796/872
f 601/412/465 972/797/872 974/798/873
f 199/410/96 974/798/873 598/411/464
f 210/179/236 975/799/874 970/793/869
f 972/796/872 975/799/874 976/800/875
f 974/798/873 976/801/875 977/802/876
f 598/411/464 977/802/876 978/803/877
f 210/179/236 440/300/238 975/799/874
f 979/804/878 975/799/874 440/300/238
f 980/805/879 976/806/875 979/807/878
f 981/808/880 977/809/876 980/805/879
f 982/810/881 440/300/238 439/299/237
f 607/419/474 979/807/878 982/811/881
f 207/240/473 980/805/879 607/419/474
f 225/193/239 983/812/882 627/435/497
f 985/813/883 983/812/882 984/814/884
f 987/815/885 984/816/884 986/817/886
f 240/202/887 986/817/886 988/818/888
f 225/193/239 989/819/889 983/812/882
f 984/814/884 989/819/889 990/820/890
f 986/817/886 990/821/890 991/822/891
f 988/818/888 991/822/891 992/823/892
f 225/193/239 442/302/241 989/819/889
f 993/824/893 989/819/889 442/302/241
f 994/825/894 990/826/890 993/827/893
f 612/828/895 991/829/891 994/825/894
f 995/830/896 442/302/241 441/301/240
f 616/426/484 993/827/893 995/831/896
f 217/185/479 994/825/894 616/426/484
f 218/248/242 996/832/897 615/425/483
f 998/833/898 996/832/897 997/834/899
f 1000/835/900 997/836/899 999/837/901
f 229/196/902 999/837/901 1001/838/903
f 218/248/242 1002/839/904 996/832/897
f 997/834/899 1002/839/904 1003/840/905
f 999/837/901 1003/841/905 1004/842/906
f 1001/838/903 1004/842/906 1005/843/907
f 218/248/242 444/304/244 1002/839/904
f 1006/844/908 1002/839/904 444/304/244
f 1007/845/909 1003/846/905 1006/847/908
f 626/432/494 1004/848/906 1007/845/909
f 1008/849/910 444/304/244 443/303/243
f 1009/850/911 1006/847/908 1008/851/910
f 228/192/912 1007/845/909 1009/850/911
f 237/200/245 1010/852/913 1011/853/914
f 1013/854/915 1010/852/913 1012/855/916
f 631/439/501 1012/856/916 1014/857/917
f 236/198/918 1014/857/917 1015/858/919
f 237/200/245 1016/859/920 1010/852/913
f 1012/855/916 1016/859/920 1017/860/921
f 1014/857/917 1017/861/921 1018/862/922
f 1015/858/919 1018/862/922 1019/863/923
f 237/200/245 446/306/247 1016/859/920
f 1020/864/924 1016/859/920 446/306/247
f 1021/865/925 1017/866/921 1020/867/924
f 614/423/481 1018/868/922 1021/865/925
f 1022/869/926 446/306/247 445/305/246
f 611/422/478 1020/867/924 1022/870/926
f 220/187/480 1021/865/925 611/422/478
f 219/186/248 1023/871/927 613/424/482
f 1025/872/928 1023/871/927 1024/873/929
f 1027/874/930 1024/875/929 1026/876/931
f 233/199/932 1026/876/931 1028/877/933
f 219/186/248 1029/878/934 1023/871/927
f 1024/873/929 1029/878/934 1030/879/935
f 1026/876/931 1030/880/935 1031/881/936
f 1028/877/933 1031/881/936 1032/882/937
f 219/186/248 448/308/250 1029/878/934
f 1033/883/938 1029/878/934 448/308/250
f 1034/884/939 1030/885/935 1033/886/938
f 629/436/498 1031/887/936 1034/884/939
f 1035/888/940 448/308/250 447/307/249
f 1036/889/941 1033/886/938 1035/890/940
f 232/195/942 1034/884/939 1036/889/941
f 226/191/251 1037/891/943 1038/892/944
f 1040/893/945 1037/891/943 1039/894/946
f 618/359/947 1039/895/946 1041/896/948
f 221/188/486 1041/896/948 623/431/493
f 226/191/251 1042/897/949 1037/891/943
f 1039/894/946 1042/897/949 1043/898/950
f 1041/896/948 1043/899/950 1044/900/951
f 623/431/493 1044/900/951 1045/901/952
f 226/191/251 450/310/253 1042/897/949
f 1046/902/953 1042/897/949 450/310/253
f 1047/903/954 1043/904/950 1046/905/953
f 1048/906/955 1044/907/951 1047/903/954
f 1049/908/956 450/310/253 449/309/252
f 1050/909/957 1046/905/953 1049/910/956
f 239/201/958 1047/903/954 1050/909/957
f 230/194/254 1051/911/959 1052/912/960
f 1054/913/961 1051/911/959 1053/914/962
f 620/428/488 1053/915/962 1055/916/963
f 224/190/487 1055/916/963 617/427/485
f 230/194/254 1056/917/964 1051/911/959
f 1053/914/962 1056/917/964 1057/918/965
f 1055/916/963 1057/919/965 1058/920/966
f 617/427/485 1058/920/966 1059/921/967
f 230/194/254 452/312/256 1056/917/964
f 1060/922/968 1056/917/964 452/312/256
f 1061/923/969 1057/924/965 1060/925/968
f 1062/926/970 1058/927/966 1061/923/969
f 1063/928/971 452/312/256 451/311/255
f 625/434/496 1060/925/968 1063/929/971
f 227/433/495 1061/923/969 625/434/496
f 238/313/257 1064/930/972 1065/931/973
f 1067/932/974 1064/930/972 1066/933/975
f 624/363/976 1066/934/975 1068/935/977
f 222/247/492 1068/935/977 621/430/491
f 238/313/257 1069/936/978 1064/930/972
f 1066/933/975 1069/936/978 1070/937/979
f 1068/935/977 1070/938/979 1071/939/980
f 621/430/491 1071/939/980 1072/940/981
f 238/313/257 454/315/259 1069/936/978
f 1073/941/982 1069/936/978 454/315/259
f 1074/942/983 1070/943/979 1073/944/982
f 1075/945/984 1071/946/980 1074/942/983
f 1076/947/985 454/315/259 453/314/258
f 630/441/503 1073/944/982 1076/948/985
f 235/440/502 1074/942/983 630/441/503
f 234/197/260 1077/949/986 1078/950/987
f 1080/951/988 1077/949/986 1079/952/989
f 622/507/990 1079/953/989 1081/954/991
f 223/189/489 1081/954/991 619/429/490
f 234/197/260 1082/955/992 1077/949/986
f 1079/952/989 1082/955/992 1083/956/993
f 1081/954/991 1083/957/993 1084/958/994
f 619/429/490 1084/958/994 1085/959/995
f 234/197/260 456/317/262 1082/955/992
f 1086/960/996 1082/955/992 456/317/262
f 1087/961/997 1083/962/993 1086/963/996
f 1088/964/998 1084/965/994 1087/961/997
f 1089/966/999 456/317/262 455/316/261
f 628/438/500 1086/963/996 1089/967/999
f 231/437/499 1087/961/997 628/438/500
f 249/209/263 1090/968/1000 648/455/524
f 1091/969/1001 648/455/524 1090/968/1000
f 1093/970/1002 1092/971/1003 1091/972/1001
f 1095/973/1004 1094/974/1005 1093/970/1002
f 249/209/263 1096/975/1006 1090/968/1000
f 1097/976/1007 1090/968/1000 1096/975/1006
f 1098/977/1008 1091/972/1001 1097/978/1007
f 1099/979/1009 1093/970/1002 1098/977/1008
f 249/209/263 458/319/265 1096/975/1006
f 1100/980/1010 1096/975/1006 458/319/265
f 1101/981/1011 1097/982/1007 1100/983/1010
f 633/442/504 1098/984/1008 1101/981/1011
f 1100/980/1010 457/318/264 1102/985/1012
f 1101/981/1011 1102/986/1012 637/446/510
f 241/205/509 1101/981/1011 637/446/510
f 242/203/266 1103/987/1013 636/445/508
f 1105/988/1014 1103/987/1013 1104/989/1015
f 1106/990/1016 1105/991/1014 1104/992/1015
f 1108/993/1017 1107/994/1018 1106/990/1016
f 242/203/266 1109/995/1019 1103/987/1013
f 1104/989/1015 1109/995/1019 1110/996/1020
f 1106/990/1016 1110/997/1020 1111/998/1021
f 1108/993/1017 1111/998/1021 1112/999/1022
f 242/203/266 460/321/268 1109/995/1019
f 1113/1000/1023 1109/995/1019 460/321/268
f 1111/1001/1021 1113/1002/1023 1114/1003/1024
f 1112/1004/1022 1114/1003/1024 647/1005/1025
f 1113/1000/1023 459/320/267 1115/1006/1026
f 1114/1003/1024 1115/1007/1026 1116/1008/1027
f 647/1005/1025 1116/1008/1027 252/211/522
f 261/218/269 1117/1009/1028 1118/475/1029
f 1120/1010/1030 1117/1009/1028 1119/1011/1031
f 652/458/528 1119/1012/1031 1121/1013/1032
f 260/216/1033 1121/1013/1032 1122/1014/1034
f 261/218/269 1123/1015/1035 1117/1009/1028
f 1119/1011/1031 1123/1015/1035 1124/1016/1036
f 1121/1013/1032 1124/1017/1036 1125/1018/1037
f 1122/1014/1034 1125/1018/1037 1126/1019/1038
f 261/218/269 462/323/271 1123/1015/1035
f 1124/1016/1036 462/323/271 1127/1020/1039
f 1125/1021/1037 1127/1022/1039 1128/1023/1040
f 1126/1024/1038 1128/1023/1040 635/1025/1041
f 1127/1020/1039 461/322/270 1129/1026/1042
f 1128/1023/1040 1129/1027/1042 632/443/506
f 635/1025/1041 632/443/506 244/204/505
f 243/324/272 1130/1028/1043 634/444/507
f 1131/1029/1044 634/444/507 1130/1028/1043
f 1133/1030/1045 1132/1031/1046 1131/1032/1044
f 1135/474/1047 1134/339/1048 1133/1030/1045
f 243/324/272 1136/1033/1049 1130/1028/1043
f 1137/1034/1050 1130/1028/1043 1136/1033/1049
f 1138/1035/1051 1131/1032/1044 1137/1036/1050
f 1139/1037/1052 1133/1030/1045 1138/1035/1051
f 243/324/272 464/326/274 1136/1033/1049
f 1140/1038/1053 1136/1033/1049 464/326/274
f 1141/1039/1054 1137/1040/1050 1140/1041/1053
f 650/456/525 1138/1042/1051 1141/1039/1054
f 1142/1043/1055 464/326/274 463/325/273
f 1143/1044/1056 1140/1041/1053 1142/1045/1055
f 256/213/1057 1141/1039/1054 1143/1044/1056
f 250/327/275 1144/1046/1058 1145/1047/1059
f 1147/1048/1060 1144/1046/1058 1146/1049/1061
f 639/447/511 1146/1050/1061 1148/1051/1062
f 245/208/519 1148/1051/1062 644/453/520
f 250/327/275 1149/1052/1063 1144/1046/1058
f 1146/1049/1061 1149/1052/1063 1150/1053/1064
f 1148/1051/1062 1150/1054/1064 1151/1055/1065
f 1152/1056/1066 1148/1051/1062 1151/1055/1065
f 250/327/275 466/329/277 1149/1052/1063
f 1153/1057/1067 1149/1052/1063 466/329/277
f 1154/1058/1068 1150/1059/1064 1153/1060/1067
f 1155/1061/1069 1151/1062/1065 1154/1058/1068
f 1156/1063/1070 466/329/277 465/328/276
f 1157/1064/1071 1153/1060/1067 1156/1065/1070
f 263/219/1072 1154/1058/1068 1157/1064/1071
f 254/212/278 1158/1066/1073 1159/1067/1074
f 1160/1068/1075 1159/1067/1074 1158/1066/1073
f 1162/1069/1076 1161/1070/1077 1160/1071/1075
f 638/448/513 641/1072/1078 1162/1069/1076
f 254/212/278 1163/1073/1079 1158/1066/1073
f 1164/1074/1080 1158/1066/1073 1163/1073/1079
f 1165/1075/1081 1160/1071/1075 1164/1076/1080
f 1166/1077/1082 1162/1069/1076 1165/1075/1081
f 254/212/278 468/331/280 1163/1073/1079
f 1167/1078/1083 1163/1073/1079 468/331/280
f 1168/1079/1084 1164/1080/1080 1167/1081/1083
f 1169/1082/1085 1165/1083/1081 1168/1079/1084
f 1170/1084/1086 468/331/280 467/330/279
f 646/454/521 1167/1081/1083 1170/1085/1086
f 251/210/523 1168/1079/1084 646/454/521
f 262/332/281 1171/1086/1087 1172/1087/1088
f 1174/1088/1089 1171/1086/1087 1173/1089/1090
f 645/452/518 1173/1090/1090 1175/1091/1091
f 246/206/517 1175/1091/1091 642/451/516
f 262/332/281 1176/1092/1092 1171/1086/1087
f 1173/1089/1090 1176/1092/1092 1177/1093/1093
f 1175/1091/1091 1177/1094/1093 1178/1095/1094
f 642/451/516 1178/1095/1094 1179/1096/1095
f 262/332/281 470/334/283 1176/1092/1092
f 1180/1097/1096 1176/1092/1092 470/334/283
f 1178/1098/1094 1180/1099/1096 1181/1100/1097
f 1179/1101/1095 1181/1100/1097 1182/1102/1098
f 1183/1103/1099 470/334/283 469/333/282
f 1181/1100/1097 1183/1104/1099 651/459/530
f 1182/1102/1098 651/459/530 259/227/529
f 258/215/284 1184/1105/1100 1185/1106/1101
f 1186/1107/1102 1185/1106/1101 1184/1105/1100
f 1188/1108/1103 1187/1109/1104 1186/1110/1102
f 247/450/515 1188/1108/1103 640/449/514
f 258/215/284 1189/1111/1105 1184/1105/1100
f 1186/1107/1102 1189/1111/1105 1190/1112/1106
f 1188/1108/1103 1190/1113/1106 1191/1114/1107
f 640/449/514 1191/1114/1107 1192/1115/1108
f 258/215/284 472/336/286 1189/1111/1105
f 1190/1112/1106 472/336/286 1193/1116/1109
f 1191/1117/1107 1193/1118/1109 1194/1119/1110
f 1192/1120/1108 1194/1119/1110 1195/1121/1111
f 1193/1116/1109 471/335/285 1196/1122/1112
f 1194/1119/1110 1196/1123/1112 649/457/527
f 1195/1121/1111 649/457/527 255/228/526
f 265/223/287 1197/1124/1113 653/460/531
f 1198/1125/1114 653/460/531 1197/1124/1113
f 1200/990/1115 1199/991/1116 1198/992/1114
f 1202/993/1117 1201/994/1118 1200/990/1115
f 265/223/287 1203/1126/1119 1197/1124/1113
f 1204/1127/1120 1197/1124/1113 1203/1126/1119
f 1205/998/1121 1198/992/1114 1204/997/1120
f 1206/999/1122 1200/990/1115 1205/998/1121
f 265/223/287 474/338/289 1203/1126/1119
f 1207/1128/1123 1203/1126/1119 474/338/289
f 1208/1129/1124 1204/1130/1120 1207/1131/1123
f 669/458/550 1205/1132/1121 1208/1129/1124
f 1209/1133/1125 474/338/289 473/337/288
f 1210/1134/1126 1207/1131/1123 1209/1019/1125
f 273/216/1127 1208/1129/1124 1210/1134/1126
f 274/217/290 1211/1135/1128 667/474/549
f 1213/1037/1129 1211/1135/1128 1212/1136/1130
f 1215/974/1131 1212/972/1130 1214/970/1132
f 1216/973/1133 1215/974/1131 1214/970/1132
f 274/217/290 1217/1137/1134 1211/1135/1128
f 1212/1136/1130 1217/1137/1134 1218/1138/1135
f 1214/970/1132 1218/978/1135 1219/977/1136
f 1220/979/1137 1214/970/1132 1219/977/1136
f 274/217/290 476/340/292 1217/1137/1134
f 1221/1139/1138 1217/1137/1134 476/340/292
f 1222/1140/1139 1218/1141/1135 1221/1142/1138
f 657/463/534 1219/1143/1136 1222/1140/1139
f 1223/1031/1140 476/340/292 475/339/291
f 658/466/537 1221/1142/1138 1223/1144/1140
f 268/222/538 1222/1140/1139 658/466/537
f 266/221/293 1224/1145/1141 654/462/533
f 1226/1146/1142 1224/1145/1141 1225/1147/1143
f 1228/1148/1144 1225/1149/1143 1227/1150/1145
f 282/209/555 1227/1150/1145 671/455/554
f 266/221/293 1229/1151/1146 1224/1145/1141
f 1225/1147/1143 1229/1151/1146 1230/1152/1147
f 1227/1150/1145 1230/1153/1147 1231/1154/1148
f 671/455/554 1231/1154/1148 1232/1155/1149
f 266/221/293 478/342/295 1229/1151/1146
f 1233/1156/1150 1229/1151/1146 478/342/295
f 1234/1157/1151 1230/1152/1147 1233/1156/1150
f 1235/456/1152 1231/1042/1148 1234/1039/1151
f 1236/1158/1153 478/342/295 477/341/294
f 1237/1044/1154 1233/1041/1150 1236/1045/1153
f 285/213/1155 1234/1039/1151 1237/1044/1154
f 278/218/296 1238/1009/1156 670/475/553
f 1239/1011/1157 670/475/553 1238/1009/1156
f 1241/1159/1158 1240/1004/1159 1239/1160/1157
f 1243/1008/1160 1242/1005/1161 1241/1159/1158
f 278/218/296 1244/1015/1162 1238/1009/1156
f 1245/1016/1163 1238/1009/1156 1244/1015/1162
f 1246/1161/1164 1239/1160/1157 1245/1162/1163
f 1247/1007/1165 1241/1159/1158 1246/1161/1164
f 278/218/296 480/323/298 1244/1015/1162
f 1248/1020/1166 1244/1015/1162 480/323/298
f 1249/1163/1167 1245/1164/1163 1248/1165/1166
f 655/461/532 1246/1166/1164 1249/1163/1167
f 1248/1020/1166 479/322/297 1250/1026/1168
f 656/465/536 1248/1165/1166 1250/1167/1168
f 267/464/535 1249/1163/1167 656/465/536
f 287/212/299 1251/1066/1169 1252/1067/1170
f 1253/1068/1171 1252/1067/1170 1251/1066/1169
f 666/1168/1172 1253/1169/1171 1255/1170/1173
f 269/226/541 1255/1170/1173 659/467/539
f 287/212/299 1256/1073/1174 1251/1066/1169
f 1253/1068/1171 1256/1073/1174 1257/1074/1175
f 1255/1170/1173 1257/1171/1175 1258/1172/1176
f 659/467/539 1258/1172/1176 1259/1173/1177
f 287/212/299 482/331/301 1256/1073/1174
f 1257/1074/1175 482/331/301 1260/1174/1178
f 1258/1098/1176 1260/1099/1178 1261/1100/1179
f 1259/1101/1177 1261/1100/1179 1262/1102/1180
f 1260/1174/1178 481/330/300 1263/1084/1181
f 1261/1100/1179 1263/1104/1181 668/459/552
f 1262/1102/1180 668/459/552 276/227/551
f 275/215/302 1264/1105/1182 1265/1106/1183
f 1266/1107/1184 1265/1106/1183 1264/1105/1182
f 1268/1175/1185 1267/1176/1186 1266/1177/1184
f 661/469/543 660/1178/1187 1268/1175/1185
f 275/215/302 1269/1111/1188 1264/1105/1182
f 1270/1112/1189 1264/1105/1182 1269/1111/1188
f 1271/1179/1190 1266/1177/1184 1270/1180/1189
f 1272/1181/1191 1268/1175/1185 1271/1179/1190
f 275/215/302 484/336/304 1269/1111/1188
f 1273/1116/1192 1269/1111/1188 484/336/304
f 1274/1058/1193 1270/1059/1189 1273/1060/1192
f 1275/1061/1194 1271/1062/1190 1274/1058/1193
f 1273/1116/1192 483/335/303 1276/1122/1195
f 1277/1064/1196 1273/1060/1192 1276/1065/1195
f 280/219/1197 1274/1058/1193 1277/1064/1196
f 283/327/305 1278/1046/1198 1279/1047/1199
f 1281/1048/1200 1278/1046/1198 1280/1049/1201
f 664/470/544 1280/1182/1201 1282/1183/1202
f 272/225/548 1282/1183/1202 665/473/547
f 283/327/305 1283/1052/1203 1278/1046/1198
f 1280/1049/1201 1283/1052/1203 1284/1053/1204
f 1282/1183/1202 1284/1184/1204 1285/1185/1205
f 665/473/547 1285/1185/1205 1286/1186/1206
f 283/327/305 486/329/307 1283/1052/1203
f 1287/1057/1207 1283/1052/1203 486/329/307
f 1288/1119/1208 1284/1187/1204 1287/1118/1207
f 1286/1120/1206 1288/1119/1208 1289/1121/1209
f 1290/1063/1210 486/329/307 485/328/306
f 1291/457/1211 1287/1118/1207 1290/1123/1210
f 1289/1121/1209 1291/457/1211 288/228/1212
f 279/332/308 1292/1086/1213 1293/1087/1214
f 1295/1088/1215 1292/1086/1213 1294/1089/1216
f 662/468/542 1294/1188/1216 1296/1189/1217
f 271/471/545 1296/1189/1217 663/472/546
f 279/332/308 1297/1092/1218 1292/1086/1213
f 1294/1089/1216 1297/1092/1218 1298/1093/1219
f 1299/1190/1220 1294/1188/1216 1298/1191/1219
f 1300/1192/1221 1296/1189/1217 1299/1190/1220
f 279/332/308 488/334/310 1297/1092/1218
f 1301/1193/1222 1297/1092/1218 488/334/310
f 1302/1079/1223 1298/1080/1219 1301/1081/1222
f 1303/1082/1224 1299/1083/1220 1302/1079/1223
f 1304/1103/1225 488/334/310 487/333/309
f 1305/454/1226 1301/1081/1222 1304/1085/1225
f 284/210/1227 1302/1079/1223 1305/454/1226
f 289/231/311 1306/1194/1228 672/476/556
f 1308/1195/1229 1306/1194/1228 1307/1196/1230
f 1310/271/1231 1307/547/1230 1309/548/1232
f 310/163/1233 1309/548/1232 1311/490/1234
f 289/231/311 1312/1197/1235 1306/1194/1228
f 1307/1196/1230 1312/1197/1235 1313/1198/1236
f 1309/548/1232 1313/552/1236 1314/551/1237
f 1311/490/1234 1314/551/1237 1315/553/1238
f 289/231/311 490/344/313 1312/1197/1235
f 1313/1198/1236 490/344/313 1316/1199/1239
f 1314/1200/1237 1316/1201/1239 1317/1202/1240
f 1315/565/1238 1317/1202/1240 688/568/1241
f 1316/1199/1239 489/343/312 1318/1203/1242
f 1317/1202/1240 1318/573/1242 1319/567/1243
f 688/568/1241 1319/567/1243 297/166/575
f 298/164/314 1320/1204/1244 686/489/573
f 1321/1205/1245 686/489/573 1320/1204/1244
f 1323/530/1246 1322/595/1247 1321/529/1245
f 1325/531/1248 1324/528/1249 1323/530/1246
f 298/164/314 1326/1206/1250 1320/1204/1244
f 1321/1205/1245 1326/1206/1250 1327/1207/1251
f 1323/530/1246 1327/534/1251 1328/535/1252
f 1325/531/1248 1328/535/1252 1329/536/1253
f 298/164/314 492/346/316 1326/1206/1250
f 1330/1208/1254 1326/1206/1250 492/346/316
f 1331/1209/1255 1327/1210/1251 1330/1211/1254
f 676/1212/1256 1328/1213/1252 1331/1209/1255
f 1330/1208/1254 491/345/315 1332/1214/1257
f 1331/1209/1255 1332/1215/1257 677/480/561
f 676/1212/1256 677/480/561 292/230/560
f 290/229/317 1333/1216/1258 673/477/557
f 1334/1217/1259 673/477/557 1333/1216/1258
f 1336/1218/1260 1335/542/1261 1334/1219/1259
f 690/399/579 1337/267/1262 1336/1218/1260
f 290/229/317 1338/1220/1263 1333/1216/1258
f 1339/1221/1264 1333/1216/1258 1338/1220/1263
f 1340/1222/1265 1334/1219/1259 1339/1223/1264
f 1341/526/1266 1336/1218/1260 1340/1222/1265
f 290/229/317 494/348/319 1338/1220/1263
f 1342/1224/1267 1338/1220/1263 494/348/319
f 1343/594/1268 1339/1225/1264 1342/593/1267
f 1344/528/1269 1340/592/1265 1343/594/1268
f 1345/1226/1270 494/348/319 493/347/318
f 1346/531/1271 1342/593/1267 1345/536/1270
f 309/162/1272 1343/594/1268 1346/531/1271
f 302/163/320 1347/562/1273 689/490/577
f 1349/553/1274 1347/562/1273 1348/563/1275
f 1351/397/1276 1348/1227/1275 1350/1228/1277
f 305/159/1278 1350/1228/1277 1352/560/1279
f 302/163/320 1353/569/1280 1347/562/1273
f 1348/563/1275 1353/569/1280 1354/570/1281
f 1350/1228/1277 1354/1229/1281 1355/1230/1282
f 1352/560/1279 1355/1230/1282 1356/561/1283
f 302/163/320 496/272/322 1353/569/1280
f 1357/574/1284 1353/569/1280 496/272/322
f 1355/1231/1282 1357/1232/1284 1358/1233/1285
f 1356/1234/1283 1358/1233/1285 674/1235/1286
f 1359/579/1287 496/272/322 495/271/321
f 675/479/559 1357/1232/1284 1359/1236/1287
f 674/1235/1286 675/479/559 291/478/558
f 311/161/323 1360/617/1288 1361/618/1289
f 1363/619/1290 1360/617/1288 1362/620/1291
f 685/487/571 1362/1237/1291 1364/1238/1292
f 678/482/564 685/487/571 1364/1238/1292
f 311/161/323 1365/623/1293 1360/617/1288
f 1362/620/1291 1365/623/1293 1366/624/1294
f 1367/1239/1295 1362/1237/1291 1366/1240/1294
f 1368/1241/1296 1364/1238/1292 1367/1239/1295
f 311/161/323 498/280/325 1365/623/1293
f 1369/628/1297 1365/623/1293 498/280/325
f 1370/641/1298 1366/642/1294 1369/643/1297
f 1371/644/1299 1367/645/1295 1370/641/1298
f 1372/634/1300 498/280/325 497/278/324
f 687/401/574 1369/643/1297 1372/646/1300
f 300/165/576 1370/641/1298 687/401/574
f 299/281/326 1373/647/1301 1374/648/1302
f 1376/649/1303 1373/647/1301 1375/650/1304
f 679/481/562 1375/1242/1304 1377/1243/1305
f 294/484/566 1377/1243/1305 680/485/567
f 299/281/326 1378/653/1306 1373/647/1301
f 1375/650/1304 1378/653/1306 1379/654/1307
f 1377/1243/1305 1379/1244/1307 1380/1245/1308
f 680/485/567 1380/1245/1308 1381/1246/1309
f 299/281/326 500/283/328 1378/653/1306
f 1382/658/1310 1378/653/1306 500/283/328
f 1383/610/1311 1379/611/1307 1382/612/1310
f 1384/613/1312 1380/614/1308 1383/610/1311
f 1385/659/1313 500/283/328 499/282/327
f 1386/400/1314 1382/612/1310 1385/616/1313
f 304/235/1315 1383/610/1311 1386/400/1314
f 307/158/329 1387/597/1316 1388/598/1317
f 1389/599/1318 1388/598/1317 1387/597/1316
f 1391/1247/1319 1390/1248/1320 1389/1249/1318
f 684/488/572 683/1250/1321 1391/1247/1319
f 307/158/329 1392/604/1322 1387/597/1316
f 1389/599/1318 1392/604/1322 1393/605/1323
f 1391/1247/1319 1393/1251/1323 1394/1252/1324
f 684/488/572 1394/1252/1324 1395/1253/1325
f 307/158/329 502/277/331 1392/604/1322
f 1396/609/1326 1392/604/1322 502/277/331
f 1397/610/1327 1393/611/1323 1396/612/1326
f 1398/613/1328 1394/614/1324 1397/610/1327
f 1396/609/1326 501/276/330 1399/615/1329
f 1397/610/1327 1399/616/1329 1400/400/1330
f 1398/613/1328 1400/400/1330 312/235/1331
f 303/161/332 1401/617/1332 1402/618/1333
f 1404/619/1334 1401/617/1332 1403/620/1335
f 681/483/565 1403/1254/1335 1405/1255/1336
f 295/233/570 1405/1255/1336 682/486/568
f 303/161/332 1406/623/1337 1401/617/1332
f 1403/620/1335 1406/623/1337 1407/624/1338
f 1405/1255/1336 1407/1256/1338 1408/1257/1339
f 682/486/568 1408/1257/1339 1409/1258/1340
f 303/161/332 504/280/334 1406/623/1337
f 1407/624/1338 504/280/334 1410/628/1341
f 1408/629/1339 1410/630/1341 1411/631/1342
f 1409/632/1340 1411/631/1342 1412/633/1343
f 1410/628/1341 503/278/333 1413/634/1344
f 1411/631/1342 1413/635/1344 1414/398/1345
f 1412/633/1343 1414/398/1345 308/236/1346
f 313/172/335 1415/1259/1347 691/414/30
f 1417/745/174 1415/1259/1347 1416/1260/1348
f 1419/682/57 1416/683/1348 1418/684/1349
f 334/178/846 1418/684/1349 1420/685/1350
f 313/172/335 1421/1261/167 1415/1259/1347
f 1416/1260/1348 1421/1261/167 1422/1262/168
f 1418/684/1349 1422/688/168 1423/689/1351
f 1420/685/1350 1423/689/1351 1424/690/170
f 313/172/335 506/350/336 1421/1261/167
f 1425/1263/1352 1421/1261/167 506/350/336
f 1426/1264/1353 1422/1265/168 1425/1266/1352
f 707/420/594 1423/1267/1351 1426/1264/1353
f 1427/1268/1354 506/350/336 505/349/162
f 1428/704/1355 1425/1266/1352 1427/709/1354
f 321/180/1356 1426/1264/1353 1428/704/1355
f 322/181/337 1429/1269/1357 705/491/593
f 1431/726/1358 1429/1269/1357 1430/1270/1359
f 1433/663/1360 1430/664/1359 1432/665/1361
f 325/183/1362 1432/665/1361 1434/666/1363
f 322/181/337 1435/1271/1364 1429/1269/1357
f 1430/1270/1359 1435/1271/1364 1436/1272/1365
f 1432/665/1361 1436/669/1365 1437/670/1366
f 1434/666/1363 1437/670/1366 1438/671/1367
f 322/181/337 508/352/339 1435/1271/1364
f 1439/1273/1368 1435/1271/1364 508/352/339
f 1440/1274/1369 1436/1275/1365 1439/1276/1368
f 695/409/582 1437/1277/1366 1440/1274/1369
f 1441/1278/1370 508/352/339 507/351/338
f 696/408/584 1439/1276/1368 1441/765/1370
f 316/171/58 1440/1274/1369 696/408/584
f 314/170/340 1442/1279/1371 692/413/581
f 1444/784/1372 1442/1279/1371 1443/1280/1373
f 1446/284/1374 1443/1281/1373 1445/1282/1375
f 330/175/476 1445/1282/1375 709/417/596
f 314/170/340 1447/1283/1376 1442/1279/1371
f 1443/1280/1373 1447/1283/1376 1448/1284/1377
f 1445/1282/1375 1448/1285/1377 1449/1286/1378
f 709/417/596 1449/1286/1378 1450/661/1379
f 314/170/340 510/354/342 1447/1283/1376
f 1451/1287/1380 1447/1283/1376 510/354/342
f 1452/728/1381 1448/729/1377 1451/730/1380
f 1453/418/1382 1449/731/1378 1452/728/1381
f 1454/1288/1383 510/354/342 509/353/341
f 1455/733/1384 1451/730/1380 1454/734/1383
f 333/177/120 1452/728/1381 1455/733/1384
f 326/184/13 1456/699/14 708/492/595
f 1458/700/104 1456/699/14 1457/701/1385
f 1460/415/33 1457/1289/1385 1459/692/1386
f 329/174/1387 1459/692/1386 1461/697/1388
f 326/184/13 1462/705/98 1456/699/14
f 1457/701/1385 1462/705/98 1463/706/1389
f 1459/692/1386 1463/1290/1389 1464/1291/100
f 1461/697/1388 1464/1291/100 1465/698/1390
f 326/184/13 512/289/92 1462/705/98
f 1466/710/1391 1462/705/98 512/289/92
f 1467/798/1392 1463/1292/1389 1466/1293/1391
f 693/412/580 1464/1294/100 1467/798/1392
f 1468/715/1393 512/289/92 511/288/343
f 694/411/583 1466/1293/1391 1468/803/1393
f 315/410/96 1467/798/1392 694/411/583
f 335/176/22 1469/755/1394 1470/756/1395
f 1472/757/148 1469/755/1394 1471/758/1396
f 704/402/592 1471/1295/1396 1473/1296/1397
f 317/169/51 1473/1296/1397 697/407/147
f 335/176/22 1474/761/1398 1469/755/1394
f 1471/758/1396 1474/761/1398 1475/762/142
f 1473/1296/1397 1475/1297/142 1476/1298/1399
f 697/407/147 1476/1298/1399 1477/678/1400
f 335/176/22 514/296/345 1474/761/1398
f 1478/766/1401 1474/761/1398 514/296/345
f 1479/786/1402 1475/787/142 1478/788/1401
f 1480/789/1403 1476/790/1399 1479/786/1402
f 1481/772/1404 514/296/345 513/295/344
f 706/421/43 1478/788/1401 1481/792/1404
f 324/237/39 1479/786/1402 706/421/43
f 323/179/346 1482/793/1405 1483/794/1406
f 1485/795/1407 1482/793/1405 1484/796/1408
f 698/286/585 1484/1299/1408 1486/1300/1409
f 318/167/587 1486/1300/1409 699/406/588
f 323/179/346 1487/799/1410 1482/793/1405
f 1484/796/1408 1487/799/1410 1488/800/1411
f 1486/1300/1409 1488/1301/1411 1489/1302/1412
f 699/406/588 1489/1302/1412 1490/680/1413
f 323/179/346 516/300/348 1487/799/1410
f 1491/804/1414 1487/799/1410 516/300/348
f 1492/747/1415 1488/748/1411 1491/749/1414
f 1493/750/1416 1489/751/1412 1492/747/1415
f 1494/810/1417 516/300/348 515/299/347
f 1495/753/1418 1491/749/1414 1494/754/1417
f 328/238/802 1492/747/1415 1495/753/1418
f 331/173/10 1496/735/1419 1497/736/12
f 1499/737/88 1496/735/1419 1498/738/86
f 702/404/589 1498/1303/86 1500/1304/87
f 320/168/455 1500/1304/87 703/403/52
f 331/173/10 1501/741/82 1496/735/1419
f 1498/738/86 1501/741/82 1502/742/1420
f 1500/1304/87 1502/1305/1420 1503/1306/84
f 703/403/52 1503/1306/84 1504/716/85
f 331/173/10 518/294/75 1501/741/82
f 1505/746/1421 1501/741/82 518/294/75
f 1506/805/79 1502/806/1420 1505/807/1421
f 1507/808/1422 1503/809/84 1506/805/79
f 1508/752/76 518/294/75 517/293/349
f 1509/419/1423 1505/807/1421 1508/811/76
f 336/240/1424 1506/805/79 1509/419/1423
f 327/182/350 1510/774/1425 1511/775/1426
f 1513/776/1427 1510/774/1425 1512/777/1428
f 700/291/586 1512/1307/1428 1514/1308/1429
f 319/290/590 1514/1308/1429 701/405/591
f 327/182/350 1515/780/1430 1510/774/1425
f 1512/777/1428 1515/780/1430 1516/781/1431
f 1514/1308/1429 1516/1309/1431 1517/1310/1432
f 701/405/591 1517/1310/1432 1518/718/1433
f 327/182/350 520/298/352 1515/780/1430
f 1519/785/1434 1515/780/1430 520/298/352
f 1520/767/1435 1516/768/1431 1519/769/1434
f 1521/770/1436 1517/771/1432 1520/767/1435
f 1522/791/1437 520/298/352 519/297/351
f 1523/416/1438 1519/769/1434 1522/773/1437
f 332/239/827 1520/767/1435 1523/416/1438
f 337/243/353 1524/1311/1439 710/493/597
f 1525/1312/1440 710/493/597 1524/1311/1439
f 1527/990/1441 1526/991/1442 1525/992/1440
f 1529/993/1443 1528/994/1444 1527/990/1441
f 337/243/353 1530/1313/1445 1524/1311/1439
f 1531/1314/1446 1524/1311/1439 1530/1313/1445
f 1532/998/1447 1525/992/1440 1531/997/1446
f 1533/999/1448 1527/990/1441 1532/998/1447
f 337/243/353 522/356/355 1530/1313/1445
f 1534/1315/1449 1530/1313/1445 522/356/355
f 1535/1129/1450 1531/1130/1446 1534/1131/1449
f 726/458/616 1532/1132/1447 1535/1129/1450
f 1536/1316/1451 522/356/355 521/355/354
f 1537/1134/1452 1534/1131/1449 1536/1019/1451
f 345/216/1453 1535/1129/1450 1537/1134/1452
f 346/217/356 1538/1135/1454 724/474/615
f 1540/1037/1455 1538/1135/1454 1539/1136/1456
f 1542/974/1457 1539/972/1456 1541/970/1458
f 1543/973/1459 1542/974/1457 1541/970/1458
f 346/217/356 1544/1137/1460 1538/1135/1454
f 1539/1136/1456 1544/1137/1460 1545/1138/1461
f 1541/970/1458 1545/978/1461 1546/977/1462
f 1547/979/1463 1541/970/1458 1546/977/1462
f 346/217/356 524/340/358 1544/1137/1460
f 1548/1139/1464 1544/1137/1460 524/340/358
f 1549/1317/1465 1545/1318/1461 1548/1319/1464
f 714/496/600 1546/1320/1462 1549/1317/1465
f 1550/1031/1466 524/340/358 523/339/357
f 715/499/603 1548/1319/1464 1550/1321/1466
f 340/242/604 1549/1317/1465 715/499/603
f 338/241/359 1551/1322/1467 711/495/599
f 1553/1323/1468 1551/1322/1467 1552/1324/1469
f 1555/1148/1470 1552/1149/1469 1554/1150/1471
f 354/209/621 1554/1150/1471 728/455/620
f 338/241/359 1556/1325/1472 1551/1322/1467
f 1552/1324/1469 1556/1325/1472 1557/1326/1473
f 1554/1150/1471 1557/1153/1473 1558/1154/1474
f 728/455/620 1558/1154/1474 1559/1155/1475
f 338/241/359 526/358/361 1556/1325/1472
f 1560/1327/1476 1556/1325/1472 526/358/361
f 1561/1328/1477 1557/1326/1473 1560/1327/1476
f 1562/456/1478 1558/1042/1474 1561/1039/1477
f 1563/1329/1479 526/358/361 525/357/360
f 1564/1044/1480 1560/1041/1476 1563/1045/1479
f 357/213/1481 1561/1039/1477 1564/1044/1480
f 350/218/362 1565/1009/1482 727/475/619
f 1566/1011/1483 727/475/619 1565/1009/1482
f 1568/1159/1484 1567/1004/1485 1566/1160/1483
f 1570/1008/1486 1569/1005/1487 1568/1159/1484
f 350/218/362 1571/1015/1488 1565/1009/1482
f 1572/1016/1489 1565/1009/1482 1571/1015/1488
f 1573/1161/1490 1566/1160/1483 1572/1162/1489
f 1574/1007/1491 1568/1159/1484 1573/1161/1490
f 350/218/362 528/323/364 1571/1015/1488
f 1575/1020/1492 1571/1015/1488 528/323/364
f 1576/1330/1493 1572/1331/1489 1575/1332/1492
f 712/494/598 1573/1333/1490 1576/1330/1493
f 1575/1020/1492 527/322/363 1577/1026/1494
f 713/498/602 1575/1332/1492 1577/1334/1494
f 339/497/601 1576/1330/1493 713/498/602
f 359/212/365 1578/1066/1495 1579/1067/1496
f 1580/1068/1497 1579/1067/1496 1578/1066/1495
f 723/1335/1498 1580/1336/1497 1582/1337/1499
f 341/246/607 1582/1337/1499 716/500/605
f 359/212/365 1583/1073/1500 1578/1066/1495
f 1580/1068/1497 1583/1073/1500 1584/1074/1501
f 1582/1337/1499 1584/1338/1501 1585/1339/1502
f 716/500/605 1585/1339/1502 1586/1340/1503
f 359/212/365 530/331/367 1583/1073/1500
f 1584/1074/1501 530/331/367 1587/1174/1504
f 1585/1098/1502 1587/1099/1504 1588/1100/1505
f 1586/1101/1503 1588/1100/1505 1589/1102/1506
f 1587/1174/1504 529/330/366 1590/1084/1507
f 1588/1100/1505 1590/1104/1507 725/459/618
f 1589/1102/1506 725/459/618 348/227/617
f 347/215/368 1591/1105/1508 1592/1106/1509
f 1593/1107/1510 1592/1106/1509 1591/1105/1508
f 1595/1341/1511 1594/1342/1512 1593/1343/1510
f 718/502/609 717/1344/1513 1595/1341/1511
f 347/215/368 1596/1111/1514 1591/1105/1508
f 1597/1112/1515 1591/1105/1508 1596/1111/1514
f 1598/1345/1516 1593/1343/1510 1597/1346/1515
f 1599/1347/1517 1595/1341/1511 1598/1345/1516
f 347/215/368 532/336/370 1596/1111/1514
f 1600/1116/1518 1596/1111/1514 532/336/370
f 1601/1058/1519 1597/1059/1515 1600/1060/1518
f 1602/1061/1520 1598/1062/1516 1601/1058/1519
f 1600/1116/1518 531/335/369 1603/1122/1521
f 1604/1064/1522 1600/1060/1518 1603/1065/1521
f 352/219/1523 1601/1058/1519 1604/1064/1522
f 355/327/371 1605/1046/1524 1606/1047/1525
f 1608/1048/1526 1605/1046/1524 1607/1049/1527
f 721/503/610 1607/1348/1527 1609/1349/1528
f 344/245/614 1609/1349/1528 722/506/613
f 355/327/371 1610/1052/1529 1605/1046/1524
f 1607/1049/1527 1610/1052/1529 1611/1053/1530
f 1609/1349/1528 1611/1350/1530 1612/1351/1531
f 722/506/613 1612/1351/1531 1613/1352/1532
f 355/327/371 534/329/373 1610/1052/1529
f 1614/1057/1533 1610/1052/1529 534/329/373
f 1615/1119/1534 1611/1187/1530 1614/1118/1533
f 1613/1120/1532 1615/1119/1534 1616/1121/1535
f 1617/1063/1536 534/329/373 533/328/372
f 1618/457/1537 1614/1118/1533 1617/1123/1536
f 1616/1121/1535 1618/457/1537 360/228/1538
f 351/332/374 1619/1086/1539 1620/1087/1540
f 1622/1088/1541 1619/1086/1539 1621/1089/1542
f 719/501/608 1621/1353/1542 1623/1354/1543
f 343/504/611 1623/1354/1543 720/505/612
f 351/332/374 1624/1092/1544 1619/1086/1539
f 1621/1089/1542 1624/1092/1544 1625/1093/1545
f 1626/1355/1546 1621/1353/1542 1625/1356/1545
f 1627/1357/1547 1623/1354/1543 1626/1355/1546
f 351/332/374 536/334/376 1624/1092/1544
f 1628/1193/1548 1624/1092/1544 536/334/376
f 1629/1079/1549 1625/1080/1545 1628/1081/1548
f 1630/1082/1550 1626/1083/1546 1629/1079/1549
f 1631/1103/1551 536/334/376 535/333/375
f 1632/454/1552 1628/1081/1548 1631/1085/1551
f 356/210/1553 1629/1079/1549 1632/454/1552
f 361/188/377 1633/1358/1554 729/431/622
f 1635/901/1555 1633/1358/1554 1634/1359/1556
f 1637/1360/1557 1634/1361/1556 1636/1362/1558
f 382/1363/1559 1636/1362/1558 1638/1364/1560
f 361/188/377 1639/1365/1561 1633/1358/1554
f 1634/1359/1556 1639/1365/1561 1640/1366/1562
f 1636/1362/1558 1640/1367/1562 1641/1368/1563
f 1638/1364/1560 1641/1368/1563 1642/1369/1564
f 361/188/377 538/360/379 1639/1365/1561
f 1643/1370/1565 1639/1365/1561 538/360/379
f 1644/1371/1566 1640/1372/1562 1643/1373/1565
f 745/509/638 1641/1374/1563 1644/1371/1566
f 1645/1375/1567 538/360/379 537/359/378
f 1646/1376/1568 1643/1373/1565 1645/1377/1567
f 369/251/1569 1644/1371/1566 1646/1376/1568
f 370/249/380 1647/1378/1570 743/508/637
f 1649/1379/1571 1647/1378/1570 1648/1380/1572
f 1651/1381/1573 1648/1382/1572 1650/1383/1574
f 373/254/1575 1650/1383/1574 1652/1384/1576
f 370/249/380 1653/1385/1577 1647/1378/1570
f 1648/1380/1572 1653/1385/1577 1654/1386/1578
f 1650/1387/1574 1654/1386/1578 1655/1388/1579
f 1652/1384/1576 1655/1389/1579 1656/1390/1580
f 370/249/380 540/362/382 1653/1385/1577
f 1657/1391/1581 1653/1385/1577 540/362/382
f 1658/1392/1582 1654/1393/1578 1657/1394/1581
f 733/428/1583 1655/1395/1579 1658/1392/1582
f 1659/1396/1584 540/362/382 539/361/381
f 734/427/628 1657/1394/1581 1659/921/1584
f 364/190/626 1658/1392/1582 734/427/628
f 362/247/383 1660/1397/1585 730/430/624
f 1662/940/1586 1660/1397/1585 1661/1398/1587
f 1664/1399/1588 1661/1400/1587 1663/1401/1589
f 378/255/642 1663/1401/1589 747/512/643
f 362/247/383 1665/1402/1590 1660/1397/1585
f 1661/1398/1587 1665/1402/1590 1666/1403/1591
f 1663/1401/1589 1666/1404/1591 1667/1405/1592
f 747/512/643 1667/1405/1592 1668/1406/1593
f 362/247/383 542/364/385 1665/1402/1590
f 1669/1407/1594 1665/1402/1590 542/364/385
f 1670/1408/1595 1666/1409/1591 1669/1410/1594
f 1671/1411/1596 1667/1412/1592 1670/1408/1595
f 1672/1413/1597 542/364/385 541/363/384
f 1673/1414/1598 1669/1410/1594 1672/1415/1597
f 381/258/1599 1670/1408/1595 1673/1414/1598
f 374/252/386 1674/1416/1600 746/511/641
f 1676/1417/1601 1674/1416/1600 1675/1418/1602
f 1678/1419/1603 1675/1420/1602 1677/1421/1604
f 377/257/1605 1677/1421/1604 1679/1422/1606
f 374/252/386 1680/1423/1607 1674/1416/1600
f 1675/1418/1602 1680/1423/1607 1681/1424/1608
f 1677/1425/1604 1681/1424/1608 1682/1426/1609
f 1679/1422/1606 1682/1427/1609 1683/1428/1610
f 374/252/386 544/366/388 1680/1423/1607
f 1684/1429/1611 1680/1423/1607 544/366/388
f 1685/1430/1612 1681/1431/1608 1684/1432/1611
f 731/507/623 1682/1433/1609 1685/1430/1612
f 1686/1434/1613 544/366/388 543/365/387
f 732/429/625 1684/1432/1611 1686/959/1613
f 363/189/627 1685/1430/1612 732/429/625
f 383/259/389 1687/1435/1614 1688/1436/1615
f 1690/1437/1616 1687/1435/1614 1689/1438/1617
f 742/828/1618 1689/1439/1617 1691/1440/1619
f 365/185/631 1691/1440/1619 735/426/629
f 383/259/389 1692/1441/1620 1687/1435/1614
f 1689/1438/1617 1692/1441/1620 1693/1442/1621
f 1691/1440/1619 1693/1443/1621 1694/1444/1622
f 735/426/629 1694/1444/1622 1695/831/1623
f 383/259/389 546/368/391 1692/1441/1620
f 1696/1445/1624 1692/1441/1620 546/368/391
f 1697/1446/1625 1693/1442/1621 1696/1445/1624
f 1698/1447/1626 1694/1448/1622 1697/1449/1625
f 1699/1450/1627 546/368/391 545/367/390
f 744/510/640 1696/1451/1624 1699/1452/1627
f 372/250/639 1697/1449/1625 744/510/640
f 371/369/392 1700/1453/1628 1701/1454/1629
f 1703/1455/1630 1700/1453/1628 1702/1456/1631
f 736/303/1632 1702/1457/1631 1704/1458/1633
f 366/248/630 1704/1458/1633 737/425/632
f 371/369/392 1705/1459/1634 1700/1453/1628
f 1702/1456/1631 1705/1459/1634 1706/1460/1635
f 1704/1458/1633 1706/1461/1635 1707/1462/1636
f 737/425/632 1707/1462/1636 1708/833/1637
f 371/369/392 548/371/394 1705/1459/1634
f 1709/1463/1638 1705/1459/1634 548/371/394
f 1710/1464/1639 1706/1460/1635 1709/1463/1638
f 1711/1465/1640 1707/1466/1636 1710/1467/1639
f 1712/1468/1641 548/371/394 547/370/393
f 1713/1469/1642 1709/1470/1638 1712/1471/1641
f 376/253/1643 1710/1467/1639 1713/1469/1642
f 379/372/395 1714/1472/1644 1715/1473/1645
f 1717/1474/1646 1714/1472/1644 1716/1475/1647
f 740/423/1648 1716/1476/1647 1718/1477/1649
f 368/187/635 1718/1477/1649 741/422/636
f 379/372/395 1719/1478/1650 1714/1472/1644
f 1716/1475/1647 1719/1478/1650 1720/1479/1651
f 1718/1477/1649 1720/1480/1651 1721/1481/1652
f 741/422/636 1721/1481/1652 1722/870/1653
f 379/372/395 550/374/397 1719/1478/1650
f 1723/1482/1654 1719/1478/1650 550/374/397
f 1724/1483/1655 1720/1479/1651 1723/1482/1654
f 1725/1484/1656 1721/1485/1652 1724/1486/1655
f 1726/1487/1657 550/374/397 549/373/396
f 1727/1488/1658 1723/1489/1654 1726/1490/1657
f 384/260/1659 1724/1486/1655 1727/1488/1658
f 375/375/398 1728/1491/1660 1729/1492/1661
f 1731/1493/1662 1728/1491/1660 1730/1494/1663
f 738/307/1664 1730/1495/1663 1732/1496/1665
f 367/186/633 1732/1496/1665 739/424/634
f 375/375/398 1733/1497/1666 1728/1491/1660
f 1730/1494/1663 1733/1497/1666 1734/1498/1667
f 1732/1496/1665 1734/1499/1667 1735/1500/1668
f 739/424/634 1735/1500/1668 1736/872/1669
f 375/375/398 552/377/400 1733/1497/1666
f 1737/1501/1670 1733/1497/1666 552/377/400
f 1738/1502/1671 1734/1498/1667 1737/1501/1670
f 1739/1503/1672 1735/1504/1668 1738/1505/1671
f 1740/1506/1673 552/377/400 551/376/399
f 1741/1507/1674 1737/1508/1670 1740/1509/1673
f 380/256/1675 1738/1505/1671 1741/1507/1674
f 393/209/401 1742/968/1676 764/455/664
f 1743/969/1677 764/455/664 1742/968/1676
f 1745/970/1678 1744/971/1679 1743/972/1677
f 1747/973/1680 1746/974/1681 1745/970/1678
f 393/209/401 1748/975/1682 1742/968/1676
f 1749/976/1683 1742/968/1676 1748/975/1682
f 1750/977/1684 1743/972/1677 1749/978/1683
f 1751/979/1685 1745/970/1678 1750/977/1684
f 393/209/401 554/319/403 1748/975/1682
f 1752/980/1686 1748/975/1682 554/319/403
f 1753/1510/1687 1749/1511/1683 1752/1512/1686
f 749/513/644 1750/1513/1684 1753/1510/1687
f 1752/980/1686 553/318/402 1754/985/1688
f 1753/1510/1687 1754/1514/1688 753/517/650
f 385/263/649 1753/1510/1687 753/517/650
f 386/261/404 1755/1515/1689 752/516/648
f 1757/1516/1690 1755/1515/1689 1756/1517/1691
f 1758/990/1692 1757/991/1690 1756/992/1691
f 1760/993/1693 1759/994/1694 1758/990/1692
f 386/261/404 1761/1518/1695 1755/1515/1689
f 1756/1517/1691 1761/1518/1695 1762/1519/1696
f 1758/990/1692 1762/997/1696 1763/998/1697
f 1760/993/1693 1763/998/1697 1764/999/1698
f 386/261/404 556/379/406 1761/1518/1695
f 1765/1520/1699 1761/1518/1695 556/379/406
f 1763/1001/1697 1765/1002/1699 1766/1003/1700
f 1764/1004/1698 1766/1003/1700 763/1005/1701
f 1765/1520/1699 555/378/405 1767/1521/1702
f 1766/1003/1700 1767/1007/1702 1768/1008/1703
f 763/1005/1701 1768/1008/1703 396/211/662
f 405/218/407 1769/1009/1704 1770/475/1705
f 1772/1010/1706 1769/1009/1704 1771/1011/1707
f 768/458/668 1771/1012/1707 1773/1013/1708
f 404/216/1709 1773/1013/1708 1774/1014/1710
f 405/218/407 1775/1015/1711 1769/1009/1704
f 1771/1011/1707 1775/1015/1711 1776/1016/1712
f 1773/1013/1708 1776/1017/1712 1777/1018/1713
f 1774/1014/1710 1777/1018/1713 1778/1019/1714
f 405/218/407 558/323/409 1775/1015/1711
f 1776/1016/1712 558/323/409 1779/1020/1715
f 1777/1522/1713 1779/1523/1715 1780/1524/1716
f 1778/1525/1714 1780/1524/1716 751/1526/1717
f 1779/1020/1715 557/322/408 1781/1026/1718
f 1780/1524/1716 1781/1527/1718 748/514/646
f 751/1526/1717 748/514/646 388/262/645
f 387/380/410 1782/1528/1719 750/515/647
f 1783/1529/1720 750/515/647 1782/1528/1719
f 1785/1030/1721 1784/1031/1722 1783/1032/1720
f 1787/474/1723 1786/339/1724 1785/1030/1721
f 387/380/410 1788/1530/1725 1782/1528/1719
f 1789/1531/1726 1782/1528/1719 1788/1530/1725
f 1790/1035/1727 1783/1032/1720 1789/1036/1726
f 1791/1037/1728 1785/1030/1721 1790/1035/1727
f 387/380/410 560/382/412 1788/1530/1725
f 1792/1532/1729 1788/1530/1725 560/382/412
f 1793/1039/1730 1789/1040/1726 1792/1041/1729
f 766/456/665 1790/1042/1727 1793/1039/1730
f 1794/1533/1731 560/382/412 559/381/411
f 1795/1044/1732 1792/1041/1729 1794/1045/1731
f 400/213/1733 1793/1039/1730 1795/1044/1732
f 394/327/413 1796/1046/1734 1797/1047/1735
f 1799/1048/1736 1796/1046/1734 1798/1049/1737
f 755/518/651 1798/1534/1737 1800/1535/1738
f 389/266/659 1800/1535/1738 760/524/660
f 394/327/413 1801/1052/1739 1796/1046/1734
f 1798/1049/1737 1801/1052/1739 1802/1053/1740
f 1800/1535/1738 1802/1536/1740 1803/1537/1741
f 1804/1538/1742 1800/1535/1738 1803/1537/1741
f 394/327/413 562/329/415 1801/1052/1739
f 1805/1057/1743 1801/1052/1739 562/329/415
f 1806/1058/1744 1802/1059/1740 1805/1060/1743
f 1807/1061/1745 1803/1062/1741 1806/1058/1744
f 1808/1063/1746 562/329/415 561/328/414
f 1809/1064/1747 1805/1060/1743 1808/1065/1746
f 407/219/1748 1806/1058/1744 1809/1064/1747
f 398/212/416 1810/1066/1749 1811/1067/1750
f 1812/1068/1751 1811/1067/1750 1810/1066/1749
f 1814/1539/1752 1813/1540/1753 1812/1541/1751
f 754/519/653 757/1542/1754 1814/1539/1752
f 398/212/416 1815/1073/1755 1810/1066/1749
f 1816/1074/1756 1810/1066/1749 1815/1073/1755
f 1817/1543/1757 1812/1541/1751 1816/1544/1756
f 1818/1545/1758 1814/1539/1752 1817/1543/1757
f 398/212/416 564/331/418 1815/1073/1755
f 1819/1078/1759 1815/1073/1755 564/331/418
f 1820/1079/1760 1816/1080/1756 1819/1081/1759
f 1821/1082/1761 1817/1083/1757 1820/1079/1760
f 1822/1084/1762 564/331/418 563/330/417
f 762/454/661 1819/1081/1759 1822/1085/1762
f 395/210/663 1820/1079/1760 762/454/661
f 406/332/419 1823/1086/1763 1824/1087/1764
f 1826/1088/1765 1823/1086/1763 1825/1089/1766
f 761/523/658 1825/1546/1766 1827/1547/1767
f 390/264/657 1827/1547/1767 758/522/656
f 406/332/419 1828/1092/1768 1823/1086/1763
f 1825/1089/1766 1828/1092/1768 1829/1093/1769
f 1827/1547/1767 1829/1548/1769 1830/1549/1770
f 758/522/656 1830/1549/1770 1831/1550/1771
f 406/332/419 566/334/421 1828/1092/1768
f 1832/1097/1772 1828/1092/1768 566/334/421
f 1830/1098/1770 1832/1099/1772 1833/1100/1773
f 1831/1101/1771 1833/1100/1773 1834/1102/1774
f 1835/1103/1775 566/334/421 565/333/420
f 1833/1100/1773 1835/1104/1775 767/459/670
f 1834/1102/1774 767/459/670 403/227/669
f 402/215/422 1836/1105/1776 1837/1106/1777
f 1838/1107/1778 1837/1106/1777 1836/1105/1776
f 1840/1551/1779 1839/1552/1780 1838/1553/1778
f 391/521/655 1840/1551/1779 756/520/654
f 402/215/422 1841/1111/1781 1836/1105/1776
f 1838/1107/1778 1841/1111/1781 1842/1112/1782
f 1840/1551/1779 1842/1554/1782 1843/1555/1783
f 756/520/654 1843/1555/1783 1844/1556/1784
f 402/215/422 568/336/424 1841/1111/1781
f 1842/1112/1782 568/336/424 1845/1116/1785
f 1843/1117/1783 1845/1118/1785 1846/1119/1786
f 1844/1120/1784 1846/1119/1786 1847/1121/1787
f 1845/1116/1785 567/335/423 1848/1122/1788
f 1846/1119/1786 1848/1123/1788 765/457/667
f 1847/1121/1787 765/457/667 399/228/666
f 778/1557/681 569/384/427 808/580/713
f 774/531/677 808/579/713 413/271/202
f 192/162/676 413/271/202 189/163/201
f 805/1558/710 571/386/429 811/582/715
f 801/567/705 811/1214/715 813/345/717
f 188/166/452 813/345/717 185/164/719
f 784/545/686 415/274/205 573/387/430
f 786/271/688 821/536/728 784/579/686
f 184/162/449 786/271/688 181/163/1789
f 781/543/684 411/269/199 574/388/431
f 409/267/196 794/561/697 781/542/684
f 177/160/195 795/560/698 409/267/196
f 845/627/754 576/603/735 575/389/433
f 848/633/757 826/1559/734 845/632/754
f 179/236/445 824/598/731 848/633/757
f 871/657/780 578/390/436 577/392/438
f 838/618/747 871/1560/780 874/613/783
f 182/161/210 874/613/783 183/235/450
f 866/1561/774 579/394/441 858/640/767
f 864/648/773 858/1562/767 861/644/770
f 186/281/216 861/644/770 187/165/453
f 853/1563/761 581/396/443 831/608/739
f 851/618/760 831/1560/739 834/613/742
f 190/161/213 834/613/742 191/235/745
f 791/1564/694 583/398/446 849/635/758
f 787/490/690 849/634/758 419/278/211
f 181/163/1789 419/278/211 182/161/210
f 835/615/743 585/399/447 771/526/672
f 836/400/744 771/595/672 773/528/674
f 191/235/745 773/528/674 192/162/676
f 875/616/784 587/528/727 586/400/448
f 423/282/217 818/590/724 875/659/784
f 186/281/216 814/489/720 423/282/217
f 862/646/771 589/568/706 588/401/451
f 421/278/214 799/553/704 862/634/771
f 190/161/213 797/490/701 421/278/214
f 885/1565/795 590/403/456 915/716/824
f 881/666/791 915/715/824 429/288/226
f 216/183/790 429/288/226 213/184/225
f 912/1566/821 592/405/9 918/718/825
f 908/704/817 918/1278/825 920/351/38
f 212/180/816 920/351/38 209/181/827
f 928/732/62 594/406/458 891/680/133
f 929/733/831 891/1567/133 893/682/800
f 208/177/66 893/682/800 205/178/802
f 901/696/808 595/407/459 888/678/798
f 902/697/809 888/677/798 425/284/220
f 204/174/810 425/284/220 201/175/219
f 933/1268/834 596/408/462 952/765/852
f 931/736/833 952/1568/852 955/770/854
f 202/173/228 955/770/854 203/239/45
f 947/1569/161 598/411/464 978/803/877
f 945/756/27 978/1570/877 981/808/880
f 206/176/25 981/808/880 207/240/473
f 973/1571/871 600/413/467 965/784/864
f 971/794/870 965/1572/864 968/789/867
f 210/179/236 968/789/867 211/237/476
f 960/1288/858 602/414/470 938/745/840
f 958/775/857 938/1573/840 941/750/843
f 214/182/233 941/750/843 215/238/846
f 898/1574/805 604/416/49 956/773/855
f 894/685/803 956/772/855 435/295/231
f 205/178/802 435/295/231 206/176/25
f 942/752/844 606/417/472 878/661/786
f 880/663/788 942/754/844 878/1575/786
f 215/238/846 880/663/788 216/183/790
f 925/1576/71 607/419/474 982/811/881
f 921/491/32 982/810/881 439/299/237
f 209/181/827 439/299/237 210/179/236
f 906/1577/813 609/421/477 969/792/868
f 904/492/812 969/791/868 437/297/234
f 213/184/225 437/297/234 214/182/233
f 1022/870/926 612/828/895 611/422/478
f 988/818/888 1022/869/926 445/305/246
f 237/200/245 988/818/888 445/305/246
f 1019/1578/923 613/424/482 1025/872/928
f 1027/874/930 1019/863/923 1025/1579/928
f 233/199/932 1015/858/919 1027/874/930
f 1035/888/940 615/425/483 998/833/898
f 1036/889/941 998/1580/898 1000/835/900
f 229/196/902 1036/889/941 1000/835/900
f 995/831/896 443/303/243 616/426/484
f 441/301/240 1008/851/910 995/830/896
f 228/192/912 441/301/240 225/193/239
f 1059/921/967 618/359/947 617/427/485
f 1038/892/944 1059/1581/967 1062/926/970
f 226/191/251 1062/926/970 227/433/495
f 1054/1582/961 619/429/490 1085/959/995
f 1052/912/960 1085/1583/995 1088/964/998
f 231/437/499 1052/912/960 1088/964/998
f 1080/1584/988 621/430/491 1072/940/981
f 1075/945/984 1080/951/988 1072/1585/981
f 235/440/502 1078/950/987 1075/945/984
f 1067/1413/974 623/431/493 1045/901/952
f 1048/906/955 1067/932/974 1045/1586/952
f 238/313/257 1048/906/955 239/201/958
f 1005/1587/907 625/434/496 1063/929/971
f 1001/838/903 1063/928/971 451/311/255
f 229/196/902 451/311/255 230/194/254
f 1049/908/956 627/435/497 985/813/883
f 1050/909/957 985/1588/883 987/815/885
f 239/201/958 987/815/885 240/202/887
f 1032/1589/937 628/438/500 1089/967/999
f 1028/877/933 1089/966/999 455/316/261
f 233/199/932 455/316/261 234/197/260
f 1013/1590/915 630/441/503 1076/948/985
f 1011/853/914 1076/947/985 453/314/258
f 237/200/245 453/314/258 238/313/257
f 1099/1591/1009 632/443/506 1129/1027/1042
f 1095/973/1004 1129/1026/1042 461/322/270
f 264/220/1790 461/322/270 261/218/269
f 1132/1592/1046 635/1025/1041 634/444/507
f 1134/339/1048 1126/1019/1038 1132/1031/1046
f 257/217/1791 1122/1014/1034 1134/339/1048
f 1105/988/1014 463/325/273 636/445/508
f 1107/994/1018 1142/1045/1055 1105/991/1014
f 253/214/1792 1143/1044/1056 1107/994/1018
f 1115/1006/1026 637/446/510 1102/986/1012
f 1116/1008/1027 1102/985/1012 457/318/264
f 252/211/522 457/318/264 249/209/263
f 1147/1593/1060 638/448/513 1166/1077/1082
f 1145/1047/1059 1166/1594/1082 1169/1082/1085
f 250/327/275 1169/1082/1085 251/210/523
f 1192/1115/1108 641/1072/1078 640/449/514
f 1195/1121/1111 1161/1595/1077 1192/1120/1108
f 255/228/526 1159/1067/1074 1195/1121/1111
f 1179/1096/1095 643/1596/1793 642/451/516
f 1182/1102/1098 1187/1597/1104 1179/1101/1095
f 259/227/529 1185/1106/1101 1182/1102/1098
f 1174/1598/1089 644/453/520 1152/1056/1066
f 1172/1087/1088 1152/1599/1066 1155/1061/1069
f 262/332/281 1155/1061/1069 263/219/1072
f 1170/1085/1086 647/1005/1025 646/454/521
f 467/330/279 1112/999/1022 1170/1084/1086
f 253/214/1792 467/330/279 254/212/278
f 1092/1155/1003 465/328/276 648/455/524
f 1094/974/1005 1156/1065/1070 1092/971/1003
f 264/220/1790 1157/1064/1071 1094/974/1005
f 1139/1600/1052 649/457/527 1196/1123/1112
f 1135/474/1047 1196/1122/1112 471/335/285
f 257/217/1791 471/335/285 258/215/284
f 1120/1601/1030 651/459/530 1183/1104/1099
f 1118/475/1029 1183/1103/1099 469/333/282
f 262/332/281 1118/475/1029 469/333/282
f 1199/1602/1116 477/341/294 653/460/531
f 1201/994/1118 1236/1045/1153 1199/991/1116
f 286/214/1794 1237/1044/1154 1201/994/1118
f 1247/1603/1165 654/462/533 1226/1146/1142
f 1243/1008/1160 1226/985/1142 1228/1148/1144
f 281/211/1795 1228/1148/1144 282/209/555
f 1220/1604/1137 656/465/536 1250/1167/1168
f 1216/973/1133 1250/1026/1168 479/322/297
f 277/220/1796 479/322/297 278/218/296
f 1223/1144/1140 473/337/288 658/466/537
f 475/339/291 1209/1019/1125 1223/1031/1140
f 274/217/290 1210/1134/1126 475/339/291
f 1259/1173/1177 660/1178/1187 659/467/539
f 1262/1102/1180 1267/1597/1186 1259/1101/1177
f 276/227/551 1265/1106/1183 1262/1102/1180
f 1295/1605/1215 661/469/543 1272/1181/1191
f 1293/1087/1214 1272/1599/1191 1275/1061/1194
f 279/332/308 1275/1061/1194 280/219/1197
f 1281/1606/1200 663/472/546 1300/1192/1221
f 1279/1047/1199 1300/1594/1221 1303/1082/1224
f 283/327/305 1303/1082/1224 284/210/1227
f 1286/1186/1206 666/1168/1172 665/473/547
f 1289/1121/1209 1254/1595/1797 1286/1120/1206
f 288/228/1212 1252/1067/1170 1289/1121/1209
f 1276/1122/1195 667/474/549 1213/1037/1129
f 1215/974/1131 1276/1065/1195 1213/971/1129
f 277/220/1796 1277/1064/1196 1215/974/1131
f 1206/1601/1122 668/459/552 1263/1104/1181
f 1202/993/1117 1263/1084/1181 481/330/300
f 286/214/1794 481/330/300 287/212/299
f 1240/1010/1159 487/333/309 670/475/553
f 1242/1005/1161 1304/1085/1225 1240/1004/1159
f 281/211/1795 1305/454/1226 1242/1005/1161
f 1232/1155/1149 485/328/306 671/455/554
f 1235/456/1152 1290/1123/1210 1232/1600/1149
f 288/228/1212 1235/456/1152 285/213/1155
f 1345/1226/1270 672/476/556 1308/1195/1229
f 1346/531/1271 1308/579/1229 1310/271/1231
f 309/162/1272 1310/271/1231 310/163/1233
f 1335/1607/1261 674/1235/1286 673/477/557
f 1337/267/1262 1356/561/1283 1335/542/1261
f 306/160/578 1352/560/1279 1337/267/1262
f 1359/1236/1287 676/1212/1256 675/479/559
f 495/271/321 1329/536/1253 1359/579/1287
f 302/163/320 1325/531/1248 495/271/321
f 1318/1203/1242 677/480/561 1332/1215/1257
f 1319/567/1243 1332/1214/1257 491/345/315
f 297/166/575 491/345/315 298/164/314
f 1376/1608/1303 678/482/564 1368/1241/1296
f 1374/648/1302 1368/1562/1296 1371/644/1299
f 299/281/326 1371/644/1299 300/165/576
f 1404/1609/1334 680/485/567 1381/1246/1309
f 1402/618/1333 1381/1560/1309 1384/613/1312
f 303/161/332 1384/613/1312 304/235/1315
f 1409/1258/1340 683/1250/1321 682/486/568
f 1412/633/1343 1390/1559/1320 1409/632/1340
f 308/236/1346 1388/598/1317 1412/633/1343
f 1363/1610/1290 684/488/572 1395/1253/1325
f 1361/618/1289 1395/1560/1325 1398/613/1328
f 311/161/323 1398/613/1328 312/235/1331
f 1322/590/1247 499/282/327 686/489/573
f 1324/528/1249 1385/616/1313 1322/595/1247
f 301/162/1798 1386/400/1314 1324/528/1249
f 1372/646/1300 688/568/1241 687/401/574
f 497/278/324 1315/553/1238 1372/634/1300
f 311/161/323 1311/490/1234 497/278/324
f 1413/634/1344 689/490/577 1349/553/1274
f 1414/398/1345 1349/1564/1274 1351/397/1276
f 308/236/1346 1351/397/1276 305/159/1278
f 1399/615/1329 690/399/579 1341/526/1266
f 1400/400/1330 1341/595/1266 1344/528/1269
f 312/235/1331 1344/528/1269 309/162/1272
f 1454/1288/1383 691/414/30 1417/745/174
f 1455/733/1384 1417/1567/174 1419/682/57
f 333/177/120 1419/682/57 334/178/846
f 1465/1571/1390 692/413/581 1444/784/1372
f 1461/697/1388 1444/677/1372 1446/284/1374
f 329/174/1387 1446/284/1374 330/175/476
f 1438/1569/1367 694/411/583 1468/803/1393
f 1434/666/1363 1468/715/1393 511/288/343
f 325/183/1362 511/288/343 326/184/13
f 1427/1268/1354 696/408/584 1441/765/1370
f 1428/704/1355 1441/1278/1370 507/351/338
f 321/180/1356 507/351/338 322/181/337
f 1485/696/1407 697/407/147 1477/678/1400
f 1483/794/1406 1477/1572/1400 1480/789/1403
f 323/179/346 1480/789/1403 324/237/39
f 1513/732/1427 699/406/588 1490/680/1413
f 1511/775/1426 1490/1573/1413 1493/750/1416
f 327/182/350 1493/750/1416 328/238/802
f 1499/1566/88 701/405/591 1518/718/1433
f 1497/736/12 1518/1568/1433 1521/770/1436
f 331/173/10 1521/770/1436 332/239/827
f 1472/1565/148 703/403/52 1504/716/85
f 1470/756/1395 1504/1570/85 1507/808/1422
f 335/176/22 1507/808/1422 336/240/1424
f 1494/810/1417 705/491/593 1431/726/1358
f 1495/753/1418 1431/1575/1358 1433/663/1360
f 328/238/802 1433/663/1360 325/183/1362
f 1424/1577/170 706/421/43 1481/792/1404
f 1420/685/1350 1481/772/1404 513/295/344
f 334/178/846 513/295/344 335/176/22
f 1522/791/1437 708/492/595 1458/700/104
f 1523/416/1438 1458/1574/104 1460/415/33
f 332/239/827 1460/415/33 329/174/1387
f 1508/752/76 709/417/596 1450/661/1379
f 1509/419/1423 1450/1576/1379 1453/418/1382
f 336/240/1424 1453/418/1382 333/177/120
f 1526/1611/1442 525/357/360 710/493/597
f 1528/994/1444 1563/1045/1479 1526/991/1442
f 358/214/1799 1564/1044/1480 1528/994/1444
f 1574/1612/1491 711/495/599 1553/1323/1468
f 1570/1008/1486 1553/985/1468 1555/1148/1470
f 353/211/1800 1555/1148/1470 354/209/621
f 1547/1613/1463 713/498/602 1577/1334/1494
f 1543/973/1459 1577/1026/1494 527/322/363
f 349/220/1801 527/322/363 350/218/362
f 1550/1321/1466 521/355/354 715/499/603
f 523/339/357 1536/1019/1451 1550/1031/1466
f 346/217/356 1537/1134/1452 523/339/357
f 1586/1340/1503 717/1344/1513 716/500/605
f 1589/1102/1506 1594/1597/1512 1586/1101/1503
f 348/227/617 1592/1106/1509 1589/1102/1506
f 1622/1614/1541 718/502/609 1599/1347/1517
f 1620/1087/1540 1599/1599/1517 1602/1061/1520
f 351/332/374 1602/1061/1520 352/219/1523
f 1608/1615/1526 720/505/612 1627/1357/1547
f 1606/1047/1525 1627/1594/1547 1630/1082/1550
f 355/327/371 1630/1082/1550 356/210/1553
f 1613/1352/1532 723/1335/1498 722/506/613
f 1616/1121/1535 1581/1595/1802 1613/1120/1532
f 360/228/1538 1579/1067/1496 1616/1121/1535
f 1603/1122/1521 724/474/615 1540/1037/1455
f 1604/1064/1522 1540/971/1455 1542/974/1457
f 349/220/1801 1604/1064/1522 1542/974/1457
f 1533/1601/1448 725/459/618 1590/1104/1507
f 1529/993/1443 1590/1084/1507 529/330/366
f 358/214/1799 529/330/366 359/212/365
f 1567/1010/1485 535/333/375 727/475/619
f 1569/1005/1487 1631/1085/1551 1567/1004/1485
f 353/211/1800 1632/454/1552 1569/1005/1487
f 1559/1155/1475 533/328/372 728/455/620
f 1618/457/1537 1559/1600/1475 1562/456/1478
f 360/228/1538 1562/456/1478 357/213/1481
f 1635/901/1555 541/363/384 729/431/622
f 1673/1414/1598 1635/1616/1555 1637/1360/1557
f 382/1363/1559 1673/1414/1598 1637/1360/1557
f 1662/940/1586 731/507/623 730/430/624
f 1679/1422/1606 1662/1617/1586 1664/1399/1588
f 377/257/1605 1664/1399/1588 378/255/642
f 1656/1582/1580 732/429/625 1686/959/1613
f 543/365/387 1656/1390/1580 1686/1434/1613
f 374/252/386 1652/1384/1576 543/365/387
f 1659/921/1584 537/359/378 734/427/628
f 1646/1376/1568 1659/1396/1584 539/361/381
f 370/249/380 1646/1376/1568 539/361/381
f 1703/849/1630 735/426/629 1695/831/1623
f 1698/1447/1626 1703/1455/1630 1695/1618/1623
f 371/369/392 1698/1447/1626 372/250/639
f 1708/833/1637 738/307/1664 737/425/632
f 1729/1492/1661 1708/1619/1637 1711/1465/1640
f 375/375/398 1711/1465/1640 376/253/1643
f 1717/1578/1646 739/424/634 1736/872/1669
f 1739/1503/1672 1717/1474/1646 1736/1620/1669
f 379/372/395 1739/1503/1672 380/256/1675
f 1690/1621/1616 741/422/636 1722/870/1653
f 1688/1436/1615 1722/1622/1653 1725/1484/1656
f 383/259/389 1725/1484/1656 384/260/1659
f 1712/1468/1641 743/508/637 1649/1379/1571
f 1713/1469/1642 1649/1623/1571 1651/1381/1573
f 376/253/1643 1651/1381/1573 373/254/1575
f 1642/1624/1564 744/510/640 1699/1452/1627
f 1638/1364/1560 1699/1450/1627 545/367/390
f 382/1363/1559 545/367/390 383/259/389
f 1740/1506/1673 746/511/641 1676/1417/1601
f 1741/1507/1674 1676/1625/1601 1678/1419/1603
f 380/256/1675 1678/1419/1603 377/257/1605
f 1726/1487/1657 747/512/643 1668/1406/1593
f 1727/1488/1658 1668/1626/1593 1671/1411/1596
f 384/260/1659 1671/1411/1596 381/258/1599
f 1751/1627/1685 748/514/646 1781/1527/1718
f 1747/973/1680 1781/1026/1718 557/322/408
f 408/220/1803 557/322/408 405/218/407
f 1784/1628/1722 751/1526/1717 750/515/647
f 1786/339/1724 1778/1019/1714 1784/1031/1722
f 401/217/1804 1774/1014/1710 1786/339/1724
f 1757/1516/1690 559/381/411 752/516/648
f 1759/994/1694 1794/1045/1731 1757/991/1690
f 397/214/1805 1795/1044/1732 1759/994/1694
f 1767/1521/1702 753/517/650 1754/1514/1688
f 1768/1008/1703 1754/985/1688 553/318/402
f 396/211/662 553/318/402 393/209/401
f 1799/1629/1736 754/519/653 1818/1545/1758
f 1797/1047/1735 1818/1594/1758 1821/1082/1761
f 394/327/413 1821/1082/1761 395/210/663
f 1844/1556/1784 757/1542/1754 756/520/654
f 1847/1121/1787 1813/1595/1753 1844/1120/1784
f 399/228/666 1811/1067/1750 1847/1121/1787
f 1831/1550/1771 759/1630/1806 758/522/656
f 1834/1102/1774 1839/1597/1780 1831/1101/1771
f 403/227/669 1837/1106/1777 1834/1102/1774
f 1826/1631/1765 760/524/660 1804/1538/1742
f 1824/1087/1764 1804/1599/1742 1807/1061/1745
f 406/332/419 1807/1061/1745 407/219/1748
f 1822/1085/1762 763/1005/1701 762/454/661
f 563/330/417 1764/999/1698 1822/1084/1762
f 397/214/1805 563/330/417 398/212/416
f 1744/1155/1679 561/328/414 764/455/664
f 1746/974/1681 1808/1065/1746 1744/971/1679
f 408/220/1803 1809/1064/1747 1746/974/1681
f 1791/1600/1728 765/457/667 1848/1123/1788
f 1787/474/1723 1848/1122/1788 567/335/423
f 401/217/1804 567/335/423 402/215/422
f 1772/1601/1706 767/459/670 1835/1104/1775
f 1770/475/1705 1835/1103/1775 565/333/420
f 406/332/419 1770/475/1705 565/333/420
f 2/1/1 3/4/1 4/2/1
f 6/3/2 7/1/2 8/4/2
f 10/5/3 11/29/3 12/6/3
f 14/8/4 15/33/4 16/9/4
f 18/5/5 19/29/5 20/6/5
f 22/8/6 23/33/6 24/9/6
f 2/1/31 1/3/37 42/23/32
f 3/4/16 2/1/31 44/25/34
f 4/2/10 3/4/16 32/18/18
f 1/3/37 4/2/10 28/14/12
f 6/3/39 5/2/48 48/14/40
f 7/1/42 6/3/39 50/23/43
f 8/4/45 7/1/42 52/25/46
f 5/2/48 8/4/45 54/18/49
f 11/29/51 10/5/90 56/30/52
f 9/7/7 12/6/19 34/20/21
f 15/33/55 14/8/120 59/34/56
f 19/29/58 18/5/96 61/30/59
f 62/36/61 57/32/54 64/37/62
f 63/39/63 64/101/62 66/34/64
f 65/40/65 66/34/64 22/8/66
f 68/42/68 62/36/61 63/38/63
f 69/44/69 63/39/63 65/40/65
f 70/45/70 65/40/65 67/41/67
f 72/47/72 25/11/8 68/42/68
f 73/48/73 72/53/72 69/49/69
f 42/23/32 73/48/73 70/50/70
f 74/52/74 26/12/9 25/11/8
f 46/28/38 74/132/74 72/53/72
f 1/3/37 46/28/38 73/48/73
f 75/54/75 45/27/36 77/55/76
f 76/57/77 77/86/76 79/16/78
f 78/58/79 79/16/78 13/10/80
f 81/60/82 75/54/75 76/56/77
f 82/62/83 76/57/77 78/58/79
f 83/63/84 78/58/79 80/59/81
f 85/65/86 27/13/11 81/60/82
f 86/66/87 85/72/86 82/67/83
f 56/30/52 86/66/87 83/68/84
f 87/70/88 28/14/12 27/13/11
f 88/71/89 87/80/88 85/72/86
f 10/5/90 88/71/89 86/66/87
f 90/73/92 89/59/91 92/64/93
f 91/75/94 92/69/93 61/30/59
f 93/66/95 61/30/59 18/5/96
f 95/76/98 90/73/92 91/74/94
f 96/78/99 91/75/94 93/66/95
f 97/79/100 93/66/95 94/71/97
f 99/81/102 29/15/14 95/76/98
f 100/82/103 99/87/102 96/83/99
f 44/25/34 100/82/103 97/84/100
f 101/86/104 30/16/15 29/15/14
f 41/24/33 101/149/104 99/87/102
f 2/1/31 41/24/33 100/82/103
f 102/88/105 43/26/35 104/89/106
f 103/91/107 104/52/106 106/12/108
f 105/92/109 106/12/108 17/7/110
f 108/93/112 102/88/105 103/90/107
f 109/95/113 103/91/107 105/92/109
f 110/96/114 105/92/109 107/32/111
f 112/97/116 31/17/17 108/93/112
f 113/98/117 112/103/116 109/99/113
f 59/34/56 113/98/117 110/100/114
f 114/102/118 32/18/18 31/17/17
f 115/41/119 114/46/118 112/103/116
f 14/8/120 115/41/119 113/98/117
f 117/105/122 116/104/121 119/106/123
f 118/108/124 119/70/123 48/14/40
f 120/109/125 48/14/40 5/2/48
f 121/110/126 117/105/122 118/107/124
f 122/112/127 118/108/124 120/109/125
f 123/113/128 120/109/125 53/27/50
f 125/114/130 33/19/20 121/110/126
f 126/115/131 125/121/130 122/116/127
f 127/118/132 126/115/131 123/117/128
f 128/120/133 34/20/21 33/19/20
f 129/35/134 128/151/133 125/121/130
f 23/33/135 129/35/134 126/115/131
f 131/123/137 130/122/136 133/124/138
f 132/126/139 133/51/138 50/23/43
f 134/127/140 50/23/43 6/3/39
f 135/128/141 131/123/137 132/125/139
f 136/130/142 132/126/139 134/127/140
f 137/131/143 134/127/140 47/28/41
f 139/133/145 35/21/23 135/128/141
f 140/134/146 139/140/145 136/135/142
f 141/137/147 140/134/146 137/136/143
f 142/139/148 36/22/24 35/21/23
f 55/31/53 142/150/148 139/140/145
f 11/29/51 55/31/53 140/134/146
f 144/123/150 143/122/149 146/124/151
f 145/141/152 146/102/151 54/18/49
f 147/142/153 54/18/49 8/4/45
f 148/128/154 144/123/150 145/125/152
f 149/143/155 145/141/152 147/142/153
f 150/144/156 147/142/153 51/26/47
f 152/133/158 37/21/26 148/128/154
f 153/134/159 152/140/158 149/135/155
f 154/137/160 153/134/159 150/136/156
f 155/139/161 38/22/27 37/21/26
f 60/31/60 155/150/161 152/140/158
f 19/29/58 60/31/60 153/134/159
f 157/105/163 156/104/162 159/106/164
f 158/145/165 159/85/164 52/25/46
f 160/146/166 52/25/46 7/1/42
f 161/110/167 157/105/163 158/107/165
f 162/147/168 158/145/165 160/146/166
f 163/148/169 160/146/166 49/24/44
f 165/114/171 39/19/29 161/110/167
f 166/115/172 165/121/171 162/116/168
f 167/118/173 166/115/172 163/117/169
f 168/120/174 40/20/30 39/19/29
f 58/35/57 168/151/174 165/121/171
f 15/33/55 58/35/57 166/115/172
f 41/24/33 42/23/32 71/51/71
f 101/86/104 71/46/71 67/41/67
f 30/16/15 67/41/67 22/8/66
f 43/26/35 44/25/34 98/85/101
f 104/52/106 98/80/101 94/71/97
f 106/12/108 94/71/97 18/5/96
f 45/27/36 32/18/18 114/102/118
f 77/86/76 114/46/118 115/41/119
f 79/16/78 115/41/119 14/8/120
f 46/28/38 28/14/12 87/70/88
f 74/52/74 87/80/88 88/71/89
f 26/12/9 88/71/89 10/5/90
f 47/28/41 48/14/40 119/70/123
f 138/138/144 119/106/123 116/104/121
f 141/137/147 116/104/121 12/6/19
f 49/24/44 50/23/43 133/51/138
f 164/119/170 133/124/138 130/122/136
f 167/118/173 130/122/136 16/9/22
f 51/26/47 52/25/46 159/85/164
f 151/138/157 159/106/164 156/104/162
f 154/137/160 156/104/162 20/6/28
f 53/27/50 54/18/49 146/102/151
f 124/119/129 146/124/151 143/122/149
f 127/118/132 143/122/149 24/9/25
f 55/31/53 56/30/52 84/69/85
f 142/139/148 84/64/85 80/59/81
f 36/22/24 80/59/81 13/10/80
f 57/32/54 34/20/21 128/120/133
f 64/101/62 128/151/133 129/35/134
f 66/34/64 129/35/134 23/33/135
f 58/35/57 59/34/56 111/101/115
f 168/120/174 111/37/115 107/32/111
f 40/20/30 107/32/111 17/7/110
f 60/31/60 61/30/59 92/69/93
f 155/139/161 92/64/93 89/59/91
f 38/22/27 89/59/91 21/10/13
f 170/152/1 171/273/1 172/153/1
f 174/155/2 175/391/2 176/156/2
f 178/158/6 179/236/6 180/159/6
f 182/161/175 183/235/175 184/162/175
f 185/164/4 186/281/4 187/165/4
f 190/161/176 191/235/176 192/162/176
f 194/167/3 195/290/3 196/168/3
f 198/170/5 199/410/5 200/171/5
f 202/173/2 203/239/2 204/174/2
f 206/176/6 207/240/6 208/177/6
f 210/179/1 211/237/1 212/180/1
f 214/182/4 215/238/4 216/183/4
f 217/185/6 218/248/6 219/186/6
f 221/188/4 222/247/4 223/189/4
f 226/191/177 227/433/177 228/192/177
f 230/194/178 231/437/178 232/195/178
f 234/197/179 235/440/179 236/198/179
f 237/200/180 238/313/180 239/201/180
f 242/203/1 243/324/1 244/204/1
f 246/206/2 247/450/2 248/207/2
f 249/209/181 250/327/181 251/210/181
f 254/212/182 255/228/182 256/213/182
f 258/215/183 259/227/183 260/216/183
f 261/218/184 262/332/184 263/219/184
f 266/221/1 267/464/1 268/222/1
f 270/224/2 271/471/2 272/225/2
f 273/216/185 274/217/185 275/215/185
f 278/218/182 279/332/182 280/219/182
f 282/209/186 283/327/186 284/210/186
f 285/213/184 286/214/184 287/212/184
f 290/229/1 291/478/1 292/230/1
f 293/232/2 294/484/2 295/233/2
f 298/164/6 299/281/6 300/165/6
f 302/163/187 303/161/187 304/235/187
f 305/159/4 306/160/4 307/158/4
f 310/163/188 311/161/188 312/235/188
f 314/170/5 315/410/5 316/171/5
f 318/167/3 319/290/3 320/168/3
f 322/181/2 323/179/2 324/237/2
f 326/184/6 327/182/6 328/238/6
f 330/175/1 331/173/1 332/239/1
f 334/178/4 335/176/4 336/240/4
f 338/241/1 339/497/1 340/242/1
f 342/244/2 343/504/2 344/245/2
f 345/216/181 346/217/181 347/215/181
f 350/218/189 351/332/189 352/219/189
f 354/209/183 355/327/183 356/210/183
f 357/213/190 358/214/190 359/212/190
f 362/247/6 363/189/6 364/190/6
f 366/248/4 367/186/4 368/187/4
f 370/249/191 371/369/191 372/250/191
f 374/252/192 375/375/192 376/253/192
f 378/255/193 379/372/193 380/256/193
f 381/258/194 382/1363/194 383/259/194
f 386/261/1 387/380/1 388/262/1
f 390/264/2 391/521/2 392/265/2
f 393/209/185 394/327/185 395/210/185
f 398/212/189 399/228/189 400/213/189
f 402/215/186 403/227/186 404/216/186
f 405/218/190 406/332/190 407/219/190
f 570/383/425 169/154/432 172/153/426
f 572/385/428 172/153/426 171/273/204
f 415/274/205 171/273/204 170/152/198
f 574/388/431 411/269/199 170/152/198
f 575/389/433 576/603/735 173/157/434
f 578/390/436 176/156/435 175/391/437
f 580/393/439 175/391/437 174/155/440
f 582/395/442 174/155/440 173/157/434
f 584/397/444 180/159/699 179/236/445
f 417/276/208 178/158/207 177/160/195
f 586/400/448 587/528/727 184/162/449
f 588/401/451 589/568/706 188/166/452
f 591/402/454 193/169/51 196/168/455
f 593/404/457 196/168/455 195/290/7
f 431/291/54 195/290/7 194/167/222
f 427/286/223 194/167/222 193/169/51
f 597/349/460 197/172/469 200/171/461
f 599/409/463 200/171/461 199/410/96
f 601/412/465 199/410/96 198/170/466
f 603/353/468 198/170/466 197/172/469
f 605/415/471 204/174/810 203/239/45
f 433/293/229 202/173/228 201/175/219
f 608/418/67 208/177/66 207/240/473
f 610/420/475 212/180/816 211/237/476
f 611/422/478 612/828/895 217/185/479
f 614/423/481 220/187/480 219/186/248
f 615/425/483 447/307/249 219/186/248
f 443/303/243 218/248/242 217/185/479
f 617/427/485 618/359/947 221/188/486
f 620/428/488 224/190/487 223/189/489
f 621/430/491 622/507/990 223/189/489
f 623/431/493 624/363/976 222/247/492
f 626/432/494 228/192/912 227/433/495
f 449/309/252 226/191/251 225/193/239
f 629/436/498 232/195/942 231/437/499
f 631/439/501 236/198/918 235/440/502
f 633/442/504 241/205/509 244/204/505
f 634/444/507 635/1025/1041 244/204/505
f 636/445/508 463/325/273 243/324/272
f 459/320/267 242/203/266 241/205/509
f 639/447/511 245/208/519 248/207/512
f 640/449/514 641/1072/1078 248/207/512
f 642/451/516 643/1596/1793 247/450/515
f 645/452/518 246/206/517 245/208/519
f 646/454/521 647/1005/1025 252/211/522
f 648/455/524 465/328/276 250/327/275
f 650/456/525 256/213/1057 255/228/526
f 652/458/528 260/216/1033 259/227/529
f 653/460/531 477/341/294 266/221/293
f 655/461/532 267/464/535 266/221/293
f 657/463/534 268/222/538 267/464/535
f 658/466/537 473/337/288 265/223/287
f 659/467/539 660/1178/1187 270/224/540
f 662/468/542 271/471/545 270/224/540
f 664/470/544 272/225/548 271/471/545
f 665/473/547 666/1168/1172 269/226/541
f 483/335/303 275/215/302 274/217/290
f 669/458/550 273/216/1127 276/227/551
f 670/475/553 487/333/309 279/332/308
f 671/455/554 485/328/306 283/327/305
f 493/347/318 290/229/317 289/231/311
f 673/477/557 674/1235/1286 291/478/558
f 675/479/559 676/1212/1256 292/230/560
f 489/343/312 289/231/311 292/230/560
f 679/481/562 294/484/566 293/232/563
f 681/483/565 295/233/570 294/484/566
f 682/486/568 683/1250/1321 296/234/569
f 685/487/571 293/232/563 296/234/569
f 686/489/573 499/282/327 299/281/326
f 687/401/574 688/568/1241 297/166/575
f 503/278/333 303/161/332 302/163/320
f 501/276/330 307/158/329 306/160/578
f 509/353/341 314/170/340 313/172/335
f 693/412/580 315/410/96 314/170/340
f 695/409/582 316/171/58 315/410/96
f 505/349/162 313/172/335 316/171/58
f 698/286/585 318/167/587 317/169/51
f 700/291/586 319/290/590 318/167/587
f 702/404/589 320/168/455 319/290/590
f 704/402/592 317/169/51 320/168/455
f 515/299/347 323/179/346 322/181/337
f 707/420/594 321/180/1356 324/237/39
f 519/297/351 327/182/350 326/184/13
f 517/293/349 331/173/10 330/175/476
f 710/493/597 525/357/360 338/241/359
f 712/494/598 339/497/601 338/241/359
f 714/496/600 340/242/604 339/497/601
f 715/499/603 521/355/354 337/243/353
f 716/500/605 717/1344/1513 342/244/606
f 719/501/608 343/504/611 342/244/606
f 721/503/610 344/245/614 343/504/611
f 722/506/613 723/1335/1498 341/246/607
f 531/335/369 347/215/368 346/217/356
f 726/458/616 345/216/1453 348/227/617
f 727/475/619 535/333/375 351/332/374
f 728/455/620 533/328/372 355/327/371
f 541/363/384 362/247/383 361/188/377
f 731/507/623 363/189/627 362/247/383
f 732/429/625 733/428/1583 364/190/626
f 537/359/378 361/188/377 364/190/626
f 735/426/629 736/303/1632 366/248/630
f 737/425/632 738/307/1664 367/186/633
f 739/424/634 740/423/1648 368/187/635
f 741/422/636 742/828/1618 365/185/631
f 547/370/393 371/369/392 370/249/380
f 745/509/638 369/251/1569 372/250/639
f 551/376/399 375/375/398 374/252/386
f 549/373/396 379/372/395 378/255/642
f 749/513/644 385/263/649 388/262/645
f 750/515/647 751/1526/1717 388/262/645
f 752/516/648 559/381/411 387/380/410
f 555/378/405 386/261/404 385/263/649
f 755/518/651 389/266/659 392/265/652
f 756/520/654 757/1542/1754 392/265/652
f 758/522/656 759/1630/1806 391/521/655
f 761/523/658 390/264/657 389/266/659
f 762/454/661 763/1005/1701 396/211/662
f 764/455/664 561/328/414 394/327/413
f 766/456/665 400/213/1733 399/228/666
f 768/458/668 404/216/1709 403/227/669
f 771/526/672 585/399/447 769/525/671
f 773/528/674 771/595/672 770/529/673
f 192/162/676 773/528/674 772/530/675
f 770/527/673 769/525/671 775/532/678
f 772/530/675 770/529/673 776/534/679
f 774/531/677 772/530/675 777/535/680
f 779/537/682 776/533/679 775/532/678
f 780/538/683 777/541/680 776/539/679
f 570/383/425 778/1557/681 777/541/680
f 781/542/684 779/537/682 410/268/197
f 574/388/431 780/538/683 779/540/682
f 169/154/432 570/383/425 780/538/683
f 784/545/686 573/387/430 782/544/685
f 786/271/688 784/579/686 783/547/687
f 787/490/690 181/163/1789 786/271/688
f 783/546/687 782/544/685 788/549/691
f 790/551/693 785/548/689 783/547/687
f 791/553/694 787/490/690 785/548/689
f 792/554/695 789/550/692 788/549/691
f 793/555/696 790/558/693 789/556/692
f 584/397/444 791/1564/694 790/558/693
f 794/559/697 792/554/695 412/270/200
f 795/560/698 793/555/696 792/557/695
f 180/159/699 584/397/444 793/555/696
f 798/563/702 799/553/704 797/490/701
f 800/564/703 589/568/706 799/565/704
f 801/567/705 188/166/452 589/568/706
f 803/570/708 798/563/702 796/562/700
f 804/571/709 800/564/703 798/566/702
f 805/573/710 801/567/705 800/564/703
f 806/574/711 803/570/708 802/569/707
f 807/575/712 804/578/709 803/576/708
f 572/385/428 805/1558/710 804/578/709
f 808/579/713 806/574/711 414/272/203
f 569/384/427 807/575/712 806/577/711
f 172/153/426 572/385/428 807/575/712
f 811/582/715 571/386/429 809/581/714
f 813/345/717 811/1214/715 810/584/716
f 185/164/719 813/345/717 812/585/718
f 810/583/716 809/581/714 815/586/721
f 812/585/718 810/584/716 816/588/722
f 814/489/720 812/585/718 817/589/723
f 819/591/725 816/587/722 815/586/721
f 817/592/723 816/1225/722 819/593/725
f 818/595/724 817/592/723 820/594/726
f 821/596/728 819/591/725 416/275/206
f 822/531/729 820/594/726 819/593/725
f 587/528/727 820/594/726 822/531/729
f 825/599/732 826/1559/734 824/598/731
f 827/600/733 576/603/735 826/601/734
f 581/396/443 173/157/434 576/603/735
f 825/599/732 823/597/730 828/604/736
f 827/600/733 825/602/732 829/606/737
f 581/396/443 827/600/733 830/607/738
f 832/609/740 829/605/737 828/604/736
f 833/610/741 830/614/738 829/611/737
f 834/613/742 831/1560/739 830/614/738
f 832/609/740 418/277/209 417/276/208
f 833/610/741 832/612/740 835/616/743
f 834/613/742 833/610/741 836/400/744
f 840/619/748 838/618/747 837/617/746
f 578/390/436 840/1632/748 839/621/749
f 176/156/435 578/390/436 841/622/750
f 839/620/749 837/617/746 842/623/751
f 841/622/750 839/621/749 843/625/752
f 575/389/433 841/622/750 844/626/753
f 843/624/752 842/623/751 420/279/212
f 844/629/753 843/1633/752 846/630/755
f 845/632/754 844/629/753 847/631/756
f 846/628/755 420/279/212 419/278/211
f 847/631/756 846/630/755 849/635/758
f 848/633/757 847/631/756 583/398/446
f 853/619/761 851/618/760 850/617/759
f 582/395/442 853/1563/761 852/636/762
f 579/394/441 174/155/440 582/395/442
f 852/620/762 850/617/759 855/623/764
f 857/638/766 854/637/763 852/636/762
f 858/640/767 579/394/441 854/637/763
f 859/628/768 856/624/765 855/623/764
f 860/641/769 857/645/766 856/642/765
f 861/644/770 858/1562/767 857/645/766
f 862/634/771 859/628/768 422/280/215
f 588/401/451 860/641/769 859/643/768
f 187/165/453 861/644/770 860/641/769
f 866/649/774 864/648/773 863/647/772
f 580/393/439 866/1561/774 865/651/775
f 175/391/437 580/393/439 867/652/776
f 865/650/775 863/647/772 868/653/777
f 867/652/776 865/651/775 869/655/778
f 577/392/438 867/652/776 870/656/779
f 872/658/781 869/654/778 868/653/777
f 873/610/782 870/614/779 869/611/778
f 874/613/783 871/1560/780 870/614/779
f 875/659/784 872/658/781 424/283/218
f 586/400/448 873/610/782 872/612/781
f 183/235/450 874/613/783 873/610/782
f 878/661/786 606/417/472 876/660/785
f 880/663/788 878/1575/786 877/664/787
f 216/183/790 880/663/788 879/665/789
f 877/662/787 876/660/785 882/667/792
f 879/665/789 877/664/787 883/669/793
f 881/666/791 879/665/789 884/670/794
f 886/672/796 883/668/793 882/667/792
f 887/673/797 884/676/794 883/674/793
f 591/402/454 885/1565/795 884/676/794
f 888/677/798 886/672/796 426/285/221
f 595/407/459 887/673/797 886/675/796
f 193/169/51 591/402/454 887/673/797
f 891/680/133 594/406/458 889/679/20
f 893/682/800 891/1567/133 890/683/799
f 205/178/802 893/682/800 892/684/801
f 890/681/799 889/679/20 895/686/126
f 892/684/801 890/683/799 896/688/127
f 894/685/803 892/684/801 897/689/804
f 899/691/806 896/687/127 895/686/126
f 900/692/807 897/695/804 896/693/127
f 605/415/471 898/1574/805 897/695/804
f 901/696/808 899/691/806 428/287/224
f 902/697/809 900/692/807 899/694/806
f 204/174/810 605/415/471 900/692/807
f 906/700/813 904/492/812 903/699/811
f 610/420/475 906/1577/813 905/702/814
f 212/180/816 610/420/475 907/703/815
f 905/701/814 903/699/811 909/705/818
f 907/703/815 905/702/814 910/707/819
f 908/704/817 907/703/815 911/708/820
f 913/710/822 910/706/819 909/705/818
f 914/711/823 911/714/820 910/712/819
f 593/404/457 912/1566/821 911/714/820
f 915/715/824 913/710/822 430/289/227
f 590/403/456 914/711/823 913/713/822
f 196/168/455 593/404/457 914/711/823
f 918/718/825 592/405/9 916/717/8
f 920/351/38 918/1278/825 917/720/72
f 209/181/827 920/351/38 919/721/826
f 917/719/72 916/717/8 922/722/68
f 919/721/826 917/720/72 923/724/828
f 921/491/32 919/721/826 924/725/829
f 926/727/830 923/723/828 922/722/68
f 927/728/65 924/731/829 923/729/828
f 608/418/67 925/1576/71 924/731/829
f 928/732/62 926/727/830 432/292/61
f 929/733/831 927/728/65 926/730/830
f 208/177/66 608/418/67 927/728/65
f 933/737/834 931/736/833 930/735/832
f 597/349/460 933/1268/834 932/739/835
f 197/172/469 597/349/460 934/740/836
f 932/738/835 930/735/832 935/741/837
f 934/740/836 932/739/835 936/743/838
f 602/414/470 934/740/836 937/744/839
f 939/746/841 936/742/838 935/741/837
f 940/747/842 937/751/839 936/748/838
f 941/750/843 938/1573/840 937/751/839
f 942/752/844 939/746/841 434/294/230
f 943/753/845 940/747/842 939/749/841
f 215/238/846 941/750/843 940/747/842
f 947/757/161 945/756/27 944/755/847
f 599/409/463 947/1569/161 946/759/848
f 200/171/461 599/409/463 948/760/849
f 946/758/848 944/755/847 949/761/850
f 948/760/849 946/759/848 950/763/155
f 596/408/462 948/760/849 951/764/851
f 953/766/853 950/762/155 949/761/850
f 954/767/153 951/771/851 950/768/155
f 955/770/854 952/1568/852 951/771/851
f 956/772/855 953/766/853 436/296/232
f 604/416/49 954/767/153 953/769/853
f 203/239/45 955/770/854 954/767/153
f 960/776/858 958/775/857 957/774/856
f 603/353/468 960/1288/858 959/778/859
f 198/170/466 603/353/468 961/779/860
f 959/777/859 957/774/856 962/780/861
f 961/779/860 959/778/859 963/782/862
f 600/413/467 961/779/860 964/783/863
f 966/785/865 963/781/862 962/780/861
f 967/786/866 964/790/863 963/787/862
f 968/789/867 965/1572/864 964/790/863
f 969/791/868 966/785/865 438/298/235
f 609/421/477 967/786/866 966/788/865
f 211/237/476 968/789/867 967/786/866
f 973/795/871 971/794/870 970/793/869
f 601/412/465 973/1571/871 972/797/872
f 199/410/96 601/412/465 974/798/873
f 972/796/872 970/793/869 975/799/874
f 974/798/873 972/797/872 976/801/875
f 598/411/464 974/798/873 977/802/876
f 979/804/878 976/800/875 975/799/874
f 980/805/879 977/809/876 976/806/875
f 981/808/880 978/1570/877 977/809/876
f 982/810/881 979/804/878 440/300/238
f 607/419/474 980/805/879 979/807/878
f 207/240/473 981/808/880 980/805/879
f 985/813/883 627/435/497 983/812/882
f 987/815/885 985/1588/883 984/816/884
f 240/202/887 987/815/885 986/817/886
f 984/814/884 983/812/882 989/819/889
f 986/817/886 984/816/884 990/821/890
f 988/818/888 986/817/886 991/822/891
f 993/824/893 990/820/890 989/819/889
f 994/825/894 991/829/891 990/826/890
f 612/828/895 992/1621/892 991/829/891
f 995/830/896 993/824/893 442/302/241
f 616/426/484 994/825/894 993/827/893
f 217/185/479 612/828/895 994/825/894
f 998/833/898 615/425/483 996/832/897
f 1000/835/900 998/1580/898 997/836/899
f 229/196/902 1000/835/900 999/837/901
f 997/834/899 996/832/897 1002/839/904
f 999/837/901 997/836/899 1003/841/905
f 1001/838/903 999/837/901 1004/842/906
f 1006/844/908 1003/840/905 1002/839/904
f 1007/845/909 1004/848/906 1003/846/905
f 626/432/494 1005/1587/907 1004/848/906
f 1008/849/910 1006/844/908 444/304/244
f 1009/850/911 1007/845/909 1006/847/908
f 228/192/912 626/432/494 1007/845/909
f 1013/854/915 1011/853/914 1010/852/913
f 631/439/501 1013/1590/915 1012/856/916
f 236/198/918 631/439/501 1014/857/917
f 1012/855/916 1010/852/913 1016/859/920
f 1014/857/917 1012/856/916 1017/861/921
f 1015/858/919 1014/857/917 1018/862/922
f 1020/864/924 1017/860/921 1016/859/920
f 1021/865/925 1018/868/922 1017/866/921
f 614/423/481 1019/1578/923 1018/868/922
f 1022/869/926 1020/864/924 446/306/247
f 611/422/478 1021/865/925 1020/867/924
f 220/187/480 614/423/481 1021/865/925
f 1025/872/928 613/424/482 1023/871/927
f 1027/874/930 1025/1579/928 1024/875/929
f 233/199/932 1027/874/930 1026/876/931
f 1024/873/929 1023/871/927 1029/878/934
f 1026/876/931 1024/875/929 1030/880/935
f 1028/877/933 1026/876/931 1031/881/936
f 1033/883/938 1030/879/935 1029/878/934
f 1034/884/939 1031/887/936 1030/885/935
f 629/436/498 1032/1589/937 1031/887/936
f 1035/888/940 1033/883/938 448/308/250
f 1036/889/941 1034/884/939 1033/886/938
f 232/195/942 629/436/498 1034/884/939
f 1040/893/945 1038/892/944 1037/891/943
f 618/359/947 1040/1375/945 1039/895/946
f 221/188/486 618/359/947 1041/896/948
f 1039/894/946 1037/891/943 1042/897/949
f 1041/896/948 1039/895/946 1043/899/950
f 623/431/493 1041/896/948 1044/900/951
f 1046/902/953 1043/898/950 1042/897/949
f 1047/903/954 1044/907/951 1043/904/950
f 1048/906/955 1045/1586/952 1044/907/951
f 1049/908/956 1046/902/953 450/310/253
f 1050/909/957 1047/903/954 1046/905/953
f 239/201/958 1048/906/955 1047/903/954
f 1054/913/961 1052/912/960 1051/911/959
f 620/428/488 1054/1582/961 1053/915/962
f 224/190/487 620/428/488 1055/916/963
f 1053/914/962 1051/911/959 1056/917/964
f 1055/916/963 1053/915/962 1057/919/965
f 617/427/485 1055/916/963 1058/920/966
f 1060/922/968 1057/918/965 1056/917/964
f 1061/923/969 1058/927/966 1057/924/965
f 1062/926/970 1059/1581/967 1058/927/966
f 1063/928/971 1060/922/968 452/312/256
f 625/434/496 1061/923/969 1060/925/968
f 227/433/495 1062/926/970 1061/923/969
f 1067/932/974 1065/931/973 1064/930/972
f 624/363/976 1067/1413/974 1066/934/975
f 222/247/492 624/363/976 1068/935/977
f 1066/933/975 1064/930/972 1069/936/978
f 1068/935/977 1066/934/975 1070/938/979
f 621/430/491 1068/935/977 1071/939/980
f 1073/941/982 1070/937/979 1069/936/978
f 1074/942/983 1071/946/980 1070/943/979
f 1075/945/984 1072/1585/981 1071/946/980
f 1076/947/985 1073/941/982 454/315/259
f 630/441/503 1074/942/983 1073/944/982
f 235/440/502 1075/945/984 1074/942/983
f 1080/951/988 1078/950/987 1077/949/986
f 622/507/990 1080/1584/988 1079/953/989
f 223/189/489 622/507/990 1081/954/991
f 1079/952/989 1077/949/986 1082/955/992
f 1081/954/991 1079/953/989 1083/957/993
f 619/429/490 1081/954/991 1084/958/994
f 1086/960/996 1083/956/993 1082/955/992
f 1087/961/997 1084/965/994 1083/962/993
f 1088/964/998 1085/1583/995 1084/965/994
f 1089/966/999 1086/960/996 456/317/262
f 628/438/500 1087/961/997 1086/963/996
f 231/437/499 1088/964/998 1087/961/997
f 1091/969/1001 1092/1155/1003 648/455/524
f 1093/970/1002 1094/974/1005 1092/971/1003
f 1095/973/1004 264/220/1790 1094/974/1005
f 1097/976/1007 1091/969/1001 1090/968/1000
f 1098/977/1008 1093/970/1002 1091/972/1001
f 1099/979/1009 1095/973/1004 1093/970/1002
f 1100/980/1010 1097/976/1007 1096/975/1006
f 1101/981/1011 1098/984/1008 1097/982/1007
f 633/442/504 1099/1591/1009 1098/984/1008
f 1100/980/1010 458/319/265 457/318/264
f 1101/981/1011 1100/983/1010 1102/986/1012
f 241/205/509 633/442/504 1101/981/1011
f 1105/988/1014 636/445/508 1103/987/1013
f 1106/990/1016 1107/994/1018 1105/991/1014
f 1108/993/1017 253/214/1792 1107/994/1018
f 1104/989/1015 1103/987/1013 1109/995/1019
f 1106/990/1016 1104/992/1015 1110/997/1020
f 1108/993/1017 1106/990/1016 1111/998/1021
f 1113/1000/1023 1110/996/1020 1109/995/1019
f 1111/1001/1021 1110/1634/1020 1113/1002/1023
f 1112/1004/1022 1111/1001/1021 1114/1003/1024
f 1113/1000/1023 460/321/268 459/320/267
f 1114/1003/1024 1113/1002/1023 1115/1007/1026
f 647/1005/1025 1114/1003/1024 1116/1008/1027
f 1120/1010/1030 1118/475/1029 1117/1009/1028
f 652/458/528 1120/1601/1030 1119/1012/1031
f 260/216/1033 652/458/528 1121/1013/1032
f 1119/1011/1031 1117/1009/1028 1123/1015/1035
f 1121/1013/1032 1119/1012/1031 1124/1017/1036
f 1122/1014/1034 1121/1013/1032 1125/1018/1037
f 1124/1016/1036 1123/1015/1035 462/323/271
f 1125/1021/1037 1124/1635/1036 1127/1022/1039
f 1126/1024/1038 1125/1021/1037 1128/1023/1040
f 1127/1020/1039 462/323/271 461/322/270
f 1128/1023/1040 1127/1022/1039 1129/1027/1042
f 635/1025/1041 1128/1023/1040 632/443/506
f 1131/1029/1044 1132/1592/1046 634/444/507
f 1133/1030/1045 1134/339/1048 1132/1031/1046
f 1135/474/1047 257/217/1791 1134/339/1048
f 1137/1034/1050 1131/1029/1044 1130/1028/1043
f 1138/1035/1051 1133/1030/1045 1131/1032/1044
f 1139/1037/1052 1135/474/1047 1133/1030/1045
f 1140/1038/1053 1137/1034/1050 1136/1033/1049
f 1141/1039/1054 1138/1042/1051 1137/1040/1050
f 650/456/525 1139/1600/1052 1138/1042/1051
f 1142/1043/1055 1140/1038/1053 464/326/274
f 1143/1044/1056 1141/1039/1054 1140/1041/1053
f 256/213/1057 650/456/525 1141/1039/1054
f 1147/1048/1060 1145/1047/1059 1144/1046/1058
f 639/447/511 1147/1593/1060 1146/1050/1061
f 245/208/519 639/447/511 1148/1051/1062
f 1146/1049/1061 1144/1046/1058 1149/1052/1063
f 1148/1051/1062 1146/1050/1061 1150/1054/1064
f 1152/1056/1066 644/453/520 1148/1051/1062
f 1153/1057/1067 1150/1053/1064 1149/1052/1063
f 1154/1058/1068 1151/1062/1065 1150/1059/1064
f 1155/1061/1069 1152/1599/1066 1151/1062/1065
f 1156/1063/1070 1153/1057/1067 466/329/277
f 1157/1064/1071 1154/1058/1068 1153/1060/1067
f 263/219/1072 1155/1061/1069 1154/1058/1068
f 1160/1068/1075 1161/1595/1077 1159/1067/1074
f 1162/1069/1076 641/1072/1078 1161/1070/1077
f 638/448/513 248/207/512 641/1072/1078
f 1164/1074/1080 1160/1068/1075 1158/1066/1073
f 1165/1075/1081 1162/1069/1076 1160/1071/1075
f 1166/1077/1082 638/448/513 1162/1069/1076
f 1167/1078/1083 1164/1074/1080 1163/1073/1079
f 1168/1079/1084 1165/1083/1081 1164/1080/1080
f 1169/1082/1085 1166/1594/1082 1165/1083/1081
f 1170/1084/1086 1167/1078/1083 468/331/280
f 646/454/521 1168/1079/1084 1167/1081/1083
f 251/210/523 1169/1082/1085 1168/1079/1084
f 1174/1088/1089 1172/1087/1088 1171/1086/1087
f 645/452/518 1174/1598/1089 1173/1090/1090
f 246/206/517 645/452/518 1175/1091/1091
f 1173/1089/1090 1171/1086/1087 1176/1092/1092
f 1175/1091/1091 1173/1090/1090 1177/1094/1093
f 642/451/516 1175/1091/1091 1178/1095/1094
f 1180/1097/1096 1177/1093/1093 1176/1092/1092
f 1178/1098/1094 1177/1636/1093 1180/1099/1096
f 1179/1101/1095 1178/1098/1094 1181/1100/1097
f 1183/1103/1099 1180/1097/1096 470/334/283
f 1181/1100/1097 1180/1099/1096 1183/1104/1099
f 1182/1102/1098 1181/1100/1097 651/459/530
f 1186/1107/1102 1187/1597/1104 1185/1106/1101
f 1188/1108/1103 643/1596/1793 1187/1109/1104
f 247/450/515 643/1596/1793 1188/1108/1103
f 1186/1107/1102 1184/1105/1100 1189/1111/1105
f 1188/1108/1103 1186/1110/1102 1190/1113/1106
f 640/449/514 1188/1108/1103 1191/1114/1107
f 1190/1112/1106 1189/1111/1105 472/336/286
f 1191/1117/1107 1190/1187/1106 1193/1118/1109
f 1192/1120/1108 1191/1117/1107 1194/1119/1110
f 1193/1116/1109 472/336/286 471/335/285
f 1194/1119/1110 1193/1118/1109 1196/1123/1112
f 1195/1121/1111 1194/1119/1110 649/457/527
f 1198/1125/1114 1199/1602/1116 653/460/531
f 1200/990/1115 1201/994/1118 1199/991/1116
f 1202/993/1117 286/214/1794 1201/994/1118
f 1204/1127/1120 1198/1125/1114 1197/1124/1113
f 1205/998/1121 1200/990/1115 1198/992/1114
f 1206/999/1122 1202/993/1117 1200/990/1115
f 1207/1128/1123 1204/1127/1120 1203/1126/1119
f 1208/1129/1124 1205/1132/1121 1204/1130/1120
f 669/458/550 1206/1601/1122 1205/1132/1121
f 1209/1133/1125 1207/1128/1123 474/338/289
f 1210/1134/1126 1208/1129/1124 1207/1131/1123
f 273/216/1127 669/458/550 1208/1129/1124
f 1213/1037/1129 667/474/549 1211/1135/1128
f 1215/974/1131 1213/971/1129 1212/972/1130
f 1216/973/1133 277/220/1796 1215/974/1131
f 1212/1136/1130 1211/1135/1128 1217/1137/1134
f 1214/970/1132 1212/972/1130 1218/978/1135
f 1220/979/1137 1216/973/1133 1214/970/1132
f 1221/1139/1138 1218/1138/1135 1217/1137/1134
f 1222/1140/1139 1219/1143/1136 1218/1141/1135
f 657/463/534 1220/1604/1137 1219/1143/1136
f 1223/1031/1140 1221/1139/1138 476/340/292
f 658/466/537 1222/1140/1139 1221/1142/1138
f 268/222/538 657/463/534 1222/1140/1139
f 1226/1146/1142 654/462/533 1224/1145/1141
f 1228/1148/1144 1226/985/1142 1225/1149/1143
f 282/209/555 1228/1148/1144 1227/1150/1145
f 1225/1147/1143 1224/1145/1141 1229/1151/1146
f 1227/1150/1145 1225/1149/1143 1230/1153/1147
f 671/455/554 1227/1150/1145 1231/1154/1148
f 1233/1156/1150 1230/1152/1147 1229/1151/1146
f 1234/1157/1151 1231/1637/1148 1230/1152/1147
f 1235/456/1152 1232/1600/1149 1231/1042/1148
f 1236/1158/1153 1233/1156/1150 478/342/295
f 1237/1044/1154 1234/1039/1151 1233/1041/1150
f 285/213/1155 1235/456/1152 1234/1039/1151
f 1239/1011/1157 1240/1010/1159 670/475/553
f 1241/1159/1158 1242/1005/1161 1240/1004/1159
f 1243/1008/1160 281/211/1795 1242/1005/1161
f 1245/1016/1163 1239/1011/1157 1238/1009/1156
f 1246/1161/1164 1241/1159/1158 1239/1160/1157
f 1247/1007/1165 1243/1008/1160 1241/1159/1158
f 1248/1020/1166 1245/1016/1163 1244/1015/1162
f 1249/1163/1167 1246/1166/1164 1245/1164/1163
f 655/461/532 1247/1603/1165 1246/1166/1164
f 1248/1020/1166 480/323/298 479/322/297
f 656/465/536 1249/1163/1167 1248/1165/1166
f 267/464/535 655/461/532 1249/1163/1167
f 1253/1068/1171 1254/1595/1797 1252/1067/1170
f 666/1168/1172 1254/1638/1797 1253/1169/1171
f 269/226/541 666/1168/1172 1255/1170/1173
f 1253/1068/1171 1251/1066/1169 1256/1073/1174
f 1255/1170/1173 1253/1169/1171 1257/1171/1175
f 659/467/539 1255/1170/1173 1258/1172/1176
f 1257/1074/1175 1256/1073/1174 482/331/301
f 1258/1098/1176 1257/1636/1175 1260/1099/1178
f 1259/1101/1177 1258/1098/1176 1261/1100/1179
f 1260/1174/1178 482/331/301 481/330/300
f 1261/1100/1179 1260/1099/1178 1263/1104/1181
f 1262/1102/1180 1261/1100/1179 668/459/552
f 1266/1107/1184 1267/1597/1186 1265/1106/1183
f 1268/1175/1185 660/1178/1187 1267/1176/1186
f 661/469/543 270/224/540 660/1178/1187
f 1270/1112/1189 1266/1107/1184 1264/1105/1182
f 1271/1179/1190 1268/1175/1185 1266/1177/1184
f 1272/1181/1191 661/469/543 1268/1175/1185
f 1273/1116/1192 1270/1112/1189 1269/1111/1188
f 1274/1058/1193 1271/1062/1190 1270/1059/1189
f 1275/1061/1194 1272/1599/1191 1271/1062/1190
f 1273/1116/1192 484/336/304 483/335/303
f 1277/1064/1196 1274/1058/1193 1273/1060/1192
f 280/219/1197 1275/1061/1194 1274/1058/1193
f 1281/1048/1200 1279/1047/1199 1278/1046/1198
f 664/470/544 1281/1606/1200 1280/1182/1201
f 272/225/548 664/470/544 1282/1183/1202
f 1280/1049/1201 1278/1046/1198 1283/1052/1203
f 1282/1183/1202 1280/1182/1201 1284/1184/1204
f 665/473/547 1282/1183/1202 1285/1185/1205
f 1287/1057/1207 1284/1053/1204 1283/1052/1203
f 1288/1119/1208 1285/1117/1205 1284/1187/1204
f 1286/1120/1206 1285/1117/1205 1288/1119/1208
f 1290/1063/1210 1287/1057/1207 486/329/307
f 1291/457/1211 1288/1119/1208 1287/1118/1207
f 1289/1121/1209 1288/1119/1208 1291/457/1211
f 1295/1088/1215 1293/1087/1214 1292/1086/1213
f 662/468/542 1295/1605/1215 1294/1188/1216
f 271/471/545 662/468/542 1296/1189/1217
f 1294/1089/1216 1292/1086/1213 1297/1092/1218
f 1299/1190/1220 1296/1189/1217 1294/1188/1216
f 1300/1192/1221 663/472/546 1296/1189/1217
f 1301/1193/1222 1298/1093/1219 1297/1092/1218
f 1302/1079/1223 1299/1083/1220 1298/1080/1219
f 1303/1082/1224 1300/1594/1221 1299/1083/1220
f 1304/1103/1225 1301/1193/1222 488/334/310
f 1305/454/1226 1302/1079/1223 1301/1081/1222
f 284/210/1227 1303/1082/1224 1302/1079/1223
f 1308/1195/1229 672/476/556 1306/1194/1228
f 1310/271/1231 1308/579/1229 1307/547/1230
f 310/163/1233 1310/271/1231 1309/548/1232
f 1307/1196/1230 1306/1194/1228 1312/1197/1235
f 1309/548/1232 1307/547/1230 1313/552/1236
f 1311/490/1234 1309/548/1232 1314/551/1237
f 1313/1198/1236 1312/1197/1235 490/344/313
f 1314/1200/1237 1313/1639/1236 1316/1201/1239
f 1315/565/1238 1314/1200/1237 1317/1202/1240
f 1316/1199/1239 490/344/313 489/343/312
f 1317/1202/1240 1316/1201/1239 1318/573/1242
f 688/568/1241 1317/1202/1240 1319/567/1243
f 1321/1205/1245 1322/590/1247 686/489/573
f 1323/530/1246 1324/528/1249 1322/595/1247
f 1325/531/1248 301/162/1798 1324/528/1249
f 1321/1205/1245 1320/1204/1244 1326/1206/1250
f 1323/530/1246 1321/529/1245 1327/534/1251
f 1325/531/1248 1323/530/1246 1328/535/1252
f 1330/1208/1254 1327/1207/1251 1326/1206/1250
f 1331/1209/1255 1328/1213/1252 1327/1210/1251
f 676/1212/1256 1329/1640/1253 1328/1213/1252
f 1330/1208/1254 492/346/316 491/345/315
f 1331/1209/1255 1330/1211/1254 1332/1215/1257
f 676/1212/1256 1331/1209/1255 677/480/561
f 1334/1217/1259 1335/1607/1261 673/477/557
f 1336/1218/1260 1337/267/1262 1335/542/1261
f 690/399/579 306/160/578 1337/267/1262
f 1339/1221/1264 1334/1217/1259 1333/1216/1258
f 1340/1222/1265 1336/1218/1260 1334/1219/1259
f 1341/526/1266 690/399/579 1336/1218/1260
f 1342/1224/1267 1339/1221/1264 1338/1220/1263
f 1343/594/1268 1340/592/1265 1339/1225/1264
f 1344/528/1269 1341/595/1266 1340/592/1265
f 1345/1226/1270 1342/1224/1267 494/348/319
f 1346/531/1271 1343/594/1268 1342/593/1267
f 309/162/1272 1344/528/1269 1343/594/1268
f 1349/553/1274 689/490/577 1347/562/1273
f 1351/397/1276 1349/1564/1274 1348/1227/1275
f 305/159/1278 1351/397/1276 1350/1228/1277
f 1348/563/1275 1347/562/1273 1353/569/1280
f 1350/1228/1277 1348/1227/1275 1354/1229/1281
f 1352/560/1279 1350/1228/1277 1355/1230/1282
f 1357/574/1284 1354/570/1281 1353/569/1280
f 1355/1231/1282 1354/1641/1281 1357/1232/1284
f 1356/1234/1283 1355/1231/1282 1358/1233/1285
f 1359/579/1287 1357/574/1284 496/272/322
f 675/479/559 1358/1233/1285 1357/1232/1284
f 674/1235/1286 1358/1233/1285 675/479/559
f 1363/619/1290 1361/618/1289 1360/617/1288
f 685/487/571 1363/1610/1290 1362/1237/1291
f 678/482/564 293/232/563 685/487/571
f 1362/620/1291 1360/617/1288 1365/623/1293
f 1367/1239/1295 1364/1238/1292 1362/1237/1291
f 1368/1241/1296 678/482/564 1364/1238/1292
f 1369/628/1297 1366/624/1294 1365/623/1293
f 1370/641/1298 1367/645/1295 1366/642/1294
f 1371/644/1299 1368/1562/1296 1367/645/1295
f 1372/634/1300 1369/628/1297 498/280/325
f 687/401/574 1370/641/1298 1369/643/1297
f 300/165/576 1371/644/1299 1370/641/1298
f 1376/649/1303 1374/648/1302 1373/647/1301
f 679/481/562 1376/1608/1303 1375/1242/1304
f 294/484/566 679/481/562 1377/1243/1305
f 1375/650/1304 1373/647/1301 1378/653/1306
f 1377/1243/1305 1375/1242/1304 1379/1244/1307
f 680/485/567 1377/1243/1305 1380/1245/1308
f 1382/658/1310 1379/654/1307 1378/653/1306
f 1383/610/1311 1380/614/1308 1379/611/1307
f 1384/613/1312 1381/1560/1309 1380/614/1308
f 1385/659/1313 1382/658/1310 500/283/328
f 1386/400/1314 1383/610/1311 1382/612/1310
f 304/235/1315 1384/613/1312 1383/610/1311
f 1389/599/1318 1390/1559/1320 1388/598/1317
f 1391/1247/1319 683/1250/1321 1390/1248/1320
f 684/488/572 296/234/569 683/1250/1321
f 1389/599/1318 1387/597/1316 1392/604/1322
f 1391/1247/1319 1389/1249/1318 1393/1251/1323
f 684/488/572 1391/1247/1319 1394/1252/1324
f 1396/609/1326 1393/605/1323 1392/604/1322
f 1397/610/1327 1394/614/1324 1393/611/1323
f 1398/613/1328 1395/1560/1325 1394/614/1324
f 1396/609/1326 502/277/331 501/276/330
f 1397/610/1327 1396/612/1326 1399/616/1329
f 1398/613/1328 1397/610/1327 1400/400/1330
f 1404/619/1334 1402/618/1333 1401/617/1332
f 681/483/565 1404/1609/1334 1403/1254/1335
f 295/233/570 681/483/565 1405/1255/1336
f 1403/620/1335 1401/617/1332 1406/623/1337
f 1405/1255/1336 1403/1254/1335 1407/1256/1338
f 682/486/568 1405/1255/1336 1408/1257/1339
f 1407/624/1338 1406/623/1337 504/280/334
f 1408/629/1339 1407/1633/1338 1410/630/1341
f 1409/632/1340 1408/629/1339 1411/631/1342
f 1410/628/1341 504/280/334 503/278/333
f 1411/631/1342 1410/630/1341 1413/635/1344
f 1412/633/1343 1411/631/1342 1414/398/1345
f 1417/745/174 691/414/30 1415/1259/1347
f 1419/682/57 1417/1567/174 1416/683/1348
f 334/178/846 1419/682/57 1418/684/1349
f 1416/1260/1348 1415/1259/1347 1421/1261/167
f 1418/684/1349 1416/683/1348 1422/688/168
f 1420/685/1350 1418/684/1349 1423/689/1351
f 1425/1263/1352 1422/1262/168 1421/1261/167
f 1426/1264/1353 1423/1267/1351 1422/1265/168
f 707/420/594 1424/1577/170 1423/1267/1351
f 1427/1268/1354 1425/1263/1352 506/350/336
f 1428/704/1355 1426/1264/1353 1425/1266/1352
f 321/180/1356 707/420/594 1426/1264/1353
f 1431/726/1358 705/491/593 1429/1269/1357
f 1433/663/1360 1431/1575/1358 1430/664/1359
f 325/183/1362 1433/663/1360 1432/665/1361
f 1430/1270/1359 1429/1269/1357 1435/1271/1364
f 1432/665/1361 1430/664/1359 1436/669/1365
f 1434/666/1363 1432/665/1361 1437/670/1366
f 1439/1273/1368 1436/1272/1365 1435/1271/1364
f 1440/1274/1369 1437/1277/1366 1436/1275/1365
f 695/409/582 1438/1569/1367 1437/1277/1366
f 1441/1278/1370 1439/1273/1368 508/352/339
f 696/408/584 1440/1274/1369 1439/1276/1368
f 316/171/58 695/409/582 1440/1274/1369
f 1444/784/1372 692/413/581 1442/1279/1371
f 1446/284/1374 1444/677/1372 1443/1281/1373
f 330/175/476 1446/284/1374 1445/1282/1375
f 1443/1280/1373 1442/1279/1371 1447/1283/1376
f 1445/1282/1375 1443/1281/1373 1448/1285/1377
f 709/417/596 1445/1282/1375 1449/1286/1378
f 1451/1287/1380 1448/1284/1377 1447/1283/1376
f 1452/728/1381 1449/731/1378 1448/729/1377
f 1453/418/1382 1450/1576/1379 1449/731/1378
f 1454/1288/1383 1451/1287/1380 510/354/342
f 1455/733/1384 1452/728/1381 1451/730/1380
f 333/177/120 1453/418/1382 1452/728/1381
f 1458/700/104 708/492/595 1456/699/14
f 1460/415/33 1458/1574/104 1457/1289/1385
f 329/174/1387 1460/415/33 1459/692/1386
f 1457/701/1385 1456/699/14 1462/705/98
f 1459/692/1386 1457/1289/1385 1463/1290/1389
f 1461/697/1388 1459/692/1386 1464/1291/100
f 1466/710/1391 1463/706/1389 1462/705/98
f 1467/798/1392 1464/1294/100 1463/1292/1389
f 693/412/580 1465/1571/1390 1464/1294/100
f 1468/715/1393 1466/710/1391 512/289/92
f 694/411/583 1467/798/1392 1466/1293/1391
f 315/410/96 693/412/580 1467/798/1392
f 1472/757/148 1470/756/1395 1469/755/1394
f 704/402/592 1472/1565/148 1471/1295/1396
f 317/169/51 704/402/592 1473/1296/1397
f 1471/758/1396 1469/755/1394 1474/761/1398
f 1473/1296/1397 1471/1295/1396 1475/1297/142
f 697/407/147 1473/1296/1397 1476/1298/1399
f 1478/766/1401 1475/762/142 1474/761/1398
f 1479/786/1402 1476/790/1399 1475/787/142
f 1480/789/1403 1477/1572/1400 1476/790/1399
f 1481/772/1404 1478/766/1401 514/296/345
f 706/421/43 1479/786/1402 1478/788/1401
f 324/237/39 1480/789/1403 1479/786/1402
f 1485/795/1407 1483/794/1406 1482/793/1405
f 698/286/585 1485/696/1407 1484/1299/1408
f 318/167/587 698/286/585 1486/1300/1409
f 1484/796/1408 1482/793/1405 1487/799/1410
f 1486/1300/1409 1484/1299/1408 1488/1301/1411
f 699/406/588 1486/1300/1409 1489/1302/1412
f 1491/804/1414 1488/800/1411 1487/799/1410
f 1492/747/1415 1489/751/1412 1488/748/1411
f 1493/750/1416 1490/1573/1413 1489/751/1412
f 1494/810/1417 1491/804/1414 516/300/348
f 1495/753/1418 1492/747/1415 1491/749/1414
f 328/238/802 1493/750/1416 1492/747/1415
f 1499/737/88 1497/736/12 1496/735/1419
f 702/404/589 1499/1566/88 1498/1303/86
f 320/168/455 702/404/589 1500/1304/87
f 1498/738/86 1496/735/1419 1501/741/82
f 1500/1304/87 1498/1303/86 1502/1305/1420
f 703/403/52 1500/1304/87 1503/1306/84
f 1505/746/1421 1502/742/1420 1501/741/82
f 1506/805/79 1503/809/84 1502/806/1420
f 1507/808/1422 1504/1570/85 1503/809/84
f 1508/752/76 1505/746/1421 518/294/75
f 1509/419/1423 1506/805/79 1505/807/1421
f 336/240/1424 1507/808/1422 1506/805/79
f 1513/776/1427 1511/775/1426 1510/774/1425
f 700/291/586 1513/732/1427 1512/1307/1428
f 319/290/590 700/291/586 1514/1308/1429
f 1512/777/1428 1510/774/1425 1515/780/1430
f 1514/1308/1429 1512/1307/1428 1516/1309/1431
f 701/405/591 1514/1308/1429 1517/1310/1432
f 1519/785/1434 1516/781/1431 1515/780/1430
f 1520/767/1435 1517/771/1432 1516/768/1431
f 1521/770/1436 1518/1568/1433 1517/771/1432
f 1522/791/1437 1519/785/1434 520/298/352
f 1523/416/1438 1520/767/1435 1519/769/1434
f 332/239/827 1521/770/1436 1520/767/1435
f 1525/1312/1440 1526/1611/1442 710/493/597
f 1527/990/1441 1528/994/1444 1526/991/1442
f 1529/993/1443 358/214/1799 1528/994/1444
f 1531/1314/1446 1525/1312/1440 1524/1311/1439
f 1532/998/1447 1527/990/1441 1525/992/1440
f 1533/999/1448 1529/993/1443 1527/990/1441
f 1534/1315/1449 1531/1314/1446 1530/1313/1445
f 1535/1129/1450 1532/1132/1447 1531/1130/1446
f 726/458/616 1533/1601/1448 1532/1132/1447
f 1536/1316/1451 1534/1315/1449 522/356/355
f 1537/1134/1452 1535/1129/1450 1534/1131/1449
f 345/216/1453 726/458/616 1535/1129/1450
f 1540/1037/1455 724/474/615 1538/1135/1454
f 1542/974/1457 1540/971/1455 1539/972/1456
f 1543/973/1459 349/220/1801 1542/974/1457
f 1539/1136/1456 1538/1135/1454 1544/1137/1460
f 1541/970/1458 1539/972/1456 1545/978/1461
f 1547/979/1463 1543/973/1459 1541/970/1458
f 1548/1139/1464 1545/1138/1461 1544/1137/1460
f 1549/1317/1465 1546/1320/1462 1545/1318/1461
f 714/496/600 1547/1613/1463 1546/1320/1462
f 1550/1031/1466 1548/1139/1464 524/340/358
f 715/499/603 1549/1317/1465 1548/1319/1464
f 340/242/604 714/496/600 1549/1317/1465
f 1553/1323/1468 711/495/599 1551/1322/1467
f 1555/1148/1470 1553/985/1468 1552/1149/1469
f 354/209/621 1555/1148/1470 1554/1150/1471
f 1552/1324/1469 1551/1322/1467 1556/1325/1472
f 1554/1150/1471 1552/1149/1469 1557/1153/1473
f 728/455/620 1554/1150/1471 1558/1154/1474
f 1560/1327/1476 1557/1326/1473 1556/1325/1472
f 1561/1328/1477 1558/1642/1474 1557/1326/1473
f 1562/456/1478 1559/1600/1475 1558/1042/1474
f 1563/1329/1479 1560/1327/1476 526/358/361
f 1564/1044/1480 1561/1039/1477 1560/1041/1476
f 357/213/1481 1562/456/1478 1561/1039/1477
f 1566/1011/1483 1567/1010/1485 727/475/619
f 1568/1159/1484 1569/1005/1487 1567/1004/1485
f 1570/1008/1486 353/211/1800 1569/1005/1487
f 1572/1016/1489 1566/1011/1483 1565/1009/1482
f 1573/1161/1490 1568/1159/1484 1566/1160/1483
f 1574/1007/1491 1570/1008/1486 1568/1159/1484
f 1575/1020/1492 1572/1016/1489 1571/1015/1488
f 1576/1330/1493 1573/1333/1490 1572/1331/1489
f 712/494/598 1574/1612/1491 1573/1333/1490
f 1575/1020/1492 528/323/364 527/322/363
f 713/498/602 1576/1330/1493 1575/1332/1492
f 339/497/601 712/494/598 1576/1330/1493
f 1580/1068/1497 1581/1595/1802 1579/1067/1496
f 723/1335/1498 1581/1643/1802 1580/1336/1497
f 341/246/607 723/1335/1498 1582/1337/1499
f 1580/1068/1497 1578/1066/1495 1583/1073/1500
f 1582/1337/1499 1580/1336/1497 1584/1338/1501
f 716/500/605 1582/1337/1499 1585/1339/1502
f 1584/1074/1501 1583/1073/1500 530/331/367
f 1585/1098/1502 1584/1636/1501 1587/1099/1504
f 1586/1101/1503 1585/1098/1502 1588/1100/1505
f 1587/1174/1504 530/331/367 529/330/366
f 1588/1100/1505 1587/1099/1504 1590/1104/1507
f 1589/1102/1506 1588/1100/1505 725/459/618
f 1593/1107/1510 1594/1597/1512 1592/1106/1509
f 1595/1341/1511 717/1344/1513 1594/1342/1512
f 718/502/609 342/244/606 717/1344/1513
f 1597/1112/1515 1593/1107/1510 1591/1105/1508
f 1598/1345/1516 1595/1341/1511 1593/1343/1510
f 1599/1347/1517 718/502/609 1595/1341/1511
f 1600/1116/1518 1597/1112/1515 1596/1111/1514
f 1601/1058/1519 1598/1062/1516 1597/1059/1515
f 1602/1061/1520 1599/1599/1517 1598/1062/1516
f 1600/1116/1518 532/336/370 531/335/369
f 1604/1064/1522 1601/1058/1519 1600/1060/1518
f 352/219/1523 1602/1061/1520 1601/1058/1519
f 1608/1048/1526 1606/1047/1525 1605/1046/1524
f 721/503/610 1608/1615/1526 1607/1348/1527
f 344/245/614 721/503/610 1609/1349/1528
f 1607/1049/1527 1605/1046/1524 1610/1052/1529
f 1609/1349/1528 1607/1348/1527 1611/1350/1530
f 722/506/613 1609/1349/1528 1612/1351/1531
f 1614/1057/1533 1611/1053/1530 1610/1052/1529
f 1615/1119/1534 1612/1117/1531 1611/1187/1530
f 1613/1120/1532 1612/1117/1531 1615/1119/1534
f 1617/1063/1536 1614/1057/1533 534/329/373
f 1618/457/1537 1615/1119/1534 1614/1118/1533
f 1616/1121/1535 1615/1119/1534 1618/457/1537
f 1622/1088/1541 1620/1087/1540 1619/1086/1539
f 719/501/608 1622/1614/1541 1621/1353/1542
f 343/504/611 719/501/608 1623/1354/1543
f 1621/1089/1542 1619/1086/1539 1624/1092/1544
f 1626/1355/1546 1623/1354/1543 1621/1353/1542
f 1627/1357/1547 720/505/612 1623/1354/1543
f 1628/1193/1548 1625/1093/1545 1624/1092/1544
f 1629/1079/1549 1626/1083/1546 1625/1080/1545
f 1630/1082/1550 1627/1594/1547 1626/1083/1546
f 1631/1103/1551 1628/1193/1548 536/334/376
f 1632/454/1552 1629/1079/1549 1628/1081/1548
f 356/210/1553 1630/1082/1550 1629/1079/1549
f 1635/901/1555 729/431/622 1633/1358/1554
f 1637/1360/1557 1635/1616/1555 1634/1361/1556
f 382/1363/1559 1637/1360/1557 1636/1362/1558
f 1634/1359/1556 1633/1358/1554 1639/1365/1561
f 1636/1362/1558 1634/1361/1556 1640/1367/1562
f 1638/1364/1560 1636/1362/1558 1641/1368/1563
f 1643/1370/1565 1640/1366/1562 1639/1365/1561
f 1644/1371/1566 1641/1374/1563 1640/1372/1562
f 745/509/638 1642/1624/1564 1641/1374/1563
f 1645/1375/1567 1643/1370/1565 538/360/379
f 1646/1376/1568 1644/1371/1566 1643/1373/1565
f 369/251/1569 745/509/638 1644/1371/1566
f 1649/1379/1571 743/508/637 1647/1378/1570
f 1651/1381/1573 1649/1623/1571 1648/1382/1572
f 373/254/1575 1651/1381/1573 1650/1383/1574
f 1648/1380/1572 1647/1378/1570 1653/1385/1577
f 1650/1387/1574 1648/1380/1572 1654/1386/1578
f 1652/1384/1576 1650/1383/1574 1655/1389/1579
f 1657/1391/1581 1654/1386/1578 1653/1385/1577
f 1658/1392/1582 1655/1395/1579 1654/1393/1578
f 733/428/1583 1656/1582/1580 1655/1395/1579
f 1659/1396/1584 1657/1391/1581 540/362/382
f 734/427/628 1658/1392/1582 1657/1394/1581
f 364/190/626 733/428/1583 1658/1392/1582
f 1662/940/1586 730/430/624 1660/1397/1585
f 1664/1399/1588 1662/1617/1586 1661/1400/1587
f 378/255/642 1664/1399/1588 1663/1401/1589
f 1661/1398/1587 1660/1397/1585 1665/1402/1590
f 1663/1401/1589 1661/1400/1587 1666/1404/1591
f 747/512/643 1663/1401/1589 1667/1405/1592
f 1669/1407/1594 1666/1403/1591 1665/1402/1590
f 1670/1408/1595 1667/1412/1592 1666/1409/1591
f 1671/1411/1596 1668/1626/1593 1667/1412/1592
f 1672/1413/1597 1669/1407/1594 542/364/385
f 1673/1414/1598 1670/1408/1595 1669/1410/1594
f 381/258/1599 1671/1411/1596 1670/1408/1595
f 1676/1417/1601 746/511/641 1674/1416/1600
f 1678/1419/1603 1676/1625/1601 1675/1420/1602
f 377/257/1605 1678/1419/1603 1677/1421/1604
f 1675/1418/1602 1674/1416/1600 1680/1423/1607
f 1677/1425/1604 1675/1418/1602 1681/1424/1608
f 1679/1422/1606 1677/1421/1604 1682/1427/1609
f 1684/1429/1611 1681/1424/1608 1680/1423/1607
f 1685/1430/1612 1682/1433/1609 1681/1431/1608
f 731/507/623 1683/1584/1610 1682/1433/1609
f 1686/1434/1613 1684/1429/1611 544/366/388
f 732/429/625 1685/1430/1612 1684/1432/1611
f 363/189/627 731/507/623 1685/1430/1612
f 1690/1437/1616 1688/1436/1615 1687/1435/1614
f 742/828/1618 1690/1621/1616 1689/1439/1617
f 365/185/631 742/828/1618 1691/1440/1619
f 1689/1438/1617 1687/1435/1614 1692/1441/1620
f 1691/1440/1619 1689/1439/1617 1693/1443/1621
f 735/426/629 1691/1440/1619 1694/1444/1622
f 1696/1445/1624 1693/1442/1621 1692/1441/1620
f 1697/1446/1625 1694/1644/1622 1693/1442/1621
f 1698/1447/1626 1695/1618/1623 1694/1448/1622
f 1699/1450/1627 1696/1445/1624 546/368/391
f 744/510/640 1697/1449/1625 1696/1451/1624
f 372/250/639 1698/1447/1626 1697/1449/1625
f 1703/1455/1630 1701/1454/1629 1700/1453/1628
f 736/303/1632 1703/849/1630 1702/1457/1631
f 366/248/630 736/303/1632 1704/1458/1633
f 1702/1456/1631 1700/1453/1628 1705/1459/1634
f 1704/1458/1633 1702/1457/1631 1706/1461/1635
f 737/425/632 1704/1458/1633 1707/1462/1636
f 1709/1463/1638 1706/1460/1635 1705/1459/1634
f 1710/1464/1639 1707/1645/1636 1706/1460/1635
f 1711/1465/1640 1708/1619/1637 1707/1466/1636
f 1712/1468/1641 1709/1463/1638 548/371/394
f 1713/1469/1642 1710/1467/1639 1709/1470/1638
f 376/253/1643 1711/1465/1640 1710/1467/1639
f 1717/1474/1646 1715/1473/1645 1714/1472/1644
f 740/423/1648 1717/1578/1646 1716/1476/1647
f 368/187/635 740/423/1648 1718/1477/1649
f 1716/1475/1647 1714/1472/1644 1719/1478/1650
f 1718/1477/1649 1716/1476/1647 1720/1480/1651
f 741/422/636 1718/1477/1649 1721/1481/1652
f 1723/1482/1654 1720/1479/1651 1719/1478/1650
f 1724/1483/1655 1721/1646/1652 1720/1479/1651
f 1725/1484/1656 1722/1622/1653 1721/1485/1652
f 1726/1487/1657 1723/1482/1654 550/374/397
f 1727/1488/1658 1724/1486/1655 1723/1489/1654
f 384/260/1659 1725/1484/1656 1724/1486/1655
f 1731/1493/1662 1729/1492/1661 1728/1491/1660
f 738/307/1664 1731/888/1662 1730/1495/1663
f 367/186/633 738/307/1664 1732/1496/1665
f 1730/1494/1663 1728/1491/1660 1733/1497/1666
f 1732/1496/1665 1730/1495/1663 1734/1499/1667
f 739/424/634 1732/1496/1665 1735/1500/1668
f 1737/1501/1670 1734/1498/1667 1733/1497/1666
f 1738/1502/1671 1735/1647/1668 1734/1498/1667
f 1739/1503/1672 1736/1620/1669 1735/1504/1668
f 1740/1506/1673 1737/1501/1670 552/377/400
f 1741/1507/1674 1738/1505/1671 1737/1508/1670
f 380/256/1675 1739/1503/1672 1738/1505/1671
f 1743/969/1677 1744/1155/1679 764/455/664
f 1745/970/1678 1746/974/1681 1744/971/1679
f 1747/973/1680 408/220/1803 1746/974/1681
f 1749/976/1683 1743/969/1677 1742/968/1676
f 1750/977/1684 1745/970/1678 1743/972/1677
f 1751/979/1685 1747/973/1680 1745/970/1678
f 1752/980/1686 1749/976/1683 1748/975/1682
f 1753/1510/1687 1750/1513/1684 1749/1511/1683
f 749/513/644 1751/1627/1685 1750/1513/1684
f 1752/980/1686 554/319/403 553/318/402
f 1753/1510/1687 1752/1512/1686 1754/1514/1688
f 385/263/649 749/513/644 1753/1510/1687
f 1757/1516/1690 752/516/648 1755/1515/1689
f 1758/990/1692 1759/994/1694 1757/991/1690
f 1760/993/1693 397/214/1805 1759/994/1694
f 1756/1517/1691 1755/1515/1689 1761/1518/1695
f 1758/990/1692 1756/992/1691 1762/997/1696
f 1760/993/1693 1758/990/1692 1763/998/1697
f 1765/1520/1699 1762/1519/1696 1761/1518/1695
f 1763/1001/1697 1762/1634/1696 1765/1002/1699
f 1764/1004/1698 1763/1001/1697 1766/1003/1700
f 1765/1520/1699 556/379/406 555/378/405
f 1766/1003/1700 1765/1002/1699 1767/1007/1702
f 763/1005/1701 1766/1003/1700 1768/1008/1703
f 1772/1010/1706 1770/475/1705 1769/1009/1704
f 768/458/668 1772/1601/1706 1771/1012/1707
f 404/216/1709 768/458/668 1773/1013/1708
f 1771/1011/1707 1769/1009/1704 1775/1015/1711
f 1773/1013/1708 1771/1012/1707 1776/1017/1712
f 1774/1014/1710 1773/1013/1708 1777/1018/1713
f 1776/1016/1712 1775/1015/1711 558/323/409
f 1777/1522/1713 1776/1648/1712 1779/1523/1715
f 1778/1525/1714 1777/1522/1713 1780/1524/1716
f 1779/1020/1715 558/323/409 557/322/408
f 1780/1524/1716 1779/1523/1715 1781/1527/1718
f 751/1526/1717 1780/1524/1716 748/514/646
f 1783/1529/1720 1784/1628/1722 750/515/647
f 1785/1030/1721 1786/339/1724 1784/1031/1722
f 1787/474/1723 401/217/1804 1786/339/1724
f 1789/1531/1726 1783/1529/1720 1782/1528/1719
f 1790/1035/1727 1785/1030/1721 1783/1032/1720
f 1791/1037/1728 1787/474/1723 1785/1030/1721
f 1792/1532/1729 1789/1531/1726 1788/1530/1725
f 1793/1039/1730 1790/1042/1727 1789/1040/1726
f 766/456/665 1791/1600/1728 1790/1042/1727
f 1794/1533/1731 1792/1532/1729 560/382/412
f 1795/1044/1732 1793/1039/1730 1792/1041/1729
f 400/213/1733 766/456/665 1793/1039/1730
f 1799/1048/1736 1797/1047/1735 1796/1046/1734
f 755/518/651 1799/1629/1736 1798/1534/1737
f 389/266/659 755/518/651 1800/1535/1738
f 1798/1049/1737 1796/1046/1734 1801/1052/1739
f 1800/1535/1738 1798/1534/1737 1802/1536/1740
f 1804/1538/1742 760/524/660 1800/1535/1738
f 1805/1057/1743 1802/1053/1740 1801/1052/1739
f 1806/1058/1744 1803/1062/1741 1802/1059/1740
f 1807/1061/1745 1804/1599/1742 1803/1062/1741
f 1808/1063/1746 1805/1057/1743 562/329/415
f 1809/1064/1747 1806/1058/1744 1805/1060/1743
f 407/219/1748 1807/1061/1745 1806/1058/1744
f 1812/1068/1751 1813/1595/1753 1811/1067/1750
f 1814/1539/1752 757/1542/1754 1813/1540/1753
f 754/519/653 392/265/652 757/1542/1754
f 1816/1074/1756 1812/1068/1751 1810/1066/1749
f 1817/1543/1757 1814/1539/1752 1812/1541/1751
f 1818/1545/1758 754/519/653 1814/1539/1752
f 1819/1078/1759 1816/1074/1756 1815/1073/1755
f 1820/1079/1760 1817/1083/1757 1816/1080/1756
f 1821/1082/1761 1818/1594/1758 1817/1083/1757
f 1822/1084/1762 1819/1078/1759 564/331/418
f 762/454/661 1820/1079/1760 1819/1081/1759
f 395/210/663 1821/1082/1761 1820/1079/1760
f 1826/1088/1765 1824/1087/1764 1823/1086/1763
f 761/523/658 1826/1631/1765 1825/1546/1766
f 390/264/657 761/523/658 1827/1547/1767
f 1825/1089/1766 1823/1086/1763 1828/1092/1768
f 1827/1547/1767 1825/1546/1766 1829/1548/1769
f 758/522/656 1827/1547/1767 1830/1549/1770
f 1832/1097/1772 1829/1093/1769 1828/1092/1768
f 1830/1098/1770 1829/1636/1769 1832/1099/1772
f 1831/1101/1771 1830/1098/1770 1833/1100/1773
f 1835/1103/1775 1832/1097/1772 566/334/421
f 1833/1100/1773 1832/1099/1772 1835/1104/1775
f 1834/1102/1774 1833/1100/1773 767/459/670
f 1838/1107/1778 1839/1597/1780 1837/1106/1777
f 1840/1551/1779 759/1630/1806 1839/1552/1780
f 391/521/655 759/1630/1806 1840/1551/1779
f 1838/1107/1778 1836/1105/1776 1841/1111/1781
f 1840/1551/1779 1838/1553/1778 1842/1554/1782
f 756/520/654 1840/1551/1779 1843/1555/1783
f 1842/1112/1782 1841/1111/1781 568/336/424
f 1843/1117/1783 1842/1187/1782 1845/1118/1785
f 1844/1120/1784 1843/1117/1783 1846/1119/1786
f 1845/1116/1785 568/336/424 567/335/423
f 1846/1119/1786 1845/1118/1785 1848/1123/1788
f 1847/1121/1787 1846/1119/1786 765/457/667
f 778/1557/681 570/383/425 569/384/427
f 774/531/677 778/536/681 808/579/713
f 192/162/676 774/531/677 413/271/202
f 805/1558/710 572/385/428 571/386/429
f 801/567/705 805/573/710 811/1214/715
f 188/166/452 801/567/705 813/345/717
f 784/545/686 821/596/728 415/274/205
f 786/271/688 822/531/729 821/536/728
f 184/162/449 822/531/729 786/271/688
f 781/543/684 794/559/697 411/269/199
f 409/267/196 795/560/698 794/561/697
f 177/160/195 180/159/699 795/560/698
f 845/627/754 826/601/734 576/603/735
f 848/633/757 824/598/731 826/1559/734
f 179/236/445 178/158/207 824/598/731
f 871/657/780 840/1632/748 578/390/436
f 838/618/747 840/619/748 871/1560/780
f 182/161/210 838/618/747 874/613/783
f 866/1561/774 580/393/439 579/394/441
f 864/648/773 866/649/774 858/1562/767
f 186/281/216 864/648/773 861/644/770
f 853/1563/761 582/395/442 581/396/443
f 851/618/760 853/619/761 831/1560/739
f 190/161/213 851/618/760 834/613/742
f 791/1564/694 584/397/444 583/398/446
f 787/490/690 791/553/694 849/634/758
f 181/163/1789 787/490/690 419/278/211
f 835/615/743 417/276/208 585/399/447
f 836/400/744 835/616/743 771/595/672
f 191/235/745 836/400/744 773/528/674
f 875/616/784 818/595/724 587/528/727
f 423/282/217 814/489/720 818/590/724
f 186/281/216 185/164/719 814/489/720
f 862/646/771 799/565/704 589/568/706
f 421/278/214 797/490/701 799/553/704
f 190/161/213 189/163/201 797/490/701
f 885/1565/795 591/402/454 590/403/456
f 881/666/791 885/671/795 915/715/824
f 216/183/790 881/666/791 429/288/226
f 912/1566/821 593/404/457 592/405/9
f 908/704/817 912/709/821 918/1278/825
f 212/180/816 908/704/817 920/351/38
f 928/732/62 431/291/54 594/406/458
f 929/733/831 928/734/62 891/1567/133
f 208/177/66 929/733/831 893/682/800
f 901/696/808 427/286/223 595/407/459
f 902/697/809 901/698/808 888/677/798
f 204/174/810 902/697/809 425/284/220
f 933/1268/834 597/349/460 596/408/462
f 931/736/833 933/737/834 952/1568/852
f 202/173/228 931/736/833 955/770/854
f 947/1569/161 599/409/463 598/411/464
f 945/756/27 947/757/161 978/1570/877
f 206/176/25 945/756/27 981/808/880
f 973/1571/871 601/412/465 600/413/467
f 971/794/870 973/795/871 965/1572/864
f 210/179/236 971/794/870 968/789/867
f 960/1288/858 603/353/468 602/414/470
f 958/775/857 960/776/858 938/1573/840
f 214/182/233 958/775/857 941/750/843
f 898/1574/805 605/415/471 604/416/49
f 894/685/803 898/690/805 956/772/855
f 205/178/802 894/685/803 435/295/231
f 942/752/844 433/293/229 606/417/472
f 880/663/788 943/753/845 942/754/844
f 215/238/846 943/753/845 880/663/788
f 925/1576/71 608/418/67 607/419/474
f 921/491/32 925/726/71 982/810/881
f 209/181/827 921/491/32 439/299/237
f 906/1577/813 610/420/475 609/421/477
f 904/492/812 906/700/813 969/791/868
f 213/184/225 904/492/812 437/297/234
f 1022/870/926 992/1621/892 612/828/895
f 988/818/888 992/823/892 1022/869/926
f 237/200/245 240/202/887 988/818/888
f 1019/1578/923 614/423/481 613/424/482
f 1027/874/930 1015/858/919 1019/863/923
f 233/199/932 236/198/918 1015/858/919
f 1035/888/940 447/307/249 615/425/483
f 1036/889/941 1035/890/940 998/1580/898
f 229/196/902 232/195/942 1036/889/941
f 995/831/896 1008/849/910 443/303/243
f 441/301/240 1009/850/911 1008/851/910
f 228/192/912 1009/850/911 441/301/240
f 1059/921/967 1040/1375/945 618/359/947
f 1038/892/944 1040/893/945 1059/1581/967
f 226/191/251 1038/892/944 1062/926/970
f 1054/1582/961 620/428/488 619/429/490
f 1052/912/960 1054/913/961 1085/1583/995
f 231/437/499 230/194/254 1052/912/960
f 1080/1584/988 622/507/990 621/430/491
f 1075/945/984 1078/950/987 1080/951/988
f 235/440/502 234/197/260 1078/950/987
f 1067/1413/974 624/363/976 623/431/493
f 1048/906/955 1065/931/973 1067/932/974
f 238/313/257 1065/931/973 1048/906/955
f 1005/1587/907 626/432/494 625/434/496
f 1001/838/903 1005/843/907 1063/928/971
f 229/196/902 1001/838/903 451/311/255
f 1049/908/956 449/309/252 627/435/497
f 1050/909/957 1049/910/956 985/1588/883
f 239/201/958 1050/909/957 987/815/885
f 1032/1589/937 629/436/498 628/438/500
f 1028/877/933 1032/882/937 1089/966/999
f 233/199/932 1028/877/933 455/316/261
f 1013/1590/915 631/439/501 630/441/503
f 1011/853/914 1013/854/915 1076/947/985
f 237/200/245 1011/853/914 453/314/258
f 1099/1591/1009 633/442/504 632/443/506
f 1095/973/1004 1099/979/1009 1129/1026/1042
f 264/220/1790 1095/973/1004 461/322/270
f 1132/1592/1046 1126/1024/1038 635/1025/1041
f 1134/339/1048 1122/1014/1034 1126/1019/1038
f 257/217/1791 260/216/1033 1122/1014/1034
f 1105/988/1014 1142/1043/1055 463/325/273
f 1107/994/1018 1143/1044/1056 1142/1045/1055
f 253/214/1792 256/213/1057 1143/1044/1056
f 1115/1006/1026 459/320/267 637/446/510
f 1116/1008/1027 1115/1007/1026 1102/985/1012
f 252/211/522 1116/1008/1027 457/318/264
f 1147/1593/1060 639/447/511 638/448/513
f 1145/1047/1059 1147/1048/1060 1166/1594/1082
f 250/327/275 1145/1047/1059 1169/1082/1085
f 1192/1115/1108 1161/1070/1077 641/1072/1078
f 1195/1121/1111 1159/1067/1074 1161/1595/1077
f 255/228/526 254/212/278 1159/1067/1074
f 1179/1096/1095 1187/1109/1104 643/1596/1793
f 1182/1102/1098 1185/1106/1101 1187/1597/1104
f 259/227/529 258/215/284 1185/1106/1101
f 1174/1598/1089 645/452/518 644/453/520
f 1172/1087/1088 1174/1088/1089 1152/1599/1066
f 262/332/281 1172/1087/1088 1155/1061/1069
f 1170/1085/1086 1112/1004/1022 647/1005/1025
f 467/330/279 1108/993/1017 1112/999/1022
f 253/214/1792 1108/993/1017 467/330/279
f 1092/1155/1003 1156/1063/1070 465/328/276
f 1094/974/1005 1157/1064/1071 1156/1065/1070
f 264/220/1790 263/219/1072 1157/1064/1071
f 1139/1600/1052 650/456/525 649/457/527
f 1135/474/1047 1139/1037/1052 1196/1122/1112
f 257/217/1791 1135/474/1047 471/335/285
f 1120/1601/1030 652/458/528 651/459/530
f 1118/475/1029 1120/1010/1030 1183/1103/1099
f 262/332/281 261/218/269 1118/475/1029
f 1199/1602/1116 1236/1158/1153 477/341/294
f 1201/994/1118 1237/1044/1154 1236/1045/1153
f 286/214/1794 285/213/1155 1237/1044/1154
f 1247/1603/1165 655/461/532 654/462/533
f 1243/1008/1160 1247/1007/1165 1226/985/1142
f 281/211/1795 1243/1008/1160 1228/1148/1144
f 1220/1604/1137 657/463/534 656/465/536
f 1216/973/1133 1220/979/1137 1250/1026/1168
f 277/220/1796 1216/973/1133 479/322/297
f 1223/1144/1140 1209/1133/1125 473/337/288
f 475/339/291 1210/1134/1126 1209/1019/1125
f 274/217/290 273/216/1127 1210/1134/1126
f 1259/1173/1177 1267/1176/1186 660/1178/1187
f 1262/1102/1180 1265/1106/1183 1267/1597/1186
f 276/227/551 275/215/302 1265/1106/1183
f 1295/1605/1215 662/468/542 661/469/543
f 1293/1087/1214 1295/1088/1215 1272/1599/1191
f 279/332/308 1293/1087/1214 1275/1061/1194
f 1281/1606/1200 664/470/544 663/472/546
f 1279/1047/1199 1281/1048/1200 1300/1594/1221
f 283/327/305 1279/1047/1199 1303/1082/1224
f 1286/1186/1206 1254/1638/1797 666/1168/1172
f 1289/1121/1209 1252/1067/1170 1254/1595/1797
f 288/228/1212 287/212/299 1252/1067/1170
f 1276/1122/1195 483/335/303 667/474/549
f 1215/974/1131 1277/1064/1196 1276/1065/1195
f 277/220/1796 280/219/1197 1277/1064/1196
f 1206/1601/1122 669/458/550 668/459/552
f 1202/993/1117 1206/999/1122 1263/1084/1181
f 286/214/1794 1202/993/1117 481/330/300
f 1240/1010/1159 1304/1103/1225 487/333/309
f 1242/1005/1161 1305/454/1226 1304/1085/1225
f 281/211/1795 284/210/1227 1305/454/1226
f 1232/1155/1149 1290/1063/1210 485/328/306
f 1235/456/1152 1291/457/1211 1290/1123/1210
f 288/228/1212 1291/457/1211 1235/456/1152
f 1345/1226/1270 493/347/318 672/476/556
f 1346/531/1271 1345/536/1270 1308/579/1229
f 309/162/1272 1346/531/1271 1310/271/1231
f 1335/1607/1261 1356/1234/1283 674/1235/1286
f 1337/267/1262 1352/560/1279 1356/561/1283
f 306/160/578 305/159/1278 1352/560/1279
f 1359/1236/1287 1329/1640/1253 676/1212/1256
f 495/271/321 1325/531/1248 1329/536/1253
f 302/163/320 301/162/1798 1325/531/1248
f 1318/1203/1242 489/343/312 677/480/561
f 1319/567/1243 1318/573/1242 1332/1214/1257
f 297/166/575 1319/567/1243 491/345/315
f 1376/1608/1303 679/481/562 678/482/564
f 1374/648/1302 1376/649/1303 1368/1562/1296
f 299/281/326 1374/648/1302 1371/644/1299
f 1404/1609/1334 681/483/565 680/485/567
f 1402/618/1333 1404/619/1334 1381/1560/1309
f 303/161/332 1402/618/1333 1384/613/1312
f 1409/1258/1340 1390/1248/1320 683/1250/1321
f 1412/633/1343 1388/598/1317 1390/1559/1320
f 308/236/1346 307/158/329 1388/598/1317
f 1363/1610/1290 685/487/571 684/488/572
f 1361/618/1289 1363/619/1290 1395/1560/1325
f 311/161/323 1361/618/1289 1398/613/1328
f 1322/590/1247 1385/659/1313 499/282/327
f 1324/528/1249 1386/400/1314 1385/616/1313
f 301/162/1798 304/235/1315 1386/400/1314
f 1372/646/1300 1315/565/1238 688/568/1241
f 497/278/324 1311/490/1234 1315/553/1238
f 311/161/323 310/163/1233 1311/490/1234
f 1413/634/1344 503/278/333 689/490/577
f 1414/398/1345 1413/635/1344 1349/1564/1274
f 308/236/1346 1414/398/1345 1351/397/1276
f 1399/615/1329 501/276/330 690/399/579
f 1400/400/1330 1399/616/1329 1341/595/1266
f 312/235/1331 1400/400/1330 1344/528/1269
f 1454/1288/1383 509/353/341 691/414/30
f 1455/733/1384 1454/734/1383 1417/1567/174
f 333/177/120 1455/733/1384 1419/682/57
f 1465/1571/1390 693/412/580 692/413/581
f 1461/697/1388 1465/698/1390 1444/677/1372
f 329/174/1387 1461/697/1388 1446/284/1374
f 1438/1569/1367 695/409/582 694/411/583
f 1434/666/1363 1438/671/1367 1468/715/1393
f 325/183/1362 1434/666/1363 511/288/343
f 1427/1268/1354 505/349/162 696/408/584
f 1428/704/1355 1427/709/1354 1441/1278/1370
f 321/180/1356 1428/704/1355 507/351/338
f 1485/696/1407 698/286/585 697/407/147
f 1483/794/1406 1485/795/1407 1477/1572/1400
f 323/179/346 1483/794/1406 1480/789/1403
f 1513/732/1427 700/291/586 699/406/588
f 1511/775/1426 1513/776/1427 1490/1573/1413
f 327/182/350 1511/775/1426 1493/750/1416
f 1499/1566/88 702/404/589 701/405/591
f 1497/736/12 1499/737/88 1518/1568/1433
f 331/173/10 1497/736/12 1521/770/1436
f 1472/1565/148 704/402/592 703/403/52
f 1470/756/1395 1472/757/148 1504/1570/85
f 335/176/22 1470/756/1395 1507/808/1422
f 1494/810/1417 515/299/347 705/491/593
f 1495/753/1418 1494/754/1417 1431/1575/1358
f 328/238/802 1495/753/1418 1433/663/1360
f 1424/1577/170 707/420/594 706/421/43
f 1420/685/1350 1424/690/170 1481/772/1404
f 334/178/846 1420/685/1350 513/295/344
f 1522/791/1437 519/297/351 708/492/595
f 1523/416/1438 1522/773/1437 1458/1574/104
f 332/239/827 1523/416/1438 1460/415/33
f 1508/752/76 517/293/349 709/417/596
f 1509/419/1423 1508/811/76 1450/1576/1379
f 336/240/1424 1509/419/1423 1453/418/1382
f 1526/1611/1442 1563/1329/1479 525/357/360
f 1528/994/1444 1564/1044/1480 1563/1045/1479
f 358/214/1799 357/213/1481 1564/1044/1480
f 1574/1612/1491 712/494/598 711/495/599
f 1570/1008/1486 1574/1007/1491 1553/985/1468
f 353/211/1800 1570/1008/1486 1555/1148/1470
f 1547/1613/1463 714/496/600 713/498/602
f 1543/973/1459 1547/979/1463 1577/1026/1494
f 349/220/1801 1543/973/1459 527/322/363
f 1550/1321/1466 1536/1316/1451 521/355/354
f 523/339/357 1537/1134/1452 1536/1019/1451
f 346/217/356 345/216/1453 1537/1134/1452
f 1586/1340/1503 1594/1342/1512 717/1344/1513
f 1589/1102/1506 1592/1106/1509 1594/1597/1512
f 348/227/617 347/215/368 1592/1106/1509
f 1622/1614/1541 719/501/608 718/502/609
f 1620/1087/1540 1622/1088/1541 1599/1599/1517
f 351/332/374 1620/1087/1540 1602/1061/1520
f 1608/1615/1526 721/503/610 720/505/612
f 1606/1047/1525 1608/1048/1526 1627/1594/1547
f 355/327/371 1606/1047/1525 1630/1082/1550
f 1613/1352/1532 1581/1643/1802 723/1335/1498
f 1616/1121/1535 1579/1067/1496 1581/1595/1802
f 360/228/1538 359/212/365 1579/1067/1496
f 1603/1122/1521 531/335/369 724/474/615
f 1604/1064/1522 1603/1065/1521 1540/971/1455
f 349/220/1801 352/219/1523 1604/1064/1522
f 1533/1601/1448 726/458/616 725/459/618
f 1529/993/1443 1533/999/1448 1590/1084/1507
f 358/214/1799 1529/993/1443 529/330/366
f 1567/1010/1485 1631/1103/1551 535/333/375
f 1569/1005/1487 1632/454/1552 1631/1085/1551
f 353/211/1800 356/210/1553 1632/454/1552
f 1559/1155/1475 1617/1063/1536 533/328/372
f 1618/457/1537 1617/1123/1536 1559/1600/1475
f 360/228/1538 1618/457/1537 1562/456/1478
f 1635/901/1555 1672/1413/1597 541/363/384
f 1673/1414/1598 1672/1415/1597 1635/1616/1555
f 382/1363/1559 381/258/1599 1673/1414/1598
f 1662/940/1586 1683/1584/1610 731/507/623
f 1679/1422/1606 1683/1428/1610 1662/1617/1586
f 377/257/1605 1679/1422/1606 1664/1399/1588
f 1656/1582/1580 733/428/1583 732/429/625
f 543/365/387 1652/1384/1576 1656/1390/1580
f 374/252/386 373/254/1575 1652/1384/1576
f 1659/921/1584 1645/1375/1567 537/359/378
f 1646/1376/1568 1645/1377/1567 1659/1396/1584
f 370/249/380 369/251/1569 1646/1376/1568
f 1703/849/1630 736/303/1632 735/426/629
f 1698/1447/1626 1701/1454/1629 1703/1455/1630
f 371/369/392 1701/1454/1629 1698/1447/1626
f 1708/833/1637 1731/888/1662 738/307/1664
f 1729/1492/1661 1731/1493/1662 1708/1619/1637
f 375/375/398 1729/1492/1661 1711/1465/1640
f 1717/1578/1646 740/423/1648 739/424/634
f 1739/1503/1672 1715/1473/1645 1717/1474/1646
f 379/372/395 1715/1473/1645 1739/1503/1672
f 1690/1621/1616 742/828/1618 741/422/636
f 1688/1436/1615 1690/1437/1616 1722/1622/1653
f 383/259/389 1688/1436/1615 1725/1484/1656
f 1712/1468/1641 547/370/393 743/508/637
f 1713/1469/1642 1712/1471/1641 1649/1623/1571
f 376/253/1643 1713/1469/1642 1651/1381/1573
f 1642/1624/1564 745/509/638 744/510/640
f 1638/1364/1560 1642/1369/1564 1699/1450/1627
f 382/1363/1559 1638/1364/1560 545/367/390
f 1740/1506/1673 551/376/399 746/511/641
f 1741/1507/1674 1740/1509/1673 1676/1625/1601
f 380/256/1675 1741/1507/1674 1678/1419/1603
f 1726/1487/1657 549/373/396 747/512/643
f 1727/1488/1658 1726/1490/1657 1668/1626/1593
f 384/260/1659 1727/1488/1658 1671/1411/1596
f 1751/1627/1685 749/513/644 748/514/646
f 1747/973/1680 1751/979/1685 1781/1026/1718
f 408/220/1803 1747/973/1680 557/322/408
f 1784/1628/1722 1778/1525/1714 751/1526/1717
f 1786/339/1724 1774/1014/1710 1778/1019/1714
f 401/217/1804 404/216/1709 1774/1014/1710
f 1757/1516/1690 1794/1533/1731 559/381/411
f 1759/994/1694 1795/1044/1732 1794/1045/1731
f 397/214/1805 400/213/1733 1795/1044/1732
f 1767/1521/1702 555/378/405 753/517/650
f 1768/1008/1703 1767/1007/1702 1754/985/1688
f 396/211/662 1768/1008/1703 553/318/402
f 1799/1629/1736 755/518/651 754/519/653
f 1797/1047/1735 1799/1048/1736 1818/1594/1758
f 394/327/413 1797/1047/1735 1821/1082/1761
f 1844/1556/1784 1813/1540/1753 757/1542/1754
f 1847/1121/1787 1811/1067/1750 1813/1595/1753
f 399/228/666 398/212/416 1811/1067/1750
f 1831/1550/1771 1839/1552/1780 759/1630/1806
f 1834/1102/1774 1837/1106/1777 1839/1597/1780
f 403/227/669 402/215/422 1837/1106/1777
f 1826/1631/1765 761/523/658 760/524/660
f 1824/1087/1764 1826/1088/1765 1804/1599/1742
f 406/332/419 1824/1087/1764 1807/1061/1745
f 1822/1085/1762 1764/1004/1698 763/1005/1701
f 563/330/417 1760/993/1693 1764/999/1698
f 397/214/1805 1760/993/1693 563/330/417
f 1744/1155/1679 1808/1063/1746 561/328/414
f 1746/974/1681 1809/1064/1747 1808/1065/1746
f 408/220/1803 407/219/1748 1809/1064/1747
f 1791/1600/1728 766/456/665 765/457/667
f 1787/474/1723 1791/1037/1728 1848/1122/1788
f 401/217/1804 1787/474/1723 567/335/423
f 1772/1601/1706 768/458/668 767/459/670
f 1770/475/1705 1772/1010/1706 1835/1103/1775
f 406/332/419 405/218/407 1770/475/1705
